StartDate,EndDate,Status,IPAddress,Progress,Duration (in seconds),Finished,RecordedDate,ResponseId,RecipientLastName,RecipientFirstName,RecipientEmail,ExternalReference,LocationLatitude,LocationLongitude,DistributionChannel,UserLanguage,attention_check_1,attention_check_2,attention_check_3,attention_check_4,Q3,Q4,Q231,Q236_First Click,Q236_Last Click,Q236_Page Submit,Q236_Click Count,Q13_First Click,Q13_Last Click,Q13_Page Submit,Q13_Click Count,Q27_First Click,Q27_Last Click,Q27_Page Submit,Q27_Click Count,Q224,Q238_First Click,Q238_Last Click,Q238_Page Submit,Q238_Click Count,Q225_First Click,Q225_Last Click,Q225_Page Submit,Q225_Click Count,mistake,allocation,PROLIFIC_PID,SESSION_ID,STUDY_ID,transfer,reasons,beliefs,P1_ID,P1_CHOICE,LOCK_TOKEN,P2,allocation_hp,transfer_hp,attention_check,Q_DataPolicyViolations
Start Date,End Date,Response Type,IP Address,Progress,Duration (in seconds),Finished,Recorded Date,Response ID,Recipient Last Name,Recipient First Name,Recipient Email,External Data Reference,Location Latitude,Location Longitude,Distribution Channel,User Language,"This question concerns the following problem: Often, participants click through surveys like this one without reading the instructions carefully. As a consequence, many of the participants can't be used in research. To show us that you are reading the questions carefully, please give the following answers to the question below: ""Very interested"" and ""I’ve never heard of it"".

Based on the text you read above: How interested are you in American Football? - Very interested","This question concerns the following problem: Often, participants click through surveys like this one without reading the instructions carefully. As a consequence, many of the participants can't be used in research. To show us that you are reading the questions carefully, please give the following answers to the question below: ""Very interested"" and ""I’ve never heard of it"".

Based on the text you read above: How interested are you in American Football? - A bit interested","This question concerns the following problem: Often, participants click through surveys like this one without reading the instructions carefully. As a consequence, many of the participants can't be used in research. To show us that you are reading the questions carefully, please give the following answers to the question below: ""Very interested"" and ""I’ve never heard of it"".

Based on the text you read above: How interested are you in American Football? - Not interested at all","This question concerns the following problem: Often, participants click through surveys like this one without reading the instructions carefully. As a consequence, many of the participants can't be used in research. To show us that you are reading the questions carefully, please give the following answers to the question below: ""Very interested"" and ""I’ve never heard of it"".

Based on the text you read above: How interested are you in American Football? - I've never heard of it",You are being matched with..,The decision on how to split the money..,Suppose Player 1 decides to send $2. How much money will Player 2 receive?,Timing - First Click,Timing - Last Click,Timing - Page Submit,Timing - Click Count,Timing - First Click,Timing - Last Click,Timing - Page Submit,Timing - Click Count,Timing - First Click,Timing - Last Click,Timing - Page Submit,Timing - Click Count,"Please briefly explain why you chose that amount.



It is crucial that you answer this question truthfully and carefully.",Timing - First Click,Timing - Last Click,Timing - Page Submit,Timing - Click Count,Timing - First Click,Timing - Last Click,Timing - Page Submit,Timing - Click Count,mistake,allocation,PROLIFIC_PID,SESSION_ID,STUDY_ID,transfer,reasons,beliefs,P1_ID,P1_CHOICE,LOCK_TOKEN,P2,allocation_hp,transfer_hp,attention_check,Q_DataPolicyViolations
"{""ImportId"":""startDate"",""timeZone"":""Z""}","{""ImportId"":""endDate"",""timeZone"":""Z""}","{""ImportId"":""status""}","{""ImportId"":""ipAddress""}","{""ImportId"":""progress""}","{""ImportId"":""duration""}","{""ImportId"":""finished""}","{""ImportId"":""recordedDate"",""timeZone"":""Z""}","{""ImportId"":""_recordId""}","{""ImportId"":""recipientLastName""}","{""ImportId"":""recipientFirstName""}","{""ImportId"":""recipientEmail""}","{""ImportId"":""externalDataReference""}","{""ImportId"":""locationLatitude""}","{""ImportId"":""locationLongitude""}","{""ImportId"":""distributionChannel""}","{""ImportId"":""userLanguage""}","{""ImportId"":""QID25"",""choiceId"":""1""}","{""ImportId"":""QID25"",""choiceId"":""2""}","{""ImportId"":""QID25"",""choiceId"":""3""}","{""ImportId"":""QID25"",""choiceId"":""4""}","{""ImportId"":""QID3""}","{""ImportId"":""QID4""}","{""ImportId"":""QID231""}","{""ImportId"":""QID236_FIRST_CLICK""}","{""ImportId"":""QID236_LAST_CLICK""}","{""ImportId"":""QID236_PAGE_SUBMIT""}","{""ImportId"":""QID236_CLICK_COUNT""}","{""ImportId"":""QID13_FIRST_CLICK""}","{""ImportId"":""QID13_LAST_CLICK""}","{""ImportId"":""QID13_PAGE_SUBMIT""}","{""ImportId"":""QID13_CLICK_COUNT""}","{""ImportId"":""QID27_FIRST_CLICK""}","{""ImportId"":""QID27_LAST_CLICK""}","{""ImportId"":""QID27_PAGE_SUBMIT""}","{""ImportId"":""QID27_CLICK_COUNT""}","{""ImportId"":""QID224_TEXT""}","{""ImportId"":""QID238_FIRST_CLICK""}","{""ImportId"":""QID238_LAST_CLICK""}","{""ImportId"":""QID238_PAGE_SUBMIT""}","{""ImportId"":""QID238_CLICK_COUNT""}","{""ImportId"":""QID225_FIRST_CLICK""}","{""ImportId"":""QID225_LAST_CLICK""}","{""ImportId"":""QID225_PAGE_SUBMIT""}","{""ImportId"":""QID225_CLICK_COUNT""}","{""ImportId"":""mistake""}","{""ImportId"":""allocation""}","{""ImportId"":""PROLIFIC_PID""}","{""ImportId"":""SESSION_ID""}","{""ImportId"":""STUDY_ID""}","{""ImportId"":""transfer""}","{""ImportId"":""reasons""}","{""ImportId"":""beliefs""}","{""ImportId"":""P1_ID""}","{""ImportId"":""P1_CHOICE""}","{""ImportId"":""LOCK_TOKEN""}","{""ImportId"":""P2""}","{""ImportId"":""allocation_hp""}","{""ImportId"":""transfer_hp""}","{""ImportId"":""attention_check""}","{""ImportId"":""Q_DataPolicyViolations""}"
2026-04-20 15:09:33,2026-04-20 15:12:54,IP Address,,100,201,True,2026-04-20 15:12:55,R_7X0Yl3Zs9HPBiC5,,,,,,,anonymous,EN,Very interested,,,I've never heard of it,..another participant from Prolific,..affects earnining for both you and your match,$6,0,0,3.383,0,0,0,2.109,0,5.632,18.999,21.139,13,"By sending back half of the amount, both myself and the other player are getting the same amount. I would want player 2 to do this for me if I was in their shoes.",5.604,5.604,7.392,1,0,0,0.207,0,0,1.5,69d7ce692f1789cb2ba9ecd3,69e641a5e334a49268120444,69e638d4b2228b5d05917569,1.5,"By sending back half of the amount, both myself and the other player are getting the same amount. I would want player 2 to do this for me if I was in their shoes.",,5cd128f0a36804001767bab4,1,ee382d15-aac2-45bd-84d6-7e8dc5b7d26d,3,3,3,1,
2026-04-20 15:09:46,2026-04-20 15:13:10,IP Address,,100,203,True,2026-04-20 15:13:11,R_1M0ecF0yZZZfIfU,,,,,,,anonymous,EN,Very interested,,,I've never heard of it,..another participant from Prolific,..affects earnining for both you and your match,$6,0,0,4.521,0,0,0,2.006,0,16.75,19.65,21.101,2,"In order to make John whole, I chose to send $1 so that he would have his whole $6 back. ",,,,,0,0,0.207,0,0,5,69c542bdcba6535d6e41f354,69e641b20e11c67547808472,69e638d4b2228b5d05917569,1,"In order to make John whole, I chose to send $1 so that he would have his whole $6 back. ",,67e986689e08191058043a95,2,ab76d3f7-290f-4e8e-bd0e-052c29261568,6,,,1,
2026-04-20 15:09:27,2026-04-20 15:13:21,IP Address,,100,234,True,2026-04-20 15:13:21,R_8elVsY20NwIrgqw,,,,,,,anonymous,EN,Very interested,,,I've never heard of it,..another participant from Prolific,..affects earnining for both you and your match,$6,0,0,3.034,0,0,0,2.114,0,22.745,22.865,27.428,2,I felt person should have half ,9.527,12.919,18.626,4,0,0,0.207,0,0,5.5,59777ecfe645fa0001d3bbf6,69e6419de072debf6d1fc36a,69e638d4b2228b5d05917569,3.5,I felt person should have half ,,586b9179d53c97000159d702,3,0785208e-918b-4fd2-b764-e23082bf0d70,9,3,3,1,
2026-04-20 15:09:13,2026-04-20 15:13:27,IP Address,,100,254,True,2026-04-20 15:13:28,R_672PMCEFpwMK5s3,,,,,,,anonymous,EN,Very interested,,,I've never heard of it,..another participant from Prolific,..affects earnining for both you and your match,$6,0,0,4.3,0,0,0,2.022,0,14.656,14.656,21.142,1,wanted to make the final outcome as equal as possible.,14.632,14.632,15.563,1,0,0,0.207,0,0,4.5,5a6df612e70ca900017ae25e,69e64190d989a847e742d485,69e638d4b2228b5d05917569,0,wanted to make the final outcome as equal as possible.,,66293db7e0d7455abf6064c1,1.5,e9f9e603-04d4-4cc2-ac7e-b1e7daf6e3c4,4.5,5,1,1,
2026-04-20 15:09:32,2026-04-20 15:13:58,IP Address,,100,266,True,2026-04-20 15:13:59,R_7nW6dtFyM3NTgza,,,,,,,anonymous,EN,Very interested,,,I've never heard of it,..another participant from Prolific,..affects earnining for both you and your match,$6,0,0,2.703,0,0,0,2.011,0,20.624,21.864,29.228,2,I would have sent that amount back because I was sent more the second time.,9.003,9.003,11.659,1,0,0,0.206,0,0,0.5,69dc0826b66148de35dc555c,69e641a182ffceda525c983c,69e638d4b2228b5d05917569,1,I would have sent that amount back because I was sent more the second time.,,63b727ff899db0b1392413ed,0.5,fe2697f4-8cab-4974-a30a-6b7bf8cba6ea,1.5,1.5,4.5,1,
2026-04-20 15:09:15,2026-04-20 15:14:21,IP Address,,100,305,True,2026-04-20 15:14:21,R_1hxYPa21Zw4kFMM,,,,,,,anonymous,EN,Very interested,,,I've never heard of it,..another participant from Prolific,..affects earnining for both you and your match,$6,0,0,3.4,0,0,0,2.018,0,52.506,54.947,56.7,2,So we both could have half of the money like sharing,,,,,0,0,0.112,0,0,3,65563f4cf137044f7feaff1c,69e64191228197f41aabdd17,69e638d4b2228b5d05917569,3,So we both could have half of the money like sharing,,67a8f159e3d9c1263914bc6a,2,2ba444bc-b84b-4ac9-a6c4-5494105654ae,6,,,1,
2026-04-20 15:09:41,2026-04-20 15:14:30,IP Address,,100,289,True,2026-04-20 15:14:31,R_732HNKDkPiWIkQ3,,,,,,,anonymous,EN,Very interested,,,I've never heard of it,..another participant from Prolific,..affects earnining for both you and your match,$6,0,0,4.349,0,0,0,2.006,0,21.04,21.04,23.346,1,I chose to be fair and try to make the payments equal between both myself and the other player,24.506,29.389,31.05,3,0,0,0.206,0,0,9,69c09c436415f218dff13b33,69e641a8d4de6129ac5d0427,69e638d4b2228b5d05917569,9,I chose to be fair and try to make the payments equal between both myself and the other player,,631b41500bed6fddcc87c089,6,0f9d5112-aed8-4efe-ae0b-f00e70e3eb90,18,4,2,1,
2026-04-20 15:10:20,2026-04-20 15:14:48,IP Address,,100,267,True,2026-04-20 15:14:49,R_7EsE3OpXYteohM1,,,,,,,anonymous,EN,Very interested,,,I've never heard of it,..another participant from Prolific,..affects earnining for both you and your match,$6,0,0,3.048,0,0,0,2.011,0,9.001,10.607,46.242,2,"I wanted to balance out our amounts. Since they sent me $2 (resulting in me getting 6), that left them with $4. If I send $1 back, we both end up with $5. I thought this was the best way to express my appreciation for sending something and making sure we both walked away with the same (or similar) amount of money.",,,,,0,0,0.209,0,0,5,666c684b942658f46ce0eb03,69e6419d44bec8460fbfd779,69e638d4b2228b5d05917569,1,"I wanted to balance out our amounts. Since they sent me $2 (resulting in me getting 6), that left them with $4. If I send $1 back, we both end up with $5. I thought this was the best way to express my appreciation for sending something and making sure we both walked away with the same (or similar) amount of money.",,5f5a14224848f606446bbca8,2,155f1313-0dca-4138-b0c7-973e8e6486ca,6,,,1,
2026-04-20 15:09:38,2026-04-20 15:16:42,IP Address,,100,424,True,2026-04-20 15:16:43,R_7QJDOl2hHSzPNHH,,,,,,,anonymous,EN,Very interested,,,I've never heard of it,..another participant from Prolific,..affects earnining for both you and your match,$6,0,0,7.433,0,0,0,2.124,0,8.706,10.215,12.392,2,I chose $3 to send back because I found it fair to increase based off what the other player sent and sending $3 leaves us both with $3 so the playing field is even. ,,,,,0,0,0.211,0,0,3,69db2dd233fad5ba2d7f7239,69e641a6054f89588b6ef8c4,69e638d4b2228b5d05917569,3,I chose $3 to send back because I found it fair to increase based off what the other player sent and sending $3 leaves us both with $3 so the playing field is even. ,,6813fb6e6bf8c3d60d489aa4,2,4e8f1a2d-6dd9-4d2c-b282-1b5114ee8ed9,6,,,1,
2026-04-20 15:22:03,2026-04-20 15:24:15,IP Address,,100,131,True,2026-04-20 15:24:15,R_5DJ9ozuENfmNzL1,,,,,,,anonymous,EN,Very interested,,,I've never heard of it,..another participant from Prolific,..affects earnining for both you and your match,$6,0,0,3.73,0,0,0,2.117,0,11.75,22.007,22.477,3,I figured we could both be better off and have $4 each. That's fair and works out to the benefit of everybody.,,,,,0,0,0.208,0,0,4,5efd32d5ebff0517d77b8e4c,69e64495e86753c0ca40b91c,69e638d4b2228b5d05917569,2,I figured we could both be better off and have $4 each. That's fair and works out to the benefit of everybody.,,69dc3f304137e723662d1a94,2,ef7141e5-d65a-4227-9340-d2ba913a8999,6,,,1,
2026-04-20 15:22:37,2026-04-20 15:26:08,IP Address,,100,211,True,2026-04-20 15:26:09,R_2oAY85LHrXgm98B,,,,,,,anonymous,EN,Very interested,,,I've never heard of it,..another participant from Prolific,..affects earnining for both you and your match,$6,0,0,5.159,0,0,0,2.005,0,5.261,53.727,54.698,6,It was the fairest I could get to without feeling too out of pocket,4.403,8.866,11.081,2,0,0,0.218,0,0,5.5,5e3c601a8134d004b0ed397a,69e644b4f8858c8b2d6edb8f,69e638d4b2228b5d05917569,6.5,It was the fairest I could get to without feeling too out of pocket,,63d79c54e30b211996abeafd,4,3c6fdd25-e628-4054-8ed4-590e678045a4,12,3,3,1,
2026-04-20 15:23:52,2026-04-20 15:26:12,IP Address,,100,139,True,2026-04-20 15:26:12,R_3O0vaBYsvQKekAR,,,,,,,anonymous,EN,Very interested,,,I've never heard of it,..another participant from Prolific,..affects earnining for both you and your match,$6,0,0,2.714,0,0,0,2.018,0,8.959,22.028,23.848,2,"i felt it was fair. they gave me $2 which turned into $6, so i sent their $2 back.",,,,,0,0,0.211,0,0,4,69d66e69435ecfea1e5731b8,69e644ff311fd2439e16aa8b,69e638d4b2228b5d05917569,2,"i felt it was fair. they gave me $2 which turned into $6, so i sent their $2 back.",,62ea20aa13d454052ce714e1,2,d23b596a-e527-4f51-b78d-860f7b3209b5,6,,,1,
2026-04-20 15:23:31,2026-04-20 15:26:45,IP Address,,100,194,True,2026-04-20 15:26:46,R_2pNSQlLPRMX024x,,,,,,,anonymous,EN,Very interested,,,I've never heard of it,..another participant from Prolific,..affects earnining for both you and your match,$6,0,0,3.71,0,0,0,2.007,0,15.377,18.052,19.489,3,We are both equal as it stands so no money sent,15.414,17.515,18.943,2,0,0,0.217,0,0,4.5,5f98644189208011eeb027b9,69e644e115c4556e51086cdc,69e638d4b2228b5d05917569,0,We are both equal as it stands so no money sent,,673120d47aafa64c8d72d8f9,1.5,5981fad0-5ffb-44a6-a339-c7ab72e8d5c2,4.5,5,1,1,
2026-04-20 15:23:43,2026-04-20 15:27:14,IP Address,,100,211,True,2026-04-20 15:27:15,R_2PHazjqFjPmzMQr,,,,,,,anonymous,EN,Very interested,,,I've never heard of it,..another participant from Prolific,..affects earnining for both you and your match,$6,0,0,3.801,0,0,0,2.025,0,13.589,25.211,32.496,2,Player 1 has $1 left from the original $6 so I sent $7 back so we both have $8 total,5.682,27.034,29.304,4,0,0,0.119,0,0,8,60a405e35154038a0fd7dbd4,69e644f7cd0ae85f35640bb1,69e638d4b2228b5d05917569,7,Player 1 has $1 left from the original $6 so I sent $7 back so we both have $8 total,,66cc4546f9e3a25d2adc51c8,5,e7bfd9e7-4567-4f9e-99df-f4ac47e6c0eb,15,4,2,1,
2026-04-20 15:23:34,2026-04-20 15:27:18,IP Address,,100,223,True,2026-04-20 15:27:19,R_8gu5tNAsfYVZdTR,,,,,,,anonymous,EN,Very interested,,,I've never heard of it,..another participant from Prolific,..affects earnining for both you and your match,$6,0,0,3.377,0,0,0,2.011,0,27.341,27.341,30.964,1,"Player 1 sent me half, which was very fair, so i decided to be fair back, so we both ended up with the same amount.",17.5,21.346,23.243,2,0,0,0.22,0,0,6,644805884189b40893adfa53,69e644e941530ed16266cdbc,69e638d4b2228b5d05917569,3,"Player 1 sent me half, which was very fair, so i decided to be fair back, so we both ended up with the same amount.",,66de746bcfef35f46e85ed0f,3,7580c16b-8bed-4abe-ba8b-8193ec88e80e,9,5,1,1,
2026-04-20 15:24:06,2026-04-20 15:27:30,IP Address,,100,204,True,2026-04-20 15:27:30,R_1HLhIceaYYu2PUE,,,,,,,anonymous,EN,Very interested,,,I've never heard of it,..another participant from Prolific,..affects earnining for both you and your match,$6,0,0,3.541,0,0,0,2.015,0,29.087,29.087,30.817,1,I will receive a larger amount.,19.349,19.349,21.366,1,0,0,0.209,0,0,9,643d699899737784c4d5cbcf,69e6450898840a3693fb1343,69e638d4b2228b5d05917569,0,I will receive a larger amount.,,6662bbd11599452943304086,3,fb70188c-a58d-46bc-9c5a-e5635ff8f1aa,9,6,0,1,
2026-04-20 15:24:28,2026-04-20 15:27:45,IP Address,,100,196,True,2026-04-20 15:27:45,R_1VowZRRS8Xvf1Tz,,,,,,,anonymous,EN,Very interested,,,I've never heard of it,..another participant from Prolific,..affects earnining for both you and your match,$6,0,0,2.884,0,0,0,2.015,0,10.673,16.658,22.332,3,I sent back $3 so that we both end up with $6,6.615,21.677,26.026,4,0,0,0.209,0,0,6,5e1f298dd205eb000b74eae0,69e64525aa13410bdb6c3596,69e638d4b2228b5d05917569,3,I sent back $3 so that we both end up with $6,,699b96152dc624c9c1044908,3,e61d228d-a7c7-4e49-bbac-d823266e4ee8,9,5,1,1,
2026-04-20 15:23:12,2026-04-20 15:28:15,IP Address,,100,303,True,2026-04-20 15:28:16,R_3VjyHLmpKIYXasV,,,,,,,anonymous,EN,Very interested,,,I've never heard of it,..another participant from Prolific,..affects earnining for both you and your match,$6,0,0,4.023,0,0,0,2.01,0,24.948,30.665,31.67,2,"Player 1 sent me the entire $6 that they had, knowing that it would be tripled. I sent player 1 $10 out of the $18 becuase that is over half, but not quite the full amount. As it is over a single digit, I elected to keep some for myself to maybe acheive a higher earning",19.727,19.727,21.918,1,0,0,0.208,0,0,8,69e17734cb26c1263d9c988b,69e644d5b270f172b16020b6,69e638d4b2228b5d05917569,10,"Player 1 sent me the entire $6 that they had, knowing that it would be tripled. I sent player 1 $10 out of the $18 becuase that is over half, but not quite the full amount. As it is over a single digit, I elected to keep some for myself to maybe acheive a higher earning",,69ce7d2297b4750b47987000,6,d56726f1-a23d-4e31-8db5-3e374c0da270,18,3,3,1,
2026-04-20 15:24:38,2026-04-20 15:29:25,IP Address,,100,287,True,2026-04-20 15:29:25,R_2qg1ewWVUFnDydY,,,,,,,anonymous,EN,Very interested,,,I've never heard of it,..another participant from Prolific,..affects earnining for both you and your match,$6,0,0,3.641,0,0,0,2.011,0,34.629,36.733,38.138,2,Because I think it's a fair thing to do,24.229,25.278,26.232,2,0,0,0.216,0,0,4.5,6061ea5fba199ba84a255ee5,69e64529fb284a64da958b6f,69e638d4b2228b5d05917569,4.5,Because I think it's a fair thing to do,,63a799cde6527ca4f11bc7b2,3,ea5aa961-e095-4066-86c9-e321199047b8,9,3.5,2.5,1,
2026-04-20 15:24:10,2026-04-20 15:29:27,IP Address,,100,317,True,2026-04-20 15:29:27,R_1QoLSVdOnNRAcB8,,,,,,,anonymous,EN,Very interested,,,I've never heard of it,..another participant from Prolific,..affects earnining for both you and your match,$6,0,0,3.367,0,0,0,2.006,0,8.323,19.115,19.899,2,"From what I understood, only 1 of 10 participants receive the allocation. Giving all back gives that 1 person the most amount of money that can be given. Given it is a relatively low amount I gave it all.",8.797,59.886,60.24,13,0,0,0.104,0,0,0,69e459da0e8ea0b7e733d213,69e64507e557c907fae28205,69e638d4b2228b5d05917569,9,"From what I understood, only 1 of 10 participants receive the allocation. Giving all back gives that 1 person the most amount of money that can be given. Given it is a relatively low amount I gave it all.",,60fa71bc7472b86d43f23ede,3,dce0a634-74e5-4971-b52b-33bb257fb65e,9,3,3,1,
2026-04-20 15:26:37,2026-04-20 15:29:41,IP Address,,100,183,True,2026-04-20 15:29:41,R_8CD9HLUuT2Wjl73,,,,,,,anonymous,EN,Very interested,,,I've never heard of it,..another participant from Prolific,..affects earnining for both you and your match,$6,0,0,5.007,0,0,0,2.004,0,9.769,9.769,12.413,1,"Player 1 sent 50%, I returned the same %",6.196,23.976,24.831,2,0,0,0.204,0,0,4.5,60b229e58adc4fd4fb7e0158,69e645a6e1552d9a523306f6,69e638d4b2228b5d05917569,4.5,"Player 1 sent 50%, I returned the same %",,657effcc0b1d877b07deaef8,3,aedc3b2a-813f-4a32-922d-262e6cf0ccaa,9,4,2,1,
2026-04-20 15:28:03,2026-04-20 15:30:39,IP Address,,100,156,True,2026-04-20 15:30:40,R_7ZQ7vN9zhdYGasz,,,,,,,anonymous,EN,Very interested,,,I've never heard of it,..another participant from Prolific,..affects earnining for both you and your match,$6,0,0,3.497,0,0,0,2.008,0,4.348,4.348,17.721,1,I feel like it is a fair amount to send back without knowing how much they could send me,,,,,0,0,0.208,0,0,4,663917c7dd730f5df315b1f9,69e645f974067dbbf7fe6d3f,69e638d4b2228b5d05917569,2,I feel like it is a fair amount to send back without knowing how much they could send me,,55885869fdf99b4020ba0b64,2,7120bcd3-a0f1-4327-a61e-206e3365c189,6,,,1,
2026-04-20 15:27:06,2026-04-20 15:30:58,IP Address,,100,231,True,2026-04-20 15:30:58,R_1WJbMzeZkPpkUCI,,,,,,,anonymous,EN,Very interested,,,I've never heard of it,..another participant from Prolific,..affects earnining for both you and your match,$6,0,0,5.507,0,0,0,2.007,0,15.27,15.27,16.474,1,I chose that amount because the other player sent a third of it and I felt like we both would've had a better chance if they sent the full amount to triple it.,,,,,0,0,0.211,0,0,5.5,6543ba9056ed19f45e686e85,69e64561d5f3af15a11723af,69e638d4b2228b5d05917569,0.5,I chose that amount because the other player sent a third of it and I felt like we both would've had a better chance if they sent the full amount to triple it.,,5e87b4d3e28032100ce68eec,2,bb9a8dc7-9d31-454c-892c-b4de856f298f,6,,,1,
2026-04-20 15:29:24,2026-04-20 15:31:13,IP Address,,100,108,True,2026-04-20 15:31:13,R_7zSysow2BpCWxqh,,,,,,,anonymous,EN,Very interested,,,I've never heard of it,..another participant from Prolific,..affects earnining for both you and your match,$6,0,0,4.859,0,0,0,2.008,0,6.102,6.102,9.32,1,I was trying to be fair to both of us.,4.884,4.884,7.025,1,0,0,0.221,0,0,1.5,56169e435c62cf000f822c76,69e6464badad640fa28c1b45,69e638d4b2228b5d05917569,1.5,I was trying to be fair to both of us.,,5d1b98290f75e10019be9f9f,1,d9febbed-4b53-4e7d-9400-2908b3053d33,3,3,3,1,
2026-04-20 15:28:02,2026-04-20 15:31:14,IP Address,,100,192,True,2026-04-20 15:31:14,R_7oBKCS7uBjO6NP7,,,,,,,anonymous,EN,Very interested,,,I've never heard of it,..another participant from Prolific,..affects earnining for both you and your match,$6,0,0,3.1,0,0,0,2.006,0,13.07,15.573,18.464,3,We could both get $5 this way,,,,,0,0,0.205,0,0,5,69b98ed6a044387bc1f3609d,69e645fb4ec7904253485e80,69e638d4b2228b5d05917569,1,We could both get $5 this way,,66a7a354021e287f1f17502f,2,07852606-98b2-4588-888f-e740e741e663,6,,,1,
2026-04-20 15:26:07,2026-04-20 15:31:21,IP Address,,100,314,True,2026-04-20 15:31:22,R_7PcVgaLOo96VCgu,,,,,,,anonymous,EN,Very interested,,,I've never heard of it,..another participant from Prolific,..affects earnining for both you and your match,$6,0,0,4.834,0,0,0,2.005,0,25.811,28.695,44.701,2,I think it's fair to split the amount equally. I think player 1 decided to gamble on a higher return if they sent the entire amount so I wanted to give them half of the final amount which is higher then the original amount.,4.964,29.647,80.921,3,0,0,0.208,0,0,9,65c6762ea86de7fbe4ac9406,69e644cf810e042c4b3c85c1,69e638d4b2228b5d05917569,9,I think it's fair to split the amount equally. I think player 1 decided to gamble on a higher return if they sent the entire amount so I wanted to give them half of the final amount which is higher then the original amount.,,5c36701dbef9a20001e36b89,6,086e10f9-585c-470e-83bf-0ae875ad68d4,18,4,2,1,
2026-04-20 15:29:04,2026-04-20 15:31:55,IP Address,,100,170,True,2026-04-20 15:31:55,R_5EsFG1kg2frFoSl,,,,,,,anonymous,EN,Very interested,,,I've never heard of it,..another participant from Prolific,..affects earnining for both you and your match,$6,0,0,3.61,0,0,0,2.008,0,5.093,20.559,21.633,4,So that we could both have the same amount of money.,,,,,0,0,0.208,0,0,5,69aafa2956b44dbc95d9a56e,69e6463b005111914508f934,69e638d4b2228b5d05917569,1,So that we could both have the same amount of money.,,6717a9a058de284eb78c1e9e,2,2975e6d1-5261-4cb0-92ce-6f6f88dbacc1,6,,,1,
2026-04-20 15:30:03,2026-04-20 15:32:14,IP Address,,100,131,True,2026-04-20 15:32:15,R_6vaVnu11yAtUBmp,,,,,,,anonymous,EN,Very interested,,,I've never heard of it,..another participant from Prolific,..affects earnining for both you and your match,$6,0,0,2.666,0,0,0,2.11,0,6.639,6.639,9.268,1,I am grateful that they sent me any money at all so I am rewarding them with a little bonus. I think it's always nice to be generous. I don't necessarily believe in karma and I'm not a very spiritual person; but I do believe it pays off to be kind to others.,,,,,0,0,0.203,0,0,3,699413ac1366ad270bc85de5,69e64674744cdafdd4189c32,69e638d4b2228b5d05917569,3,I am grateful that they sent me any money at all so I am rewarding them with a little bonus. I think it's always nice to be generous. I don't necessarily believe in karma and I'm not a very spiritual person; but I do believe it pays off to be kind to others.,,699f03b980c2af4a68257051,2,ba73386e-080e-41c9-a7ce-bb7c2a9561e3,6,,,1,
2026-04-20 15:25:50,2026-04-20 15:32:24,IP Address,,100,393,True,2026-04-20 15:32:24,R_2k70VvntzN2j6bw,,,,,,,anonymous,EN,Very interested,,,I've never heard of it,..another participant from Prolific,..affects earnining for both you and your match,$6,0,0,4.426,0,0,0,2.019,0,21.392,29.27,35.598,4,"The player 1 trusted me with the amount and I feel that the total I received should be shared between us. I decided to let the player 1 have a bit more, it seemed fair. Without their decision I wouldn't have received anything.",7.675,7.675,9.836,1,0,0,0.216,0,0,3.5,60526ca52273fdff8fc728ea,69e64578f53e441385b3670b,69e638d4b2228b5d05917569,4,"The player 1 trusted me with the amount and I feel that the total I received should be shared between us. I decided to let the player 1 have a bit more, it seemed fair. Without their decision I wouldn't have received anything.",,644655c01a3123d677fe7b2d,2.5,7c34e735-b45c-4b52-b507-e26d366753e6,7.5,3,3,1,
2026-04-20 15:30:15,2026-04-20 15:32:30,IP Address,,100,135,True,2026-04-20 15:32:31,R_8Cy8segEzeOdOA0,,,,,,,anonymous,EN,Very interested,,,I've never heard of it,..another participant from Prolific,..affects earnining for both you and your match,$6,0,0,5.03,0,0,0,2.117,0,11.927,21.016,22.8,3,We will both receive 9 dollars so it is fair.,5,5,6.888,1,0,0,0.205,0,0,6,5e5d276a031887000b47f1cc,69e6467d8454e3c5ffe6b5bf,69e638d4b2228b5d05917569,3,We will both receive 9 dollars so it is fair.,,69ccd7afc44eadfc1bc3686c,3,dcd74ca2-907b-44f5-8227-8f10980ff8a3,9,4,2,1,
2026-04-20 15:29:13,2026-04-20 15:33:01,IP Address,,100,228,True,2026-04-20 15:33:02,R_6YMyGy0dM4UPrss,,,,,,,anonymous,EN,Very interested,,,I've never heard of it,..another participant from Prolific,..affects earnining for both you and your match,$6,0,0,3.465,0,0,0,2.008,0,18.795,18.795,23.785,1,"They chose half of their amount to send to me, so I received 9$ after the multiplier. Sending 3 of my 9$ back to them would have ultimately put us both back at 6$ which makes it even and fair.",8.277,15.977,19.501,2,0,0,0.208,0,1,6,69c2c4c8ef72bbb6d0dd914d,69e6463bff7b8ad4cf62eb6f,69e638d4b2228b5d05917569,3,"They chose half of their amount to send to me, so I received 9$ after the multiplier. Sending 3 of my 9$ back to them would have ultimately put us both back at 6$ which makes it even and fair.",,631916c5e920aea5076777b0,3,44a67e37-5029-4c8d-b54b-941c87fc1274,9,4.5,1.5,1,
2026-04-20 15:29:08,2026-04-20 15:34:08,IP Address,,100,300,True,2026-04-20 15:34:09,R_8rTiLyrfNzKeCtz,,,,,,,anonymous,EN,Very interested,,,I've never heard of it,..another participant from Prolific,..affects earnining for both you and your match,$6,0,0,3.197,0,0,0,2.128,0,35.638,37.742,59.112,2,"The other person sent me $4 out of $6, so they have $2 left.  I now have $12.  If I send them $5 we will have $7 each, which is fair.",18.594,18.594,20.085,1,0,0,0.22,0,0,7,5e1e5c3c80e02e1c36679187,69e646391b255411a7cdc2a0,69e638d4b2228b5d05917569,5,"The other person sent me $4 out of $6, so they have $2 left.  I now have $12.  If I send them $5 we will have $7 each, which is fair.",,69d53aef81c05aeb395447a6,4,52b50958-f4df-4e1e-8f2e-74dfa76acebf,12,5,1,1,
2026-04-20 15:26:17,2026-04-20 15:34:39,IP Address,,100,502,True,2026-04-20 15:34:39,R_1pOXPF6RYkAd2Qp,,,,,,,anonymous,EN,Very interested,,,I've never heard of it,..another participant from Prolific,..affects earnining for both you and your match,$6,0,0,4.235,0,0,0,2.014,0,30.818,35.883,48.04,4,I value fairness and equality in most situations.,32.371,118.595,129.511,13,0,0,0.216,0,0,6,62740cf8e39eba1055ef571b,69e645923c21f425cf709bbb,69e638d4b2228b5d05917569,3,I value fairness and equality in most situations.,,613f652eebd7d163324ea60d,3,9721ada2-e95a-46ec-9654-b307e837f2d4,9,4,2,1,
2026-04-20 15:34:34,2026-04-20 15:34:47,IP Address,,100,12,True,2026-04-20 15:34:47,R_5Db17YbqLGaamPf,,,,,,,anonymous,EN,,A bit interested,,,,,,,,,,,,,,,,,,,,,,,,,,,0,,69df1b5b8de9e9b6d1aa63da,69e647838ce23f02a648ffc6,69e638d4b2228b5d05917569,,,,,,,,,,0,
2026-04-20 15:31:25,2026-04-20 15:35:04,IP Address,,100,219,True,2026-04-20 15:35:05,R_8WPfCCl15iqw9Yp,,,,,,,anonymous,EN,Very interested,,,I've never heard of it,..another participant from Prolific,..affects earnining for both you and your match,$6,0,0,4.046,0,0,0,2.111,0,26.809,39.052,40.745,5,I was tempted to give 0 so that we both had the same amount but decided to make player 1 come out very slightly ahead.,9.591,28.573,30.324,3,0,0,0.21,0,0,4,5c2f587f70d93a000122ac27,69e646c175cd06a2c3955359,69e638d4b2228b5d05917569,0.5,I was tempted to give 0 so that we both had the same amount but decided to make player 1 come out very slightly ahead.,,6369323b45c34c37f659bc0f,1.5,aded567a-fccf-4e85-b5d5-e897b2e19c65,4.5,4.5,1.5,1,
2026-04-20 15:32:39,2026-04-20 15:35:17,IP Address,,100,158,True,2026-04-20 15:35:18,R_3cg9MIClIrXTbGx,,,,,,,anonymous,EN,Very interested,,,I've never heard of it,..no one,..affects your match earnings,$6,,,,,,,,,,,,,,,,,,,,,,1,,6778960cc7c9403c1d58e9a2,69e6470dcf4488b3fee09f97,69e638d4b2228b5d05917569,,,,,,,,,,1,
2026-04-20 15:28:02,2026-04-20 15:35:35,IP Address,,100,453,True,2026-04-20 15:35:36,R_3efpnW3wmOU9FPB,,,,,,,anonymous,EN,Very interested,,,I've never heard of it,..another participant from Prolific,..affects earnining for both you and your match,$6,0,0,5.458,0,0,0,2.019,0,4.003,51.664,51.902,6,"I chose this amount because Player 1 trusted me by sending part of their money, so I wanted to return a fair share while still keeping some for myself.",22.831,26.398,27.112,2,0,0,0.226,0,0,5,67e18df3adc77c0702ba396b,69e645f8d0b4695ea2067946,69e638d4b2228b5d05917569,4,"I chose this amount because Player 1 trusted me by sending part of their money, so I wanted to return a fair share while still keeping some for myself.",,5f2bb6075f057c653b2c85e6,3,8381b214-b559-4235-830e-711c361eb9e8,9,3,3,1,
2026-04-20 15:31:01,2026-04-20 15:35:53,IP Address,,100,292,True,2026-04-20 15:35:54,R_8EJVsfZy2rFrV08,,,,,,,anonymous,EN,Very interested,,,I've never heard of it,..another participant from Prolific,..affects earnining for both you and your match,$6,0,0,4.245,0,0,0,2.015,0,8.459,15.969,18.955,6,I wanted to send a fair amount and player 1 had been generous to me. ,11.302,14.631,16.886,3,0,0,0.211,0,1,9,663e6fac2a7a46907d91ce30,69e646a5f7260fba7580493e,69e638d4b2228b5d05917569,9,I wanted to send a fair amount and player 1 had been generous to me. ,,5ea713ed7dd03d0c54bee030,6,5904562d-6842-463e-aafe-d0c2a020d1c8,18,4,2,1,
2026-04-20 15:32:56,2026-04-20 15:36:06,IP Address,,100,189,True,2026-04-20 15:36:06,R_6gZrzqnzgxPMsOU,,,,,,,anonymous,EN,Very interested,,,I've never heard of it,..another participant from Prolific,..affects earnining for both you and your match,$6,0,0,4.45,0,0,0,2.11,0,11.062,18.512,19.953,4,I think it was nice that they gave me some money so I will give them a dollar back to say thanks.,5.422,5.422,6.834,1,0,0,0.21,0,0,8,67acec8db57cdba0b5e9415e,69e6471f8e72692957356791,69e638d4b2228b5d05917569,1,I think it was nice that they gave me some money so I will give them a dollar back to say thanks.,,5ffefe289a45d160a6199c28,3,5bd3e8d1-b634-4e9e-8af2-8c3086e93eaa,9,5.5,0.5,1,
2026-04-20 15:34:32,2026-04-20 15:36:37,IP Address,,100,124,True,2026-04-20 15:36:38,R_877pLr2D2bREAPO,,,,,,,anonymous,EN,Very interested,,,I've never heard of it,..another participant from Prolific,..affects earnining for both you and your match,$6,0,0,3.689,0,0,0,2.109,0,12.207,12.207,13.182,1,I sent back the money to make it so that we both received the same amount of money,17.007,17.007,17.834,1,0,0,0.209,0,0,6,66c5ee0d624ca2722eebfa1c,69e64783d83f111a28728ad6,69e638d4b2228b5d05917569,3,I sent back the money to make it so that we both received the same amount of money,,69907e70c4054eeb8965b30d,3,b72d45e6-0d4d-4f68-a96d-6aaa3278715f,9,4,2,1,
2026-04-20 15:35:46,2026-04-20 15:38:04,IP Address,,100,137,True,2026-04-20 15:38:04,R_65TosqoM3t8lnlw,,,,,,,anonymous,EN,Very interested,,,I've never heard of it,..another participant from Prolific,..affects earnining for both you and your match,$6,0,0,3.563,0,0,0,2.004,0,9.78,9.78,11.911,1,"I chose to send half of the money because it was very generous of them to send the $6. They trusted that I would do the right thing by sending half, and that is exactly what I would do.",4.803,4.803,5.661,1,0,0,0.204,0,0,9,5f517edd007af03cbf15085f,69e647cc97bf4eb63a26a0c4,69e638d4b2228b5d05917569,9,"I chose to send half of the money because it was very generous of them to send the $6. They trusted that I would do the right thing by sending half, and that is exactly what I would do.",,5d2e1c52c3651500159f0a69,6,4806f5b8-f123-4623-a97b-5086b73610cc,18,3,3,1,
2026-04-20 15:36:30,2026-04-20 15:39:10,IP Address,,100,159,True,2026-04-20 15:39:11,R_24Ah1apTqUkhDXu,,,,,,,anonymous,EN,Very interested,,,I've never heard of it,..another participant from Prolific,..affects earnining for both you and your match,$6,0,0,6.005,0,0,0,2.118,0,3.447,5.599,6.678,2,I thought it only fair that I sent back half of what I received.,3.087,5.587,6.731,2,0,0,0.22,0,0,1.5,62fbb64f898f825360508915,69e647f681e525fa39d96a2b,69e638d4b2228b5d05917569,1.5,I thought it only fair that I sent back half of what I received.,,673c6b25770ca42d0a44973d,1,f2d50ac4-c367-4324-9500-2e84d82942cc,3,3,3,1,
2026-04-20 15:34:33,2026-04-20 15:39:17,IP Address,,100,283,True,2026-04-20 15:39:17,R_2LijVWEMwYYqIN8,,,,,,,anonymous,EN,Very interested,,,I've never heard of it,..another participant from Prolific,..affects earnining for both you and your match,$6,0,0,3.528,0,0,0,2.005,0,51.087,62.39,69.926,2,I returned what Player 1 gave to me,4.788,19.461,31.368,2,0,0,0.103,0,0,5,6376b5f0d01f86af62423b8b,69e647832e1639472cb0d651,69e638d4b2228b5d05917569,2.5,I returned what Player 1 gave to me,,62b07fada18474adc21fa4b1,2.5,a1aa19e9-2a4a-49cd-bd18-7e5f2203f2f8,7.5,4,2,1,
2026-04-20 15:30:59,2026-04-20 15:40:16,IP Address,,100,557,True,2026-04-20 15:40:17,R_3geuorG8PVTKovf,,,,,,,anonymous,EN,Very interested,,,I've never heard of it,..another participant from Prolific,..affects earnining for both you and your match,$6,0,0,3.978,0,0,0,2.114,0,9.05,17.392,29.449,4,"I chose this amount because it allow Player one to recover some of the amount the could possibly have, while still giving me a financial benefit. Since the amount sent was multiplied by three, I aimed to return a portion that keeps them with something, but also leaves me with a gain.",8.613,67.442,69.051,15,0,0,0.213,0,0,16,69c19794ff9489bf19fb094c,69e646aaaa2d098e0b3b1618,69e638d4b2228b5d05917569,2,"I chose this amount because it allow Player one to recover some of the amount the could possibly have, while still giving me a financial benefit. Since the amount sent was multiplied by three, I aimed to return a portion that keeps them with something, but also leaves me with a gain.",,611d7da2640a2e31818c3e18,6,d092d1e3-ff8a-4eb8-9561-89e8c8b266f3,18,4,2,1,
2026-04-20 15:36:21,2026-04-20 15:40:59,IP Address,,100,277,True,2026-04-20 15:40:59,R_5eY57EgAXW3CEhP,,,,,,,anonymous,EN,Very interested,,,I've never heard of it,..another participant from Prolific,..affects earnining for both you and your match,$6,0,0,5.199,0,0,0,2.006,0,10.968,18.962,24.638,3,"If player one started out with $6.00 and sent me $2.00, that would leave player one with $4.00. After the multiplication of my $2.00 by 3, I now have $6.00. I sent $1.00 back to player one so that we both now have equal amounts of $5.00.",,,,,0,0,0.209,0,0,5,6778afe677d138c02e3bf3bf,69e647e7184989bb9e4f157d,69e638d4b2228b5d05917569,1,"If player one started out with $6.00 and sent me $2.00, that would leave player one with $4.00. After the multiplication of my $2.00 by 3, I now have $6.00. I sent $1.00 back to player one so that we both now have equal amounts of $5.00.",,60fd819cc525619e3e0ce203,2,4fd07353-f3a9-43a0-b8a3-74a41c108e9d,6,,,1,
2026-04-20 15:38:28,2026-04-20 15:41:16,IP Address,,100,168,True,2026-04-20 15:41:17,R_8eIyaQdXpR4kNlW,,,,,,,anonymous,EN,Very interested,,,I've never heard of it,..another participant from Prolific,..affects earnining for both you and your match,$6,0,0,2.3,0,0,0,2.007,0,5.199,9.59,11.186,2,they sent me the full amount to maximise profit. out of trust i am sending back half,17.471,24.847,25.931,2,0,0,0.208,0,1,9,653fbd47b1b32fd5a7992e10,69e6486dac54643445979916,69e638d4b2228b5d05917569,9,they sent me the full amount to maximise profit. out of trust i am sending back half,,6696a3b921e4f92ad108eff3,6,e50def97-fa9b-4f54-a16c-b3f03b3bf84a,18,5,1,1,
2026-04-20 15:36:06,2026-04-20 15:41:38,IP Address,,100,332,True,2026-04-20 15:41:38,R_6NyyrA5mNd3JR0J,,,,,,,anonymous,EN,Very interested,,,I've never heard of it,..another participant from Prolific,..affects earnining for both you and your match,$6,0,0,6.022,0,0,0,2.016,0,10.057,12.417,14.618,2,Player one has 5 dollars remaining.I have 3 dollars .It makes no sense for me to send them any more money since they already have more than me,6.728,7.193,11.202,2,0,0,0.208,0,0,3,69de648f03ac17ff4fd8e55d,69e647d2a8a0ae9f40136294,69e638d4b2228b5d05917569,0,Player one has 5 dollars remaining.I have 3 dollars .It makes no sense for me to send them any more money since they already have more than me,,67ccf5aaec16501a9fec7097,1,a62ef935-9c5f-4a7e-a0f5-495e7cb0acb3,3,5,1,1,
2026-04-20 15:38:18,2026-04-20 15:42:27,IP Address,,100,249,True,2026-04-20 15:42:28,R_8psTDWZYvRf0jWi,,,,,,,anonymous,EN,Very interested,,,I've never heard of it,..another participant from Prolific,..affects earnining for both you and your match,$6,0,0,3.481,0,0,0,2.121,0,29.136,29.136,33.908,1,I chose that amount so that we would each get the same amount at the end.,27.672,27.672,37.015,1,0,0,0.221,0,0,7,6075caa68c5cbea81ddee98a,69e64863a80a3e8ab4e6db88,69e638d4b2228b5d05917569,5,I chose that amount so that we would each get the same amount at the end.,,5cf5c14bada72300156a4521,4,ae415337-4ba6-4078-9ca7-6e4577c3ef51,12,5.5,0.5,1,
2026-04-20 15:40:02,2026-04-20 15:42:49,IP Address,,100,167,True,2026-04-20 15:42:50,R_8rftNBw9KoWLZci,,,,,,,anonymous,EN,Very interested,,,I've never heard of it,..another participant from Prolific,..affects earnining for both you and your match,$6,0,0,2.88,0,0,0,2.017,0,15.508,19.065,20.052,5,I felt like maximising my gains.,6.132,8.475,9.495,5,0,0,0.203,0,0,9,6098320c0fb0d5c7306b74d1,69e648ccdf8eb50b415654ea,69e638d4b2228b5d05917569,0,I felt like maximising my gains.,,5e2881eaa9af590560d04047,3,1b7773da-6f0b-4b13-aa90-159c41494dd9,9,6,0,1,
2026-04-20 15:39:07,2026-04-20 15:43:07,IP Address,,100,239,True,2026-04-20 15:43:07,R_5QG61oBH9gmtU3b,,,,,,,anonymous,EN,Very interested,,,I've never heard of it,..another participant from Prolific,..affects earnining for both you and your match,$6,0,0,3.407,0,0,0,2.014,0,24.573,36.725,37.936,2,"They had $6, sent $1, leaving them with $5. After the multiplier, I have $3. That's not a lot, so I will keep it. They still have $5. I have $3. ",8.334,8.334,13.53,1,0,0,0.209,0,0,3,691ca5b22ee4008c53e87ee1,69e64887734ecb156c281c6f,69e638d4b2228b5d05917569,0,"They had $6, sent $1, leaving them with $5. After the multiplier, I have $3. That's not a lot, so I will keep it. They still have $5. I have $3. ",,64145d0998204476ea32fe75,1,6b6c949d-7790-4f72-9284-e1542a2ebb19,3,5,1,1,
2026-04-20 15:42:07,2026-04-20 15:43:11,IP Address,,100,63,True,2026-04-20 15:43:11,R_8M4mxBtDhjWLZBv,,,,,,,anonymous,EN,Very interested,,,I've never heard of it,..another participant from Prolific,..affects earnining for both you and your match,$6,0,0,2.493,0,0,0,2.108,0,1.825,6.626,7.757,2,fair split to my fellow participant. ,,,,,0,0,0.207,0,0,3,63d15a2dccce0705127190e3,69e64915e121ad95679eae69,69e638d4b2228b5d05917569,3,fair split to my fellow participant. ,,5c3388fa01439b0001a0adfe,2,d0dac56f-cc40-4afb-bfc3-661fe7a223ba,6,,,1,
2026-04-20 15:36:14,2026-04-20 15:43:40,IP Address,,100,446,True,2026-04-20 15:43:41,R_6LtWhd6778kPDFg,,,,,,,anonymous,EN,Very interested,,,I've never heard of it,..another participant from Prolific,..affects earnining for both you and your match,$6,0,0,3.756,0,0,0,2.008,0,12.723,19.707,28.666,2,"I chose that amount because it feels the most fair to send to someone else, since they chose to send me 2.5 out of their own money. ",183.021,185.321,190.241,2,0,0,0.212,0,0,4.5,69e0040284c80d489b1dc47d,69e647e582c63552fd348e38,69e638d4b2228b5d05917569,3,"I chose that amount because it feels the most fair to send to someone else, since they chose to send me 2.5 out of their own money. ",,66a410b406067cbe3613852c,2.5,5af3893d-3ad4-4269-8bd7-65edb0a63f19,7.5,4.5,1.5,1,
2026-04-20 15:36:52,2026-04-20 15:43:49,IP Address,,100,417,True,2026-04-20 15:43:50,R_2v7dvaJ39ASKNts,,,,,,,anonymous,EN,Very interested,,,I've never heard of it,..another participant from Prolific,..affects earnining for both you and your match,$6,0,0,2.563,0,0,0,2.112,0,52.339,59.053,76.248,2,"By sending them 3 back, they will end up with 6 in total and I will have 6 in total",45.141,49.579,55.373,5,0,0,0.217,0,0,6,5c7b01b892edb30017dc1202,69e6480ae5ed67417a78d059,69e638d4b2228b5d05917569,3,"By sending them 3 back, they will end up with 6 in total and I will have 6 in total",,5d7ff85ffec5620017b07c40,3,24a3a464-b120-4f1d-b98d-97a4a6eb44e0,9,5,1,1,
2026-04-20 15:42:17,2026-04-20 15:43:55,IP Address,,100,98,True,2026-04-20 15:43:55,R_3LT3i0s6lqYLUT0,,,,,,,anonymous,EN,Very interested,,,I've never heard of it,..another participant from Prolific,..affects earnining for both you and your match,$6,0,0,4.259,0,0,0,2.008,0,9.02,9.02,10.167,1,I am selfish and wanted to keep as much as possible,,,,,0,0,0.203,0,1,5,5a6d4c08e6cc4a0001b6c4f6,69e649535d696aecf7e0c123,69e638d4b2228b5d05917569,1,I am selfish and wanted to keep as much as possible,,69bb018e761c187922d0ccd0,2,4295715a-f949-4ae8-9853-74f9ac2b6472,6,,,1,
2026-04-20 15:38:32,2026-04-20 15:44:09,IP Address,,100,336,True,2026-04-20 15:44:09,R_5ruL1Bq2tY2F1wS,,,,,,,anonymous,EN,Very interested,,,I've never heard of it,..another participant from Prolific,..affects earnining for both you and your match,$6,0,0,2.599,0,0,0,2.115,0,8.655,8.655,9.66,1,cause I like being nice. :D,5.134,5.134,5.861,1,0,0,0.214,0,0,6,66523f4c3c4e75f98ccc5082,69e648741ac3ace9dfacfb4a,69e638d4b2228b5d05917569,6,cause I like being nice. :D,,69e51efe522f14e5f9ae6a6c,4,eeb3c8f4-64ad-4797-a042-3137fb9cc328,12,2,4,1,
2026-04-20 15:28:05,2026-04-20 15:29:23,IP Address,,100,78,True,2026-04-20 15:44:25,R_1I3HbDsIyA2PviN,,,,,,,anonymous,EN,Very interested,,,I've never heard of it,..another participant from Prolific,..affects earnining for both you and your match,$6,0,0,4.194,0,0,0,2.008,0,4.679,14.346,15.733,2,I think it's fair to split the amount ,2.73,3.596,4.586,2,0,0,0.207,0,0,7.5,69dd7568f1e8b52d0f86380b,69e645fe0a586053d9ef596e,69e638d4b2228b5d05917569,7.5,I think it's fair to split the amount ,,697b91662a71859680a7b795,5,66624782-5f1d-4e6b-9f63-655b5f0dffde,15,3,3,1,
2026-04-20 15:41:36,2026-04-20 15:44:31,IP Address,,100,175,True,2026-04-20 15:44:32,R_5JaQxYAp5NPuXZ0,,,,,,,anonymous,EN,Very interested,,,I've never heard of it,..another participant from Prolific,..affects earnining for both you and your match,$6,0,0,3.478,0,0,0,2.005,0,8.681,16.781,17,9,I wanted to choose $0.60 actually. I wanted to give them something in addition back.,4.197,5.066,7.133,2,0,0,0.204,0,0,1,663d78724bf4501737f36653,69e6492a0e90cd6ddca6f738,69e638d4b2228b5d05917569,0.5,I wanted to choose $0.60 actually. I wanted to give them something in addition back.,,6034da6b08183eee8cc990ea,0.5,8d3aa1c6-8ce6-4457-bacb-1d1b49c0eaea,1.5,3,3,1,
2026-04-20 15:39:45,2026-04-20 15:44:47,IP Address,,100,301,True,2026-04-20 15:44:47,R_17nx9ONoVL3WJgZ,,,,,,,anonymous,EN,Very interested,,,I've never heard of it,..another participant from Prolific,..affects earnining for both you and your match,$6,0,0,2.601,0,0,0,2.007,0,15.854,17.566,20.901,2,Both player 1 and player 2 will have the same amount of earnings in this scenario which is even and fair.  ,31.636,38.836,54.326,3,0,0,0.206,0,0,3,69adf4f3b356a17b025b2b6a,69e648b92d25bdda342b5156,69e638d4b2228b5d05917569,0,Both player 1 and player 2 will have the same amount of earnings in this scenario which is even and fair.  ,,5ca24b9ceb041e00152164f0,1,42416fef-69c6-4c79-a43b-a14b054395a3,3,4,2,1,
2026-04-20 15:42:58,2026-04-20 15:44:55,IP Address,,100,116,True,2026-04-20 15:44:55,R_3sTM3u2T0qpTOrD,,,,,,,anonymous,EN,Very interested,,,I've never heard of it,..another participant from Prolific,..affects earnining for both you and your match,$6,0,0,2.195,0,0,0,2.009,0,17.171,17.171,22.228,1,Player 1 sent me half of their money so I sent half of mine. It is fair and nice.,8.851,8.851,9.932,1,0,0,0.101,0,0,4.5,6978cd800f810936788fb20d,69e6497ecbc287d1c3e91662,69e638d4b2228b5d05917569,4.5,Player 1 sent me half of their money so I sent half of mine. It is fair and nice.,,69b995ce593993a3a6a5fa30,3,163bee13-9dc2-4a49-b0ae-cbc02de0e023,9,3,3,1,
2026-04-20 15:40:33,2026-04-20 15:45:11,IP Address,,100,277,True,2026-04-20 15:45:11,R_6PvsBMMh2Areipp,,,,,,,anonymous,EN,Very interested,,,I've never heard of it,..another participant from Prolific,..affects earnining for both you and your match,$6,0,0,3.922,0,0,0,2.007,0,11.826,44.011,55.157,4,I sent back an amount so we ended up with the same amount.,26.148,29.788,35.975,4,0,0,0.21,0,0,8,5ea98c8747b7860a96ff3c90,69e648e964394a7e32885e00,69e638d4b2228b5d05917569,7,I sent back an amount so we ended up with the same amount.,,5fc8fb4248ac3a31edbc450d,5,9f8cbf8c-cda0-4dc5-88e8-31923f0f7fb1,15,5,1,1,
2026-04-20 15:42:51,2026-04-20 15:45:20,IP Address,,100,148,True,2026-04-20 15:45:21,R_57FtV66dopCuxOx,,,,,,,anonymous,EN,Very interested,,,I've never heard of it,..another participant from Prolific,..affects earnining for both you and your match,$6,0,0,3.726,0,0,0,2.008,0,15.473,28.369,31.095,3,"I wanted to give them a little token of appreciation for evening us out, but didn't want to go into too much of a deficit doing it--So figured it would be fair if they ended up with $5 and I ended up with $4.",8.231,9.923,10.825,2,0,0,0.218,0,0,4,69bf0b5052db7cd94e849fe7,69e649758103970de3677c0d,69e638d4b2228b5d05917569,0.5,"I wanted to give them a little token of appreciation for evening us out, but didn't want to go into too much of a deficit doing it--So figured it would be fair if they ended up with $5 and I ended up with $4.",,69cb68a8d0b1ea9b20efd358,1.5,7a439d7e-7e84-40dd-bc2f-270ba1f333fc,4.5,5,1,1,
2026-04-20 15:43:17,2026-04-20 15:45:22,IP Address,,100,125,True,2026-04-20 15:45:23,R_7H4zeTmwPTylTCF,,,,,,,anonymous,EN,Very interested,,,I've never heard of it,..another participant from Prolific,..affects earnining for both you and your match,$6,0,0,3.128,0,0,0,2.005,0,10.867,10.867,13.488,1,I chose to give back the amount the player gave to me.,5.145,7.807,8.587,5,0,0,0.208,0,0,6,69453bd02b59de54f5fd947d,69e6498fe710d3156e87fdab,69e638d4b2228b5d05917569,3,I chose to give back the amount the player gave to me.,,607efe973bc5ec6e4ce31641,3,b72b36a2-2206-4d57-bd33-cac914a5dcce,9,4,2,1,
2026-04-20 15:43:14,2026-04-20 15:45:46,IP Address,,100,152,True,2026-04-20 15:45:47,R_71mGwWzZBrdhZNn,,,,,,,anonymous,EN,Very interested,,,I've never heard of it,..another participant from Prolific,..affects earnining for both you and your match,$6,0,0,6.025,0,0,0,2.013,0,8.8,11.169,12.567,2,"I decided to send back the same thing they sent me,",,,,,0,0,0.207,0,0,4,695bb5d38114e520f22270a8,69e649859fdc3bf728362b99,69e638d4b2228b5d05917569,2,"I decided to send back the same thing they sent me,",,6995ee89814ce93230b5f01b,2,51c5c7f5-fa4a-4587-b7d0-5c46228405eb,6,,,1,
2026-04-20 15:44:25,2026-04-20 15:46:12,IP Address,,100,107,True,2026-04-20 15:46:13,R_3Ij9BcE1zR0R3ju,,,,,,,anonymous,EN,Very interested,,,I've never heard of it,..another participant from Prolific,..affects earnining for both you and your match,$6,0,0,5.581,0,0,0,2.01,0,3.005,9.207,10.254,3,I like equally giving the money to share. It seems more fair that way.,,,,,0,0,0.21,0,0,3,646c323d73a3844a4331e09b,69e649c44efe1735580beffb,69e638d4b2228b5d05917569,3,I like equally giving the money to share. It seems more fair that way.,,6659f77ad4c4f91e22efb226,2,dafc950b-22c7-4689-ba31-98d26b84ce4b,6,,,1,
2026-04-20 15:44:20,2026-04-20 15:46:18,IP Address,,100,117,True,2026-04-20 15:46:18,R_7stJTZupRJCMJ7H,,,,,,,anonymous,EN,Very interested,,,I've never heard of it,..another participant from Prolific,..affects earnining for both you and your match,$6,0,0,3.741,0,0,0,2.006,0,15.844,18.61,20.029,4,My decision was because we both had an equal amount of money at that point and was already fair.,5.161,5.161,7.421,1,0,0,0.205,0,0,4.5,6686d3f4f0be19ab8a7920ef,69e649c2135b1e66e5f92457,69e638d4b2228b5d05917569,0,My decision was because we both had an equal amount of money at that point and was already fair.,,67ce066d8423f4b37bcbdde8,1.5,38939887-a634-4b5f-832e-11e42d7c51e1,4.5,5,1,1,
2026-04-20 15:43:15,2026-04-20 15:46:27,IP Address,,100,191,True,2026-04-20 15:46:27,R_2ZE2VVOfGwvnoT3,,,,,,,anonymous,EN,Very interested,,,I've never heard of it,..another participant from Prolific,..affects earnining for both you and your match,$6,0,0,3.139,0,0,0,2.013,0,28.632,28.632,29.997,1,Player 1 was very unfair and greedy,7.189,7.189,8.636,1,0,0,0.22,0,1,2.5,6734cb8c5c6a67e3eaf34c6c,69e649899a946ef1733d00c6,69e638d4b2228b5d05917569,0.5,Player 1 was very unfair and greedy,,69b8898ebeeba32a4b168f36,1,0dfa759a-f4b8-44c7-98f1-8cf63274cea2,3,4,2,1,
2026-04-20 15:43:49,2026-04-20 15:46:30,IP Address,,100,160,True,2026-04-20 15:46:31,R_76yt3NqbFZCR4jf,,,,,,,anonymous,EN,Very interested,,,I've never heard of it,..another participant from Prolific,..affects earnining for both you and your match,$6,0,0,4.918,0,0,0,2.106,0,7.703,7.703,17.594,1,"The other player didn't send me very much, so I don't feel much of an obligation to them.  Therefore, I maximized my own payout by sending back nothing.  I don't regard the distribution of money between ""Player 1"" and you (the experimenters) to have much of a moral salience.",,,,,0,0,0.211,0,1,6,6150a7aff22eb4723de2341a,69e649b0aed4c415e7728ac4,69e638d4b2228b5d05917569,0,,,66eb5adf63cae551875a7667,2,708a3a0f-c6f3-4649-89c0-eb84431778e2,6,,,1,
2026-04-20 15:44:24,2026-04-20 15:46:33,IP Address,,100,129,True,2026-04-20 15:46:33,R_7VD7uZTyndvfoQz,,,,,,,anonymous,EN,Very interested,,,I've never heard of it,..another participant from Prolific,..is irrelevant for your final payment,$6,,,,,,,,,,,,,,,,,,,,,,1,,5dd3d082ed36493b905e87dc,69e649ca1853be81f8e9baa0,69e638d4b2228b5d05917569,,,,,,,,,,1,
2026-04-20 15:41:41,2026-04-20 15:46:35,IP Address,,100,293,True,2026-04-20 15:46:35,R_1smpBCWacfdlH35,,,,,,,anonymous,EN,Very interested,,,I've never heard of it,..another participant from Prolific,..affects earnining for both you and your match,$6,0,0,7.895,0,0,0,2.107,0,2.39,7.803,9.06,5,It was just what seemed fair to me based on my needs,2.225,9.302,11.115,3,0,0,0.204,0,0,13,5dee44454d7bea4e3f4b44a6,69e6492d2fe88d3416eb4c6f,69e638d4b2228b5d05917569,5,It was just what seemed fair to me based on my needs,,69e2cd2720b8a004f3fcabd4,6,46f5761d-aa97-4e22-8d90-7cb94f2ec27d,18,4,2,1,
2026-04-20 15:41:02,2026-04-20 15:46:54,IP Address,,100,352,True,2026-04-20 15:46:55,R_6ojSmCggT8LJyGa,,,,,,,anonymous,EN,Very interested,,,I've never heard of it,..another participant from Prolific,..affects earnining for both you and your match,$6,0.873,2.511,2.936,2,0,0,2.114,0,1.326,36.891,37.601,9,"Even split. We both got our fair share. Nobody gets less than or more than and left feeling cheated. I am all aboutvwhats right is right,  wrong is wrong  and fair is fair. ",1.157,15.215,16.47,5,0,0,0.103,0,0,8,66ae787850b4069c0e3a8e14,69e64901de9cb3873302ff1f,69e638d4b2228b5d05917569,7,"Even split. We both got our fair share. Nobody gets less than or more than and left feeling cheated. I am all aboutvwhats right is right,  wrong is wrong  and fair is fair. ",,6054b8917d12e50e58f01bed,5,48c4c86f-a543-4324-bd51-d6f867a9f0c5,15,5,1,1,
2026-04-20 15:44:01,2026-04-20 15:46:54,IP Address,,100,173,True,2026-04-20 15:46:55,R_1q9FTeHy343UmAk,,,,,,,anonymous,EN,Very interested,,,I've never heard of it,..another participant from Prolific,..affects earnining for both you and your match,$6,0,0,3.387,0,0,0,2.024,0,2.961,2.961,7.497,1,I felt like it was a good middle option and I did not want to be greedy. I was also hoping they would reciprocate and send back a good amount and also not be greedy.,,,,,0,0,0.205,0,0,2.5,60ccbffae161aadb1880ad6c,69e649b90db8f25d4341f696,69e638d4b2228b5d05917569,3.5,I felt like it was a good middle option and I did not want to be greedy. I was also hoping they would reciprocate and send back a good amount and also not be greedy.,,6572244f5a6d2b943074aa73,2,e0d4bc0d-00a3-44e8-a22e-d5b963ce184d,6,,,1,
2026-04-20 15:44:27,2026-04-20 15:47:01,IP Address,,100,153,True,2026-04-20 15:47:01,R_7EyUVTIJMzo6xgh,,,,,,,anonymous,EN,Very interested,,,I've never heard of it,..another participant from Prolific,..affects earnining for both you and your match,$6,0,0,5.111,0,0,0,2.006,0,6.715,6.715,9.726,1,"I was a bit worried when I saw that I was player 2, because it meant that we might not get the highest bonus possible. However, seeing that player 1 sent the full 6 dollars exactly as I would have done, I decided it would only be fair and right to send back an even amount to maximize the bonus for both of us, which was 9 dollars. ",4.934,28.125,29.001,4,0,0,0.215,0,0,9,664fa6197cd2ac12ab45da27,69e649d4368c428c8e7fb555,69e638d4b2228b5d05917569,9,"I was a bit worried when I saw that I was player 2, because it meant that we might not get the highest bonus possible. However, seeing that player 1 sent the full 6 dollars exactly as I would have done, I decided it would only be fair and right to send back an even amount to maximize the bonus for both of us, which was 9 dollars. ",,60fd10c732b8b8975b595649,6,a38b5664-ce15-4106-885d-ef846bada92d,18,6,0,1,
2026-04-20 15:43:34,2026-04-20 15:47:08,IP Address,,100,213,True,2026-04-20 15:47:09,R_7gCkwet6jWZgyQm,,,,,,,anonymous,EN,Very interested,,,I've never heard of it,..another participant from Prolific,..affects earnining for both you and your match,$6,0,0,3.077,0,0,0,2.009,0,12.06,12.06,20.181,1,Well i feel that its the most fair option to just make sure we both got an even split. I see no reason to completely become greedy over the 3 dollars it would take to make us even.,10.617,11.319,13.301,2,0,0,0.204,0,0,6,69a5d894d35286e2b0ff3f6c,69e649a161afd9dcc5efa92a,69e638d4b2228b5d05917569,3,Well i feel that its the most fair option to just make sure we both got an even split. I see no reason to completely become greedy over the 3 dollars it would take to make us even.,,6384ec504af00dd4483f521e,3,a88631d8-ce3e-46e1-8c47-3f289991b4ef,9,4,2,1,
2026-04-20 15:42:50,2026-04-20 15:47:11,IP Address,,100,261,True,2026-04-20 15:47:11,R_8r7gqDlPpR0TV2l,,,,,,,anonymous,EN,Very interested,,,I've never heard of it,..another participant from Prolific,..affects earnining for both you and your match,$6,0,0,3.718,0,0,0,2.008,0,19.054,28.896,51.906,5,By sending me £2.5 I ended up with far more than they did so only fair to send it back,11.795,45.538,47.875,5,0,0,0.209,0,0,5,5eeca646c673fd04bba4d409,69e649720dcf8c35b19b3748,69e638d4b2228b5d05917569,2.5,By sending me £2.5 I ended up with far more than they did so only fair to send it back,,5cd47eac121337001afb9e96,2.5,7c20e499-ac53-4cad-98f4-582c2b7a0008,7.5,4.5,1.5,1,
2026-04-20 15:46:10,2026-04-20 15:47:33,IP Address,,100,83,True,2026-04-20 15:47:34,R_6jwVBMaUiUOR9d6,,,,,,,anonymous,EN,Very interested,,,I've never heard of it,..another participant from Prolific,..affects earnining for both you and your match,$6,0,0,2.345,0,0,0,2.109,0,6.649,6.649,7.759,1,I felt $4 was good to send back so that I would have had minimum $5.,5.497,5.497,6.185,1,0,0,0.215,0,0,5,6100158db3080c7b157e85f1,69e64a3c799c71d6bae26916,69e638d4b2228b5d05917569,4,I felt $4 was good to send back so that I would have had minimum $5.,,69da78cc643f30e986d59c43,3,f7e156a9-9a4a-455d-b129-dbee7b22da48,9,4,2,1,
2026-04-20 15:42:23,2026-04-20 15:47:43,IP Address,,100,320,True,2026-04-20 15:47:44,R_1ZQNv8Tj0OLQNlD,,,,,,,anonymous,EN,Very interested,,,I've never heard of it,..another participant from Prolific,..affects earnining for both you and your match,$6,0,0,3.931,0,0,0,2.107,0,15.655,15.655,20.295,1,"My understanding of the assignment is that I'm splitting the money back up for a final allocation - i.e. it is not being multiplied again, so there is no overall loss of value by only sharing half. Additionally, player one demonstrated a reasonable level of trust, and that should be rewarded.",9.644,9.644,13.845,1,0,0,0.205,0,0,7.5,69e5a3a2061d66420e02cc5d,69e6494e06713dab58b98edb,69e638d4b2228b5d05917569,7.5,"My understanding of the assignment is that I'm splitting the money back up for a final allocation - i.e. it is not being multiplied again, so there is no overall loss of value by only sharing half. Additionally, player one demonstrated a reasonable level of trust, and that should be rewarded.",,69e4159cc4aa64a035d56e57,5,55f8eb7f-bb84-42b9-bf55-5e3f884e91df,15,4,2,1,
2026-04-20 15:44:54,2026-04-20 15:47:45,IP Address,,100,170,True,2026-04-20 15:47:45,R_7rkYIXn1Ou8Gdum,,,,,,,anonymous,EN,Very interested,,,I've never heard of it,..another participant from Prolific,..affects earnining for both you and your match,$6,0,0,3.261,0,0,0,2.005,0,6.51,12.229,15.48,2,"seems fair send back half. We both win in that situation. Not that either of us will get the 9$ but hey, doesn't mean I don't want to be fair. ",8.005,8.005,9.367,1,0,0,0.204,0,0,9,69a635fcd07f55774c3d472b,69e649f07c37e4addbf2ead6,69e638d4b2228b5d05917569,9,"seems fair send back half. We both win in that situation. Not that either of us will get the 9$ but hey, doesn't mean I don't want to be fair. ",,66f578343a3ef5afed111fb9,6,4f05a7b8-5d2d-42f7-9855-bef000781401,18,3,3,1,
2026-04-20 15:45:23,2026-04-20 15:47:51,IP Address,,100,148,True,2026-04-20 15:47:51,R_2eQvw7kJWTrIKzG,,,,,,,anonymous,EN,Very interested,,,I've never heard of it,..another participant from Prolific,..affects earnining for both you and your match,$6,0,0,4.437,0,0,0,2.016,0,9.66,23.932,24.763,4,because it meant that we both had an equal amount of money ,,,,,0,0,0.206,0,0,5,6658c5911429bc1ab0372a89,69e64a048ebe69f21d4a21d3,69e638d4b2228b5d05917569,1,because it meant that we both had an equal amount of money ,,572bac993437df0008444fba,2,b7e26368-2dc9-4539-94f8-308603b42317,6,,,1,
2026-04-20 15:46:20,2026-04-20 15:48:06,IP Address,,100,105,True,2026-04-20 15:48:06,R_1jVySoKijJ8p2yA,,,,,,,anonymous,EN,Very interested,,,I've never heard of it,..another participant from Prolific,..affects earnining for both you and your match,$6,0,0,2.967,0,0,0,2.01,0,8.285,12.796,13.577,3,"Reimburses them the amount so they don't lose anything, but at least I gain something as well.",,,,,0,0,0.203,0,0,4,5a4458d856ec1100014a2a0f,69e64a435fa5f24e2d6387a8,69e638d4b2228b5d05917569,2,"Reimburses them the amount so they don't lose anything, but at least I gain something as well.",,60aab5962c85a00f1bc9631c,2,3dbe023c-1aeb-41b4-9918-69df4a24642f,6,,,1,
2026-04-20 15:44:49,2026-04-20 15:48:10,IP Address,,100,200,True,2026-04-20 15:48:10,R_7dAGtbyrRX7Xq60,,,,,,,anonymous,EN,Very interested,,,I've never heard of it,..another participant from Prolific,..affects earnining for both you and your match,$6,0,0,3.342,0,0,0,2.004,0,10.241,15.757,26.695,3,"as they withheld $2 for themselves, I removed that amount from consideration which left $10.  I split that 50/50 so we both gain $7.",8.392,10.597,38.417,2,0,0,0.103,0,0,7,676c2f977abb95e9aadd783d,69e649e34e6f26efa6bbace5,69e638d4b2228b5d05917569,5,"as they withheld $2 for themselves, I removed that amount from consideration which left $10.  I split that 50/50 so we both gain $7.",,676060d8382a3f0292c2c788,4,97714067-6ec0-41e6-b95e-2e845dfb7c54,12,5,1,1,
2026-04-20 15:45:36,2026-04-20 15:48:27,IP Address,,100,170,True,2026-04-20 15:48:27,R_7NCJnLtOtXpXTl7,,,,,,,anonymous,EN,Very interested,,,I've never heard of it,..another participant from Prolific,..affects earnining for both you and your match,$6,0,0,9.15,0,0,0,2.004,0,15.681,15.681,16.402,1,I thought it seemed pretty fair since they already had $4. ,,,,,0,0,0.204,0,0,5,6942b9546065aeb7e30fd87a,69e64a1af67dc04ba05a5fe6,69e638d4b2228b5d05917569,1,I thought it seemed pretty fair since they already had $4. ,,699632a125fb1bd95501ef4d,2,0282af87-8f38-4c2c-be96-c75869c46344,6,,,1,
2026-04-20 15:46:10,2026-04-20 15:48:43,IP Address,,100,153,True,2026-04-20 15:48:44,R_8b3jWKfoGZ1aATf,,,,,,,anonymous,EN,Very interested,,,I've never heard of it,..another participant from Prolific,..affects earnining for both you and your match,$6,0,0,3.875,0,0,0,2.008,0,5.429,8.045,9.015,3,Because i think it may affect the final winnings positively ,2.639,4.455,10.595,3,0,0,0.203,0,0,3,67d495f3fc4fd53e1c6be5db,69e649363241c5733852d4cb,69e638d4b2228b5d05917569,0,Because i think it may affect the final winnings positively ,,614778280f3a996d2b520388,1,a21df835-558f-4708-81c9-1a94fb6e9322,3,3,3,1,
2026-04-20 15:45:59,2026-04-20 15:48:51,IP Address,,100,171,True,2026-04-20 15:48:52,R_5n2udxsa4YfdvDF,,,,,,,anonymous,EN,Very interested,,,I've never heard of it,..another participant from Prolific,..affects earnining for both you and your match,$6,0,0,5.282,0,0,0,2.009,0,16.103,16.103,19.647,1,Because it made both totals equal and made up for what player 1 risked.,19.084,19.084,19.986,1,0,0,0.204,0,0,6,633c60c8542104d9d06e7090,69e64a304f63c2cd09ea32ba,69e638d4b2228b5d05917569,3,Because it made both totals equal and made up for what player 1 risked.,,69c065293aff7b572cae5252,3,76cf924b-0a60-40a4-9d30-66a642f12286,9,5,1,1,
2026-04-20 15:46:18,2026-04-20 15:48:52,IP Address,,100,154,True,2026-04-20 15:48:53,R_8Vsi5jaCw42hd8t,,,,,,,anonymous,EN,Very interested,,,I've never heard of it,..another participant from Prolific,..affects earnining for both you and your match,$6,0,0,3.679,0,0,0,2.019,0,7.972,9.244,10.632,2,player 1 would then receive more than me,5.759,16.327,17.758,2,0,0,0.214,0,0,4.5,616c83fb9916289f401fb837,69e64a415934802745a7acf1,69e638d4b2228b5d05917569,0,player 1 would then receive more than me,,66a2d5e0b07c184f3ec66f38,1.5,f873cf8d-667a-4c1f-a5a0-dc92a5823d25,4.5,5,1,1,
2026-04-20 15:46:20,2026-04-20 15:48:52,IP Address,,100,152,True,2026-04-20 15:48:53,R_7ZOFDNHfr3V7EQx,,,,,,,anonymous,EN,Very interested,,,I've never heard of it,..another participant from Prolific,..affects earnining for both you and your match,$6,0,0,13.64,0,0,0,2.11,0,6.962,11.014,12.143,4,I gave them their money back.,4.876,6.553,8.281,2,0,0,0.216,0,0,1,650af20a70328dddf0a8d35d,69e64a4241911960e7eafdbe,69e638d4b2228b5d05917569,0.5,I gave them their money back.,,69ce9895480515f5829146f8,0.5,b28c79fa-e024-43b2-84f0-08b05f3c582b,1.5,4,2,1,
2026-04-20 15:47:05,2026-04-20 15:49:11,IP Address,,100,125,True,2026-04-20 15:49:11,R_2xKtqU8EAvNs3G2,,,,,,,anonymous,EN,Very interested,,,I've never heard of it,..another participant from Prolific,..affects earnining for both you and your match,$6,0,0,2.501,0,0,0,2.007,0,5.821,9.484,14.438,2,"The player did not allocate the money fairly, so I chose not to send anything back.",15.214,15.214,18.46,1,0,0,0.209,0,0,1.5,6695278758244f9d6186746e,69e64a746a20d1af01f92464,69e638d4b2228b5d05917569,0,"The player did not allocate the money fairly, so I chose not to send anything back.",,698f6c58c77d1323bbb07d87,0.5,2a1f64ee-2a66-4c3e-8979-5b373e080131,1.5,5,1,1,
2026-04-20 15:45:42,2026-04-20 15:49:11,IP Address,,100,208,True,2026-04-20 15:49:12,R_12lRim9W9htMHWg,,,,,,,anonymous,EN,Very interested,,,I've never heard of it,..another participant from Prolific,..affects earnining for both you and your match,$6,0,0,2.785,0,0,0,2.108,0,44.14,46.451,47.868,2,I decided to return $3 to player one so that we both get $6 if applicable,15.271,16.367,19.576,2,0,0,0.215,0,0,6,5e52a7cc53ecf12b883e1e1f,69e64a1e67a1db7d80435352,69e638d4b2228b5d05917569,3,I decided to return $3 to player one so that we both get $6 if applicable,,69cd5149cf6fc07126897938,3,4de17bac-b891-4e6b-bbad-0c97f6d9f5c3,9,4,2,1,
2026-04-20 15:45:52,2026-04-20 15:49:19,IP Address,,100,207,True,2026-04-20 15:49:20,R_8E6VjAWbYBWDG9h,,,,,,,anonymous,EN,Very interested,,,I've never heard of it,..another participant from Prolific,..affects earnining for both you and your match,$6,0,0,2.791,0,0,0,2.12,0,21.612,29.976,36.373,2,"I chose to send half of what I received, resulting in fairly sharing the money.",16.831,22.225,26.887,2,0,0,0.211,0,0,9,601b0712b0701c46459aab27,69e64a1687aa5d2b9de44ac5,69e638d4b2228b5d05917569,9,"I chose to send half of what I received, resulting in fairly sharing the money.",,69d14cbd115cb35a83b2a23b,6,1aa6af04-1bb4-414d-a9e1-fb033e3a8d8d,18,4,2,1,
2026-04-20 15:46:58,2026-04-20 15:49:47,IP Address,,100,169,True,2026-04-20 15:49:48,R_72inT3pdbx0zzKs,,,,,,,anonymous,EN,Very interested,,,I've never heard of it,..another participant from Prolific,..affects earnining for both you and your match,$6,0,0,4.601,0,0,0,2.008,0,8.497,23.845,24.923,5,"I chose to send three dollars back because that means that Player 1 and I would each get $6 for completing the survey, which is fair.",15.294,15.294,16.747,1,0,0,0.208,0,0,6,69dc285865a72c0a72bb3b47,69e64a6a9ffabd4afb93c3d5,69e638d4b2228b5d05917569,3,"I chose to send three dollars back because that means that Player 1 and I would each get $6 for completing the survey, which is fair.",,69d959b8247f8be4f2554ee0,3,6013be65-2f95-475a-8aa6-58ac4d533fbd,9,2,4,1,
2026-04-20 15:46:44,2026-04-20 15:49:52,IP Address,,100,187,True,2026-04-20 15:49:52,R_7rDBSiTbjgW6p0b,,,,,,,anonymous,EN,Very interested,,,I've never heard of it,..another participant from Prolific,..affects earnining for both you and your match,$6,0,0,3.463,0,0,0,2.12,0,16.499,18.119,20.609,2,I felt that it would be fair to player 1 if I return to them the amount they had sent to me.,10.886,10.886,12.741,1,0,0,0.211,0,0,3,67c8750c5b1fe9a716eb29fc,69e64a5b96ac92aab18b2ffb,69e638d4b2228b5d05917569,1.5,I felt that it would be fair to player 1 if I return to them the amount they had sent to me.,,65e0d81acca2780f6d77bbe2,1.5,3dc1a66e-f824-4cd1-9729-8a225e9d85a0,4.5,4,2,1,
2026-04-20 15:46:27,2026-04-20 15:50:29,IP Address,,100,242,True,2026-04-20 15:50:30,R_2u3EfODZygosoDv,,,,,,,anonymous,EN,Very interested,,,I've never heard of it,..another participant from Prolific,..affects earnining for both you and your match,$6,0,0,4.389,0,0,0,2.01,0,10.258,10.258,28.551,1,"Equal, I would have always made the amount equal regardless.",33.985,90.793,96.087,4,0,0,0.213,0,1,9,66817942f1c5bffd6b0a826e,69e64a4b7a171d8a2f794915,69e638d4b2228b5d05917569,9,"Equal, I would have always made the amount equal regardless.",,5ba60abd9629a90001b36fdc,6,d94617c4-2cff-4dad-8eb9-b72eb6a2172e,18,5,1,1,
2026-04-20 15:46:00,2026-04-20 15:50:30,IP Address,,100,270,True,2026-04-20 15:50:31,R_7DelaN8LDA5v9nf,,,,,,,anonymous,EN,Very interested,,,I've never heard of it,..another participant from Prolific,..affects earnining for both you and your match,$6,0,0,2.607,0,0,0,2.122,0,23.383,25.391,32.529,2,I sent $3.00 back so that we have an equal amount,16.497,23.874,28.189,5,0,0,0.221,0,1,6,69c150614bbd89556b69b9c1,69e64a2d8588be3fba732610,69e638d4b2228b5d05917569,3,I sent $3.00 back so that we have an equal amount,,6778e99ec8e4ef399d46f85d,3,9f48b716-2b5a-42f0-ba5e-7342786989cb,9,4,2,1,
2026-04-20 15:48:39,2026-04-20 15:50:37,IP Address,,100,117,True,2026-04-20 15:50:37,R_1qP4SSs5r0Cgt2U,,,,,,,anonymous,EN,Very interested,,,I've never heard of it,..another participant from Prolific,..affects earnining for both you and your match,$6,0,0,3.201,0,0,0,2.113,0,5.102,5.102,10.947,1,I get less than player one even after the multiplier.,7.336,9.122,10.074,4,0,0,0.202,0,0,4.5,69c103ae8ca3dc179590cfd2,69e64ad1405fba00e4b7fc4d,69e638d4b2228b5d05917569,0,I get less than player one even after the multiplier.,,5ea9cf685ce96d13164b381a,1.5,c0cdbecd-1766-42bc-9b31-211840e492fc,4.5,6,0,1,
2026-04-20 15:47:24,2026-04-20 15:50:39,IP Address,,100,194,True,2026-04-20 15:50:39,R_6CqfnddbV7WULrp,,,,,,,anonymous,EN,Very interested,,,I've never heard of it,..another participant from Prolific,..affects earnining for both you and your match,$6,0,0,3.286,0,0,0,2.109,0,4.801,7.454,11.09,2,It seemed fair that I would return the $2 that the other player sent to me so that's the amount I chose. I need the money so I did not choose to send more than that. I didn't want to cost the other player anything but I also did not feel obligated to have them make more than what they originally spent.,,,,,0,0,0.22,0,0,4,6679dc943f855ba978447c25,69e64a8470c078a8202fe88f,69e638d4b2228b5d05917569,2,It seemed fair that I would return the $2 that the other player sent to me so that's the amount I chose. I need the money so I did not choose to send more than that. I didn't want to cost the other player anything but I also did not feel obligated to have them make more than what they originally spent.,,69dcfdf1eff30c894d7b5f0d,2,84a70c4a-8782-422f-9df6-0f105f108c57,6,,,1,
2026-04-20 15:46:26,2026-04-20 15:50:41,IP Address,,100,254,True,2026-04-20 15:50:41,R_5FRNWSabCe6G7Fw,,,,,,,anonymous,EN,Very interested,,,I've never heard of it,..another participant from Prolific,..affects earnining for both you and your match,$6,0,0,5.146,0,0,0,2.118,0,10.22,14.323,15.803,2,I wanted to show my appreciation but keep most of it for myself.,,,,,0,0,0.213,0,0,5,5f97525e873236100b213eaa,69e64a357e759a2fdbf45484,69e638d4b2228b5d05917569,1,I wanted to show my appreciation but keep most of it for myself.,,67811728a568ed1f8a58c8d8,2,f49e038d-e004-4c66-b63a-dbe22ba7866a,6,,,1,
2026-04-20 15:47:21,2026-04-20 15:50:43,IP Address,,100,202,True,2026-04-20 15:50:43,R_2smimvr4GyziLoe,,,,,,,anonymous,EN,Very interested,,,I've never heard of it,..another participant from Prolific,..affects earnining for both you and your match,$6,0,0,3.886,0,0,0,2.113,0,17.353,23.012,26.205,2,I gave back what was given to me. ,10.955,10.955,13.155,1,0,0,0.212,0,0,3,616c380ec7e2787b3631ac40,69e64a7aea08358fb5c9b5c4,69e638d4b2228b5d05917569,1.5,I gave back what was given to me. ,,60dfa6a5a12413b99195c3de,1.5,2ceef2fe-e1c7-4ab8-94ed-5b2f8eae4799,4.5,4,2,1,
2026-04-20 15:46:28,2026-04-20 15:50:50,IP Address,,100,262,True,2026-04-20 15:50:51,R_7ixtPLUFXf3OdlD,,,,,,,anonymous,EN,Very interested,,,I've never heard of it,..another participant from Prolific,..affects earnining for both you and your match,$6,0,0,2.859,0,0,0,2.015,0,16.557,61.597,72.497,2,We will both leave with $5,,,,,0,0,0.224,0,0,5,66465bc3e981d84abaedde48,69e64a4fc643c34ce443075b,69e638d4b2228b5d05917569,1,We will both leave with $5,,6516faa7fe0884acf2ada266,2,4131099f-00ac-4700-ad40-4c7bf1d67463,6,,,1,
2026-04-20 15:47:50,2026-04-20 15:50:52,IP Address,,100,182,True,2026-04-20 15:50:53,R_31N2hclWMoFacyo,,,,,,,anonymous,EN,Very interested,,,I've never heard of it,..another participant from Prolific,..affects earnining for both you and your match,$6,0,0,3.858,0,0,0,2.014,0,9.738,9.738,11.829,1,Player 1 is expecting equal payment so is not expecting  me to send anything back.,14.258,31.833,37.595,3,0,0,0.209,0,0,4.5,6518dc5a753b188afdddeeb7,69e64aa0688dd73d3e69de97,69e638d4b2228b5d05917569,0,Player 1 is expecting equal payment so is not expecting  me to send anything back.,,63eb2becc8df9ebd3464ee30,1.5,b1ea664c-bed8-41c8-80ec-475e0cca1310,4.5,5.5,0.5,1,
2026-04-20 15:48:34,2026-04-20 15:50:53,IP Address,,100,138,True,2026-04-20 15:50:53,R_1GNpON3nSC3cD7P,,,,,,,anonymous,EN,Very interested,,,I've never heard of it,..another participant from Prolific,..affects earnining for both you and your match,$6,0,0,5.223,0,0,0,2.004,0,5.9,7.958,10.77,2,i just decided to keep half for me and return the other half,,,,,0,0,0.207,0,0,3,697a3cfce5b53d928795bd55,69e64acd8199c58e8c9f76cb,69e638d4b2228b5d05917569,3,i just decided to keep half for me and return the other half,,651ac44e976df13fd9976888,2,7486f874-5ba3-4010-9073-e2605ccd3d0c,6,,,1,
2026-04-20 15:46:01,2026-04-20 15:51:03,IP Address,,100,302,True,2026-04-20 15:51:04,R_7kKWMagoFbsdwkY,,,,,,,anonymous,EN,Very interested,,,I've never heard of it,..another participant from Prolific,..affects earnining for both you and your match,$6,0,0,2.932,0,0,0,2.107,0,10.243,12.171,20.405,2,That gives us both the same amount at the end of the study.,7.236,11.18,13.039,5,0,0,0.21,0,0,4.5,67f078a4424ed89739827b18,69e64a32df2c535dd9b1e7a8,69e638d4b2228b5d05917569,0,That gives us both the same amount at the end of the study.,,67886304e14cde87368e3688,1.5,c58329c7-7fc9-4ade-8980-c4599d2ee5d5,4.5,6,0,1,
2026-04-20 15:46:44,2026-04-20 15:51:04,IP Address,,100,259,True,2026-04-20 15:51:04,R_6EMnFNmS7oy6Otj,,,,,,,anonymous,EN,Very interested,,,I've never heard of it,..another participant from Prolific,..affects earnining for both you and your match,$6,0,0,3.533,0,0,0,2.003,0,41.661,43.677,44.963,2,"I chose to send back $4.50 because It was better to split the total amount evenly, making the outcome fair for both players.",27.716,29.2,30.168,2,0,0,0.203,0,0,4.5,698f8939f5744af4238105c2,69e64a5f751b1040109519bb,69e638d4b2228b5d05917569,4.5,"I chose to send back $4.50 because It was better to split the total amount evenly, making the outcome fair for both players.",,5e596c7962d4f9027fc4b594,3,78bcc02f-bcfa-45ff-a4a1-9bcce8272cb4,9,3,3,1,
2026-04-20 15:49:13,2026-04-20 15:51:07,IP Address,,100,113,True,2026-04-20 15:51:07,R_2mjzSXQmablYshX,,,,,,,anonymous,EN,Very interested,,,I've never heard of it,..another participant from Prolific,..affects earnining for both you and your match,$6,0,0,2.972,0,0,0,2.114,0,7.097,16.945,26.589,2,it seemed fair to reward player one for their fairness.,8.268,8.268,12.912,1,0,0,0.204,0,0,6,6716152e33a2af901d7e9196,69e64af48880a7caea9dde81,69e638d4b2228b5d05917569,3,it seemed fair to reward player one for their fairness.,,6994e3f96ad1ea7169cbb833,3,1a163fc6-cadc-4f24-9607-211c817bf1bf,9,5,1,1,
2026-04-20 15:37:05,2026-04-20 15:51:15,IP Address,,100,850,True,2026-04-20 15:51:16,R_75HZMmd1ovA5FWF,,,,,,,anonymous,EN,Very interested,,,I've never heard of it,..another participant from Prolific,..affects earnining for both you and your match,$6,0,0,4.576,0,0,0,2.008,0,48.514,50.006,52.01,2,to have a equal amount between us both,,,,,0,0,0.208,0,1,3,69e068275b35227f75149e02,69e6480eec2ed4c0a69df0e9,69e638d4b2228b5d05917569,3,to have a equal amount between us both,,5eb6f666c792cd6143878d27,2,65a013e4-948f-42c3-bdb3-db8bedfad99b,6,,,1,
2026-04-20 15:48:57,2026-04-20 15:52:00,IP Address,,100,183,True,2026-04-20 15:52:01,R_3n3c7qJfBUqAOGJ,,,,,,,anonymous,EN,Very interested,,,I've never heard of it,..another participant from Prolific,..affects earnining for both you and your match,$6,0,0,2.798,0,0,0,2.008,0,1.401,8.033,12.048,2,"Since I received a total of $9, sending back $3 would put us both at $6, which I find is fair for both sides. ",27.164,31.481,32.1,3,0,0,0.212,0,1,6,69afac83a8c233e6b986654d,69e64ae3fa53e1a17b1a2dc8,69e638d4b2228b5d05917569,3,"Since I received a total of $9, sending back $3 would put us both at $6, which I find is fair for both sides. ",,664232499edbff76093f6a37,3,fc5419a1-6e4c-4eae-b158-7b9823f751d0,9,5,1,1,
2026-04-20 15:46:58,2026-04-20 15:52:25,IP Address,,100,327,True,2026-04-20 15:52:25,R_2INvUA3kaPengt3,,,,,,,anonymous,EN,Very interested,,,I've never heard of it,..another participant from Prolific,..affects earnining for both you and your match,$6,0,0,2.628,0,0,0,2.014,0,12.79,27.764,30.699,4,I felt it would be fair to split the money as player 1 was generous sending me $6.00,25.416,30.175,43.126,4,0,0,0.209,0,0,9,6622b783843f78cf5354e223,69e64a644d2aa0e03dd775be,69e638d4b2228b5d05917569,9,I felt it would be fair to split the money as player 1 was generous sending me $6.00,,6945baede12ca10e74fbf737,6,e33dc686-5063-4aa9-841a-08fa0a0b5d8b,18,3,3,1,
2026-04-20 15:44:43,2026-04-20 15:52:26,IP Address,,100,462,True,2026-04-20 15:52:27,R_7D1weGytDB3EKRh,,,,,,,anonymous,EN,Very interested,,,I've never heard of it,..another participant from Prolific,..affects earnining for both you and your match,$6,0,0,2.556,0,0,0,2.01,0,13.94,39.093,40.621,4,I want to keep the majority of the money,21.106,27.146,27.852,3,0,0,0.207,0,0,6.5,65c91633d679df7e9d771301,69e649a2c13c07791fe26933,69e638d4b2228b5d05917569,2.5,I want to keep the majority of the money,,65e73d9b18c64807e50d2622,3,7da42946-6239-48a8-add4-fec4fa001423,9,4.5,1.5,1,
2026-04-20 15:47:31,2026-04-20 15:52:34,IP Address,,100,302,True,2026-04-20 15:52:34,R_3Dbepy3uaECuw0P,,,,,,,anonymous,EN,Very interested,,,I've never heard of it,..another participant from Prolific,..affects your match earnings,$6,,,,,,,,,,,,,,,,,,,,,,1,,69db465906862f784a852cd9,69e64a86cde6203b31d97add,69e638d4b2228b5d05917569,,,,,,,,,,1,
2026-04-20 15:50:25,2026-04-20 15:52:36,IP Address,,100,130,True,2026-04-20 15:52:36,R_6hDUdl8AS9IAU8K,,,,,,,anonymous,EN,Very interested,,,I've never heard of it,..another participant from Prolific,..affects earnining for both you and your match,$6,0,0,3.342,0,0,0,2.019,0,10.086,10.086,11.875,1,I think this amount is fair for both of us.,26.508,26.508,27.817,1,0,0,0.213,0,1,4,6108708cc133f82c35c00f12,69e64b269f13634ea69553c0,69e638d4b2228b5d05917569,3.5,I think this amount is fair for both of us.,,5f37d5b7d064d627ab3e9655,2.5,8f904dff-9aa3-4aae-a40f-6b33ce2c923c,7.5,3.5,2.5,1,
2026-04-20 15:49:56,2026-04-20 15:52:37,IP Address,,100,160,True,2026-04-20 15:52:37,R_3UkpNO3vc9AElwt,,,,,,,anonymous,EN,Very interested,,,I've never heard of it,..another participant from Prolific,..affects earnining for both you and your match,$6,0,0,3.089,0,0,0,2.117,0,8.83,11.07,12.26,2,i gave back the extra 3 bucks i recieved to make them whole again,10.143,10.143,12.716,1,0,0,0.22,0,0,6,653b00b25d4734b333b03fc9,69e64b18de5a2370aa6a7f95,69e638d4b2228b5d05917569,3,i gave back the extra 3 bucks i recieved to make them whole again,,62728884995a1a76605d0214,3,9da4cf51-7628-4f0d-bd97-d65e01e1e706,9,5,1,1,
2026-04-20 15:47:16,2026-04-20 15:52:40,IP Address,,100,324,True,2026-04-20 15:52:40,R_6BQoB61Xsz14z85,,,,,,,anonymous,EN,Very interested,,,I've never heard of it,..another participant from Prolific,..affects earnining for both you and your match,$6,0,0,3.187,0,0,0,2.112,0,11.724,27.976,29.683,11,There is nothing for loose and Iwill never know Player 2.,14.568,16.347,18.315,2,0,0,0.22,0,0,3,69a4dcf76c36c5cd3574b66a,69e64a7a69bbc18ad3e5dec1,69e638d4b2228b5d05917569,0,There is nothing for loose and Iwill never know Player 2.,,67e923d008c9e3479c33f071,1,99e6f8c1-379b-41fc-98b5-5c2dd588be85,3,5,1,1,
2026-04-20 15:50:10,2026-04-20 15:52:40,IP Address,,100,149,True,2026-04-20 15:52:40,R_8exkVelApoCbo1w,,,,,,,anonymous,EN,Very interested,,,I've never heard of it,..another participant from Prolific,..affects earnining for both you and your match,$6,0,0,3.301,0,0,0,2.003,0,16.427,18.659,22.61,2,"It means we both end up with six dollars, which is fair",15.814,29.813,36.131,6,0,0,0.202,0,0,6,5ec1100f4b759c51d1d98554,69e64b2a9c64e8d292e6cc4f,69e638d4b2228b5d05917569,3,"It means we both end up with six dollars, which is fair",,69acc3c775337f87fa0577ac,3,4cfb40c4-cae1-4e33-8320-e2524bd9fd52,9,5,1,1,
2026-04-20 15:48:56,2026-04-20 15:52:40,IP Address,,100,224,True,2026-04-20 15:52:42,R_1Zgmn5t3454e5s5,,,,,,,anonymous,EN,Very interested,,,I've never heard of it,..another participant from Prolific,..affects earnining for both you and your match,$6,0,0,2.469,0,0,0,2.121,0,36.158,38.648,52.704,2,I chose to send back $1 because that means both Player 1 and I would end up with $5. Just trying to be 'fair'.,,,,,0,0,0.207,0,0,5,69ded44d321aa911bd3b1f72,69e64adfb49da29c1ce0b72e,69e638d4b2228b5d05917569,1,I chose to send back $1 because that means both Player 1 and I would end up with $5. Just trying to be 'fair'.,,69e1275da4f2f9505df37b27,2,f1646f80-d681-48ac-abfb-8c77a2cc9e2a,6,,,1,
2026-04-20 15:49:52,2026-04-20 15:52:45,IP Address,,100,172,True,2026-04-20 15:52:46,R_3S93PlSOzoYtb7r,,,,,,,anonymous,EN,Very interested,,,I've never heard of it,..another participant from Prolific,..affects earnining for both you and your match,$6,0,0,3.001,0,0,0,2.113,0,5.43,10.153,11.975,5,I want to ensure we both receive a fair amount and not be greedy. I don't know the other person but morally i want to be able to feel i made a good choice.,6.428,6.428,8.099,1,0,0,0.215,0,0,4.5,69e4374e1216cce9718e29f8,69e64b187d208b188e680236,69e638d4b2228b5d05917569,4.5,I want to ensure we both receive a fair amount and not be greedy. I don't know the other person but morally i want to be able to feel i made a good choice.,,69dccfa42c3cb1289882cc74,3,ab1e3c00-8176-44a6-8d5a-60dd706374a5,9,3,3,1,
2026-04-20 15:50:39,2026-04-20 15:53:11,IP Address,,100,152,True,2026-04-20 15:53:12,R_3EXLdgHbqrZ6Y4N,,,,,,,anonymous,EN,Very interested,,,I've never heard of it,..another participant from Prolific,..affects earnining for both you and your match,$6,0,0,2.466,0,0,0,2.108,0,7.727,9.21,19.949,3,They gave me essentially 6 dollars when i had nothing and me giving them back 3 gives them $1 more than they started with.,,,,,0,0,0.204,0,0,3,63d450e0e097e07d95fe84ea,69e64b48f17f82e9694cb73e,69e638d4b2228b5d05917569,3,They gave me essentially 6 dollars when i had nothing and me giving them back 3 gives them $1 more than they started with.,,680edc2ce6d9936549c64809,2,2d826880-28c7-4d9c-b711-3894e11cd965,6,,,1,
2026-04-20 15:47:48,2026-04-20 15:53:15,IP Address,,100,326,True,2026-04-20 15:53:15,R_3HAAU5JRDxplDuC,,,,,,,anonymous,EN,Very interested,,,I've never heard of it,..another participant from Prolific,..affects earnining for both you and your match,$6,0,0,5.009,0,0,0,2.015,0,20.864,22.864,24.611,2," Every time something like this research paper comes up, I always end up giving back more than I keep. I decided this time to keep more than I gave.",7.816,14.168,15.484,3,0,0,0.104,0,0,10,69a1a6786c969475b1add3c5,69e64a9a26a2638ffa7a53e2,69e638d4b2228b5d05917569,5," Every time something like this research paper comes up, I always end up giving back more than I keep. I decided this time to keep more than I gave.",,5f387a91c150681609c759f9,5,6beb8d46-b28c-440b-bc1f-76f710145f86,15,5,1,1,
2026-04-20 15:48:12,2026-04-20 15:53:32,IP Address,,100,319,True,2026-04-20 15:53:32,R_3bUAQrYQZ0WTtM4,,,,,,,anonymous,EN,Very interested,,,I've never heard of it,..another participant from Prolific,..affects earnining for both you and your match,$6,0,0,3.125,0,0,0,2.019,0,9.229,14.267,16.004,5,"I chose that because that was what the other participant sent me, so I was trying to be fair. ",9.141,13.26,14.674,3,0,0,0.211,0,0,6,5831f08ebfb3b400015a6ad4,69e64ab16a19f19f9097e6bf,69e638d4b2228b5d05917569,3,"I chose that because that was what the other participant sent me, so I was trying to be fair. ",,6942ef4bdce7331561b85bf2,3,056d991d-f2d4-43a1-98ed-d87b6624c5cc,9,4,2,1,
2026-04-20 15:48:52,2026-04-20 15:54:13,IP Address,,100,321,True,2026-04-20 15:54:13,R_3JaNwRDNXV9u2Yp,,,,,,,anonymous,EN,Very interested,,,I've never heard of it,..another participant from Prolific,..affects earnining for both you and your match,$6,0,0,3.291,0,0,0,2.007,0,13.204,34.638,35.758,3,"Because they sent me the entire $6 I thought it would be the most fair to not only send them back half of the money so we both benefit, but also an extra dollar since they were generous enough to send me all $6.",7.045,38.995,40.851,2,0,0,0.208,0,0,8,65961fb3eace7483b2a7536e,69e64ac99912c73354fb1213,69e638d4b2228b5d05917569,10,"Because they sent me the entire $6 I thought it would be the most fair to not only send them back half of the money so we both benefit, but also an extra dollar since they were generous enough to send me all $6.",,5eaefa172e29805e3fc8081c,6,ca5120c2-19da-4a1b-9f91-0a3ce28a45c9,18,3.5,2.5,1,
2026-04-20 15:51:26,2026-04-20 15:54:21,IP Address,,100,175,True,2026-04-20 15:54:21,R_6do3It83DtE4P3c,,,,,,,anonymous,EN,Very interested,,,I've never heard of it,..another participant from Prolific,..affects earnining for both you and your match,$6,0,0,2.264,0,0,0,2.106,0,20.76,23.827,25.015,3,He received a higher amount initially.,8.417,9.397,10.802,2,0,0,0.205,0,0,4.5,65da0c93826bdadcf98372a9,69e64b74b66718166c768056,69e638d4b2228b5d05917569,0,He received a higher amount initially.,,637f61f07d43cd7252233f7a,1.5,07199623-3567-4da4-833d-32dd8332c075,4.5,6,0,1,
2026-04-20 15:52:41,2026-04-20 15:54:34,IP Address,,100,113,True,2026-04-20 15:54:35,R_1ozt2R3OU3inWj0,,,,,,,anonymous,EN,Very interested,,,I've never heard of it,..another participant from Prolific,..affects earnining for both you and your match,$6,0,0,4.523,0,0,0,2.007,0,16.105,19.935,21.054,2,It seems fair both sides.,,,,,0,0,0.209,0,0,3,64309be1d7d085ed8ee4c129,69e64bbe3dcfd7046193f32e,69e638d4b2228b5d05917569,3,It seems fair both sides.,,6705a08c56fb496777c48189,2,deaa69d1-3a81-4160-ba95-3dfbcfd8b459,6,,,1,
2026-04-20 15:50:49,2026-04-20 15:54:35,IP Address,,100,225,True,2026-04-20 15:54:36,R_5nks6AYCVUREjud,,,,,,,anonymous,EN,Very interested,,,I've never heard of it,..another participant from Prolific,..affects earnining for both you and your match,$6,0,0,3.808,0,0,0,2.007,0,4.435,51.798,52.777,3,"I chose to send back the full $6 because I wanted to reward Player 1 for their trust in sending me money. Since their initial investment created this value, I felt they deserved to receive the full benefit of the multiplication.",,,,,0,0,0.213,0,0,0,673f3cd975d4eab135cdad88,69e64b2e89d2d5056226b1bd,69e638d4b2228b5d05917569,6,"I chose to send back the full $6 because I wanted to reward Player 1 for their trust in sending me money. Since their initial investment created this value, I felt they deserved to receive the full benefit of the multiplication.",,69ac5ff310d92c290e0f7404,2,180bfb35-1c8a-40c9-b4e3-45c0d5304583,6,,,1,
2026-04-20 15:53:21,2026-04-20 15:54:36,IP Address,,100,74,True,2026-04-20 15:54:36,R_5VwMsXLvNJopNjz,,,,,,,anonymous,EN,Very interested,,,I've never heard of it,..another participant from Prolific,..affects earnining for both you and your match,$6,0,0,2.629,0,0,0,2.008,0,2.973,13.223,14.701,2,It seems like a tiny amount to bicker over,1.28,9.282,9.86,3,0,0,0.102,0,0,3,6679cfba14b59d3f748dd414,69e64bec063cfe0ca372955c,69e638d4b2228b5d05917569,1.5,It seems like a tiny amount to bicker over,,641362814388f1a19e56e213,1.5,9e70babb-071e-4621-a545-1db342ae61d6,4.5,3,3,1,
2026-04-20 15:52:20,2026-04-20 15:54:41,IP Address,,100,141,True,2026-04-20 15:54:42,R_1QDckiv3QHNvYxq,,,,,,,anonymous,EN,Very interested,,,I've never heard of it,..another participant from Prolific,..affects earnining for both you and your match,$6,0,0,2.547,0,0,0,2.118,0,13.385,16.523,18.145,3,I chose that amount because I thought it was fair.,,,,,0,0,0.21,0,0,5,6518353efd6c167905451597,69e64ba7913617cb1e2dd90f,69e638d4b2228b5d05917569,1,I chose that amount because I thought it was fair.,,69dfc80acfee5e3693080e2e,2,a5dab1c9-3223-4a00-ba47-0e1171c22243,6,,,1,
2026-04-20 15:51:49,2026-04-20 15:55:10,IP Address,,100,201,True,2026-04-20 15:55:11,R_6VaVZGzQaF1EVez,,,,,,,anonymous,EN,Very interested,,,I've never heard of it,..another participant from Prolific,..affects earnining for both you and your match,$6,0,0,2.447,0,0,0,2.107,0,22.585,25.655,27.036,3,"I sent back $2 so they would have the same amount as I would have.  I feel sometimes it's important to be fair, even though they only sent me two dollars.",,,,,0,0,0.217,0,1,4,69af2d4a76960d56536dab00,69e64b8dfd79200259ea2a79,69e638d4b2228b5d05917569,2,"I sent back $2 so they would have the same amount as I would have.  I feel sometimes it's important to be fair, even though they only sent me two dollars.",,69d2837fa6c4581e6db491a3,2,a716b203-c443-4100-9940-d3af1fcb540d,6,,,1,
2026-04-20 15:47:55,2026-04-20 15:55:18,IP Address,,100,442,True,2026-04-20 15:55:18,R_1xMCveIoEJ4TYQx,,,,,,,anonymous,EN,Very interested,,,I've never heard of it,..another participant from Prolific,..affects earnining for both you and your match,$6,0,0,3.001,0,0,0,2.025,0,57.737,57.737,69.011,1,"Player 1 didn't trust me apparently, and did not try to fully maximize the triple earnings. I would have sent fair earnings back, but since their 1.50 has earned me 4.50, and they have 4.50- i am keeping it fair and even by not returning anything.",36.703,36.703,37.949,1,0,0,0.217,0,0,4.5,5a973b8235237b0001127686,69e6498625220fdcf0d56a2b,69e638d4b2228b5d05917569,0,"Player 1 didn't trust me apparently, and did not try to fully maximize the triple earnings. I would have sent fair earnings back, but since their 1.50 has earned me 4.50, and they have 4.50- i am keeping it fair and even by not returning anything.",,59d68c3fe776fd00015ec519,1.5,c2404a9e-ad84-4abd-8da3-481f90994cfd,4.5,5,1,1,
2026-04-20 15:52:08,2026-04-20 15:55:20,IP Address,,100,191,True,2026-04-20 15:55:20,R_85ZbuuqUELlqyqt,,,,,,,anonymous,EN,Very interested,,,I've never heard of it,..another participant from Prolific,..affects earnining for both you and your match,$6,0,0,2.698,0,0,0,2.005,0,17.528,21.108,26.933,3,I chose this amount because that is the amount that would make both bonus payments equal which I think is the most fair option.,41.247,42.243,44.985,2,0,0,0.215,0,0,6,55b765befdf99b0416ce5382,69e64ba127c31c603decbc91,69e638d4b2228b5d05917569,3,I chose this amount because that is the amount that would make both bonus payments equal which I think is the most fair option.,,6982609f5992184b909c3dfe,3,3b7eecfe-fadb-4614-811b-c2f712a4941f,9,5,1,1,
2026-04-20 15:52:50,2026-04-20 15:55:22,IP Address,,100,151,True,2026-04-20 15:55:22,R_1e2Vc2DAwT27Nbr,,,,,,,anonymous,EN,Very interested,,,I've never heard of it,..another participant from Prolific,..affects earnining for both you and your match,$6,0,0,3.292,0,0,0,2.024,0,6.318,10.494,11.353,2,I sent back 9 dollars because this means we both get the same amount,3.636,5.075,5.766,2,0,0,0.204,0,1,9,5f72312763fd391320f3e599,69e64bc5309f98e5cb41f674,69e638d4b2228b5d05917569,9,I sent back 9 dollars because this means we both get the same amount,,698133f2f378666ef4c7965c,6,382fc794-8603-45dd-ae08-5b577aeb6dfe,18,3,3,1,
2026-04-20 15:50:41,2026-04-20 15:55:24,IP Address,,100,282,True,2026-04-20 15:55:24,R_7JKqwwbtH2if7wd,,,,,,,anonymous,EN,Very interested,,,I've never heard of it,..another participant from Prolific,..affects earnining for both you and your match,$6,0,0,2.522,0,0,0,2.11,0,9.8,74.369,83.158,10,"I chose that amount so that we could both end up with the same amount of money earned. If they sent me $2 out of the 6, that meant that they still had $4 left over while I gain $6. I send back $1, allowing them to have $5 now. Since I sent back a dollar, that would mean I also have $5 too.",,,,,0,0,0.204,0,0,5,69adb87bbc3818cbb29fbfa6,69e64af1c7f371070bb788b6,69e638d4b2228b5d05917569,1,"I chose that amount so that we could both end up with the same amount of money earned. If they sent me $2 out of the 6, that meant that they still had $4 left over while I gain $6. I send back $1, allowing them to have $5 now. Since I sent back a dollar, that would mean I also have $5 too.",,69bf3d9ff4ad85c51ac4469a,2,0cc3fc96-eb44-4e67-a6d6-0cb000d6b945,6,,,1,
2026-04-20 15:53:18,2026-04-20 15:55:34,IP Address,,100,135,True,2026-04-20 15:55:34,R_1VQIRSSFNWAKzqV,,,,,,,anonymous,EN,Very interested,,,I've never heard of it,..another participant from Prolific,..affects earnining for both you and your match,$6,0,0,2.953,0,0,0,2.117,0,9.91,25.094,26.142,2,"I felt like it would be fair for both of us to have the same amount. They took a risk to send me money and I feel it would be my responsibility to make sure I send them back at least the same amount they started with, because they could have kept it all for themselves. ",9.307,9.307,10.424,1,0,0,0.213,0,0,6,6630f2f65712040e696b8293,69e64ba4798b21593c136293,69e638d4b2228b5d05917569,3,"I felt like it would be fair for both of us to have the same amount. They took a risk to send me money and I feel it would be my responsibility to make sure I send them back at least the same amount they started with, because they could have kept it all for themselves. ",,5cc19e4f792ce5000145f764,3,2a30b85d-c158-4ef9-8363-118ea4fcb2ac,9,4,2,1,
2026-04-20 15:51:53,2026-04-20 15:55:43,IP Address,,100,229,True,2026-04-20 15:55:43,R_1q7wysqMtbAEQgj,,,,,,,anonymous,EN,Very interested,,,I've never heard of it,..another participant from Prolific,..affects earnining for both you and your match,$6,0,0,3.353,0,0,0,2.009,0,13.507,15.929,20.746,2,"I chose the amount that was fair. We both net the same amount, so we should both feel happy with the decision",12.234,15.969,18.643,2,0,0,0.105,0,0,6,677c3d638b3b40fc2c99292e,69e64b90680dd302acf4b580,69e638d4b2228b5d05917569,3,"I chose the amount that was fair. We both net the same amount, so we should both feel happy with the decision",,67fecd608e10e8389b3f978c,3,c484bdb1-ae1f-489d-b1ea-bae76f00028e,9,4,2,1,
2026-04-20 15:51:54,2026-04-20 15:55:43,IP Address,,100,229,True,2026-04-20 15:55:44,R_6kFAtxg5G4xJNRz,,,,,,,anonymous,EN,Very interested,,,I've never heard of it,..another participant from Prolific,..affects earnining for both you and your match,$6,0,0,2.84,0,0,0,2.011,0,12.77,26.337,30.593,2,"I gave $1 back because that is what they gave me.  This means they will still end up with a larger amount than me, because I am now back $2, but it feels okay this way for me personally.",12.138,33.515,34.494,6,0,0,0.207,0,0,2,699c861150b5ab9cd8234411,69e64b92858589a321073ed4,69e638d4b2228b5d05917569,1,"I gave $1 back because that is what they gave me.  This means they will still end up with a larger amount than me, because I am now back $2, but it feels okay this way for me personally.",,6762b86881be43741068cdef,1,99d37465-02fa-42b6-8580-fb9b9cfecf4a,3,4,2,1,
2026-04-20 15:52:09,2026-04-20 15:56:29,IP Address,,100,260,True,2026-04-20 15:56:30,R_7cC7WKuQRwGMuZS,,,,,,,anonymous,EN,Very interested,,,I've never heard of it,..another participant from Prolific,..affects earnining for both you and your match,$6,0,0,2.55,0,0,0,2.125,0,1.137,25.461,26.294,3,"Player 1 sent the minimum to be equal, which needs to be thought about to pick the right number. It is more like a tip to send anything back as a thank you for giving your trust to give a higher sum back to the group. ",6.481,36.832,40.177,2,0,0,0.102,0,0,4.5,69ae79af72c0fd26189c680a,69e64b9bb2d4caa475ce4a26,69e638d4b2228b5d05917569,0,"Player 1 sent the minimum to be equal, which needs to be thought about to pick the right number. It is more like a tip to send anything back as a thank you for giving your trust to give a higher sum back to the group. ",,66e0c3776b5107cea9706045,1.5,beeff391-0593-42e9-9123-a720941a7f5e,4.5,5,1,1,
2026-04-20 15:54:15,2026-04-20 15:56:43,IP Address,,100,147,True,2026-04-20 15:56:43,R_7GrJZ8Q35ePSnfJ,,,,,,,anonymous,EN,Very interested,,,I've never heard of it,..another participant from Prolific,..affects earnining for both you and your match,$6,0,0,4.868,0,0,0,2.108,0,9.359,9.359,10.615,1,"It was how was received by me, so I decided to send that amount back.",,,,,0,0,0.211,0,0,4,669a7304203c7a581592503e,69e64c1e9cb5e54a3573f7e2,69e638d4b2228b5d05917569,2,"It was how was received by me, so I decided to send that amount back.",,6657bc7eefb6bfecf53dc466,2,5d53dc13-069d-4157-93e8-2b34b3917117,6,,,1,
2026-04-20 15:54:04,2026-04-20 15:56:47,IP Address,,100,163,True,2026-04-20 15:56:47,R_8F3uVb7SRDmddTf,,,,,,,anonymous,EN,Very interested,,,I've never heard of it,..another participant from Prolific,..affects earnining for both you and your match,$6,0,0,3.637,0,0,0,2.007,0,12.905,12.905,15.279,1,I decided to share the amount equally with the other player,6.288,7.505,8.896,2,0,0,0.208,0,0,9,676b24007b0a13eef244f7bf,69e64c12184699d409c91498,69e638d4b2228b5d05917569,9,I decided to share the amount equally with the other player,,69e00656324754e2872144cb,6,6d30b889-c393-4668-b58c-8806777b3be1,18,3,3,1,
2026-04-20 15:55:02,2026-04-20 15:56:54,IP Address,,100,112,True,2026-04-20 15:56:54,R_5KNrAwJGYBNULoR,,,,,,,anonymous,EN,Very interested,,,I've never heard of it,..another participant from Prolific,..affects earnining for both you and your match,$6,0,0,3.539,0,0,0,2.012,0,6.413,6.413,9.195,1,"50/50 is a fair split, and it intuitively feels justifiable.",4.339,4.339,5.453,1,0,0,0.212,0,0,4.5,69b18919158bbb79b1aeaad3,69e64c50b060deb671328ca6,69e638d4b2228b5d05917569,4.5,"50/50 is a fair split, and it intuitively feels justifiable.",,66b7d8f1b8226e65dab2d674,3,ce4c9827-29f8-47db-a1d5-1b3991dd2741,9,3,3,1,
2026-04-20 15:54:19,2026-04-20 15:57:03,IP Address,,100,164,True,2026-04-20 15:57:04,R_7MKFBxyj0rJ30vf,,,,,,,anonymous,EN,Very interested,,,I've never heard of it,..another participant from Prolific,..affects earnining for both you and your match,$6,0,0,3.895,0,0,0,2.115,0,8.945,8.945,10.901,1,It the most reasonable and fair thing to split the money evenly since player 1 trusted me with the full amount.,9.083,9.083,18.778,1,0,0,0.223,0,0,9,5c91fc9c183fb70012f3510a,69e64c23677a4c400a3d84b7,69e638d4b2228b5d05917569,9,It the most reasonable and fair thing to split the money evenly since player 1 trusted me with the full amount.,,604647daf93b230c5c1521f3,6,7a3eee4d-5d72-495b-8a07-7d3b649ace2a,18,4,2,1,
2026-04-20 15:53:47,2026-04-20 15:57:11,IP Address,,100,204,True,2026-04-20 15:57:12,R_1CBBqjnrOsZpt61,,,,,,,anonymous,EN,Very interested,,,I've never heard of it,..another participant from Prolific,..affects earnining for both you and your match,$6,0,0,6.083,0,0,0,2.019,0,6.041,7.714,13.146,2,"because Im greedy and I didn't want to, I want to keep it all for myself",13.989,18.924,19.843,2,0,0,0.112,0,0,18,678967766af8f51e08627049,69e64bfeedb0e9d58d086d00,69e638d4b2228b5d05917569,0,"because Im greedy and I didn't want to, I want to keep it all for myself",,665ed3e9a6d856341025d5e1,6,b207bacb-c664-429c-b1ff-d89f78987024,18,4,2,1,
2026-04-20 15:53:31,2026-04-20 15:57:14,IP Address,,100,222,True,2026-04-20 15:57:14,R_1qKl7ZLq9qbC0AF,,,,,,,anonymous,EN,Very interested,,,I've never heard of it,..another participant from Prolific,..affects earnining for both you and your match,$6,0,0,3.777,0,0,0,2.111,0,20.816,20.816,30.075,1,"I chose that amount, a dollar, because that meant we would get an equal amount of pay: 5 dollars. It seemed fair to give that amount.",,,,,0,0,0.212,0,0,5,69d2d44d2a9fdb9598df2c24,69e64bf4405fba00e4b7fc5b,69e638d4b2228b5d05917569,1,"I chose that amount, a dollar, because that meant we would get an equal amount of pay: 5 dollars. It seemed fair to give that amount.",,6658b1e184cb793eeaa03fbc,2,6301479f-764e-4a03-8856-c8b8cf30e11c,6,,,1,
2026-04-20 15:54:50,2026-04-20 15:57:25,IP Address,,100,154,True,2026-04-20 15:57:26,R_3n13Dm7DYMkMfxn,,,,,,,anonymous,EN,Very interested,,,I've never heard of it,..another participant from Prolific,..affects earnining for both you and your match,$6,0,0,2.269,0,0,0,2.007,0,12.652,15.654,16.924,3,They weren't fair with what they sent. ,11.817,21.458,22.322,5,0,0,0.218,0,1,3,69b2e5b89ff4a3a754486f97,69e64c442691cb4e9cb1d104,69e638d4b2228b5d05917569,0,They weren't fair with what they sent. ,,5b4e147ad4c93b00019c9e01,1,f057fa73-ee1f-42b9-9db8-43ec6ed963f2,3,4,2,1,
2026-04-20 15:53:37,2026-04-20 15:57:25,IP Address,,100,227,True,2026-04-20 15:57:26,R_17oqiSSN6E8tGGB,,,,,,,anonymous,EN,Very interested,,,I've never heard of it,..another participant from Prolific,..affects earnining for both you and your match,$6,0,0,2.956,0,0,0,2.004,0,10.517,14.449,18.485,2,"I chose  to send back $3, so that we both get the same amount. I feel it is morally correct on my end since we both did the same amount of work on this survey and its fair for the both of us. I can feel good about this decision all day, everyday.",13.474,14.152,15.113,2,0,0,0.203,0,0,9,69acf36a9da319d41a849375,69e64bf96a20d1af01f9248f,69e638d4b2228b5d05917569,3,"I chose  to send back $3, so that we both get the same amount. I feel it is morally correct on my end since we both did the same amount of work on this survey and its fair for the both of us. I can feel good about this decision all day, everyday.",,69d57005d2f0d6ff509a936e,4,22402e1c-7394-436e-b18d-e67033c879b9,12,6,0,1,
2026-04-20 15:56:09,2026-04-20 15:57:26,IP Address,,100,77,True,2026-04-20 15:57:27,R_3lACZt9kwluNrcr,,,,,,,anonymous,EN,Very interested,,,I've never heard of it,..another participant from Prolific,..affects earnining for both you and your match,$6,0,0,2.898,0,0,0,2.008,0,12.038,12.038,12.892,1,I thought it was generous that I already had $6 and was happy to send more back.,,,,,0,0,0.202,0,0,3,69d589fe4a3f2754529d7f04,69e64c944c9b3a598aa306d3,69e638d4b2228b5d05917569,3,I thought it was generous that I already had $6 and was happy to send more back.,,67c4b9482fd2345a4c9de57b,2,4622d61c-b7dc-4b2a-a8ab-b98b2e776628,6,,,1,
2026-04-20 15:54:14,2026-04-20 15:57:29,IP Address,,100,195,True,2026-04-20 15:57:30,R_1m7V4iwnbp6my53,,,,,,,anonymous,EN,Very interested,,,I've never heard of it,..another participant from Prolific,..affects earnining for both you and your match,$6,0,0,4.279,0,0,0,2.013,0,7.295,7.295,9.201,1,They werent very generous so neither am I,,,,,0,0,0.214,0,0,5,698cd23aeff1c213926db0fc,69e64c1d991b5338e3027899,69e638d4b2228b5d05917569,1,They werent very generous so neither am I,,699864966d848364640e9139,2,9c30b5bc-5a49-437c-9e3a-2aa0081dfc9e,6,,,1,
2026-04-20 15:52:48,2026-04-20 15:57:29,IP Address,,100,281,True,2026-04-20 15:57:30,R_1115AnG37AUG4nO,,,,,,,anonymous,EN,Very interested,,,I've never heard of it,..another participant from Prolific,..affects earnining for both you and your match,$6,0,0,2.858,0,0,0,2.113,0,6.965,6.965,16.116,1,"I feel a little bad, but if this is the one that gets chosen, I want the whole 6 not 3.",,,,,0,0,0.106,0,0,6,5dd61f689740545c506ee244,69e64bc761828bb74f278cbf,69e638d4b2228b5d05917569,0,"I feel a little bad, but if this is the one that gets chosen, I want the whole 6 not 3.",,616fd2048c982b1d27653870,2,28b71c09-62eb-44bb-9993-6809ea87dff2,6,,,1,
2026-04-20 15:54:55,2026-04-20 15:57:30,IP Address,,100,154,True,2026-04-20 15:57:31,R_6khTtTaol0xlcks,,,,,,,anonymous,EN,Very interested,,,I've never heard of it,..another participant from Prolific,..is irrelevant for your final payment,$6,,,,,,,,,,,,,,,,,,,,,,1,,69dd1b1450426eeb0f9526aa,69e64c455b195d3925ed8c8a,69e638d4b2228b5d05917569,,,,,,,,,,1,
2026-04-20 15:51:29,2026-04-20 15:57:31,IP Address,,100,362,True,2026-04-20 15:57:31,R_7LvelgAcIBpYz7z,,,,,,,anonymous,EN,Very interested,,,I've never heard of it,..another participant from Prolific,..affects earnining for both you and your match,$6,0,0,5.064,0,0,0,2.018,0,10.03,37.403,42.642,2,it was the best to give us both an equal amount,14.921,33.401,37.8,3,0,0,0.112,0,0,6,656df1046e98ce92df041c9d,69e64b78eb4d47953e87ca44,69e638d4b2228b5d05917569,3,it was the best to give us both an equal amount,,663ccb353b6d9966bcce762a,3,ff34ecb0-f515-42ac-a6ee-3bde93710e16,9,5,1,1,
2026-04-20 15:54:45,2026-04-20 15:58:06,IP Address,,100,201,True,2026-04-20 15:58:07,R_2C2UBDoDoYpKG8s,,,,,,,anonymous,EN,Very interested,,,I've never heard of it,..another participant from Prolific,..affects earnining for both you and your match,$6,0,0,3.3,0,0,0,2.108,0,11.487,14.697,23.527,3,"They sent 3 to me, so I'm sending them the 3 back and we will both have $6",9.791,16.244,27.145,2,0,0,0.106,0,0,6,60fd6ba2198c7e68e91bc32c,69e64c37d8dacf8e37db84d5,69e638d4b2228b5d05917569,3,"They sent 3 to me, so I'm sending them the 3 back and we will both have $6",,5edad9bc3e927a18f722474d,3,58a0f617-5888-4d96-b0a0-1bbe08fecd0f,9,5,1,1,
2026-04-20 15:56:36,2026-04-20 15:58:16,IP Address,,100,100,True,2026-04-20 15:58:17,R_3T1mdxzkqGwsnIJ,,,,,,,anonymous,EN,Very interested,,,I've never heard of it,..another participant from Prolific,..affects your match earnings,$2,,,,,,,,,,,,,,,,,,,,,,1,,6643aa067c962fefd0b81565,69e64cac089497408601b90b,69e638d4b2228b5d05917569,,,,,,,,,,1,
2026-04-20 15:52:00,2026-04-20 15:58:25,IP Address,,100,385,True,2026-04-20 15:58:26,R_8VVYKHYe4LuUY9P,,,,,,,anonymous,EN,Very interested,,,I've never heard of it,..another participant from Prolific,..affects earnining for both you and your match,$6,0,0,2.881,0,0,0,2.107,0,15.781,20.814,31.259,6,I wanted to make it fair for sending me a nice amount.,3.889,9.973,10.752,2,0,0,0.203,0,0,8.5,5ccc76bbc7508d0017d35954,69e64b9b7ab90e9939abcabd,69e638d4b2228b5d05917569,5,I wanted to make it fair for sending me a nice amount.,,5a01d465df3fa800015c305d,4.5,208d46d4-bcf4-4f3d-b328-e1da45845afe,13.5,4,2,1,
2026-04-20 15:55:03,2026-04-20 15:58:29,IP Address,,100,206,True,2026-04-20 15:58:29,R_7j9XdMrRn15H6HO,,,,,,,anonymous,EN,Very interested,,,I've never heard of it,..another participant from Prolific,..affects earnining for both you and your match,$6,0,0,3.151,0,0,0,2.027,0,27.158,30.693,32.003,4,Sharing my good fortune with player 1 in the hopes player one will reciprocate.,,,,,0,0,0.219,0,0,3,665f4a8236d81b9f154a1b08,69e64c4a72d5d268ee3ab1bb,69e638d4b2228b5d05917569,3,Sharing my good fortune with player 1 in the hopes player one will reciprocate.,,69c13c0ad9ea03501703d527,2,960536fd-2371-4a38-a0c4-0aca43671bfa,6,,,1,
2026-04-20 15:53:56,2026-04-20 15:58:34,IP Address,,100,277,True,2026-04-20 15:58:34,R_5o0TvtzhgpDlVCg,,,,,,,anonymous,EN,Very interested,,,I've never heard of it,..another participant from Prolific,..affects earnining for both you and your match,$6,0,0,3.239,0,0,0,2.004,0,32.061,32.061,34.126,1,"The choice to return $3 is the only fair allocation for this scenario of the game, so that both players are allotted $6 each.",31.081,34.949,36.515,2,0,0,0.218,0,0,6,697a7aff27e428d1abde7066,69e64c0466ff2911632dd91d,69e638d4b2228b5d05917569,3,"The choice to return $3 is the only fair allocation for this scenario of the game, so that both players are allotted $6 each.",,69db2d1433fad5ba2d7f7208,3,a5578e4c-954a-4f0c-ab09-d22e17f48036,9,4,2,1,
2026-04-20 15:56:54,2026-04-20 15:58:35,IP Address,,100,100,True,2026-04-20 15:58:35,R_7Cse5LZvrK4m7qH,,,,,,,anonymous,EN,Very interested,,,I've never heard of it,..another participant from Prolific,..affects earnining for both you and your match,$6,0,0,2.688,0,0,0,2.107,0,7.48,11.304,12.554,3,"they only sen1.5 of their total amount, it seems fair to stay on the lower end like they did.",3.971,5.164,6.859,2,0,0,0.206,0,0,4,678006318afafe2d811d0277,69e64cb952272edddf832d3c,69e638d4b2228b5d05917569,0.5,"they only sen1.5 of their total amount, it seems fair to stay on the lower end like they did.",,5e88a4f92d6f5c0008b31b3c,1.5,b82376a6-0601-4ecb-b68d-feb02516d26e,4.5,5,1,1,
2026-04-20 15:55:18,2026-04-20 15:58:35,IP Address,,100,197,True,2026-04-20 15:58:36,R_3uBUDd1fIhi6UjQ,,,,,,,anonymous,EN,Very interested,,,I've never heard of it,..another participant from Prolific,..affects earnining for both you and your match,$6,0,0,2.829,0,0,0,2.008,0,10.403,26.763,27.526,3,"My player one sent $2/$6 that turned into 6 for me. Meaning I had 6 dollars and they had 4, by sending one dollar back we will both have $5 which is even and fair. ",,,,,0,0,0.207,0,0,5,69d689c34f6ccad9ca68ef0e,69e64c5dcb4ebcb7682b66bf,69e638d4b2228b5d05917569,1,"My player one sent $2/$6 that turned into 6 for me. Meaning I had 6 dollars and they had 4, by sending one dollar back we will both have $5 which is even and fair. ",,6266aba991affe86ae58ce07,2,2cd2f3a1-268b-4447-9350-d5fbe83fe164,6,,,1,
2026-04-20 15:57:18,2026-04-20 15:58:45,IP Address,,100,86,True,2026-04-20 15:58:45,R_3OixO9JRCNKIZtw,,,,,,,anonymous,EN,Very interested,,,I've never heard of it,..another participant from Prolific,..affects earnining for both you and your match,$6,0,0,2.773,0,0,0,2.034,0,7.952,7.952,12.48,1,Was close to half of what I got ,4.526,4.526,5.993,1,0,0,0.209,0,0,4,695fabd79bbd41527750099c,69e64cd4db8e5da617c5543d,69e638d4b2228b5d05917569,3.5,Was close to half of what I got ,,6167116fd8a186cd98501614,2.5,5b2f866f-d4ce-4d6e-83c9-e52f37cc3da6,7.5,3,3,1,
2026-04-20 15:55:03,2026-04-20 15:58:45,IP Address,,100,222,True,2026-04-20 15:58:46,R_6GBThmgDUrZsoq0,,,,,,,anonymous,EN,Very interested,,,I've never heard of it,..another participant from Prolific,..affects earnining for both you and your match,$6,0,0,6.316,0,0,0,2.108,0,13.905,46.841,55.965,3,"because it's only fair that we end up with the same amount, especially after he gave me half of his amount to begin with",5.717,16.134,31.337,2,0,0,0.205,0,0,6,66660a053b08e2a34f9b945c,69e64acacad2153d488f0f3c,69e638d4b2228b5d05917569,3,"because it's only fair that we end up with the same amount, especially after he gave me half of his amount to begin with",,66227ff3314e581aa8c92a38,3,19806070-dfcd-4424-be32-aa1f18f529b4,9,5,1,1,
2026-04-20 15:55:45,2026-04-20 15:58:50,IP Address,,100,185,True,2026-04-20 15:58:51,R_25tLfhysgi8e97C,,,,,,,anonymous,EN,Very interested,,,I've never heard of it,..another participant from Prolific,..affects earnining for both you and your match,$6,3.875,3.875,4.871,1,0,0,2.114,0,14.903,17.89,19.297,3,Because he was generous to me I think it should be fair to give back half of what I received. In that we both make a good return. It is equitable,4.531,18.605,19.967,3,0,0,0.207,0,0,9,604e839302a74c2f2990f713,69e64c78a95c98b2e0c9b5ee,69e638d4b2228b5d05917569,9,Because he was generous to me I think it should be fair to give back half of what I received. In that we both make a good return. It is equitable,,697912d1b1db857ed214fe53,6,493798f5-8354-46cf-b340-8d7d068a9e42,18,3.5,2.5,1,
2026-04-20 15:56:27,2026-04-20 15:58:56,IP Address,,100,149,True,2026-04-20 15:58:57,R_1Ut48c0zIPMHUJ3,,,,,,,anonymous,EN,Very interested,,,I've never heard of it,..another participant from Prolific,..affects earnining for both you and your match,$6,0,0,3.201,0,0,0,2.004,0,12.001,13.601,24.774,2,Seems like a fair split and I didn't see any need to send anything back,7.26,11.543,12.582,6,0,0,0.205,0,0,7.5,5c1691ed093702000149ffb1,69e64ca1ca9b66e37401b90c,69e638d4b2228b5d05917569,0,Seems like a fair split and I didn't see any need to send anything back,,69831caff4458043fc18437e,2.5,10fa2815-4ef1-49a7-8be0-7e9f2b1293fc,7.5,5,1,1,
2026-04-20 15:55:05,2026-04-20 15:58:58,IP Address,,100,233,True,2026-04-20 15:58:59,R_3ktc8OXrImEzQFE,,,,,,,anonymous,EN,Very interested,,,I've never heard of it,..another participant from Prolific,..affects earnining for both you and your match,$6,0,0,3.594,0,0,0,2.004,0,9.603,44.464,53.308,4,"I chose to be fair, that is why I chose 8",44.678,45.714,47.107,2,0,0,0.206,0,0,7,656b7888c053d63a280abc18,69e64c50faf3d306b9a59385,69e638d4b2228b5d05917569,8,"I chose to be fair, that is why I chose 8",,5ef6308c40846d2dfca0b66a,5,d38b50cc-1903-421f-a7bb-a4ce14a5d498,15,5,1,1,
2026-04-20 15:57:06,2026-04-20 15:59:04,IP Address,,100,118,True,2026-04-20 15:59:05,R_6kOhHnkvXSlyvWO,,,,,,,anonymous,EN,Very interested,,,I've never heard of it,..another participant from Prolific,..affects your match earnings,$2,,,,,,,,,,,,,,,,,,,,,,1,,67630619de3ffd0967c49875,69e64c6b3b43abde6f135eba,69e638d4b2228b5d05917569,,,,,,,,,,1,
2026-04-20 15:57:23,2026-04-20 15:59:23,IP Address,,100,120,True,2026-04-20 15:59:24,R_3eQIDLzwNSR4hKw,,,,,,,anonymous,EN,Very interested,,,I've never heard of it,..another participant from Prolific,..affects earnining for both you and your match,$6,0,0,3.184,0,0,0,2.009,0,4.41,7.726,8.75,3,I thought it was a fair split between us two and because they trusted me to send money too.,4.785,6.752,9.073,2,0,0,0.106,0,0,6.5,69b89940d4cd9cc0dde65558,69e64cdc5036a9b7e18f6330,69e638d4b2228b5d05917569,7,I thought it was a fair split between us two and because they trusted me to send money too.,,605ab9d5c01d0b0fc69930c5,4.5,4ca85dd0-c966-44a6-bdb5-61259b7d0a87,13.5,3,3,1,
2026-04-20 15:55:22,2026-04-20 15:59:33,IP Address,,100,250,True,2026-04-20 15:59:33,R_3OvMQhLXipOfoNU,,,,,,,anonymous,EN,Very interested,,,I've never heard of it,..another participant from Prolific,..affects earnining for both you and your match,$6,0,0,4.2,0,0,0,2.02,0,4.395,7.254,9.892,3,"Don't want to send that much back , want to be able to still have a good amount of money left.",5.508,15.144,15.9,10,0,0,0.109,0,0,15,6579bdb995e28b4809d89d03,69e64c4c1b4d0f05f1cd9c18,69e638d4b2228b5d05917569,3,"Don't want to send that much back , want to be able to still have a good amount of money left.",,69d98ccf1cf87761a02f8587,6,cd69f9e2-9ff6-4b98-b774-c164e2926223,18,5,1,1,
2026-04-20 15:57:53,2026-04-20 15:59:34,IP Address,,100,100,True,2026-04-20 15:59:34,R_2S8eJQgFfX5UeLc,,,,,,,anonymous,EN,Very interested,,,I've never heard of it,..another participant from Prolific,..affects earnining for both you and your match,$6,0,0,2.565,0,0,0,2.019,0,10.105,10.952,12.867,2,Just returning the same amount,3.602,4.537,6.368,2,0,0,0.217,0,0,3,5fc2a391bd7dc21720d0160a,69e64cfa0e84fe0c5b29d258,69e638d4b2228b5d05917569,1.5,Just returning the same amount,,69b7120140d726a1394dd63d,1.5,f5cb8657-f228-41b9-a4ac-01ac4e0ecfbc,4.5,3,3,1,
2026-04-20 15:57:27,2026-04-20 15:59:36,IP Address,,100,128,True,2026-04-20 15:59:36,R_3dXt7xIDRg6I4Ru,,,,,,,anonymous,EN,Very interested,,,I've never heard of it,..another participant from Prolific,..affects earnining for both you and your match,$6,0,0,3.064,0,0,0,2.11,0,3.806,6.039,9.883,2,I decided not to send anything back because I do not care about the other person. I am doing this to make as much money formyself as possible. So there was no reason to send them any money back as it would just decrease what I have.,,,,,0,0,0.209,0,0,6,62cb2fda77bec729c86fbbba,69e64ca3f98d777a6e538d8e,69e638d4b2228b5d05917569,0,I decided not to send anything back because I do not care about the other person. I am doing this to make as much money formyself as possible. So there was no reason to send them any money back as it would just decrease what I have.,,69b0ce357d4709c2de1b703b,2,01207e14-7d3c-44c6-8468-b352d2f2fd8f,6,,,1,
2026-04-20 15:57:19,2026-04-20 15:59:38,IP Address,,100,139,True,2026-04-20 15:59:39,R_6vv8EjFkSwCF7od,,,,,,,anonymous,EN,Very interested,,,I've never heard of it,..another participant from Prolific,..affects earnining for both you and your match,$6,0,0,4.658,0,0,0,2.006,0,4.813,29.097,35.877,3,We will both have $6.,10.576,18.56,19.939,8,0,0,0.103,0,0,6,69cc44af3ece914b809de0ad,69e64cd83eecd402b42194ed,69e638d4b2228b5d05917569,3,We will both have $6.,,66a434e098b2677590fcd870,3,fded9f04-cfba-493e-9a47-54a9fe3169f5,9,5,1,1,
2026-04-20 15:56:24,2026-04-20 15:59:38,IP Address,,100,194,True,2026-04-20 15:59:39,R_8KJmjOXizshg4E1,,,,,,,anonymous,EN,Very interested,,,I've never heard of it,..another participant from Prolific,..affects earnining for both you and your match,$6,0,0,3.781,0,0,0,2.002,0,9.527,9.527,10.51,1,They could of chosen to send to me a much higher amount or even a split amount but chose to keep most of it for themself.  In which case I decided to keep most of it for myself.  ,,,,,0,0,0.203,0,0,6,5f0dcffd6174720907882f5e,69e64ca354d85bed487e8b37,69e638d4b2228b5d05917569,0,They could of chosen to send to me a much higher amount or even a split amount but chose to keep most of it for themself.  In which case I decided to keep most of it for myself.  ,,61517957a9ccf240eb5e5231,2,c8e1f16f-8a3e-481a-a7af-176614e34d96,6,,,1,
2026-04-20 15:51:25,2026-04-20 15:59:58,IP Address,,100,512,True,2026-04-20 15:59:58,R_3Ev9zOAqqa2DkmW,,,,,,,anonymous,EN,Very interested,,,I've never heard of it,..another participant from Prolific,..affects earnining for both you and your match,$6,0,0,2.834,0,0,0,2.014,0,19.052,28.76,30.485,7,I`m returning what he sent me ,19.572,19.572,23.969,1,0,0,0.219,0,0,2,698288b8d5cff3f0fb7938ce,69e64a90f4fdd71e2928f497,69e638d4b2228b5d05917569,1,I`m returning what he sent me ,,6748d5757f25aa6f759b0fdd,1,870b3ab8-ee07-4c7d-981f-b3d4ffa38dac,3,3,3,1,
2026-04-20 15:56:56,2026-04-20 15:59:59,IP Address,,100,182,True,2026-04-20 16:00:00,R_3AT0OqDnlD0nzl2,,,,,,,anonymous,EN,Very interested,,,I've never heard of it,..another participant from Prolific,..affects earnining for both you and your match,$6,0,0,3.035,0,0,0,2.005,0,8.318,8.318,12.281,1,If they just sent one dollar they are getting 5 and I am getting 3. Since they are getting more than me I'm not sending any back. ,15.115,15.115,17.3,1,0,0,0.212,0,0,3,69d7e77ee3273dc2708e7195,69e64cc24e525c922075c372,69e638d4b2228b5d05917569,0,If they just sent one dollar they are getting 5 and I am getting 3. Since they are getting more than me I'm not sending any back. ,,666efcfc439d7a5b8e8d7c12,1,6ddba38a-d808-4e51-b20d-30278671c8ec,3,5,1,1,
2026-04-20 15:57:26,2026-04-20 16:00:05,IP Address,,100,159,True,2026-04-20 16:00:06,R_3LANEjbOY0iVuac,,,,,,,anonymous,EN,Very interested,,,I've never heard of it,..another participant from Prolific,..affects earnining for both you and your match,$6,0,0,4.596,0,0,0,2.123,0,7.133,11.059,24.801,2,"If I send 1, we will both walk away from the experiment wit $5, so it is equal and fair.",,,,,0,0,0.217,0,0,5,69b9bd01821676fb676d35c5,69e64ca901475cccd58a50f0,69e638d4b2228b5d05917569,1,"If I send 1, we will both walk away from the experiment wit $5, so it is equal and fair.",,5c3a179abef9a20001e421b5,2,d6b68736-80e3-4f0b-ad33-f6ce2149762f,6,,,1,
2026-04-20 15:58:04,2026-04-20 16:00:07,IP Address,,100,123,True,2026-04-20 16:00:08,R_84pVv1ulJb67Wpj,,,,,,,anonymous,EN,Very interested,,,I've never heard of it,..another participant from Prolific,..affects earnining for both you and your match,$6,0,0,5.01,0,0,0,2.107,0,6.106,9.507,14.663,3,I want to keep most of the money for myself but I'm grateful they sent me half of their money so I sent them back an okay amount.,5.893,6.739,11.449,2,0,0,0.217,0,0,7,5a799309f49c9a0001f31396,69e64d037c0e66ea9f3bfb4e,69e638d4b2228b5d05917569,2,I want to keep most of the money for myself but I'm grateful they sent me half of their money so I sent them back an okay amount.,,69b9f87e8fd70e6ab637a076,3,1a8a2c34-b689-4327-ba2b-c0940d4f6c9c,9,5,1,1,
2026-04-20 15:56:24,2026-04-20 16:00:12,IP Address,,100,227,True,2026-04-20 16:00:13,R_7HjHLq7xV3ZctCz,,,,,,,anonymous,EN,Very interested,,,I've never heard of it,..another participant from Prolific,..affects earnining for both you and your match,$6,0,0,4.978,0,0,0,2.017,0,6.381,13.81,14.978,4,I split it equally to be fair.,6.396,10.928,13.024,6,0,0,0.208,0,0,9,67ad5d633801bdafd5713186,69e64c9ebd72ed90b8b79e60,69e638d4b2228b5d05917569,9,I split it equally to be fair.,,5ff21e8299e7cf6d2d1a7f13,6,cb2121d5-d241-4e10-abcf-fc3023e980fe,18,3,3,1,
2026-04-20 15:57:34,2026-04-20 16:00:14,IP Address,,100,159,True,2026-04-20 16:00:14,R_1e57P5SMfWmILIX,,,,,,,anonymous,EN,Very interested,,,I've never heard of it,..another participant from Prolific,..affects earnining for both you and your match,$6,0,0,3.143,0,0,0,2.02,0,11.63,11.63,13.573,1,Share some of the money with player 1,7.69,10.49,12.036,2,0,0,0.108,0,0,8,6332517a492e9ac48804f991,69e64ce246dfac03e3c1fd0b,69e638d4b2228b5d05917569,10,Share some of the money with player 1,,69d7a4cf431058da7c7d7705,6,a5abbb53-4940-40d5-83e3-2d69ccae5687,18,3,3,1,
2026-04-20 15:56:39,2026-04-20 16:00:29,IP Address,,100,230,True,2026-04-20 16:00:30,R_54w7p3dca3EDRes,,,,,,,anonymous,EN,Very interested,,,I've never heard of it,..another participant from Prolific,..affects earnining for both you and your match,$6,0,0,9.73,0,0,0,2.014,0,41.433,42.929,44.441,2,I need the money so I thought of myself,25.187,26.512,27.168,2,0,0,0.211,0,0,16,5dd864447beb29822b6c1e86,69e64c9a07c72616941abd14,69e638d4b2228b5d05917569,2,I need the money so I thought of myself,,651abfea5d9ca5a432dd1988,6,77a8c01d-eb76-4e06-87b9-36bf342118b8,18,5,1,1,
2026-04-20 15:57:39,2026-04-20 16:00:59,IP Address,,100,200,True,2026-04-20 16:01:00,R_6fHkDmPiHJ1PQ9K,,,,,,,anonymous,EN,Very interested,,,I've never heard of it,..another participant from Prolific,..affects earnining for both you and your match,$6,0,0,4.258,0,0,0,2.005,0,21.128,21.128,24.234,1,"Just chose the same amount the other player did, minus the x3
",,,,,0,0,0.21,0,0,4,69e3920e7d1eefee0dbc4499,69e64ced20e53b5cec706769,69e638d4b2228b5d05917569,2,,,546e3778fdf99b2bc7ebcff6,2,a60ea1e0-7910-4589-b07b-989f19fcf754,6,,,1,
2026-04-20 15:58:51,2026-04-20 16:01:10,IP Address,,100,138,True,2026-04-20 16:01:10,R_3OVrSJ28MEm7LI5,,,,,,,anonymous,EN,Very interested,,,I've never heard of it,..another participant from Prolific,..affects earnining for both you and your match,$6,0,0,5.639,0,0,0,2.007,0,8.508,17.353,18.242,4,"By sending $0 back to Player 1, we both end up leaving the situation with the same amount of money.",11.277,11.277,12.201,1,0,0,0.207,0,0,4.5,69d14bf90032d596f7a6bd1e,69e64d34d898c17c6978c767,69e638d4b2228b5d05917569,0,"By sending $0 back to Player 1, we both end up leaving the situation with the same amount of money.",,66476b66909671b247ebef30,1.5,11e5c521-48da-42f4-a6e2-74c78e59dd2f,4.5,5,1,1,
2026-04-20 15:58:34,2026-04-20 16:01:15,IP Address,,100,160,True,2026-04-20 16:01:16,R_3NMfyxLL3ULwrZL,,,,,,,anonymous,EN,Very interested,,,I've never heard of it,..another participant from Prolific,..affects earnining for both you and your match,$6,0,0,4.212,0,0,0,2.006,0,6.119,11.834,13.142,2,"I chose double the original amount, so they get double what they started out with.",4.098,14.815,16.156,6,0,0,0.207,0,0,6,69b2dfa3578726afc01d223c,69e64d2145a529825b2b646b,69e638d4b2228b5d05917569,12,"I chose double the original amount, so they get double what they started out with.",,696f9cea03a827e26359552b,6,60257212-c5bb-48eb-aafc-95205a3e948d,18,2,4,1,
2026-04-20 15:58:54,2026-04-20 16:01:36,IP Address,,100,162,True,2026-04-20 16:01:36,R_2fcE56LLxORx0s1,,,,,,,anonymous,EN,Very interested,,,I've never heard of it,..another participant from Prolific,..affects your match earnings,$2,,,,,,,,,,,,,,,,,,,,,,1,,60f006a5558297e7dcfd5160,69e64d3964feef8579c2c6c1,69e638d4b2228b5d05917569,,,,,,,,,,1,
2026-04-20 15:59:31,2026-04-20 16:01:40,IP Address,,100,128,True,2026-04-20 16:01:40,R_3QR2mcxf6rR4VIR,,,,,,,anonymous,EN,Very interested,,,I've never heard of it,..another participant from Prolific,..affects earnining for both you and your match,$6,0,0,3.379,0,0,0,2.01,0,5.462,8.459,9.344,6,They still earned more money than me so I would not send them back anything,6.921,14.037,14.715,6,0,0,0.211,0,0,4.5,63d3f98237a95683bfa381e3,69e64d55d8193f507064a3bd,69e638d4b2228b5d05917569,0,They still earned more money than me so I would not send them back anything,,6431c58ce5be91cd5c2c5d8f,1.5,b7e41b0d-673b-4cb8-b5a4-af2fcff5fb09,4.5,4,2,1,
2026-04-20 15:57:14,2026-04-20 16:01:45,IP Address,,100,270,True,2026-04-20 16:01:46,R_5usLkoytJ1EJwGJ,,,,,,,anonymous,EN,Very interested,,,I've never heard of it,..another participant from Prolific,..affects earnining for both you and your match,$6,0,0,4.457,0,0,0,2.013,0,13.812,13.812,15.274,1,I decided to split it even. Then we would both get $6 and it would be fair.,28.084,33.23,34.51,2,0,0,0.212,0,0,6,6650086658f2a6a86f2f16ef,69e64cd207a80dc233e09fe5,69e638d4b2228b5d05917569,6,I decided to split it even. Then we would both get $6 and it would be fair.,,69cd61739075c642ba70f385,4,aa3b6d5c-df5e-43bd-879a-2ffe8cdfa1e0,12,3,3,1,
2026-04-20 15:59:54,2026-04-20 16:02:09,IP Address,,100,134,True,2026-04-20 16:02:10,R_71v0c4yT8ct3en0,,,,,,,anonymous,EN,Very interested,,,I've never heard of it,..another participant from Prolific,..affects earnining for both you and your match,$6,0,0,11.16,0,0,0,2.009,0,4.39,10.457,11.496,2,"I thought this was quite a fair decision based on the amount I was allocated. If the other participant was wanting a higher amount, they should have made a larger allocation.",5.162,6.781,8.228,2,0,0,0.208,0,0,2.5,572a31e8d7299f000f7b594a,69e64d6fb8c5fbb5973de1ac,69e638d4b2228b5d05917569,2,"I thought this was quite a fair decision based on the amount I was allocated. If the other participant was wanting a higher amount, they should have made a larger allocation.",,65e646da8809bd962f8da706,1.5,5e3eee17-d164-4188-97b7-ecfd8fc05d2a,4.5,3,3,1,
2026-04-20 15:59:03,2026-04-20 16:02:26,IP Address,,100,203,True,2026-04-20 16:02:28,R_2ZS7382sACWPYCB,,,,,,,anonymous,EN,Very interested,,,I've never heard of it,..another participant from Prolific,..affects earnining for both you and your match,$6,0,0,3.302,0,0,0,2.022,0,13.839,16.85,18.56,2,I felt that by givng that amount the other player was trying to be fair so we would both end up with the same. i wanted to show I apreciated that so I took mine down to £4 and gave them 50p,5.09,25.984,28.392,2,0,0,0.216,0,0,4,5d02c0e382e4f00001aa20cd,69e64d4071362ab623dcce57,69e638d4b2228b5d05917569,0.5,I felt that by givng that amount the other player was trying to be fair so we would both end up with the same. i wanted to show I apreciated that so I took mine down to £4 and gave them 50p,,6447abcf5525c01385eda994,1.5,639099b9-ab1c-42db-95b9-a5c1bbb4c843,4.5,5,1,1,
2026-04-20 16:00:21,2026-04-20 16:02:30,IP Address,,100,128,True,2026-04-20 16:02:31,R_3zjSiYNSOv2IhMS,,,,,,,anonymous,EN,Very interested,,,I've never heard of it,..another participant from Prolific,..affects earnining for both you and your match,$6,0,0,4.993,0,0,0,2.111,0,15.516,15.516,19.997,1,It balanced it out so we would both receive $6 in the end,8.892,8.892,13.393,1,0,0,0.203,0,0,6,696fe4ad1a4f878d1c7f56db,69e64d8630d8a3f82cb6041a,69e638d4b2228b5d05917569,3,It balanced it out so we would both receive $6 in the end,,612954380888e9ddd6ff0c6e,3,a35160e3-8e50-4bf7-966e-f485f5a2a59f,9,5,1,1,
2026-04-20 15:57:44,2026-04-20 16:02:42,IP Address,,100,298,True,2026-04-20 16:02:43,R_6Ptdiya7Dsi2SMx,,,,,,,anonymous,EN,Very interested,,,I've never heard of it,..another participant from Prolific,..affects earnining for both you and your match,$6,0,0,2.797,0,0,0,2.11,0,28.247,30.703,31.759,2,"The total amount of money for both players is $12.  Player 1 kept $3 and I got $9.  As Player 2, if I send $3 to Player 1, we each end up with $6.",14.304,18.451,46.478,4,0,0,0.218,0,0,6,5f36e9589a54b113631fa759,69e64cef87d79d7c81f23661,69e638d4b2228b5d05917569,3,"The total amount of money for both players is $12.  Player 1 kept $3 and I got $9.  As Player 2, if I send $3 to Player 1, we each end up with $6.",,69981a9246a6192b979dcb6f,3,e5f16e35-94b9-429d-9d73-3f06960e0afa,9,4,2,1,
2026-04-20 15:57:42,2026-04-20 16:02:45,IP Address,,100,303,True,2026-04-20 16:02:46,R_62WTM6gpqkQ3drs,,,,,,,anonymous,EN,Very interested,,,I've never heard of it,..another participant from Prolific,..affects earnining for both you and your match,$6,0,0,10.501,0,0,0,2.109,0,61.781,63.024,64.445,2,I chose to send the player back about the same amount that was sent to me but just a bit more. ,2.006,2.006,3.738,1,0,0,0.106,0,0,4.5,60ba36a23cc2c56419ae0f1e,69e64cecb3bd4c2bed438457,69e638d4b2228b5d05917569,3,I chose to send the player back about the same amount that was sent to me but just a bit more. ,,60745654775360c343322bd9,2.5,334c6bcd-5831-4a8f-8a7b-3bb515992038,7.5,3.5,2.5,1,
2026-04-20 16:00:41,2026-04-20 16:02:48,IP Address,,100,126,True,2026-04-20 16:02:48,R_60obzq6c1Zcgyqg,,,,,,,anonymous,EN,Very interested,,,I've never heard of it,..another participant from Prolific,..affects earnining for both you and your match,$6,0,0,4.157,0,0,0,2.11,0,9.228,9.228,10.516,1,"They sent $1.5, which means both of us ended with $4.5. it is only fair",8.306,13.99,18.295,3,0,0,0.104,0,0,4.5,69ae3f7e03cec3d8212605b4,69e64da24bd918c46c2d63df,69e638d4b2228b5d05917569,0,"They sent $1.5, which means both of us ended with $4.5. it is only fair",,699f7a62aa972b1519be01b7,1.5,08a2329b-ab12-4ed0-8b50-9f93a9fd5fb6,4.5,5,1,1,
2026-04-20 16:01:35,2026-04-20 16:02:49,IP Address,,100,73,True,2026-04-20 16:02:49,R_7GTCrzN3yC0fdHI,,,,,,,anonymous,EN,Very interested,,,I've never heard of it,..another participant from Prolific,..affects your match earnings,$6,,,,,,,,,,,,,,,,,,,,,,1,,6990e7fa8c938f65d4d728d2,69e64dd8bd72ed90b8b79e88,69e638d4b2228b5d05917569,,,,,,,,,,1,
2026-04-20 15:55:41,2026-04-20 16:02:55,IP Address,,100,434,True,2026-04-20 16:02:56,R_5njGQivmdA3fg8Z,,,,,,,anonymous,EN,Very interested,,,I've never heard of it,..another participant from Prolific,..affects earnining for both you and your match,$6,0,0,4.258,0,0,0,3.455,0,6.674,17.864,18.821,3,to have the same amounts equally.,7.796,7.796,15.556,1,0,0,0.214,0,0,5.5,69bbf2fef86f7b53f5ffdb3d,69e64c719c406052338477b9,69e638d4b2228b5d05917569,3.5,to have the same amounts equally.,,65185750126ba439e0d8ca1e,3,f2a87d3e-f07a-422c-8f65-eb6a50c1be02,9,4,2,1,
2026-04-20 15:58:47,2026-04-20 16:03:03,IP Address,,100,256,True,2026-04-20 16:03:04,R_5pFhMEkwOVk5nSK,,,,,,,anonymous,EN,Very interested,,,I've never heard of it,..another participant from Prolific,..affects earnining for both you and your match,$6,0,0,3.099,0,0,0,2.113,0,10.9,10.9,17.568,1,I sent back the 3 dollars so we would both have the same amount of money. I feel that its always best to try to be euqal and to share with others. ,9.063,12.787,18.288,2,0,0,0.105,0,1,6,6952c874bffb3b875800a61c,69e64d2ed716d43f728ab301,69e638d4b2228b5d05917569,3,I sent back the 3 dollars so we would both have the same amount of money. I feel that its always best to try to be euqal and to share with others. ,,632e79f0df7174aeed22be38,3,cee599ab-5bc5-42a0-832c-52b9e3e11336,9,4.5,1.5,1,
2026-04-20 15:59:04,2026-04-20 16:03:08,IP Address,,100,244,True,2026-04-20 16:03:08,R_7HBWltIsptSYARt,,,,,,,anonymous,EN,Very interested,,,I've never heard of it,..another participant from Prolific,..affects earnining for both you and your match,$6,0,0,3.7,0,0,0,2.019,0,16.715,24.539,31.426,2,Sending half the payment back to player one was fair. That would give us both an equal share of the payment. ,,,,,0,0,0.214,0,0,3,665768dd2c1e99aa0a2117e1,69e64d3c73d8b4cdfccb4a3a,69e638d4b2228b5d05917569,3,Sending half the payment back to player one was fair. That would give us both an equal share of the payment. ,,5f2c5a67e369b2110a60ad9e,2,edfe0271-1d96-42cc-b915-8c64d39386c6,6,,,1,
2026-04-20 16:00:23,2026-04-20 16:03:09,IP Address,,100,165,True,2026-04-20 16:03:09,R_6w7IKxVRpBFLpoB,,,,,,,anonymous,EN,Very interested,,,I've never heard of it,..another participant from Prolific,..affects earnining for both you and your match,$6,0,0,3.201,0,0,0,2.014,0,3.236,21.204,22.284,4,I wanted to be fair to the other player and try to provide a close to even amount for both of us. ,11.861,11.861,12.835,1,0,0,0.211,0,0,6,69af2a6258ddaa4985d70bb2,69e64d901973ca14f25463a1,69e638d4b2228b5d05917569,3,I wanted to be fair to the other player and try to provide a close to even amount for both of us. ,,62c7675f57c59d78336f7386,3,85ee0126-038b-4247-9be9-27ffba0ebbf4,9,4,2,1,
2026-04-20 16:01:13,2026-04-20 16:03:16,IP Address,,100,123,True,2026-04-20 16:03:17,R_6oCswmtwWvhuJAZ,,,,,,,anonymous,EN,Very interested,,,I've never heard of it,..another participant from Prolific,..affects earnining for both you and your match,$6,0,0,3.561,0,0,0,2.144,0,14.77,14.77,15.856,1,Because in the end we will both end up with the same amount of $5.,,,,,0,0,0.221,0,0,5,6654b7668e8642303bbc2fa7,69e64dbf8b11ddccf75bae15,69e638d4b2228b5d05917569,1,Because in the end we will both end up with the same amount of $5.,,6998ebccba55eac8b0cf68bf,2,6c4415ba-2aef-412f-993e-b922e79c6123,6,,,1,
2026-04-20 16:00:03,2026-04-20 16:03:21,IP Address,,100,198,True,2026-04-20 16:03:22,R_8RQdNTXs9ZE3PMT,,,,,,,anonymous,EN,Very interested,,,I've never heard of it,..another participant from Prolific,..affects earnining for both you and your match,$6,0,0,3.651,0,0,0,2.107,0,10.414,10.414,12.949,1,"I sent back half of what I received. I am not sure if they got to keep what they had remaining of what they did not send me, but I was being fair and sending half back ",38.597,38.597,41.403,1,0,0,0.21,0,0,4.5,6111b4dd6f6ac03b5e1a44ba,69e64d7b3eecd402b4219505,69e638d4b2228b5d05917569,4.5,"I sent back half of what I received. I am not sure if they got to keep what they had remaining of what they did not send me, but I was being fair and sending half back ",,641835135b4544c7e1f072fc,3,d251cf77-d3c1-40f2-9919-5aace692ae52,9,4,2,1,
2026-04-20 15:57:10,2026-04-20 16:03:32,IP Address,,100,381,True,2026-04-20 16:03:33,R_2JJBlurD5yHg1Fh,,,,,,,anonymous,EN,Very interested,,,I've never heard of it,..another participant from Prolific,..affects earnining for both you and your match,$6,0,0,2.528,0,0,0,2.108,0,28.134,28.134,39.034,1,"I'm sending back 7, because this way it is an even split. They have one pound that they did not send me at first. in total, between the two of us, there is 16 pounds. Half of 16 is 8. Minus the one pound they still have, that is seven.",67.957,123.302,124.894,12,0,0,0.206,0,0,8,69e64405f804616e3b28ccf9,69e64ccede2249cda1882b89,69e638d4b2228b5d05917569,7,"I'm sending back 7, because this way it is an even split. They have one pound that they did not send me at first. in total, between the two of us, there is 16 pounds. Half of 16 is 8. Minus the one pound they still have, that is seven.",,5f6388bf9ae5ad07ba1a0173,5,cfead1df-df27-429e-9dd6-f0efc6375448,15,4.5,1.5,1,
2026-04-20 16:00:50,2026-04-20 16:03:48,IP Address,,100,178,True,2026-04-20 16:03:49,R_28HAZXRdDI8LoyJ,,,,,,,anonymous,EN,Very interested,,,I've never heard of it,..another participant from Prolific,..affects earnining for both you and your match,$6,0,0,2.951,0,0,0,2.114,0,12.926,12.926,17.359,1,"I sent back the same amount as they sent me, so they will get six still, and i will have four, to me this seems fair.",,,,,0,0,0.214,0,0,4,66759f38a473a834959cdadd,69e64da9089497408601b926,69e638d4b2228b5d05917569,2,"I sent back the same amount as they sent me, so they will get six still, and i will have four, to me this seems fair.",,5e886b509c60bc4e238ca556,2,0fb74af2-2cb7-4bfe-847d-29b9bd741b99,6,,,1,
2026-04-20 15:58:58,2026-04-20 16:03:50,IP Address,,100,291,True,2026-04-20 16:03:50,R_7DJuzzgXDljT6dX,,,,,,,anonymous,EN,Very interested,,,I've never heard of it,..another participant from Prolific,..affects earnining for both you and your match,$6,0,0,3.601,0,0,0,2.008,0,6.081,8.225,10.309,2,"It is so that we can be sort of balanced, since the player still holds a decent amount, I decided to give him back 0.5. Overall, I think it is a fair amount. ",18.171,18.171,22.376,1,0,0,0.203,0,0,4,695321cbc62a205921523e4f,69e64d3b21a370d97f7ad25b,69e638d4b2228b5d05917569,0.5,"It is so that we can be sort of balanced, since the player still holds a decent amount, I decided to give him back 0.5. Overall, I think it is a fair amount. ",,69ac80d0bad16bd0877001c0,1.5,5e9e8f35-f6a5-4dad-a72b-9ea083b69d55,4.5,4,2,1,
2026-04-20 16:02:00,2026-04-20 16:03:50,IP Address,,100,110,True,2026-04-20 16:03:50,R_2oCaWaA7NWQEf3r,,,,,,,anonymous,EN,Very interested,,,I've never heard of it,..another participant from Prolific,..affects earnining for both you and your match,$6,0,0,3.323,0,0,0,2.109,0,12.085,14.491,15.988,2,Fair split between the two players,5.666,5.666,6.298,1,0,0,0.203,0,0,9,62e96074d284fa3f5ae4ac5d,69e64df3d07113ae118039ad,69e638d4b2228b5d05917569,9,Fair split between the two players,,60ff2c3d915d23318b73ae8d,6,179c2b92-65c0-4777-9819-70ca3bf0c0aa,18,3,3,1,
2026-04-20 16:01:06,2026-04-20 16:03:53,IP Address,,100,167,True,2026-04-20 16:03:53,R_3P7PhxfG2LKP8b1,,,,,,,anonymous,EN,Very interested,,,I've never heard of it,..another participant from Prolific,..affects earnining for both you and your match,$6,0,0,2.309,0,0,0,2.023,0,8.459,11.483,13.631,2,"I decided to send half of the amount back to player one. They generously gave me the full amount, and as a reward, I decided to split it with them. ",14.524,16.457,18.625,2,0,0,0.104,0,0,9,69a08de4e679fb510db87371,69e64dbbda30735e2fd2f4b3,69e638d4b2228b5d05917569,9,"I decided to send half of the amount back to player one. They generously gave me the full amount, and as a reward, I decided to split it with them. ",,5aea83a878b0060001e6ace2,6,c738f77d-6105-4aba-a8fd-8a822205f9e5,18,4,2,1,
2026-04-20 15:58:17,2026-04-20 16:04:09,IP Address,,100,352,True,2026-04-20 16:04:09,R_1R7wUTzSmLhYYqa,,,,,,,anonymous,EN,Very interested,,,I've never heard of it,..another participant from Prolific,..affects earnining for both you and your match,$6,0,0,2.895,0,0,0,2.109,0,15.447,95.404,111.06,7,roughly 50/50 is more than fair ,31.394,31.394,60.438,1,0,0,0.211,0,0,8,69bd8b08234c9b371510e610,69e64d148f2ff96c5d8bf2b4,69e638d4b2228b5d05917569,7,roughly 50/50 is more than fair ,,5c2c5c72867f660001af7097,5,421497d4-52a7-403b-ac7a-9ced2e0445ec,15,5,1,1,
2026-04-20 16:02:52,2026-04-20 16:04:28,IP Address,,100,96,True,2026-04-20 16:04:29,R_8XiXrE8EkBO43As,,,,,,,anonymous,EN,Very interested,,,I've never heard of it,..another participant from Prolific,..affects earnining for both you and your match,$6,0,0,3.019,0,0,0,2.103,0,7.29,7.29,7.886,1,Equal sending - Makes sense.,3.117,4.855,5.621,2,0,0,0.212,0,0,3,66799cf8a70fc1be23ab958a,69e64e2767815a16dfd0c711,69e638d4b2228b5d05917569,1.5,Equal sending - Makes sense.,,6705977e4d70a709a02b2b4f,1.5,75dc9750-3d58-4424-8b55-327c177444a2,4.5,4,2,1,
2026-04-20 16:01:12,2026-04-20 16:04:32,IP Address,,100,199,True,2026-04-20 16:04:32,R_8RUPjAbrgM0zHK0,,,,,,,anonymous,EN,Very interested,,,I've never heard of it,..another participant from Prolific,..affects earnining for both you and your match,$6,0,0,4.359,0,0,0,2.11,0,7.377,12.934,15.397,3,I want to keep as much as possible for myself but I don't feel I can keep it all,6.71,17.118,18.493,9,0,0,0.212,0,0,11.5,63d66d856ec54ad9b9cfa338,69e64dba92f8dcd515936b58,69e638d4b2228b5d05917569,0.5,I want to keep as much as possible for myself but I don't feel I can keep it all,,66e8d8347bc96f8591ee02e2,4,1dc16909-a9aa-4ce4-a801-7a3561c25aa2,12,5.5,0.5,1,
2026-04-20 16:03:07,2026-04-20 16:04:32,IP Address,,100,84,True,2026-04-20 16:04:32,R_5mLFEVg734fs6jf,,,,,,,anonymous,EN,Very interested,,,I've never heard of it,..another participant from Prolific,..affects earnining for both you and your match,$6,0,0,3.373,0,0,0,2.008,0,9.774,12.757,19.063,3,"If I send $1 back, it means we have an equal amount",,,,,0,0,0.206,0,0,5,69c0a693d05dda18998203af,69e64e3626dc9ba13e9dd7f8,69e638d4b2228b5d05917569,1,"If I send $1 back, it means we have an equal amount",,5dd5e27fe25acf59990e1adf,2,3b133657-b9b8-4286-8761-b7201a399495,6,,,1,
2026-04-20 15:59:20,2026-04-20 16:04:35,IP Address,,100,314,True,2026-04-20 16:04:36,R_3LdkOU4c4QQYcIB,,,,,,,anonymous,EN,Very interested,,,I've never heard of it,..another participant from Prolific,..affects earnining for both you and your match,$6,0,0,4.168,0,0,0,2.121,0,5.441,5.441,10.924,1,"It is enough.  As in, look, I appreciate you, and I'll give you something, but I'm trying to make money here too.  I don't want to be greedy, but take it or leave it.  At that point, I'm done.  ",9.003,9.003,11.47,1,0,0,0.209,0,1,1.5,5bcc2cee0ba8a400012592f9,69e64d479cf4b65cb790decc,69e638d4b2228b5d05917569,1.5,"It is enough.  As in, look, I appreciate you, and I'll give you something, but I'm trying to make money here too.  I don't want to be greedy, but take it or leave it.  At that point, I'm done.  ",,67ca05b811f9ce2ffe685f2f,1,fdfa22c6-b21d-4016-a53b-7025dd7d13e3,3,4,2,1,
2026-04-20 16:02:54,2026-04-20 16:04:39,IP Address,,100,105,True,2026-04-20 16:04:40,R_8E9UacPxyPVYkE9,,,,,,,anonymous,EN,Very interested,,,I've never heard of it,..another participant from Prolific,..affects earnining for both you and your match,$6,0,0,3.198,0,0,0,2.108,0,6.418,10.562,11.707,2,because I wanted to reward them for their generosity ,,,,,0,0,0.202,0,0,3,57e028b7ccd0230001fc2462,69e64e2858d3fabd872a0202,69e638d4b2228b5d05917569,3,because I wanted to reward them for their generosity ,,66826e9e2c8e4bfd530e5584,2,7735958a-a078-4058-8a05-9c469dfc511d,6,,,1,
2026-04-20 16:02:06,2026-04-20 16:04:43,IP Address,,100,156,True,2026-04-20 16:04:44,R_2WUVC7duiK19shO,,,,,,,anonymous,EN,Very interested,,,I've never heard of it,..another participant from Prolific,..affects earnining for both you and your match,$6,0,0,2.709,0,0,0,2.115,0,11.005,13.779,15.427,4,I believe player 1 sent the whole amount as this gets the maximum amount achievable and therefore I believe it is fair to receive 50% each,19.499,28.459,29.538,2,0,0,0.214,0,0,9,676ffcf3577afd6c2e789d3e,69e64df924199bcdc73a8776,69e638d4b2228b5d05917569,9,I believe player 1 sent the whole amount as this gets the maximum amount achievable and therefore I believe it is fair to receive 50% each,,5dec8925be656d35d4005320,6,eb683255-f58e-4749-885e-c5fc3860ed12,18,5,1,1,
2026-04-20 16:00:27,2026-04-20 16:04:49,IP Address,,100,262,True,2026-04-20 16:04:50,R_7PhjaaFWxs690nD,,,,,,,anonymous,EN,Very interested,,,I've never heard of it,..another participant from Prolific,..affects earnining for both you and your match,$6,0,0,3.117,0,0,0,2.118,0,47.778,47.778,50.507,1,Because gets him back to what he had,17.117,30.613,31.956,5,0,0,0.217,0,0,8,6238dfab577ecd4adb97a917,69e64d9466a1ca7d03570046,69e638d4b2228b5d05917569,1,Because gets him back to what he had,,673ab124dd6f6df06b143da0,3,5dcd01d6-8d71-4dec-ad09-dfc61d9988ad,9,5.5,0.5,1,
2026-04-20 16:02:17,2026-04-20 16:05:02,IP Address,,100,165,True,2026-04-20 16:05:02,R_82gmxKV7djrbO9T,,,,,,,anonymous,EN,Very interested,,,I've never heard of it,..another participant from Prolific,..affects earnining for both you and your match,$6,0,0,3.463,0,0,0,2.129,0,7.404,16.78,26.721,7,i simply just returned the gesture,6.01,6.01,8.628,1,0,0,0.224,0,0,3,5ae64fb8c3c3ab00018f7e89,69e64df457b5105e5de8b547,69e638d4b2228b5d05917569,1.5,i simply just returned the gesture,,66f0409cf2658a66284b3b2d,1.5,13323c38-440c-4f21-90f2-92901678b566,4.5,3,3,1,
2026-04-20 16:02:36,2026-04-20 16:05:02,IP Address,,100,146,True,2026-04-20 16:05:03,R_3lE8W0HpdorPTXW,,,,,,,anonymous,EN,Very interested,,,I've never heard of it,..another participant from Prolific,..affects earnining for both you and your match,$6,0,0,3.24,0,0,0,2.112,0,8.196,25.996,28.049,3,Doing it this way would make things even for both players! Seems most fair!,6.77,9.308,11.599,7,0,0,0.106,0,0,4.5,63ed580c8934f614a8b42187,69e64bff8ff5d857b4d15e9d,69e638d4b2228b5d05917569,0,Doing it this way would make things even for both players! Seems most fair!,,67efcad870129b5d1f122c8d,1.5,9c4921ed-55f5-4ff4-a3f4-dc3e77062eef,4.5,5.5,0.5,1,
2026-04-20 16:01:57,2026-04-20 16:05:16,IP Address,,100,199,True,2026-04-20 16:05:17,R_1r1dex07GIRIrIv,,,,,,,anonymous,EN,Very interested,,,I've never heard of it,..another participant from Prolific,..affects earnining for both you and your match,$6,0,0,3.691,0,0,0,2.016,0,2.739,22.992,23.936,2,"I may not be sure how much will be sent back next,so i have to trade carefully",9.166,16.436,17.277,2,0,0,0.214,0,0,14,691ca4ac01b5375f04ea1277,69e64de851f7acb218e846f2,69e638d4b2228b5d05917569,4,"I may not be sure how much will be sent back next,so i have to trade carefully",,609a5974625e18ab158c9a3e,6,5c32aa46-13fe-4b15-8bd2-d59de7159fa9,18,3,3,1,
2026-04-20 16:01:48,2026-04-20 16:05:44,IP Address,,100,235,True,2026-04-20 16:05:44,R_85yuYFgvNFHaIsp,,,,,,,anonymous,EN,Very interested,,,I've never heard of it,..another participant from Prolific,..affects earnining for both you and your match,$6,0,0,3.518,0,0,0,2.108,0,14.442,19.026,22.579,4,seemed fair to return that amount,,,,,0,0,0.227,0,0,4,664320ce44b1f781551bcb41,69e64dd4c79ad141c4a21998,69e638d4b2228b5d05917569,2,seemed fair to return that amount,,5f8bf55617ed3331cd61707e,2,59088e40-dd73-4201-a52d-e87930717aff,6,,,1,
2026-04-20 16:03:35,2026-04-20 16:05:53,IP Address,,100,137,True,2026-04-20 16:05:54,R_6r1IHW6pxfXeqo9,,,,,,,anonymous,EN,Very interested,,,I've never heard of it,..another participant from Prolific,..affects earnining for both you and your match,$6,0,0,3.414,0,0,0,2.009,0,13.627,15.061,17.516,2,I wanted to be fair both to the other participant and myself.,,,,,0,0,0.206,0,0,3,63daf5a89c63648ec34664fb,69e64e4a67e68c84a602f103,69e638d4b2228b5d05917569,3,I wanted to be fair both to the other participant and myself.,,603b7527efab507a7a9208d0,2,888e27a3-09c6-4256-babd-0fd9c472bc2a,6,,,1,
2026-04-20 16:03:20,2026-04-20 16:05:57,IP Address,,100,156,True,2026-04-20 16:05:57,R_1e3JtEHik3MXeYY,,,,,,,anonymous,EN,Very interested,,,I've never heard of it,..another participant from Prolific,..affects earnining for both you and your match,$6,0,0,3.183,0,0,0,2.004,0,9.742,34.256,35.702,3,"I wanted to all but fully maximize my profits, but hey, I still gave them a bit back. ",17.101,17.101,18.092,1,0,0,0.219,0,0,11,694f27570ea6c751c30b9bde,69e64e3fc9eb48e874b16fea,69e638d4b2228b5d05917569,1,"I wanted to all but fully maximize my profits, but hey, I still gave them a bit back. ",,615875cd00a23fb41e865fc0,4,98ecaf9b-6994-4ed8-b7d6-a228ed201824,12,6,0,1,
2026-04-20 16:04:26,2026-04-20 16:06:20,IP Address,,100,114,True,2026-04-20 16:06:20,R_6my27mKq5UizcCo,,,,,,,anonymous,EN,Very interested,,,I've never heard of it,..another participant from Prolific,..affects earnining for both you and your match,$6,0,0,6.599,0,0,0,2.008,0,10.062,10.062,14.536,1,"They kept more than I received anyways, so They don't need money back. ",11.795,16.575,21.825,2,0,0,0.203,0,0,3,61033627c32742424aeaaac1,69e64e844b2a86ef4c29d264,69e638d4b2228b5d05917569,0,"They kept more than I received anyways, so They don't need money back. ",,6385176faa1fd90c21cd7cb0,1,78f45727-d270-444c-8bcd-4803c33b3a45,3,4.5,1.5,1,
2026-04-20 16:03:55,2026-04-20 16:06:32,IP Address,,100,157,True,2026-04-20 16:06:33,R_6qHIMt03inB52m7,,,,,,,anonymous,EN,Very interested,,,I've never heard of it,..another participant from Prolific,..affects earnining for both you and your match,$6,0,0,2.754,0,0,0,2.119,0,6.093,6.093,10.114,1,"They sent the whole amount, hoping that I would split it equally and give us both the highest earning. I could have been selfish and kept it for myself, but I chose to give us both the highest amount in fairness. We collaborated on this task in a certain trust of each other.",12.6,14.732,25.372,4,0,0,0.216,0,0,9,616b2966d0aee4f9879a656b,69e64e62b780fbefa5576cf9,69e638d4b2228b5d05917569,9,"They sent the whole amount, hoping that I would split it equally and give us both the highest earning. I could have been selfish and kept it for myself, but I chose to give us both the highest amount in fairness. We collaborated on this task in a certain trust of each other.",,69d7b91b7c0644437856a4c2,6,5129a829-72f3-4ab9-ac31-4fe313deae3c,18,5,1,1,
2026-04-20 16:02:26,2026-04-20 16:06:35,IP Address,,100,249,True,2026-04-20 16:06:36,R_8pgoXvsEzWSLc9n,,,,,,,anonymous,EN,Very interested,,,I've never heard of it,..another participant from Prolific,..affects earnining for both you and your match,$6,0,0,3.087,0,0,0,2.016,0,19.305,19.305,37.744,1,We now have the same amount of money which makes it fair and honest.,24.202,27.118,27.861,3,0,0,0.214,0,0,6,663d3ca6887df97e9a60ca5b,69e64dd679e36b57b4d126ba,69e638d4b2228b5d05917569,3,We now have the same amount of money which makes it fair and honest.,,5ed7a5208074e9237b19bcd0,3,64afa1ff-e12f-49f6-b113-7307309e8430,9,5,1,1,
2026-04-20 16:03:58,2026-04-20 16:07:05,IP Address,,100,187,True,2026-04-20 16:07:06,R_5WwAmmbgoz5ITI2,,,,,,,anonymous,EN,Very interested,,,I've never heard of it,..another participant from Prolific,..affects earnining for both you and your match,$6,0,0,2.659,0,0,0,2.108,0,21.854,25.47,26.488,2,It seemed like the fairest thing to do.,6.924,9.496,10.289,3,0,0,0.209,0,0,6,5ee142b292607215593aa9af,69e64e59d12c3a95af651f31,69e638d4b2228b5d05917569,3,It seemed like the fairest thing to do.,,69a1b30a520a4ec54980beeb,3,8e663daa-3d96-47c7-87cc-234a52116322,9,6,0,1,
2026-04-20 16:04:43,2026-04-20 16:07:05,IP Address,,100,141,True,2026-04-20 16:07:06,R_6Ebr0whdrCl79f3,,,,,,,anonymous,EN,Very interested,,,I've never heard of it,..another participant from Prolific,..affects earnining for both you and your match,$6,0,0,5.489,0,0,0,2.109,0,20.223,20.223,22.758,1,I wanted to reward Player 1s generosity and be fair with them.,23.735,23.735,25.439,1,0,0,0.207,0,0,7,662939026740389d07b16f23,69e64e9210e0e734f3670cf1,69e638d4b2228b5d05917569,5,I wanted to reward Player 1s generosity and be fair with them.,,69e3b50cebb45bc9cb1d45fb,4,506e7137-69fd-45e9-89ce-287471f79fbc,12,4,2,1,
2026-04-20 16:05:30,2026-04-20 16:07:09,IP Address,,100,99,True,2026-04-20 16:07:10,R_30ZQkVqlWovOq3F,,,,,,,anonymous,EN,Very interested,,,I've never heard of it,..another participant from Prolific,..affects earnining for both you and your match,$6,0,0,4.105,0,0,0,2.014,0,2.838,16.63,17.297,3,"fair, equal split in money",,,,,0,0,0.202,0,1,5,5e45a09c8155b00828c83d95,69e64ec68316f93931735220,69e638d4b2228b5d05917569,1,"fair, equal split in money",,6978d532e03b49d2072f4538,2,74c65423-458b-4c09-ba98-2ce5d5b56cd4,6,,,1,
2026-04-20 16:01:40,2026-04-20 16:07:16,IP Address,,100,335,True,2026-04-20 16:07:16,R_5Vw1dfJ8ZgAeDMl,,,,,,,anonymous,EN,Very interested,,,I've never heard of it,..another participant from Prolific,..affects earnining for both you and your match,$6,0,0,3.044,0,0,0,2.014,0,52.972,119.197,131.292,9,I like my decision because it will give both my partner and I the same amount of money. I think we'd both be happy with this allocation.,14.421,14.421,17.355,1,0,0,0.206,0,0,5.5,6677273211dfa673f23a91d3,69e64dd70acea7138393a8b7,69e638d4b2228b5d05917569,2,I like my decision because it will give both my partner and I the same amount of money. I think we'd both be happy with this allocation.,,66cdeab6f33b221365775640,2.5,837ade22-516c-4ffc-9a94-4660a8ded5e8,7.5,3,3,1,
2026-04-20 16:01:43,2026-04-20 16:07:35,IP Address,,100,351,True,2026-04-20 16:07:36,R_5I70DbJFjSfRu1j,,,,,,,anonymous,EN,Very interested,,,I've never heard of it,..another participant from Prolific,..affects earnining for both you and your match,$6,0,0,4.088,0,0,0,2.107,0,10.76,19.422,21.109,3,I sent back 1.50 because that gives us both an equal amount of money making it fair for us both,11.066,11.066,12.371,1,0,0,0.206,0,0,7.5,69cf544c0d11e9c430159388,69e64ddff7bac4949dc6e4c2,69e638d4b2228b5d05917569,1.5,I sent back 1.50 because that gives us both an equal amount of money making it fair for us both,,695fb3350b843bcd09c3b14c,3,ccfe1edf-bea4-4e08-9404-faddfbabf89e,9,5,1,1,
2026-04-20 16:00:10,2026-04-20 16:07:38,IP Address,,100,448,True,2026-04-20 16:07:39,R_6PyMN3GEbXvNjYM,,,,,,,anonymous,EN,Very interested,,,I've never heard of it,..another participant from Prolific,..affects earnining for both you and your match,$6,0,0,4.841,0,0,0,2.004,0,16.302,16.302,24.264,1,"I was trying to be fair to the other player, as they could have easily not shared any money with me. I wanted to make it even, and treat them the way I would want to be treated.",19.289,19.289,22.418,1,0,0,0.214,0,0,8,591d369e88bbb500013a8517,69e64cc16f22d3369f12e66d,69e638d4b2228b5d05917569,4,"I was trying to be fair to the other player, as they could have easily not shared any money with me. I wanted to make it even, and treat them the way I would want to be treated.",,63cac85f8519383ef0422593,4,9dc85f05-5f02-4131-ae4d-a1a201e4a0e3,12,4,2,1,
2026-04-20 16:05:48,2026-04-20 16:07:49,IP Address,,100,121,True,2026-04-20 16:07:49,R_2vdf77SBZxBgoos,,,,,,,anonymous,EN,Very interested,,,I've never heard of it,..another participant from Prolific,..affects earnining for both you and your match,$6,0,0,2.81,0,0,0,2.008,0,5.704,11.074,13.276,4,"Player one has been generous and given me the full 6, as this has been tripled i feel it fair to give them back 50% of the payment",6.779,16.676,21.911,2,0,0,0.21,0,0,9,5f3598f48853aa595c6733e2,69e64ed3ddf621358f22517f,69e638d4b2228b5d05917569,9,"Player one has been generous and given me the full 6, as this has been tripled i feel it fair to give them back 50% of the payment",,660eb2ab66db1c0d3fa51a2b,6,70e5f761-ba23-48b0-b28c-5fc28a0eb070,18,4,2,1,
2026-04-20 16:05:23,2026-04-20 16:07:50,IP Address,,100,147,True,2026-04-20 16:07:51,R_7GDq9lR1cvFPdkM,,,,,,,anonymous,EN,Very interested,,,I've never heard of it,..another participant from Prolific,..affects earnining for both you and your match,$6,0,0,4.001,0,0,0,2.121,0,13.729,31.14,31.601,4,"It just felt like the right amount. The other player could have sent a lot more an we both could have benefited, but they didn't, so I didn't take risks either.",,,,,0,0,0.213,0,0,3,69aa46eb7425cbf32d6c8a67,69e64eba0308833147f48dd6,69e638d4b2228b5d05917569,3,"It just felt like the right amount. The other player could have sent a lot more an we both could have benefited, but they didn't, so I didn't take risks either.",,6659e899cf67a9763ae1bdbf,2,679d608e-4f22-46c9-a8b9-df8ab75010f0,6,,,1,
2026-04-20 16:00:11,2026-04-20 16:08:09,IP Address,,100,478,True,2026-04-20 16:08:10,R_6TpA8qTbvaGgqDJ,,,,,,,anonymous,EN,Very interested,,,I've never heard of it,..another participant from Prolific,..affects earnining for both you and your match,$6,0,0,2.508,0,0,0,2.019,0,20.309,22.205,32.696,2,"If possible, I wanted us to end up with the same amount of money.",49.024,52.086,79.001,3,0,0,0.216,0,0,4.5,65c1113657b1ac26e8d3c8c2,69e64d782835618ccce088ee,69e638d4b2228b5d05917569,0,"If possible, I wanted us to end up with the same amount of money.",,66dd939d148a84fb5b448ae8,1.5,a90af054-f7de-4266-bfc5-e3209c558b09,4.5,5,1,1,
2026-04-20 16:02:40,2026-04-20 16:08:15,IP Address,,100,334,True,2026-04-20 16:08:15,R_6QLb7AQ1Nzai6HR,,,,,,,anonymous,EN,Very interested,,,I've never heard of it,..another participant from Prolific,..affects earnining for both you and your match,$6,0,0,3.276,0,0,0,2.008,0,36.152,36.152,115.571,1,"I chose wrong actually, I forgot that the amount sent back does not triple. I meant to send $1.5 back so they would end up with $7.5 which would be the same for med and we'd get equal. Instead they will end up with $4.5. ",21.323,21.323,30.102,1,0,0,0.216,0,0,7.5,6998845b8b98b147215b19e5,69e64e167b3f3048f62ebc4d,69e638d4b2228b5d05917569,1.5,"I chose wrong actually, I forgot that the amount sent back does not triple. I meant to send $1.5 back so they would end up with $7.5 which would be the same for med and we'd get equal. Instead they will end up with $4.5. ",,6740a2f2bae870caa18ae1ef,3,bc3d3306-8d85-44ee-984b-7b072baed748,9,5,1,1,
2026-04-20 16:06:20,2026-04-20 16:08:20,IP Address,,100,120,True,2026-04-20 16:08:20,R_8cZBtZwz8KzWfSi,,,,,,,anonymous,EN,Very interested,,,I've never heard of it,..another participant from Prolific,..affects earnining for both you and your match,$6,0,0,4.172,0,0,0,2.107,0,6.034,7.511,9.277,2,I thought it would be better for me to retain the money I received which is better for me. I did not feel any obligation to give Player 1 more. ,,,,,0,0,0.208,0,1,6,5ed7a0239e6b4a23ec6eb236,69e64ef710514e8b18b987f0,69e638d4b2228b5d05917569,0,I thought it would be better for me to retain the money I received which is better for me. I did not feel any obligation to give Player 1 more. ,,67aa9a444dc88e4137cd0a45,2,0b5982a4-be29-4920-b142-dbdb3046631d,6,,,1,
2026-04-20 16:00:50,2026-04-20 16:08:21,IP Address,,100,450,True,2026-04-20 16:08:21,R_3ItmbDrfWdc0mdu,,,,,,,anonymous,EN,Very interested,,,I've never heard of it,..another participant from Prolific,..affects earnining for both you and your match,$6,0,0,3.487,0,0,0,2.01,0,12.062,14.639,16.14,2,"
Because the player sent all his money to me, so I want to send his portion back",7.81,11.659,12.682,4,0,0,0.212,0,0,12,66b00e249d75b352012b545a,69e64d84b5d6294bb7a39cf9,69e638d4b2228b5d05917569,6,,,699a00f4a3f5b24104f03fca,6,fe8ad677-fb8b-457c-b63e-bcc857ea1ada,18,4,2,1,
2026-04-20 16:06:32,2026-04-20 16:08:22,IP Address,,100,110,True,2026-04-20 16:08:23,R_8kWSvB9sHbiKpFL,,,,,,,anonymous,EN,Very interested,,,I've never heard of it,..another participant from Prolific,..affects earnining for both you and your match,$6,0,0,4.42,0,0,0,2.013,0,21.527,22.361,22.884,2,"It seemed a fair number based on what they had kept, so we could get as close to 50/50 each. ",4.725,4.725,5.469,1,0,0,0.208,0,0,6,5efe20bbc05e8610f47600f7,69e64f02c23f31168dfe7b51,69e638d4b2228b5d05917569,3,"It seemed a fair number based on what they had kept, so we could get as close to 50/50 each. ",,5bec5b873ffbad0001e8b968,3,412fb81f-44da-4ba4-977c-b5131e943070,9,4.5,1.5,1,
2026-04-20 16:04:45,2026-04-20 16:08:29,IP Address,,100,223,True,2026-04-20 16:08:29,R_3VEiFNpYvJYj0vz,,,,,,,anonymous,EN,Very interested,,,I've never heard of it,..another participant from Prolific,..affects earnining for both you and your match,$6,0,0,4.466,0,0,0,2.012,0,14.888,14.888,23.176,1,I wanted both of us to have an equal amount.,11.856,11.856,14.483,1,0,0,0.221,0,0,6,65ca7b52b557f4aa965301ef,69e64e9523f09616f9b16230,69e638d4b2228b5d05917569,3,I wanted both of us to have an equal amount.,,699fc5fc406fa6bb64c82640,3,69399f09-9fec-43f9-b989-d7a639b77d34,9,5,1,1,
2026-04-20 16:04:16,2026-04-20 16:08:42,IP Address,,100,266,True,2026-04-20 16:08:42,R_3INwdjpv95fKC5s,,,,,,,anonymous,EN,Very interested,,,I've never heard of it,..another participant from Prolific,..affects earnining for both you and your match,$6,0,0,3.044,0,0,0,2.036,0,8.162,9.981,12.315,2,"Player, one only sent me one dollar which turned to three so why would I send player one more money when they had given me so little. They still have five dollars which is two more dollars than me.",7.866,15.88,18.535,7,0,0,0.226,0,0,3,69ca9a47c5da3fd661029518,69e64e7554843a76124cdc44,69e638d4b2228b5d05917569,0,"Player, one only sent me one dollar which turned to three so why would I send player one more money when they had given me so little. They still have five dollars which is two more dollars than me.",,63d1c3aec175ba81e9f50cf9,1,cbf977bc-9b12-4fb7-8cf6-32b231f8aa15,3,5.5,0.5,1,
2026-04-20 16:07:47,2026-04-20 16:08:42,IP Address,,100,55,True,2026-04-20 16:08:43,R_5nPhtwyYtk32Eju,,,,,,,anonymous,EN,Very interested,,,I've never heard of it,..another participant from Prolific,..affects earnining for both you and your match,$2,,,,,,,,,,,,,,,,,,,,,,1,,605220735560745cf0a16a80,69e64f4a4b063f6383150f44,69e638d4b2228b5d05917569,,,,,,,,,,1,
2026-04-20 16:06:32,2026-04-20 16:08:58,IP Address,,100,146,True,2026-04-20 16:08:59,R_8zUZutOKzGg1dNF,,,,,,,anonymous,EN,Very interested,,,I've never heard of it,..another participant from Prolific,..affects earnining for both you and your match,$6,0,0,3.283,0,0,0,2.004,0,28.002,29.206,33.076,2,So both players end up with the same amount. This seems fair.,14.724,14.724,15.742,1,0,0,0.207,0,0,6,699eccbe4a6e999af4b86af0,69e64f00d56abfd24392eb44,69e638d4b2228b5d05917569,3,So both players end up with the same amount. This seems fair.,,578678f6900cc80001d2dea5,3,3311d655-6418-47bf-8d2a-374f2a61e333,9,4,2,1,
2026-04-20 16:07:17,2026-04-20 16:08:58,IP Address,,100,101,True,2026-04-20 16:08:59,R_7pKmivTiR7aKV1i,,,,,,,anonymous,EN,Very interested,,,I've never heard of it,..another participant from Prolific,..affects earnining for both you and your match,$6,0,0,3.341,0,0,0,2.014,0,5.03,6.93,9.629,2,I think $3 is fairest because we both end up with $6.,1.856,11.955,18.698,2,0,0,0.212,0,0,6,6111c4865701e1ba367af3e3,69e64f2f181704266f9e5c05,69e638d4b2228b5d05917569,3,I think $3 is fairest because we both end up with $6.,,5dd26f3f5a40f228b768d3e4,3,78b04297-c4c0-4539-b0a0-c69cef1d9dd9,9,5,1,1,
2026-04-20 16:07:16,2026-04-20 16:08:59,IP Address,,100,103,True,2026-04-20 16:09:00,R_6CgAspyCxqHMcpR,,,,,,,anonymous,EN,Very interested,,,I've never heard of it,..another participant from Prolific,..affects earnining for both you and your match,$6,0,0,3.319,0,0,0,2.006,0,8.034,20.582,21.612,4,I gave him back what he initially gave me. ,5.53,11.215,11.751,4,0,0,0.203,0,0,6,69c67f2f7c673281fafbeca8,69e64f2fcdda7a7933650ee4,69e638d4b2228b5d05917569,3,I gave him back what he initially gave me. ,,63e2efb080652555c6d566cb,3,e87750a2-5652-49fd-9691-526ecbe6289b,9,3,3,1,
2026-04-20 16:06:00,2026-04-20 16:09:41,IP Address,,100,220,True,2026-04-20 16:09:41,R_2340dyA8eOnSmAU,,,,,,,anonymous,EN,Very interested,,,I've never heard of it,..another participant from Prolific,..affects earnining for both you and your match,$6,0,0,4.252,0,0,0,2.022,0,25.445,26.354,28.534,2,I wanted to share a little wit the other player but wanted the most for myself ,8.496,12.447,14.33,4,0,0,0.215,0,0,8,644012a89ef81bc3c9412c6e,69e64edd3dad24bcca1e77dc,69e638d4b2228b5d05917569,1,I wanted to share a little wit the other player but wanted the most for myself ,,5edad9bc3e927a18f722474d,3,0cb84d0e-74e5-4078-8d18-cd1090bda7f1,9,5.5,0.5,1,
2026-04-20 16:07:38,2026-04-20 16:09:50,IP Address,,100,131,True,2026-04-20 16:09:50,R_6OJucJBF0OnNaJz,,,,,,,anonymous,EN,Very interested,,,I've never heard of it,..another participant from Prolific,..affects earnining for both you and your match,$6,0,0,5.691,0,0,0,2.105,0,9.774,9.774,12.801,1,I wanted to send a  little back,5.714,8.598,10.184,3,0,0,0.108,0,0,7,5d751c07515c8b0017ed08fc,69e64f34bb93f97d06c94adf,69e638d4b2228b5d05917569,2,I wanted to send a  little back,,698eec916caee248b2b996e5,3,c8eb3375-c160-4535-8999-b87849149171,9,6,0,1,
2026-04-20 16:07:31,2026-04-20 16:09:53,IP Address,,100,142,True,2026-04-20 16:09:54,R_7e2lcJT3IpqxUUq,,,,,,,anonymous,EN,Very interested,,,I've never heard of it,..another participant from Prolific,..affects earnining for both you and your match,$6,0,0,2.818,0,0,0,2.014,0,10.203,17.13,18.23,3,I chose that amount so I would profit more. ,9.397,11.296,12.295,3,0,0,0.209,0,1,8,67804b3f30a7adf509557b3f,69e64f34ff602f5c96da16af,69e638d4b2228b5d05917569,1,I chose that amount so I would profit more. ,,6990a58968191731ef2ae9f3,3,bb26c4d0-c37e-4baf-9e37-f81a41a5771a,9,5,1,1,
2026-04-20 16:07:28,2026-04-20 16:10:00,IP Address,,100,152,True,2026-04-20 16:10:01,R_54jj3ZS320SHlUy,,,,,,,anonymous,EN,Very interested,,,I've never heard of it,..another participant from Prolific,..affects earnining for both you and your match,$6,0,0,4.497,0,0,0,2.106,0,16.787,20.609,23.052,7,I chose to give back half because they split it evenly with me.,9.593,11.592,12.577,5,0,0,0.207,0,0,4.5,69b19fc554b6008128f17018,69e64f3b3b991bc0d89f0fb1,69e638d4b2228b5d05917569,4.5,I chose to give back half because they split it evenly with me.,,63d1e114550c261e5d78a941,3,191d963e-4f78-4394-86af-3e04291cca0b,9,4,2,1,
2026-04-20 16:06:27,2026-04-20 16:10:03,IP Address,,100,215,True,2026-04-20 16:10:04,R_3QF3oHnGxz4a6uA,,,,,,,anonymous,EN,Very interested,,,I've never heard of it,..another participant from Prolific,..affects earnining for both you and your match,$6,0,0,2.855,0,0,0,2.008,0,29.106,30.569,31.638,3,"There is a total of 13, so I decided to split it and each gets 6.50.",10.861,15.646,16.836,6,0,0,0.103,0,0,6.5,69b84fe4820815fca021152c,69e64efd522c36f244cfea53,69e638d4b2228b5d05917569,4,"There is a total of 13, so I decided to split it and each gets 6.50.",,6997d68b87d4ed3f9c006fdc,3.5,8a126d89-e95d-47b0-96a5-4a26385051d7,10.5,5,1,1,
2026-04-20 16:04:42,2026-04-20 16:10:11,IP Address,,100,328,True,2026-04-20 16:10:11,R_33ZS3kYbMqJWF94,,,,,,,anonymous,EN,Very interested,,,I've never heard of it,..another participant from Prolific,..affects earnining for both you and your match,$6,0,0,6.738,0,0,0,2.026,0,10.004,11.099,16.45,2,I made it fair.  It tripled for me and I split it in half,6.272,6.272,8.047,1,0,0,0.214,0,0,9,5c8ef3c2d7ecab0018d528da,69e64e9062727c85d2cf988d,69e638d4b2228b5d05917569,9,I made it fair.  It tripled for me and I split it in half,,5b902fc6877eab0001d7b449,6,c10f3685-79e0-4010-aa40-20f21d1938da,18,3,3,1,
2026-04-20 16:07:15,2026-04-20 16:10:20,IP Address,,100,184,True,2026-04-20 16:10:21,R_6PhdZ4mI9RE2CUx,,,,,,,anonymous,EN,Very interested,,,I've never heard of it,..another participant from Prolific,..affects earnining for both you and your match,$6,0,0,3.017,0,0,0,2.015,0,6.018,6.018,19.858,1,I split the money and sent player 1 back half because I felt like the player was both smart and trusting to send the full $6 to potentially get a good amount of money back.,5.951,16.592,18.062,2,0,0,0.21,0,0,9,6969954a68b60886ce75f5d1,69e64f27314dae73d4798ae1,69e638d4b2228b5d05917569,9,I split the money and sent player 1 back half because I felt like the player was both smart and trusting to send the full $6 to potentially get a good amount of money back.,,55ed5e8b748092000aaa9909,6,80fabb81-84c4-47f9-9e07-727cfc3360ab,18,4,2,1,
2026-04-20 16:06:50,2026-04-20 16:10:31,IP Address,,100,220,True,2026-04-20 16:10:32,R_65MFk702okd1U8U,,,,,,,anonymous,EN,Very interested,,,I've never heard of it,..another participant from Prolific,..affects earnining for both you and your match,$6,0,0,7.372,0,0,0,2.009,0,10.911,21.396,23.816,4,I chose this amount to equally distribute the amount as best as I can,9.691,16.176,17.126,2,0,0,0.209,0,0,6,69990e50a54ccca3a3679cb0,69e64f0f9c722ca418c555e6,69e638d4b2228b5d05917569,3,I chose this amount to equally distribute the amount as best as I can,,563a7e0fbe9cac0011aab23b,3,5464ef9d-77b1-4678-88d1-2a5cc5c05024,9,4,2,1,
2026-04-20 16:07:50,2026-04-20 16:10:32,IP Address,,100,161,True,2026-04-20 16:10:32,R_2PuES1SpDGm2Jr3,,,,,,,anonymous,EN,Very interested,,,I've never heard of it,..another participant from Prolific,..affects earnining for both you and your match,$6,0,0,2.902,0,0,0,2.109,0,14.831,29.952,32.231,7,we both end up with the same amount.,7.56,7.56,18.192,1,0,0,0.205,0,0,6,5e110747dc265f7d25341439,69e64f5081de9c98cdb5e0cf,69e638d4b2228b5d05917569,3,we both end up with the same amount.,,69ba82a03e044c02130a3b12,3,3faf1dc8-b5ce-4edf-8294-fcd9461a0d66,9,5,1,1,
2026-04-20 16:01:56,2026-04-20 16:10:32,IP Address,,100,516,True,2026-04-20 16:10:32,R_3FR9oSu7kaD2hgx,,,,,,,anonymous,EN,Very interested,,,I've never heard of it,..another participant from Prolific,..affects earnining for both you and your match,$6,0,0,3.368,0,0,0,2.006,0,26.264,42.555,50.093,2,"player 1 having the trust to send $5 out of $6, shows a bit of willingness and trust to share the spoils. returning $7 makes their balance $8 and same with mine. so a win win for both participants",18.099,44.274,47.352,6,0,0,0.215,0,0,8,69c595862a585f09cc99aa88,69e64d5e5b1488365a8e1065,69e638d4b2228b5d05917569,7,"player 1 having the trust to send $5 out of $6, shows a bit of willingness and trust to share the spoils. returning $7 makes their balance $8 and same with mine. so a win win for both participants",,67bc827bda4f8e3244e03c7a,5,e5c53111-49b1-4528-9850-7a313fa599bd,15,4,2,1,
2026-04-20 16:07:10,2026-04-20 16:10:35,IP Address,,100,205,True,2026-04-20 16:10:36,R_5Gd0yDwu3mUYmQ1,,,,,,,anonymous,EN,Very interested,,,I've never heard of it,..another participant from Prolific,..affects earnining for both you and your match,$6,0,0,3.614,0,0,0,2.006,0,71.486,75.302,76.39,2,I wanted to make sure we both had the same amount so I chose $2.,8.928,8.928,34.516,1,0,0,0.204,0,0,5.5,5e2b4e61a7f804000a55eee7,69e64ed808296317e1d0c71e,69e638d4b2228b5d05917569,2,I wanted to make sure we both had the same amount so I chose $2.,,6438f8ccc4b7030c16842aee,2.5,b15dcfd0-ee03-44f2-8317-68d3313e1027,7.5,5,1,1,
2026-04-20 16:04:02,2026-04-20 16:10:39,IP Address,,100,396,True,2026-04-20 16:10:40,R_3Hko9En7O9AlrYC,,,,,,,anonymous,EN,Very interested,,,I've never heard of it,..another participant from Prolific,..affects earnining for both you and your match,$6,0,0,4.506,0,0,0,2.014,0,45.333,48.205,49.795,2,"The other participant chose to send me $1.50, so that we receive the same amount, which is fair. I decided to send back a dollar just out of courtesy, even though they will have slightly more money than I will at the end.",4.968,17.873,27.828,3,0,0,0.218,0,0,3.5,6992208bb9f2bd50b06851a2,69e64e5eda2f74704d75c37f,69e638d4b2228b5d05917569,1,"The other participant chose to send me $1.50, so that we receive the same amount, which is fair. I decided to send back a dollar just out of courtesy, even though they will have slightly more money than I will at the end.",,5edbd2c61d9e420b6b420343,1.5,569a7896-9a87-4602-9a97-6f8c9c69b847,4.5,4,2,1,
2026-04-20 16:07:46,2026-04-20 16:10:40,IP Address,,100,173,True,2026-04-20 16:10:40,R_6CV2fd7SCZb7xcg,,,,,,,anonymous,EN,Very interested,,,I've never heard of it,..another participant from Prolific,..affects earnining for both you and your match,$6,0,0,3.266,0,0,0,2.008,0,11.019,16.811,18.171,3,Player 1 didnt have to send anything but choose to.  I wanted to reward them back.,13.684,13.684,14.876,1,0,0,0.216,0,0,6,6391a4d41c7025c8ad3d3e18,69e64f4be851bd73a2fe5fb6,69e638d4b2228b5d05917569,12,Player 1 didnt have to send anything but choose to.  I wanted to reward them back.,,597f662f89542d0001517d78,6,a64e6df9-1fe8-4bcb-85de-ed5173b6e665,18,4,2,1,
2026-04-20 16:07:03,2026-04-20 16:10:41,IP Address,,100,218,True,2026-04-20 16:10:42,R_6M9w9yOFxSgU15N,,,,,,,anonymous,EN,Very interested,,,I've never heard of it,..another participant from Prolific,..affects earnining for both you and your match,$6,0,0,2.802,0,0,0,2.011,0,9.168,10.695,12.051,2,"because they chose to send the entire amount, acting in kind",7.571,11.425,12.553,2,0,0,0.207,0,0,0,69d90ec0dfa2cc1a8d6f5044,69e64f1944080843e5a58e47,69e638d4b2228b5d05917569,18,"because they chose to send the entire amount, acting in kind",,672233a2f03896deaa6a90f4,6,b3332c39-f59d-4cb0-879b-4f9fce37f875,18,4,2,1,
2026-04-20 16:07:01,2026-04-20 16:10:47,IP Address,,100,225,True,2026-04-20 16:10:47,R_6CWwB3yL48DVg4N,,,,,,,anonymous,EN,Very interested,,,I've never heard of it,..another participant from Prolific,..affects earnining for both you and your match,$6,0,0,2.389,0,0,0,2.014,0,28.252,28.252,29.558,1,I believe that's what player one deserves ,12.265,12.265,13.346,1,0,0,0.208,0,1,7,69b95621ce80037170e7aad2,69e64f1fceef288235838903,69e638d4b2228b5d05917569,5,I believe that's what player one deserves ,,69d7af361c685185ff5509b2,4,9f337663-c132-4485-b59e-8d943c2e5fc9,12,3.5,2.5,1,
2026-04-20 16:06:06,2026-04-20 16:10:49,IP Address,,100,282,True,2026-04-20 16:10:49,R_8KBAfckqOPNV7Rn,,,,,,,anonymous,EN,Very interested,,,I've never heard of it,..another participant from Prolific,..affects earnining for both you and your match,$6,0,0,3.014,0,0,0,2.014,0,9.139,18.189,20.759,3,Seemed the most equal. There's less chance (1 in 10) of the bonus. ,4.794,20.63,23.441,2,0,0,0.214,0,0,6,6118d237fb311772a403f82b,69e64ee070d00b308b2ea1a8,69e638d4b2228b5d05917569,3,Seemed the most equal. There's less chance (1 in 10) of the bonus. ,,69e471c43852befc800b98f0,3,7fc43e05-6319-4d69-b271-968157ed6404,9,2.5,3.5,1,
2026-04-20 16:07:00,2026-04-20 16:11:05,IP Address,,100,244,True,2026-04-20 16:11:05,R_7IaYWoltRRU7YtP,,,,,,,anonymous,EN,Very interested,,,I've never heard of it,..another participant from Prolific,..affects earnining for both you and your match,$6,0,0,5.038,0,0,0,2.108,0,20.739,20.739,21.822,1,"They sent me the lesser amount originally which was multiplied by 3, giving them 4 to keep. Sending them 1 back, leaves us both with 5. Which should be an even split. ",,,,,0,0,0.209,0,0,5,69de95b12ffc1d35f8913801,69e64f1d0a63d4187d52ca04,69e638d4b2228b5d05917569,1,"They sent me the lesser amount originally which was multiplied by 3, giving them 4 to keep. Sending them 1 back, leaves us both with 5. Which should be an even split. ",,63ced66f1a147bc3f797e6a2,2,f2d95652-157b-4e53-8ea3-5d00b2b5b72c,6,,,1,
2026-04-20 16:08:40,2026-04-20 16:11:05,IP Address,,100,145,True,2026-04-20 16:11:06,R_2EEMbbOgzBLcNeK,,,,,,,anonymous,EN,Very interested,,,I've never heard of it,..another participant from Prolific,..affects earnining for both you and your match,$6,0,0,4.745,0,0,0,2.016,0,5.972,7.709,8.969,2,I wanted to split the amount equally.,16.434,16.434,17.92,1,0,0,0.222,0,0,9,663a28078139647b4663d09f,69e64f80960cdc89d091b037,69e638d4b2228b5d05917569,9,I wanted to split the amount equally.,,659d549e063162467e0f3f2d,6,add83870-27ad-4e5e-add6-2985584227e0,18,3,3,1,
2026-04-20 16:09:24,2026-04-20 16:11:12,IP Address,,100,107,True,2026-04-20 16:11:12,R_5XizVKhzP88vXVg,,,,,,,anonymous,EN,Very interested,,,I've never heard of it,..another participant from Prolific,..affects earnining for both you and your match,$6,0,0,2.7,0,0,0,2.007,0,9.809,9.809,14.044,1,It was nice to receive more than Player 1 so I wanted to even things out and send a little back.,3.956,8.344,10.475,2,0,0,0.105,0,0,6.5,6813e67f495e6e5b4d1593a1,69e64fad0efe52913b81fef3,69e638d4b2228b5d05917569,1,It was nice to receive more than Player 1 so I wanted to even things out and send a little back.,,67018d436b1fa744dfee9df0,2.5,9cdc875e-9494-4f5a-b845-1acf66a937b8,7.5,6,0,1,
2026-04-20 16:08:02,2026-04-20 16:11:15,IP Address,,100,193,True,2026-04-20 16:11:16,R_1G944rn4xu6NMfa,,,,,,,anonymous,EN,Very interested,,,I've never heard of it,..another participant from Prolific,..affects earnining for both you and your match,$6,0,0,3.607,0,0,0,2.106,0,4.663,4.663,8.731,1,"Honestly, I think they wanted to give as little as possible, which is fine, but that makes me want to do the same.",5.559,5.559,11.603,1,0,0,0.212,0,0,3,69c5a8ac891de6b6718ebc94,69e64f5c0bd407c64581823f,69e638d4b2228b5d05917569,0,"Honestly, I think they wanted to give as little as possible, which is fine, but that makes me want to do the same.",,5b70758cf3dd6600010aa9eb,1,e73b69fa-995b-4113-89fa-9dd92d9cca08,3,4,2,1,
2026-04-20 16:08:16,2026-04-20 16:11:16,IP Address,,100,179,True,2026-04-20 16:11:16,R_7irCltfYywCZllf,,,,,,,anonymous,EN,Very interested,,,I've never heard of it,..another participant from Prolific,..affects earnining for both you and your match,$6,0,0,3.101,0,0,0,2.013,0,6.788,6.788,7.867,1,By splitting the payment in half it encourages players to send more and foster an environment for mutual benefits.,0.48,7.13,7.837,6,0,0,0.108,0,0,4.5,6650c367dfa74ae61f965499,69e64f6a64e4e9079a1848da,69e638d4b2228b5d05917569,4.5,By splitting the payment in half it encourages players to send more and foster an environment for mutual benefits.,,69c592cb5d95d57d9ef01b61,3,1ce588cb-3035-4061-a81d-94234c91d008,9,3,3,1,
2026-04-20 16:09:57,2026-04-20 16:11:26,IP Address,,100,88,True,2026-04-20 16:11:27,R_3UigB2ygHXizMGZ,,,,,,,anonymous,EN,Very interested,,,I've never heard of it,..another participant from Prolific,..affects earnining for both you and your match,$6,0,0,3.351,0,0,0,2.006,0,6.038,8.304,9.499,3,Player 1 already took most of the money so I feel no need to send them any more.,8.929,8.929,10.077,1,0,0,0.204,0,0,3,695fe5838bddeba9b90e9167,69e64fcf42c9a3c8f0ee21e5,69e638d4b2228b5d05917569,0,Player 1 already took most of the money so I feel no need to send them any more.,,5b2f2c586d601d0001d5cd73,1,d8e1a882-de79-4b97-82aa-33cf594cdb8e,3,5,1,1,
2026-04-20 16:08:32,2026-04-20 16:11:29,IP Address,,100,176,True,2026-04-20 16:11:30,R_3GJuunNBJS6gWYW,,,,,,,anonymous,EN,Very interested,,,I've never heard of it,..another participant from Prolific,..affects earnining for both you and your match,$6,0,0,2.891,0,0,0,2.109,0,22.863,22.863,23.8,1,I picked the exact amount that would give both of us an even split of the money.,18.938,20.17,21.228,2,0,0,0.206,0,0,6,69c82b26bbadde18a3e131c4,69e64f7a64e4e9079a1848e0,69e638d4b2228b5d05917569,3,I picked the exact amount that would give both of us an even split of the money.,,5e4fee53478084033f395903,3,1fd72e89-a3c8-4666-968b-344b67322771,9,5,1,1,
2026-04-20 16:07:28,2026-04-20 16:11:30,IP Address,,100,241,True,2026-04-20 16:11:30,R_6Ybn8f3KUJMNnnv,,,,,,,anonymous,EN,Very interested,,,I've never heard of it,..another participant from Prolific,..affects earnining for both you and your match,$6,0,0,2.97,0,0,0,2.007,0,8.439,38.572,39.697,3,I just think that amount would be fair. They were generous to send me half of their earnings.,6.194,27.943,28.852,3,0,0,0.205,0,1,6,65c7bcfb061653d1127ff872,69e64f37d5f0f13986ad5df4,69e638d4b2228b5d05917569,3,I just think that amount would be fair. They were generous to send me half of their earnings.,,69bc7c6f6ff900c985bd29ad,3,63006399-ffc8-4cd9-bd76-07ffe358f6e6,9,5,1,1,
2026-04-20 16:09:25,2026-04-20 16:11:33,IP Address,,100,127,True,2026-04-20 16:11:33,R_3HIFnGAhzsGCGdF,,,,,,,anonymous,EN,Very interested,,,I've never heard of it,..another participant from Prolific,..affects earnining for both you and your match,$6,0,0,3.566,0,0,0,2.116,0,10.793,13.055,20.07,3,"I decided to send $1 back because Player 1 was fair and sent enough to make us even.  So just to show appreciation, I sent a little in return.",,,,,0,0,0.111,0,0,5,696171405853fc35f15a4872,69e64fae522c36f244cfea6c,69e638d4b2228b5d05917569,1,"I decided to send $1 back because Player 1 was fair and sent enough to make us even.  So just to show appreciation, I sent a little in return.",,675bbc677f1e7c1d82e42a73,2,e88d88be-ac3d-4f01-b0ae-9395465dd4a5,6,,,1,
2026-04-20 16:09:28,2026-04-20 16:11:36,IP Address,,100,128,True,2026-04-20 16:11:36,R_1cAW2wPsUeVH8Bl,,,,,,,anonymous,EN,Very interested,,,I've never heard of it,..another participant from Prolific,..affects earnining for both you and your match,$6,0,0,4.523,0,0,0,2.006,0,6.372,14.421,17.97,2,I sent them half the money they sent me. It felt like a fair outcome for both parties.,5.604,5.604,6.453,1,0,0,0.102,0,0,9,6630eab692cb0827e3e0c1b7,69e64fb25d546aef8ca02c45,69e638d4b2228b5d05917569,9,I sent them half the money they sent me. It felt like a fair outcome for both parties.,,666b244bac74ea78dd24a8a2,6,be8624c7-c0ec-4385-8566-ae350d5539ec,18,3,3,1,
2026-04-20 16:03:54,2026-04-20 16:11:40,IP Address,,100,465,True,2026-04-20 16:11:40,R_3KXQ019FUwLpcvT,,,,,,,anonymous,EN,Very interested,,,I've never heard of it,..another participant from Prolific,..affects earnining for both you and your match,$6,0,0,3.279,0,0,0,2.013,0,22.062,37.396,39.457,3,I answered this question truthfully ,14.884,17.336,19.191,2,0,0,0.213,0,0,3,69a2184961d848728def38d5,69e64e5d70b76afb7fafc343,69e638d4b2228b5d05917569,1.5,I answered this question truthfully ,,69e4e6d9ad2c7d09008671f7,1.5,e5ac5d30-be43-4b27-95a9-bdc36b50e320,4.5,3,3,1,
2026-04-20 16:09:02,2026-04-20 16:11:47,IP Address,,100,164,True,2026-04-20 16:11:47,R_5WGdz595BGn3H9X,,,,,,,anonymous,EN,Very interested,,,I've never heard of it,..another participant from Prolific,..affects earnining for both you and your match,$6,0,0,4.446,0,0,0,2.007,0,5.242,5.242,10.848,1,I chose this amount to maximize the bonus I would keep if I am selected for the bonus.,5.647,5.647,6.475,1,0,0,0.206,0,0,18,69150c3790edcc1addc3c30e,69e64f9998651021c780a896,69e638d4b2228b5d05917569,0,I chose this amount to maximize the bonus I would keep if I am selected for the bonus.,,69c70839e0ead2560a304dbf,6,120bad36-5c78-47d9-b6c7-a82c2cbb04aa,18,6,0,1,
2026-04-20 16:08:47,2026-04-20 16:11:55,IP Address,,100,188,True,2026-04-20 16:11:56,R_3KxpfI9yIV4UwkZ,,,,,,,anonymous,EN,Very interested,,,I've never heard of it,..another participant from Prolific,..affects earnining for both you and your match,$6,0,0,5.876,0,0,0,2.004,0,8.31,35.927,36.64,2,"I chose to give just a little bit more back than he sent, to be generous",16.431,16.431,17.466,1,0,0,0.203,0,0,2.5,5f500550ad48ba16ff920279,69e64f87f36c9b460d5ac309,69e638d4b2228b5d05917569,2,"I chose to give just a little bit more back than he sent, to be generous",,5cbf7efc33c9c70017d49c79,1.5,764dfa87-260c-409c-b66a-5e939c99607f,4.5,4,2,1,
2026-04-20 16:02:06,2026-04-20 16:12:06,IP Address,,100,600,True,2026-04-20 16:12:06,R_3l2tsknzLrcTy4F,,,,,,,anonymous,EN,Very interested,,,I've never heard of it,..another participant from Prolific,..affects earnining for both you and your match,$6,0,0,18.897,0,0,0,2.017,0,15.994,19.548,20.306,2,"I am in a financial bind and really need the full amount of money, so I need to be selfish and keep the bonus for myself. ",5.019,7.279,8.04,3,0,0,0.213,0,0,18,6646cdbd7a8e4d39556e459b,69e64dcda31e3b102a6d6102,69e638d4b2228b5d05917569,0,"I am in a financial bind and really need the full amount of money, so I need to be selfish and keep the bonus for myself. ",,695fc9e5ea354ea6bd7c7ba8,6,41f2b8fb-0bb7-4395-b57e-f6c8e1eacfc9,18,6,0,1,
2026-04-20 16:06:12,2026-04-20 16:12:08,IP Address,,100,355,True,2026-04-20 16:12:08,R_2I6h6bdCvkWudgr,,,,,,,anonymous,EN,Very interested,,,I've never heard of it,..another participant from Prolific,..affects earnining for both you and your match,$6,0,0,4.002,0,0,0,2.114,0,16.661,20.997,38.573,3,"Because they trusted me in sending all of their money, and so I felt it was only fair to repay that trust by working as a team and returning their fair, equal share.",2.802,39.317,40.995,4,0,0,0.109,0,0,9,6548e369cd01fbc184e44308,69e64eeb9509a49f8cc9054a,69e638d4b2228b5d05917569,9,"Because they trusted me in sending all of their money, and so I felt it was only fair to repay that trust by working as a team and returning their fair, equal share.",,5f0d2ad60ad0d6730c380b05,6,766b6340-b784-4564-a6ba-44600924ec4f,18,5,1,1,
2026-04-20 16:09:11,2026-04-20 16:12:08,IP Address,,100,177,True,2026-04-20 16:12:09,R_5HHZbiMUBKGH7b3,,,,,,,anonymous,EN,Very interested,,,I've never heard of it,..another participant from Prolific,..affects earnining for both you and your match,$6,0,0,3.369,0,0,0,2.007,0,3.762,9.578,20.071,3,"I chose that amount because I wanted to be fair to the other player, especially since they did trust me by sending the full amount they could. However, I wanted to also keep more of the money, so I felt that sending the other player $8 was fair, since they would end up with more, but I would get still get the majority of the money.",5.096,9.678,10.605,2,0,0,0.206,0,0,10,63d152150ad28a2b24aa507a,69e64fa23a306b033bf0d21c,69e638d4b2228b5d05917569,8,"I chose that amount because I wanted to be fair to the other player, especially since they did trust me by sending the full amount they could. However, I wanted to also keep more of the money, so I felt that sending the other player $8 was fair, since they would end up with more, but I would get still get the majority of the money.",,61490f8d7e62aaaea93feaf4,6,051a1b6c-1298-42b1-bebf-d221b29b42da,18,4,2,1,
2026-04-20 16:08:03,2026-04-20 16:12:13,IP Address,,100,249,True,2026-04-20 16:12:13,R_3YaF7eT2pENpX8T,,,,,,,anonymous,EN,Very interested,,,I've never heard of it,..another participant from Prolific,..affects earnining for both you and your match,$6,0,0,3.176,0,0,0,2.01,0,13.646,17.479,18.975,2,I think giving a good amount back is fair.,1.641,1.641,4.567,1,0,0,0.219,0,0,8,5c560b6fccb08c0001e134a8,69e64f5e0ae771d97090e4ed,69e638d4b2228b5d05917569,4,I think giving a good amount back is fair.,,663ece769c3a32475d274c94,4,5d5e7cad-0559-42e4-8c33-0e18a619d194,12,3,3,1,
2026-04-20 16:08:41,2026-04-20 16:12:20,IP Address,,100,219,True,2026-04-20 16:12:21,R_5PTcqvMYISC6uzf,,,,,,,anonymous,EN,Very interested,,,I've never heard of it,..another participant from Prolific,..affects earnining for both you and your match,$6,0,0,2.684,0,0,0,2.11,0,12.836,15.524,19.661,2,"I chose to send back nothing, as player 1 kept $5 out of the $6. I received $3. That seems fair to me. ",15.8,17.828,20.09,2,0,0,0.203,0,0,3,6962dbac88944946c07d1497,69e64f73cbd924ec5021aef4,69e638d4b2228b5d05917569,0,"I chose to send back nothing, as player 1 kept $5 out of the $6. I received $3. That seems fair to me. ",,5e8d804740aaf4000a51d9e9,1,d39bc77f-4794-41d5-93e2-c311584b19e0,3,5,1,1,
2026-04-20 16:09:32,2026-04-20 16:12:21,IP Address,,100,168,True,2026-04-20 16:12:21,R_6NFeYI4XdCpdQ7G,,,,,,,anonymous,EN,Very interested,,,I've never heard of it,..another participant from Prolific,..affects earnining for both you and your match,$6,0,0,5.381,0,0,0,2.011,0,23.157,23.157,33.568,1,"They didn't split evenly, so if they aren't going to be fair then I am only going to look out for myself. ",,,,,0,0,0.223,0,0,6,662a7bad22f9c62510da0348,69e64fb41ff6cf99bcc3ba89,69e638d4b2228b5d05917569,0,"They didn't split evenly, so if they aren't going to be fair then I am only going to look out for myself. ",,675a3b722d4d592768200095,2,14749113-c2f1-4924-98b8-4af650241ba5,6,,,1,
2026-04-20 16:10:00,2026-04-20 16:12:24,IP Address,,100,144,True,2026-04-20 16:12:24,R_7XcfywGgMjIPxOF,,,,,,,anonymous,EN,Very interested,,,I've never heard of it,..another participant from Prolific,..affects earnining for both you and your match,$6,0,0,3.298,0,0,0,2.007,0,19.937,30.219,33.115,3,Tried to make it even.,4.639,8.919,23.067,3,0,0,0.207,0,0,5,67fd8520a5dcf6eaa319fc52,69e64fcc9509a49f8cc9055c,69e638d4b2228b5d05917569,2.5,Tried to make it even.,,697cca6659987ff5456da3a2,2.5,12682b1b-4e8c-46f3-84a8-415a80ec7f5f,7.5,4,2,1,
2026-04-20 16:09:55,2026-04-20 16:12:45,IP Address,,100,169,True,2026-04-20 16:12:45,R_2GClngzgfmbxPdW,,,,,,,anonymous,EN,Very interested,,,I've never heard of it,..another participant from Prolific,..affects earnining for both you and your match,$6,0,0,4.507,0,0,0,2.117,0,11.511,11.511,14.717,1,Its only fair to them and they have been kind to me,14.021,14.021,15.208,1,0,0,0.209,0,0,11.5,653a6d1a7d121baf7fd531fc,69e64fc96cd18dac8538bbdc,69e638d4b2228b5d05917569,6.5,Its only fair to them and they have been kind to me,,69a3cd4d2ec84a42408eebcb,6,635107fb-0a3f-4256-8a11-f4b4078ebd61,18,4,2,1,
2026-04-20 16:12:39,2026-04-20 16:12:54,IP Address,,100,15,True,2026-04-20 16:12:54,R_2Pbrs7vETgmaCJj,,,,,,,anonymous,EN,,,,I've never heard of it,,,,,,,,,,,,,,,,,,,,,,,,,0,,579e431a81f331000139d5d0,69e65063e44815507f6dc99a,69e638d4b2228b5d05917569,,,,,,,,,,0,
2026-04-20 16:06:02,2026-04-20 16:13:01,IP Address,,100,418,True,2026-04-20 16:13:01,R_7mb3VnlHat53jSu,,,,,,,anonymous,EN,Very interested,,,I've never heard of it,..another participant from Prolific,..affects earnining for both you and your match,$6,0,0,7.347,0,0,0,2.007,0,16.481,18.759,20.872,2,i chose that since it was the money they had sent me,5.922,10.684,12.875,5,0,0,0.206,0,0,2,69df2e7746fd8e6cd8bfc1f4,69e64eda0924bf187fa521b5,69e638d4b2228b5d05917569,1,i chose that since it was the money they had sent me,,663f59dc6fd2542024ad9336,1,92c5eece-8ca3-4f45-b53a-2598661938a2,3,4,2,1,
2026-04-20 16:10:15,2026-04-20 16:13:05,IP Address,,100,169,True,2026-04-20 16:13:05,R_7j20afgZ8Zw8u3r,,,,,,,anonymous,EN,Very interested,,,I've never heard of it,..another participant from Prolific,..affects earnining for both you and your match,$6,0,0,4.362,0,0,0,2.004,0,6.95,19.363,23.094,3,I chose slightly less than half because Player 1 chose to send me half so I made sure they benefited from the transaction while retaining the majority of the sum. ,6.042,15.178,16.548,2,0,0,0.208,0,0,5,698e420735e53080e135f8b8,69e64fdadd46f74ba7c0a457,69e638d4b2228b5d05917569,4,I chose slightly less than half because Player 1 chose to send me half so I made sure they benefited from the transaction while retaining the majority of the sum. ,,5c8a2d11f7ab04001042af3c,3,525b04d9-47be-460c-811c-fe7dbff2bf0c,9,3.5,2.5,1,
2026-04-20 16:08:23,2026-04-20 16:13:07,IP Address,,100,284,True,2026-04-20 16:13:08,R_56WzMVk1DvL6edj,,,,,,,anonymous,EN,Very interested,,,I've never heard of it,..another participant from Prolific,..affects earnining for both you and your match,$6,0,0,4.13,0,0,0,2.013,0,13.315,19.865,22.471,2,I feel $9 is fair and reasonable between each of us,27.723,39.766,41.477,2,0,0,0.216,0,0,9,697d24efb667eda3edf789ca,69e64f608ee045afd6a903b7,69e638d4b2228b5d05917569,9,I feel $9 is fair and reasonable between each of us,,69bd43b3638c297e98b9f8df,6,8ad1d5ba-6fa6-422d-9e94-dbd78b3d19b5,18,0,6,1,
2026-04-20 16:11:36,2026-04-20 16:13:12,IP Address,,100,96,True,2026-04-20 16:13:13,R_3A0UWhUW1Pbbztj,,,,,,,anonymous,EN,Very interested,,,I've never heard of it,..another participant from Prolific,..affects earnining for both you and your match,$6,0,0,2.468,0,0,0,2.012,0,6.755,10.499,11.478,3,Return the amount player gives me,4.267,5.876,7.423,2,0,0,0.209,0,0,6,668525b0e1eff8d40c686ec0,69e650331009ea37c0846297,69e638d4b2228b5d05917569,3,Return the amount player gives me,,69c5a87efe4b84961a9b36e2,3,aabe8167-af72-4fc5-9c91-fbefa23aebb2,9,4,2,1,
2026-04-20 16:08:56,2026-04-20 16:13:16,IP Address,,100,260,True,2026-04-20 16:13:17,R_1ih4hhqXEIVqaiB,,,,,,,anonymous,EN,Very interested,,,I've never heard of it,..another participant from Prolific,..affects earnining for both you and your match,$6,0,0,4.301,0,0,0,2.01,0,6.629,10.776,12.211,2,I wanted to split the amount I received in half to send back to them. It feels intuitive to always split things in half to share. If received $9 then they did the same thing.,13.619,18.522,19.221,2,0,0,0.208,0,0,4.5,69c0076e99dfebce7dff5741,69e64f925d8f839e18bf52ae,69e638d4b2228b5d05917569,4.5,I wanted to split the amount I received in half to send back to them. It feels intuitive to always split things in half to share. If received $9 then they did the same thing.,,69b97cc30a55bea71338912b,3,adb349a7-83c1-4fa6-bb7d-7c2e1804195b,9,4,2,1,
2026-04-20 16:10:19,2026-04-20 16:13:19,IP Address,,100,179,True,2026-04-20 16:13:19,R_72yjYD8dtwWhoQS,,,,,,,anonymous,EN,Very interested,,,I've never heard of it,..another participant from Prolific,..affects earnining for both you and your match,$6,0,0,2.88,0,0,0,2.009,0,16.803,16.803,19.064,1,I felt half was appropriate.,,,,,0,0,0.208,0,0,3,5fbb89e20ddd50a66ab62a67,69e64fe2e995c88163ba3700,69e638d4b2228b5d05917569,3,I felt half was appropriate.,,67f12c6537225c87ef8abc87,2,8aa207f0-a8c0-4c98-9bb0-e9a6354919d4,6,,,1,
2026-04-20 16:12:12,2026-04-20 16:13:30,IP Address,,100,78,True,2026-04-20 16:13:31,R_3E669Fg4qSGs9wT,,,,,,,anonymous,EN,Very interested,,,I've never heard of it,..another participant from Prolific,..affects your match earnings,$2,,,,,,,,,,,,,,,,,,,,,,1,,65e9395578c44519f3ea1e10,69e65054ea446bcc9438b858,69e638d4b2228b5d05917569,,,,,,,,,,1,
2026-04-20 16:09:42,2026-04-20 16:13:34,IP Address,,100,231,True,2026-04-20 16:13:34,R_1xq7xppwuotI729,,,,,,,anonymous,EN,Very interested,,,I've never heard of it,..another participant from Prolific,..affects earnining for both you and your match,$6,0,0,3.586,0,1.094,1.094,2.122,1,1.538,38.193,49.257,5,"I sent them back their original amount so they wouldn't lose anything. Since I started out with 0, I kept a larger share of the final amount to get me closer to where Player 1 was at.",5.055,17.536,27.398,2,0,0,0.215,0,0,5,69aea3505bb6ef44aa3c26c8,69e64f69f63ec937fa94bc89,69e638d4b2228b5d05917569,2.5,"I sent them back their original amount so they wouldn't lose anything. Since I started out with 0, I kept a larger share of the final amount to get me closer to where Player 1 was at.",,667be3b3495a08369501bcbb,2.5,78d4b60b-b65c-4799-8d96-dfe67ac84efe,7.5,5,1,1,
2026-04-20 16:12:08,2026-04-20 16:13:35,IP Address,,100,86,True,2026-04-20 16:13:35,R_3IY21SC5v7CswBX,,,,,,,anonymous,EN,Very interested,,,I've never heard of it,..another participant from Prolific,..affects earnining for both you and your match,$6,0,0,4.264,0,0,0,2.109,0,13.937,13.937,16.293,1,i think we should receive about the same amount,5.866,6.548,7.8,2,0,0,0.21,0,0,5,69ab075232e2303f295e8045,69e65052ef881cb57e7649ef,69e638d4b2228b5d05917569,4,i think we should receive about the same amount,,65df1d17bc6fb7dc3f85aa2e,3,57727669-7338-42c1-9240-7321ea99e858,9,3.5,2.5,1,
2026-04-20 16:11:39,2026-04-20 16:13:36,IP Address,,100,116,True,2026-04-20 16:13:37,R_8065cvJ9RvKy6O1,,,,,,,anonymous,EN,Very interested,,,I've never heard of it,..another participant from Prolific,..affects earnining for both you and your match,$6,0,0,3.034,0,0,0,2.01,0,10.905,16.985,17.98,2,i chsoe to send the exact %as him,5.594,7.49,8.326,2,0,0,0.208,0,0,4.5,605562b516e3cf830c62a216,69e6503335f058aed82b3bcf,69e638d4b2228b5d05917569,7.5,i chsoe to send the exact %as him,,6028e8deb16a4524f12629de,4,7cbfd57a-0f69-4666-b789-599ae832e4d0,12,6,0,1,
2026-04-20 16:10:10,2026-04-20 16:13:45,IP Address,,100,215,True,2026-04-20 16:13:46,R_1FOhLvVwgD9M7LT,,,,,,,anonymous,EN,Very interested,,,I've never heard of it,..another participant from Prolific,..affects earnining for both you and your match,$6,0,0,2.616,0,0,0,2.003,0,22.472,27.582,43.12,4,"The other participant decided to keep almost all of it. So I decided to send nothing back,",12.039,13.234,19.817,3,0,0,0.102,0,0,1.5,66e801b96fa64fe4f37ae739,69e64fd7631d7f0279203754,69e638d4b2228b5d05917569,0,"The other participant decided to keep almost all of it. So I decided to send nothing back,",,69430284205acb2aae3c0c93,0.5,c46f4951-622f-465d-bf2f-65f89548580c,1.5,4,2,1,
2026-04-20 16:10:57,2026-04-20 16:13:53,IP Address,,100,175,True,2026-04-20 16:13:54,R_1PuOUXS0ItquC4A,,,,,,,anonymous,EN,Very interested,,,I've never heard of it,..another participant from Prolific,..affects earnining for both you and your match,$6,0,0,3.562,0,0,0,2.108,0,12.721,17.07,18.141,4,I think it's fair amount for both parties to receive.,,,,,0,0,0.206,0,0,4.5,65e74f3dd1cf1c6869f7af37,69e65005b6607e79ca94bc76,69e638d4b2228b5d05917569,1.5,I think it's fair amount for both parties to receive.,,677ac5abfeff92f43b1755ba,2,c89e5f3a-c3d2-464d-a33d-7f76bdd5c2f0,6,,,1,
2026-04-20 16:09:04,2026-04-20 16:13:57,IP Address,,100,293,True,2026-04-20 16:13:58,R_8dIaDTyBq20vJ8B,,,,,,,anonymous,EN,Very interested,,,I've never heard of it,..another participant from Prolific,..affects earnining for both you and your match,$6,0,0,4.15,0,0,0,2.116,0,41.013,45.185,48.37,2,I tried to make it so that we both received a fair share of the payment as they had been generous with the amount that they sent to me.,2.238,18.006,19.796,3,0,0,0.21,0,0,7,655e09b56e955560173018c9,69e64f8f05b2ea18fc9ca91e,69e638d4b2228b5d05917569,5,I tried to make it so that we both received a fair share of the payment as they had been generous with the amount that they sent to me.,,61f2adeca09e72f23cbaf9b6,4,18aad347-8582-4806-9495-efb2980c037b,12,5,1,1,
2026-04-20 16:11:27,2026-04-20 16:14:06,IP Address,,100,158,True,2026-04-20 16:14:06,R_5lcz2zAupBVfg2t,,,,,,,anonymous,EN,Very interested,,,I've never heard of it,..another participant from Prolific,..affects earnining for both you and your match,$6,0,0,3.845,0,0,0,2.013,0,2.221,2.654,3.988,2,I felt that it was more than half and more than reasonable.,4.828,6.66,7.489,2,0,0,0.211,0,0,5,660338e4a1acbad65a2955ec,69e6502528013ab290653eb1,69e638d4b2228b5d05917569,4,I felt that it was more than half and more than reasonable.,,640f5f0ec7edf7222ce9a2a8,3,9b0f976b-7740-4a47-b8b8-18527f8f9eae,9,3,3,1,
2026-04-20 16:08:40,2026-04-20 16:14:07,IP Address,,100,326,True,2026-04-20 16:14:07,R_1mgJeFlHdufe57j,,,,,,,anonymous,EN,Very interested,,,I've never heard of it,..another participant from Prolific,..affects earnining for both you and your match,$6,0,0,4.365,0,0,0,2.008,0,36.259,53.898,81.753,5,I sent $1 back so each of us has a fair 50/50: we each end up with $5 each.,,,,,0,0,0.105,0,0,5,66293ab7b323f5f7ce785c38,69e64f82aeb8551b45938ade,69e638d4b2228b5d05917569,1,I sent $1 back so each of us has a fair 50/50: we each end up with $5 each.,,66a831d910e0a2b141015591,2,ed5b23db-9a2e-4dbd-a66d-5ba3dd8e1909,6,,,1,
2026-04-20 16:11:57,2026-04-20 16:14:08,IP Address,,100,130,True,2026-04-20 16:14:09,R_3OpFLdsyFBwic1c,,,,,,,anonymous,EN,Very interested,,,I've never heard of it,..another participant from Prolific,..affects earnining for both you and your match,$6,0,0,5.092,0,0,0,2.113,0,15.7,15.7,17.943,1,"since player 1 didnt send me half of the amount which seems fair to me, i decided to only give player 1 .50 in return because player 1 seemed greedy.",6.774,6.774,7.914,1,0,0,0.104,0,0,4,66a4591c98b2677590fcdffb,69e65046f0c806b0cfee1dfc,69e638d4b2228b5d05917569,0.5,"since player 1 didnt send me half of the amount which seems fair to me, i decided to only give player 1 .50 in return because player 1 seemed greedy.",,69a19e9710e2b63f2fb2fb39,1.5,eee26606-45de-4790-8f3b-50a5f87e2154,4.5,3,3,1,
2026-04-20 16:10:36,2026-04-20 16:14:20,IP Address,,100,223,True,2026-04-20 16:14:20,R_7qWWN6cCBFdGeIi,,,,,,,anonymous,EN,Very interested,,,I've never heard of it,..another participant from Prolific,..affects earnining for both you and your match,$6,0,0,6.401,0,0,0,2.003,0,5.15,27.134,33.53,2,Player 1 was very generous with the amount so I wanted to be fair in return .Sending back $7 will leave us both with $8.,5.172,23.444,34.064,2,0,0,0.203,0,0,8,66d0b2a947aa16b00db9dfcf,69e64ff3474561411ed802a2,69e638d4b2228b5d05917569,7,Player 1 was very generous with the amount so I wanted to be fair in return .Sending back $7 will leave us both with $8.,,664f7e5bbe54e083251e2950,5,bdb618b0-2491-4580-9691-409eb487312a,15,5,1,1,
2026-04-20 16:12:33,2026-04-20 16:14:28,IP Address,,100,114,True,2026-04-20 16:14:28,R_3aQs2qDD1cgdyuM,,,,,,,anonymous,EN,Very interested,,,I've never heard of it,..another participant from Prolific,..affects earnining for both you and your match,$6,0,0,4.263,0,0,0,2.011,0,15.197,15.197,20.908,1,This equals out the amount of money Player 1 and I receive ($4.5 vs $4.5),9.039,9.039,9.806,1,0,0,0.236,0,0,4.5,69e00cc36802ba2f1356f055,69e6506b1654140caaa0a824,69e638d4b2228b5d05917569,0,This equals out the amount of money Player 1 and I receive ($4.5 vs $4.5),,62fccb9647eb07d62e9b6baa,1.5,b42afa49-6521-4b8e-9f08-7842bb4c6aad,4.5,5,1,1,
2026-04-20 16:12:44,2026-04-20 16:14:38,IP Address,,100,113,True,2026-04-20 16:14:38,R_7aDA1EXwIy9QJCb,,,,,,,anonymous,EN,Very interested,,,I've never heard of it,..another participant from Prolific,..affects earnining for both you and your match,$6,0,0,2.717,0,0,0,2.012,0,4.44,9.407,10.352,2,I thought it fair to send a decent amount back. I took advantage of more money because I got selected to be player 2.,3.756,6.689,7.484,3,0,0,0.209,0,0,12,5de83840271a1c7b0fb7ec16,69e6507682cfdc3d214de257,69e638d4b2228b5d05917569,6,I thought it fair to send a decent amount back. I took advantage of more money because I got selected to be player 2.,,5c7307403065320001bdf00f,6,6c01cafc-3ee8-45cb-9b72-7c12ed2dccfd,18,5,1,1,
2026-04-20 16:12:31,2026-04-20 16:14:44,IP Address,,100,133,True,2026-04-20 16:14:44,R_7P6tAgQUcrhzTpp,,,,,,,anonymous,EN,Very interested,,,I've never heard of it,..another participant from Prolific,..affects earnining for both you and your match,$6,0,0,2.549,0,0,0,2.015,0,6.471,16.016,16.74,3,because they didn't send me much to start with so I felt I didn't want to send them back much either ,4.373,5.932,10.399,2,0,0,0.218,0,0,3.5,69782502ea3a21b5c59141aa,69e65066990ca7a945030655,69e638d4b2228b5d05917569,1,because they didn't send me much to start with so I felt I didn't want to send them back much either ,,5c3f18cf105d550001417ef0,1.5,61d0c19e-34d2-4fed-92ac-c3a9969f70cc,4.5,4.5,1.5,1,
2026-04-20 16:11:12,2026-04-20 16:14:47,IP Address,,100,214,True,2026-04-20 16:14:47,R_18KwJAwkDu9yaEV,,,,,,,anonymous,EN,Very interested,,,I've never heard of it,..another participant from Prolific,..affects earnining for both you and your match,$6,0,0,4.505,0,0,0,2.016,0,10.505,19.901,20.661,4,i choose to send on back becouse i need the money and i know that i do not know what they going through but i know what i am going through,11.04,11.825,13.572,2,0,0,0.214,0,0,8,66aafcc3d4f933f032778877,69e6501226dc9ba13e9dd83b,69e638d4b2228b5d05917569,1,i choose to send on back becouse i need the money and i know that i do not know what they going through but i know what i am going through,,6629441d34c59354769e5ecd,3,595654da-dce1-4f72-86ef-0463ddca738b,9,5.5,0.5,1,
2026-04-20 16:11:45,2026-04-20 16:14:50,IP Address,,100,184,True,2026-04-20 16:14:50,R_8fv5ljsO0K5PsDA,,,,,,,anonymous,EN,Very interested,,,I've never heard of it,..another participant from Prolific,..affects earnining for both you and your match,$6,0,0,3.05,0,0,0,2.009,0,8.479,21.599,22.363,3,"Player 1 only decided to send 2 dollars, which I didn't like. So I sent zero back.",,,,,0,0,0.203,0,1,6,65afcdd47e309167396b9506,69e6503b3e8474b5e9e0b7c1,69e638d4b2228b5d05917569,0,"Player 1 only decided to send 2 dollars, which I didn't like. So I sent zero back.",,6018880c76e9e614739fde32,2,d1f97bf9-282e-4555-834f-55f4251edd25,6,,,1,
2026-04-20 16:10:28,2026-04-20 16:14:50,IP Address,,100,262,True,2026-04-20 16:14:50,R_2IGfij3XCwMMxxB,,,,,,,anonymous,EN,Very interested,,,I've never heard of it,..another participant from Prolific,..affects earnining for both you and your match,$6,0,0,2.769,0,0,0,2.016,0,16.934,16.934,22.232,1,They sent half of the amount to me i.e. 3 from 6 so I decided to do the same and send half the amount i.e. 4.50 from 9,15.021,45.973,49.063,4,0,0,0.213,0,0,4.5,5e90d908621d9b40667fc3d5,69e64fe56c2344f911da454f,69e638d4b2228b5d05917569,4.5,They sent half of the amount to me i.e. 3 from 6 so I decided to do the same and send half the amount i.e. 4.50 from 9,,66d9edfb2b46f520118ea289,3,4334840d-5e65-407e-bb5d-136b8c46377d,9,3,3,1,
2026-04-20 16:12:16,2026-04-20 16:14:58,IP Address,,100,161,True,2026-04-20 16:14:58,R_1C5GaKx2rfnROJX,,,,,,,anonymous,EN,Very interested,,,I've never heard of it,..another participant from Prolific,..affects earnining for both you and your match,$6,0,0,4.585,0,0,0,2.119,0,8.385,15.651,16.558,2,It equally splits the money between us both. ,,,,,0,0,0.213,0,0,5,6998af19175ea049781b31fe,69e650590b6709fae2c83c68,69e638d4b2228b5d05917569,1,It equally splits the money between us both. ,,5707c88f374137000fbc5aec,2,3465d24b-332c-432f-9a91-0c2816571227,6,,,1,
2026-04-20 16:11:15,2026-04-20 16:15:01,IP Address,,100,225,True,2026-04-20 16:15:01,R_1QYQfrJcpFUsaOa,,,,,,,anonymous,EN,Very interested,,,I've never heard of it,..another participant from Prolific,..affects earnining for both you and your match,$6,0,0,3.63,0,0,0,2.014,0,9.881,31.399,37.492,6,"I had originally planned to equal out our amounts, but since player 1 was greedy, I gave nothing. Player 1 still had more money than I did at the end.",17.602,22.678,27.647,2,0,0,0.215,0,0,3,62b4e43b575809ae5110e778,69e6501da0d4bbc89c7fbe5c,69e638d4b2228b5d05917569,0,"I had originally planned to equal out our amounts, but since player 1 was greedy, I gave nothing. Player 1 still had more money than I did at the end.",,66491e9882aaa64c5d0911d5,1,5eff7757-962a-4786-8298-d9d6eab905a0,3,5,1,1,
2026-04-20 16:09:22,2026-04-20 16:15:06,IP Address,,100,343,True,2026-04-20 16:15:06,R_5MJLC58XwVPApIl,,,,,,,anonymous,EN,Very interested,,,I've never heard of it,..another participant from Prolific,..affects earnining for both you and your match,$6,0,0,2.905,0,0,0,2.133,0,18.523,27.188,38.403,6,"Since player 1 sent the total amount to me, I felt it was fair to split the amount evenly with player 1. Therefore in the end we both get more than what we started with.",15.411,18.752,40.902,4,0,0,0.214,0,0,9,69dfa0b91f11ed417f34ad35,69e64fa9676bc466ee98bbf0,69e638d4b2228b5d05917569,9,"Since player 1 sent the total amount to me, I felt it was fair to split the amount evenly with player 1. Therefore in the end we both get more than what we started with.",,69e4eefe60551afbeb5b1fd8,6,80c7a64d-d873-4275-9d5e-3d67e3ca8d81,18,5,1,1,
2026-04-20 16:12:14,2026-04-20 16:15:24,IP Address,,100,189,True,2026-04-20 16:15:25,R_6Tk9R2JN1Eji7W9,,,,,,,anonymous,EN,Very interested,,,I've never heard of it,..another participant from Prolific,..affects earnining for both you and your match,$6,0,0,4.443,0,0,0,2.014,0,56.606,60.753,68.248,2,the math applied made sure that we both received $7 total.,23.928,26.99,30.344,2,0,0,0.209,0,0,7,54a7516dfdf99b7cd759d22b,69e65055b2d8075addf70168,69e638d4b2228b5d05917569,5,the math applied made sure that we both received $7 total.,,63f77a5dde1ea03305e119e0,4,7d19fb76-dcc2-44f5-9b9a-2611f6631fe2,12,4,2,1,
2026-04-20 16:10:13,2026-04-20 16:15:28,IP Address,,100,315,True,2026-04-20 16:15:29,R_1dGcVmLeauc5cCo,,,,,,,anonymous,EN,Very interested,,,I've never heard of it,..another participant from Prolific,..affects earnining for both you and your match,$6,0,0,4.05,0,0,0,2.007,0,28.855,28.855,41.109,1,I wanted to be fair and generous.,23.528,23.528,25.818,1,0,0,0.204,0,0,4.5,69b9a9800190f414ab589c05,69e64fd865d95747ec4ac3ac,69e638d4b2228b5d05917569,4.5,I wanted to be fair and generous.,,5afd6d5b56fe2c0001690178,3,081e127c-65a7-4cb1-b3fa-fe3d8cd6d4ca,9,3,3,1,
2026-04-20 16:14:06,2026-04-20 16:15:30,IP Address,,100,83,True,2026-04-20 16:15:30,R_6EbFLYKDRgfUY05,,,,,,,anonymous,EN,Very interested,,,I've never heard of it,..another participant from Prolific,..affects earnining for both you and your match,$6,0,0,3.197,0,0,0,2.011,0,5.369,12.443,13.881,4,It felt the most fair and even for all parties involved,2.952,3.78,5.201,2,0,0,0.208,0,1,9,610c0307782b54307339d806,69e650c88373b7b1afc95f8d,69e638d4b2228b5d05917569,9,It felt the most fair and even for all parties involved,,69baa27614b2c61d994a5fcc,6,3022011f-8ec5-426f-803b-57d4629c2470,18,3,3,1,
2026-04-20 16:12:30,2026-04-20 16:15:32,IP Address,,100,181,True,2026-04-20 16:15:32,R_3KflPIhJoZ3qs8Z,,,,,,,anonymous,EN,Very interested,,,I've never heard of it,..another participant from Prolific,..affects earnining for both you and your match,$6,0,0,2.641,0,0,0,2.108,0,6.048,12.089,13.608,2,That player has $5 and I only have $3,5.637,11.993,12.976,4,0,0,0.209,0,0,3,673219445982b7e6a1bdaa4b,69e65065fcd1cd4c0da02817,69e638d4b2228b5d05917569,0,That player has $5 and I only have $3,,6072f8908ca848cb61dcce5d,1,2fd973c4-0e1f-42ef-a0ff-ca42dd6d59a2,3,5,1,1,
2026-04-20 16:11:27,2026-04-20 16:15:35,IP Address,,100,248,True,2026-04-20 16:15:36,R_5fKjnpBEYhgydCN,,,,,,,anonymous,EN,Very interested,,,I've never heard of it,..another participant from Prolific,..affects earnining for both you and your match,$6,0,0,3.901,0,0,0,2.02,0,13.369,14.581,22.17,2,Both of us will have equal amounts in the end.,16.735,19.901,48.051,4,0,0,0.217,0,0,6,69ab1b6b29ab82cc2b9fcbb5,69e65024a5a473c325244aae,69e638d4b2228b5d05917569,3,Both of us will have equal amounts in the end.,,64f22ad418d6bb613bca00e4,3,030290a0-f782-4e92-8101-15d15caec159,9,5,1,1,
2026-04-20 16:14:02,2026-04-20 16:15:45,IP Address,,100,102,True,2026-04-20 16:15:45,R_1HvS3qNZf1a5MGn,,,,,,,anonymous,EN,Very interested,,,I've never heard of it,..another participant from Prolific,..affects earnining for both you and your match,$6,0,0,3.27,0,0,0,2.003,0,7.373,14.723,15.993,3,Gave back the same proportion ,8.74,8.74,11.859,1,0,0,0.209,0,0,2.5,69bf97683362efaa04dadd5c,69e650c456c7a8c5824a65c5,69e638d4b2228b5d05917569,0.5,Gave back the same proportion ,,62b5e825a5e8616bde25741d,1,5c8ebbc0-fa2e-4e4d-8062-919eeae01d5f,3,4,2,1,
2026-04-20 16:12:42,2026-04-20 16:15:55,IP Address,,100,193,True,2026-04-20 16:15:55,R_7g58e8Fc9gJkpwE,,,,,,,anonymous,EN,Very interested,,,I've never heard of it,..another participant from Prolific,..affects earnining for both you and your match,$6,0,0,3.055,0,0,0,2.015,0,20.877,20.877,24.809,1,I thought the amount between the players should be equal.,11.414,14.602,18.231,2,0,0,0.217,0,0,3,676ebfe3e9331558ab656743,69e6504d59bc588f187ae26b,69e638d4b2228b5d05917569,1.5,I thought the amount between the players should be equal.,,5f789a409ea70c44b499feb0,1.5,b2257717-3422-47dc-8ceb-fe25f428174e,4.5,3,3,1,
2026-04-20 16:12:58,2026-04-20 16:15:55,IP Address,,100,177,True,2026-04-20 16:15:55,R_71gzwXguFuO1rPA,,,,,,,anonymous,EN,Very interested,,,I've never heard of it,..another participant from Prolific,..affects earnining for both you and your match,$6,0,0,20.768,0,0,0,2.006,0,4.676,14.308,17.483,3,"Because player 1 kept $5, and I was able to receive $3, I believe that it is fair for me to keep all of my sent money, and not send any money back as a result. ",13.454,15.138,16.464,2,0,0,0.105,0,0,3,69e578585e875fb531898e1b,69e65084f7f2f6adf982ba61,69e638d4b2228b5d05917569,0,"Because player 1 kept $5, and I was able to receive $3, I believe that it is fair for me to keep all of my sent money, and not send any money back as a result. ",,6643c5d1c53f7ffbef7b96e0,1,87d48bb6-c9ea-4863-8101-11c372ebc85c,3,5,1,1,
2026-04-20 16:11:59,2026-04-20 16:16:08,IP Address,,100,248,True,2026-04-20 16:16:08,R_8p1BlxB0IQURrfH,,,,,,,anonymous,EN,Very interested,,,I've never heard of it,..another participant from Prolific,..affects earnining for both you and your match,$6,0,0,3.116,0,0,0,2.004,0,17.56,17.56,30.855,1,It was nice that they sent anything at all as they didn't have to so I sent a little back to top up their money a bit..,,,,,0,0,0.204,0,0,5,64135c8f96a690f5b4c16dba,69e6504404472e1f0af429ad,69e638d4b2228b5d05917569,1,It was nice that they sent anything at all as they didn't have to so I sent a little back to top up their money a bit..,,69a8585831a3d751c0c5ba9a,2,f3490616-8bed-49f8-bf14-89dd78275030,6,,,1,
2026-04-20 16:13:03,2026-04-20 16:16:20,IP Address,,100,197,True,2026-04-20 16:16:20,R_29MNMOhfWErL8C5,,,,,,,anonymous,EN,Very interested,,,I've never heard of it,..another participant from Prolific,..affects earnining for both you and your match,$6,0,0,4.466,0,0,0,2.008,0,7.799,20.495,41.478,4,"They worked out that if they send 1.50 then we both get 4.50, which is completely fair. I therefore don't have to send anything back to them for this to be a fair trade. I could have been generous and sent something as thanks but they clearly understand that this a fair transaction",1.267,8.599,14.161,3,0,0,0.206,0,0,4.5,60db493dda701f3725d38ee0,69e6507d8101923a55c6c4c7,69e638d4b2228b5d05917569,0,"They worked out that if they send 1.50 then we both get 4.50, which is completely fair. I therefore don't have to send anything back to them for this to be a fair trade. I could have been generous and sent something as thanks but they clearly understand that this a fair transaction",,60151380a2273d594f63aae3,1.5,d546f534-b5ba-4313-8b31-7edec66ff99d,4.5,5,1,1,
2026-04-20 16:12:25,2026-04-20 16:16:45,IP Address,,100,259,True,2026-04-20 16:16:45,R_2zqfH8DIxJ0EZTK,,,,,,,anonymous,EN,Very interested,,,I've never heard of it,..another participant from Prolific,..affects earnining for both you and your match,$6,0,0,5.965,0,0,0,2.024,0,18.983,26.431,29.1,4,I wanted us both to have equal amounts,,,,,0,0,0.112,0,0,5,671875576b2020e109fe82cd,69e65058ab9568dbcb5731be,69e638d4b2228b5d05917569,1,I wanted us both to have equal amounts,,5da8826d8d163e0015d33c0c,2,80e9319b-05cb-41ba-873a-73f2fce9061d,6,,,1,
2026-04-20 16:14:20,2026-04-20 16:16:52,IP Address,,100,152,True,2026-04-20 16:16:52,R_2j9GBMG8qNhFqvt,,,,,,,anonymous,EN,Very interested,,,I've never heard of it,..another participant from Prolific,..affects earnining for both you and your match,$6,0,0,3.088,0,0,0,2.034,0,36.954,39.969,41.034,2,because it meant equity for both players. If my adding up was right!,4.723,24.632,25.669,3,0,0,0.12,0,0,6.5,5ca0b46e8265280015164984,69e650d5a8400906e0b56a51,69e638d4b2228b5d05917569,4,because it meant equity for both players. If my adding up was right!,,6737ac7b16ea7597c48bcf3d,3.5,433088c1-0702-4e3e-8549-24aa976bfc82,10.5,5,1,1,
2026-04-20 16:14:30,2026-04-20 16:17:06,IP Address,,100,155,True,2026-04-20 16:17:06,R_3c86a8cYbcVGThn,,,,,,,anonymous,EN,Very interested,,,I've never heard of it,..another participant from Prolific,..affects earnining for both you and your match,$6,0,0,5.78,0,0,0,2.007,0,13.586,13.586,15.301,1,I was trying to be reciprocal as possible.,,,,,0,0,0.21,0,0,4,699ccb61c45f845f51a6349c,69e650cccec89b0cbc76cca3,69e638d4b2228b5d05917569,2,I was trying to be reciprocal as possible.,,5ea313378e994c25658eae92,2,1083fed9-f224-4358-bb3c-cd906410cdd7,6,,,1,
2026-04-20 16:13:51,2026-04-20 16:17:07,IP Address,,100,196,True,2026-04-20 16:17:08,R_20NKPZGxZBvAWVK,,,,,,,anonymous,EN,Very interested,,,I've never heard of it,..another participant from Prolific,..affects earnining for both you and your match,$6,0,0,3.057,0,0,0,2.005,0,13.615,38.535,39.785,2,I chose that amount to make it equal between us both.,15.172,17.596,21.752,2,0,0,0.217,0,0,7.5,66eab32a4ca6d4a4e95b4257,69e650b80ad2528d43d9c814,69e638d4b2228b5d05917569,6,I chose that amount to make it equal between us both.,,6116f994419d66823ecd35b0,4.5,1a058fad-a0fb-4a34-907b-136ed8385a97,13.5,5,1,1,
2026-04-20 16:12:01,2026-04-20 16:17:14,IP Address,,100,312,True,2026-04-20 16:17:15,R_5IWvQUfMOUhaJWv,,,,,,,anonymous,EN,Very interested,,,I've never heard of it,..another participant from Prolific,..affects earnining for both you and your match,$6,0,0,3.835,0,0,0,2.113,0,23.643,23.643,28.646,1,"That was really nice that they sent the whole amount. The reason why I withheld one dollar because in real life, you still need a little bit to live on.",52.249,52.249,54.605,1,0,0,0.206,0,0,1,696320130ca9348467911e5d,69e6504804472e1f0af429af,69e638d4b2228b5d05917569,17,"That was really nice that they sent the whole amount. The reason why I withheld one dollar because in real life, you still need a little bit to live on.",,5dd3bfcd8b8df139ce007928,6,a67b5c84-015d-406a-af89-7797a3fdba60,18,0.5,5.5,1,
2026-04-20 16:14:27,2026-04-20 16:17:15,IP Address,,100,168,True,2026-04-20 16:17:15,R_2hyQBfgvs6wGiAq,,,,,,,anonymous,EN,Very interested,,,I've never heard of it,..another participant from Prolific,..affects earnining for both you and your match,$6,0,0,4.882,0,0,0,2.006,0,7.223,39.004,44.853,10,"I wanted to make it fair, they sent me 2 so I would have 6 leaving them 4. I wanted to send back to bump their money up to be fair ",,,,,0,0,0.205,0,0,5,6054c99c850918fc1ee83760,69e650d9a369f4376b2b5b14,69e638d4b2228b5d05917569,1,"I wanted to make it fair, they sent me 2 so I would have 6 leaving them 4. I wanted to send back to bump their money up to be fair ",,66568836f8713133e461fe12,2,282b4019-726a-4e28-913b-64833dfb76f7,6,,,1,
2026-04-20 16:13:05,2026-04-20 16:17:29,IP Address,,100,263,True,2026-04-20 16:17:30,R_7MPOmGwSpoJswzC,,,,,,,anonymous,EN,Very interested,,,I've never heard of it,..another participant from Prolific,..affects earnining for both you and your match,$6,0,0,3.575,0,0,0,2.014,0,38.185,38.185,42.602,1,I sent back $7 so that we will both have $8.,58.95,58.95,60.268,1,0,0,0.217,0,0,8,69d0428f9f00d482af903398,69e65089eb0f825156b60464,69e638d4b2228b5d05917569,7,I sent back $7 so that we will both have $8.,,5ae4e06dc67d830001ce8122,5,4d6486b8-f3f4-44ef-98e5-49b4f9c3519f,15,5,1,1,
2026-04-20 16:13:20,2026-04-20 16:17:34,IP Address,,100,253,True,2026-04-20 16:17:34,R_3HAGF8ENYxg4Dsf,,,,,,,anonymous,EN,Very interested,,,I've never heard of it,..another participant from Prolific,..affects earnining for both you and your match,$6,0,0,2.997,0,0,0,2.005,0,24.056,24.056,25.682,1,"Player 1 was cautious, they didn't want to send everything, but they did send half, which shows some good faith. In appreciation of this good faith, I sent back $4, giving them more than they originally had, while also leaving me with some, but them also getting more in total than myself.",16.268,37.023,38.814,4,0,0,0.103,0,0,5,63ea7e60bdd3090eb4b0dcc5,69e6509831c341ca055ac27d,69e638d4b2228b5d05917569,4,"Player 1 was cautious, they didn't want to send everything, but they did send half, which shows some good faith. In appreciation of this good faith, I sent back $4, giving them more than they originally had, while also leaving me with some, but them also getting more in total than myself.",,69c1953027cedba34d43258c,3,4cca619b-80a2-47c7-bfef-325e7c0e2032,9,4,2,1,
2026-04-20 16:15:30,2026-04-20 16:17:41,IP Address,,100,130,True,2026-04-20 16:17:41,R_6F4zXYqo7LL8ZCc,,,,,,,anonymous,EN,Very interested,,,I've never heard of it,..another participant from Prolific,..affects earnining for both you and your match,$6,0,0,2.491,0,0,0,2.01,0,3.5,12.221,22.391,3,"I wanted to be as fair as possible. By sending $3 back, both of us would end up with $6. That seems fair to me, and I prefer to be equitable when possible.",10.847,12.857,14.184,2,0,0,0.106,0,0,6,69ab785187f35ad7396afdf5,69e6511d0af555ef22f52c8f,69e638d4b2228b5d05917569,3,"I wanted to be as fair as possible. By sending $3 back, both of us would end up with $6. That seems fair to me, and I prefer to be equitable when possible.",,5cbcfce214b3cb0015f03471,3,00a04518-e2ef-4c92-ad05-ba62c50f77a4,9,4,2,1,
2026-04-20 16:14:07,2026-04-20 16:17:42,IP Address,,100,214,True,2026-04-20 16:17:42,R_8MQFv70AbhpKAdk,,,,,,,anonymous,EN,Very interested,,,I've never heard of it,..another participant from Prolific,..affects earnining for both you and your match,$6,0,0,4.768,0,0,0,2.012,0,14.422,14.422,18.152,1,"Player 1 sent all their money to me, without keeping any back for themselves. I thought it only fair that I give them half.",23.892,23.892,25.265,1,0,0,0.204,0,0,9,6015966a246e51095f2235e7,69e650cbe16ad7ddc74988a9,69e638d4b2228b5d05917569,9,"Player 1 sent all their money to me, without keeping any back for themselves. I thought it only fair that I give them half.",,5f6f31f7a28898067fb4c50f,6,f2b744f0-0884-4ba0-81cc-404ae536178d,18,4,2,1,
2026-04-20 16:12:53,2026-04-20 16:18:03,IP Address,,100,310,True,2026-04-20 16:18:04,R_76GvRngjjAV9qO5,,,,,,,anonymous,EN,Very interested,,,I've never heard of it,..another participant from Prolific,..affects earnining for both you and your match,$6,0,0,7.815,0,0,0,2.108,0,14.024,27.028,29.114,6,I get to remain with 9 .It's fair considering the circumstances,12.228,13.774,16.074,2,0,0,0.206,0,0,9,69d7cb38e4449b67ad2c75b3,69e6506ae8d59ed74930162f,69e638d4b2228b5d05917569,6,I get to remain with 9 .It's fair considering the circumstances,,5b29b956007d870001c82114,5,a77d553b-9583-475e-ba7f-b369af64d8ec,15,3,3,1,
2026-04-20 16:16:17,2026-04-20 16:18:08,IP Address,,100,111,True,2026-04-20 16:18:08,R_62xX5lI8cBHzFqT,,,,,,,anonymous,EN,Very interested,,,I've never heard of it,..another participant from Prolific,..affects earnining for both you and your match,$6,0,0,3.039,0,0,0,2.108,0,6.136,7.922,9.33,4,They knew it was 3 times they couldve given me 5 and then its 15 and he has one id give them 7 dollars 8 each but instead it was 1.5 which is like 4.5 and he has 5 he already has more than me why would i give more ,9.193,9.952,16.098,2,0,0,0.208,0,0,4.5,6511d9eb45b1893702698a99,69e6514c89b80bc698e8ec20,69e638d4b2228b5d05917569,0,They knew it was 3 times they couldve given me 5 and then its 15 and he has one id give them 7 dollars 8 each but instead it was 1.5 which is like 4.5 and he has 5 he already has more than me why would i give more ,,5ff99be1e9ac6228eb548b78,1.5,2edb8826-26bf-4b4b-b715-ac27540d4e1f,4.5,5,1,1,
2026-04-20 16:16:31,2026-04-20 16:18:08,IP Address,,100,97,True,2026-04-20 16:18:09,R_8zdyngmuIVqkGup,,,,,,,anonymous,EN,Very interested,,,I've never heard of it,..another participant from Prolific,..affects earnining for both you and your match,$6,0,0,2.458,0,0,0,2.111,0,5.007,5.007,11.62,1,I wanted to maximise my own bonus payment.,5.235,5.235,6.356,1,0,0,0.218,0,0,9,62b8cd151b5fd0f9be7d1f11,69e651578f67c28c9c8ca70a,69e638d4b2228b5d05917569,0,I wanted to maximise my own bonus payment.,,69bf1b83525dff7c1d430435,3,5902fc70-7b4f-4430-b921-99cfda712415,9,6,0,1,
2026-04-20 16:12:09,2026-04-20 16:18:28,IP Address,,100,378,True,2026-04-20 16:18:28,R_3NTVqwrzV7KKqJl,,,,,,,anonymous,EN,Very interested,,,I've never heard of it,..another participant from Prolific,..affects earnining for both you and your match,$6,0,0,3.104,0,0,0,2.014,0,2.828,8.755,11.976,3,I feel like he was generous so I decided to also be generous and send half back. ,8.504,10.3,10.897,2,0,0,0.207,0,1,9,629e2781136f152f6592f171,69e650543646fb4e7dffddf3,69e638d4b2228b5d05917569,9,I feel like he was generous so I decided to also be generous and send half back. ,,591af41cdf2e7600018c0b0b,6,6410fbca-68ab-4e55-a03b-28c5c9dbd3bb,18,5,1,1,
2026-04-20 16:16:13,2026-04-20 16:18:34,IP Address,,100,141,True,2026-04-20 16:18:34,R_5odu991J5pnL8SO,,,,,,,anonymous,EN,Very interested,,,I've never heard of it,..another participant from Prolific,..affects earnining for both you and your match,$6,0,0,3.055,0,0,0,2.116,0,14.996,14.996,24.465,1,It would make it equal for both.,9.006,9.006,11.777,1,0,0,0.207,0,0,6,6685f79255fa6c07b7d4e441,69e651436ca069da6b321c2a,69e638d4b2228b5d05917569,3,It would make it equal for both.,,613791ef07e699be4ebd53f8,3,8571aab8-e465-4636-aaaa-53b9df35689a,9,4,2,1,
2026-04-20 16:14:20,2026-04-20 16:18:39,IP Address,,100,258,True,2026-04-20 16:18:40,R_6E0nJmIG1NSx87f,,,,,,,anonymous,EN,Very interested,,,I've never heard of it,..another participant from Prolific,..affects earnining for both you and your match,$6,0,0,3.7,0,0,0,2.022,0,1.445,12.392,17.903,2,I thought it made sense to give them a dollar so that's exactly why I did it. ,10.661,10.661,11.536,1,0,0,0.215,0,0,3,69a5591fa17bccaa7f211b28,69e64fc0c23f31168dfe7b6d,69e638d4b2228b5d05917569,1.5,I thought it made sense to give them a dollar so that's exactly why I did it. ,,69cbcb9a5c8b56847e4ebda5,1.5,dcf98d33-0d80-4bec-8002-8f2ada4b32a4,4.5,4,2,1,
2026-04-20 16:16:57,2026-04-20 16:18:46,IP Address,,100,108,True,2026-04-20 16:18:46,R_5ffc9azJokqODyd,,,,,,,anonymous,EN,Very interested,,,I've never heard of it,..another participant from Prolific,..affects earnining for both you and your match,$6,0,0,2.961,0,0,0,2.005,0,11.425,14.791,17.286,3,we would both end up with $6,16.948,16.948,17.837,1,0,0,0.204,0,0,6,69c579320c9c4ee774d2bbba,69e65172c1687b930d803997,69e638d4b2228b5d05917569,3,we would both end up with $6,,5ea0516dee594a000932857a,3,c85bc3aa-c1c8-431c-ae1e-d01879ecb406,9,5,1,1,
2026-04-20 16:16:25,2026-04-20 16:18:52,IP Address,,100,146,True,2026-04-20 16:18:52,R_8HoMBre5d1uLDot,,,,,,,anonymous,EN,Very interested,,,I've never heard of it,..another participant from Prolific,..affects earnining for both you and your match,$6,0,0,4.618,0,0,0,2.017,0,7.2,9.993,12.09,3,I wanted to have the chance of getting the most money,,,,,0,0,0.217,0,0,6,668aebb90be8f04729bd4997,69e6514c13ff8d3ef493599b,69e638d4b2228b5d05917569,0,I wanted to have the chance of getting the most money,,5d697ea28572fc000126b779,2,d1b98b87-3a45-4de7-8c65-acac271e54af,6,,,1,
2026-04-20 16:15:12,2026-04-20 16:19:34,IP Address,,100,261,True,2026-04-20 16:19:35,R_1YtZZeVvsKhBbgo,,,,,,,anonymous,EN,Very interested,,,I've never heard of it,..another participant from Prolific,..affects earnining for both you and your match,$6,0,0,3.833,0,0,0,2.006,0,9.345,11.503,15.197,2,I wanted to send back as evenly as I could.,9.047,9.047,10.182,1,0,0,0.205,0,0,10,69b65679a66e70c87404ce13,69e651099b1223304a20e7cf,69e638d4b2228b5d05917569,8,I wanted to send back as evenly as I could.,,673283141ee7ec9141e8bcf4,6,adf8de3d-6950-4f98-adf3-1a461533be82,18,3,3,1,
2026-04-20 16:17:10,2026-04-20 16:19:42,IP Address,,100,151,True,2026-04-20 16:19:42,R_5P5UO0dOzdNHk4f,,,,,,,anonymous,EN,Very interested,,,I've never heard of it,..another participant from Prolific,..affects earnining for both you and your match,$6,0,0,3.114,0,0,0,2.007,0,6.642,6.642,9.977,1,I wanted to be generous and give back because they gave me something,4.268,6.695,7.712,4,0,0,0.209,0,0,4.5,69ae3c7a66fc87cf275e5482,69e6517f16a0126e09d9d9db,69e638d4b2228b5d05917569,4.5,I wanted to be generous and give back because they gave me something,,666311bf052b40396333594e,3,0463aabf-d4ef-4201-9b08-ae5ef4a5bc30,9,4,2,1,
2026-04-20 16:15:08,2026-04-20 16:20:09,IP Address,,100,300,True,2026-04-20 16:20:09,R_68ZCGjLDwEBU4Cl,,,,,,,anonymous,EN,Very interested,,,I've never heard of it,..another participant from Prolific,..affects earnining for both you and your match,$6,0,0,3.636,0,0,0,2.014,0,48.056,49.699,51.461,2,Because I felt that would be fair,3.266,3.266,4.048,1,0,0,0.209,0,0,4.5,6726772db37c626cce7dfcf6,69e65106be32c068521e536f,69e638d4b2228b5d05917569,4.5,Because I felt that would be fair,,5feb962bf4e233c940073833,3,415a724c-0de9-4270-9de5-3004a0502ead,9,4,2,1,
2026-04-20 16:13:08,2026-04-20 16:20:10,IP Address,,100,421,True,2026-04-20 16:20:11,R_3fTawnQT5j5rv1x,,,,,,,anonymous,EN,Very interested,,,I've never heard of it,..another participant from Prolific,..affects earnining for both you and your match,$6,0,0,3.762,0,0,0,2.025,0,15.888,22.642,24.232,2,"I figured he sent me the full amount, so the least I could do is split it evenly between us. Making it completely fair. ",18.054,22.434,23.525,2,0,0,0.214,0,1,9,5c31847f10677f0001ddc781,69e6508d4c7cf5c6ed360b48,69e638d4b2228b5d05917569,9,"I figured he sent me the full amount, so the least I could do is split it evenly between us. Making it completely fair. ",,695f8acac537fadb9bca5d39,6,a35ab58b-0467-47dc-a48e-9f72bab2f5bc,18,3,3,1,
2026-04-20 16:18:02,2026-04-20 16:20:24,IP Address,,100,142,True,2026-04-20 16:20:24,R_5X0qpwHzaZdd0gb,,,,,,,anonymous,EN,Very interested,,,I've never heard of it,..another participant from Prolific,..affects earnining for both you and your match,$6,0,0,2.786,0,0,0,2.112,0,6.174,18.464,18.871,4,Because this way it is even with us both getting $5.50,14.549,17.867,19.221,2,0,0,0.21,0,1,5.5,698f6f6affabdc8b42fde4f7,69e651b494d834673b3aeb34,69e638d4b2228b5d05917569,2,Because this way it is even with us both getting $5.50,,60abbb05288f7eeb1312c3b7,2.5,9ef424f7-c022-439b-a7c5-2ba7eefe4dca,7.5,5,1,1,
2026-04-20 16:17:36,2026-04-20 16:20:27,IP Address,,100,170,True,2026-04-20 16:20:27,R_8wa8QZV8kNErvkh,,,,,,,anonymous,EN,Very interested,,,I've never heard of it,..another participant from Prolific,..affects earnining for both you and your match,$6,0,0,3.599,0,0,0,2.119,0,3.354,5.24,12.048,2,I wanted to keep it for myself. I do feel slightly guilty but I am happy I have got the money.,4.879,4.879,5.947,1,0,0,0.218,0,1,18,673b7de4a2e905d7e456db70,69e651407933142dfe6f860e,69e638d4b2228b5d05917569,0,I wanted to keep it for myself. I do feel slightly guilty but I am happy I have got the money.,,5e91b4dc5be9fb0008cc26d0,6,c3df4f38-948b-4ec6-9302-3c20788eeb6f,18,6,0,1,
2026-04-20 16:16:46,2026-04-20 16:20:30,IP Address,,100,224,True,2026-04-20 16:20:31,R_51yBOxkB8YBwmtL,,,,,,,anonymous,EN,Very interested,,,I've never heard of it,..another participant from Prolific,..affects earnining for both you and your match,$6,0,0,3.475,0,0,0,2.011,0,10.045,10.045,15.063,1,It seems appropriate to split the amount evenly.  Let's care for each other and look out for each other's best.  ,7.474,7.474,8.427,1,0,0,0.209,0,0,4.5,69cfed086df58ef171f86af9,69e65168c56eb0b222ee6377,69e638d4b2228b5d05917569,4.5,It seems appropriate to split the amount evenly.  Let's care for each other and look out for each other's best.  ,,69de6d0aa2c634d6b4da35b4,3,efa975af-f50d-48a3-8239-0af073ac09c5,9,3,3,1,
2026-04-20 16:20:33,2026-04-20 16:20:38,IP Address,,100,5,True,2026-04-20 16:20:39,R_3fdQEFBYpbThEB3,,,,,,,anonymous,EN,,,,I've never heard of it,,,,,,,,,,,,,,,,,,,,,,,,,0,,60bf849bf18b8fd752749f0b,69e6524b4f613549ae1f6157,69e638d4b2228b5d05917569,,,,,,,,,,0,
2026-04-20 16:17:25,2026-04-20 16:20:40,IP Address,,100,194,True,2026-04-20 16:20:41,R_70rl4IEELYLclLb,,,,,,,anonymous,EN,Very interested,,,I've never heard of it,..another participant from Prolific,..affects earnining for both you and your match,$6,0,0,5.008,0,0,0,2.031,0,6.353,28.51,29.554,8,because it is reasonable,12.104,18.745,19.783,5,0,0,0.226,0,1,7,67ace31300abf1fb686b8ce1,69e6518d4ba654861b5aa5ca,69e638d4b2228b5d05917569,2,because it is reasonable,,63f779120de2ae5b2620ce9b,3,a6ba7eb7-c964-4a7d-b7b8-635f1f6e9833,9,5,1,1,
2026-04-20 16:09:10,2026-04-20 16:21:32,IP Address,,100,741,True,2026-04-20 16:21:33,R_7CcYnAInlJM214Q,,,,,,,anonymous,EN,Very interested,,,I've never heard of it,..another participant from Prolific,..affects earnining for both you and your match,$6,0,0,6.658,0,0,0,2.115,0,32.231,128.42,129.056,4,I chose $3 as because I want to make a fair deal. I wanted to make it balance and keep it simple and equal for both.,,,,,0,0,0.22,0,0,3,67d29732f4c73016f59056f6,69e64f77ba7abd8179d62126,69e638d4b2228b5d05917569,3,I chose $3 as because I want to make a fair deal. I wanted to make it balance and keep it simple and equal for both.,,676d84858626178add0fc70a,2,f0e4b3dc-8528-4a41-aeae-0f5f3d5d91f7,6,,,1,
2026-04-20 16:15:42,2026-04-20 16:22:48,IP Address,,100,426,True,2026-04-20 16:22:49,R_8oefPC0w9HxrKoQ,,,,,,,anonymous,EN,Very interested,,,I've never heard of it,..another participant from Prolific,..affects earnining for both you and your match,$6,0,0,2.501,0,0,0,2.025,0,25.193,25.193,28.892,1,I sent him his money back so we both receive an equal amount as that is what he did for me. I thought it only fair to do the same back ,19.831,19.831,25.683,1,0,0,0.229,0,0,6,6159f6930f0fee3e48196ee3,69e6511db4580fd1db370f2f,69e638d4b2228b5d05917569,3,I sent him his money back so we both receive an equal amount as that is what he did for me. I thought it only fair to do the same back ,,69bac40e8fa9e1cbfc8a6c35,3,2d862ba9-bc51-4e4b-968d-5aa0a3de881b,9,4,2,1,
2026-04-20 16:15:39,2026-04-20 16:23:40,IP Address,,100,481,True,2026-04-20 16:23:41,R_63heck6X2toU2qt,,,,,,,anonymous,EN,Very interested,,,I've never heard of it,..another participant from Prolific,..affects earnining for both you and your match,$6,0,0,8.073,0,0,0,2.014,0,9.461,9.461,10.143,1,I still want to have the most money in the end,5.396,5.396,5.96,1,0,0,0.207,0,1,14,6361684773df215265bd139c,69e651241b7d2c2a7b3a1f0a,69e638d4b2228b5d05917569,4,I still want to have the most money in the end,,5edcfa628bac5a0334a89583,6,523e2d37-70f3-4243-b52d-486edfceda28,18,5.5,0.5,1,
2026-04-20 16:21:52,2026-04-20 16:23:50,IP Address,,100,118,True,2026-04-20 16:23:51,R_2EZ86Kb0ySsu5x9,,,,,,,anonymous,EN,Very interested,,,I've never heard of it,..another participant from Prolific,..affects earnining for both you and your match,$6,0,0,9.603,0,0,0,2.019,0,7.114,7.114,9.366,1,It just felt mean not sending anything and I ended up with something,4.808,11.241,12.713,2,0,0,0.218,0,0,15,5ae82944a0e4390001f090fd,69e65295f82208daf0649ea9,69e638d4b2228b5d05917569,3,It just felt mean not sending anything and I ended up with something,,5c1976c90d57c30001b4162c,6,bced8ada-0c67-4f06-aedb-e8a20fd28546,18,3,3,1,
2026-04-20 16:17:47,2026-04-20 16:24:02,IP Address,,100,374,True,2026-04-20 16:24:02,R_1zZMYdalygcuk2M,,,,,,,anonymous,EN,Very interested,,,I've never heard of it,..another participant from Prolific,..affects earnining for both you and your match,$6,145.38099999999997,145.38099999999997,165.409,1,0,0,2.012,0,22.986,25.148,25.909,2,I believe that would possibly give us an even amount. I always try to be fair and equal as much as possible.,,,,,0,0,0.214,0,0,5,67097115c8aaaff438cd2ce4,69e651a444989e09a58384c5,69e638d4b2228b5d05917569,1,I believe that would possibly give us an even amount. I always try to be fair and equal as much as possible.,,6643c002242d9aeb46d5178b,2,7b144cdc-e6e9-4410-974c-30421778b8ae,6,,,1,
2026-04-20 16:21:27,2026-04-20 16:24:06,IP Address,,100,159,True,2026-04-20 16:24:07,R_7gUwXL1W4F7Uuv0,,,,,,,anonymous,EN,Very interested,,,I've never heard of it,..another participant from Prolific,..affects earnining for both you and your match,$6,0,0,4.382,0,0,0,2.112,0,9.62,20.162,22.519,2,! sent them back what they sent me,11.757,12.677,13.636,2,0,0,0.213,0,0,6,672bb6fe6cb98a015c7f8a2d,69e6528113beaa6e29edf45b,69e638d4b2228b5d05917569,3,! sent them back what they sent me,,69baaf7b51018a34ba58fef2,3,3c7c2ecc-8aa6-4e1f-b6e7-e2c1ad0dc5b7,9,4,2,1,
2026-04-20 16:20:54,2026-04-20 16:24:11,IP Address,,100,196,True,2026-04-20 16:24:11,R_27I0xmFmbwugKAQ,,,,,,,anonymous,EN,Very interested,,,I've never heard of it,..another participant from Prolific,..affects earnining for both you and your match,$6,0,0,29.546999999999997,0,0,0,2.005,0,20.765,20.765,22.188,1,if i send 3 back that gives us both 6 which is the fairest option,6.824,17.569,18.715,2,0,0,0.203,0,0,6,5ca73fe6bcdcc2001291822d,69e652567c27341720c8523d,69e638d4b2228b5d05917569,3,if i send 3 back that gives us both 6 which is the fairest option,,679104ab8d588a8831181342,3,5f6f29db-c831-4124-bad4-8e9c85549025,9,5,1,1,
2026-04-20 16:21:45,2026-04-20 16:24:20,IP Address,,100,155,True,2026-04-20 16:24:21,R_24M1Ys732K7Y3UB,,,,,,,anonymous,EN,Very interested,,,I've never heard of it,..another participant from Prolific,..affects earnining for both you and your match,$6,0,0,2.423,0,0,0,2.102,0,7.786,19.417,19.66,3,maths insnt my strong suit but tried to equal it,,,,,0,0,0.204,0,1,5,5bfd21afbc47a000016b8da7,69e6529153e39a128b21aecf,69e638d4b2228b5d05917569,1,maths insnt my strong suit but tried to equal it,,69aad8fbbce9544685ecd3bb,2,b2f3a09d-2935-430b-b6ab-a6eb82e0c50c,6,,,1,
2026-04-20 16:18:54,2026-04-20 16:24:31,IP Address,,100,336,True,2026-04-20 16:24:31,R_1GMOXUmOe5LCf2V,,,,,,,anonymous,EN,Very interested,,,I've never heard of it,..another participant from Prolific,..affects earnining for both you and your match,$6,92.415,92.415,92.639,1,0,0,2.015,0,12.042,13.793,23.534,2,"I wanted the amounts to be equal, so sent back $1 to make both of our totals $5.",,,,,0,0,0.209,0,0,5,6779ab5812b493de7e6e86c9,69e651de29327b8c504caf21,69e638d4b2228b5d05917569,1,"I wanted the amounts to be equal, so sent back $1 to make both of our totals $5.",,63038022102690944a6720cf,2,7712fa6c-5680-4c2d-922f-fef6c41c5811,6,,,1,
2026-04-20 16:18:40,2026-04-20 16:24:34,IP Address,,100,353,True,2026-04-20 16:24:34,R_8jEfvpq5p5Jco6K,,,,,,,anonymous,EN,Very interested,,,I've never heard of it,..another participant from Prolific,..affects earnining for both you and your match,$6,0,0,43.347,0,0,0,2.114,0,12.553,14.467,19.545,2,I think we have both ended up with the same amount?? I thought it was fair to send something back as they had sent an amount over. Though I was tempted to keep all of it!,,,,,0,0,0.21,0,0,4,66d035e529e80315f590ecce,69e651bb6588c753f5803992,69e638d4b2228b5d05917569,2,I think we have both ended up with the same amount?? I thought it was fair to send something back as they had sent an amount over. Though I was tempted to keep all of it!,,62a888104439920ee5cba688,2,163a0540-7bab-48c9-8d95-96c3b73b858f,6,,,1,
2026-04-20 16:23:31,2026-04-20 16:24:42,IP Address,,100,70,True,2026-04-20 16:24:42,R_2f2ShzUh0L5RK6L,,,,,,,anonymous,EN,Very interested,,,I've never heard of it,..another participant from Prolific,..is irrelevant for your final payment,$2,,,,,,,,,,,,,,,,,,,,,,1,,60a96142d2837c22052d1fd3,69e652fcadc3ab67ef7ce98e,69e638d4b2228b5d05917569,,,,,,,,,,1,
2026-04-20 16:21:42,2026-04-20 16:24:44,IP Address,,100,182,True,2026-04-20 16:24:44,R_2mxu3RpwvxmzgEd,,,,,,,anonymous,EN,Very interested,,,I've never heard of it,..another participant from Prolific,..affects earnining for both you and your match,$6,0,0,4.128,0,0,0,2.014,0,13.574,42.704,50.425,2,It gives us the same amount each,9.395,11.897,12.676,3,0,0,0.209,0,0,5.5,5cd6f56d4a405a001747f8bc,69e6528d3aec03487dd12adc,69e638d4b2228b5d05917569,2,It gives us the same amount each,,5c42f9388bb6fd000163d1b4,2.5,74de4d97-91b4-4e4c-9532-3c94e3ac19f0,7.5,5,1,1,
2026-04-20 16:22:10,2026-04-20 16:24:48,IP Address,,100,158,True,2026-04-20 16:24:48,R_6e5GH7m2FmSdkjL,,,,,,,anonymous,EN,Very interested,,,I've never heard of it,..another participant from Prolific,..affects earnining for both you and your match,$6,0,0,3.735,0,0,0,2.009,0,4.319,4.319,5.343,1,I honestly just chose the number that wouldn't leave me with nothing.,,,,,0,0,0.106,0,1,4,5df80710e297d55a34ee39f0,69e652aa1d4640fff9150f81,69e638d4b2228b5d05917569,2,I honestly just chose the number that wouldn't leave me with nothing.,,667ae31217cd77ff1091dcab,2,cbd0c526-8d47-479c-81d4-ae4f104bf30c,6,,,1,
2026-04-20 16:21:35,2026-04-20 16:25:02,IP Address,,100,207,True,2026-04-20 16:25:03,R_8v92JZg4TsaBq1j,,,,,,,anonymous,EN,Very interested,,,I've never heard of it,..another participant from Prolific,..affects earnining for both you and your match,$6,0,0,3.618,0,0,0,2.008,0,10.739,12.672,20.847,2,It's the most equal choice.,10.18,14.847,38.04,3,0,0,0.205,0,0,3,5ee4c4b42c280d1cd26cfe3d,69e652843da894187cdf7bae,69e638d4b2228b5d05917569,0,It's the most equal choice.,,629ff307031e3b1f06456e78,1,3f5acefd-aebb-46a3-8ad7-6491ad9b891a,3,5,1,1,
2026-04-20 16:21:59,2026-04-20 16:25:05,IP Address,,100,186,True,2026-04-20 16:25:06,R_3bD63GrpsPCLMMF,,,,,,,anonymous,EN,Very interested,,,I've never heard of it,..another participant from Prolific,..affects earnining for both you and your match,$6,0,0,3.922,0,0,0,2.111,0,25.519,25.519,26.712,1,"To be fair, each would receive the same amount in the end.",,,,,0,0,0.207,0,0,5,63bb0d793cee514d16b866ef,69e6529e4ba654861b5aa5ea,69e638d4b2228b5d05917569,1,"To be fair, each would receive the same amount in the end.",,673be6737685757e423a7c82,2,9502349c-104d-4c0f-a8d6-5c710e366b6c,6,,,1,
2026-04-20 16:22:40,2026-04-20 16:25:08,IP Address,,100,147,True,2026-04-20 16:25:09,R_72KygFKeyCjIg7F,,,,,,,anonymous,EN,Very interested,,,I've never heard of it,..another participant from Prolific,..affects earnining for both you and your match,$6,0,0,5.271,0,0,0,2.034,0,9.041,17.095,18.99,9,I sent the exact amount they sent me ,,,,,0,0,0.224,0,0,4,6787eeb21b4f7848f1047647,69e652c3b2c576213118453f,69e638d4b2228b5d05917569,2,I sent the exact amount they sent me ,,5b244233a7cee100011d6924,2,78ad69fe-dafc-46a3-aa37-05d95cc8bc39,6,,,1,
2026-04-20 16:22:24,2026-04-20 16:25:16,IP Address,,100,172,True,2026-04-20 16:25:17,R_5gObhQEojeAPIlZ,,,,,,,anonymous,EN,Very interested,,,I've never heard of it,..another participant from Prolific,..affects earnining for both you and your match,$6,0,0,2.987,0,0,0,2.118,0,15.101,15.101,17.537,1,"This seems like the most fair way to divide the money, to get us both the highest possible payout.",,,,,0,0,0.215,0,0,5,592f1db78ad1ae0001937983,69e652ba21c27cba8aa0284e,69e638d4b2228b5d05917569,1,"This seems like the most fair way to divide the money, to get us both the highest possible payout.",,60fea505c8796961a71b67d9,2,7ff78bdf-eed5-41ce-89af-694cdefe202f,6,,,1,
2026-04-20 16:25:08,2026-04-20 16:25:16,IP Address,,100,8,True,2026-04-20 16:25:17,R_2Frpx0RbNRBuOsn,,,,,,,anonymous,EN,,A bit interested,,,,,,,,,,,,,,,,,,,,,,,,,,,0,,69278c471efd3eb276ead13f,69e6535d7dc317e19a01b939,69e638d4b2228b5d05917569,,,,,,,,,,0,
2026-04-20 16:23:51,2026-04-20 16:25:21,IP Address,,100,90,True,2026-04-20 16:25:22,R_1gZ5U04IxJs1bGc,,,,,,,anonymous,EN,Very interested,,,I've never heard of it,..another participant from Prolific,..affects earnining for both you and your match,$6,0,0,3.827,0,0,0,2.008,0,7.032,7.032,9.218,1,"it's the same amount that they chose to give to me, so i'm returning it. that way there is no loss for him/her and i also profit",,,,,0,0,0.216,0,0,4,691e01d651735d727d9be186,69e65303bb0642e81b90df1c,69e638d4b2228b5d05917569,2,"it's the same amount that they chose to give to me, so i'm returning it. that way there is no loss for him/her and i also profit",,65b7d02c9a08f9578ac23ae1,2,f131befb-d7c2-4cd4-bc7c-036a673f792d,6,,,1,
2026-04-20 16:21:45,2026-04-20 16:25:26,IP Address,,100,221,True,2026-04-20 16:25:27,R_7qIEKE0uj4sTXUx,,,,,,,anonymous,EN,Very interested,,,I've never heard of it,..another participant from Prolific,..affects earnining for both you and your match,$6,0,0,4.445,0,0,0,2.109,0,6.57,6.57,8.36,1,to keep it fair and even.,,,,,0,0,0.214,0,0,3,698ca3549a186c8496b3ab31,69e65272ae8863eae9563395,69e638d4b2228b5d05917569,3,to keep it fair and even.,,69ba5673807ffc7a9c6618cc,2,b1975aac-5df3-4099-9b3d-c652a3cbf919,6,,,1,
2026-04-20 16:22:56,2026-04-20 16:25:30,IP Address,,100,153,True,2026-04-20 16:25:30,R_3fk3w3uXAzBxdWk,,,,,,,anonymous,EN,Very interested,,,I've never heard of it,..another participant from Prolific,..affects earnining for both you and your match,$6,0,0,2.823,0,0,0,2.11,0,9.998,28.276,33.91,2,I chose the amount the amount that would leave Player 1 and Player 2 with equal earnings. ,6.126,10.755,11.94,2,0,0,0.209,0,0,6,61008eb5a88b152b46baaae0,69e652d9aab671b68e6e4148,69e638d4b2228b5d05917569,3,I chose the amount the amount that would leave Player 1 and Player 2 with equal earnings. ,,656c913082d8f0267db9ecb5,3,41aae83e-660c-4eb1-814e-3012c12deb7a,9,4,2,1,
2026-04-20 16:19:46,2026-04-20 16:25:33,IP Address,,100,347,True,2026-04-20 16:25:33,R_6vancsSRSXYVOhj,,,,,,,anonymous,EN,Very interested,,,I've never heard of it,..another participant from Prolific,..affects earnining for both you and your match,$6,0,0,2.461,0,0,0,2.018,0,19.817,19.817,41.15,1,"Player 1 sent me $1.5. Since that amount was automatically multiplied by 3, the amount I received is $6. I chose to send Player 1 fifty cents more, for a total of $2 sent. ",30.856,34.73,45.263,2,0,0,0.209,0,0,2.5,69a5ba215d076c91398c7363,69e652176ae8ce1d1776ccd2,69e638d4b2228b5d05917569,2,"Player 1 sent me $1.5. Since that amount was automatically multiplied by 3, the amount I received is $6. I chose to send Player 1 fifty cents more, for a total of $2 sent. ",,54847094fdf99b0379939c8e,1.5,17c9783d-0b30-444f-938b-f0422acdae2d,4.5,3.5,2.5,1,
2026-04-20 16:18:35,2026-04-20 16:25:38,IP Address,,100,422,True,2026-04-20 16:25:38,R_3Y6ayKgnB00WQIF,,,,,,,anonymous,EN,Very interested,,,I've never heard of it,..another participant from Prolific,..affects earnining for both you and your match,$6,0,0,6.305,0,0,0,2.018,0,8.626,13.097,16.661,4,Sending $9 back made it fair for both of us because we got the same amount.,8.861,11.824,12.854,4,0,0,0.221,0,1,9,6717297a5bf703f9f9b51110,69e65110ad6b481f84b987a7,69e638d4b2228b5d05917569,9,Sending $9 back made it fair for both of us because we got the same amount.,,65ce2ce3f2f16c6a9e8c68c8,6,e0a077ff-0621-4e28-95e1-80405724666f,18,6,0,1,
2026-04-20 16:23:37,2026-04-20 16:25:42,IP Address,,100,125,True,2026-04-20 16:25:42,R_34iMNa3O9IvGpb3,,,,,,,anonymous,EN,Very interested,,,I've never heard of it,..another participant from Prolific,..affects earnining for both you and your match,$6,0,0,3.447,0,0,0,2.01,0,8.495,10.721,11.445,3,Because then we both get $3,8.666,18.316,18.954,6,0,0,0.204,0,0,3,6503119f7522c9e4baeb3eca,69e652f86588c753f58039b9,69e638d4b2228b5d05917569,0,Because then we both get $3,,69d86c146bb0ba0e1ff0feab,1,f6c2dca6-233f-4a50-84ca-3a66e39fd4e6,3,5,1,1,
2026-04-20 16:23:01,2026-04-20 16:25:45,IP Address,,100,164,True,2026-04-20 16:25:45,R_1gqqoVvXRI1ffVI,,,,,,,anonymous,EN,Very interested,,,I've never heard of it,..another participant from Prolific,..affects earnining for both you and your match,$6,0,0,3.539,0,0,0,2.12,0,9.131,9.131,10.283,1,I felt that the Player trusted me and sent over the full amount. So I split it almost in half and they got back more than they sent over.,11.277,11.277,12.829,1,0,0,0.212,0,1,10,57d6dd8d6598aa000199188b,69e652dc0e406afe4f93a4c6,69e638d4b2228b5d05917569,8,I felt that the Player trusted me and sent over the full amount. So I split it almost in half and they got back more than they sent over.,,627a76b96bea55210aecbba9,6,28585b31-4486-4da0-b03c-c49c1c921b5e,18,4,2,1,
2026-04-20 16:20:08,2026-04-20 16:25:52,IP Address,,100,344,True,2026-04-20 16:25:53,R_5thUa2es2l8Cndy,,,,,,,anonymous,EN,Very interested,,,I've never heard of it,..another participant from Prolific,..affects earnining for both you and your match,$6,0,0,52.112,0,0,0,2.009,0,44.891,47.801,49.958,2,I chose that so both of us would wind up with the same amount.,37.467,37.467,44.731,1,0,0,0.221,0,1,6,5e2f5b28129198070e2996db,69e651e7fa43fee54c3c5c93,69e638d4b2228b5d05917569,3,I chose that so both of us would wind up with the same amount.,,699f3d1a77d51612aeaf5766,3,04784aef-b0c2-4f11-8259-eda894f30ae7,9,4,2,1,
2026-04-20 16:21:40,2026-04-20 16:25:53,IP Address,,100,253,True,2026-04-20 16:25:53,R_7U1CKCdnIAlBM6R,,,,,,,anonymous,EN,Very interested,,,I've never heard of it,..another participant from Prolific,..affects earnining for both you and your match,$6,0,0,4.256,0,0.151,0.151,2.002,1,13.14,13.14,22.046,1,"I wanted send back a good amount of money to show thanks for the amount I received. I felt like one dollar was too little, so settled on two.",,,,,0,0,0.203,0,0,4,5dc5995e5d81cd4153e00138,69e65286ec9f89cda87327f7,69e638d4b2228b5d05917569,2,"I wanted send back a good amount of money to show thanks for the amount I received. I felt like one dollar was too little, so settled on two.",,69c8f3b004d0bc57c8228a6b,2,e7274ae3-30f6-444e-b384-3b8ec4a12539,6,,,1,
2026-04-20 16:22:57,2026-04-20 16:25:54,IP Address,,100,176,True,2026-04-20 16:25:54,R_2XG3wBDwM5h7zUZ,,,,,,,anonymous,EN,Very interested,,,I've never heard of it,..another participant from Prolific,..affects earnining for both you and your match,$6,0,0,4.088,0,0,0,2.013,0,7.734,7.734,9.701,1,i technically gave the same amount back. Player 1 knew that sending me one dollar would result in a 3 dollar overall. so sending back 1 dfollar also seems fair,5.988,7.766,8.089,3,0,0,0.208,0,0,2,660e4f8b61ed63c52b29821a,69e652d223dd285ebe2b5b0b,69e638d4b2228b5d05917569,1,i technically gave the same amount back. Player 1 knew that sending me one dollar would result in a 3 dollar overall. so sending back 1 dfollar also seems fair,,5591cd21fdf99b63126f6c60,1,2adca5c7-bc2a-4a90-b60e-afe30272b191,3,4,2,1,
2026-04-20 16:24:48,2026-04-20 16:26:10,IP Address,,100,82,True,2026-04-20 16:26:11,R_6M4beDsv785Gvwl,,,,,,,anonymous,EN,Very interested,,,I've never heard of it,..another participant from Prolific,..affects earnining for both you and your match,$6,0,0,4.951,0,0,0,2.002,0,1.903,4.134,4.869,2,I wanted to keep most of the money but send a little bit back to show appreciation that Player 1 sent me something.,,,,,0,0,0.101,0,0,5,69d80036f124d2dfef736149,69e653409c25c01056dbfe42,69e638d4b2228b5d05917569,1,I wanted to keep most of the money but send a little bit back to show appreciation that Player 1 sent me something.,,608349d97d46ab71fc6c7111,2,c097a51b-ee4c-4ad5-9d0f-c416722ffb3e,6,,,1,
2026-04-20 16:23:55,2026-04-20 16:26:26,IP Address,,100,150,True,2026-04-20 16:26:27,R_6rcdNYtLfa7feDX,,,,,,,anonymous,EN,Very interested,,,I've never heard of it,..another participant from Prolific,..affects earnining for both you and your match,$6,0,0,7.054,0,0,0,2.02,0,1.66,7.604,8.663,2,It is the fair amount,1.171,4.723,5.983,2,0,0,0.106,0,0,6,69e3dea6cfe3aeedec8f978b,69e653131c84ce533885f203,69e638d4b2228b5d05917569,3,It is the fair amount,,5c2fd16fda51990001e49de9,3,76d45910-d386-439a-b7b2-09d06f8790d9,9,3.5,2.5,1,
2026-04-20 16:23:11,2026-04-20 16:26:34,IP Address,,100,202,True,2026-04-20 16:26:34,R_7hDAdxf0IQ46IkE,,,,,,,anonymous,EN,Very interested,,,I've never heard of it,..another participant from Prolific,..affects earnining for both you and your match,$6,0,0,2.496,0,0,0,2.122,0,9.115,16.113,26.027,5,"Player 1 sent me the maximum that they could, so by sending 9 back, we both get $9.",13.629,22.788,27.4,2,0,0,0.222,0,0,9,67d09ba717ec412519ebf44b,69e652e7330269ee1f73f82b,69e638d4b2228b5d05917569,9,"Player 1 sent me the maximum that they could, so by sending 9 back, we both get $9.",,62d560526bd2941f33c9dad6,6,6391ff54-2a36-4f2f-9eda-317b295f17e2,18,6,0,1,
2026-04-20 16:23:55,2026-04-20 16:26:38,IP Address,,100,162,True,2026-04-20 16:26:38,R_3KRpybDLZXNwlIB,,,,,,,anonymous,EN,Very interested,,,I've never heard of it,..another participant from Prolific,..affects earnining for both you and your match,$6,0,0,5.903,0,0,0,2.004,0,25.154,25.154,30.906,1,I wanted to give them back some so we would have the same amount of money each. ,9.926,9.926,11.77,1,0,0,0.203,0,0,6,578d3224900cc80001d2e704,69e652c9eb10f73866d0ae54,69e638d4b2228b5d05917569,3,I wanted to give them back some so we would have the same amount of money each. ,,69b4aacc9d7c20547ae49800,3,32b938ac-d2b9-4158-9559-da81755208e9,9,4,2,1,
2026-04-20 16:23:46,2026-04-20 16:26:39,IP Address,,100,173,True,2026-04-20 16:26:40,R_89s0XSOXwbtdNpT,,,,,,,anonymous,EN,Very interested,,,I've never heard of it,..another participant from Prolific,..affects earnining for both you and your match,$6,0,0,4.881,0,0,0,2.015,0,14.858,14.858,15.767,1,They were very generous and I wanted to give almost half of the amount I recieved.,4.994,4.994,6.518,1,0,0,0.215,0,0,5,697948829d7e0d06f951c200,69e6530b0ed79f9540786092,69e638d4b2228b5d05917569,4,They were very generous and I wanted to give almost half of the amount I recieved.,,6040558e6700552508a8f9b5,3,95e6d929-eec2-480d-9e32-11d426620955,9,4,2,1,
2026-04-20 16:24:15,2026-04-20 16:26:42,IP Address,,100,146,True,2026-04-20 16:26:42,R_7NR6MMn7uVJP3qP,,,,,,,anonymous,EN,Very interested,,,I've never heard of it,..another participant from Prolific,..affects earnining for both you and your match,$6,0,0,4.354,0,0,0,2.109,0,4.954,4.954,6.13,1,"I'll never know who the other person is so selfishly it doesn't matter to me how much they earn. Also selfishly, my dog needs surgery and I need every penny I can get. I understand that the other person may have similar things going on in their life, but they also might not, so I can only consider my own circumstances.",5.094,5.094,6.098,1,0,0,0.221,0,0,18,6000c257783c491e6ccdfdbb,69e65329ea83f952fee6db47,69e638d4b2228b5d05917569,0,"I'll never know who the other person is so selfishly it doesn't matter to me how much they earn. Also selfishly, my dog needs surgery and I need every penny I can get. I understand that the other person may have similar things going on in their life, but they also might not, so I can only consider my own circumstances.",,671fdba47331ab5b06398ad7,6,7d8458d4-77c9-4082-b37a-13d0ca86e524,18,6,0,1,
2026-04-20 16:22:13,2026-04-20 16:26:44,IP Address,,100,270,True,2026-04-20 16:26:44,R_5vLuGnC3Q1gPpXr,,,,,,,anonymous,EN,Very interested,,,I've never heard of it,..another participant from Prolific,..affects earnining for both you and your match,$6,0,0,7.854,0,0,0,2.113,0,15.435,15.435,19.181,1,"Essentially, player 1 is able to 'double dip' with dollar amounts. After sending the 2 (multiplied to 6) they have 4 so basically they end up with more no matter what I send back. I am trying to maximize my own earnings/amount so I chose not to send anything.",,,,,0,0,0.217,0,0,6,6595be83dbc6d36b1ef53d28,69e652aa73288f371f8dc608,69e638d4b2228b5d05917569,0,"Essentially, player 1 is able to 'double dip' with dollar amounts. After sending the 2 (multiplied to 6) they have 4 so basically they end up with more no matter what I send back. I am trying to maximize my own earnings/amount so I chose not to send anything.",,5d71640e8a1bff0001d88e70,2,b1558f5f-4eae-428d-9467-ec269d3265cc,6,,,1,
2026-04-20 16:20:21,2026-04-20 16:26:54,IP Address,,100,393,True,2026-04-20 16:26:54,R_5CQ4EJKq1P9Nqzr,,,,,,,anonymous,EN,Very interested,,,I've never heard of it,..another participant from Prolific,..affects earnining for both you and your match,$6,0,0,62.32300000000001,0,0,0,2.002,0,6.71,8.675,15.936,4,"Given that at this point, Player 1 has $5 and I only have 3, why should I send them even more money back? I assume that it was their intention by sending me 1 dollar (resulting in 3) was to split the money somewhat equally while minimizing exposure risk. Had they sent me all the money, I would have received 18, and if I was acting reciprocally, could have split it such that we each receive 9. But at this stage, by sending no money back to player 1, we still arrive at a somewhat equitable distribution. ",7.155,8.491,11.622,2,0,0,0.216,0,0,3,67ac0a2102a324df45ed2290,69e6523f30847ec62885f200,69e638d4b2228b5d05917569,0,"Given that at this point, Player 1 has $5 and I only have 3, why should I send them even more money back? I assume that it was their intention by sending me 1 dollar (resulting in 3) was to split the money somewhat equally while minimizing exposure risk. Had they sent me all the money, I would have received 18, and if I was acting reciprocally, could have split it such that we each receive 9. But at this stage, by sending no money back to player 1, we still arrive at a somewhat equitable distribution. ",,5c2cff4470d93a0001222f6c,1,9a0666b0-55e9-49d3-9386-192182453a53,3,5,1,1,
2026-04-20 16:24:01,2026-04-20 16:26:55,IP Address,,100,174,True,2026-04-20 16:26:56,R_3z2wGAYaDQgjn2h,,,,,,,anonymous,EN,Very interested,,,I've never heard of it,..another participant from Prolific,..affects earnining for both you and your match,$6,0,0,2.401,0,0,0,2.034,0,4.061,8.16,9.2,2,I wanted us to split the $6 evenly because it is fair.,,,,,0,0,0.21,0,0,3,5ebc6d34046b2a0bc9f2b3b8,69e6531a1b7d2c2a7b3a1f3a,69e638d4b2228b5d05917569,3,I wanted us to split the $6 evenly because it is fair.,,66cb523748729ce025dad854,2,2aacab99-c257-46d5-9c9e-5d265e295d1b,6,,,1,
2026-04-20 16:23:17,2026-04-20 16:27:02,IP Address,,100,224,True,2026-04-20 16:27:03,R_1t5qLyMRAR9jSKW,,,,,,,anonymous,EN,Very interested,,,I've never heard of it,..another participant from Prolific,..affects earnining for both you and your match,$6,0,0,3.131,0,0,0,2.118,0,6.911,10.787,18.401,4,"Player 1 sent me the maxiumum money they could creating the most money possible between the two of us. I therefore, returned half the money so we could split it evenly because it felt fair and I would have much less than $9 if they hadn't trusted me in the first place.",20.092,28.991,30.35,3,0,0,0.216,0,0,9,69b0b6656577eab1cbffe728,69e652ebae31de0296dcce90,69e638d4b2228b5d05917569,9,"Player 1 sent me the maxiumum money they could creating the most money possible between the two of us. I therefore, returned half the money so we could split it evenly because it felt fair and I would have much less than $9 if they hadn't trusted me in the first place.",,65524ce2443c9df5aba5960c,6,a056c08b-171d-47ef-9d8c-0d08ab52a6b8,18,5,1,1,
2026-04-20 16:23:13,2026-04-20 16:27:12,IP Address,,100,238,True,2026-04-20 16:27:12,R_3dHtcJZiLBElE5D,,,,,,,anonymous,EN,Very interested,,,I've never heard of it,..another participant from Prolific,..affects earnining for both you and your match,$6,0,0,3.823,0,0,0,2.012,0,13.416,13.416,25.75,1,"Since they sent me $3 which was generous, I decided to send them back half of that as a thanks. ",11.241,24.872,25.779,2,0,0,0.217,0,0,7.5,664111b80f16ecedfa33dc04,69e652e91ffef76d1dc93924,69e638d4b2228b5d05917569,1.5,"Since they sent me $3 which was generous, I decided to send them back half of that as a thanks. ",,69e4d4948791737868b48f12,3,2f9da7cc-7b89-4ef4-857d-1a322f7bac9d,9,3,3,1,
2026-04-20 16:23:25,2026-04-20 16:27:17,IP Address,,100,231,True,2026-04-20 16:27:17,R_5waUTtQpbtmuHX8,,,,,,,anonymous,EN,Very interested,,,I've never heard of it,..another participant from Prolific,..affects earnining for both you and your match,$6,0,0,4.837,0,0,0,2.112,0,6.987,13.843,18.172,2,We both get an even amount for player one trusting me and sending me all of it to triple our money.,13.366,23.421,38.532,3,0,0,0.207,0,0,9,69d45434ad53d4995013d80c,69e652f3f9534027efae2729,69e638d4b2228b5d05917569,9,We both get an even amount for player one trusting me and sending me all of it to triple our money.,,561cc05d3d7fe800110f5757,6,5f3489d7-2642-4011-8665-e25abbe6e7e3,18,5,1,1,
2026-04-20 16:20:05,2026-04-20 16:27:20,IP Address,,100,434,True,2026-04-20 16:27:20,R_3ebuxGJCEyt0tkG,,,,,,,anonymous,EN,Very interested,,,I've never heard of it,..another participant from Prolific,..affects earnining for both you and your match,$6,0,0,213.32100000000003,0,0,0,2.015,0,11.189,11.189,14.701,1,I have answered the question truthfully,5.847,13.047,14.124,6,0,0,0.211,0,0,1.5,69e2418141b109c5137c6b25,69e652250b937632e62a0208,69e638d4b2228b5d05917569,1.5,I have answered the question truthfully,,698378c4ab9980bfbd565dc7,1,30427266-239b-4745-a858-98d41f7f83bd,3,5,1,1,
2026-04-20 16:23:30,2026-04-20 16:27:23,IP Address,,100,233,True,2026-04-20 16:27:23,R_1hARFX932Ba5cqt,,,,,,,anonymous,EN,Very interested,,,I've never heard of it,..another participant from Prolific,..affects earnining for both you and your match,$6,0,0,3.386,0,0,0,2.005,0,36.925,36.925,54.279,1,I sent them back the amount they sent me,8.3,20.116,39.12,3,0,0,0.205,0,0,8,69bd8a68152a006336e9993e,69e652fb39744786a89fb63f,69e638d4b2228b5d05917569,4,I sent them back the amount they sent me,,697d24ec78d87cc0203076c5,4,83e74f44-0e35-4b70-9081-1499a46ab9e8,12,6,0,1,
2026-04-20 16:25:07,2026-04-20 16:27:28,IP Address,,100,141,True,2026-04-20 16:27:29,R_7oBY6q6bBLat8Y0,,,,,,,anonymous,EN,Very interested,,,I've never heard of it,..another participant from Prolific,..affects earnining for both you and your match,$6,0,0,4.168,0,0,0,2.004,0,10.044,10.044,14.37,1,We have evenly split the total money this way.,6.297,18.079,26.677,5,0,0,0.21,0,0,6,62fc68b4f44b013950b67b11,69e6535ccbe1862dd661516a,69e638d4b2228b5d05917569,3,We have evenly split the total money this way.,,5eea80a5e49275000922c5ec,3,377678bc-2ec0-4b04-abb4-2fc7418cf578,9,6,0,1,
2026-04-20 16:24:55,2026-04-20 16:27:30,IP Address,,100,154,True,2026-04-20 16:27:31,R_75UF04kXylOuXJL,,,,,,,anonymous,EN,Very interested,,,I've never heard of it,..another participant from Prolific,..affects earnining for both you and your match,$6,0,0,2.588,0,0,0,2.006,0,14.202,14.202,22.021,1,"By sending back one dollar, it means be both end up with $5. I think it's only fair to split the payment especially since Player 1 left me in a position to do so, so I will assume that's what they were going for. Without knowing anything about each other, I feel splitting evenly is the most fair thing to do. ",,,,,0,0,0.202,0,0,5,6239fa1b808d162efbd59d11,69e653520e640f2b3baa555b,69e638d4b2228b5d05917569,1,"By sending back one dollar, it means be both end up with $5. I think it's only fair to split the payment especially since Player 1 left me in a position to do so, so I will assume that's what they were going for. Without knowing anything about each other, I feel splitting evenly is the most fair thing to do. ",,69e1307011fade4ff8bd5b0d,2,67c01ba1-dde1-4b13-8a52-93d13fbf412d,6,,,1,
2026-04-20 16:24:26,2026-04-20 16:27:36,IP Address,,100,189,True,2026-04-20 16:27:36,R_7Qru7ZZA9QTYlhz,,,,,,,anonymous,EN,Very interested,,,I've never heard of it,..another participant from Prolific,..affects earnining for both you and your match,$6,0,0,4.421,0,0,0,2.009,0,7.075,14.321,15.338,2,"I thought $1 was a stingy amount to send, so I wanted to punish Player 1 by sending them nothing",14.125,33.145,33.916,3,0,0,0.206,0,1,3,69bb31c63d52bea203744861,69e653337090b71fc4e559be,69e638d4b2228b5d05917569,0,"I thought $1 was a stingy amount to send, so I wanted to punish Player 1 by sending them nothing",,5c41e462b00b3300018f06e4,1,869c173a-e4f8-48b3-8b50-5869282acdb6,3,3,3,1,
2026-04-20 16:20:13,2026-04-20 16:27:41,IP Address,,100,448,True,2026-04-20 16:27:41,R_7vf6Xeic3PRRUl0,,,,,,,anonymous,EN,Very interested,,,I've never heard of it,..another participant from Prolific,..affects earnining for both you and your match,$6,0,0,4.018,0,0,0,2.007,0,22.932,27.409,27.951,3,i gave more than 6. they should be happy,5.655,8.326,9.29,8,0,0,0.204,0,1,11,5de83fac603b1b7971969b8c,69e65235b5dcc214ea653e76,69e638d4b2228b5d05917569,7,i gave more than 6. they should be happy,,6665a9d6028c2fb836001d5c,6,1819dfa0-9093-4c84-ad7d-70e50c310e73,18,6,0,1,
2026-04-20 16:24:40,2026-04-20 16:27:41,IP Address,,100,181,True,2026-04-20 16:27:41,R_7pkNixfPCaWVrvb,,,,,,,anonymous,EN,Very interested,,,I've never heard of it,..another participant from Prolific,..affects earnining for both you and your match,$6,0,0,3.169,0,0,0,2.011,0,6.636,7.972,14.033,2,I thought that was the fairest thing to do.,11.047,11.047,14.116,1,0,0,0.211,0,0,9,67508fdb923229a00abf2aa7,69e6533a863235040eb113d0,69e638d4b2228b5d05917569,9,I thought that was the fairest thing to do.,,654d1ef95963cda36d729580,6,1a5adb03-f58a-4c91-b9ee-ca58bdcbefd6,18,4,2,1,
2026-04-20 16:24:00,2026-04-20 16:27:44,IP Address,,100,224,True,2026-04-20 16:27:45,R_5dNvNmQTT9z3jP7,,,,,,,anonymous,EN,Very interested,,,I've never heard of it,..another participant from Prolific,..affects earnining for both you and your match,$6,0,0,4.295,0,0,0,2.109,0,15.444,17.649,24.576,3,"I wanted to send $1.50 back to Player 1 because it seemed fair. They started with $6, and we both end with $6, thanks to their generosity.",32.589,34.524,35.95,3,0,0,0.205,0,0,6,623a4d7294028cfe9638272f,69e65318cc14d4f2e53fede7,69e638d4b2228b5d05917569,1.5,"I wanted to send $1.50 back to Player 1 because it seemed fair. They started with $6, and we both end with $6, thanks to their generosity.",,69a978d2fb76c5ae52b9b300,2.5,f2676ad1-accb-4f5b-a3a9-b0a0cd319c25,7.5,5,1,1,
2026-04-20 16:25:34,2026-04-20 16:27:47,IP Address,,100,133,True,2026-04-20 16:27:48,R_37I3DbNJSG8fxwj,,,,,,,anonymous,EN,Very interested,,,I've never heard of it,..another participant from Prolific,..affects earnining for both you and your match,$6,0,0,3.067,0,0,0,2.011,0,16.236,17.452,19.841,2,"This way we both get $5, if I did the math right. That makes for an equal outcome!",,,,,0,0,0.216,0,0,5,699e86d304c71c1143cc733f,69e65377cb5e7d6d0964a3d2,69e638d4b2228b5d05917569,1,"This way we both get $5, if I did the math right. That makes for an equal outcome!",,67215ddb4fe41f208fba792b,2,7f87be5b-39ba-4f2e-8be6-6b7587658261,6,,,1,
2026-04-20 16:24:25,2026-04-20 16:27:59,IP Address,,100,214,True,2026-04-20 16:28:00,R_6kGKaCz3E3E277b,,,,,,,anonymous,EN,Very interested,,,I've never heard of it,..another participant from Prolific,..affects earnining for both you and your match,$6,0,0,2.701,0,0,0,2.103,0,4.637,8.632,12.267,2,"Because it is fair, they get half, and I get half. I think they sent me the whole $6 that way our ending money would be the greatest. It's only fair to send half back.",8.276,27.657,29.025,3,0,0,0.208,0,0,9,69dc0242d8887530f1af9b6f,69e6532a61c231867a5520ea,69e638d4b2228b5d05917569,9,"Because it is fair, they get half, and I get half. I think they sent me the whole $6 that way our ending money would be the greatest. It's only fair to send half back.",,544e94c4fdf99b50bd30726c,6,f3bd7321-f458-4876-ac4f-ae6a8d2d1b9e,18,4,2,1,
2026-04-20 16:25:06,2026-04-20 16:28:00,IP Address,,100,173,True,2026-04-20 16:28:00,R_3PXnjQmZ9XCHo4B,,,,,,,anonymous,EN,Very interested,,,I've never heard of it,..another participant from Prolific,..affects earnining for both you and your match,$6,0,0,4.373,0,0,0,2.115,0,16.516,16.516,25.586,1,It means that we both end up with more than originally and it is the fairest outcome. They showed good will with their offer so I am incline to do the same.,8.869,8.869,11.854,1,0,0,0.215,0,1,7,693b6076dc8a344f5b3fcf4f,69e6535e85f338c8ff570091,69e638d4b2228b5d05917569,5,It means that we both end up with more than originally and it is the fairest outcome. They showed good will with their offer so I am incline to do the same.,,69b4d2526cb22ee3d846b951,4,8c660268-6ffb-4f3e-be8d-6828ecf40c78,12,5,1,1,
2026-04-20 16:26:14,2026-04-20 16:28:02,IP Address,,100,107,True,2026-04-20 16:28:02,R_75TKuQDHseRIMPY,,,,,,,anonymous,EN,Very interested,,,I've never heard of it,..another participant from Prolific,..affects earnining for both you and your match,$6,0,0,2.521,0,0,0,2.114,0,8.996,9.449,10.551,2,They didn't give me nearly enough to work with ,6.566,6.566,7.404,1,0,0,0.21,0,1,3,6993e83416945f6b2e3c9818,69e653a0fbb5b15438c528ff,69e638d4b2228b5d05917569,0,They didn't give me nearly enough to work with ,,655f9bb3070d42d4bc67e866,1,4bcafd0a-ad6f-4eda-a740-9dada05d6c39,3,5,1,1,
2026-04-20 16:25:07,2026-04-20 16:28:02,IP Address,,100,175,True,2026-04-20 16:28:03,R_8zvSpq0fAA3fmGJ,,,,,,,anonymous,EN,Very interested,,,I've never heard of it,..another participant from Prolific,..affects earnining for both you and your match,$6,0,0,4.272,0,0,0,2.007,0,3.821,14.825,21.833,2,It then reduces my amount down to $4 and Player 1 will also have $4,,,,,0,0,0.204,0,0,4,697cfb5286a24098a160b0f1,69e6535dd09f326adbc5a787,69e638d4b2228b5d05917569,2,It then reduces my amount down to $4 and Player 1 will also have $4,,57c1ab62ffd38700010b4637,2,fcdd8cc4-ff45-4794-9178-3729cc403775,6,,,1,
2026-04-20 16:21:03,2026-04-20 16:28:04,IP Address,,100,420,True,2026-04-20 16:28:05,R_6PFY1g5n965d94z,,,,,,,anonymous,EN,Very interested,,,I've never heard of it,..another participant from Prolific,..affects earnining for both you and your match,$6,0,0,7.356,0,0,0,2.022,0,26.424,26.424,62.312,1,I was just trying to make both of us have equal share.,28.399,30.588,32.398,2,0,0,0.211,0,0,6,69cc764377ef93eda1eea98c,69e65260773693d590798aba,69e638d4b2228b5d05917569,1.5,I was just trying to make both of us have equal share.,,69b95983443e10bf1d8758c7,2.5,1a94c3ae-c3fb-4a1e-a503-8baa339fb4f4,7.5,5,1,1,
2026-04-20 16:23:03,2026-04-20 16:28:15,IP Address,,100,312,True,2026-04-20 16:28:16,R_77taQ5n7ckjBiWR,,,,,,,anonymous,EN,Very interested,,,I've never heard of it,..another participant from Prolific,..affects earnining for both you and your match,$6,0,0,3.33,0,0,0,2.018,0,21.657,21.657,27.138,1,"If I send 1 dollar back, that will ensure that we both end up with 5 dollars. It is important that we both receive an equal reward so that neither of us feel cheated and we both come out of this with the same amount of money. I think that equally sharing a reward is the best way to go about things.",,,,,0,0,0.206,0,0,5,640b735104dec27f0afa4f12,69e652e129327b8c504caf4c,69e638d4b2228b5d05917569,1,"If I send 1 dollar back, that will ensure that we both end up with 5 dollars. It is important that we both receive an equal reward so that neither of us feel cheated and we both come out of this with the same amount of money. I think that equally sharing a reward is the best way to go about things.",,5ea29c5cad06661b01230684,2,832fe575-604e-4bd3-9b8e-56ad1471a1b1,6,,,1,
2026-04-20 16:23:13,2026-04-20 16:28:16,IP Address,,100,303,True,2026-04-20 16:28:16,R_3pS6ySyfNAQluR9,,,,,,,anonymous,EN,Very interested,,,I've never heard of it,..another participant from Prolific,..affects earnining for both you and your match,$6,0,0,4.176,0,0,0,2.016,0,18.175,25.67,29.342,3,I decided to send them half and keep the change for myself. That way we both had a fair amount. ,11.316,11.316,17.556,1,0,0,0.203,0,1,5.5,66cb6abbf0a15bddb08767d5,69e652e63503c882eac4bf4d,69e638d4b2228b5d05917569,5,I decided to send them half and keep the change for myself. That way we both had a fair amount. ,,69de40e41a3a029ceedebb14,3.5,de09bc48-53f4-4317-8a42-d1c1815f99dd,10.5,5.5,0.5,1,
2026-04-20 16:24:33,2026-04-20 16:28:18,IP Address,,100,224,True,2026-04-20 16:28:18,R_1PiKGa6nfx53Icu,,,,,,,anonymous,EN,Very interested,,,I've never heard of it,..another participant from Prolific,..affects earnining for both you and your match,$6,0,0,4.462,0,0,0,2.106,0,7.89,15.007,28.785,2,to even out the amount between us,21.357,24.157,37.053,4,0,0,0.205,0,0,8,5aadbb1ee1546900019af242,69e653381842e2da3c1a2858,69e638d4b2228b5d05917569,4,to even out the amount between us,,66e44f7a00754b042072ba54,4,5bba9e33-7ade-4e06-8b9c-af96ce9901dd,12,5,1,1,
2026-04-20 16:26:57,2026-04-20 16:28:28,IP Address,,100,91,True,2026-04-20 16:28:28,R_1TuttwkUF0sumQU,,,,,,,anonymous,EN,Very interested,,,I've never heard of it,..another participant from Prolific,..affects earnining for both you and your match,$6,0,0,2.462,0,0,0,2.006,0,3.595,4.323,4.684,2,I feel like it is my right to keep the money,3.044,3.044,5.279,1,0,0,0.211,0,0,9,5efb5360f3f69c084c1ca850,69e653cbae8f32e27c00968c,69e638d4b2228b5d05917569,0,I feel like it is my right to keep the money,,65490276dc42961a8e1cdec3,3,28e366a0-3318-4119-91e4-ae427f5352b3,9,6,0,1,
2026-04-20 16:25:29,2026-04-20 16:28:36,IP Address,,100,187,True,2026-04-20 16:28:36,R_2dIPhFouI6SbkwV,,,,,,,anonymous,EN,Very interested,,,I've never heard of it,..another participant from Prolific,..affects earnining for both you and your match,$6,0,0,3.543,0,0,0,2.028,0,14.376,14.376,15.27,1,The other player was generous so I thought it was fair to split the money evenly.,10.2,10.2,11.101,1,0,0,0.228,0,0,9,5bf8367e99837f0001cf1078,69e65370391c77e5f220e7f9,69e638d4b2228b5d05917569,9,The other player was generous so I thought it was fair to split the money evenly.,,5ea361c1e8046c12f27bc2c8,6,67d92ade-439f-44a6-8009-cc4210799ea9,18,3,3,1,
2026-04-20 16:25:43,2026-04-20 16:28:40,IP Address,,100,176,True,2026-04-20 16:28:41,R_3mbTo3fdP509Hax,,,,,,,anonymous,EN,Very interested,,,I've never heard of it,..another participant from Prolific,..affects earnining for both you and your match,$6,0,0,3.464,0,0,0,2.009,0,6.524,15.566,22.035,5,It would have gave us an equal ammount of money.,12.07,14.749,15.477,4,0,0,0.208,0,1,7,69addc075c692cd94a4a5357,69e65381e45630650bef84d8,69e638d4b2228b5d05917569,5,It would have gave us an equal ammount of money.,,600a878fa6fbbf1ba60bea36,4,7a52d5cc-b0b7-4073-b63c-722c84db6e62,12,4,2,1,
2026-04-20 16:12:59,2026-04-20 16:28:55,IP Address,,100,956,True,2026-04-20 16:28:55,R_3C1BcWxluTBIXeN,,,,,,,anonymous,EN,Very interested,,,I've never heard of it,..another participant from Prolific,..affects earnining for both you and your match,$6,0,0,3.615,0,0,0,2.013,0,17.171,24.98,28.238,4,because player 1 decide to send me small amount of money,,,,,0,0,0.214,0,1,5,69cb25d5b57d0b59f7475b7b,69e6506523f09616f9b16264,69e638d4b2228b5d05917569,1,because player 1 decide to send me small amount of money,,69b7315c3749242874e28210,2,7bc64343-4e60-4d0b-93d5-467c4b2de27f,6,,,1,
2026-04-20 16:24:25,2026-04-20 16:28:59,IP Address,,100,273,True,2026-04-20 16:28:59,R_1sySs3yvr0tgf7R,,,,,,,anonymous,EN,Very interested,,,I've never heard of it,..another participant from Prolific,..affects earnining for both you and your match,$6,0,0,2.361,0,0,0,2.111,0,7.464,14.854,17.968,8,I chose to send back half the amount they sent me despite knowing they still have 3. This was because I felt that they could have kept more and sent less over and this gives them a total of 7.5 slightly more then they would have received had they kept all the money.,8.236,18.261,19.958,5,0,0,0.209,0,0,4.5,69da283f839cc7677e160c55,69e65331ef881cb57e764a29,69e638d4b2228b5d05917569,4.5,I chose to send back half the amount they sent me despite knowing they still have 3. This was because I felt that they could have kept more and sent less over and this gives them a total of 7.5 slightly more then they would have received had they kept all the money.,,67cb6ffcdfb183f140c5439c,3,e8f1168f-8cb5-4780-97c3-b6758bad8141,9,3.5,2.5,1,
2026-04-20 16:25:43,2026-04-20 16:28:59,IP Address,,100,195,True,2026-04-20 16:28:59,R_1SMIWK8kHRYKgZr,,,,,,,anonymous,EN,Very interested,,,I've never heard of it,..another participant from Prolific,..affects earnining for both you and your match,$6,0,0,4.703,0,0,0,2.019,0,4.591,14.815,19.226,2,I felt like sending back what they sent me was enough not to feel bad later.,7.868,13.276,19.683,2,0,0,0.207,0,0,12,5d3f49162a40650001a3e6ad,69e65382dd94c16b590c5aef,69e638d4b2228b5d05917569,6,I felt like sending back what they sent me was enough not to feel bad later.,,62da72f3fb2ff174670bc85f,6,52e79075-94bc-4116-9675-5b9ff38e3a3f,18,6,0,1,
2026-04-20 16:26:50,2026-04-20 16:29:00,IP Address,,100,129,True,2026-04-20 16:29:00,R_87Tgn9UPGwtLc6a,,,,,,,anonymous,EN,Very interested,,,I've never heard of it,..another participant from Prolific,..affects earnining for both you and your match,$6,0,0,5.367,0,0,0,2.01,0,10.733,15.122,19.319,3,"they gave the full amount, so ive given half so we are even",9.499,12.792,14.186,4,0,0,0.207,0,0,9,661d1672f01169fe41f1f001,69e653c36c0d5a908d7ae2ac,69e638d4b2228b5d05917569,9,"they gave the full amount, so ive given half so we are even",,69d64c0835aa705dabaf564b,6,bf16562b-052a-4ff8-b652-d3b89afeb592,18,5,1,1,
2026-04-20 16:11:17,2026-04-20 16:29:13,IP Address,,100,1075,True,2026-04-20 16:29:13,R_5Du6Md5wj30J7Gp,,,,,,,anonymous,EN,Very interested,,,I've never heard of it,..another participant from Prolific,..affects earnining for both you and your match,$2,,,,,,,,,,,,,,,,,,,,,,1,,698a6685c945cda7a5aa4982,69e64fdf138a46217fd0ae73,69e638d4b2228b5d05917569,,,,,,,,,,1,
2026-04-20 16:24:58,2026-04-20 16:29:15,IP Address,,100,257,True,2026-04-20 16:29:17,R_59pok8ndJwv74zc,,,,,,,anonymous,EN,Very interested,,,I've never heard of it,..another participant from Prolific,..affects earnining for both you and your match,$6,0,0,4.036,0,0,0,2.109,0,15.706,27.504,28.96,2,Wanted to send some back so that it was closer to fair. ,9.801,15.001,15.701,4,0,0,0.208,0,0,8.5,674e679b2df4d8123584560c,69e6533a551b6606a1ef2c2c,69e638d4b2228b5d05917569,0.5,Wanted to send some back so that it was closer to fair. ,,6652177d69df798e71da8ff2,3,25ddabef-bcc2-495a-8f35-c0a31bd4860f,9,5.5,0.5,1,
2026-04-20 16:23:00,2026-04-20 16:29:32,IP Address,,100,391,True,2026-04-20 16:29:33,R_7q8UZw5Wa2QqmfP,,,,,,,anonymous,EN,Very interested,,,I've never heard of it,..another participant from Prolific,..affects earnining for both you and your match,$6,0,0,3.587,0,0,0,2.108,0,11.465,14.042,19.717,2,"I figured that's roughly half of what I got back so it's fair. Also, Player 1 sent me half of their $6. I found that fair and was the choice I'd have made had I been assigned that role. So Player 1 is being fair and I chose to reciprocate. ",9.592,9.592,13.005,1,0,0,0.207,0,0,4.5,64badb09518eb5b219132eea,69e652da0db59804ca6272aa,69e638d4b2228b5d05917569,4.5,"I figured that's roughly half of what I got back so it's fair. Also, Player 1 sent me half of their $6. I found that fair and was the choice I'd have made had I been assigned that role. So Player 1 is being fair and I chose to reciprocate. ",,60f2a2b4932fed5326988e0f,3,a1c295d2-960d-491b-b046-79a60e7ad779,9,4.5,1.5,1,
2026-04-20 16:26:54,2026-04-20 16:29:34,IP Address,,100,160,True,2026-04-20 16:29:35,R_5m3RsXHR34XTxOV,,,,,,,anonymous,EN,Very interested,,,I've never heard of it,..another participant from Prolific,..affects earnining for both you and your match,$6,0,0,3.209,0,0,0,2.006,0,10.84,12.718,14.64,2,"By sending $3 back to Player one, we both end up with $6. This feels fair.",11.798,14.001,15.086,3,0,0,0.205,0,0,6,69dfd92359a7f2bddee828a5,69e653c66c0d5a908d7ae2ae,69e638d4b2228b5d05917569,3,"By sending $3 back to Player one, we both end up with $6. This feels fair.",,69ae4ec94c4ca2ab3f5e70f7,3,fb63121f-c651-4cb3-870e-d2385c9503dc,9,4,2,1,
2026-04-20 16:25:41,2026-04-20 16:29:42,IP Address,,100,240,True,2026-04-20 16:29:42,R_7ljudgZQBQxaIut,,,,,,,anonymous,EN,Very interested,,,I've never heard of it,..another participant from Prolific,..affects earnining for both you and your match,$6,0,0,2.897,0,0,0,2.005,0,15.495,19.709,21.627,2,I think is fair that we keep the same amount of money.,41.727,41.727,45.562,1,0,0,0.204,0,0,6,63ba386fca1ef3cc33de26d2,69e6537c0a72db2e9df0d21b,69e638d4b2228b5d05917569,1.5,I think is fair that we keep the same amount of money.,,651c042fb5c9aac9fbce91eb,2.5,1a1466ec-f401-452e-aa9b-b5877246fe50,7.5,5,1,1,
2026-04-20 16:25:12,2026-04-20 16:29:54,IP Address,,100,281,True,2026-04-20 16:29:55,R_8Hbg1FXMsPBeyDn,,,,,,,anonymous,EN,Very interested,,,I've never heard of it,..another participant from Prolific,..affects earnining for both you and your match,$6,0,0,8.099,0,0,0,2.011,0,10.304,19.1,20.794,2,Since the first player was very fair to me i felt a obligated to be fair to them,13.741,19.107,20.637,3,0,0,0.21,0,0,6,5ea08689069d5305f6380c77,69e6535fa7d129dd3b670ccb,69e638d4b2228b5d05917569,3,Since the first player was very fair to me i felt a obligated to be fair to them,,698ce4ba931f89581ecc6d7d,3,d6667087-14a7-4f76-b708-e2bcd4442c2b,9,5,1,1,
2026-04-20 16:26:26,2026-04-20 16:29:57,IP Address,,100,210,True,2026-04-20 16:29:58,R_1D8kmjfrTYt4Bf5,,,,,,,anonymous,EN,Very interested,,,I've never heard of it,..another participant from Prolific,..affects earnining for both you and your match,$6,0,0,4.008,0,0,0,2.125,0,11.829,11.829,14.222,1,It's the middle amount,,,,,0,0,0.23,0,0,3,69e04010c86493ce99af78f2,69e653a2638fbcd62fa911bf,69e638d4b2228b5d05917569,3,It's the middle amount,,5f061f46dc944614ea1be5b9,2,d9f3326b-99fd-4f4e-b567-9feda7b78b5e,6,,,1,
2026-04-20 16:27:16,2026-04-20 16:30:00,IP Address,,100,163,True,2026-04-20 16:30:00,R_6EsdAt7Hl3SCpAN,,,,,,,anonymous,EN,Very interested,,,I've never heard of it,..another participant from Prolific,..affects earnining for both you and your match,$6,0,0,2.634,0,0,0,2.01,0,6.392,8.145,29.585,2,"i don't know if this is an experiment where we will get matched again, but if we do, then i hope that making them whole will incentivize them to send more later so we can both get more. i don't mind taking the $1 hit from equality for that potential benefit",,,,,0,0,0.205,0,0,4,6967de833de2e7e4cf17d19a,69e653dc8755b18d99dcc105,69e638d4b2228b5d05917569,2,"i don't know if this is an experiment where we will get matched again, but if we do, then i hope that making them whole will incentivize them to send more later so we can both get more. i don't mind taking the $1 hit from equality for that potential benefit",,5b07b3959649530001a3c8c5,2,75849a7b-a7b5-4c0b-8091-d3b1277d01cd,6,,,1,
2026-04-20 16:28:06,2026-04-20 16:30:14,IP Address,,100,127,True,2026-04-20 16:30:14,R_2N5p19Bxi6R7znJ,,,,,,,anonymous,EN,Very interested,,,I've never heard of it,..another participant from Prolific,..is irrelevant for your final payment,$2,,,,,,,,,,,,,,,,,,,,,,1,,661456e17a86d23e34c091fd,69e6540b442ff3205e9e0071,69e638d4b2228b5d05917569,,,,,,,,,,1,
2026-04-20 16:26:40,2026-04-20 16:30:27,IP Address,,100,226,True,2026-04-20 16:30:27,R_2is7LETnsuSDMYg,,,,,,,anonymous,EN,Very interested,,,I've never heard of it,..another participant from Prolific,..affects earnining for both you and your match,$6,0,0,3.017,0,0,0,2.104,0,9.844,9.844,11.319,1,I felt it was fair based on that they sent me - it shows I am not being too selfish.,21.835,21.835,22.382,1,0,0,0.207,0,0,13,6658b314777a6d0ee2bbea2f,69e653bc5e791338392e97a9,69e638d4b2228b5d05917569,5,I felt it was fair based on that they sent me - it shows I am not being too selfish.,,69e53bd4dcb2c124f83797e1,6,f6c7e410-5ba7-4aca-b0d7-64af5e3c4a83,18,4,2,1,
2026-04-20 16:28:13,2026-04-20 16:30:27,IP Address,,100,133,True,2026-04-20 16:30:28,R_1fcLORj9aAWIXtP,,,,,,,anonymous,EN,Very interested,,,I've never heard of it,..another participant from Prolific,..affects earnining for both you and your match,$6,0,0,3.419,0,0,0,2.008,0,8.873,11.464,12.544,3,I felt that player one could have sent more than $1 that seemed a bit selfish. ,6.444,6.444,8.137,1,0,0,0.217,0,0,3,66490b0f08d324ea177acb12,69e654186266ad2554c29ad9,69e638d4b2228b5d05917569,0,I felt that player one could have sent more than $1 that seemed a bit selfish. ,,641571922d04f807e7157a04,1,092b716c-efaf-4674-b2fd-6aec28479864,3,5.5,0.5,1,
2026-04-20 16:28:27,2026-04-20 16:30:29,IP Address,,100,121,True,2026-04-20 16:30:29,R_8g5z8Pg7v9jNUC9,,,,,,,anonymous,EN,Very interested,,,I've never heard of it,..another participant from Prolific,..affects earnining for both you and your match,$6,0,0,3.256,0,0,0,2.123,0,10.825,10.825,12.864,1,I wanted to get the most of my money,,,,,0,0,0.105,0,0,6,5fefa037c9707d2dde068a38,69e65420a90b45f08d3f13be,69e638d4b2228b5d05917569,0,I wanted to get the most of my money,,69e14dcb8731e5cddff8fe63,2,e3960989-a392-4ad4-8991-09b039672e2c,6,,,1,
2026-04-20 16:25:00,2026-04-20 16:30:30,IP Address,,100,329,True,2026-04-20 16:30:30,R_7uhxdOLmTVKewFj,,,,,,,anonymous,EN,Very interested,,,I've never heard of it,..another participant from Prolific,..affects earnining for both you and your match,$6,0,0,3.774,0,0,0,2.016,0,24.532,24.532,26.165,1,They were kind enough to send half their money so I figured let's finish with equal amounts by sending back what I was sent,35.03,35.03,36.665,1,0,0,0.105,0,0,6,614f472ccd42769f8fa1a07f,69e6532cdb1547f5d9a5df86,69e638d4b2228b5d05917569,3,They were kind enough to send half their money so I figured let's finish with equal amounts by sending back what I was sent,,6272bd000471b3d9ed5d4da5,3,c8f8aba4-3fdf-45d1-bd4e-dcdf96e11667,9,5,1,1,
2026-04-20 16:27:19,2026-04-20 16:30:33,IP Address,,100,194,True,2026-04-20 16:30:34,R_1rNDxr2Il0mpvtU,,,,,,,anonymous,EN,Very interested,,,I've never heard of it,..another participant from Prolific,..affects earnining for both you and your match,$6,0,0,2.74,0,0,0,2.112,0,5.697,8.48,9.452,2,I think that is about equal to what they sent me.,11.593,11.593,12.603,1,0,0,0.205,0,0,6,6712acd49ca5448a6e983e6c,69e653cb0e640f2b3baa5567,69e638d4b2228b5d05917569,3,I think that is about equal to what they sent me.,,5fa80de9f8f2695ee7e4f245,3,3491c808-d71a-4ab9-9afd-4039e0422051,9,4,2,1,
2026-04-20 16:27:59,2026-04-20 16:31:06,IP Address,,100,186,True,2026-04-20 16:31:06,R_5WOjkGyk6qnxN0B,,,,,,,anonymous,EN,Very interested,,,I've never heard of it,..another participant from Prolific,..affects earnining for both you and your match,$6,0,0,3.988,0,0,0,2.112,0,14.031,16.52,37.526,2,It gives them back their initial $2.00 plus an extra $1.00 (since it was multiplied x3 to reach me) for choosing to send any sum of money,,,,,0,0,0.217,0,0,3,69600b1433413eeef0775039,69e65408de9bf23856030499,69e638d4b2228b5d05917569,3,It gives them back their initial $2.00 plus an extra $1.00 (since it was multiplied x3 to reach me) for choosing to send any sum of money,,69e239061e7553f02912dba8,2,fac0114b-0ac3-4a7c-a7f3-b1de10feca5c,6,,,1,
2026-04-20 16:28:38,2026-04-20 16:31:10,IP Address,,100,151,True,2026-04-20 16:31:10,R_6QQyimMe8XnGNFw,,,,,,,anonymous,EN,Very interested,,,I've never heard of it,..another participant from Prolific,..affects earnining for both you and your match,$6,0,0,2.409,0,0,0,2.015,0,25.571,25.571,26.695,1,I decided to send what he sent to me.,,,,,0,0,0.218,0,0,4,67fe80cfe353b5ef412d8e50,69e6542a0250f9eb406e410d,69e638d4b2228b5d05917569,2,I decided to send what he sent to me.,,5d6a49eba8567d001d3af564,2,09a33c57-46cb-4e54-ab52-9e71200f72fc,6,,,1,
2026-04-20 16:29:12,2026-04-20 16:31:11,IP Address,,100,118,True,2026-04-20 16:31:12,R_7NFoEQtnF4zo2pU,,,,,,,anonymous,EN,Very interested,,,I've never heard of it,..another participant from Prolific,..affects earnining for both you and your match,$6,0,0,3.788,0,0,0,2.114,0,8.362,8.362,11.055,1,I wanted to give back but I still wanted that one dollar,6.92,6.92,9.847,1,0,0,0.23,0,0,1,6100c3f0a1cd16bb87069625,69e6544ef97f22e439195210,69e638d4b2228b5d05917569,0.5,I wanted to give back but I still wanted that one dollar,,69aefd8ec8ae0faf2b660b5c,0.5,85b6f0a7-63e8-4b7e-baec-f755cd7d1cb9,1.5,5,1,1,
2026-04-20 16:28:26,2026-04-20 16:31:12,IP Address,,100,165,True,2026-04-20 16:31:12,R_63nfVQcBh5YyWAx,,,,,,,anonymous,EN,Very interested,,,I've never heard of it,..another participant from Prolific,..affects earnining for both you and your match,$6,0,0,4.602,0,0,0,2.012,0,5.073,5.073,6.507,1,wanted the biggest bonus for myself,2.654,2.654,5.292,1,0,0,0.207,0,0,15,56f59251736c79000c2241f7,69e654089bff992e09270550,69e638d4b2228b5d05917569,0,wanted the biggest bonus for myself,,69e16f2841b4b0bba5d62f54,5,d5f760da-5737-4bf7-b229-e5e1f2734548,15,6,0,1,
2026-04-20 16:25:26,2026-04-20 16:31:14,IP Address,,100,348,True,2026-04-20 16:31:15,R_7hDqBXZqLkEVy5m,,,,,,,anonymous,EN,Very interested,,,I've never heard of it,..another participant from Prolific,..affects earnining for both you and your match,$6,0,0,3.443,0,0,0,2.114,0,2.74,61.116,62.033,10,I gave them an extra dollar back on top of what they sent me for generously sending me half of their six.,31.518,37.09,38.431,3,0,0,0.209,0,0,5,640e4ddaf9f67c6c8ea4936b,69e653665be2ee8f88648edb,69e638d4b2228b5d05917569,4,I gave them an extra dollar back on top of what they sent me for generously sending me half of their six.,,69446a662f72f30671df1c89,3,3a9e081d-c46a-4a83-9349-b9f65162341f,9,5,1,1,
2026-04-20 16:28:08,2026-04-20 16:31:16,IP Address,,100,187,True,2026-04-20 16:31:17,R_1OpeXNghaz9F6mZ,,,,,,,anonymous,EN,Very interested,,,I've never heard of it,..another participant from Prolific,..affects earnining for both you and your match,$6,0,0,3.043,0,0,0,2.113,0,9.859,9.859,12.243,1,"They chose the amount to send me, so I decided half of whatever they sent me would be fair no matter the actual amount they sent. I was honestly just trying to think of the fairest way to handle it.",6.828,6.828,8.888,1,0,0,0.202,0,0,4.5,6737def2030a986e14ef59cb,69e65410344265faa5bbfefe,69e638d4b2228b5d05917569,4.5,"They chose the amount to send me, so I decided half of whatever they sent me would be fair no matter the actual amount they sent. I was honestly just trying to think of the fairest way to handle it.",,546f8a9cfdf99b4a593414ea,3,d057542a-5ede-42c7-a7dd-4c4e838bcc64,9,3,3,1,
2026-04-20 16:27:03,2026-04-20 16:32:30,IP Address,,100,326,True,2026-04-20 16:32:30,R_7YPNhNa07axWycF,,,,,,,anonymous,EN,Very interested,,,I've never heard of it,..another participant from Prolific,..affects earnining for both you and your match,$6,0,0,2.71,0,0,0,2.006,0,34.225,66.425,68.022,6,I returned what they sent me so they can have $6 and I remain with $6. That way we have an equal amount of money.,26.316,28.807,34.608,2,0,0,0.216,0,0,6,6941984defc3cfda7e9cdf6f,69e653b3e44815507f6dca0b,69e638d4b2228b5d05917569,3,I returned what they sent me so they can have $6 and I remain with $6. That way we have an equal amount of money.,,69dce469bbcd5da4ce4327bd,3,7690a64c-de28-43fe-b3dd-2e7c61215dfb,9,4,2,1,
2026-04-20 16:31:44,2026-04-20 16:32:31,IP Address,,100,47,True,2026-04-20 16:32:31,R_5iEtHHLjrdvrr5T,,,,,,,anonymous,EN,Very interested,,,I've never heard of it,..another participant from Prolific,..affects earnining for both you and your match,$2,,,,,,,,,,,,,,,,,,,,,,1,,69c9f039100b43723f3f2309,69e654e94bcb78fda6083351,69e638d4b2228b5d05917569,,,,,,,,,,1,
2026-04-20 16:29:29,2026-04-20 16:32:54,IP Address,,100,205,True,2026-04-20 16:32:55,R_2P0nuHFtTGQWutV,,,,,,,anonymous,EN,Very interested,,,I've never heard of it,..another participant from Prolific,..affects earnining for both you and your match,$6,0,0,4.137,0,0,0,2.021,0,27.037,27.037,28.371,1,Because it would mean we were more or less matched in the reward and seemed fair for that reason.,9.571,9.571,10.4,1,0,0,0.212,0,0,5,66cb3157319592195a840f09,69e654608702b624d4283b3d,69e638d4b2228b5d05917569,2.5,Because it would mean we were more or less matched in the reward and seemed fair for that reason.,,663275876de1bd5e86d04517,2.5,46f43e81-23cd-4cd0-bc99-e0c3a1f8a4a7,7.5,3.5,2.5,1,
2026-04-20 16:28:57,2026-04-20 16:32:59,IP Address,,100,242,True,2026-04-20 16:32:59,R_7DAUoITjRHvO3lA,,,,,,,anonymous,EN,Very interested,,,I've never heard of it,..another participant from Prolific,..affects earnining for both you and your match,$6,0,0,3.28,0,0,0,2.018,0,6.888,6.888,7.982,1,I chose to send back $9 because it was an even split. I was glad to see player 1 send me the full amount of $6 in good faith and wanted to show appreciation by splitting the end amount evenly between both of us.,17.801,17.801,18.429,1,0,0,0.229,0,0,9,66073d09f66221547cbf2599,69e6543f880f696fe7902a38,69e638d4b2228b5d05917569,9,I chose to send back $9 because it was an even split. I was glad to see player 1 send me the full amount of $6 in good faith and wanted to show appreciation by splitting the end amount evenly between both of us.,,54cb913dfdf99b56211ae2dc,6,120fbace-7b72-4e7f-847f-e7c9865ee3d8,18,5,1,1,
2026-04-20 16:26:34,2026-04-20 16:33:09,IP Address,,100,394,True,2026-04-20 16:33:09,R_6oqlg8J3cLKE0ds,,,,,,,anonymous,EN,Very interested,,,I've never heard of it,..another participant from Prolific,..affects earnining for both you and your match,$6,0,0,3.05,0,0,0,2.016,0,2.545,12.47,15.094,3,I want to keep as much money as I can,2.19,5.084,7.537,5,0,0,0.112,0,0,17.5,607a1916608816aafa36bdd7,69e653af2c1c5c8d81e4cdc4,69e638d4b2228b5d05917569,0.5,I want to keep as much money as I can,,69d2450918bbe42a3e6e8bf3,6,dd347dc7-bcf4-436d-8c17-5ba81adfe1c7,18,5.5,0.5,1,
2026-04-20 16:28:43,2026-04-20 16:33:16,IP Address,,100,273,True,2026-04-20 16:33:16,R_7CloHJT9rclIF0Z,,,,,,,anonymous,EN,Very interested,,,I've never heard of it,..another participant from Prolific,..affects earnining for both you and your match,$6,0,0,5.178,0,0,0,2.13,0,9.852,9.852,15.12,1,I considered because my partner decided to share it equally so i should also reciprocate ,10.207,10.207,11.852,1,0,0,0.221,0,0,4.5,69a8bfb43e6624faf36febba,69e6542d23734f6256bcfe68,69e638d4b2228b5d05917569,4.5,I considered because my partner decided to share it equally so i should also reciprocate ,,69d771bc8295d1bea3da49cc,3,60a4588c-aca6-45da-a36d-250d43ad51df,9,3,3,1,
2026-04-20 16:27:46,2026-04-20 16:33:19,IP Address,,100,333,True,2026-04-20 16:33:20,R_2dR1i5CswzvqPSj,,,,,,,anonymous,EN,Very interested,,,I've never heard of it,..another participant from Prolific,..affects earnining for both you and your match,$6,0,0,2.917,0,0,0,2.108,0,1.57,12.648,18.797,2,"We both end up with $5 (I received $6 - $1 I sent, then end up with $4 + $1). 

It's fair to both players.

Likely I would have been more generous to the other player if they had sent the entire $6, because I wouldn't want to let them down (i.e - I would have sent them more than I would get, something like $10/$18 as appreciation for the trust).

Since they only sent $2 out of the full $6 (protecting themselves first), I didn't feel like I owed them anything more than what was a fair split.",,,,,0,0,0.105,0,0,5,5e9b5df7b5ca79068c33cdc2,69e653fb85bc1b40077347c7,69e638d4b2228b5d05917569,1,,,69e2464f44cf78009aaf949e,2,7984124d-f8c4-4637-b960-8a31ed0d0202,6,,,1,
2026-04-20 16:32:08,2026-04-20 16:33:34,IP Address,,100,85,True,2026-04-20 16:33:34,R_6gRVEsmFbUdil6O,,,,,,,anonymous,EN,Very interested,,,I've never heard of it,..another participant from Prolific,..affects earnining for both you and your match,$6,0,0,2.833,0,0,0,2.003,0,11.957,11.957,13.344,1,"They sent me $2 so I sent it back, plus I still end up with something as well.",,,,,0,0,0.102,0,0,4,60442cee4664dd4aa31a9f34,69e6550278a265262e5cbcf6,69e638d4b2228b5d05917569,2,"They sent me $2 so I sent it back, plus I still end up with something as well.",,699ece8a778dfb99b080dfba,2,ea186f50-39c7-4efe-b523-d181d20f9816,6,,,1,
2026-04-20 16:31:51,2026-04-20 16:33:49,IP Address,,100,118,True,2026-04-20 16:33:50,R_5yqiLM0YPnCAHJi,,,,,,,anonymous,EN,Very interested,,,I've never heard of it,..another participant from Prolific,..affects earnining for both you and your match,$6,0,0,7.35,0,0,0,2.003,0,17.589,23.216,26.667,2,"It is a pretty fair split as close as it can be to even I believe, so this way we both end up winning something at least. ",8.215,8.215,8.975,1,0,0,0.209,0,0,4.5,5ea50a770005874d591bab05,69e654f1cb6838bedde26b32,69e638d4b2228b5d05917569,3,"It is a pretty fair split as close as it can be to even I believe, so this way we both end up winning something at least. ",,6752177181b110a946e73795,2.5,f13ac069-3416-4108-8a96-2eee7466c3a6,7.5,3,3,1,
2026-04-20 16:27:53,2026-04-20 16:33:51,IP Address,,100,357,True,2026-04-20 16:33:51,R_6PBtRI8W405PUkx,,,,,,,anonymous,EN,Very interested,,,I've never heard of it,..another participant from Prolific,..affects earnining for both you and your match,$6,0,0,5.14,0,0,0,2.007,0,23.653,37.324,42.791,2,"Player 1 has $3 left from the original $6 they had.  They were willing to send me half of their money which totaled $9 when tripled.  I figured it was only fair to share some money back so we both get a win out of this.  I am pretty sure they were hoping that this is what I would do.  If I send $3 back to them, we each end up with $6.  I figured it was only fair to do it this way.",16.188,16.188,24.566,1,0,0,0.213,0,0,6,6733d9a1dd373a1495f33f76,69e653fed78cfe1e52909298,69e638d4b2228b5d05917569,3,"Player 1 has $3 left from the original $6 they had.  They were willing to send me half of their money which totaled $9 when tripled.  I figured it was only fair to share some money back so we both get a win out of this.  I am pretty sure they were hoping that this is what I would do.  If I send $3 back to them, we each end up with $6.  I figured it was only fair to do it this way.",,5d5d757e93c4f9001ac8fc45,3,f25e3146-243d-4bd0-88e3-cb29c54fee31,9,4,2,1,
2026-04-20 16:30:55,2026-04-20 16:33:54,IP Address,,100,179,True,2026-04-20 16:33:55,R_1lEnREdgoIqDXBr,,,,,,,anonymous,EN,Very interested,,,I've never heard of it,..another participant from Prolific,..affects earnining for both you and your match,$6,0,0,2.844,0,0,0,2.003,0,6.163,9.728,10.73,2,Player 1 made sure that I received a good benefit. I wanted to return the favor and give them half of what I received as a gesture of goodwill. It seemed fair since we would both benefit. I would want someone to do the same for me. So I figured I would take this course of action to do what seemed like a nice thing to do.,6.381,7.652,8.523,2,0,0,0.204,0,0,4.5,61531d653c3be36dda71b290,69e654b16afe0c2113b5bff5,69e638d4b2228b5d05917569,4.5,Player 1 made sure that I received a good benefit. I wanted to return the favor and give them half of what I received as a gesture of goodwill. It seemed fair since we would both benefit. I would want someone to do the same for me. So I figured I would take this course of action to do what seemed like a nice thing to do.,,69e0ed70707bd2511e1fa929,3,b2ae2ee5-6b09-4155-ba96-b5d63cfee8b8,9,5,1,1,
2026-04-20 16:30:07,2026-04-20 16:33:59,IP Address,,100,231,True,2026-04-20 16:34:00,R_2t4SjmFVPLfr8Rz,,,,,,,anonymous,EN,Very interested,,,I've never heard of it,..another participant from Prolific,..affects earnining for both you and your match,$6,0,0,2.803,0,0,0,2.006,0,10.74,18.411,20.621,3,I was going to do half and half 9 each but felt he deserved more,7.588,28.155,32.381,8,0,0,0.205,0,0,8,5e272bd90e144395de81dd53,69e65480072e5ada6212326d,69e638d4b2228b5d05917569,10,I was going to do half and half 9 each but felt he deserved more,,66620cf0297a4b3c61f5a8ee,6,e99c269d-f3f6-49ac-9919-e71240aed424,18,3,3,1,
2026-04-20 16:31:31,2026-04-20 16:34:09,IP Address,,100,157,True,2026-04-20 16:34:09,R_5M6XNy9lMi8bAKA,,,,,,,anonymous,EN,Very interested,,,I've never heard of it,..another participant from Prolific,..affects earnining for both you and your match,$6,0,0,2.244,0,0,0,2.018,0,25.815,25.815,30.044,1,we both end up with $5 which seems fair.,,,,,0,0,0.208,0,1,5,69e459905350c72071e7b28b,69e654dbe9ca6043b978251b,69e638d4b2228b5d05917569,1,we both end up with $5 which seems fair.,,69dbdb7bcc74926aaccbf63f,2,e0282ffa-225b-43a3-8ebf-9f06ccf2583b,6,,,1,
2026-04-20 16:31:41,2026-04-20 16:34:13,IP Address,,100,152,True,2026-04-20 16:34:14,R_3n8bfHYvt7iexI8,,,,,,,anonymous,EN,Very interested,,,I've never heard of it,..another participant from Prolific,..affects earnining for both you and your match,$6,0,0,3.101,0,0,0,2.005,0,10.55,12.99,14.771,2,because thats the amount i recieved i want to be fair,6.706,8.53,9.857,2,0,0,0.204,0,0,0,699b8a46acd7a1d68890cb57,69e654e5d8e1e3ccac3672a6,69e638d4b2228b5d05917569,9,because thats the amount i recieved i want to be fair,,6471e0a407b30a4f171dbd35,3,f2cbd98f-604a-4240-93af-d3a3ecc6f4fd,9,4,2,1,
2026-04-20 16:31:04,2026-04-20 16:34:22,IP Address,,100,197,True,2026-04-20 16:34:22,R_11tYvrtq3rKmD1D,,,,,,,anonymous,EN,Very interested,,,I've never heard of it,..another participant from Prolific,..affects earnining for both you and your match,$6,0,0,5.236,0,0,0,2.007,0,8.147,8.147,13.576,1,I think it is only fair we share the amount earned.,,,,,0,0,0.218,0,0,3,699eb022a5ecdbb84886f196,69e654bda77401795c0b0143,69e638d4b2228b5d05917569,3,I think it is only fair we share the amount earned.,,5f747640e118860111ffe0c9,2,61b7ada4-6a0f-4746-9733-209d87a7b6e0,6,,,1,
2026-04-20 16:30:30,2026-04-20 16:34:33,IP Address,,100,243,True,2026-04-20 16:34:33,R_1jT950LsAL6CkG8,,,,,,,anonymous,EN,Very interested,,,I've never heard of it,..another participant from Prolific,..affects earnining for both you and your match,$6,0,0,3.198,0,0,0,2.112,0,32.521,34.524,41.958,2,I decided to send back an amount that would make both our totals equal,24.162,28.466,31.223,3,0,0,0.217,0,0,5.5,69d2e1c18fe7256edd6bc422,69e6548ce52552ff36bcfe79,69e638d4b2228b5d05917569,2,I decided to send back an amount that would make both our totals equal,,63de43b08a408605eced4803,2.5,41813e13-3cbc-4cfc-964b-7b154760535f,7.5,5,1,1,
2026-04-20 16:26:49,2026-04-20 16:34:38,IP Address,,100,468,True,2026-04-20 16:34:38,R_8WCouBDc0hm27nf,,,,,,,anonymous,EN,Very interested,,,I've never heard of it,..another participant from Prolific,..affects earnining for both you and your match,$6,0,0,2.878,0,0,0,2.122,0,36.127,42.329,56.633,2,Because player 1 started with $6. I started with $0 but received $9 because player 1 sent me $3. By sending back $3 to player 1 we both finish with $6.,28.514,28.514,41.036,1,0,0,0.218,0,0,6,66646364b821e70655b52218,69e653bb0915d5746fce5536,69e638d4b2228b5d05917569,3,Because player 1 started with $6. I started with $0 but received $9 because player 1 sent me $3. By sending back $3 to player 1 we both finish with $6.,,5ed10ffbcd9b9401793b67a7,3,980bc43c-195f-473f-9376-63c4f5b25559,9,5,1,1,
2026-04-20 16:31:29,2026-04-20 16:34:43,IP Address,,100,194,True,2026-04-20 16:34:44,R_8rUVQKIN8rp5xJJ,,,,,,,anonymous,EN,Very interested,,,I've never heard of it,..another participant from Prolific,..affects earnining for both you and your match,$6,0,0,3.515,0,0,0,2.013,0,12.176,17.664,19.975,2,"It’s the same amount they sent me, I didn’t want to send anymore",,,,,0,0,0.209,0,1,4,5f1ad7e4a2267b07b14a0611,69e654d59bff3756d3d0ceab,69e638d4b2228b5d05917569,2,"It’s the same amount they sent me, I didn’t want to send anymore",,67f8607be129189cd9ea4c0a,2,0ce969c8-3830-4b9b-b042-4f3e041747f1,6,,,1,
2026-04-20 16:33:07,2026-04-20 16:34:50,IP Address,,100,103,True,2026-04-20 16:34:50,R_2zUc5XFlgvd4Y2g,,,,,,,anonymous,EN,Very interested,,,I've never heard of it,..another participant from Prolific,..affects earnining for both you and your match,$6,0,0,2.986,0,0,0,2.018,0,5.343,5.343,6.545,1,I decided to keep all that I had been sent. Player 1 gets some money too,8.425,8.425,10.581,1,0,0,0.218,0,0,12,5ea0141f476817000946fdc5,69e6553d2dda0c76bb82879b,69e638d4b2228b5d05917569,0,I decided to keep all that I had been sent. Player 1 gets some money too,,65cbcc4d2d238ef48ea0c3cb,4,f52f8db2-cc90-4883-a918-c19403e651a0,12,6,0,1,
2026-04-20 16:31:46,2026-04-20 16:34:59,IP Address,,100,192,True,2026-04-20 16:34:59,R_5VqqKfhDKwGktdW,,,,,,,anonymous,EN,Very interested,,,I've never heard of it,..another participant from Prolific,..affects earnining for both you and your match,$6,0,0,2.578,0,0,0,2.01,0,13.434,13.434,15.8,1,we will both get the same amount if we don't send anything to each other,,,,,0,0,0.207,0,0,6,66a57008895709a88b95b46d,69e654e8d7faced0389dc33b,69e638d4b2228b5d05917569,0,we will both get the same amount if we don't send anything to each other,,5e170b9ad51cf301722d91d2,2,06ae823e-f62d-4f5c-8ae7-3cacad5f06df,6,,,1,
2026-04-20 16:32:55,2026-04-20 16:35:05,IP Address,,100,130,True,2026-04-20 16:35:06,R_8ScLFnrnbYsp1Np,,,,,,,anonymous,EN,Very interested,,,I've never heard of it,..another participant from Prolific,..affects earnining for both you and your match,$6,0,0,2.727,0,0,0,2.115,0,8.815,13.378,13.947,3,Because i felt that it was a fair amount,12.755,12.755,13.587,1,0,0,0.209,0,0,7,6682d2153685f252600eddac,69e6550b108d72774ee2a1fb,69e638d4b2228b5d05917569,2,Because i felt that it was a fair amount,,642ffd338d0ef68fcd0ef7f7,3,166695fe-35c9-4cc0-bc77-602998fb01fa,9,4,2,1,
2026-04-20 16:29:51,2026-04-20 16:35:19,IP Address,,100,327,True,2026-04-20 16:35:19,R_1TQB3sNW4gfHCKZ,,,,,,,anonymous,EN,Very interested,,,I've never heard of it,..another participant from Prolific,..affects earnining for both you and your match,$6,0,0,2.879,0,0,0,2.107,0,11.084,35.861,37.551,3,"By sending $2 back to the other participant, it meant that we would each have the same amount - $5.50.",15.408,15.408,20.475,1,0,0,0.207,0,0,5.5,62db76a315d362749f584469,69e65477a07d49817cfe2e8d,69e638d4b2228b5d05917569,2,"By sending $2 back to the other participant, it meant that we would each have the same amount - $5.50.",,6963b1b315acb124d054390d,2.5,394b7d47-b707-4687-9f1b-29e47b7da1ae,7.5,5,1,1,
2026-04-20 16:32:03,2026-04-20 16:35:50,IP Address,,100,226,True,2026-04-20 16:35:50,R_5vji8STxOdKHSsr,,,,,,,anonymous,EN,Very interested,,,I've never heard of it,..another participant from Prolific,..affects earnining for both you and your match,$6,0,0,3.334,0,0,0,2.103,0,9.404,10.68,14.74,2,"Player 1 already has $5 while I only have $3. Why should I send anything back if things are already in Player 1's favor? Since we were randomly assigned, it should be enough that either of us gets anything in this situation. Had Player 1 sent $2, I'd have $6 and I would gladly have sent $1 back. But for now I'd rather keep my $3 and they can keep their $5.",5.138,5.138,6.022,1,0,0,0.212,0,0,3,69609fdd829e72a1cb467b08,69e654fdbca13c558bbc041e,69e638d4b2228b5d05917569,0,"Player 1 already has $5 while I only have $3. Why should I send anything back if things are already in Player 1's favor? Since we were randomly assigned, it should be enough that either of us gets anything in this situation. Had Player 1 sent $2, I'd have $6 and I would gladly have sent $1 back. But for now I'd rather keep my $3 and they can keep their $5.",,69a280aea7a9345bf8010c0f,1,a3e80e05-393d-4129-8bb4-773c38a1f486,3,5,1,1,
2026-04-20 16:29:43,2026-04-20 16:35:52,IP Address,,100,368,True,2026-04-20 16:35:53,R_1UMoUttWdO6YfZf,,,,,,,anonymous,EN,Very interested,,,I've never heard of it,..another participant from Prolific,..affects earnining for both you and your match,$6,0,0,6.048,0,0,0,2.022,0,6.957,11.486,21.7,3,That way we each receive the max amount.,6.888,60.621,123.833,8,0,0,0.112,0,0,9,69dbd2a28a44b07afeea865d,69e654676fc2efdb703d6b4c,69e638d4b2228b5d05917569,9,That way we each receive the max amount.,,63169589b2fd7dd8f24702ba,6,08d3fc0f-111e-4287-ada0-75f793b10dc7,18,5,1,1,
2026-04-20 16:32:48,2026-04-20 16:36:15,IP Address,,100,207,True,2026-04-20 16:36:15,R_1fAmrN2foPwecUx,,,,,,,anonymous,EN,Very interested,,,I've never heard of it,..another participant from Prolific,..affects earnining for both you and your match,$6,0,0,4.087,0,0,0,2.118,0,10.126,11.115,12.526,2,"I just felt like sending back half,",8.836,8.836,10.297,1,0,0,0.212,0,0,6,64057f3da9d6f08f1b96262d,69e65527f172d999243d56fa,69e638d4b2228b5d05917569,6,"I just felt like sending back half,",,69e55228ba70d1286ebfdb81,4,805352a7-03e7-47b5-b127-8c684c7da17b,12,3,3,1,
2026-04-20 16:28:31,2026-04-20 16:36:15,IP Address,,100,463,True,2026-04-20 16:36:16,R_6U6r3iZ1bfcZbTe,,,,,,,anonymous,EN,Very interested,,,I've never heard of it,..another participant from Prolific,..affects earnining for both you and your match,$6,0,0,8.695,0,0,0,2.006,0,19.681,43.222,45.182,6,So that the player won't be ahead of me,17.905,17.905,21.482,1,0,0,0.211,0,0,6.5,69afa206452d78f24519cfb6,69e65414b08cd359f83aeb36,69e638d4b2228b5d05917569,2.5,So that the player won't be ahead of me,,6638f1869e08291a2a97c4fb,3,0602afa5-344f-4d50-adf7-fc728da71662,9,3,3,1,
2026-04-20 16:32:43,2026-04-20 16:36:18,IP Address,,100,214,True,2026-04-20 16:36:18,R_5YgDVEjhK0PmcIV,,,,,,,anonymous,EN,Very interested,,,I've never heard of it,..another participant from Prolific,..affects earnining for both you and your match,$6,0,0,3.023,0,0,0,2.107,0,11.914,31.704,33.703,9,In hopes that Player 1 will accept this method as strategic in helping us both progress.,,,,,0,0,0.208,0,0,3,6677472b792d33cc46ee04f7,69e6552256738718448aebd0,69e638d4b2228b5d05917569,3,In hopes that Player 1 will accept this method as strategic in helping us both progress.,,634813a4c6504dfca1a5f58f,2,213fe3f9-d83e-45bc-8d8b-097ec481cede,6,,,1,
2026-04-20 16:30:29,2026-04-20 16:36:27,IP Address,,100,357,True,2026-04-20 16:36:27,R_89mtnnLhnLLAHRa,,,,,,,anonymous,EN,Very interested,,,I've never heard of it,..another participant from Prolific,..affects earnining for both you and your match,$6,0,0,4.438,0,0,0,2.008,0,9.633,12.313,13.366,3,So we both received the same amount,13.387,17.155,31.96,3,0,0,0.207,0,1,9,5adae3ebdec767000128c131,69e65499c8fc42693f4b7260,69e638d4b2228b5d05917569,9,So we both received the same amount,,699a34f1ed1294416092b5da,6,1bf3b698-b792-468c-8179-df5ed4fd36d2,18,5,1,1,
2026-04-20 16:32:07,2026-04-20 16:36:29,IP Address,,100,261,True,2026-04-20 16:36:30,R_1XdOuqPqHWizlo7,,,,,,,anonymous,EN,Very interested,,,I've never heard of it,..another participant from Prolific,..affects earnining for both you and your match,$6,0,0,2.596,0,0,0,2.013,0,7.504,10.284,15.685,4,I want the most money I can get.,,,,,0,0,0.208,0,0,6,56588a127d69570012dfe00a,69e655009ebab4282d380a58,69e638d4b2228b5d05917569,0,I want the most money I can get.,,5de572f21a7af84fc3cd0ca7,2,7abe2d74-e17c-47de-aa2a-ed223cb3a218,6,,,1,
2026-04-20 16:21:26,2026-04-20 16:36:32,IP Address,,100,906,True,2026-04-20 16:36:32,R_2b45Y3Cvm1ps3Tg,,,,,,,anonymous,EN,Very interested,,,I've never heard of it,..another participant from Prolific,..affects earnining for both you and your match,$6,0,0,4.128,0,0,0,2.118,0,5.662,6.516,7.545,2,"We both get the same amount, and they were generous to send 4 initially.",16.576,16.576,18.402,1,0,0,0.21,0,0,6,615373a2fdef690846a2755f,69e6527cc049e5e7c57fba48,69e638d4b2228b5d05917569,6,"We both get the same amount, and they were generous to send 4 initially.",,5dbddb248fd62530bcd3cb21,4,02fd216b-7d5b-42f5-a80e-c72c576f05c5,12,4,2,1,
2026-04-20 16:34:35,2026-04-20 16:36:54,IP Address,,100,138,True,2026-04-20 16:36:54,R_3PRGRh92AyIE33x,,,,,,,anonymous,EN,Very interested,,,I've never heard of it,..another participant from Prolific,..affects earnining for both you and your match,$6,0,0,6.282,0,0,0,2.012,0,13.473,16.983,19.071,2,That's how much they sent me.,10.177,10.177,10.981,1,0,0,0.207,0,0,5,695fd827b3f105c2a349015f,69e6559595502c51a1f0d80f,69e638d4b2228b5d05917569,2.5,That's how much they sent me.,,664672fcce821ecd654e1319,2.5,8ab74221-79a8-482b-9d9d-3a037de1f575,7.5,4,2,1,
2026-04-20 16:33:21,2026-04-20 16:36:59,IP Address,,100,217,True,2026-04-20 16:36:59,R_5xhVDHgpao5J5eN,,,,,,,anonymous,EN,Very interested,,,I've never heard of it,..another participant from Prolific,..affects earnining for both you and your match,$6,0,0,3.088,0,0,0,2.01,0,10.077,31.28,32.107,9,I chose 0 because I understood what I send back to player one will not result in me getting a bonus. ,10.233,11.257,12.187,2,0,0,0.206,0,0,18,69e444df742b34cc66bf28dc,69e6554aac0290977684d677,69e638d4b2228b5d05917569,0,I chose 0 because I understood what I send back to player one will not result in me getting a bonus. ,,69a789d363a2390ccfa133ac,6,62c0c816-b59f-4f28-8cd0-ed7e851be511,18,6,0,1,
2026-04-20 16:34:33,2026-04-20 16:37:17,IP Address,,100,163,True,2026-04-20 16:37:17,R_3qeRtboCUse3WUk,,,,,,,anonymous,EN,Very interested,,,I've never heard of it,..another participant from Prolific,..affects earnining for both you and your match,$6,0,0,4.501,0,0,0,2.007,0,8.092,8.092,10.419,1,"I want all of the money to myself. I don't really care that player 1 sent money in ""good faith"". The smartest thing they could've done is have kept the guaranteed $6.",9.95,9.95,11.138,1,0,0,0.207,0,0,18,67264e19c8c6459f464e1be6,69e65591eaf36c2ab00abdba,69e638d4b2228b5d05917569,0,,,5e3c664afa270a058fa74f76,6,f8ba62ad-ad5a-4def-bdb1-19d658c917da,18,6,0,1,
2026-04-20 16:32:41,2026-04-20 16:37:35,IP Address,,100,294,True,2026-04-20 16:37:36,R_3f77PNaiLMOHwCB,,,,,,,anonymous,EN,Very interested,,,I've never heard of it,..another participant from Prolific,..affects earnining for both you and your match,$6,0,0,4.447,0,0,0,2.022,0,8.833,12.275,21.265,2,"It's only fake money, so they should keep the full amount if that is all they were willing to share.",,,,,0,0,0.236,0,0,4,6614235eaaa174a7c7ecd102,69e6551e28ce3746e6d36fa9,69e638d4b2228b5d05917569,2,"It's only fake money, so they should keep the full amount if that is all they were willing to share.",,6733b5e257da4b8525bdcae7,2,bb453478-4485-4a96-b304-7e978a25d25a,6,,,1,
2026-04-20 16:34:48,2026-04-20 16:37:41,IP Address,,100,172,True,2026-04-20 16:37:42,R_8r9as6kUtcwBEgf,,,,,,,anonymous,EN,Very interested,,,I've never heard of it,..another participant from Prolific,..affects earnining for both you and your match,$6,0,0,2.79,0,0,0,2.125,0,6.491,29.468,30.576,11,So we both end up with an equal amount ,7.001,28.118,32.979,4,0,0,0.217,0,0,6,5e81ad7cb706bb88bc5c2fc8,69e6559ddae676eea3f5b97d,69e638d4b2228b5d05917569,3,So we both end up with an equal amount ,,60fdd0b4f6dd3ba555f0f9db,3,2c180a4e-bb16-4ed0-8be5-aa77dc1c9224,9,5,1,1,
2026-04-20 16:35:28,2026-04-20 16:37:57,IP Address,,100,149,True,2026-04-20 16:37:58,R_800nXVSmnpyx8UF,,,,,,,anonymous,EN,Very interested,,,I've never heard of it,..another participant from Prolific,..affects earnining for both you and your match,$6,0,0,2.723,0,0,0,2.011,0,7.147,12.592,13.959,2,That is the same amount sent to me,6.002,7.498,8.442,2,0,0,0.209,0,0,10,5ac9069f1667e40001d889f2,69e655c69345181572de5779,69e638d4b2228b5d05917569,5,That is the same amount sent to me,,69e46daa01fb6bdd4fd43280,5,55983a71-b9e3-417f-ae1d-595b81e740f7,15,4,2,1,
2026-04-20 16:35:15,2026-04-20 16:38:38,IP Address,,100,202,True,2026-04-20 16:38:38,R_3f7VvPIjhac9fx6,,,,,,,anonymous,EN,Very interested,,,I've never heard of it,..another participant from Prolific,..affects earnining for both you and your match,$6,0,0,3.446,0,0,0,2.01,0,17.77,17.77,18.877,1,"if player one had sent the whole amount i would have sent half of what i received back but because they didn't, i chose to be as selfish as they were",21.648,23.802,26.123,2,0,0,0.209,0,1,7,69a243f79aa44d364a33b67c,69e655bd0758c221d1550c1c,69e638d4b2228b5d05917569,2,"if player one had sent the whole amount i would have sent half of what i received back but because they didn't, i chose to be as selfish as they were",,69d984a1bc608041c4732790,3,7a98c5fd-6ef9-43c5-b115-599768ce8bb8,9,6,0,1,
2026-04-20 16:33:30,2026-04-20 16:38:41,IP Address,,100,311,True,2026-04-20 16:38:41,R_2IaV5IdrdxF1h1G,,,,,,,anonymous,EN,Very interested,,,I've never heard of it,..another participant from Prolific,..affects earnining for both you and your match,$6,0,0,6.295,0,0,0,2.122,0,6.149,6.149,6.926,1,As I don't know this person ,4.703,4.703,5.376,1,0,0,0.205,0,1,18,5fad1135a1e0a638232ddbb2,69e6555206318b1c9ae604e4,69e638d4b2228b5d05917569,0,As I don't know this person ,,6658c1cb3bd695ac90a04553,6,db8a16a1-3baf-477a-be8e-3060079f1d81,18,6,0,1,
2026-04-20 16:34:55,2026-04-20 16:38:58,IP Address,,100,242,True,2026-04-20 16:38:58,R_811ONdN6eMqqHaP,,,,,,,anonymous,EN,Very interested,,,I've never heard of it,..another participant from Prolific,..affects earnining for both you and your match,$6,2.323,2.323,3.702,1,0,0,2.116,0,1.922,16.607,17.578,5,"Player 1 sent the whole allocation, I think that was brave and team orientated. I like their courage which is why I have no problems splitting the pot.",0.978,16.963,17.898,9,0,0,0.208,0,0,9,5bad16bfd0e97100013f49ad,69e655a7cb1df443e9a6c8fe,69e638d4b2228b5d05917569,9,"Player 1 sent the whole allocation, I think that was brave and team orientated. I like their courage which is why I have no problems splitting the pot.",,5ebd495e39fb6f017b95054a,6,084d29c9-4598-4ae4-94c5-b1ae54369fcc,18,4,2,1,
2026-04-20 16:35:44,2026-04-20 16:38:59,IP Address,,100,194,True,2026-04-20 16:38:59,R_1Lcm427baN4IwVx,,,,,,,anonymous,EN,Very interested,,,I've never heard of it,..another participant from Prolific,..affects earnining for both you and your match,$6,0,0,2.957,0,0,0,2.002,0,5.946,5.946,8.314,1,Because it is the fair amount since he sent the max he could,9.369,12.388,13.12,2,0,0,0.102,0,0,9,5c7cf8b58ca9000001b52f6e,69e65589635f1c818eeab7ab,69e638d4b2228b5d05917569,9,Because it is the fair amount since he sent the max he could,,6127c5e5db9bf1a49993c300,6,81c7877d-0f40-481b-985e-48a96e1c9452,18,3,3,1,
2026-04-20 16:33:58,2026-04-20 16:39:00,IP Address,,100,302,True,2026-04-20 16:39:00,R_7sER3kI4uPDoV3z,,,,,,,anonymous,EN,Very interested,,,I've never heard of it,..another participant from Prolific,..affects earnining for both you and your match,$6,0,0,3.501,0,0,0,2.105,0,12.363,19.404,20.782,2,The amount will be doubled.,7.1,8.507,17.925,2,0,0,0.202,0,0,0,69d86ed581febee443b91c94,69e65569c999a1aa7e2bd27e,69e638d4b2228b5d05917569,4.5,The amount will be doubled.,,60f6846c5e28b2071cb71f1a,1.5,0b602fc8-886e-41e7-acb9-32dca16ba64f,4.5,0,6,1,
2026-04-20 16:36:37,2026-04-20 16:39:04,IP Address,,100,147,True,2026-04-20 16:39:05,R_6eCwNSO1FkOTHe4,,,,,,,anonymous,EN,Very interested,,,I've never heard of it,..another participant from Prolific,..affects earnining for both you and your match,$6,0,0,2.94,0,0,0,2.003,0,5.205,11.378,13.885,4,"I chose to send this amount because we are both now at $4.5 total. If they had sent the full amount, I would have gladly sent half back so we both make the greatest amount of money. ",12.689,14.895,16.562,2,0,0,0.206,0,0,4.5,670e09973d94a59502e84783,69e6560c90428a4794e90d95,69e638d4b2228b5d05917569,0,"I chose to send this amount because we are both now at $4.5 total. If they had sent the full amount, I would have gladly sent half back so we both make the greatest amount of money. ",,667d72ff1347c9e485c71384,1.5,5a7bf1a1-ea75-4f07-a16d-a2a56a18925a,4.5,5,1,1,
2026-04-20 16:37:45,2026-04-20 16:39:06,IP Address,,100,81,True,2026-04-20 16:39:07,R_3HogIrxisZ3io9l,,,,,,,anonymous,EN,Very interested,,,I've never heard of it,..another participant from Prolific,..affects earnining for both you and your match,$6,0,0,2.719,0,0,0,2.106,0,3.334,5.419,8.493,2,"Honestly, just chose an arbitrary amount without a lot of thought.",2.469,2.469,5.074,1,0,0,0.201,0,0,12,580ff8b4b2432b00013e28b5,69e6565364962ce3ac269e3e,69e638d4b2228b5d05917569,3,"Honestly, just chose an arbitrary amount without a lot of thought.",,69e13d9814879d959fdda88e,5,82a26076-fae6-4d33-a7e5-e6f2be2bd1fd,15,4,2,1,
2026-04-20 16:30:57,2026-04-20 16:39:14,IP Address,,100,497,True,2026-04-20 16:39:14,R_1KxDb2mQPwrMFBp,,,,,,,anonymous,EN,Very interested,,,I've never heard of it,..another participant from Prolific,..affects earnining for both you and your match,$6,0,0,3.038,0,0,0,2.108,0,18.506,24.529,90.603,2,I returned back the player 1's investment in me which was $3. It also seemed fair and just.,24.489,24.489,31.954,1,0,0,0.104,0,0,6,699f281ba4b8ea102d46779e,69e654b606c62ee29f7ae294,69e638d4b2228b5d05917569,3,I returned back the player 1's investment in me which was $3. It also seemed fair and just.,,6671c66b6e4bc111961291ae,3,793ccc0c-c794-4b30-a66b-72c3939c58fb,9,3,3,1,
2026-04-20 16:34:39,2026-04-20 16:39:17,IP Address,,100,278,True,2026-04-20 16:39:18,R_3isdpe2kH4mMYgu,,,,,,,anonymous,EN,Very interested,,,I've never heard of it,..another participant from Prolific,..affects earnining for both you and your match,$6,0,0,2.598,0,0,0,2.108,0,42.183,42.183,47.021,1,It matched the ratio they chose. Signals an understanding.,36.151,96.298,97.197,3,0,0,0.207,0,0,4,69ab7b098f799178fb1d86e4,69e655966e0ed9eb3c8f1381,69e638d4b2228b5d05917569,3.5,It matched the ratio they chose. Signals an understanding.,,69a8547051870baf54ac44bf,2.5,03b5809b-9efa-4aca-a1b2-a4c4c08c6573,7.5,4,2,1,
2026-04-20 16:32:34,2026-04-20 16:39:25,IP Address,,100,410,True,2026-04-20 16:39:26,R_8qv5SgnNMgNe15T,,,,,,,anonymous,EN,Very interested,,,I've never heard of it,..another participant from Prolific,..affects earnining for both you and your match,$6,0,0,2.846,0,0,0,2.015,0,24.531,24.531,27.122,1,after player 1 sent 2 it is tripled so we both now have 6.  I will have 5 left and they will also have 5. We have the same which is fair.,,,,,0,0,0.208,0,0,5,63065abd3531d20d3257efdd,69e6551d252d14ab1ba733bb,69e638d4b2228b5d05917569,1,after player 1 sent 2 it is tripled so we both now have 6.  I will have 5 left and they will also have 5. We have the same which is fair.,,5ecbe5e254cc883c02f52be8,2,2a8c151e-016d-4b79-b6a9-a9887242abdb,6,,,1,
2026-04-20 16:34:49,2026-04-20 16:39:33,IP Address,,100,284,True,2026-04-20 16:39:33,R_2FFjzQ4qVIX5Dc0,,,,,,,anonymous,EN,Very interested,,,I've never heard of it,..another participant from Prolific,..affects earnining for both you and your match,$6,0,0,3.008,0,0,0,2.112,0,14.294,28.176,37.567,2,"I started with nothing, but the money sent to me was tripled, therefore it seems fair to restore Player 1's initial expense",17.604,39.757,47.162,2,0,0,0.214,0,0,2,674095c1cfc572c3eacda247,69e655a205856c8ee93d295e,69e638d4b2228b5d05917569,1,"I started with nothing, but the money sent to me was tripled, therefore it seems fair to restore Player 1's initial expense",,69d454217ba1e1dde3db1187,1,45454973-a228-4ce3-abb1-fe30be87a74e,3,4,2,1,
2026-04-20 16:35:47,2026-04-20 16:39:43,IP Address,,100,235,True,2026-04-20 16:39:43,R_2MF2RB6K0GQ7cpx,,,,,,,anonymous,EN,Very interested,,,I've never heard of it,..another participant from Prolific,..affects earnining for both you and your match,$6,0,0,5.594,0,0,0,2.02,0,16.492,18.04,19.194,2,so we both can benefit from the bonus,,,,,0,0,0.22,0,0,0,67d411652ada0a7584b2558e,69e655d8c6667f69af42eeef,69e638d4b2228b5d05917569,6,so we both can benefit from the bonus,,65b7d02c9a08f9578ac23ae1,2,69145656-4103-4024-b891-93ec4c7454aa,6,,,1,
2026-04-20 16:37:05,2026-04-20 16:39:43,IP Address,,100,158,True,2026-04-20 16:39:44,R_6CNSkRIpJhtmOaX,,,,,,,anonymous,EN,Very interested,,,I've never heard of it,..another participant from Prolific,..affects earnining for both you and your match,$6,0,0,4.363,0,0,0,2.108,0,14.892,14.892,16.594,1,I chose to send $2 so Player 1 would receive the full $6 they were entitled to at the beginning while I still was able to earn $10. Both of us would have earned money in the end.,8.906,8.906,10.768,1,0,0,0.205,0,0,10,69bdec51049c18cf2dd31349,69e65629b3234f4a8aa2af40,69e638d4b2228b5d05917569,2,I chose to send $2 so Player 1 would receive the full $6 they were entitled to at the beginning while I still was able to earn $10. Both of us would have earned money in the end.,,69dfe6b26b573565aea6dac6,4,3fafc94a-11ea-467b-890a-b574f0751024,12,5,1,1,
2026-04-20 16:39:39,2026-04-20 16:39:50,IP Address,,100,10,True,2026-04-20 16:39:51,R_127nx1vVpmYsgXD,,,,,,,anonymous,EN,Very interested,,,,,,,,,,,,,,,,,,,,,,,,,,,,0,,69c460a3f814bd63ddc5d23d,69e656c560ca567f4a16768a,69e638d4b2228b5d05917569,,,,,,,,,,0,
2026-04-20 16:37:26,2026-04-20 16:40:00,IP Address,,100,154,True,2026-04-20 16:40:01,R_2zjOm32FQtSTAPF,,,,,,,anonymous,EN,Very interested,,,I've never heard of it,..another participant from Prolific,..affects earnining for both you and your match,$6,0,0,3.411,0,0,0,2.187,0,5.777,5.777,8.426,1,"It seemed fair to split the money. Also Player 1 had given the maximum amount, meaning that they wanted to work cooperatively to get the best outcome for everyone. Because of this it felt right to do the same.",5.593,10.279,17.15,2,0,0,0.203,0,0,9,5a91cb166219a30001d2e6ef,69e656402c0a6bd37f02b9f5,69e638d4b2228b5d05917569,9,"It seemed fair to split the money. Also Player 1 had given the maximum amount, meaning that they wanted to work cooperatively to get the best outcome for everyone. Because of this it felt right to do the same.",,6554d04c73158a94d70192dd,6,c654c5b6-b680-41b2-b999-5fde1640651a,18,5,1,1,
2026-04-20 16:35:37,2026-04-20 16:40:03,IP Address,,100,266,True,2026-04-20 16:40:04,R_3CDfJE0yMkWBjRu,,,,,,,anonymous,EN,Very interested,,,I've never heard of it,..another participant from Prolific,..affects earnining for both you and your match,$6,0,0,3.178,0,0,0,2.016,0,10.643,15.347,37.736,2,"I  wanted to share evenly with participant 1 how much I received a total of 3 dollars, I wanted to share 1.5 to send back so that it was 50/50. ",4.876,5.924,18.02,2,0,0,0.213,0,0,1.5,677fb35eafd357a07e351a9f,69e65407ae8863eae95633cf,69e638d4b2228b5d05917569,1.5,"I  wanted to share evenly with participant 1 how much I received a total of 3 dollars, I wanted to share 1.5 to send back so that it was 50/50. ",,661fdc631fd25a7e7c073b65,1,0feef4d6-570e-497d-be32-09e5ae1f0035,3,3,3,1,
2026-04-20 16:36:27,2026-04-20 16:40:22,IP Address,,100,235,True,2026-04-20 16:40:22,R_1gGEu6jzukgQ2uA,,,,,,,anonymous,EN,Very interested,,,I've never heard of it,..another participant from Prolific,..affects earnining for both you and your match,$6,0,0,4.059,0,0,0,2.005,0,14.041,14.041,15.829,1,"Player 1 sent an amount I know I wouldn't send out of a total sum of $6. I would have sent them half of $6 if I were player 1. So , I chose to send them back the amount they sent initially. ",10.068,17.861,18.985,3,0,0,0.213,0,0,2,664003b962a847c71db3ebb0,69e655fcca030e78987cdb33,69e638d4b2228b5d05917569,1,"Player 1 sent an amount I know I wouldn't send out of a total sum of $6. I would have sent them half of $6 if I were player 1. So , I chose to send them back the amount they sent initially. ",,57439a4354636a000d78639a,1,7cddf365-b405-4553-871f-d2a057f108d3,3,5,1,1,
2026-04-20 16:32:22,2026-04-20 16:40:31,IP Address,,100,489,True,2026-04-20 16:40:32,R_13pYlTXEzWU8ijX,,,,,,,anonymous,EN,Very interested,,,I've never heard of it,..another participant from Prolific,..affects earnining for both you and your match,$6,0,0,4.107,0,0,0,2.11,0,15.692,25.328,26.947,3,I sent back less amount than what he sent ,8.972,14.972,17.725,2,0,0,0.214,0,0,8,69db8aa8245e97c745b4682a,69e65502095d18c59e5e7fb9,69e638d4b2228b5d05917569,1,I sent back less amount than what he sent ,,66da2a45ab47f23fe33e82db,3,e0eaaca9-fccc-4152-853c-c384ca7d9795,9,3,3,1,
2026-04-20 16:40:36,2026-04-20 16:40:41,IP Address,,100,5,True,2026-04-20 16:40:41,R_1qR2pJelPxgOmhx,,,,,,,anonymous,EN,Very interested,,,,,,,,,,,,,,,,,,,,,,,,,,,,0,,69b71817275c04435bf6fde0,69e656f9c4e74a4aa143afbb,69e638d4b2228b5d05917569,,,,,,,,,,0,
2026-04-20 16:37:14,2026-04-20 16:40:42,IP Address,,100,207,True,2026-04-20 16:40:43,R_1OJANCuFq9gcTqb,,,,,,,anonymous,EN,Very interested,,,I've never heard of it,..another participant from Prolific,..affects earnining for both you and your match,$6,0,0,5.426,0,0,0,2.119,0,22.766,37.251,38.201,2,I thought it was a fair split,7.56,16.21,17.606,5,0,0,0.212,0,0,9,6630f55b219e397c5c3bab70,69e65616797f0e88fab1e937,69e638d4b2228b5d05917569,6,I thought it was a fair split,,63fb616a798d079c9ee0a7ff,5,fe13a33c-2f82-4573-ad91-3cd401b6ea36,15,3.5,2.5,1,
2026-04-20 16:37:26,2026-04-20 16:40:51,IP Address,,100,205,True,2026-04-20 16:40:52,R_7S5hlA9aRb13ar7,,,,,,,anonymous,EN,Very interested,,,I've never heard of it,..another participant from Prolific,..affects earnining for both you and your match,$6,0,0,4.996,0,0,0,2.008,0,11.382,19.54,21.945,4,Because sending 0.5 would mean they sent me an even 2,6.519,7.904,13.145,2,0,0,0.207,0,0,7,6733ea502e342b09d17e844e,69e6553b288b3b4d41736272,69e638d4b2228b5d05917569,0.5,Because sending 0.5 would mean they sent me an even 2,,67892eff7160598a4589ea57,2.5,ccc9abd3-18e0-4e9b-b312-4561036081d7,7.5,5,1,1,
2026-04-20 16:36:14,2026-04-20 16:41:06,IP Address,,100,291,True,2026-04-20 16:41:06,R_6ltPPhl7FylDODr,,,,,,,anonymous,EN,Very interested,,,I've never heard of it,..another participant from Prolific,..affects earnining for both you and your match,$6,0,0,6.299,0,0,0,2.007,0,20.316,20.316,28.301,1,"Player 1 sent half of their total to me. Leaving them with $3 and me with $9. They risked half their total, but didn't maximize potential earnings; a balanced approach. I sent $3 back so we both end up with $6; a balanced total.",23.417,23.417,26.5,1,0,0,0.208,0,0,6,6706e4356c23b23ac23420d7,69e655edcf88effbd2bd6caf,69e638d4b2228b5d05917569,3,"Player 1 sent half of their total to me. Leaving them with $3 and me with $9. They risked half their total, but didn't maximize potential earnings; a balanced approach. I sent $3 back so we both end up with $6; a balanced total.",,60f2a2b4932fed5326988e0f,3,0a2b909a-cc85-43ca-9dcb-c75cd90edab3,9,5,1,1,
2026-04-20 16:39:14,2026-04-20 16:41:19,IP Address,,100,124,True,2026-04-20 16:41:19,R_2U4wAvHRaP3cg5f,,,,,,,anonymous,EN,Very interested,,,I've never heard of it,..another participant from Prolific,..affects earnining for both you and your match,$6,0,0,2.997,0,0,0,2.019,0,9.553,9.553,10.48,1,Seemed fair to me to send back what I received,,,,,0,0,0.223,0,1,4,593334e3568c0a00010fb4c5,69e656a7d7bc3811227e814b,69e638d4b2228b5d05917569,2,Seemed fair to me to send back what I received,,69d76a88ac5a084df8c1f932,2,fe57a407-657e-4883-bbdf-cad574c1f652,6,,,1,
2026-04-20 16:38:21,2026-04-20 16:41:53,IP Address,,100,212,True,2026-04-20 16:41:54,R_586cvvzgsLzAQmZ,,,,,,,anonymous,EN,Very interested,,,I've never heard of it,..another participant from Prolific,..affects earnining for both you and your match,$6,0,0,3,0,0,0,2.009,0,14.53,14.53,15.679,1,"Yes, I feel that the amount was fair compared to what player one sent me",8.838,8.838,10.153,1,0,0,0.21,0,0,5.5,6999ea45d2f1ab3bef416e36,69e6567561986e6539eaf163,69e638d4b2228b5d05917569,5,"Yes, I feel that the amount was fair compared to what player one sent me",,69733b5022f8688ae7e7c022,3.5,74f11a5f-9212-4af8-b0cf-604df44b2a50,10.5,3,3,1,
2026-04-20 16:39:38,2026-04-20 16:42:00,IP Address,,100,142,True,2026-04-20 16:42:01,R_2k70GdrrYNRc7mB,,,,,,,anonymous,EN,Very interested,,,I've never heard of it,..another participant from Prolific,..affects earnining for both you and your match,$6,0,0,2.807,0,0,0,2.015,0,7.451,7.451,9.14,1,"I believe this gives us both a fair split, by returning $3 and adding that to the $3 player 1 kept, we both end up with $6",12.378,22.828,26.49,3,0,0,0.222,0,0,6,6776570de21c5a234c9cd29a,69e656c16d74e64f6bfddb43,69e638d4b2228b5d05917569,3,"I believe this gives us both a fair split, by returning $3 and adding that to the $3 player 1 kept, we both end up with $6",,69c70618a8fd7242d63335fd,3,40aced07-515d-4c82-a9c8-7881895c42a3,9,5,1,1,
2026-04-20 16:40:22,2026-04-20 16:42:26,IP Address,,100,124,True,2026-04-20 16:42:26,R_6jKeYuF2JCpv6gn,,,,,,,anonymous,EN,Very interested,,,I've never heard of it,..another participant from Prolific,..affects earnining for both you and your match,$6,0,0,3.604,0,0,0,2.013,0,4.633,12.333,15.512,2,"I chose $6 because since they gave me the entire balance and I received even more, they can still get their money back with me being able to keep $12",8.376,8.376,13.018,1,0,0,0.207,0,0,12,6676ddf4aeae188a30f824f5,69e656f07888199f9499839d,69e638d4b2228b5d05917569,6,"I chose $6 because since they gave me the entire balance and I received even more, they can still get their money back with me being able to keep $12",,5dcf1031b039ab061db5243e,6,bdafe11f-0ad5-4d1d-b76a-bb727c5c7b11,18,5,1,1,
2026-04-20 16:39:22,2026-04-20 16:42:29,IP Address,,100,186,True,2026-04-20 16:42:29,R_5OGFqt9PIsSlrS8,,,,,,,anonymous,EN,Very interested,,,I've never heard of it,..another participant from Prolific,..affects earnining for both you and your match,$6,0,0,3.743,0,0,0,2.113,0,27.402,27.402,31.813,1,"Player 1 chose to trust me by sending $2, which became $6 for me, so I felt it fair to send half of it $3 back. ",,,,,0,0,0.21,0,0,3,66d77ebd93a13a53f4d6577b,69e656b45f1b084d150f0516,69e638d4b2228b5d05917569,3,"Player 1 chose to trust me by sending $2, which became $6 for me, so I felt it fair to send half of it $3 back. ",,67acc223f62c3494dd3bad55,2,2bcc5c7f-525d-43e2-8ce5-63fadcd98643,6,,,1,
2026-04-20 16:34:25,2026-04-20 16:42:30,IP Address,,100,485,True,2026-04-20 16:42:31,R_32KYlB3Tcbnu3vX,,,,,,,anonymous,EN,Very interested,,,I've never heard of it,..another participant from Prolific,..affects earnining for both you and your match,$6,0,0,3.061,0,0,0,2.011,0,29.493,29.493,38.128,1,"I chose to send $3 so we both receive $6 and it makes it equal. Ideally, if I were player 1, I would've sent $6 which would give player 2 $18 and could send $9 back so we still both get the same amount, but we would each get $9 instead of $6.",121.244,122.948,134.807,2,0,0,0.207,0,0,6,69b1457667a5b09fbe0cb138,69e6558903808a33afd17a44,69e638d4b2228b5d05917569,3,"I chose to send $3 so we both receive $6 and it makes it equal. Ideally, if I were player 1, I would've sent $6 which would give player 2 $18 and could send $9 back so we still both get the same amount, but we would each get $9 instead of $6.",,5592b772fdf99b3a9e652045,3,38664b8c-35e9-4fbc-845d-d0ba53c6586f,9,5,1,1,
2026-04-20 16:40:23,2026-04-20 16:42:36,IP Address,,100,132,True,2026-04-20 16:42:37,R_1aVfL6HkhvACkAp,,,,,,,anonymous,EN,Very interested,,,I've never heard of it,..another participant from Prolific,..affects earnining for both you and your match,$6,0,0,2.887,0,0,0,2.01,0,12.569,13.502,16.298,2,I wanted to even it out so both players receive $6; the other player was generous enough to trust me and I want to reward them,27.888,28.963,29.413,2,0,0,0.208,0,0,6,6980ff10f40903e69dd2e00a,69e656f109798681c7110ec8,69e638d4b2228b5d05917569,3,I wanted to even it out so both players receive $6; the other player was generous enough to trust me and I want to reward them,,5b1d867ac9d3cb000110529a,3,e2544695-79fd-4430-83f7-0a2a6ccc5454,9,5,1,1,
2026-04-20 16:40:57,2026-04-20 16:44:08,IP Address,,100,191,True,2026-04-20 16:44:09,R_67t0KakH0Kk5beF,,,,,,,anonymous,EN,Very interested,,,I've never heard of it,..another participant from Prolific,..affects earnining for both you and your match,$6,0,0,2.379,0,0,0,2.009,0,4.91,4.91,5.732,1,I'm greedy I'm like WARIO and this is super unlikely to actually end up affecting anything so I went off my gut and became the people from Beast Games that I hate. Kinda regret it putting it in that light,1.375,5.62,7.756,2,0,0,0.209,0,0,18,69a6a150ee5ce22c4543b581,69e656bfd2329812663aa2c9,69e638d4b2228b5d05917569,0,I'm greedy I'm like WARIO and this is super unlikely to actually end up affecting anything so I went off my gut and became the people from Beast Games that I hate. Kinda regret it putting it in that light,,69e210c4988488259aee483e,6,1d09da20-d091-4496-8800-c808068f884d,18,6,0,1,
2026-04-20 16:39:59,2026-04-20 16:44:14,IP Address,,100,254,True,2026-04-20 16:44:15,R_6QtrCBpbwmiLWdr,,,,,,,anonymous,EN,Very interested,,,I've never heard of it,..another participant from Prolific,..affects earnining for both you and your match,$6,0,0,2.87,0,0,0,2.12,0,15.603,20.771,22.495,2,we both will have equal amounts,17.555,29.47,32.009,3,0,0,0.226,0,0,9,66356ffe9661f0497f3860c8,69e656cfba0ba21176072fbc,69e638d4b2228b5d05917569,9,we both will have equal amounts,,611adf7c7e7be43825a0676a,6,ed04e80d-3d48-4ff6-bfe5-1330774f565c,18,4.5,1.5,1,
2026-04-20 16:42:48,2026-04-20 16:45:12,IP Address,,100,143,True,2026-04-20 16:45:12,R_8dZ5cvgKJAccb2c,,,,,,,anonymous,EN,Very interested,,,I've never heard of it,..another participant from Prolific,..affects earnining for both you and your match,$6,0,0,4.623,0,0,0,2.008,0,11.829,22.093,27.873,2,So we both get equal amounts,20.973,20.973,22.473,1,0,0,0.203,0,0,6,6655e364ffff4d877ac0d432,69e657814bd3f3d28f7bc0a7,69e638d4b2228b5d05917569,3,So we both get equal amounts,,66b60dafb85ab92bec7dbbc1,3,28d45195-b530-47d3-8fce-befc55da456e,9,5,1,1,
2026-04-20 16:41:22,2026-04-20 16:45:14,IP Address,,100,232,True,2026-04-20 16:45:15,R_3QcRMftbPkuluLQ,,,,,,,anonymous,EN,Very interested,,,I've never heard of it,..another participant from Prolific,..affects earnining for both you and your match,$6,0,0,2.708,0,0,0,2.026,0,1.698,19.575,22.909,2,Felt fair to send some back but still keep a bit since I did not choose the amount in the first place,,,,,0,0,0.219,0,0,3,5753046ba6deb50006d64b0f,69e65708e40027f543cd6129,69e638d4b2228b5d05917569,3,Felt fair to send some back but still keep a bit since I did not choose the amount in the first place,,69ad70ad170abae499d1e32f,2,37cf9879-6e15-4a19-979d-35064c7d1f99,6,,,1,
2026-04-20 16:42:07,2026-04-20 16:45:17,IP Address,,100,189,True,2026-04-20 16:45:17,R_3wNacdVvTMxLjtm,,,,,,,anonymous,EN,Very interested,,,I've never heard of it,..another participant from Prolific,..affects earnining for both you and your match,$6,0,0,2.5,0,0,0,2.112,0,28.399,28.399,40.822,1,Sending back $1 gives us both an even bonus of $5 which is a fair split.,,,,,0,0,0.209,0,0,5,5dd2f0818950ba2f90b01bc1,69e657233b39cdc9c39d3e8e,69e638d4b2228b5d05917569,1,Sending back $1 gives us both an even bonus of $5 which is a fair split.,,6672394774f0704913ff5539,2,40cf7879-4bd1-4187-9a76-569eb6df8b29,6,,,1,
2026-04-20 16:42:58,2026-04-20 16:45:24,IP Address,,100,146,True,2026-04-20 16:45:25,R_7YyUtupQDv3vWt8,,,,,,,anonymous,EN,Very interested,,,I've never heard of it,..another participant from Prolific,..affects earnining for both you and your match,$6,0,0,3.803,0,0,0,2.025,0,11.851,11.851,12.833,1,"honestly, i just chose a low reasonable amount.",3.883,6.352,7.218,2,0,0,0.213,0,0,7.5,62b341383dad27265a7a75cb,69e6578bfb53c5b5a91b933a,69e638d4b2228b5d05917569,1.5,"honestly, i just chose a low reasonable amount.",,698ce4ba931f89581ecc6d7d,3,de2aa864-aced-4348-a926-e65ed6778220,9,4.5,1.5,1,
2026-04-20 16:41:45,2026-04-20 16:45:50,IP Address,,100,244,True,2026-04-20 16:45:50,R_2JxvPKarysQXMZA,,,,,,,anonymous,EN,Very interested,,,I've never heard of it,..another participant from Prolific,..affects earnining for both you and your match,$6,0,0,2.667,0,0,0,2.109,0,30.636,30.636,32.158,1,That way we both earn $5,,,,,0,0,0.108,0,0,5,69e648b4545872451cc63d6b,69e6573670fa539ee082cfd0,69e638d4b2228b5d05917569,1,That way we both earn $5,,6175622f78f8039a4c62bb83,2,c2b63dc4-e9fa-44f1-b488-d658e75fb4c8,6,,,1,
2026-04-20 16:41:59,2026-04-20 16:46:00,IP Address,,100,240,True,2026-04-20 16:46:00,R_8kADiGCKIe19AgX,,,,,,,anonymous,EN,Very interested,,,I've never heard of it,..another participant from Prolific,..affects earnining for both you and your match,$6,0,0,2.939,0,0,0,2.018,0,24.577,24.577,28.848,1,"I have earned $9 without doing anything, so, unless I send the whole lot back, I will have made a profit.
So it seemed fair to give them their $3 back plus $1 for their generosity.",18.048,18.048,19.254,1,0,0,0.207,0,0,5,5aab16eb75d3c500012602fb,69e6573fa90b45f08d3f13fb,69e638d4b2228b5d05917569,4,,,673e5fc42cbf961c153d09d3,3,361eee7b-c05b-4881-a329-499785e8df3b,9,3,3,1,
2026-04-20 16:31:17,2026-04-20 16:46:08,IP Address,,100,890,True,2026-04-20 16:46:08,R_3sRwRQvwPi4d1G9,,,,,,,anonymous,EN,Very interested,,,I've never heard of it,..another participant from Prolific,..affects earnining for both you and your match,$6,0,0,5.374,0,0,0,2.033,0,73.757,73.757,76.931,1,I want to send a fair amount to my partner ,14.484,22.823,24.424,3,0,0,0.22,0,0,3.5,67e711daa771e0a8ad8c36f6,69e6549252018d041b65db40,69e638d4b2228b5d05917569,5.5,I want to send a fair amount to my partner ,,6650a89b19577db1881533de,3,c6fe61f2-b140-44d2-bb6a-601222f24646,9,3,3,1,
2026-04-20 16:44:57,2026-04-20 16:46:48,IP Address,,100,111,True,2026-04-20 16:46:49,R_6HS6YceJ79gHeC4,,,,,,,anonymous,EN,Very interested,,,,,,,,,,,,,,,,,,,,,,,,,,,,0,,69bbfb295ada087fa71ee1b3,69e657fdeaf00174630864c5,69e638d4b2228b5d05917569,,,,,,,,,,0,
2026-04-20 16:44:13,2026-04-20 16:47:28,IP Address,,100,194,True,2026-04-20 16:47:28,R_23DrKzIQjtuQdLw,,,,,,,anonymous,EN,Very interested,,,I've never heard of it,..another participant from Prolific,..affects earnining for both you and your match,$6,0,0,4.195,0,0,0,2.026,0,10.658,21.401,25.093,3,Just being fair that's why i picked that amount,6.254,11.18,12.787,4,0,0,0.216,0,0,3,6760799c5c7e5d977eb5a274,69e657cdcc7fce357cba969e,69e638d4b2228b5d05917569,1.5,Just being fair that's why i picked that amount,,60183476ad6cff03e6cfe62a,1.5,fd367c9c-7d60-4bc1-90d7-541ad63dc3af,4.5,4,2,1,
2026-04-20 16:44:29,2026-04-20 16:47:34,IP Address,,100,184,True,2026-04-20 16:47:34,R_8u5l063VE5z96YF,,,,,,,anonymous,EN,Very interested,,,I've never heard of it,..another participant from Prolific,..affects earnining for both you and your match,$6,0,0,2.789,0,0,0,2.018,0,7.079,7.079,10.701,1,"they only provided $1 so they got $5 and i only got $3, i wasn't prepared to send anything back",9.204,9.204,13.627,1,0,0,0.213,0,1,3,63471777bffcfcce663bd228,69e657e4a6bfb97fd7fd4ff2,69e638d4b2228b5d05917569,0,"they only provided $1 so they got $5 and i only got $3, i wasn't prepared to send anything back",,5c9749b849784d001b486f6a,1,0adda719-f128-4e7a-9b5e-5d96d3867c83,3,5,1,1,
2026-04-20 16:46:02,2026-04-20 16:47:44,IP Address,,100,102,True,2026-04-20 16:47:45,R_7CBfrO7uswFZPRn,,,,,,,anonymous,EN,Very interested,,,I've never heard of it,..another participant from Prolific,..affects earnining for both you and your match,$6,0,0,3.602,0,0,0,2.004,0,3.944,12.823,13.645,2,"Player One gave the maximum amount, so it's fair to reward them with half the total.",9.627,9.627,11.956,1,0,0,0.205,0,1,9,69cecbf384f6382e38938fd3,69e65844ebdbeac555c6bfa3,69e638d4b2228b5d05917569,9,"Player One gave the maximum amount, so it's fair to reward them with half the total.",,69baa27614b2c61d994a5fcc,6,c7821091-8ac8-4f05-ab9b-837eae0b732e,18,5,1,1,
2026-04-20 16:46:15,2026-04-20 16:47:45,IP Address,,100,90,True,2026-04-20 16:47:45,R_2Sk3tEzm6BQIQtl,,,,,,,anonymous,EN,Very interested,,,I've never heard of it,..another participant from Prolific,..affects earnining for both you and your match,$6,0,0,3.102,0,0,0,2.063,0,6.101,9.215,10.001,3,I am happy to keep all the money with no guilt,3.301,4.507,5.1,2,0,0,0.224,0,1,4.5,5f00b44e836b900755d6da5c,69e6584fafe932a8b7cafa3d,69e638d4b2228b5d05917569,0,I am happy to keep all the money with no guilt,,62d6d791bb6448ae52929ebd,1.5,68642cff-2e3a-489a-9719-854c29903147,4.5,6,0,1,
2026-04-20 16:45:29,2026-04-20 16:47:46,IP Address,,100,137,True,2026-04-20 16:47:46,R_19tgDlHz9EJC70l,,,,,,,anonymous,EN,Very interested,,,I've never heard of it,..another participant from Prolific,..affects earnining for both you and your match,$6,0,0,3.586,0,0,0,2.009,0,12.465,12.465,14.288,1,I just sent them back what the same amount they chose to send me because it was easiest choice and fairest.,6.514,7.345,7.735,2,0,0,0.208,0,1,8,66541402baeab50a7ef62b24,69e6567aaf54b95f76f5b981,69e638d4b2228b5d05917569,4,I just sent them back what the same amount they chose to send me because it was easiest choice and fairest.,,69a5173e79a786eadc643c31,4,dddeabdf-b8fe-4abb-bfd5-0be43451e216,12,4,2,1,
2026-04-20 16:44:40,2026-04-20 16:48:21,IP Address,,100,221,True,2026-04-20 16:48:21,R_8mmlbNn3Th75VAH,,,,,,,anonymous,EN,Very interested,,,I've never heard of it,..another participant from Prolific,..affects earnining for both you and your match,$6,0,0,2.586,0,0,0,2.119,0,19.862,55.992,60.983,5,"So that we both end up with the same amount at the end, as player 1 sent half of what they had we both get an even split. ",5.995,10.406,15.278,4,0,0,0.213,0,0,6,5fc417b27157a2000bd03511,69e657ee6789b21e5f8b0269,69e638d4b2228b5d05917569,3,"So that we both end up with the same amount at the end, as player 1 sent half of what they had we both get an even split. ",,69e2bfd969148654a695c170,3,421a67b5-0108-48e4-81a9-c95c74b94aad,9,5,1,1,
2026-04-20 16:46:22,2026-04-20 16:49:23,IP Address,,100,180,True,2026-04-20 16:49:23,R_8Dy1hl2eRJIIKR3,,,,,,,anonymous,EN,Very interested,,,I've never heard of it,..another participant from Prolific,..affects earnining for both you and your match,$6,0,0,3.5,0,0,0,2.01,0,32.652,32.652,34.731,1,It is fair to us both to receive the same total,18.123,18.123,19.759,1,0,0,0.217,0,0,6,5bb0e35556161d0001feccdc,69e65859e3015b013920724f,69e638d4b2228b5d05917569,3,It is fair to us both to receive the same total,,6736112af674ebe6a3298994,3,6b0daa3b-9b53-4c69-8fc4-099fc39f4178,9,4,2,1,
2026-04-20 16:21:25,2026-04-20 16:49:53,IP Address,,100,1707,True,2026-04-20 16:49:53,R_70fmEjNFYfGn1x7,,,,,,,anonymous,EN,Very interested,,,I've never heard of it,..another participant from Prolific,..affects your match earnings,$6,,,,,,,,,,,,,,,,,,,,,,1,,55bc1119fdf99b5693f3ec47,69e652382443e6049fa88078,69e638d4b2228b5d05917569,,,,,,,,,,1,
2026-04-20 16:47:38,2026-04-20 16:49:56,IP Address,,100,138,True,2026-04-20 16:49:57,R_6FlFSVgrkdB0llO,,,,,,,anonymous,EN,Very interested,,,I've never heard of it,..another participant from Prolific,..affects earnining for both you and your match,$6,0,0,2.665,0,0,0,2.007,0,7.673,14.922,17.933,6,I think it's most fair for us to both walk away with $6,,,,,0,0,0.207,0,1,6,5e79340b6d9a624e3f39586d,69e658a3dedf5e798168079c,69e638d4b2228b5d05917569,0,I think it's most fair for us to both walk away with $6,,60f0bf1d841f2a23a6bf11a1,2,707b16ad-fde4-4f02-aa12-31f7c63b4548,6,,,1,
2026-04-20 16:48:13,2026-04-20 16:50:08,IP Address,,100,114,True,2026-04-20 16:50:08,R_7DJRx81YBIrN7r3,,,,,,,anonymous,EN,Very interested,,,I've never heard of it,..another participant from Prolific,..affects earnining for both you and your match,$6,2.997,2.997,3.182,1,0,0,2.007,0,6.277,9.284,9.973,4,I wanted the most money back,5.205,9.455,10.06,8,0,0,0.202,0,0,10.5,699a44983280eb15dfa56e8e,69e658bc4d5f4c092319eadc,69e638d4b2228b5d05917569,0,I wanted the most money back,,6995e57755d328bb5252bda8,3.5,c357079f-dc0e-4f0d-8232-dc4b5bbc68b9,10.5,6,0,1,
2026-04-20 16:47:36,2026-04-20 16:50:20,IP Address,,100,164,True,2026-04-20 16:50:21,R_95a8QKcJmdfFutb,,,,,,,anonymous,EN,Very interested,,,I've never heard of it,..another participant from Prolific,..affects earnining for both you and your match,$6,0,0,5.384,0,0,0,2.01,0,12.125,12.125,20.604,1,I chose to send some back because they were kind and sent me money. the amount I found to be most fair would be $1 back so I would be at $5 and they would be at $5 too.,,,,,0,0,0.205,0,0,5,5ec738ce3c7fd317a72dcfe6,69e6589e6ee595dc9fe9fc30,69e638d4b2228b5d05917569,1,I chose to send some back because they were kind and sent me money. the amount I found to be most fair would be $1 back so I would be at $5 and they would be at $5 too.,,668d5a81233f64468401e235,2,ef198d91-0fd6-4f83-ad40-1ff3ec664280,6,,,1,
2026-04-20 16:47:52,2026-04-20 16:51:04,IP Address,,100,191,True,2026-04-20 16:51:04,R_1Mxl0f20gm19XHs,,,,,,,anonymous,EN,Very interested,,,I've never heard of it,..another participant from Prolific,..affects earnining for both you and your match,$6,0,0,2.813,0,0,0,2.009,0,2.061,56.382,61.354,5,"if they would have sent it all, i would have split it, but they had no trust. so i kept it",,,,,0,0,0.209,0,0,6,5b0739faa84dcf0001bef230,69e658b1b5f7cafd6b8376e6,69e638d4b2228b5d05917569,0,"if they would have sent it all, i would have split it, but they had no trust. so i kept it",,6630dc7be78c35741b2ef9c8,2,ce0a3486-dc62-4b19-8659-dc7cd732450b,6,,,1,
2026-04-20 16:48:32,2026-04-20 16:51:05,IP Address,,100,153,True,2026-04-20 16:51:05,R_8fCO3T5JLNUM6KR,,,,,,,anonymous,EN,Very interested,,,I've never heard of it,..another participant from Prolific,..affects earnining for both you and your match,$6,0,0,3.177,0,0,0,2.06,0,20.074,20.074,21.326,1,I would choose the amount that makes it equal between player 1 and 2. ,,,,,0,0,0.204,0,0,4,677891f035561f24d38aaf5e,69e658dc342bdac2102c3b39,69e638d4b2228b5d05917569,2,I would choose the amount that makes it equal between player 1 and 2. ,,611bcfb66766d27a2ae33300,2,72cc70ea-b45f-4765-aa2f-1bf85cc2a9c2,6,,,1,
2026-04-20 16:49:30,2026-04-20 16:51:32,IP Address,,100,121,True,2026-04-20 16:51:33,R_7ohAmPunQWrxldV,,,,,,,anonymous,EN,Very interested,,,I've never heard of it,..another participant from Prolific,..affects earnining for both you and your match,$6,0,0,2.68,0,0,0,2.008,0,14.933,17.816,18.962,2,I chose to send the same amount because I thought it would be fair.,9.349,9.349,11.935,1,0,0,0.209,0,0,6,5e26762aa8c1118a9d578c4d,69e659140dc5bc2cc96c5785,69e638d4b2228b5d05917569,3,I chose to send the same amount because I thought it would be fair.,,5ef352ac6182fb0853b532c7,3,d4b687cd-0a55-4919-b4f3-a2817cae2449,9,4,2,1,
2026-04-20 16:50:01,2026-04-20 16:51:36,IP Address,,100,95,True,2026-04-20 16:51:37,R_3UyJpPQ8GTSpMDD,,,,,,,anonymous,EN,Very interested,,,I've never heard of it,..another participant from Prolific,..affects earnining for both you and your match,$6,0,0,4.381,0,0,0,2.113,0,7.404,7.404,8.561,1,It seemed like a fair amount to send back considering what the other player had sent to me.,,,,,0,0,0.216,0,0,5,66f47ca9e419e24e1aac1c89,69e659347a61a66ad4845163,69e638d4b2228b5d05917569,1,It seemed like a fair amount to send back considering what the other player had sent to me.,,6716f188b131fa30ab5365c2,2,a4eeaa06-1a4a-447a-a4b5-8995457c4a54,6,,,1,
2026-04-20 16:49:36,2026-04-20 16:51:59,IP Address,,100,143,True,2026-04-20 16:52:00,R_6zFn2Ylf5kJiac1,,,,,,,anonymous,EN,Very interested,,,I've never heard of it,..another participant from Prolific,..affects earnining for both you and your match,$6,0,0,2.453,0,0,0,2.007,0,5.23,12.547,15.31,2,"I made my decision by keeping it fair and equal. I received $6, which meant the other player was left with $4. To make it fair, I decided to sent back $1, so we both end up with $5.",,,,,0,0,0.206,0,0,5,672da8c47dddf2de17d21700,69e6591b23d54a247b3c4791,69e638d4b2228b5d05917569,1,"I made my decision by keeping it fair and equal. I received $6, which meant the other player was left with $4. To make it fair, I decided to sent back $1, so we both end up with $5.",,69b1a68de09fc5c647183e94,2,4f7bb1d7-cb91-4a8d-93c6-9dfaaf236710,6,,,1,
2026-04-20 16:48:37,2026-04-20 16:52:09,IP Address,,100,212,True,2026-04-20 16:52:10,R_1sj2uGJVoo8ALBh,,,,,,,anonymous,EN,Very interested,,,I've never heard of it,..another participant from Prolific,..affects earnining for both you and your match,$6,0,0,2.391,0,0,0,2.121,0,17.822,66.855,75.464,3,I just split it down the middle so we can get an equal amount ,,,,,0,0,0.209,0,0,3,65c120df98be0f4091886a41,69e658ddc752f95b81643216,69e638d4b2228b5d05917569,3,I just split it down the middle so we can get an equal amount ,,66d753769fda18f114e0e534,2,79268a1b-6e0a-49fa-a874-f6ce3f3546c3,6,,,1,
2026-04-20 16:49:35,2026-04-20 16:52:10,IP Address,,100,154,True,2026-04-20 16:52:10,R_60HrkzIDJNdPMBl,,,,,,,anonymous,EN,Very interested,,,I've never heard of it,..another participant from Prolific,..affects earnining for both you and your match,$6,0,0,2.852,0,0,0,2.015,0,11.989,17.371,18.8,2,"They trusted me with more than half, therefore I felt it fair to return something of similar value, not all, but not nothing. ",27.237,28.704,29.551,2,0,0,0.112,0,0,5.5,696953dc5d470ed55548b48a,69e65918e4745d0d6d73d4b6,69e638d4b2228b5d05917569,5,"They trusted me with more than half, therefore I felt it fair to return something of similar value, not all, but not nothing. ",,600309c2282af236dc94ee2c,3.5,10fd4633-11a3-482d-8ebe-c380c0751cda,10.5,3,3,1,
2026-04-20 16:49:54,2026-04-20 16:52:12,IP Address,,100,137,True,2026-04-20 16:52:13,R_33Ds6xnxpgVfXrj,,,,,,,anonymous,EN,Very interested,,,I've never heard of it,..another participant from Prolific,..affects earnining for both you and your match,$6,0,0,4.049,0,0,0,2.016,0,8.617,9.689,18.771,2,To insure that both of us have $6.,7.816,22.943,27.657,3,0,0,0.221,0,0,6,69af6f8a6293c62b1032fa29,69e6592b26a54a5643bc49b4,69e638d4b2228b5d05917569,3,To insure that both of us have $6.,,69828f388ba8bd40129d3436,3,e6c8284c-4784-43a7-a980-f485beb9774a,9,5,1,1,
2026-04-20 16:48:31,2026-04-20 16:52:16,IP Address,,100,225,True,2026-04-20 16:52:17,R_8a9QQfFBcml8nBT,,,,,,,anonymous,EN,Very interested,,,I've never heard of it,..another participant from Prolific,..affects earnining for both you and your match,$6,0,0,3.124,0,0,0,2.006,0,7.75,22.508,25.15,3,"Giving back $1 means that both of us come away with the same amount in total. I thought about giving player 1 the whole $2 back, which probably would have been fairer, but then I got greedy and decided I would rather keep more of the money given to me. I didn't seem fair to give nothing back so I went for the amount that would leave us equal. ",,,,,0,0,0.207,0,0,5,6771200ca65f16b85f7ee166,69e658d98be53f13018fe816,69e638d4b2228b5d05917569,1,"Giving back $1 means that both of us come away with the same amount in total. I thought about giving player 1 the whole $2 back, which probably would have been fairer, but then I got greedy and decided I would rather keep more of the money given to me. I didn't seem fair to give nothing back so I went for the amount that would leave us equal. ",,67e90eccc1592e147e1e88b0,2,1d305585-c121-4048-88b4-a7edecdd0f51,6,,,1,
2026-04-20 16:50:24,2026-04-20 16:52:30,IP Address,,100,125,True,2026-04-20 16:52:30,R_2O1Uaq51MlqSwU5,,,,,,,anonymous,EN,Very interested,,,I've never heard of it,..another participant from Prolific,..affects earnining for both you and your match,$6,0,0,2.363,0,0,0,2.011,0,11.576,13.632,22.198,2,"If I give Player 1 $1 back, it means we get $5 each,",,,,,0,0,0.214,0,0,5,565e944394730100114a9119,69e659454d0b0e2dc9377627,69e638d4b2228b5d05917569,1,"If I give Player 1 $1 back, it means we get $5 each,",,69e0c491dd0afe2c4bbcb123,2,c6c4da19-ddb1-4b77-a8ac-fd496969ba1b,6,,,1,
2026-04-20 16:51:16,2026-04-20 16:52:45,IP Address,,100,89,True,2026-04-20 16:52:46,R_3SIapIIqojwzoUi,,,,,,,anonymous,EN,Very interested,,,I've never heard of it,..another participant from Prolific,..affects earnining for both you and your match,$6,0,0,3.094,0,0,0,2.012,0,7.415,7.415,11.878,1,Sending back $1 means we both get $5 - that is the most equitable distribution. ,,,,,0,0,0.214,0,0,5,67a6b3afa7ded99142842424,69e6597a9185ad6e513cb2ee,69e638d4b2228b5d05917569,1,Sending back $1 means we both get $5 - that is the most equitable distribution. ,,5d239693eb011e00193072d6,2,e00ebf3b-462f-453f-8238-51301d9da8f5,6,,,1,
2026-04-20 16:48:47,2026-04-20 16:53:06,IP Address,,100,258,True,2026-04-20 16:53:06,R_5oTucKHrIPYN7YP,,,,,,,anonymous,EN,Very interested,,,I've never heard of it,..another participant from Prolific,..affects earnining for both you and your match,$6,0,0,3.086,0,0,0,2.116,0,14.93,17.011,20.649,2,He only sent $1 so he kept $5. I only got $3 so I need to make something and he already has more than me.,10.904,13.14,14.055,3,0,0,0.205,0,0,3,699ccc000fd3903ad3da0f99,69e658e909638cf8ec7ccafd,69e638d4b2228b5d05917569,0,He only sent $1 so he kept $5. I only got $3 so I need to make something and he already has more than me.,,669ed03f13f57e07092e1877,1,a82509f7-d20e-4532-abb0-9d0c86710f04,3,5,1,1,
2026-04-20 16:51:25,2026-04-20 16:53:38,IP Address,,100,133,True,2026-04-20 16:53:39,R_32YzCmAan9cvn28,,,,,,,anonymous,EN,Very interested,,,I've never heard of it,..another participant from Prolific,..affects earnining for both you and your match,$6,0,0,4.474,0,0,0,2.008,0,5.416,5.416,14.002,1,"I chose the amount because I returned what they had originally sent out. The same amount of $6 that they had sent to me, they had received back from me. I think that was the fairest result for both of us.",6.398,6.398,7.138,1,0,0,0.209,0,0,12,6650cddf92a38d94f461fdb8,69e65987835b9e7b90229c3a,69e638d4b2228b5d05917569,6,"I chose the amount because I returned what they had originally sent out. The same amount of $6 that they had sent to me, they had received back from me. I think that was the fairest result for both of us.",,69a3978e79ce47897123957a,6,c0b81b47-9ae5-497f-b5f1-768f571c4a68,18,4,2,1,
2026-04-20 16:48:40,2026-04-20 16:53:52,IP Address,,100,312,True,2026-04-20 16:53:53,R_17sJewPwLCp4ETL,,,,,,,anonymous,EN,Very interested,,,I've never heard of it,..another participant from Prolific,..affects earnining for both you and your match,$6,0,0,4.353,0,0,0,2.012,0,9.688,13.029,15.154,2,It is fair that we both share equally in the gain.,45.538,47.533,55.284,2,0,0,0.223,0,0,9,69dff5f7dfea317941f4b0ba,69e658dd0c013ada9104178e,69e638d4b2228b5d05917569,9,It is fair that we both share equally in the gain.,,68180b2f9e66844af8fdc93e,6,78c0de93-4814-442b-ac39-7c7bd06855f3,18,5,1,1,
2026-04-20 16:46:24,2026-04-20 16:54:25,IP Address,,100,481,True,2026-04-20 16:54:25,R_2PRdEQiVgW7lb9o,,,,,,,anonymous,EN,Very interested,,,I've never heard of it,..another participant from Prolific,..affects earnining for both you and your match,$6,0,0,3.69,0,0,0,2.037,0,27,124.73,126.987,6,I chose to  both reward and incentivise trust / giving. I woulde have nothing if participant 1 didn't send anything. ,14.541,14.541,24.806,1,0,0,0.221,0,0,2.5,631a030ace0fd33c62501d10,69e6584d917266adfe42ef24,69e638d4b2228b5d05917569,5,I chose to  both reward and incentivise trust / giving. I woulde have nothing if participant 1 didn't send anything. ,,651c042fb5c9aac9fbce91eb,2.5,a3781c08-c9d2-4199-871e-7f67b9f39e62,7.5,2,4,1,
2026-04-20 16:51:54,2026-04-20 16:54:25,IP Address,,100,150,True,2026-04-20 16:54:25,R_8zTjyqxtVanw5C0,,,,,,,anonymous,EN,Very interested,,,I've never heard of it,..another participant from Prolific,..affects earnining for both you and your match,$6,0,0,2.717,0,0,0,2.014,0,7.39,12.502,22.862,2,I chose it as it's the amount they sent to me.,,,,,0,0,0.208,0,0,4,669ad78bb5cd9126ab098737,69e659a3864be5af6f2647c7,69e638d4b2228b5d05917569,2,I chose it as it's the amount they sent to me.,,680dc9d524604b69fbc41814,2,83e53d67-e4a5-42f1-9623-446d0d9395e1,6,,,1,
2026-04-20 16:48:49,2026-04-20 16:54:40,IP Address,,100,350,True,2026-04-20 16:54:40,R_1Ig9zlVd2vVPO4t,,,,,,,anonymous,EN,Very interested,,,I've never heard of it,..another participant from Prolific,..affects earnining for both you and your match,$6,0,0,3.028,0,0,0,2.11,0,3.581,5.62,10.213,2,"I wanted to risk half of my money for the hope that it was multiplied, but not all of it. I have done studies like this before where the other participant keeps it all for themselves. So, I was balancing risk and potential reward.",18.631,23.526,24.582,4,0,0,0.219,0,0,1.5,56e6a66af6ed900006a5867c,69e658efbeffd6a82fe16416,69e638d4b2228b5d05917569,1.5,"I wanted to risk half of my money for the hope that it was multiplied, but not all of it. I have done studies like this before where the other participant keeps it all for themselves. So, I was balancing risk and potential reward.",,5d463a9ec83d9f0001260255,1,415ac2ac-a13e-4ba9-8a06-0a6ff311e542,3,4,2,1,
2026-04-20 16:54:00,2026-04-20 16:55:06,IP Address,,100,65,True,2026-04-20 16:55:14,R_2OK1KeFNW6odkZR,,,,,,,anonymous,EN,Very interested,,,I've never heard of it,..another participant from Prolific,..affects your match earnings,$2,,,,,,,,,,,,,,,,,,,,,,1,,69d5938bf7157c7f2578407b,69e65a2331f63ea178e8530a,69e638d4b2228b5d05917569,,,,,,,,,,1,
2026-04-20 16:55:56,2026-04-20 16:56:11,IP Address,,100,14,True,2026-04-20 16:56:11,R_6G8s1wcCfKTq4oz,,,,,,,anonymous,EN,,,Not interested at all,,,,,,,,,,,,,,,,,,,,,,,,,,0,,694ef4987722531ce66e04a8,69e65a9172d915520381feac,69e638d4b2228b5d05917569,,,,,,,,,,0,
2026-04-20 16:54:55,2026-04-20 16:57:00,IP Address,,100,125,True,2026-04-20 16:57:00,R_7ISrUNmTXmAkhOh,,,,,,,anonymous,EN,Very interested,,,I've never heard of it,..another participant from Prolific,..affects earnining for both you and your match,$6,0,0,2.988,0,0,0,2.005,0,10.241,10.241,12.063,1,It seemed a fair plan to return the $2 original sent by person 1 since I had already profited $4.,,,,,0,0,0.219,0,0,4,69bf7b87c61c5962c3146357,69e65a55b4d1d105ea380aa7,69e638d4b2228b5d05917569,2,It seemed a fair plan to return the $2 original sent by person 1 since I had already profited $4.,,58be162d2e4dc0000164b12c,2,ab76ce09-c59a-4a58-b208-0e7ec9124641,6,,,1,
2026-04-20 16:52:25,2026-04-20 16:57:09,IP Address,,100,283,True,2026-04-20 16:57:09,R_1Dv9De3MTNlxrtf,,,,,,,anonymous,EN,Very interested,,,I've never heard of it,..another participant from Prolific,..affects earnining for both you and your match,$6,0,0,3.322,0,0,0,2.395,0,25.588,34.225,34.977,2,I wanted to have the entire amount.,8.698,16.878,17.236,4,0,0,0.206,0,0,18,69aa0d78f47d00782b5134cb,69e659c3bfe35cb8d1f5b0f7,69e638d4b2228b5d05917569,0,I wanted to have the entire amount.,,62fcf4d7a43192b0b59d6cf0,6,4fd8db64-1b0b-49d4-868f-8e5b7fff7e71,18,4,2,1,
2026-04-20 16:52:35,2026-04-20 16:57:10,IP Address,,100,274,True,2026-04-20 16:57:10,R_8EaIvvarWE9dSJo,,,,,,,anonymous,EN,Very interested,,,I've never heard of it,..another participant from Prolific,..affects earnining for both you and your match,$6,0,0,3.071,0,0,0,2.117,0,13.764,15.235,16.404,2,I decided that returning any money to player 1 would not profit me further at this stage of the game so purely for selfish reasons.,,,,,0,0,0.216,0,0,6,5978f6f009bdcf000153f43d,69e659cb08a49ccbf2d384d9,69e638d4b2228b5d05917569,0,I decided that returning any money to player 1 would not profit me further at this stage of the game so purely for selfish reasons.,,651195a996621e6a23a4193d,2,2954c2c8-c228-4925-b8c8-357bf67c23de,6,,,1,
2026-04-20 16:55:07,2026-04-20 16:57:44,IP Address,,100,157,True,2026-04-20 16:57:44,R_8JCykcif86MxB5f,,,,,,,anonymous,EN,Very interested,,,I've never heard of it,..another participant from Prolific,..affects earnining for both you and your match,$6,0,0,3.227,0,0,0,2.01,0,13.351,13.351,15.028,1,"If the game was to be played many times, the amount sent back and fourth should increase to maximise ROI.",,,,,0,0,0.201,0,1,3,5e8ea111f5166b1680ef8eef,69e65a632bb284f7668f19e4,69e638d4b2228b5d05917569,3,"If the game was to be played many times, the amount sent back and fourth should increase to maximise ROI.",,67389f3912380b4b3cd0b7d7,2,cc1dc6c3-6216-412f-84f7-d7d23432afdd,6,,,1,
2026-04-20 16:55:44,2026-04-20 16:57:59,IP Address,,100,134,True,2026-04-20 16:57:59,R_5sYiUPtCwy2vz4u,,,,,,,anonymous,EN,Very interested,,,I've never heard of it,..another participant from Prolific,..affects earnining for both you and your match,$6,0,0,3.799,0,0,0,2.11,0,10.907,10.907,13.322,1,I wanted to be fair to the other player so I split the total they sent me down the middle. The 3x multiplier felt like a bonus of sorts on their end so it seemed fair to me to split the total earnings between us. ,7.737,7.737,8.631,1,0,0,0.213,0,0,4.5,69c3009079efd928614eecee,69e65a8c83e2a894957d056d,69e638d4b2228b5d05917569,4.5,I wanted to be fair to the other player so I split the total they sent me down the middle. The 3x multiplier felt like a bonus of sorts on their end so it seemed fair to me to split the total earnings between us. ,,69d660e8896dc7b4e972ce0d,3,921aecf3-10ac-4d07-94c7-d7ac1c632aa1,9,3,3,1,
2026-04-20 16:56:16,2026-04-20 16:58:26,IP Address,,100,129,True,2026-04-20 16:58:26,R_6CysS18nPnY2yRR,,,,,,,anonymous,EN,Very interested,,,I've never heard of it,..another participant from Prolific,..affects earnining for both you and your match,$6,0,0,2.433,0,0,0,2.01,0,12.87,15.45,27.118,2,"If I send back 3, we'll each have 6, and that feels even and nice :)",21.564,23.683,24.836,4,0,0,0.205,0,0,6,564d2bf7b48dec0005b51977,69e65aa8c10bed8ee567f3a2,69e638d4b2228b5d05917569,3,"If I send back 3, we'll each have 6, and that feels even and nice :)",,61011dd1dccad8267930b9bd,3,77df8254-b9ca-4b10-a098-8f42ac0782ad,9,5,1,1,
2026-04-20 16:56:25,2026-04-20 16:58:35,IP Address,,100,129,True,2026-04-20 16:58:35,R_6qgIrSnxboKmdcM,,,,,,,anonymous,EN,Very interested,,,I've never heard of it,..another participant from Prolific,..affects earnining for both you and your match,$6,0,0,2.85,0,0,0,2.004,0,7.758,16.357,17.113,4,I wanted to give them back the amount they gave me plus a little extra.,,,,,0,0,0.101,0,0,3.5,5d37ad921c16bb0015281337,69e65aa6a0c61bd9b7568826,69e638d4b2228b5d05917569,2.5,I wanted to give them back the amount they gave me plus a little extra.,,69e413bf9c7b61b1287780cf,2,46c1490a-7948-4a66-8347-eff70a0d1a23,6,,,1,
2026-04-20 16:58:30,2026-04-20 16:58:38,IP Address,,100,7,True,2026-04-20 16:58:38,R_871NQ29BM4WQgPy,,,,,,,anonymous,EN,,A bit interested,,,,,,,,,,,,,,,,,,,,,,,,,,,0,,69e63fa8bdf4f91e806162fe,69e65b300468f8b9f23326a0,69e638d4b2228b5d05917569,,,,,,,,,,0,
2026-04-20 16:56:05,2026-04-20 16:58:46,IP Address,,100,160,True,2026-04-20 16:58:46,R_85T9KbWNK0eQ7uI,,,,,,,anonymous,EN,Very interested,,,I've never heard of it,..another participant from Prolific,..affects earnining for both you and your match,$6,0,0,3.439,0,0,0,2.016,0,6.8,10.977,12.872,2,Half the amount received sent back seemed fair,7.226,7.226,8.632,1,0,0,0.212,0,0,4.5,69e656106fc2efdb703d6bc5,69e65a9c76fa6fcca1e16509,69e638d4b2228b5d05917569,4.5,Half the amount received sent back seemed fair,,69dc091cbdbd6c8082e3d2d5,3,01f49a11-3721-470b-b204-1887d0d08387,9,3,3,1,
2026-04-20 16:55:41,2026-04-20 16:59:25,IP Address,,100,223,True,2026-04-20 16:59:25,R_8SDPoAP5W5I5SYV,,,,,,,anonymous,EN,Very interested,,,I've never heard of it,..another participant from Prolific,..affects earnining for both you and your match,$6,0,0,3.501,0,0,0,2.13,0,21.144,26.402,27.874,7,I wanted to keep more of the money but guve a decent amount back. ,13.908,15.991,21.937,3,0,0,0.211,0,1,10,5b1d8c8988ee7400012b2730,69e65a3bf7e18e3ba09246f2,69e638d4b2228b5d05917569,2,I wanted to keep more of the money but guve a decent amount back. ,,65e73ff510dd47c0bae955c7,4,c063b4e4-bd1a-45c0-a7ce-4ac8fcf4ce20,12,4,2,1,
2026-04-20 16:57:00,2026-04-20 16:59:47,IP Address,,100,167,True,2026-04-20 16:59:48,R_7sMbWtdjdd0EX7j,,,,,,,anonymous,EN,Very interested,,,I've never heard of it,..another participant from Prolific,..affects earnining for both you and your match,$6,0,0,3.22,0,0,0,2.01,0,13.115,14.144,18.323,2,it is the most fair amount because that is what they sent me,13.563,13.563,14.98,1,0,0,0.209,0,0,6,67355b35633c57941ef4770e,69e65ad5e3dffad5007cb80b,69e638d4b2228b5d05917569,3,it is the most fair amount because that is what they sent me,,66b13c0d29d8aa4bf8e94552,3,70e4401f-e2a5-485b-baa9-e1d0eb58657e,9,5,1,1,
2026-04-20 16:58:18,2026-04-20 16:59:53,IP Address,,100,95,True,2026-04-20 16:59:53,R_1TZfXB2R0nBKTho,,,,,,,anonymous,EN,Very interested,,,I've never heard of it,..another participant from Prolific,..affects earnining for both you and your match,$6,0,0,3.775,0,0,0,2.108,0,10.902,10.902,13.408,1,It resulted in us receiving an equal payment,6.411,10.902,11.693,2,0,0,0.209,0,0,3,69b31199d25978abb95726ca,69e65b23bab9832a2540f757,69e638d4b2228b5d05917569,1.5,It resulted in us receiving an equal payment,,62fd55dc6d29d64eaaea2dec,1.5,8367f182-a589-4818-8312-e7d0c2a117a7,4.5,4,2,1,
2026-04-20 16:56:39,2026-04-20 17:00:51,IP Address,,100,252,True,2026-04-20 17:00:52,R_74nFvbC4Aj788yR,,,,,,,anonymous,EN,Very interested,,,I've never heard of it,..another participant from Prolific,..affects earnining for both you and your match,$6,0,0,2.523,0,0,0,2.008,0,7.441,7.441,15.619,1,I chose that amount because I wanted to split my money evenly with player 1. Player 1 was generous enough to allocate all their money which allowed me to gain the highest possible amount. So I felt it was right to divide the earnings so they could earn more than what they were initially given.,8.958,8.958,23.109,1,0,0,0.205,0,0,9,691de5f84e51711d498cbd95,69e65ac19b8a66e0bea74013,69e638d4b2228b5d05917569,9,I chose that amount because I wanted to split my money evenly with player 1. Player 1 was generous enough to allocate all their money which allowed me to gain the highest possible amount. So I felt it was right to divide the earnings so they could earn more than what they were initially given.,,5ea083cc6d17e505304ab238,6,25fbf51a-54e9-48f3-b9ce-6679878340bd,18,5,1,1,
2026-04-20 16:56:54,2026-04-20 17:01:37,IP Address,,100,283,True,2026-04-20 17:01:37,R_8fk1cwMUHJblrbr,,,,,,,anonymous,EN,Very interested,,,I've never heard of it,..another participant from Prolific,..affects earnining for both you and your match,$6,0,0,2.864,0,0,0,2.01,0,5.684,15.784,16.871,6,Because this would mean of a total $16 we would each get $8 which is the fairest way to split it,11.958,18.568,20.156,6,0,0,0.207,0,0,8,609978fde585cd14ae6a03a2,69e65ac743e4cbe00dbb5688,69e638d4b2228b5d05917569,7,Because this would mean of a total $16 we would each get $8 which is the fairest way to split it,,698f165669bbe6011e1450bf,5,9ddfc407-297f-4bc1-a47f-a293a8166509,15,5,1,1,
2026-04-20 16:59:02,2026-04-20 17:01:47,IP Address,,100,165,True,2026-04-20 17:01:48,R_82DLg59ghATKsx1,,,,,,,anonymous,EN,Very interested,,,I've never heard of it,..another participant from Prolific,..affects earnining for both you and your match,$6,0,0,3.407,0,0,0,2.109,0,7.335,10.108,17.657,2,To ensure both myself and player 1 have an equal amount.,9.408,33.368,34.568,3,0,0,0.215,0,0,6,6638da83dc28920d90c91c6e,69e65b4ea0e3fbe4a9ba96aa,69e638d4b2228b5d05917569,3,To ensure both myself and player 1 have an equal amount.,,5d8215fcaa127000154632c5,3,6ee0e72f-d44d-43b1-9b91-14a244111f9b,9,4,2,1,
2026-04-20 16:59:16,2026-04-20 17:02:18,IP Address,,100,181,True,2026-04-20 17:02:18,R_26vaDvNPNxl00aR,,,,,,,anonymous,EN,Very interested,,,I've never heard of it,..another participant from Prolific,..affects earnining for both you and your match,$6,0,0,4.889,0,0,0,2.01,0,10.718,10.718,11.716,1,because it was fair and It's not a lot of money,13.248,14.928,16.037,2,0,0,0.208,0,0,2,665e0faa748512c88de27385,69e65b5b2721422fd1417af3,69e638d4b2228b5d05917569,1,because it was fair and It's not a lot of money,,5d0bb1874d659a0001391226,1,a5fd80a3-53e7-417a-ac61-9d0ae696b140,3,4,2,1,
2026-04-20 16:58:29,2026-04-20 17:02:53,IP Address,,100,263,True,2026-04-20 17:02:53,R_1wnossmdtGHea6R,,,,,,,anonymous,EN,Very interested,,,I've never heard of it,..another participant from Prolific,..affects earnining for both you and your match,$6,0,0,3.813,0,0,0,2.012,0,17.62,25.453,27.069,4,I chose this amount because it seemed only fair to split the total amount with the other player.  ,18.642,22.666,25.872,2,0,0,0.206,0,0,9,6612d5d5abf4df0d84f44b3e,69e65b2749279e6c818fb91a,69e638d4b2228b5d05917569,9,I chose this amount because it seemed only fair to split the total amount with the other player.  ,,5edd69fe67f8fc0f39d081e0,6,07055e6f-4fc8-43f7-9154-9cb68664ec53,18,4,2,1,
2026-04-20 17:01:02,2026-04-20 17:03:04,IP Address,,100,121,True,2026-04-20 17:03:04,R_3R50h6AaDXmtJuB,,,,,,,anonymous,EN,Very interested,,,I've never heard of it,..another participant from Prolific,..affects earnining for both you and your match,$6,0,0,3.949,0,0,0,2.104,0,6.864,10.033,11.215,2,i chose to keep it bc the player has $4 already and gave me $2 only.,,,,,0,0,0.102,0,0,6,69ba27d8069a7a4a2764ed9f,69e65bccf63d243ccfce138d,69e638d4b2228b5d05917569,0,i chose to keep it bc the player has $4 already and gave me $2 only.,,69b715ed8ff500729f32ba80,2,5e7337db-135e-4dee-9bf5-4a0897602da6,6,,,1,
2026-04-20 17:02:21,2026-04-20 17:04:05,IP Address,,100,103,True,2026-04-20 17:04:05,R_3dPUS2TMahFQDEn,,,,,,,anonymous,EN,Very interested,,,I've never heard of it,..another participant from Prolific,..is irrelevant for your final payment,$6,,,,,,,,,,,,,,,,,,,,,,1,,616349563b1d211973ad2725,69e65c178bcd543f8c086427,69e638d4b2228b5d05917569,,,,,,,,,,1,
2026-04-20 17:00:11,2026-04-20 17:04:17,IP Address,,100,246,True,2026-04-20 17:04:17,R_1ydulXfVGxOf8Jl,,,,,,,anonymous,EN,Very interested,,,I've never heard of it,..another participant from Prolific,..affects earnining for both you and your match,$6,0,0,4.315,0,0,0,2.108,0,26.904,36.006,39.875,4,I need player 1 to know that sending me the max amount will net them more money. the only way to do this is to show them I'm splitting the money in their favor from the beginning.,13.087,13.087,14.12,1,0,0,0.205,0,0,2,663fd4658572150cc2416c27,69e65b94a3d131e104690b1e,69e638d4b2228b5d05917569,2.5,I need player 1 to know that sending me the max amount will net them more money. the only way to do this is to show them I'm splitting the money in their favor from the beginning.,,56dcbfb12ab7ff000cbabc49,1.5,3e5e1bb8-2f4e-42e7-9968-b4bac545a0ba,4.5,3,3,1,
2026-04-20 17:00:49,2026-04-20 17:05:03,IP Address,,100,254,True,2026-04-20 17:05:04,R_6nMAYMw4HWdMUFS,,,,,,,anonymous,EN,Very interested,,,I've never heard of it,..another participant from Prolific,..affects earnining for both you and your match,$6,0,0,3.262,0,0,0,2.01,0,8.827,11.119,12.501,2,tried to make sure we both had an even account,8.285,16.041,17.414,3,0,0,0.205,0,1,5.5,671ba62079a3bbabdcfa4ff0,69e65bb248c71174b85cbd38,69e638d4b2228b5d05917569,2,tried to make sure we both had an even account,,69b9e1ce5499907ce6d502de,2.5,751f87e1-17ce-4f19-a950-8681a48a7648,7.5,4.5,1.5,1,
2026-04-20 17:03:32,2026-04-20 17:05:56,IP Address,,100,143,True,2026-04-20 17:05:56,R_1rS2XTtrrVDP1kp,,,,,,,anonymous,EN,Very interested,,,I've never heard of it,..another participant from Prolific,..affects earnining for both you and your match,$6,0,0,2.918,0,0,0,2.005,0,8.121,8.121,10.341,1,I am looking to maximize my return,,,,,0,0,0.203,0,0,6,69455a4f79340a5db27ff5bd,69e65c57a84c8852f95298b2,69e638d4b2228b5d05917569,0,I am looking to maximize my return,,67f80601e44359732a7f2af4,2,51f84478-0763-4e97-ac9b-2e9b4ddcb06b,6,,,1,
2026-04-20 17:02:38,2026-04-20 17:06:08,IP Address,,100,210,True,2026-04-20 17:06:09,R_8gUBgZUr4plytZQ,,,,,,,anonymous,EN,Very interested,,,I've never heard of it,..another participant from Prolific,..affects earnining for both you and your match,$6,0,0,2.746,0,0,0,2.009,0,20.068,20.068,21.568,1,It leads to us having an equal split. If the Player 1 gave more I would have been able to give more too.,,,,,0,0,0.204,0,0,5,63e51c201c0000d37060d920,69e65c2b6f6d15d9d54eee15,69e638d4b2228b5d05917569,1,It leads to us having an equal split. If the Player 1 gave more I would have been able to give more too.,,6986550bb1b911bf6c014542,2,aa4a13b4-4d21-45fb-9493-ecad0c2773f3,6,,,1,
2026-04-20 17:04:18,2026-04-20 17:06:16,IP Address,,100,118,True,2026-04-20 17:06:17,R_7KI9p9QX7YDfiz0,,,,,,,anonymous,EN,Very interested,,,I've never heard of it,..another participant from Prolific,..affects earnining for both you and your match,$6,0,0,3.324,0,0,0,2.011,0,5.94,6.7,7.572,3,They were short on their end and didn't act with what I envisioned ,4.924,6.292,6.9,4,0,0,0.208,0,1,3,6171bd9a5b4994447442a49d,69e65c86a29b7371cb9f57d6,69e638d4b2228b5d05917569,0,They were short on their end and didn't act with what I envisioned ,,5b94d08a41cfe90001c6a249,1,c5109cfc-2a3c-4ec5-a261-331d4f3f7826,3,5,1,1,
2026-04-20 17:04:25,2026-04-20 17:06:25,IP Address,,100,120,True,2026-04-20 17:06:26,R_3inkOVua6Ts575O,,,,,,,anonymous,EN,Very interested,,,I've never heard of it,..another participant from Prolific,..affects earnining for both you and your match,$6,0,0,3.898,0,0,0,2.115,0,8.606,9.389,12.828,2,"Assuming I understood everything correctly, I sent $3 back so that I would end up with $6 and they would also end up with $6, so we both get $6. ",5.782,5.782,6.492,1,0,0,0.106,0,0,6,6692c0b1f289359a5cca9134,69e65c952bf3e9daf3f8feeb,69e638d4b2228b5d05917569,3,"Assuming I understood everything correctly, I sent $3 back so that I would end up with $6 and they would also end up with $6, so we both get $6. ",,641868f023b03518217272df,3,707ea8b7-56f8-4f00-88a2-2f311963f4a6,9,4,2,1,
2026-04-20 17:04:35,2026-04-20 17:08:32,IP Address,,100,236,True,2026-04-20 17:08:33,R_61pCCFFRiETTfiG,,,,,,,anonymous,EN,Very interested,,,I've never heard of it,..another participant from Prolific,..affects earnining for both you and your match,$6,0,0,2.691,0,0,0,3.31,0,0.853,8.741,10.148,4,I did the same amount back,2.759,2.759,4.005,1,0,0,0.203,0,1,3,6446b4a6eb2ba64c1505307d,69e65c9e71a47c8ce83d2947,69e638d4b2228b5d05917569,1.5,I did the same amount back,,5f0dd043b221e201edcc92ee,1.5,98f19ebc-2b2e-4d9c-8bfc-0dc7edc6dfb8,4.5,5,1,1,
2026-04-20 17:04:18,2026-04-20 17:09:20,IP Address,,100,301,True,2026-04-20 17:09:20,R_1OMHZqqcWIx3h58,,,,,,,anonymous,EN,Very interested,,,I've never heard of it,..another participant from Prolific,..affects earnining for both you and your match,$6,0,0,2.853,0,0,0,2.009,0,4.251,14.385,15.446,5,I sort of wanted us to have similar bonuses ,1.853,15.233,15.664,4,0,0,0.207,0,0,7,5781c15381f331000139a89e,69e65c8905d529fffb86dee9,69e638d4b2228b5d05917569,5,I sort of wanted us to have similar bonuses ,,631819e1a694706e19cb6247,4,a91c2b9d-0c31-4398-a52e-ceb1b26556c0,12,4,2,1,
2026-04-20 17:06:09,2026-04-20 17:09:51,IP Address,,100,222,True,2026-04-20 17:09:52,R_1nOzJA9NTDOraVu,,,,,,,anonymous,EN,Very interested,,,I've never heard of it,..another participant from Prolific,..affects earnining for both you and your match,$6,0,0,6.874,0,0,0,2.018,0,10.449,14.073,17.323,4,I would be happy with $3 - a complete profit. I don't care what Player 1 kept.,9.051,16.619,17.789,2,0,0,0.217,0,1,3,63ea5fe3c03c77c607e33990,69e65cf6b1e3e1ade520b93f,69e638d4b2228b5d05917569,0,I would be happy with $3 - a complete profit. I don't care what Player 1 kept.,,666ba5dbfe88e54abe377e6e,1,a2024c8a-6fb4-4de0-8330-07a7385ee091,3,5,1,1,
2026-04-20 17:08:14,2026-04-20 17:10:12,IP Address,,100,118,True,2026-04-20 17:10:12,R_82WeTLiBcSE52Pn,,,,,,,anonymous,EN,Very interested,,,I've never heard of it,..another participant from Prolific,..affects earnining for both you and your match,$6,0,0,3.678,0,0,0,2.009,0,15.465,17.307,18.282,2,it seemed like a fair amount of money to send back,,,,,0,0,0.207,0,0,3.5,5cae6a77b38ea60016e54889,69e65d775bd48b4a06e852b5,69e638d4b2228b5d05917569,2.5,it seemed like a fair amount of money to send back,,59b19a277f6c84000151c001,2,8645ef81-fb26-4152-ac70-4ba3b9e3721f,6,,,1,
2026-04-20 17:05:14,2026-04-20 17:10:29,IP Address,,100,314,True,2026-04-20 17:10:29,R_2kkdF5pcVg7CmA1,,,,,,,anonymous,EN,Very interested,,,I've never heard of it,..another participant from Prolific,..affects earnining for both you and your match,$6,0,0,4.901,0,0,0,2.01,0,9.939,13.427,16.238,2,I chose this amount as player 1 chose to send a minimum amount to me as player 2 and I therefore opted to send back zero. This would still leave player 1 with the £4,,,,,0,0,0.215,0,0,6,6606cb0cf43ba898ccdc6e78,69e65c9e8bd068237eabf7d3,69e638d4b2228b5d05917569,0,I chose this amount as player 1 chose to send a minimum amount to me as player 2 and I therefore opted to send back zero. This would still leave player 1 with the £4,,60188eb2eaec9e169fcc94a4,2,a3872a54-5bb6-4391-bd5a-797fd2d50307,6,,,1,
2026-04-20 17:07:58,2026-04-20 17:10:38,IP Address,,100,159,True,2026-04-20 17:10:38,R_5OSEfIjsHP0aQ8l,,,,,,,anonymous,EN,Very interested,,,I've never heard of it,..another participant from Prolific,..affects earnining for both you and your match,$6,0,0,3.653,0,0,0,2.014,0,7.664,7.664,9.794,1,I want to keep the most money for myself.,5.274,6.31,7.496,2,0,0,0.204,0,0,7.5,6753b6b7014705911770ecd0,69e65b652588b8e4280abe24,69e638d4b2228b5d05917569,0,I want to keep the most money for myself.,,66742ef2f9183bb839ec1fbb,2.5,e250bb77-855f-4059-a545-c637ae34f60b,7.5,6,0,1,
2026-04-20 17:06:32,2026-04-20 17:10:50,IP Address,,100,258,True,2026-04-20 17:10:51,R_7J30uh7OnAihg3Q,,,,,,,anonymous,EN,Very interested,,,I've never heard of it,..another participant from Prolific,..affects earnining for both you and your match,$6,0,0,3.361,0,0,0,2.107,0,12.302,14.634,19.642,2,I dont know the other person so I am not really worried about being fair necessarily-  I wanted the most for myself.,6.92,9.436,25.893,2,0,0,0.206,0,0,7,6629442858ac993227d2a95d,69e65d0ca6d5eb6e783e9a37,69e638d4b2228b5d05917569,0.5,I dont know the other person so I am not really worried about being fair necessarily-  I wanted the most for myself.,,65cbb49693940ca0627dbc8d,2.5,30570c86-a439-4d8e-ad82-67109869b7cf,7.5,6,0,1,
2026-04-20 17:08:51,2026-04-20 17:12:38,IP Address,,100,226,True,2026-04-20 17:12:39,R_3JIDrv4S3vxJcDT,,,,,,,anonymous,EN,Very interested,,,I've never heard of it,..another participant from Prolific,..affects earnining for both you and your match,$6,0,0,3.662,0,0,0,2.01,0,12.625,15.996,17.479,3,It ended up being an even split.,,,,,0,0,0.214,0,0,6,60baaa995c09d3162511871d,69e65d8cf1fb33cb43138d9e,69e638d4b2228b5d05917569,0,It ended up being an even split.,,67e089199b2161a43c738b97,2,9b695d3d-a863-4330-b2f5-35f80c249b72,6,,,1,
2026-04-20 17:12:39,2026-04-20 17:13:03,IP Address,,100,23,True,2026-04-20 17:13:04,R_51WLGQo21wD5Yw8,,,,,,,anonymous,EN,,A bit interested,,,,,,,,,,,,,,,,,,,,,,,,,,,0,,69c58b27b1b94fe5c3c64351,69e65e75c46cd708ed27b06d,69e638d4b2228b5d05917569,,,,,,,,,,0,
2026-04-20 17:04:18,2026-04-20 17:13:13,IP Address,,100,535,True,2026-04-20 17:13:14,R_2iiu8nqcvfmYzjb,,,,,,,anonymous,EN,Very interested,,,I've never heard of it,..another participant from Prolific,..affects earnining for both you and your match,$6,0,0,3.958,0,0,0,2.12,0,4.593,9.475,10.284,5,Because i thought it was fair that we both got the same amount as they shared fairly,6.956,8.82,10.697,3,0,0,0.214,0,0,6,66ef7a5b05edfd0f5bed68a6,69e65c8ab5c990bb73aeaa5b,69e638d4b2228b5d05917569,3,Because i thought it was fair that we both got the same amount as they shared fairly,,6712e80960b764c3632df428,3,0daf7e38-e2ad-49cc-86d2-9eee83223403,9,4,2,1,
2026-04-20 17:10:32,2026-04-20 17:13:39,IP Address,,100,186,True,2026-04-20 17:13:39,R_2imR3PavqRFxUAa,,,,,,,anonymous,EN,Very interested,,,I've never heard of it,..another participant from Prolific,..affects your match earnings,$6,,,,,,,,,,,,,,,,,,,,,,1,,592b8bfa5a36ba0001f48d70,69e65e00f17b8cb7bf651985,69e638d4b2228b5d05917569,,,,,,,,,,1,
2026-04-20 17:10:43,2026-04-20 17:13:55,IP Address,,100,192,True,2026-04-20 17:13:56,R_6fZOVZB92D7zqb8,,,,,,,anonymous,EN,Very interested,,,I've never heard of it,..another participant from Prolific,..affects earnining for both you and your match,$6,0,0,4.026,0,0,0,2.107,0,11.581,16.663,17.541,3,I chose that much so that we both ended up with some money,3.893,3.893,4.85,1,0,0,0.105,0,1,2.5,69dea2e9066c71cca8e315df,69e65e0945aff37e5d449d52,69e638d4b2228b5d05917569,2,I chose that much so that we both ended up with some money,,6643ac8b5817fd2a43298619,1.5,ad9a5d0d-8270-4bdd-9d1a-4df4a667737c,4.5,3,3,1,
2026-04-20 17:12:54,2026-04-20 17:15:50,IP Address,,100,175,True,2026-04-20 17:15:50,R_6D27gqDaO9AuapV,,,,,,,anonymous,EN,Very interested,,,I've never heard of it,..another participant from Prolific,..affects earnining for both you and your match,$6,0,0,3.883,0,0,0,2.021,0,10.969,14.153,15.469,2,To give them the amount they sent back to them,,,,,0,0,0.217,0,1,4,69d42b941271ad1f0d4bc150,69e65e881fde918994a35c71,69e638d4b2228b5d05917569,2,To give them the amount they sent back to them,,64dc07371fe566ee46739a8e,2,0d91e860-d1fd-434d-9980-d32fd79611a4,6,,,1,
2026-04-20 17:14:42,2026-04-20 17:16:34,IP Address,,100,112,True,2026-04-20 17:16:35,R_5wModlpCcpSS5J7,,,,,,,anonymous,EN,Very interested,,,I've never heard of it,..another participant from Prolific,..affects earnining for both you and your match,$6,0,0,3.65,0,0,0,2.106,0,2.74,11.228,12.571,2,"Because that way the player is more likely to trust me, if the roles were reversed, making everybody a winner. That way, we all receive the most we can.",,,,,0,0,0.214,0,0,3,631bf371cafbcf75cee93374,69e65efb4a4fdb77b9f2940f,69e638d4b2228b5d05917569,3,"Because that way the player is more likely to trust me, if the roles were reversed, making everybody a winner. That way, we all receive the most we can.",,67803a05b60a2727e9fa85b4,2,9aae68f1-ea56-4388-996e-1d496a1f68f1,6,,,1,
2026-04-20 17:14:49,2026-04-20 17:17:56,IP Address,,100,186,True,2026-04-20 17:17:56,R_5flz8gsazkFU3S8,,,,,,,anonymous,EN,Very interested,,,I've never heard of it,..another participant from Prolific,..affects earnining for both you and your match,$6,0,0,2.987,0,0,0,3.519,0,0.945,12.826,13.744,6,I was trying to give back for them being kind enough to send me a good amount. ,0.899,7.96,10.045,10,0,0,0.216,0,0,10,5f5550685e8dec926f63cef1,69e65ee7b95dfdc11ad5ba09,69e638d4b2228b5d05917569,5,I was trying to give back for them being kind enough to send me a good amount. ,,5c0a29b6c307a400016adb9f,5,49ebb655-327c-4957-8a66-d8f45e8ae8d5,15,4,2,1,
2026-04-20 17:14:33,2026-04-20 17:19:03,IP Address,,100,269,True,2026-04-20 17:19:04,R_6Htr2CqmSWKh8iY,,,,,,,anonymous,EN,Very interested,,,I've never heard of it,..another participant from Prolific,..affects earnining for both you and your match,$6,0,0,3.243,0,0,0,2.015,0,4.502,41.456,42.801,3,I received $1.  I thought it was fair to send back the same amount.,19.67,20.862,31.971,2,0,0,0.204,0,0,2,5ea120ed66031912aea618ae,69e65eee76fe5438384f5552,69e638d4b2228b5d05917569,1,I received $1.  I thought it was fair to send back the same amount.,,66d9e58669e2289d004271d2,1,101afe8c-4e7f-4e39-b931-68a0e0b2b5c6,3,4,2,1,
2026-04-20 17:15:19,2026-04-20 17:19:06,IP Address,,100,226,True,2026-04-20 17:19:06,R_53Bh6SMOThzX84f,,,,,,,anonymous,EN,Very interested,,,I've never heard of it,..another participant from Prolific,..affects earnining for both you and your match,$6,0,0,4.788,0,0,0,2.02,0,9.847,20.606,23.101,7,"I chose that amount, hoping player two will follow my lead.",3.522,12.632,17.561,5,0,0,0.219,0,0,1,5d8c0aed48b2d10015bfcdb7,69e65f1c6dec27f720bc79b7,69e638d4b2228b5d05917569,2,"I chose that amount, hoping player two will follow my lead.",,6764697d9d4afb4e6bfe1c4e,1,c101ba9e-7157-4ca8-a2c4-95e957b6f481,3,3.5,2.5,1,
2026-04-20 17:16:43,2026-04-20 17:19:28,IP Address,,100,164,True,2026-04-20 17:19:29,R_18nuYfxZgNqx2mZ,,,,,,,anonymous,EN,Very interested,,,I've never heard of it,..another participant from Prolific,..affects earnining for both you and your match,$6,0,0,3.851,0,0,0,2.009,0,4.83,9.438,11.305,2,"I chose that amount because they elected to send half of their allocation to me, it is only fair that I do the same for them",4.883,6.421,7.262,2,0,0,0.212,0,0,4.5,697a3eb0d8986ccab826d293,69e65f715c13aca3ea90b0a6,69e638d4b2228b5d05917569,4.5,"I chose that amount because they elected to send half of their allocation to me, it is only fair that I do the same for them",,69810cf3cd5e7c69fa9cfa49,3,cdd9248b-633e-4927-b028-c19289993963,9,3,3,1,
2026-04-20 17:14:54,2026-04-20 17:19:50,IP Address,,100,296,True,2026-04-20 17:19:51,R_1O0yhVumVu97brK,,,,,,,anonymous,EN,Very interested,,,I've never heard of it,..another participant from Prolific,..affects earnining for both you and your match,$6,0,0,3.501,0,0,0,2.013,0,5.095,5.095,6.204,1,I think player 1 shouldn't have sent anything he wasn't willing to give up. it's a dog-eat-dog world and I'm doing the best I can. I'm sure some other survey will pay back player 1. I did nothing wrong. ,7.979,9.63,10.573,2,0,0,0.211,0,0,18,69841529a788bdf0a448ba8b,69e65f05503f923d6b01196e,69e638d4b2228b5d05917569,0,I think player 1 shouldn't have sent anything he wasn't willing to give up. it's a dog-eat-dog world and I'm doing the best I can. I'm sure some other survey will pay back player 1. I did nothing wrong. ,,6769b2a2c0957dec0b68adf6,6,03180309-85b6-4087-a78f-5d5ef4c6839f,18,5.5,0.5,1,
2026-04-20 17:16:24,2026-04-20 17:21:09,IP Address,,100,285,True,2026-04-20 17:21:09,R_24ubisg9TtJXhWm,,,,,,,anonymous,EN,Very interested,,,I've never heard of it,..another participant from Prolific,..affects earnining for both you and your match,$6,0,0,3.5,0,0,0,2.009,0,14.08,18.344,31.371,4,The other player gave a low amount so I felt that I should keep the total to ensure that it was a fair distribution. If they had sent the full amount I would have sent back more so they missed out on a higher bonus by only sending me a low amount.,6.705,8.11,8.948,2,0,0,0.203,0,0,4.5,66b244a2f436437d3e109bbe,69e65f622d151c7f96c7d10b,69e638d4b2228b5d05917569,0,The other player gave a low amount so I felt that I should keep the total to ensure that it was a fair distribution. If they had sent the full amount I would have sent back more so they missed out on a higher bonus by only sending me a low amount.,,69c3b885939544249b49990d,1.5,74a56463-3eb2-45aa-aee9-4c402f76524a,4.5,6,0,1,
2026-04-20 17:19:11,2026-04-20 17:23:01,IP Address,,100,229,True,2026-04-20 17:23:01,R_7AFZt65akV7CDAt,,,,,,,anonymous,EN,Very interested,,,I've never heard of it,..another participant from Prolific,..affects earnining for both you and your match,$6,0,0,2.831,0,0,0,2.107,0,16.39,18.949,20.89,2,"Player 1 sent e the bare minimum, which would split the profit, but then it would cost me a part of the split to send back a dollar or more. I sent $0 back in order for us both to have a split of the profit equally.",10.985,16.073,32.207,2,0,0,0.204,0,0,3,699b4995cb1fd61ffc3763fe,69e6600961edb9eb34ea1369,69e638d4b2228b5d05917569,0,"Player 1 sent e the bare minimum, which would split the profit, but then it would cost me a part of the split to send back a dollar or more. I sent $0 back in order for us both to have a split of the profit equally.",,69699d1a4c8aab1ce7a5f231,1,833dc7bd-51a6-4297-bf66-be4deb17a558,3,5,1,1,
2026-04-20 17:20:27,2026-04-20 17:23:53,IP Address,,100,205,True,2026-04-20 17:23:53,R_8NP0qlUQF7p936N,,,,,,,anonymous,EN,Very interested,,,I've never heard of it,..another participant from Prolific,..affects earnining for both you and your match,$6,0,0,2.99,0,0,0,2.107,0,6.279,10.512,17.3,2,They will receive the amount they sent to me. I am happy to benefit from their generosity and take the remaining 12,13.287,13.287,18.759,1,0,0,0.109,0,0,12,69e6505ad1cf2439327067b6,69e66054cd8c9437fe6bdb42,69e638d4b2228b5d05917569,6,They will receive the amount they sent to me. I am happy to benefit from their generosity and take the remaining 12,,6346b0c544caa80ebc4e5b2d,6,e0c208ff-1c9d-4482-b02d-2d94e3fed8c4,18,4,2,1,
2026-04-20 17:21:56,2026-04-20 17:25:07,IP Address,,100,190,True,2026-04-20 17:25:07,R_2rYhMOA671ZtC7I,,,,,,,anonymous,EN,Very interested,,,I've never heard of it,..another participant from Prolific,..affects earnining for both you and your match,$6,0,0,2.847,0,0,0,2.008,0,11.303,30.575,32.229,2,They were generous enough to send $3 which turned into $9. I started with nothing. So I am reciprocating kindness,10.033,15.729,16.999,2,0,0,0.203,0,0,4,612d3e13048ec2b299126be6,69e660ad588a7552cd858bb9,69e638d4b2228b5d05917569,5,They were generous enough to send $3 which turned into $9. I started with nothing. So I am reciprocating kindness,,67b34258595fe5c4ede48527,3,2ae10fc9-4266-4086-9d7f-fa78612a8c72,9,3,3,1,
2026-04-20 17:23:52,2026-04-20 17:27:41,IP Address,,100,229,True,2026-04-20 17:27:42,R_2rAsrqP4Zg5NhgA,,,,,,,anonymous,EN,Very interested,,,I've never heard of it,..another participant from Prolific,..affects earnining for both you and your match,$6,0,0,2.598,0,0,0,2.11,0,7.886,17.198,21.361,2,The other player sent £1 so I got £3 but they were left with £5 which means they have £2 more and therefore shouldn't recieve anymore hence zero,18.855,18.855,21.46,1,0,0,0.215,0,0,3,64a03b108e0e40294ba687cf,69e6611f6c10f3f2954f5526,69e638d4b2228b5d05917569,0,The other player sent £1 so I got £3 but they were left with £5 which means they have £2 more and therefore shouldn't recieve anymore hence zero,,6643c5d1c53f7ffbef7b96e0,1,d9e1be2e-b6ad-4867-9209-495bc1b3d071,3,5,1,1,
2026-04-20 17:20:55,2026-04-20 17:27:43,IP Address,,100,408,True,2026-04-20 17:27:43,R_6BXfqywZeq1pLbJ,,,,,,,anonymous,EN,Very interested,,,I've never heard of it,..another participant from Prolific,..affects earnining for both you and your match,$6,0,0,7.073,0,0,0,2.109,0,114.905,119.851,122.373,4,I feel it's only sincere to share my earning equally. hence he/she sacrificed his whole amount for me to receive $18,8.335,14.066,15.335,4,0,0,0.211,0,0,9,69bacc09827407e2b71bfcdd,69e6606b0e54e908437bc033,69e638d4b2228b5d05917569,9,I feel it's only sincere to share my earning equally. hence he/she sacrificed his whole amount for me to receive $18,,695f8acac537fadb9bca5d39,6,f0bded7e-8f29-4a42-8172-1b592de4403d,18,5,1,1,
2026-04-20 17:26:42,2026-04-20 17:31:14,IP Address,,100,271,True,2026-04-20 17:31:14,R_69N51oGf8EGf0c1,,,,,,,anonymous,EN,Very interested,,,I've never heard of it,..another participant from Prolific,..affects earnining for both you and your match,$6,0,0,3.522,0,0,0,2.013,0,8.412,33.361,34.252,2,I wanted us to both end up with the same amount of money.,9.247,43.629,45.788,2,0,0,0.211,0,1,6,697cf2f0ed95f5a2dcba188d,69e661ca315fc841a01749bc,69e638d4b2228b5d05917569,3,I wanted us to both end up with the same amount of money.,,6997aaabfd14912d8aefb817,3,21e87374-4189-4333-9a6f-8fdf037423cd,9,4,2,1,
2026-04-20 17:26:48,2026-04-20 17:31:21,IP Address,,100,272,True,2026-04-20 17:31:21,R_3JYpLz3vpobRXR7,,,,,,,anonymous,EN,Very interested,,,I've never heard of it,..another participant from Prolific,..affects earnining for both you and your match,$6,0,0,3.8,0,0,0,2.019,0,12.2,21.946,24.606,2,"I wanted to essentially match the percentage they gave me, while insuring that they would benefit from their decision to give me anything. So they gave me a little less than half of the stack at 2.50, I essentially matched that by giving them back 3.50 of 7.50.",6.413,19.179,26.32,3,0,0,0.207,0,0,4,69d4ed08cfb39b7f560229a8,69e661cf89aa2955a376f750,69e638d4b2228b5d05917569,3.5,"I wanted to essentially match the percentage they gave me, while insuring that they would benefit from their decision to give me anything. So they gave me a little less than half of the stack at 2.50, I essentially matched that by giving them back 3.50 of 7.50.",,6992f49c60bdb28393d9319c,2.5,50e54433-3d39-4704-93d2-d29ff77c609e,7.5,3.5,2.5,1,
2026-04-20 17:28:55,2026-04-20 17:32:00,IP Address,,100,184,True,2026-04-20 17:32:00,R_3ezyiVuxKtasseq,,,,,,,anonymous,EN,Very interested,,,I've never heard of it,..another participant from Prolific,..affects earnining for both you and your match,$6,0,0,3.613,0,0,0,2.02,0,6.796,6.796,7.745,1,I felt like it wasnt a bad amount to send back,66.09,66.09,67.074,1,0,0,0.214,0,0,6,60919c8f1b024991374cfb2d,69e66236ced8a02720174966,69e638d4b2228b5d05917569,3,I felt like it wasnt a bad amount to send back,,63f779120de2ae5b2620ce9b,3,4f6a78e6-1baf-458f-9ad3-16106a25aacb,9,5,1,1,
2026-04-20 17:32:40,2026-04-20 17:36:29,IP Address,,100,229,True,2026-04-20 17:36:29,R_3w7djk9r1DL0HW9,,,,,,,anonymous,EN,Very interested,,,I've never heard of it,..another participant from Prolific,..affects earnining for both you and your match,$6,0,0,3.191,0,0,0,2.009,0,22.256,22.256,24.975,1,"They gave all their money in good faith, so I tried to be fair and split the final payment evenly. ",12.389,12.389,13.339,1,0,0,0.207,0,0,9,5e0f69380fb798000a199566,69e663316ab58a2947d2ed07,69e638d4b2228b5d05917569,9,"They gave all their money in good faith, so I tried to be fair and split the final payment evenly. ",,6266a849331cc893a5b22cf6,6,cc3fb9ca-317a-4110-83f9-491155d29939,18,3,3,1,
2026-04-20 17:40:49,2026-04-20 17:42:52,IP Address,,100,122,True,2026-04-20 17:42:52,R_2oBcWvXVueleGXl,,,,,,,anonymous,EN,Very interested,,,I've never heard of it,..another participant from Prolific,..affects earnining for both you and your match,$6,0,0,3.168,0,0,0,2.111,0,9.318,11.27,12.249,2,It leaves us both with an equal amount,19.682,21.491,23.006,2,0,0,0.212,0,0,7,5bb3e443951bd40001f1e0fd,69e66519e63bd5c79d1f06d6,69e638d4b2228b5d05917569,5,It leaves us both with an equal amount,,69da41ec28e8a081402ec632,4,87cc0e71-ce87-419f-842f-3e61ec404853,12,5,1,1,
2026-04-20 17:42:41,2026-04-20 17:46:23,IP Address,,100,222,True,2026-04-20 17:46:23,R_2meVuKEk1xGmH7z,,,,,,,anonymous,EN,Very interested,,,I've never heard of it,..another participant from Prolific,..affects earnining for both you and your match,$6,0,0,3.173,0,0,0,2.026,0,6.675,8.003,9.132,2,"Because they only sent a small token amount, if they had sent 6 I would have had 18 to share equally. Sending me 2, does not encourage generousity in return",,,,,0,0,0.224,0,0,6,6595653c5c92016f134c8b25,69e6658aa3e2d84ea923caac,69e638d4b2228b5d05917569,0,"Because they only sent a small token amount, if they had sent 6 I would have had 18 to share equally. Sending me 2, does not encourage generousity in return",,65b7d02c9a08f9578ac23ae1,2,74e7a77f-d1bf-4808-b587-aedc30506120,6,,,1,
2026-04-20 17:42:41,2026-04-20 17:47:31,IP Address,,100,289,True,2026-04-20 17:47:31,R_6pKVNAhUqicb7T9,,,,,,,anonymous,EN,Very interested,,,I've never heard of it,..another participant from Prolific,..affects earnining for both you and your match,$6,0,0,4.49,0,0,0,2.009,0,13.118,14.958,33.996,3,I felt that since player 1 sent me money I should return it with some profits for player 1. By returning $6 player 1 profits by $2 while I also get to keep some money. Player 1 ends up with a little more money than me which seems fair since player 1 did not need to send me any money.,12.283,23.291,26.761,2,0,0,0.212,0,0,6,69918b5c47f7550961f1bcb0,69e6658a8b0bc462b3c13455,69e638d4b2228b5d05917569,6,I felt that since player 1 sent me money I should return it with some profits for player 1. By returning $6 player 1 profits by $2 while I also get to keep some money. Player 1 ends up with a little more money than me which seems fair since player 1 did not need to send me any money.,,697d24ec78d87cc0203076c5,4,03693aee-6718-43bf-ba69-c1b6c14ae250,12,3.5,2.5,1,
2026-04-20 17:50:10,2026-04-20 17:54:02,IP Address,,100,231,True,2026-04-20 17:54:03,R_111Fp6LGfhT3tpn,,,,,,,anonymous,EN,Very interested,,,I've never heard of it,..another participant from Prolific,..affects earnining for both you and your match,$6,0,0,3.239,0,0,0,2.013,0,12.764,20.466,31.23,2,I wanted to split my $9 evenly with them.,13.994,13.994,15.192,1,0,0,0.217,0,0,4.5,699ccfced377aaafc939d2cb,69e6674a3dae91fe7922f295,69e638d4b2228b5d05917569,4.5,I wanted to split my $9 evenly with them.,,602fcd044ad77ad42ee9a829,3,e657fba6-417c-4dfc-b7f0-1e910ea13338,9,3,3,1,
2026-04-20 17:53:01,2026-04-20 17:57:01,IP Address,,100,240,True,2026-04-20 17:57:01,R_8Jz1NMFwCwrU952,,,,,,,anonymous,EN,Very interested,,,I've never heard of it,..another participant from Prolific,..affects earnining for both you and your match,$6,0,0,3.803,0,0,0,2.008,0,29.363,29.363,39.245,1,I sent back the amount that made us both equal in terms of final earnings.,21.367,21.367,22.756,1,0,0,0.204,0,0,6,5ef08aa7177a735c78ffbf40,69e667f4f3483c9f44ea137e,69e638d4b2228b5d05917569,3,I sent back the amount that made us both equal in terms of final earnings.,,69c75d1bba9a0eb26f5be43e,3,b8859065-28f4-4729-9954-30723170e882,9,4,2,1,
2026-04-20 17:54:45,2026-04-20 17:57:28,IP Address,,100,163,True,2026-04-20 17:57:29,R_7OPW689sMmmL0Pf,,,,,,,anonymous,EN,Very interested,,,I've never heard of it,..another participant from Prolific,..affects earnining for both you and your match,$6,0,0,5.101,0,0,0,2.012,0,8.444,8.444,16.661,1,"This choice will result in both players receiving the same amount, which is the fairest possible choice.",11.62,11.62,21.829,1,0,0,0.226,0,0,4.5,5c3c1617f5ebd500018596cb,69e6685e1ba99dc625d97ee8,69e638d4b2228b5d05917569,0,"This choice will result in both players receiving the same amount, which is the fairest possible choice.",,66e0c3776b5107cea9706045,1.5,70f3046d-12e3-4101-9ebe-5ac47c56da7a,4.5,5,1,1,
2026-04-20 17:56:47,2026-04-20 18:02:53,IP Address,,100,365,True,2026-04-20 18:02:53,R_3tsMv3t1ue2ZIra,,,,,,,anonymous,EN,Very interested,,,I've never heard of it,..another participant from Prolific,..affects earnining for both you and your match,$6,0,0,3.431,0,0,0,2.012,0,17.806,21.225,26.68,3,"If they received the same information as I did then they choose to witholhs ome of the money allocated to them, when the optimal choice would have been to send the full amount with the hope and trust I would split the money evenly when given my choice, so instead of doing that with the amount they sent I sent back the difference so that it I received what I think should be the same they would have and not disproportionally less than them",28.939,43.562,57.079,2,0,0,0.105,0,0,6,5ac43d51a3ba7a0001b498d0,69e668d4f6e5f288e8720fd2,69e638d4b2228b5d05917569,3,"If they received the same information as I did then they choose to witholhs ome of the money allocated to them, when the optimal choice would have been to send the full amount with the hope and trust I would split the money evenly when given my choice, so instead of doing that with the amount they sent I sent back the difference so that it I received what I think should be the same they would have and not disproportionally less than them",,5ba8e2d9127ccd0001b2e3cd,3,5385befb-125f-4325-be4f-e29fa874e238,9,4,2,1,
2026-04-20 18:08:49,2026-04-20 18:09:05,IP Address,,100,15,True,2026-04-20 18:09:06,R_3mLCzpsNWpJZ7cO,,,,,,,anonymous,EN,,A bit interested,,,,,,,,,,,,,,,,,,,,,,,,,,,0,,69e12666afbfdd4a716e0681,69e66ba82a062734d7377676,69e638d4b2228b5d05917569,,,,,,,,,,0,
2026-04-20 18:12:41,2026-04-20 18:14:46,IP Address,,100,124,True,2026-04-20 18:14:46,R_5r4af2B04JJ8LRf,,,,,,,anonymous,EN,Very interested,,,I've never heard of it,..another participant from Prolific,..affects earnining for both you and your match,$6,0,0,3.221,0,0,0,2.005,0,12.966,16.395,18.529,4,so that we would both have 5,,,,,0,0,0.206,0,0,5,60ff186560b3d8631d11f5f7,69e66c7fc48c40a10155a8a0,69e638d4b2228b5d05917569,1,so that we would both have 5,,6824afdfce30efcd2e7274ef,2,c6079bdb-5a33-4483-9004-3d6d1a9356c0,6,,,1,
2026-04-20 17:55:18,2026-04-20 18:17:42,IP Address,,100,1343,True,2026-04-20 18:17:42,R_116ZG1xwI0LpqoO,,,,,,,anonymous,EN,Very interested,,,I've never heard of it,..another participant from Prolific,..affects your match earnings,$2,,,,,,,,,,,,,,,,,,,,,,1,,69b1b9c93046383751d6fe0c,69e66859e162fa2d13fd5033,69e638d4b2228b5d05917569,,,,,,,,,,1,
2026-04-20 18:15:09,2026-04-20 18:19:13,IP Address,,100,243,True,2026-04-20 18:19:14,R_3dmeEmlNGV3D6ok,,,,,,,anonymous,EN,Very interested,,,I've never heard of it,..another participant from Prolific,..affects earnining for both you and your match,$6,0,0,2.586,0,0,0,2.104,0,15.883,21.817,22.587,2,"Originally I was going to send player one's $3 back to them but I decided to be a little bit greedy and only send $2 so I can maximize my profits without hurting player one's feelings too bad. My line of thinking was ""if I was in his position, I wouldn't be holding my breath for anything in return, but at least I got two of my three dollars back.""",19.629,19.629,28.091,1,0,0,0.21,0,0,7,69d9b9e97acbf9ded233498c,69e66d28170bc934281fb6af,69e638d4b2228b5d05917569,2,,,5f67377af1af6f32004161cd,3,ddda707b-9b20-4d84-9206-ece3a5ea0da2,9,4,2,1,
2026-04-20 18:14:44,2026-04-20 18:19:57,IP Address,,100,313,True,2026-04-20 18:19:58,R_1QxQUarltr56sfp,,,,,,,anonymous,EN,Very interested,,,I've never heard of it,..another participant from Prolific,..affects earnining for both you and your match,$6,0,0,3.943,0,0,0,2.014,0,8.165,46.257,47.649,4,"Player 1 could have sent all $6, which would have tripled the amount. If they had done that, I would have sent back half, and then we each would have received $9. Since they didn't do that, I'm keeping the $4.50 based on the $1.50 they chose to send, thus giving us each $4.50.",6.152,8.949,12.893,2,0,0,0.212,0,0,4.5,5fe11e55e66d7fb4fe5629d5,69e66d03154cb9102b110e81,69e638d4b2228b5d05917569,0,"Player 1 could have sent all $6, which would have tripled the amount. If they had done that, I would have sent back half, and then we each would have received $9. Since they didn't do that, I'm keeping the $4.50 based on the $1.50 they chose to send, thus giving us each $4.50.",,5ea624b32b24666209c18941,1.5,1ef1377f-1c4b-495d-8e71-fa12cc67d51e,4.5,5,1,1,
2026-04-20 18:38:39,2026-04-20 18:40:37,IP Address,,100,117,True,2026-04-20 18:40:37,R_5foAUUJuxUvOr16,,,,,,,anonymous,EN,Very interested,,,I've never heard of it,..another participant from Prolific,..affects earnining for both you and your match,$2,,,,,,,,,,,,,,,,,,,,,,1,,6340b7955ab968e4426eb476,69e672adf53658f4fe6e3937,69e638d4b2228b5d05917569,,,,,,,,,,1,
2026-04-20 19:02:47,2026-04-20 19:05:07,IP Address,,100,140,True,2026-04-20 19:05:08,R_6oXV0R6EG2rBu1t,,,,,,,anonymous,EN,Very interested,,,I've never heard of it,..another participant from Prolific,..affects earnining for both you and your match,$6,0,0,3.158,0,0,0,2.008,0,8.683,9.553,13.481,2,I wanted to split the earnings,,,,,0,0,0.206,0,0,3,69d52b324e334167f88aaf06,69e6784eccffa410d81ba1a4,69e638d4b2228b5d05917569,3,I wanted to split the earnings,,6985cae61f4f48abdf956530,2,3e147b52-ca7d-455d-afd7-5022e0c42cf4,6,,,1,
2026-04-20 19:02:06,2026-04-20 19:07:20,IP Address,,100,314,True,2026-04-20 19:07:20,R_5iYXjoPnBwtF70J,,,,,,,anonymous,EN,Very interested,,,I've never heard of it,..another participant from Prolific,..affects earnining for both you and your match,$6,0,0,9.145,0,0,0,2.025,0,7.002,19.539,22.763,3,I chose that amount to be able to compensate player 1 for the money he has sent,12.866,17.181,21.07,3,0,0,0.21,0,0,12,699218fc3c4d6fb93e44c1fe,69e67827631f781750695151,69e638d4b2228b5d05917569,6,I chose that amount to be able to compensate player 1 for the money he has sent,,69baa27614b2c61d994a5fcc,6,161aef8d-0b79-4f1f-9126-4178a736c5bd,18,4,2,1,
2026-04-20 19:06:42,2026-04-20 19:09:03,IP Address,,100,141,True,2026-04-20 19:09:04,R_7pyxDHE1JM54SbF,,,,,,,anonymous,EN,,A bit interested,,,,,,,,,,,,,,,,,,,,,,,,,,,0,,6127181e64a16c46a232c135,69e67932cbe0bd07db366308,69e638d4b2228b5d05917569,,,,,,,,,,0,
2026-04-20 19:16:44,2026-04-20 19:19:42,IP Address,,100,177,True,2026-04-20 19:19:42,R_2GgJdHbHPyJ0caB,,,,,,,anonymous,EN,Very interested,,,I've never heard of it,..another participant from Prolific,..affects earnining for both you and your match,$6,0,0,4.403,0,0,0,2.112,0,6.527,14.237,18.586,3,"We would both end up with the same amount. The other player was generous in sending me the original amount, so I wanted them to end up with the same amount as I did.",13.198,15.4,22.297,2,0,0,0.208,0,0,6,63f6921f294f32b36bb1179e,69e67b9799b1e6021208eec9,69e638d4b2228b5d05917569,3,"We would both end up with the same amount. The other player was generous in sending me the original amount, so I wanted them to end up with the same amount as I did.",,69a273aa8ea44b93a7c318fa,3,45bf093b-e0d5-4c83-8033-56ac515be6a5,9,5,1,1,
2026-04-20 19:23:54,2026-04-20 19:25:27,IP Address,,100,92,True,2026-04-20 19:25:28,R_5Ub9RR0TDDaWwhM,,,,,,,anonymous,EN,Very interested,,,I've never heard of it,..another participant from Prolific,..affects earnining for both you and your match,$6,0,0,2.551,0,0,0,2.104,0,8.133,12.677,15.424,2,"In my mindset, they weren't willing to trust me fully, so at most I'll return what they gave freely. Had they chosen to trust me fully, I would have ensured they received 50% of the total.",,,,,0,0,0.209,0,0,4,5f4a7a00dc1bde60ab8f7ac5,69e67d48cc61b8515028aa63,69e638d4b2228b5d05917569,2,"In my mindset, they weren't willing to trust me fully, so at most I'll return what they gave freely. Had they chosen to trust me fully, I would have ensured they received 50% of the total.",,5f7366fe5b5261081e3d6fb8,2,0afb247c-aaa6-4a49-b5de-5c2a9a8c319d,6,,,1,
2026-04-20 19:22:35,2026-04-20 19:25:51,IP Address,,100,195,True,2026-04-20 19:25:52,R_2eVwGRHgt0tOqFn,,,,,,,anonymous,EN,Very interested,,,I've never heard of it,..another participant from Prolific,..affects earnining for both you and your match,$6,0,0,3.172,0,0,0,2.003,0,6.844,8.128,9.648,3,I sent half back of what they sent me. This way i get £3 and they £5....I could of sent them £2 back for an even £4 each tho.,,,,,0,0,0.205,0,0,3,63f54db123b350a3b5836638,69e67cf747fcafda7ffe2ede,69e638d4b2228b5d05917569,3,I sent half back of what they sent me. This way i get £3 and they £5....I could of sent them £2 back for an even £4 each tho.,,663a5c96bf6c0f72730b22d5,2,992bc634-5a67-4b51-bbd0-13557dea4dc5,6,,,1,
2026-04-20 19:30:18,2026-04-20 19:30:26,IP Address,,100,8,True,2026-04-20 19:30:27,R_2FBNFAEMXYgVF1T,,,,,,,anonymous,EN,,,Not interested at all,,,,,,,,,,,,,,,,,,,,,,,,,,0,,69e677be36fccbeb3e6dbf43,69e67ec0d55b8c0a9f52fe70,69e638d4b2228b5d05917569,,,,,,,,,,0,
2026-04-20 19:30:37,2026-04-20 19:32:56,IP Address,,100,138,True,2026-04-20 19:32:56,R_1YStwf2ycTrrlsr,,,,,,,anonymous,EN,Very interested,,,I've never heard of it,..another participant from Prolific,..affects earnining for both you and your match,$6,0,0,3.446,0,1.369,1.369,2.009,1,6.554,9.12,16.621,2,I sent back the amount that would give us equal end-total amounts! We should both have $5 at the end.,,,,,0,0,0.106,0,0,5,66592dfcb3c1b6f73d81495c,69e67ed7705b7aa0ea81410d,69e638d4b2228b5d05917569,1,I sent back the amount that would give us equal end-total amounts! We should both have $5 at the end.,,67c8b1367b6d2f13cc496d56,2,0e0cb679-3460-4145-807f-b6cfdeaeef8d,6,,,1,
2026-04-20 19:35:12,2026-04-20 19:35:23,IP Address,,100,11,True,2026-04-20 19:35:23,R_7RtNwpsJrDIs5dn,,,,,,,anonymous,EN,Very interested,,,,,,,,,,,,,,,,,,,,,,,,,,,,0,,69d1d8d02ab49d96761eec8b,69e67fe9c3dd0c3b2c077cf4,69e638d4b2228b5d05917569,,,,,,,,,,0,
2026-04-20 19:31:23,2026-04-20 19:35:44,IP Address,,100,260,True,2026-04-20 19:35:44,R_8YWDXPWH1MNpVPz,,,,,,,anonymous,EN,Very interested,,,I've never heard of it,..another participant from Prolific,..affects earnining for both you and your match,$6,0,0,3.737,0,0,0,2.124,0,14.646,23.246,27.786,4,I decided to return the same amount that was sent to me by player 1. I felt this was fair as it matched player 1's decision,11.423,16.602,18.444,4,0,0,0.216,0,0,6,66d09992486b10cd99e00d4e,69e67ebee339901d4b4aacee,69e638d4b2228b5d05917569,3,I decided to return the same amount that was sent to me by player 1. I felt this was fair as it matched player 1's decision,,69de6d0aa2c634d6b4da35b4,3,04a71014-e9ba-4768-8558-4f0274ee1def,9,4,2,1,
2026-04-20 19:30:30,2026-04-20 19:36:03,IP Address,,100,332,True,2026-04-20 19:36:03,R_1CJ6sDx3Mu9y1Ii,,,,,,,anonymous,EN,Very interested,,,I've never heard of it,..another participant from Prolific,..affects earnining for both you and your match,$6,0,0,3.023,0,0,0,2.005,0,23.037,23.037,42.676,1,"I chose the halfway amount of $9. Since Player 1 sent $6 out of a possible $6, the player will receive his/her original $6 + an extra $3 which I think is the fairest possible situation in order for both of us to make money and come out as a win-win.",11.825,11.825,13.73,1,0,0,0.204,0,0,9,69c1bb3ac815e0c031208a9b,69e67ed08e5c70a1f94dc4ce,69e638d4b2228b5d05917569,9,"I chose the halfway amount of $9. Since Player 1 sent $6 out of a possible $6, the player will receive his/her original $6 + an extra $3 which I think is the fairest possible situation in order for both of us to make money and come out as a win-win.",,56764223193963000551db43,6,df398f3a-8753-47c0-b29c-3d6ec4e4ba52,18,3,3,1,
2026-04-20 19:31:50,2026-04-20 19:37:46,IP Address,,100,356,True,2026-04-20 19:37:47,R_2m1v5jP98bLzshl,,,,,,,anonymous,EN,Very interested,,,I've never heard of it,..another participant from Prolific,..affects earnining for both you and your match,$6,0,0,3.873,0,0,0,2.014,0,57.474,75.46,77.2,7,i wanted us to have roughly the same amount,18.892,28.748,30.874,3,0,0,0.109,0,0,7,5f64ea0392e24101c0bfaebe,69e67f1541e6b394c46dbf77,69e638d4b2228b5d05917569,5,i wanted us to have roughly the same amount,,67619ae5b0f40519f6c31912,4,9f53c973-7f8f-4f57-a235-6c750afc868f,12,3,3,1,
2026-04-20 19:31:32,2026-04-20 19:38:10,IP Address,,100,398,True,2026-04-20 19:38:11,R_5LPsrfCahxepdO9,,,,,,,anonymous,EN,Very interested,,,I've never heard of it,..another participant from Prolific,..affects earnining for both you and your match,$6,0,0,2.768,0,0,0,2.007,0,6.85,15.743,24.9,6,"I think it affects the bonus amount at the end, so I thought it would be better to go for the higher side of it.",37.97,98.218,120.398,8,0,0,0.104,0,0,1,69e649d6a4fb47f22358a425,69e67eeaea0982f9b5e05ca2,69e638d4b2228b5d05917569,2,"I think it affects the bonus amount at the end, so I thought it would be better to go for the higher side of it.",,6350291dda5623a771dab2be,1,a91dd8b0-3e6d-40a1-add5-305832b2fe92,3,5,1,1,
2026-04-20 19:38:02,2026-04-20 19:39:51,IP Address,,100,109,True,2026-04-20 19:39:52,R_5ElYWXpIfCHejLg,,,,,,,anonymous,EN,Very interested,,,I've never heard of it,..another participant from Prolific,..affects earnining for both you and your match,$6,0,0,2.666,0,0,0,2.009,0,17.321,17.321,19.445,1,I split the $16 evenly so we would both benefit. ,6.545,6.545,8.954,1,0,0,0.209,0,0,9,5c8198fcf29fd90001a2b9c9,69e6809238bc8ffd03ed674d,69e638d4b2228b5d05917569,9,I split the $16 evenly so we would both benefit. ,,69e14c9afb576dfc357230ee,6,3224aafc-3943-4684-8221-4b7b3b136bb8,18,3,3,1,
2026-04-20 19:39:21,2026-04-20 19:43:58,IP Address,,100,276,True,2026-04-20 19:43:58,R_6gGydQwhFKppaLf,,,,,,,anonymous,EN,Very interested,,,I've never heard of it,..another participant from Prolific,..affects earnining for both you and your match,$6,0,0,3.083,0,0,0,2.108,0,10.327,12.781,20.474,2,Player 1 could have sent me the full amount to be tripled and then I would have had more money to send back but I sent the same ratio amount i was sent. felt fair-ish. ,7.047,8.948,12.125,2,0,0,0.219,0,0,7,69a89c0955605fb10a4fff5e,69e680dfbd2b50b67970b524,69e638d4b2228b5d05917569,5,Player 1 could have sent me the full amount to be tripled and then I would have had more money to send back but I sent the same ratio amount i was sent. felt fair-ish. ,,678bbb267cd2b3ce8d20084f,4,314bab57-10b5-4df5-8ded-19c5a0d6d4ce,12,0,6,1,
2026-04-20 19:39:40,2026-04-20 19:45:21,IP Address,,100,341,True,2026-04-20 19:45:21,R_8hzGtaNkd0EUSQq,,,,,,,anonymous,EN,Very interested,,,I've never heard of it,..another participant from Prolific,..affects earnining for both you and your match,$6,0,0,5.205,0,0,0,2.017,0,30.886,41.342,42.592,4,"i thought that I would get 3 times more than the other player, ",28.868,35.374,38.535,2,0,0,0.213,0,0,2,69e67aaedad896066d6236f4,69e680d2029868cbfe3a4179,69e638d4b2228b5d05917569,1,"i thought that I would get 3 times more than the other player, ",,610a81561cb8c17ebce209b3,1,d6478e4d-1098-48ab-be5e-2e8158ad19f0,3,4,2,1,
2026-04-20 19:43:16,2026-04-20 19:46:01,IP Address,,100,164,True,2026-04-20 19:46:01,R_8TlyaPU3acjsG4x,,,,,,,anonymous,EN,Very interested,,,I've never heard of it,..another participant from Prolific,..affects earnining for both you and your match,$6,0,0,2.847,0,0,0,2.112,0,6.973,6.973,8.511,1,Because in studies like this im always generous and it always back fires so this time ive chosen to be selfish,20.383,22.934,23.423,5,0,0,0.106,0,0,9,6753746b1f8827e2bd586bf0,69e681ce10d4e2ac24d52044,69e638d4b2228b5d05917569,0,Because in studies like this im always generous and it always back fires so this time ive chosen to be selfish,,6781933417d513a66eaae237,3,d3a5b473-dc9a-4e6a-94b4-3992c2dd3c1a,9,6,0,1,
2026-04-20 19:43:06,2026-04-20 19:47:37,IP Address,,100,271,True,2026-04-20 19:47:38,R_1J8JO8Ru409UJ4e,,,,,,,anonymous,EN,Very interested,,,I've never heard of it,..another participant from Prolific,..affects earnining for both you and your match,$6,0,0,2.704,0,0,0,2.014,0,24.692,24.692,32.403,1,I chose to send back the amount that would make both of us have an equal amount because Player 1 was kind enough to do the same for me.,15.885,22.834,25.411,2,0,0,0.209,0,0,6,66bb709ce1d10a35465ea4f3,69e681c0d8465b2559952ae3,69e638d4b2228b5d05917569,3,I chose to send back the amount that would make both of us have an equal amount because Player 1 was kind enough to do the same for me.,,69d59fdaf0821befca92f432,3,be99cb55-2350-4c3a-9900-740e66dd9287,9,4,2,1,
2026-04-20 19:35:35,2026-04-20 19:47:45,IP Address,,100,729,True,2026-04-20 19:47:45,R_3qaPqbSLFWyStb8,,,,,,,anonymous,EN,Very interested,,,I've never heard of it,..another participant from Prolific,..affects earnining for both you and your match,$6,0,0,2.579,0,0,0,2.013,0,15.185,19.124,24.862,2,he was willing to share all her money so almost doubled it in refund ,109.938,116.009,122.603,3,0,0,0.215,0,0,8,69dfa7e4d845f4c67773bb23,69e67ff1e28debdf12d3418a,69e638d4b2228b5d05917569,10,he was willing to share all her money so almost doubled it in refund ,,5e42e99a423d0b0526ec6592,6,6979697f-34eb-42bf-9ba1-29df9a38beac,18,2,4,1,
2026-04-20 19:53:06,2026-04-20 19:56:59,IP Address,,100,233,True,2026-04-20 19:57:00,R_1YhXSPT5tVSqJrR,,,,,,,anonymous,EN,Very interested,,,I've never heard of it,..another participant from Prolific,..affects earnining for both you and your match,$6,0,0,3.302,0,0,0,2.015,0,12.084,58.249,64.751,2,That way we both end up with the same amount. It's fair.,14.553,26.843,33.567,2,0,0,0.204,0,0,6,5beddd59e4dbf300011c1d50,69e6841c53e858a826ae9c18,69e638d4b2228b5d05917569,3,That way we both end up with the same amount. It's fair.,,652ec349c589a18943280477,3,efa664a5-bd71-4fab-a272-927c03c8ae38,9,5,1,1,
2026-04-21 09:28:31,2026-04-21 09:28:38,IP Address,,100,6,True,2026-04-21 09:28:39,R_2SdCxGgCr3zewfL,,,,,,,anonymous,EN,Very interested,,,,,,,,,,,,,,,,,,,,,,,,,,,,0,,69e67804f2a6dd504af3dca3,69e743313172a7bbe563f094,69e638d4b2228b5d05917569,,,,,,,,,,0,
2026-04-21 09:29:23,2026-04-21 09:29:54,IP Address,,100,30,True,2026-04-21 09:29:54,R_2gzKXxrBVmWKgDQ,,,,,,,anonymous,EN,,,,I've never heard of it,,,,,,,,,,,,,,,,,,,,,,,,,0,,69e66fedb8e42d3cd50f9519,69e7436a97d2af11329d0efb,69e638d4b2228b5d05917569,,,,,,,,,,0,
2026-04-21 09:28:32,2026-04-21 09:31:59,IP Address,,100,207,True,2026-04-21 09:32:00,R_8LexwODb9Xnf6U6,,,,,,,anonymous,EN,Very interested,,,I've never heard of it,..another participant from Prolific,..affects earnining for both you and your match,$6,0,0,4.883,0,0,0,2.007,0,11.074,13.585,16.028,3,I was impressed that the player chose to send me all of their allocated money so I felt it was only fair to return the faviour and split the earned money between both of us. ,10.121,11.125,12.559,2,0,0,0.206,0,0,9,5d037ec8dc1d460001b0a71a,69e74336b64a4ae8363e19bd,69e638d4b2228b5d05917569,9,I was impressed that the player chose to send me all of their allocated money so I felt it was only fair to return the faviour and split the earned money between both of us. ,,69bdbd9a9f1b1b01808f81d8,6,532ada28-0e5a-4ba6-8e08-fb1b0a7bf32e,18,3,3,1,
2026-04-21 10:12:19,2026-04-21 10:12:25,IP Address,,100,5,True,2026-04-21 10:12:25,R_8DwJIg0U46MCjlo,,,,,,,anonymous,EN,Very interested,,,,,,,,,,,,,,,,,,,,,,,,,,,,0,,69e6501efccf9d6a51789a02,69e74d7efa511528eaaf4677,69e638d4b2228b5d05917569,,,,,,,,,,0,
2026-04-21 10:12:44,2026-04-21 10:12:52,IP Address,,100,7,True,2026-04-21 10:12:52,R_2ihoBGJkp8LXJv3,,,,,,,anonymous,EN,,A bit interested,,,,,,,,,,,,,,,,,,,,,,,,,,,0,,69e67a49738e68fa68112da3,69e74d94a9da5adf242a9bef,69e638d4b2228b5d05917569,,,,,,,,,,0,
2026-04-21 10:12:09,2026-04-21 10:14:49,IP Address,,100,159,True,2026-04-21 10:14:49,R_2zYZpoBC90q6k7i,,,,,,,anonymous,EN,Very interested,,,I've never heard of it,..another participant from Prolific,..affects earnining for both you and your match,$6,0,0,3.462,0,0,0,2.011,0,7.126,9.3,10.126,2,Player one will still have more money than me anyway so does not need any more back. They were also not very generous.,,,,,0,0,0.205,0,0,6,63d7ae7ce8bad3b539a8332c,69e74d749b91ea11f4210df4,69e638d4b2228b5d05917569,0,Player one will still have more money than me anyway so does not need any more back. They were also not very generous.,,668074940bb84263e75dce77,2,f125f935-bacc-4b30-b733-347c43e511dc,6,,,1,
2026-04-21 10:12:45,2026-04-21 10:15:02,IP Address,,100,137,True,2026-04-21 10:15:03,R_3PqZQpLXG5k5gwp,,,,,,,anonymous,EN,Very interested,,,I've never heard of it,..another participant from Prolific,..affects earnining for both you and your match,$6,0.05,0.05,2.993,1,0,0,2.019,0,0.529,26.938,28.239,2,It would put us at the same amount of money,,,,,0,0,0.21,0,0,5,615deb85c655c2768d2b5caa,69e74d97a127e56fe3bee7fb,69e638d4b2228b5d05917569,1,It would put us at the same amount of money,,61058ec065679950ffada919,2,1f420259-f204-47b0-9c19-903dcc7e3a44,6,,,1,
2026-04-21 10:12:55,2026-04-21 10:15:09,IP Address,,100,134,True,2026-04-21 10:15:10,R_8pQVWrIGsR7kSDF,,,,,,,anonymous,EN,Very interested,,,I've never heard of it,..another participant from Prolific,..affects earnining for both you and your match,$6,0,0,3.213,0,0,0,2.011,0,3.962,10.494,12.093,2,"I chose this as this is the amount that player 1 started with, so they have not lost out from sending me all the money initially.",15.692,15.692,16.789,1,0,0,0.207,0,0,12,59f82eb0680a95000122b0cd,69e74d9e6097a3b2170d701c,69e638d4b2228b5d05917569,6,"I chose this as this is the amount that player 1 started with, so they have not lost out from sending me all the money initially.",,5e91b4dc5be9fb0008cc26d0,6,f1d1b97b-5ff9-4083-9547-f53b0f913285,18,4,2,1,
2026-04-21 10:13:03,2026-04-21 10:15:12,IP Address,,100,129,True,2026-04-21 10:15:13,R_8qrp8QNIVjy3cfH,,,,,,,anonymous,EN,Very interested,,,I've never heard of it,..another participant from Prolific,..affects earnining for both you and your match,$6,0,0,3.221,0,0,0,2.01,0,9.932,18.915,19.817,3,"Because we need to trust each other so it is fair
",5.051,10.816,12.57,3,0,0,0.107,0,0,0.5,67666aea50709393a7cda5f8,69e74da8e7d27d8daf5ae3ef,69e638d4b2228b5d05917569,4,,,5e42fc295135b5000cd20d0b,1.5,0cab5fc7-aa1e-4e8e-81f7-b6ee5cd6cc97,4.5,2,4,1,
2026-04-21 10:13:10,2026-04-21 10:15:46,IP Address,,100,156,True,2026-04-21 10:15:46,R_20o7cM3le14VLbD,,,,,,,anonymous,EN,Very interested,,,I've never heard of it,..another participant from Prolific,..affects earnining for both you and your match,$6,0,0,3.163,0,0,0,2.128,0,14.519,24.823,27.02,5,I felt that I had gained financially so I was happy to return Player 2's original donation.,,,,,0,0,0.223,0,0,4,5977369c435a7500011593ee,69e74d9ccad331976884ec47,69e638d4b2228b5d05917569,2,I felt that I had gained financially so I was happy to return Player 2's original donation.,,676d84858626178add0fc70a,2,48969852-6c37-4742-95d5-aec1db34fc15,6,,,1,
2026-04-21 10:12:30,2026-04-21 10:15:47,IP Address,,100,197,True,2026-04-21 10:15:47,R_8NxrM3IgLd2ydJD,,,,,,,anonymous,EN,Very interested,,,I've never heard of it,..another participant from Prolific,..affects earnining for both you and your match,$6,0,0,2.971,0,0,0,2.01,0,6.901,6.901,7.64,1,the participant sent the full amount. axelrod teaches tit for tat and that is an ethos i abide by,7.143,7.143,9.716,1,0,0,0.204,0,1,0,60df5e55e8cd8cf982579eb8,69e74d8658abfc935c4fd537,69e638d4b2228b5d05917569,18,the participant sent the full amount. axelrod teaches tit for tat and that is an ethos i abide by,,5ab3b13e0527ba0001c1605c,6,c6a51c8e-af35-47ae-b424-c1001b55ac4d,18,0,6,1,
2026-04-21 10:12:16,2026-04-21 10:16:01,IP Address,,100,225,True,2026-04-21 10:16:02,R_8O6zrmVPDWqS66T,,,,,,,anonymous,EN,Very interested,,,I've never heard of it,..another participant from Prolific,..affects earnining for both you and your match,$6,0,0,3.563,0,0,0,2.003,0,12.841,12.841,17.671,1,"He only sent me $1. Player 1 has $5 left and I have $3, I don't think he need more.",15.549,17.28,26.967,2,0,0,0.211,0,0,3,58c45e5f5e07b6000139e095,69e74d7c3b5e300fbd9da2c6,69e638d4b2228b5d05917569,0,"He only sent me $1. Player 1 has $5 left and I have $3, I don't think he need more.",,697ce23c1829fe252ad03260,1,22bfcb79-6807-4f01-905f-1f47e105fca6,3,5,1,1,
2026-04-21 10:12:17,2026-04-21 10:16:06,IP Address,,100,228,True,2026-04-21 10:16:06,R_2M5SiYirc35Et5j,,,,,,,anonymous,EN,Very interested,,,I've never heard of it,..another participant from Prolific,..affects earnining for both you and your match,$6,0,0,3.838,0,0,0,2.127,0,12.55,27.339,34.821,2,"I felt it was ok that they got their money back, i felt a little unfair not giving more but the money would really help me in my personal life.",8.035,14.029,14.839,2,0,0,0.221,0,0,12,63f77dc98bfabd95812edc2c,69e74d7c7815ea94e8717793,69e638d4b2228b5d05917569,6,"I felt it was ok that they got their money back, i felt a little unfair not giving more but the money would really help me in my personal life.",,69e1f82efe2260eb3be03c13,6,2a60725f-2bb5-4960-aafd-22821c1f2f47,18,4,2,1,
2026-04-21 10:12:27,2026-04-21 10:16:08,IP Address,,100,221,True,2026-04-21 10:16:09,R_6YyR8QFqeK4CENz,,,,,,,anonymous,EN,Very interested,,,I've never heard of it,..another participant from Prolific,..affects earnining for both you and your match,$6,0,0,2.989,0,0,0,2.12,0,13.987,13.987,19.187,1,So that player one and I would receive the same amount of money,17.319,17.319,29.487,1,0,0,0.12,0,0,9,697696bb6bd8425d74b1f53e,69e74d8074750b015d177fbc,69e638d4b2228b5d05917569,9,So that player one and I would receive the same amount of money,,671fdba47331ab5b06398ad7,6,4f83a3ca-5f53-4194-82d9-27b99d044b81,18,5,1,1,
2026-04-21 10:12:21,2026-04-21 10:16:30,IP Address,,100,248,True,2026-04-21 10:16:30,R_2SdiwxUV34JCeoF,,,,,,,anonymous,EN,Very interested,,,I've never heard of it,..another participant from Prolific,..affects earnining for both you and your match,$6,0,0,3.493,0,0,0,2.012,0,13.667,14.792,18.333,2,If I give back $3 then we both would receive $6 which is fair.,49.698,52.913,54.168,4,0,0,0.109,0,0,6,6978c55dc4184d36fd9346e3,69e74d724708b183aacda176,69e638d4b2228b5d05917569,3,If I give back $3 then we both would receive $6 which is fair.,,69bca9ff8b05e27781e23a7e,3,53ba3203-b474-4958-b6c4-5308c66110cc,9,5,1,1,
2026-04-21 10:13:01,2026-04-21 10:17:59,IP Address,,100,297,True,2026-04-21 10:17:59,R_6ysU5jhYLkGkmJj,,,,,,,anonymous,EN,Very interested,,,I've never heard of it,..another participant from Prolific,..affects earnining for both you and your match,$6,0,0,4.514,0,0,0,2.025,0,18.015,18.015,21.101,1,because if i send them back 3 dollars they will still receive their 6 dollars that way it can be equal if im thinking correctly,6.959,9.443,14.541,2,0,0,0.223,0,0,4,69b17b11799046c664e867c1,69e74d9bd991248998ff3e3e,69e638d4b2228b5d05917569,3.5,because if i send them back 3 dollars they will still receive their 6 dollars that way it can be equal if im thinking correctly,,60abbb05288f7eeb1312c3b7,2.5,5e6ad70d-6bce-4003-a4b9-998e382c8201,7.5,3,3,1,
2026-04-21 10:12:30,2026-04-21 10:18:06,IP Address,,100,335,True,2026-04-21 10:18:06,R_8e8slcdwZllAwZ9,,,,,,,anonymous,EN,Very interested,,,I've never heard of it,..another participant from Prolific,..affects earnining for both you and your match,$6,0,0,2.969,0,0,0,2.112,0,7.439,9.641,10.932,4,I dont believe it's a real participant and want a greater payoff,7.571,10.569,12.297,7,0,0,0.21,0,0,9,612cebaa82955dc557a8ba2c,69e74d88791f8d3e52758377,69e638d4b2228b5d05917569,0,I dont believe it's a real participant and want a greater payoff,,69de8f3bde899f9d48624be8,3,1f8df528-f63e-4cab-b8b8-dbfe1c66a42b,9,6,0,1,
2026-04-21 10:13:00,2026-04-21 10:18:10,IP Address,,100,309,True,2026-04-21 10:18:10,R_8Vg8AjXfGsI7eco,,,,,,,anonymous,EN,Very interested,,,I've never heard of it,..another participant from Prolific,..affects earnining for both you and your match,$6,0,0,3.205,0,0,0,2.012,0,16.221,25.852,33.766,4,"i chose this amount because i wanted to be fair , player 1 chose to send some of there money to me , which increased the total amount , so i think resonable to share the benefit than to keep most of it , we both gain",17.189,19.389,23.984,3,0,0,0.216,0,0,5,69e7204dca8016d782310f8f,69e74da24a6a25a929d5bdc5,69e638d4b2228b5d05917569,4,"i chose this amount because i wanted to be fair , player 1 chose to send some of there money to me , which increased the total amount , so i think resonable to share the benefit than to keep most of it , we both gain",,666311bf052b40396333594e,3,4ea84787-7295-4357-a864-d510fa7548d2,9,4,2,1,
2026-04-21 10:12:13,2026-04-21 10:18:32,IP Address,,100,378,True,2026-04-21 10:18:32,R_6JEJncZmTJ8q0o3,,,,,,,anonymous,EN,Very interested,,,I've never heard of it,..another participant from Prolific,..affects earnining for both you and your match,$6,0,0,2.779,0,0,0,2.018,0,28.526,28.526,39.684,1,"Using only financial incentive, I would send back $0. I want to reward Player 1 for risking all $6 to maximize the 3X increase and for trusting that I would send back at least $6.",27.811,75.063,82.901,6,0,0,0.213,0,1,9,667af145fa8225b6be0e79b8,69e74d756add7ff608447fbf,69e638d4b2228b5d05917569,9,"Using only financial incentive, I would send back $0. I want to reward Player 1 for risking all $6 to maximize the 3X increase and for trusting that I would send back at least $6.",,69e1f82efe2260eb3be03c13,6,098d36e6-a450-4138-ae7a-5e4169e8857e,18,5,1,1,
2026-04-21 10:19:03,2026-04-21 10:19:11,IP Address,,100,8,True,2026-04-21 10:19:12,R_85WxwH1gvy83Q5V,,,,,,,anonymous,EN,,A bit interested,,,,,,,,,,,,,,,,,,,,,,,,,,,0,,69e70c8122d870695fd28e53,69e74e7e240b32fe4e76a136,69e638d4b2228b5d05917569,,,,,,,,,,0,
2026-04-21 10:12:36,2026-04-21 10:20:30,IP Address,,100,473,True,2026-04-21 10:20:31,R_7MLIpdyI8xpGtyS,,,,,,,anonymous,EN,Very interested,,,I've never heard of it,..another participant from Prolific,..affects earnining for both you and your match,$6,0,0,2.832,0,0,0,2.004,0,27.076,30.442,43.486,2,Player 1 was generous enough to send me half of the initial money. That shows a sense of egality on their part. So I returned the sentiment by equalizing our final profits to $6 each.,16.072,26.725,39.564,2,0,0,0.202,0,0,6,66720d50c394601b811a0e49,69e74d8e71f4d8fb8b04ce44,69e638d4b2228b5d05917569,3,Player 1 was generous enough to send me half of the initial money. That shows a sense of egality on their part. So I returned the sentiment by equalizing our final profits to $6 each.,,5c9567e99d4cac0011609746,3,89320379-5f44-44ae-b769-ca67aa63ed7e,9,4.5,1.5,1,
2026-04-21 10:19:59,2026-04-21 10:22:15,IP Address,,100,136,True,2026-04-21 10:22:15,R_2lXDdRDiJ8adf6N,,,,,,,anonymous,EN,Very interested,,,I've never heard of it,..another participant from Prolific,..affects earnining for both you and your match,$6,0,0,3.632,0,0,0,2.011,0,8.98,12.098,13.185,6,they sent very little over and kept lots for themselves,7.333,8.614,9.629,2,0,0,0.208,0,0,4,615ec0557ed77fa14b565382,69e74f445b7d6bda4114b400,69e638d4b2228b5d05917569,0.5,they sent very little over and kept lots for themselves,,69c55b66d8ade7f9bd6109d6,1.5,ebde6c45-bcef-4734-b113-6a06cc9f093f,4.5,4.5,1.5,1,
2026-04-21 10:12:54,2026-04-21 10:23:03,IP Address,,100,609,True,2026-04-21 10:23:03,R_3pAKzPPW1JwBo1W,,,,,,,anonymous,EN,Very interested,,,I've never heard of it,..another participant from Prolific,..affects earnining for both you and your match,$6,0,0,4.443,0,0,0,2.067,0,3.201,85.959,87.242,7,I think this is a good amount to give,4.122,7.901,8.382,2,0,0,0.103,0,0,1.5,67745cfb4893225ef8d4bc4a,69e74d9d96a6ec0d882fd2bf,69e638d4b2228b5d05917569,1.5,I think this is a good amount to give,,63bc0a007b1c348dff56b59d,1,c7c1fad5-a27d-43f5-8ed8-910f8ffdc572,3,3,3,1,
2026-04-21 10:22:39,2026-04-21 10:26:38,IP Address,,100,238,True,2026-04-21 10:26:38,R_22KKmUZlT3ILzVx,,,,,,,anonymous,EN,Very interested,,,I've never heard of it,..another participant from Prolific,..affects earnining for both you and your match,$6,0,0,3.13,0,0,0,2.004,0,5.741,8.177,18.132,2,It is the fairest outcome. This way I can reward player 1's behaviour and make a gain myself. I would not betray player 1's trust by taking all the money. ,8.544,9.958,11.584,2,0,0,0.21,0,0,9,5eb415e40b324a222db46f01,69e74fe95027e28b1dba3e99,69e638d4b2228b5d05917569,9,It is the fairest outcome. This way I can reward player 1's behaviour and make a gain myself. I would not betray player 1's trust by taking all the money. ,,6658d9826d4ec610f1b0cc33,6,22bb4ab1-b45c-48b7-a60e-d18f99744cd2,18,4,2,1,
2026-04-21 11:03:02,2026-04-21 11:05:03,IP Address,,100,121,True,2026-04-21 11:05:03,R_81i104ULnap7QMc,,,,,,,anonymous,EN,Very interested,,,I've never heard of it,..another participant from Prolific,..affects earnining for both you and your match,$6,0,0,3.746,0,0,0,2.117,0,11.667,11.667,12.697,1,"Well I wanted to send something, given that they had sent a decent amount. However, I wanted to keep the majority. ",6.632,7.439,8.925,2,0,0,0.209,0,0,8,63d13c07fe685427e3f96138,69e75960b3eac9175a4f9b4a,69e638d4b2228b5d05917569,1,"Well I wanted to send something, given that they had sent a decent amount. However, I wanted to keep the majority. ",,69b8303c5de11af88f47f501,3,115308cf-7902-4d63-a2fa-83eb45e18811,9,5,1,1,
