provider,model,replicate,context_id,vignette_id,presentation_label,presentation_order,rating,prompt_version,attempts,timestamp_utc,input_fingerprint
codex,codex-self-rating,1,T01,V01,V01,1,27.0,round6-neutral-v1,1,2026-08-17T14:16:22.421688+00:00,876368ab1629fc052a449e4ec277239a1d67750e45e4670817814d172c411886
codex,codex-self-rating,1,T01,V02,V02,2,56.0,round6-neutral-v1,1,2026-08-17T14:16:22.421688+00:00,876368ab1629fc052a449e4ec277239a1d67750e45e4670817814d172c411886
codex,codex-self-rating,1,T01,V03,V03,3,24.0,round6-neutral-v1,1,2026-08-17T14:16:22.421688+00:00,876368ab1629fc052a449e4ec277239a1d67750e45e4670817814d172c411886
codex,codex-self-rating,1,T01,V04,V04,4,38.0,round6-neutral-v1,1,2026-08-17T14:16:22.421688+00:00,876368ab1629fc052a449e4ec277239a1d67750e45e4670817814d172c411886
codex,codex-self-rating,1,T01,V05,V05,5,86.0,round6-neutral-v1,1,2026-08-17T14:16:22.421688+00:00,876368ab1629fc052a449e4ec277239a1d67750e45e4670817814d172c411886
codex,codex-self-rating,1,T01,V06,V06,6,30.0,round6-neutral-v1,1,2026-08-17T14:16:22.421688+00:00,876368ab1629fc052a449e4ec277239a1d67750e45e4670817814d172c411886
codex,codex-self-rating,1,T01,V07,V07,7,42.0,round6-neutral-v1,1,2026-08-17T14:16:22.421688+00:00,876368ab1629fc052a449e4ec277239a1d67750e45e4670817814d172c411886
codex,codex-self-rating,1,T01,V08,V08,8,68.0,round6-neutral-v1,1,2026-08-17T14:16:22.421688+00:00,876368ab1629fc052a449e4ec277239a1d67750e45e4670817814d172c411886
codex,codex-self-rating,1,T01,V09,V09,9,86.0,round6-neutral-v1,1,2026-08-17T14:16:22.421688+00:00,876368ab1629fc052a449e4ec277239a1d67750e45e4670817814d172c411886
codex,codex-self-rating,1,T01,V10,V10,10,66.0,round6-neutral-v1,1,2026-08-17T14:16:22.421688+00:00,876368ab1629fc052a449e4ec277239a1d67750e45e4670817814d172c411886
codex,codex-self-rating,1,T01,V11,V11,11,32.0,round6-neutral-v1,1,2026-08-17T14:16:22.421688+00:00,876368ab1629fc052a449e4ec277239a1d67750e45e4670817814d172c411886
codex,codex-self-rating,1,T01,V12,V12,12,74.0,round6-neutral-v1,1,2026-08-17T14:16:22.421688+00:00,876368ab1629fc052a449e4ec277239a1d67750e45e4670817814d172c411886
codex,codex-self-rating,1,T01,V13,V13,13,70.0,round6-neutral-v1,1,2026-08-17T14:16:22.421688+00:00,876368ab1629fc052a449e4ec277239a1d67750e45e4670817814d172c411886
codex,codex-self-rating,1,T01,V14,V14,14,70.0,round6-neutral-v1,1,2026-08-17T14:16:22.421688+00:00,876368ab1629fc052a449e4ec277239a1d67750e45e4670817814d172c411886
codex,codex-self-rating,1,T01,V15,V15,15,65.0,round6-neutral-v1,1,2026-08-17T14:16:22.421688+00:00,876368ab1629fc052a449e4ec277239a1d67750e45e4670817814d172c411886
codex,codex-self-rating,1,T01,V16,V16,16,26.0,round6-neutral-v1,1,2026-08-17T14:16:22.421688+00:00,876368ab1629fc052a449e4ec277239a1d67750e45e4670817814d172c411886
codex,codex-self-rating,1,T01,V17,V17,17,48.0,round6-neutral-v1,1,2026-08-17T14:16:22.421688+00:00,876368ab1629fc052a449e4ec277239a1d67750e45e4670817814d172c411886
codex,codex-self-rating,1,T01,V18,V18,18,25.0,round6-neutral-v1,1,2026-08-17T14:16:22.421688+00:00,876368ab1629fc052a449e4ec277239a1d67750e45e4670817814d172c411886
codex,codex-self-rating,1,T01,V19,V19,19,31.0,round6-neutral-v1,1,2026-08-17T14:16:22.421688+00:00,876368ab1629fc052a449e4ec277239a1d67750e45e4670817814d172c411886
codex,codex-self-rating,1,T01,V20,V20,20,65.0,round6-neutral-v1,1,2026-08-17T14:16:22.421688+00:00,876368ab1629fc052a449e4ec277239a1d67750e45e4670817814d172c411886
codex,codex-self-rating,1,T01,V21,V21,21,69.0,round6-neutral-v1,1,2026-08-17T14:16:22.421688+00:00,876368ab1629fc052a449e4ec277239a1d67750e45e4670817814d172c411886
codex,codex-self-rating,1,T01,V22,V22,22,41.0,round6-neutral-v1,1,2026-08-17T14:16:22.421688+00:00,876368ab1629fc052a449e4ec277239a1d67750e45e4670817814d172c411886
codex,codex-self-rating,1,T01,V23,V23,23,69.0,round6-neutral-v1,1,2026-08-17T14:16:22.421688+00:00,876368ab1629fc052a449e4ec277239a1d67750e45e4670817814d172c411886
codex,codex-self-rating,1,T01,V24,V24,24,31.0,round6-neutral-v1,1,2026-08-17T14:16:22.421688+00:00,876368ab1629fc052a449e4ec277239a1d67750e45e4670817814d172c411886
codex,codex-self-rating,1,T01,V25,V25,25,29.0,round6-neutral-v1,1,2026-08-17T14:16:22.421688+00:00,876368ab1629fc052a449e4ec277239a1d67750e45e4670817814d172c411886
codex,codex-self-rating,1,T01,V26,V26,26,32.0,round6-neutral-v1,1,2026-08-17T14:16:22.421688+00:00,876368ab1629fc052a449e4ec277239a1d67750e45e4670817814d172c411886
codex,codex-self-rating,1,T01,V27,V27,27,74.0,round6-neutral-v1,1,2026-08-17T14:16:22.421688+00:00,876368ab1629fc052a449e4ec277239a1d67750e45e4670817814d172c411886
codex,codex-self-rating,1,T01,V28,V28,28,53.0,round6-neutral-v1,1,2026-08-17T14:16:22.421688+00:00,876368ab1629fc052a449e4ec277239a1d67750e45e4670817814d172c411886
codex,codex-self-rating,1,T01,V29,V29,29,25.0,round6-neutral-v1,1,2026-08-17T14:16:22.421688+00:00,876368ab1629fc052a449e4ec277239a1d67750e45e4670817814d172c411886
codex,codex-self-rating,1,T01,V30,V30,30,24.0,round6-neutral-v1,1,2026-08-17T14:16:22.421688+00:00,876368ab1629fc052a449e4ec277239a1d67750e45e4670817814d172c411886
codex,codex-self-rating,1,T02,V01,V01,1,84.0,round6-neutral-v1,1,2026-08-17T14:16:22.421688+00:00,876368ab1629fc052a449e4ec277239a1d67750e45e4670817814d172c411886
codex,codex-self-rating,1,T02,V02,V02,2,52.0,round6-neutral-v1,1,2026-08-17T14:16:22.421688+00:00,876368ab1629fc052a449e4ec277239a1d67750e45e4670817814d172c411886
codex,codex-self-rating,1,T02,V03,V03,3,78.0,round6-neutral-v1,1,2026-08-17T14:16:22.421688+00:00,876368ab1629fc052a449e4ec277239a1d67750e45e4670817814d172c411886
codex,codex-self-rating,1,T02,V04,V04,4,39.0,round6-neutral-v1,1,2026-08-17T14:16:22.421688+00:00,876368ab1629fc052a449e4ec277239a1d67750e45e4670817814d172c411886
codex,codex-self-rating,1,T02,V05,V05,5,24.0,round6-neutral-v1,1,2026-08-17T14:16:22.421688+00:00,876368ab1629fc052a449e4ec277239a1d67750e45e4670817814d172c411886
codex,codex-self-rating,1,T02,V06,V06,6,86.0,round6-neutral-v1,1,2026-08-17T14:16:22.421688+00:00,876368ab1629fc052a449e4ec277239a1d67750e45e4670817814d172c411886
codex,codex-self-rating,1,T02,V07,V07,7,43.0,round6-neutral-v1,1,2026-08-17T14:16:22.421688+00:00,876368ab1629fc052a449e4ec277239a1d67750e45e4670817814d172c411886
codex,codex-self-rating,1,T02,V08,V08,8,33.0,round6-neutral-v1,1,2026-08-17T14:16:22.421688+00:00,876368ab1629fc052a449e4ec277239a1d67750e45e4670817814d172c411886
codex,codex-self-rating,1,T02,V09,V09,9,24.0,round6-neutral-v1,1,2026-08-17T14:16:22.421688+00:00,876368ab1629fc052a449e4ec277239a1d67750e45e4670817814d172c411886
codex,codex-self-rating,1,T02,V10,V10,10,35.0,round6-neutral-v1,1,2026-08-17T14:16:22.421688+00:00,876368ab1629fc052a449e4ec277239a1d67750e45e4670817814d172c411886
codex,codex-self-rating,1,T02,V11,V11,11,80.0,round6-neutral-v1,1,2026-08-17T14:16:22.421688+00:00,876368ab1629fc052a449e4ec277239a1d67750e45e4670817814d172c411886
codex,codex-self-rating,1,T02,V12,V12,12,31.0,round6-neutral-v1,1,2026-08-17T14:16:22.421688+00:00,876368ab1629fc052a449e4ec277239a1d67750e45e4670817814d172c411886
codex,codex-self-rating,1,T02,V13,V13,13,47.0,round6-neutral-v1,1,2026-08-17T14:16:22.421688+00:00,876368ab1629fc052a449e4ec277239a1d67750e45e4670817814d172c411886
codex,codex-self-rating,1,T02,V14,V14,14,46.0,round6-neutral-v1,1,2026-08-17T14:16:22.421688+00:00,876368ab1629fc052a449e4ec277239a1d67750e45e4670817814d172c411886
codex,codex-self-rating,1,T02,V15,V15,15,29.0,round6-neutral-v1,1,2026-08-17T14:16:22.421688+00:00,876368ab1629fc052a449e4ec277239a1d67750e45e4670817814d172c411886
codex,codex-self-rating,1,T02,V16,V16,16,84.0,round6-neutral-v1,1,2026-08-17T14:16:22.421688+00:00,876368ab1629fc052a449e4ec277239a1d67750e45e4670817814d172c411886
codex,codex-self-rating,1,T02,V17,V17,17,53.0,round6-neutral-v1,1,2026-08-17T14:16:22.421688+00:00,876368ab1629fc052a449e4ec277239a1d67750e45e4670817814d172c411886
codex,codex-self-rating,1,T02,V18,V18,18,83.0,round6-neutral-v1,1,2026-08-17T14:16:22.421688+00:00,876368ab1629fc052a449e4ec277239a1d67750e45e4670817814d172c411886
codex,codex-self-rating,1,T02,V19,V19,19,81.0,round6-neutral-v1,1,2026-08-17T14:16:22.421688+00:00,876368ab1629fc052a449e4ec277239a1d67750e45e4670817814d172c411886
codex,codex-self-rating,1,T02,V20,V20,20,29.0,round6-neutral-v1,1,2026-08-17T14:16:22.421688+00:00,876368ab1629fc052a449e4ec277239a1d67750e45e4670817814d172c411886
codex,codex-self-rating,1,T02,V21,V21,21,34.0,round6-neutral-v1,1,2026-08-17T14:16:22.421688+00:00,876368ab1629fc052a449e4ec277239a1d67750e45e4670817814d172c411886
codex,codex-self-rating,1,T02,V22,V22,22,47.0,round6-neutral-v1,1,2026-08-17T14:16:22.421688+00:00,876368ab1629fc052a449e4ec277239a1d67750e45e4670817814d172c411886
codex,codex-self-rating,1,T02,V23,V23,23,33.0,round6-neutral-v1,1,2026-08-17T14:16:22.421688+00:00,876368ab1629fc052a449e4ec277239a1d67750e45e4670817814d172c411886
codex,codex-self-rating,1,T02,V24,V24,24,79.0,round6-neutral-v1,1,2026-08-17T14:16:22.421688+00:00,876368ab1629fc052a449e4ec277239a1d67750e45e4670817814d172c411886
codex,codex-self-rating,1,T02,V25,V25,25,85.0,round6-neutral-v1,1,2026-08-17T14:16:22.421688+00:00,876368ab1629fc052a449e4ec277239a1d67750e45e4670817814d172c411886
codex,codex-self-rating,1,T02,V26,V26,26,84.0,round6-neutral-v1,1,2026-08-17T14:16:22.421688+00:00,876368ab1629fc052a449e4ec277239a1d67750e45e4670817814d172c411886
codex,codex-self-rating,1,T02,V27,V27,27,31.0,round6-neutral-v1,1,2026-08-17T14:16:22.421688+00:00,876368ab1629fc052a449e4ec277239a1d67750e45e4670817814d172c411886
codex,codex-self-rating,1,T02,V28,V28,28,57.0,round6-neutral-v1,1,2026-08-17T14:16:22.421688+00:00,876368ab1629fc052a449e4ec277239a1d67750e45e4670817814d172c411886
codex,codex-self-rating,1,T02,V29,V29,29,82.0,round6-neutral-v1,1,2026-08-17T14:16:22.421688+00:00,876368ab1629fc052a449e4ec277239a1d67750e45e4670817814d172c411886
codex,codex-self-rating,1,T02,V30,V30,30,77.0,round6-neutral-v1,1,2026-08-17T14:16:22.421688+00:00,876368ab1629fc052a449e4ec277239a1d67750e45e4670817814d172c411886
codex,codex-self-rating,1,T03,V01,V01,1,25.0,round6-neutral-v1,1,2026-08-17T14:16:22.421688+00:00,876368ab1629fc052a449e4ec277239a1d67750e45e4670817814d172c411886
codex,codex-self-rating,1,T03,V02,V02,2,43.0,round6-neutral-v1,1,2026-08-17T14:16:22.421688+00:00,876368ab1629fc052a449e4ec277239a1d67750e45e4670817814d172c411886
codex,codex-self-rating,1,T03,V03,V03,3,24.0,round6-neutral-v1,1,2026-08-17T14:16:22.421688+00:00,876368ab1629fc052a449e4ec277239a1d67750e45e4670817814d172c411886
codex,codex-self-rating,1,T03,V04,V04,4,55.0,round6-neutral-v1,1,2026-08-17T14:16:22.421688+00:00,876368ab1629fc052a449e4ec277239a1d67750e45e4670817814d172c411886
codex,codex-self-rating,1,T03,V05,V05,5,70.0,round6-neutral-v1,1,2026-08-17T14:16:22.421688+00:00,876368ab1629fc052a449e4ec277239a1d67750e45e4670817814d172c411886
codex,codex-self-rating,1,T03,V06,V06,6,28.0,round6-neutral-v1,1,2026-08-17T14:16:22.421688+00:00,876368ab1629fc052a449e4ec277239a1d67750e45e4670817814d172c411886
codex,codex-self-rating,1,T03,V07,V07,7,64.0,round6-neutral-v1,1,2026-08-17T14:16:22.421688+00:00,876368ab1629fc052a449e4ec277239a1d67750e45e4670817814d172c411886
codex,codex-self-rating,1,T03,V08,V08,8,72.0,round6-neutral-v1,1,2026-08-17T14:16:22.421688+00:00,876368ab1629fc052a449e4ec277239a1d67750e45e4670817814d172c411886
codex,codex-self-rating,1,T03,V09,V09,9,70.0,round6-neutral-v1,1,2026-08-17T14:16:22.421688+00:00,876368ab1629fc052a449e4ec277239a1d67750e45e4670817814d172c411886
codex,codex-self-rating,1,T03,V10,V10,10,70.0,round6-neutral-v1,1,2026-08-17T14:16:22.421688+00:00,876368ab1629fc052a449e4ec277239a1d67750e45e4670817814d172c411886
codex,codex-self-rating,1,T03,V11,V11,11,25.0,round6-neutral-v1,1,2026-08-17T14:16:22.421688+00:00,876368ab1629fc052a449e4ec277239a1d67750e45e4670817814d172c411886
codex,codex-self-rating,1,T03,V12,V12,12,84.0,round6-neutral-v1,1,2026-08-17T14:16:22.421688+00:00,876368ab1629fc052a449e4ec277239a1d67750e45e4670817814d172c411886
codex,codex-self-rating,1,T03,V13,V13,13,69.0,round6-neutral-v1,1,2026-08-17T14:16:22.421688+00:00,876368ab1629fc052a449e4ec277239a1d67750e45e4670817814d172c411886
codex,codex-self-rating,1,T03,V14,V14,14,69.0,round6-neutral-v1,1,2026-08-17T14:16:22.421688+00:00,876368ab1629fc052a449e4ec277239a1d67750e45e4670817814d172c411886
codex,codex-self-rating,1,T03,V15,V15,15,77.0,round6-neutral-v1,1,2026-08-17T14:16:22.421688+00:00,876368ab1629fc052a449e4ec277239a1d67750e45e4670817814d172c411886
codex,codex-self-rating,1,T03,V16,V16,16,25.0,round6-neutral-v1,1,2026-08-17T14:16:22.421688+00:00,876368ab1629fc052a449e4ec277239a1d67750e45e4670817814d172c411886
codex,codex-self-rating,1,T03,V17,V17,17,45.0,round6-neutral-v1,1,2026-08-17T14:16:22.421688+00:00,876368ab1629fc052a449e4ec277239a1d67750e45e4670817814d172c411886
codex,codex-self-rating,1,T03,V18,V18,18,30.0,round6-neutral-v1,1,2026-08-17T14:16:22.421688+00:00,876368ab1629fc052a449e4ec277239a1d67750e45e4670817814d172c411886
codex,codex-self-rating,1,T03,V19,V19,19,25.0,round6-neutral-v1,1,2026-08-17T14:16:22.421688+00:00,876368ab1629fc052a449e4ec277239a1d67750e45e4670817814d172c411886
codex,codex-self-rating,1,T03,V20,V20,20,77.0,round6-neutral-v1,1,2026-08-17T14:16:22.421688+00:00,876368ab1629fc052a449e4ec277239a1d67750e45e4670817814d172c411886
codex,codex-self-rating,1,T03,V21,V21,21,70.0,round6-neutral-v1,1,2026-08-17T14:16:22.421688+00:00,876368ab1629fc052a449e4ec277239a1d67750e45e4670817814d172c411886
codex,codex-self-rating,1,T03,V22,V22,22,50.0,round6-neutral-v1,1,2026-08-17T14:16:22.421688+00:00,876368ab1629fc052a449e4ec277239a1d67750e45e4670817814d172c411886
codex,codex-self-rating,1,T03,V23,V23,23,71.0,round6-neutral-v1,1,2026-08-17T14:16:22.421688+00:00,876368ab1629fc052a449e4ec277239a1d67750e45e4670817814d172c411886
codex,codex-self-rating,1,T03,V24,V24,24,24.0,round6-neutral-v1,1,2026-08-17T14:16:22.421688+00:00,876368ab1629fc052a449e4ec277239a1d67750e45e4670817814d172c411886
codex,codex-self-rating,1,T03,V25,V25,25,27.0,round6-neutral-v1,1,2026-08-17T14:16:22.421688+00:00,876368ab1629fc052a449e4ec277239a1d67750e45e4670817814d172c411886
codex,codex-self-rating,1,T03,V26,V26,26,25.0,round6-neutral-v1,1,2026-08-17T14:16:22.421688+00:00,876368ab1629fc052a449e4ec277239a1d67750e45e4670817814d172c411886
codex,codex-self-rating,1,T03,V27,V27,27,84.0,round6-neutral-v1,1,2026-08-17T14:16:22.421688+00:00,876368ab1629fc052a449e4ec277239a1d67750e45e4670817814d172c411886
codex,codex-self-rating,1,T03,V28,V28,28,47.0,round6-neutral-v1,1,2026-08-17T14:16:22.421688+00:00,876368ab1629fc052a449e4ec277239a1d67750e45e4670817814d172c411886
codex,codex-self-rating,1,T03,V29,V29,29,29.0,round6-neutral-v1,1,2026-08-17T14:16:22.421688+00:00,876368ab1629fc052a449e4ec277239a1d67750e45e4670817814d172c411886
codex,codex-self-rating,1,T03,V30,V30,30,24.0,round6-neutral-v1,1,2026-08-17T14:16:22.421688+00:00,876368ab1629fc052a449e4ec277239a1d67750e45e4670817814d172c411886
codex,codex-self-rating,1,T04,V01,V01,1,19.0,round6-neutral-v1,1,2026-08-17T14:16:22.421688+00:00,876368ab1629fc052a449e4ec277239a1d67750e45e4670817814d172c411886
codex,codex-self-rating,1,T04,V02,V02,2,34.0,round6-neutral-v1,1,2026-08-17T14:16:22.421688+00:00,876368ab1629fc052a449e4ec277239a1d67750e45e4670817814d172c411886
codex,codex-self-rating,1,T04,V03,V03,3,18.0,round6-neutral-v1,1,2026-08-17T14:16:22.421688+00:00,876368ab1629fc052a449e4ec277239a1d67750e45e4670817814d172c411886
codex,codex-self-rating,1,T04,V04,V04,4,35.0,round6-neutral-v1,1,2026-08-17T14:16:22.421688+00:00,876368ab1629fc052a449e4ec277239a1d67750e45e4670817814d172c411886
codex,codex-self-rating,1,T04,V05,V05,5,82.0,round6-neutral-v1,1,2026-08-17T14:16:22.421688+00:00,876368ab1629fc052a449e4ec277239a1d67750e45e4670817814d172c411886
codex,codex-self-rating,1,T04,V06,V06,6,21.0,round6-neutral-v1,1,2026-08-17T14:16:22.421688+00:00,876368ab1629fc052a449e4ec277239a1d67750e45e4670817814d172c411886
codex,codex-self-rating,1,T04,V07,V07,7,37.0,round6-neutral-v1,1,2026-08-17T14:16:22.421688+00:00,876368ab1629fc052a449e4ec277239a1d67750e45e4670817814d172c411886
codex,codex-self-rating,1,T04,V08,V08,8,80.0,round6-neutral-v1,1,2026-08-17T14:16:22.421688+00:00,876368ab1629fc052a449e4ec277239a1d67750e45e4670817814d172c411886
codex,codex-self-rating,1,T04,V09,V09,9,82.0,round6-neutral-v1,1,2026-08-17T14:16:22.421688+00:00,876368ab1629fc052a449e4ec277239a1d67750e45e4670817814d172c411886
codex,codex-self-rating,1,T04,V10,V10,10,81.0,round6-neutral-v1,1,2026-08-17T14:16:22.421688+00:00,876368ab1629fc052a449e4ec277239a1d67750e45e4670817814d172c411886
codex,codex-self-rating,1,T04,V11,V11,11,19.0,round6-neutral-v1,1,2026-08-17T14:16:22.421688+00:00,876368ab1629fc052a449e4ec277239a1d67750e45e4670817814d172c411886
codex,codex-self-rating,1,T04,V12,V12,12,83.0,round6-neutral-v1,1,2026-08-17T14:16:22.421688+00:00,876368ab1629fc052a449e4ec277239a1d67750e45e4670817814d172c411886
codex,codex-self-rating,1,T04,V13,V13,13,80.0,round6-neutral-v1,1,2026-08-17T14:16:22.421688+00:00,876368ab1629fc052a449e4ec277239a1d67750e45e4670817814d172c411886
codex,codex-self-rating,1,T04,V14,V14,14,80.0,round6-neutral-v1,1,2026-08-17T14:16:22.421688+00:00,876368ab1629fc052a449e4ec277239a1d67750e45e4670817814d172c411886
codex,codex-self-rating,1,T04,V15,V15,15,82.0,round6-neutral-v1,1,2026-08-17T14:16:22.421688+00:00,876368ab1629fc052a449e4ec277239a1d67750e45e4670817814d172c411886
codex,codex-self-rating,1,T04,V16,V16,16,18.0,round6-neutral-v1,1,2026-08-17T14:16:22.421688+00:00,876368ab1629fc052a449e4ec277239a1d67750e45e4670817814d172c411886
codex,codex-self-rating,1,T04,V17,V17,17,35.0,round6-neutral-v1,1,2026-08-17T14:16:22.421688+00:00,876368ab1629fc052a449e4ec277239a1d67750e45e4670817814d172c411886
codex,codex-self-rating,1,T04,V18,V18,18,22.0,round6-neutral-v1,1,2026-08-17T14:16:22.421688+00:00,876368ab1629fc052a449e4ec277239a1d67750e45e4670817814d172c411886
codex,codex-self-rating,1,T04,V19,V19,19,19.0,round6-neutral-v1,1,2026-08-17T14:16:22.421688+00:00,876368ab1629fc052a449e4ec277239a1d67750e45e4670817814d172c411886
codex,codex-self-rating,1,T04,V20,V20,20,82.0,round6-neutral-v1,1,2026-08-17T14:16:22.421688+00:00,876368ab1629fc052a449e4ec277239a1d67750e45e4670817814d172c411886
codex,codex-self-rating,1,T04,V21,V21,21,81.0,round6-neutral-v1,1,2026-08-17T14:16:22.421688+00:00,876368ab1629fc052a449e4ec277239a1d67750e45e4670817814d172c411886
codex,codex-self-rating,1,T04,V22,V22,22,36.0,round6-neutral-v1,1,2026-08-17T14:16:22.421688+00:00,876368ab1629fc052a449e4ec277239a1d67750e45e4670817814d172c411886
codex,codex-self-rating,1,T04,V23,V23,23,81.0,round6-neutral-v1,1,2026-08-17T14:16:22.421688+00:00,876368ab1629fc052a449e4ec277239a1d67750e45e4670817814d172c411886
codex,codex-self-rating,1,T04,V24,V24,24,18.0,round6-neutral-v1,1,2026-08-17T14:16:22.421688+00:00,876368ab1629fc052a449e4ec277239a1d67750e45e4670817814d172c411886
codex,codex-self-rating,1,T04,V25,V25,25,21.0,round6-neutral-v1,1,2026-08-17T14:16:22.421688+00:00,876368ab1629fc052a449e4ec277239a1d67750e45e4670817814d172c411886
codex,codex-self-rating,1,T04,V26,V26,26,19.0,round6-neutral-v1,1,2026-08-17T14:16:22.421688+00:00,876368ab1629fc052a449e4ec277239a1d67750e45e4670817814d172c411886
codex,codex-self-rating,1,T04,V27,V27,27,83.0,round6-neutral-v1,1,2026-08-17T14:16:22.421688+00:00,876368ab1629fc052a449e4ec277239a1d67750e45e4670817814d172c411886
codex,codex-self-rating,1,T04,V28,V28,28,36.0,round6-neutral-v1,1,2026-08-17T14:16:22.421688+00:00,876368ab1629fc052a449e4ec277239a1d67750e45e4670817814d172c411886
codex,codex-self-rating,1,T04,V29,V29,29,21.0,round6-neutral-v1,1,2026-08-17T14:16:22.421688+00:00,876368ab1629fc052a449e4ec277239a1d67750e45e4670817814d172c411886
codex,codex-self-rating,1,T04,V30,V30,30,18.0,round6-neutral-v1,1,2026-08-17T14:16:22.421688+00:00,876368ab1629fc052a449e4ec277239a1d67750e45e4670817814d172c411886
codex,codex-self-rating,1,T05,V01,V01,1,39.0,round6-neutral-v1,1,2026-08-17T14:16:22.421688+00:00,876368ab1629fc052a449e4ec277239a1d67750e45e4670817814d172c411886
codex,codex-self-rating,1,T05,V02,V02,2,81.0,round6-neutral-v1,1,2026-08-17T14:16:22.421688+00:00,876368ab1629fc052a449e4ec277239a1d67750e45e4670817814d172c411886
codex,codex-self-rating,1,T05,V03,V03,3,37.0,round6-neutral-v1,1,2026-08-17T14:16:22.421688+00:00,876368ab1629fc052a449e4ec277239a1d67750e45e4670817814d172c411886
codex,codex-self-rating,1,T05,V04,V04,4,83.0,round6-neutral-v1,1,2026-08-17T14:16:22.421688+00:00,876368ab1629fc052a449e4ec277239a1d67750e45e4670817814d172c411886
codex,codex-self-rating,1,T05,V05,V05,5,30.0,round6-neutral-v1,1,2026-08-17T14:16:22.421688+00:00,876368ab1629fc052a449e4ec277239a1d67750e45e4670817814d172c411886
codex,codex-self-rating,1,T05,V06,V06,6,42.0,round6-neutral-v1,1,2026-08-17T14:16:22.421688+00:00,876368ab1629fc052a449e4ec277239a1d67750e45e4670817814d172c411886
codex,codex-self-rating,1,T05,V07,V07,7,85.0,round6-neutral-v1,1,2026-08-17T14:16:22.421688+00:00,876368ab1629fc052a449e4ec277239a1d67750e45e4670817814d172c411886
codex,codex-self-rating,1,T05,V08,V08,8,32.0,round6-neutral-v1,1,2026-08-17T14:16:22.421688+00:00,876368ab1629fc052a449e4ec277239a1d67750e45e4670817814d172c411886
codex,codex-self-rating,1,T05,V09,V09,9,30.0,round6-neutral-v1,1,2026-08-17T14:16:22.421688+00:00,876368ab1629fc052a449e4ec277239a1d67750e45e4670817814d172c411886
codex,codex-self-rating,1,T05,V10,V10,10,32.0,round6-neutral-v1,1,2026-08-17T14:16:22.421688+00:00,876368ab1629fc052a449e4ec277239a1d67750e45e4670817814d172c411886
codex,codex-self-rating,1,T05,V11,V11,11,39.0,round6-neutral-v1,1,2026-08-17T14:16:22.421688+00:00,876368ab1629fc052a449e4ec277239a1d67750e45e4670817814d172c411886
codex,codex-self-rating,1,T05,V12,V12,12,35.0,round6-neutral-v1,1,2026-08-17T14:16:22.421688+00:00,876368ab1629fc052a449e4ec277239a1d67750e45e4670817814d172c411886
codex,codex-self-rating,1,T05,V13,V13,13,34.0,round6-neutral-v1,1,2026-08-17T14:16:22.421688+00:00,876368ab1629fc052a449e4ec277239a1d67750e45e4670817814d172c411886
codex,codex-self-rating,1,T05,V14,V14,14,34.0,round6-neutral-v1,1,2026-08-17T14:16:22.421688+00:00,876368ab1629fc052a449e4ec277239a1d67750e45e4670817814d172c411886
codex,codex-self-rating,1,T05,V15,V15,15,34.0,round6-neutral-v1,1,2026-08-17T14:16:22.421688+00:00,876368ab1629fc052a449e4ec277239a1d67750e45e4670817814d172c411886
codex,codex-self-rating,1,T05,V16,V16,16,38.0,round6-neutral-v1,1,2026-08-17T14:16:22.421688+00:00,876368ab1629fc052a449e4ec277239a1d67750e45e4670817814d172c411886
codex,codex-self-rating,1,T05,V17,V17,17,81.0,round6-neutral-v1,1,2026-08-17T14:16:22.421688+00:00,876368ab1629fc052a449e4ec277239a1d67750e45e4670817814d172c411886
codex,codex-self-rating,1,T05,V18,V18,18,44.0,round6-neutral-v1,1,2026-08-17T14:16:22.421688+00:00,876368ab1629fc052a449e4ec277239a1d67750e45e4670817814d172c411886
codex,codex-self-rating,1,T05,V19,V19,19,39.0,round6-neutral-v1,1,2026-08-17T14:16:22.421688+00:00,876368ab1629fc052a449e4ec277239a1d67750e45e4670817814d172c411886
codex,codex-self-rating,1,T05,V20,V20,20,34.0,round6-neutral-v1,1,2026-08-17T14:16:22.421688+00:00,876368ab1629fc052a449e4ec277239a1d67750e45e4670817814d172c411886
codex,codex-self-rating,1,T05,V21,V21,21,32.0,round6-neutral-v1,1,2026-08-17T14:16:22.421688+00:00,876368ab1629fc052a449e4ec277239a1d67750e45e4670817814d172c411886
codex,codex-self-rating,1,T05,V22,V22,22,82.0,round6-neutral-v1,1,2026-08-17T14:16:22.421688+00:00,876368ab1629fc052a449e4ec277239a1d67750e45e4670817814d172c411886
codex,codex-self-rating,1,T05,V23,V23,23,32.0,round6-neutral-v1,1,2026-08-17T14:16:22.421688+00:00,876368ab1629fc052a449e4ec277239a1d67750e45e4670817814d172c411886
codex,codex-self-rating,1,T05,V24,V24,24,38.0,round6-neutral-v1,1,2026-08-17T14:16:22.421688+00:00,876368ab1629fc052a449e4ec277239a1d67750e45e4670817814d172c411886
codex,codex-self-rating,1,T05,V25,V25,25,42.0,round6-neutral-v1,1,2026-08-17T14:16:22.421688+00:00,876368ab1629fc052a449e4ec277239a1d67750e45e4670817814d172c411886
codex,codex-self-rating,1,T05,V26,V26,26,39.0,round6-neutral-v1,1,2026-08-17T14:16:22.421688+00:00,876368ab1629fc052a449e4ec277239a1d67750e45e4670817814d172c411886
codex,codex-self-rating,1,T05,V27,V27,27,35.0,round6-neutral-v1,1,2026-08-17T14:16:22.421688+00:00,876368ab1629fc052a449e4ec277239a1d67750e45e4670817814d172c411886
codex,codex-self-rating,1,T05,V28,V28,28,80.0,round6-neutral-v1,1,2026-08-17T14:16:22.421688+00:00,876368ab1629fc052a449e4ec277239a1d67750e45e4670817814d172c411886
codex,codex-self-rating,1,T05,V29,V29,29,43.0,round6-neutral-v1,1,2026-08-17T14:16:22.421688+00:00,876368ab1629fc052a449e4ec277239a1d67750e45e4670817814d172c411886
codex,codex-self-rating,1,T05,V30,V30,30,37.0,round6-neutral-v1,1,2026-08-17T14:16:22.421688+00:00,876368ab1629fc052a449e4ec277239a1d67750e45e4670817814d172c411886
codex,codex-self-rating,1,T06,V01,V01,1,38.0,round6-neutral-v1,1,2026-08-17T14:16:22.421688+00:00,876368ab1629fc052a449e4ec277239a1d67750e45e4670817814d172c411886
codex,codex-self-rating,1,T06,V02,V02,2,53.0,round6-neutral-v1,1,2026-08-17T14:16:22.421688+00:00,876368ab1629fc052a449e4ec277239a1d67750e45e4670817814d172c411886
codex,codex-self-rating,1,T06,V03,V03,3,34.0,round6-neutral-v1,1,2026-08-17T14:16:22.421688+00:00,876368ab1629fc052a449e4ec277239a1d67750e45e4670817814d172c411886
codex,codex-self-rating,1,T06,V04,V04,4,43.0,round6-neutral-v1,1,2026-08-17T14:16:22.421688+00:00,876368ab1629fc052a449e4ec277239a1d67750e45e4670817814d172c411886
codex,codex-self-rating,1,T06,V05,V05,5,68.0,round6-neutral-v1,1,2026-08-17T14:16:22.421688+00:00,876368ab1629fc052a449e4ec277239a1d67750e45e4670817814d172c411886
codex,codex-self-rating,1,T06,V06,V06,6,47.0,round6-neutral-v1,1,2026-08-17T14:16:22.421688+00:00,876368ab1629fc052a449e4ec277239a1d67750e45e4670817814d172c411886
codex,codex-self-rating,1,T06,V07,V07,7,53.0,round6-neutral-v1,1,2026-08-17T14:16:22.421688+00:00,876368ab1629fc052a449e4ec277239a1d67750e45e4670817814d172c411886
codex,codex-self-rating,1,T06,V08,V08,8,74.0,round6-neutral-v1,1,2026-08-17T14:16:22.421688+00:00,876368ab1629fc052a449e4ec277239a1d67750e45e4670817814d172c411886
codex,codex-self-rating,1,T06,V09,V09,9,68.0,round6-neutral-v1,1,2026-08-17T14:16:22.421688+00:00,876368ab1629fc052a449e4ec277239a1d67750e45e4670817814d172c411886
codex,codex-self-rating,1,T06,V10,V10,10,73.0,round6-neutral-v1,1,2026-08-17T14:16:22.421688+00:00,876368ab1629fc052a449e4ec277239a1d67750e45e4670817814d172c411886
codex,codex-self-rating,1,T06,V11,V11,11,37.0,round6-neutral-v1,1,2026-08-17T14:16:22.421688+00:00,876368ab1629fc052a449e4ec277239a1d67750e45e4670817814d172c411886
codex,codex-self-rating,1,T06,V12,V12,12,79.0,round6-neutral-v1,1,2026-08-17T14:16:22.421688+00:00,876368ab1629fc052a449e4ec277239a1d67750e45e4670817814d172c411886
codex,codex-self-rating,1,T06,V13,V13,13,85.0,round6-neutral-v1,1,2026-08-17T14:16:22.421688+00:00,876368ab1629fc052a449e4ec277239a1d67750e45e4670817814d172c411886
codex,codex-self-rating,1,T06,V14,V14,14,85.0,round6-neutral-v1,1,2026-08-17T14:16:22.421688+00:00,876368ab1629fc052a449e4ec277239a1d67750e45e4670817814d172c411886
codex,codex-self-rating,1,T06,V15,V15,15,76.0,round6-neutral-v1,1,2026-08-17T14:16:22.421688+00:00,876368ab1629fc052a449e4ec277239a1d67750e45e4670817814d172c411886
codex,codex-self-rating,1,T06,V16,V16,16,38.0,round6-neutral-v1,1,2026-08-17T14:16:22.421688+00:00,876368ab1629fc052a449e4ec277239a1d67750e45e4670817814d172c411886
codex,codex-self-rating,1,T06,V17,V17,17,50.0,round6-neutral-v1,1,2026-08-17T14:16:22.421688+00:00,876368ab1629fc052a449e4ec277239a1d67750e45e4670817814d172c411886
codex,codex-self-rating,1,T06,V18,V18,18,42.0,round6-neutral-v1,1,2026-08-17T14:16:22.421688+00:00,876368ab1629fc052a449e4ec277239a1d67750e45e4670817814d172c411886
codex,codex-self-rating,1,T06,V19,V19,19,38.0,round6-neutral-v1,1,2026-08-17T14:16:22.421688+00:00,876368ab1629fc052a449e4ec277239a1d67750e45e4670817814d172c411886
codex,codex-self-rating,1,T06,V20,V20,20,76.0,round6-neutral-v1,1,2026-08-17T14:16:22.421688+00:00,876368ab1629fc052a449e4ec277239a1d67750e45e4670817814d172c411886
codex,codex-self-rating,1,T06,V21,V21,21,72.0,round6-neutral-v1,1,2026-08-17T14:16:22.421688+00:00,876368ab1629fc052a449e4ec277239a1d67750e45e4670817814d172c411886
codex,codex-self-rating,1,T06,V22,V22,22,52.0,round6-neutral-v1,1,2026-08-17T14:16:22.421688+00:00,876368ab1629fc052a449e4ec277239a1d67750e45e4670817814d172c411886
codex,codex-self-rating,1,T06,V23,V23,23,73.0,round6-neutral-v1,1,2026-08-17T14:16:22.421688+00:00,876368ab1629fc052a449e4ec277239a1d67750e45e4670817814d172c411886
codex,codex-self-rating,1,T06,V24,V24,24,36.0,round6-neutral-v1,1,2026-08-17T14:16:22.421688+00:00,876368ab1629fc052a449e4ec277239a1d67750e45e4670817814d172c411886
codex,codex-self-rating,1,T06,V25,V25,25,46.0,round6-neutral-v1,1,2026-08-17T14:16:22.421688+00:00,876368ab1629fc052a449e4ec277239a1d67750e45e4670817814d172c411886
codex,codex-self-rating,1,T06,V26,V26,26,38.0,round6-neutral-v1,1,2026-08-17T14:16:22.421688+00:00,876368ab1629fc052a449e4ec277239a1d67750e45e4670817814d172c411886
codex,codex-self-rating,1,T06,V27,V27,27,79.0,round6-neutral-v1,1,2026-08-17T14:16:22.421688+00:00,876368ab1629fc052a449e4ec277239a1d67750e45e4670817814d172c411886
codex,codex-self-rating,1,T06,V28,V28,28,61.0,round6-neutral-v1,1,2026-08-17T14:16:22.421688+00:00,876368ab1629fc052a449e4ec277239a1d67750e45e4670817814d172c411886
codex,codex-self-rating,1,T06,V29,V29,29,41.0,round6-neutral-v1,1,2026-08-17T14:16:22.421688+00:00,876368ab1629fc052a449e4ec277239a1d67750e45e4670817814d172c411886
codex,codex-self-rating,1,T06,V30,V30,30,34.0,round6-neutral-v1,1,2026-08-17T14:16:22.421688+00:00,876368ab1629fc052a449e4ec277239a1d67750e45e4670817814d172c411886
codex,codex-self-rating,1,T07,V01,V01,1,41.0,round6-neutral-v1,1,2026-08-17T14:16:22.421688+00:00,876368ab1629fc052a449e4ec277239a1d67750e45e4670817814d172c411886
codex,codex-self-rating,1,T07,V02,V02,2,64.0,round6-neutral-v1,1,2026-08-17T14:16:22.421688+00:00,876368ab1629fc052a449e4ec277239a1d67750e45e4670817814d172c411886
codex,codex-self-rating,1,T07,V03,V03,3,40.0,round6-neutral-v1,1,2026-08-17T14:16:22.421688+00:00,876368ab1629fc052a449e4ec277239a1d67750e45e4670817814d172c411886
codex,codex-self-rating,1,T07,V04,V04,4,77.0,round6-neutral-v1,1,2026-08-17T14:16:22.421688+00:00,876368ab1629fc052a449e4ec277239a1d67750e45e4670817814d172c411886
codex,codex-self-rating,1,T07,V05,V05,5,35.0,round6-neutral-v1,1,2026-08-17T14:16:22.421688+00:00,876368ab1629fc052a449e4ec277239a1d67750e45e4670817814d172c411886
codex,codex-self-rating,1,T07,V06,V06,6,43.0,round6-neutral-v1,1,2026-08-17T14:16:22.421688+00:00,876368ab1629fc052a449e4ec277239a1d67750e45e4670817814d172c411886
codex,codex-self-rating,1,T07,V07,V07,7,86.0,round6-neutral-v1,1,2026-08-17T14:16:22.421688+00:00,876368ab1629fc052a449e4ec277239a1d67750e45e4670817814d172c411886
codex,codex-self-rating,1,T07,V08,V08,8,42.0,round6-neutral-v1,1,2026-08-17T14:16:22.421688+00:00,876368ab1629fc052a449e4ec277239a1d67750e45e4670817814d172c411886
codex,codex-self-rating,1,T07,V09,V09,9,35.0,round6-neutral-v1,1,2026-08-17T14:16:22.421688+00:00,876368ab1629fc052a449e4ec277239a1d67750e45e4670817814d172c411886
codex,codex-self-rating,1,T07,V10,V10,10,43.0,round6-neutral-v1,1,2026-08-17T14:16:22.421688+00:00,876368ab1629fc052a449e4ec277239a1d67750e45e4670817814d172c411886
codex,codex-self-rating,1,T07,V11,V11,11,38.0,round6-neutral-v1,1,2026-08-17T14:16:22.421688+00:00,876368ab1629fc052a449e4ec277239a1d67750e45e4670817814d172c411886
codex,codex-self-rating,1,T07,V12,V12,12,45.0,round6-neutral-v1,1,2026-08-17T14:16:22.421688+00:00,876368ab1629fc052a449e4ec277239a1d67750e45e4670817814d172c411886
codex,codex-self-rating,1,T07,V13,V13,13,43.0,round6-neutral-v1,1,2026-08-17T14:16:22.421688+00:00,876368ab1629fc052a449e4ec277239a1d67750e45e4670817814d172c411886
codex,codex-self-rating,1,T07,V14,V14,14,43.0,round6-neutral-v1,1,2026-08-17T14:16:22.421688+00:00,876368ab1629fc052a449e4ec277239a1d67750e45e4670817814d172c411886
codex,codex-self-rating,1,T07,V15,V15,15,45.0,round6-neutral-v1,1,2026-08-17T14:16:22.421688+00:00,876368ab1629fc052a449e4ec277239a1d67750e45e4670817814d172c411886
codex,codex-self-rating,1,T07,V16,V16,16,40.0,round6-neutral-v1,1,2026-08-17T14:16:22.421688+00:00,876368ab1629fc052a449e4ec277239a1d67750e45e4670817814d172c411886
codex,codex-self-rating,1,T07,V17,V17,17,63.0,round6-neutral-v1,1,2026-08-17T14:16:22.421688+00:00,876368ab1629fc052a449e4ec277239a1d67750e45e4670817814d172c411886
codex,codex-self-rating,1,T07,V18,V18,18,48.0,round6-neutral-v1,1,2026-08-17T14:16:22.421688+00:00,876368ab1629fc052a449e4ec277239a1d67750e45e4670817814d172c411886
codex,codex-self-rating,1,T07,V19,V19,19,38.0,round6-neutral-v1,1,2026-08-17T14:16:22.421688+00:00,876368ab1629fc052a449e4ec277239a1d67750e45e4670817814d172c411886
codex,codex-self-rating,1,T07,V20,V20,20,45.0,round6-neutral-v1,1,2026-08-17T14:16:22.421688+00:00,876368ab1629fc052a449e4ec277239a1d67750e45e4670817814d172c411886
codex,codex-self-rating,1,T07,V21,V21,21,40.0,round6-neutral-v1,1,2026-08-17T14:16:22.421688+00:00,876368ab1629fc052a449e4ec277239a1d67750e45e4670817814d172c411886
codex,codex-self-rating,1,T07,V22,V22,22,69.0,round6-neutral-v1,1,2026-08-17T14:16:22.421688+00:00,876368ab1629fc052a449e4ec277239a1d67750e45e4670817814d172c411886
codex,codex-self-rating,1,T07,V23,V23,23,41.0,round6-neutral-v1,1,2026-08-17T14:16:22.421688+00:00,876368ab1629fc052a449e4ec277239a1d67750e45e4670817814d172c411886
codex,codex-self-rating,1,T07,V24,V24,24,37.0,round6-neutral-v1,1,2026-08-17T14:16:22.421688+00:00,876368ab1629fc052a449e4ec277239a1d67750e45e4670817814d172c411886
codex,codex-self-rating,1,T07,V25,V25,25,42.0,round6-neutral-v1,1,2026-08-17T14:16:22.421688+00:00,876368ab1629fc052a449e4ec277239a1d67750e45e4670817814d172c411886
codex,codex-self-rating,1,T07,V26,V26,26,39.0,round6-neutral-v1,1,2026-08-17T14:16:22.421688+00:00,876368ab1629fc052a449e4ec277239a1d67750e45e4670817814d172c411886
codex,codex-self-rating,1,T07,V27,V27,27,45.0,round6-neutral-v1,1,2026-08-17T14:16:22.421688+00:00,876368ab1629fc052a449e4ec277239a1d67750e45e4670817814d172c411886
codex,codex-self-rating,1,T07,V28,V28,28,61.0,round6-neutral-v1,1,2026-08-17T14:16:22.421688+00:00,876368ab1629fc052a449e4ec277239a1d67750e45e4670817814d172c411886
codex,codex-self-rating,1,T07,V29,V29,29,47.0,round6-neutral-v1,1,2026-08-17T14:16:22.421688+00:00,876368ab1629fc052a449e4ec277239a1d67750e45e4670817814d172c411886
codex,codex-self-rating,1,T07,V30,V30,30,39.0,round6-neutral-v1,1,2026-08-17T14:16:22.421688+00:00,876368ab1629fc052a449e4ec277239a1d67750e45e4670817814d172c411886
codex,codex-self-rating,1,T08,V01,V01,1,87.0,round6-neutral-v1,1,2026-08-17T14:16:22.421688+00:00,876368ab1629fc052a449e4ec277239a1d67750e45e4670817814d172c411886
codex,codex-self-rating,1,T08,V02,V02,2,35.0,round6-neutral-v1,1,2026-08-17T14:16:22.421688+00:00,876368ab1629fc052a449e4ec277239a1d67750e45e4670817814d172c411886
codex,codex-self-rating,1,T08,V03,V03,3,85.0,round6-neutral-v1,1,2026-08-17T14:16:22.421688+00:00,876368ab1629fc052a449e4ec277239a1d67750e45e4670817814d172c411886
codex,codex-self-rating,1,T08,V04,V04,4,33.0,round6-neutral-v1,1,2026-08-17T14:16:22.421688+00:00,876368ab1629fc052a449e4ec277239a1d67750e45e4670817814d172c411886
codex,codex-self-rating,1,T08,V05,V05,5,21.0,round6-neutral-v1,1,2026-08-17T14:16:22.421688+00:00,876368ab1629fc052a449e4ec277239a1d67750e45e4670817814d172c411886
codex,codex-self-rating,1,T08,V06,V06,6,87.0,round6-neutral-v1,1,2026-08-17T14:16:22.421688+00:00,876368ab1629fc052a449e4ec277239a1d67750e45e4670817814d172c411886
codex,codex-self-rating,1,T08,V07,V07,7,39.0,round6-neutral-v1,1,2026-08-17T14:16:22.421688+00:00,876368ab1629fc052a449e4ec277239a1d67750e45e4670817814d172c411886
codex,codex-self-rating,1,T08,V08,V08,8,25.0,round6-neutral-v1,1,2026-08-17T14:16:22.421688+00:00,876368ab1629fc052a449e4ec277239a1d67750e45e4670817814d172c411886
codex,codex-self-rating,1,T08,V09,V09,9,21.0,round6-neutral-v1,1,2026-08-17T14:16:22.421688+00:00,876368ab1629fc052a449e4ec277239a1d67750e45e4670817814d172c411886
codex,codex-self-rating,1,T08,V10,V10,10,26.0,round6-neutral-v1,1,2026-08-17T14:16:22.421688+00:00,876368ab1629fc052a449e4ec277239a1d67750e45e4670817814d172c411886
codex,codex-self-rating,1,T08,V11,V11,11,87.0,round6-neutral-v1,1,2026-08-17T14:16:22.421688+00:00,876368ab1629fc052a449e4ec277239a1d67750e45e4670817814d172c411886
codex,codex-self-rating,1,T08,V12,V12,12,24.0,round6-neutral-v1,1,2026-08-17T14:16:22.421688+00:00,876368ab1629fc052a449e4ec277239a1d67750e45e4670817814d172c411886
codex,codex-self-rating,1,T08,V13,V13,13,27.0,round6-neutral-v1,1,2026-08-17T14:16:22.421688+00:00,876368ab1629fc052a449e4ec277239a1d67750e45e4670817814d172c411886
codex,codex-self-rating,1,T08,V14,V14,14,27.0,round6-neutral-v1,1,2026-08-17T14:16:22.421688+00:00,876368ab1629fc052a449e4ec277239a1d67750e45e4670817814d172c411886
codex,codex-self-rating,1,T08,V15,V15,15,24.0,round6-neutral-v1,1,2026-08-17T14:16:22.421688+00:00,876368ab1629fc052a449e4ec277239a1d67750e45e4670817814d172c411886
codex,codex-self-rating,1,T08,V16,V16,16,86.0,round6-neutral-v1,1,2026-08-17T14:16:22.421688+00:00,876368ab1629fc052a449e4ec277239a1d67750e45e4670817814d172c411886
codex,codex-self-rating,1,T08,V17,V17,17,40.0,round6-neutral-v1,1,2026-08-17T14:16:22.421688+00:00,876368ab1629fc052a449e4ec277239a1d67750e45e4670817814d172c411886
codex,codex-self-rating,1,T08,V18,V18,18,88.0,round6-neutral-v1,1,2026-08-17T14:16:22.421688+00:00,876368ab1629fc052a449e4ec277239a1d67750e45e4670817814d172c411886
codex,codex-self-rating,1,T08,V19,V19,19,87.0,round6-neutral-v1,1,2026-08-17T14:16:22.421688+00:00,876368ab1629fc052a449e4ec277239a1d67750e45e4670817814d172c411886
codex,codex-self-rating,1,T08,V20,V20,20,24.0,round6-neutral-v1,1,2026-08-17T14:16:22.421688+00:00,876368ab1629fc052a449e4ec277239a1d67750e45e4670817814d172c411886
codex,codex-self-rating,1,T08,V21,V21,21,26.0,round6-neutral-v1,1,2026-08-17T14:16:22.421688+00:00,876368ab1629fc052a449e4ec277239a1d67750e45e4670817814d172c411886
codex,codex-self-rating,1,T08,V22,V22,22,40.0,round6-neutral-v1,1,2026-08-17T14:16:22.421688+00:00,876368ab1629fc052a449e4ec277239a1d67750e45e4670817814d172c411886
codex,codex-self-rating,1,T08,V23,V23,23,26.0,round6-neutral-v1,1,2026-08-17T14:16:22.421688+00:00,876368ab1629fc052a449e4ec277239a1d67750e45e4670817814d172c411886
codex,codex-self-rating,1,T08,V24,V24,24,86.0,round6-neutral-v1,1,2026-08-17T14:16:22.421688+00:00,876368ab1629fc052a449e4ec277239a1d67750e45e4670817814d172c411886
codex,codex-self-rating,1,T08,V25,V25,25,87.0,round6-neutral-v1,1,2026-08-17T14:16:22.421688+00:00,876368ab1629fc052a449e4ec277239a1d67750e45e4670817814d172c411886
codex,codex-self-rating,1,T08,V26,V26,26,87.0,round6-neutral-v1,1,2026-08-17T14:16:22.421688+00:00,876368ab1629fc052a449e4ec277239a1d67750e45e4670817814d172c411886
codex,codex-self-rating,1,T08,V27,V27,27,24.0,round6-neutral-v1,1,2026-08-17T14:16:22.421688+00:00,876368ab1629fc052a449e4ec277239a1d67750e45e4670817814d172c411886
codex,codex-self-rating,1,T08,V28,V28,28,41.0,round6-neutral-v1,1,2026-08-17T14:16:22.421688+00:00,876368ab1629fc052a449e4ec277239a1d67750e45e4670817814d172c411886
codex,codex-self-rating,1,T08,V29,V29,29,87.0,round6-neutral-v1,1,2026-08-17T14:16:22.421688+00:00,876368ab1629fc052a449e4ec277239a1d67750e45e4670817814d172c411886
codex,codex-self-rating,1,T08,V30,V30,30,85.0,round6-neutral-v1,1,2026-08-17T14:16:22.421688+00:00,876368ab1629fc052a449e4ec277239a1d67750e45e4670817814d172c411886
codex,codex-self-rating,1,T09,V01,V01,1,78.0,round6-neutral-v1,1,2026-08-17T14:16:22.421688+00:00,876368ab1629fc052a449e4ec277239a1d67750e45e4670817814d172c411886
codex,codex-self-rating,1,T09,V02,V02,2,56.0,round6-neutral-v1,1,2026-08-17T14:16:22.421688+00:00,876368ab1629fc052a449e4ec277239a1d67750e45e4670817814d172c411886
codex,codex-self-rating,1,T09,V03,V03,3,76.0,round6-neutral-v1,1,2026-08-17T14:16:22.421688+00:00,876368ab1629fc052a449e4ec277239a1d67750e45e4670817814d172c411886
codex,codex-self-rating,1,T09,V04,V04,4,38.0,round6-neutral-v1,1,2026-08-17T14:16:22.421688+00:00,876368ab1629fc052a449e4ec277239a1d67750e45e4670817814d172c411886
codex,codex-self-rating,1,T09,V05,V05,5,34.0,round6-neutral-v1,1,2026-08-17T14:16:22.421688+00:00,876368ab1629fc052a449e4ec277239a1d67750e45e4670817814d172c411886
codex,codex-self-rating,1,T09,V06,V06,6,92.0,round6-neutral-v1,1,2026-08-17T14:16:22.421688+00:00,876368ab1629fc052a449e4ec277239a1d67750e45e4670817814d172c411886
codex,codex-self-rating,1,T09,V07,V07,7,41.0,round6-neutral-v1,1,2026-08-17T14:16:22.421688+00:00,876368ab1629fc052a449e4ec277239a1d67750e45e4670817814d172c411886
codex,codex-self-rating,1,T09,V08,V08,8,34.0,round6-neutral-v1,1,2026-08-17T14:16:22.421688+00:00,876368ab1629fc052a449e4ec277239a1d67750e45e4670817814d172c411886
codex,codex-self-rating,1,T09,V09,V09,9,34.0,round6-neutral-v1,1,2026-08-17T14:16:22.421688+00:00,876368ab1629fc052a449e4ec277239a1d67750e45e4670817814d172c411886
codex,codex-self-rating,1,T09,V10,V10,10,38.0,round6-neutral-v1,1,2026-08-17T14:16:22.421688+00:00,876368ab1629fc052a449e4ec277239a1d67750e45e4670817814d172c411886
codex,codex-self-rating,1,T09,V11,V11,11,94.0,round6-neutral-v1,1,2026-08-17T14:16:22.421688+00:00,876368ab1629fc052a449e4ec277239a1d67750e45e4670817814d172c411886
codex,codex-self-rating,1,T09,V12,V12,12,27.0,round6-neutral-v1,1,2026-08-17T14:16:22.421688+00:00,876368ab1629fc052a449e4ec277239a1d67750e45e4670817814d172c411886
codex,codex-self-rating,1,T09,V13,V13,13,39.0,round6-neutral-v1,1,2026-08-17T14:16:22.421688+00:00,876368ab1629fc052a449e4ec277239a1d67750e45e4670817814d172c411886
codex,codex-self-rating,1,T09,V14,V14,14,38.0,round6-neutral-v1,1,2026-08-17T14:16:22.421688+00:00,876368ab1629fc052a449e4ec277239a1d67750e45e4670817814d172c411886
codex,codex-self-rating,1,T09,V15,V15,15,26.0,round6-neutral-v1,1,2026-08-17T14:16:22.421688+00:00,876368ab1629fc052a449e4ec277239a1d67750e45e4670817814d172c411886
codex,codex-self-rating,1,T09,V16,V16,16,78.0,round6-neutral-v1,1,2026-08-17T14:16:22.421688+00:00,876368ab1629fc052a449e4ec277239a1d67750e45e4670817814d172c411886
codex,codex-self-rating,1,T09,V17,V17,17,53.0,round6-neutral-v1,1,2026-08-17T14:16:22.421688+00:00,876368ab1629fc052a449e4ec277239a1d67750e45e4670817814d172c411886
codex,codex-self-rating,1,T09,V18,V18,18,81.0,round6-neutral-v1,1,2026-08-17T14:16:22.421688+00:00,876368ab1629fc052a449e4ec277239a1d67750e45e4670817814d172c411886
codex,codex-self-rating,1,T09,V19,V19,19,90.0,round6-neutral-v1,1,2026-08-17T14:16:22.421688+00:00,876368ab1629fc052a449e4ec277239a1d67750e45e4670817814d172c411886
codex,codex-self-rating,1,T09,V20,V20,20,26.0,round6-neutral-v1,1,2026-08-17T14:16:22.421688+00:00,876368ab1629fc052a449e4ec277239a1d67750e45e4670817814d172c411886
codex,codex-self-rating,1,T09,V21,V21,21,37.0,round6-neutral-v1,1,2026-08-17T14:16:22.421688+00:00,876368ab1629fc052a449e4ec277239a1d67750e45e4670817814d172c411886
codex,codex-self-rating,1,T09,V22,V22,22,45.0,round6-neutral-v1,1,2026-08-17T14:16:22.421688+00:00,876368ab1629fc052a449e4ec277239a1d67750e45e4670817814d172c411886
codex,codex-self-rating,1,T09,V23,V23,23,37.0,round6-neutral-v1,1,2026-08-17T14:16:22.421688+00:00,876368ab1629fc052a449e4ec277239a1d67750e45e4670817814d172c411886
codex,codex-self-rating,1,T09,V24,V24,24,94.0,round6-neutral-v1,1,2026-08-17T14:16:22.421688+00:00,876368ab1629fc052a449e4ec277239a1d67750e45e4670817814d172c411886
codex,codex-self-rating,1,T09,V25,V25,25,92.0,round6-neutral-v1,1,2026-08-17T14:16:22.421688+00:00,876368ab1629fc052a449e4ec277239a1d67750e45e4670817814d172c411886
codex,codex-self-rating,1,T09,V26,V26,26,90.0,round6-neutral-v1,1,2026-08-17T14:16:22.421688+00:00,876368ab1629fc052a449e4ec277239a1d67750e45e4670817814d172c411886
codex,codex-self-rating,1,T09,V27,V27,27,27.0,round6-neutral-v1,1,2026-08-17T14:16:22.421688+00:00,876368ab1629fc052a449e4ec277239a1d67750e45e4670817814d172c411886
codex,codex-self-rating,1,T09,V28,V28,28,55.0,round6-neutral-v1,1,2026-08-17T14:16:22.421688+00:00,876368ab1629fc052a449e4ec277239a1d67750e45e4670817814d172c411886
codex,codex-self-rating,1,T09,V29,V29,29,80.0,round6-neutral-v1,1,2026-08-17T14:16:22.421688+00:00,876368ab1629fc052a449e4ec277239a1d67750e45e4670817814d172c411886
codex,codex-self-rating,1,T09,V30,V30,30,75.0,round6-neutral-v1,1,2026-08-17T14:16:22.421688+00:00,876368ab1629fc052a449e4ec277239a1d67750e45e4670817814d172c411886
codex,codex-self-rating,1,T10,V01,V01,1,87.0,round6-neutral-v1,1,2026-08-17T14:16:22.421688+00:00,876368ab1629fc052a449e4ec277239a1d67750e45e4670817814d172c411886
codex,codex-self-rating,1,T10,V02,V02,2,40.0,round6-neutral-v1,1,2026-08-17T14:16:22.421688+00:00,876368ab1629fc052a449e4ec277239a1d67750e45e4670817814d172c411886
codex,codex-self-rating,1,T10,V03,V03,3,86.0,round6-neutral-v1,1,2026-08-17T14:16:22.421688+00:00,876368ab1629fc052a449e4ec277239a1d67750e45e4670817814d172c411886
codex,codex-self-rating,1,T10,V04,V04,4,52.0,round6-neutral-v1,1,2026-08-17T14:16:22.421688+00:00,876368ab1629fc052a449e4ec277239a1d67750e45e4670817814d172c411886
codex,codex-self-rating,1,T10,V05,V05,5,27.0,round6-neutral-v1,1,2026-08-17T14:16:22.421688+00:00,876368ab1629fc052a449e4ec277239a1d67750e45e4670817814d172c411886
codex,codex-self-rating,1,T10,V06,V06,6,79.0,round6-neutral-v1,1,2026-08-17T14:16:22.421688+00:00,876368ab1629fc052a449e4ec277239a1d67750e45e4670817814d172c411886
codex,codex-self-rating,1,T10,V07,V07,7,49.0,round6-neutral-v1,1,2026-08-17T14:16:22.421688+00:00,876368ab1629fc052a449e4ec277239a1d67750e45e4670817814d172c411886
codex,codex-self-rating,1,T10,V08,V08,8,33.0,round6-neutral-v1,1,2026-08-17T14:16:22.421688+00:00,876368ab1629fc052a449e4ec277239a1d67750e45e4670817814d172c411886
codex,codex-self-rating,1,T10,V09,V09,9,27.0,round6-neutral-v1,1,2026-08-17T14:16:22.421688+00:00,876368ab1629fc052a449e4ec277239a1d67750e45e4670817814d172c411886
codex,codex-self-rating,1,T10,V10,V10,10,34.0,round6-neutral-v1,1,2026-08-17T14:16:22.421688+00:00,876368ab1629fc052a449e4ec277239a1d67750e45e4670817814d172c411886
codex,codex-self-rating,1,T10,V11,V11,11,78.0,round6-neutral-v1,1,2026-08-17T14:16:22.421688+00:00,876368ab1629fc052a449e4ec277239a1d67750e45e4670817814d172c411886
codex,codex-self-rating,1,T10,V12,V12,12,38.0,round6-neutral-v1,1,2026-08-17T14:16:22.421688+00:00,876368ab1629fc052a449e4ec277239a1d67750e45e4670817814d172c411886
codex,codex-self-rating,1,T10,V13,V13,13,35.0,round6-neutral-v1,1,2026-08-17T14:16:22.421688+00:00,876368ab1629fc052a449e4ec277239a1d67750e45e4670817814d172c411886
codex,codex-self-rating,1,T10,V14,V14,14,35.0,round6-neutral-v1,1,2026-08-17T14:16:22.421688+00:00,876368ab1629fc052a449e4ec277239a1d67750e45e4670817814d172c411886
codex,codex-self-rating,1,T10,V15,V15,15,34.0,round6-neutral-v1,1,2026-08-17T14:16:22.421688+00:00,876368ab1629fc052a449e4ec277239a1d67750e45e4670817814d172c411886
codex,codex-self-rating,1,T10,V16,V16,16,86.0,round6-neutral-v1,1,2026-08-17T14:16:22.421688+00:00,876368ab1629fc052a449e4ec277239a1d67750e45e4670817814d172c411886
codex,codex-self-rating,1,T10,V17,V17,17,44.0,round6-neutral-v1,1,2026-08-17T14:16:22.421688+00:00,876368ab1629fc052a449e4ec277239a1d67750e45e4670817814d172c411886
codex,codex-self-rating,1,T10,V18,V18,18,85.0,round6-neutral-v1,1,2026-08-17T14:16:22.421688+00:00,876368ab1629fc052a449e4ec277239a1d67750e45e4670817814d172c411886
codex,codex-self-rating,1,T10,V19,V19,19,77.0,round6-neutral-v1,1,2026-08-17T14:16:22.421688+00:00,876368ab1629fc052a449e4ec277239a1d67750e45e4670817814d172c411886
codex,codex-self-rating,1,T10,V20,V20,20,34.0,round6-neutral-v1,1,2026-08-17T14:16:22.421688+00:00,876368ab1629fc052a449e4ec277239a1d67750e45e4670817814d172c411886
codex,codex-self-rating,1,T10,V21,V21,21,33.0,round6-neutral-v1,1,2026-08-17T14:16:22.421688+00:00,876368ab1629fc052a449e4ec277239a1d67750e45e4670817814d172c411886
codex,codex-self-rating,1,T10,V22,V22,22,45.0,round6-neutral-v1,1,2026-08-17T14:16:22.421688+00:00,876368ab1629fc052a449e4ec277239a1d67750e45e4670817814d172c411886
codex,codex-self-rating,1,T10,V23,V23,23,33.0,round6-neutral-v1,1,2026-08-17T14:16:22.421688+00:00,876368ab1629fc052a449e4ec277239a1d67750e45e4670817814d172c411886
codex,codex-self-rating,1,T10,V24,V24,24,76.0,round6-neutral-v1,1,2026-08-17T14:16:22.421688+00:00,876368ab1629fc052a449e4ec277239a1d67750e45e4670817814d172c411886
codex,codex-self-rating,1,T10,V25,V25,25,78.0,round6-neutral-v1,1,2026-08-17T14:16:22.421688+00:00,876368ab1629fc052a449e4ec277239a1d67750e45e4670817814d172c411886
codex,codex-self-rating,1,T10,V26,V26,26,78.0,round6-neutral-v1,1,2026-08-17T14:16:22.421688+00:00,876368ab1629fc052a449e4ec277239a1d67750e45e4670817814d172c411886
codex,codex-self-rating,1,T10,V27,V27,27,38.0,round6-neutral-v1,1,2026-08-17T14:16:22.421688+00:00,876368ab1629fc052a449e4ec277239a1d67750e45e4670817814d172c411886
codex,codex-self-rating,1,T10,V28,V28,28,43.0,round6-neutral-v1,1,2026-08-17T14:16:22.421688+00:00,876368ab1629fc052a449e4ec277239a1d67750e45e4670817814d172c411886
codex,codex-self-rating,1,T10,V29,V29,29,84.0,round6-neutral-v1,1,2026-08-17T14:16:22.421688+00:00,876368ab1629fc052a449e4ec277239a1d67750e45e4670817814d172c411886
codex,codex-self-rating,1,T10,V30,V30,30,83.0,round6-neutral-v1,1,2026-08-17T14:16:22.421688+00:00,876368ab1629fc052a449e4ec277239a1d67750e45e4670817814d172c411886
codex,codex-self-rating,1,T11,V01,V01,1,33.0,round6-neutral-v1,1,2026-08-17T14:16:22.421688+00:00,876368ab1629fc052a449e4ec277239a1d67750e45e4670817814d172c411886
codex,codex-self-rating,1,T11,V02,V02,2,91.0,round6-neutral-v1,1,2026-08-17T14:16:22.421688+00:00,876368ab1629fc052a449e4ec277239a1d67750e45e4670817814d172c411886
codex,codex-self-rating,1,T11,V03,V03,3,29.0,round6-neutral-v1,1,2026-08-17T14:16:22.421688+00:00,876368ab1629fc052a449e4ec277239a1d67750e45e4670817814d172c411886
codex,codex-self-rating,1,T11,V04,V04,4,66.0,round6-neutral-v1,1,2026-08-17T14:16:22.421688+00:00,876368ab1629fc052a449e4ec277239a1d67750e45e4670817814d172c411886
codex,codex-self-rating,1,T11,V05,V05,5,54.0,round6-neutral-v1,1,2026-08-17T14:16:22.421688+00:00,876368ab1629fc052a449e4ec277239a1d67750e45e4670817814d172c411886
codex,codex-self-rating,1,T11,V06,V06,6,42.0,round6-neutral-v1,1,2026-08-17T14:16:22.421688+00:00,876368ab1629fc052a449e4ec277239a1d67750e45e4670817814d172c411886
codex,codex-self-rating,1,T11,V07,V07,7,70.0,round6-neutral-v1,1,2026-08-17T14:16:22.421688+00:00,876368ab1629fc052a449e4ec277239a1d67750e45e4670817814d172c411886
codex,codex-self-rating,1,T11,V08,V08,8,38.0,round6-neutral-v1,1,2026-08-17T14:16:22.421688+00:00,876368ab1629fc052a449e4ec277239a1d67750e45e4670817814d172c411886
codex,codex-self-rating,1,T11,V09,V09,9,54.0,round6-neutral-v1,1,2026-08-17T14:16:22.421688+00:00,876368ab1629fc052a449e4ec277239a1d67750e45e4670817814d172c411886
codex,codex-self-rating,1,T11,V10,V10,10,38.0,round6-neutral-v1,1,2026-08-17T14:16:22.421688+00:00,876368ab1629fc052a449e4ec277239a1d67750e45e4670817814d172c411886
codex,codex-self-rating,1,T11,V11,V11,11,40.0,round6-neutral-v1,1,2026-08-17T14:16:22.421688+00:00,876368ab1629fc052a449e4ec277239a1d67750e45e4670817814d172c411886
codex,codex-self-rating,1,T11,V12,V12,12,40.0,round6-neutral-v1,1,2026-08-17T14:16:22.421688+00:00,876368ab1629fc052a449e4ec277239a1d67750e45e4670817814d172c411886
codex,codex-self-rating,1,T11,V13,V13,13,43.0,round6-neutral-v1,1,2026-08-17T14:16:22.421688+00:00,876368ab1629fc052a449e4ec277239a1d67750e45e4670817814d172c411886
codex,codex-self-rating,1,T11,V14,V14,14,42.0,round6-neutral-v1,1,2026-08-17T14:16:22.421688+00:00,876368ab1629fc052a449e4ec277239a1d67750e45e4670817814d172c411886
codex,codex-self-rating,1,T11,V15,V15,15,34.0,round6-neutral-v1,1,2026-08-17T14:16:22.421688+00:00,876368ab1629fc052a449e4ec277239a1d67750e45e4670817814d172c411886
codex,codex-self-rating,1,T11,V16,V16,16,32.0,round6-neutral-v1,1,2026-08-17T14:16:22.421688+00:00,876368ab1629fc052a449e4ec277239a1d67750e45e4670817814d172c411886
codex,codex-self-rating,1,T11,V17,V17,17,80.0,round6-neutral-v1,1,2026-08-17T14:16:22.421688+00:00,876368ab1629fc052a449e4ec277239a1d67750e45e4670817814d172c411886
codex,codex-self-rating,1,T11,V18,V18,18,34.0,round6-neutral-v1,1,2026-08-17T14:16:22.421688+00:00,876368ab1629fc052a449e4ec277239a1d67750e45e4670817814d172c411886
codex,codex-self-rating,1,T11,V19,V19,19,40.0,round6-neutral-v1,1,2026-08-17T14:16:22.421688+00:00,876368ab1629fc052a449e4ec277239a1d67750e45e4670817814d172c411886
codex,codex-self-rating,1,T11,V20,V20,20,34.0,round6-neutral-v1,1,2026-08-17T14:16:22.421688+00:00,876368ab1629fc052a449e4ec277239a1d67750e45e4670817814d172c411886
codex,codex-self-rating,1,T11,V21,V21,21,37.0,round6-neutral-v1,1,2026-08-17T14:16:22.421688+00:00,876368ab1629fc052a449e4ec277239a1d67750e45e4670817814d172c411886
codex,codex-self-rating,1,T11,V22,V22,22,68.0,round6-neutral-v1,1,2026-08-17T14:16:22.421688+00:00,876368ab1629fc052a449e4ec277239a1d67750e45e4670817814d172c411886
codex,codex-self-rating,1,T11,V23,V23,23,37.0,round6-neutral-v1,1,2026-08-17T14:16:22.421688+00:00,876368ab1629fc052a449e4ec277239a1d67750e45e4670817814d172c411886
codex,codex-self-rating,1,T11,V24,V24,24,39.0,round6-neutral-v1,1,2026-08-17T14:16:22.421688+00:00,876368ab1629fc052a449e4ec277239a1d67750e45e4670817814d172c411886
codex,codex-self-rating,1,T11,V25,V25,25,41.0,round6-neutral-v1,1,2026-08-17T14:16:22.421688+00:00,876368ab1629fc052a449e4ec277239a1d67750e45e4670817814d172c411886
codex,codex-self-rating,1,T11,V26,V26,26,40.0,round6-neutral-v1,1,2026-08-17T14:16:22.421688+00:00,876368ab1629fc052a449e4ec277239a1d67750e45e4670817814d172c411886
codex,codex-self-rating,1,T11,V27,V27,27,40.0,round6-neutral-v1,1,2026-08-17T14:16:22.421688+00:00,876368ab1629fc052a449e4ec277239a1d67750e45e4670817814d172c411886
codex,codex-self-rating,1,T11,V28,V28,28,85.0,round6-neutral-v1,1,2026-08-17T14:16:22.421688+00:00,876368ab1629fc052a449e4ec277239a1d67750e45e4670817814d172c411886
codex,codex-self-rating,1,T11,V29,V29,29,33.0,round6-neutral-v1,1,2026-08-17T14:16:22.421688+00:00,876368ab1629fc052a449e4ec277239a1d67750e45e4670817814d172c411886
codex,codex-self-rating,1,T11,V30,V30,30,29.0,round6-neutral-v1,1,2026-08-17T14:16:22.421688+00:00,876368ab1629fc052a449e4ec277239a1d67750e45e4670817814d172c411886
codex,codex-self-rating,1,T12,V01,V01,1,43.0,round6-neutral-v1,1,2026-08-17T14:16:22.421688+00:00,876368ab1629fc052a449e4ec277239a1d67750e45e4670817814d172c411886
codex,codex-self-rating,1,T12,V02,V02,2,85.0,round6-neutral-v1,1,2026-08-17T14:16:22.421688+00:00,876368ab1629fc052a449e4ec277239a1d67750e45e4670817814d172c411886
codex,codex-self-rating,1,T12,V03,V03,3,38.0,round6-neutral-v1,1,2026-08-17T14:16:22.421688+00:00,876368ab1629fc052a449e4ec277239a1d67750e45e4670817814d172c411886
codex,codex-self-rating,1,T12,V04,V04,4,64.0,round6-neutral-v1,1,2026-08-17T14:16:22.421688+00:00,876368ab1629fc052a449e4ec277239a1d67750e45e4670817814d172c411886
codex,codex-self-rating,1,T12,V05,V05,5,26.0,round6-neutral-v1,1,2026-08-17T14:16:22.421688+00:00,876368ab1629fc052a449e4ec277239a1d67750e45e4670817814d172c411886
codex,codex-self-rating,1,T12,V06,V06,6,50.0,round6-neutral-v1,1,2026-08-17T14:16:22.421688+00:00,876368ab1629fc052a449e4ec277239a1d67750e45e4670817814d172c411886
codex,codex-self-rating,1,T12,V07,V07,7,69.0,round6-neutral-v1,1,2026-08-17T14:16:22.421688+00:00,876368ab1629fc052a449e4ec277239a1d67750e45e4670817814d172c411886
codex,codex-self-rating,1,T12,V08,V08,8,35.0,round6-neutral-v1,1,2026-08-17T14:16:22.421688+00:00,876368ab1629fc052a449e4ec277239a1d67750e45e4670817814d172c411886
codex,codex-self-rating,1,T12,V09,V09,9,26.0,round6-neutral-v1,1,2026-08-17T14:16:22.421688+00:00,876368ab1629fc052a449e4ec277239a1d67750e45e4670817814d172c411886
codex,codex-self-rating,1,T12,V10,V10,10,37.0,round6-neutral-v1,1,2026-08-17T14:16:22.421688+00:00,876368ab1629fc052a449e4ec277239a1d67750e45e4670817814d172c411886
codex,codex-self-rating,1,T12,V11,V11,11,41.0,round6-neutral-v1,1,2026-08-17T14:16:22.421688+00:00,876368ab1629fc052a449e4ec277239a1d67750e45e4670817814d172c411886
codex,codex-self-rating,1,T12,V12,V12,12,34.0,round6-neutral-v1,1,2026-08-17T14:16:22.421688+00:00,876368ab1629fc052a449e4ec277239a1d67750e45e4670817814d172c411886
codex,codex-self-rating,1,T12,V13,V13,13,50.0,round6-neutral-v1,1,2026-08-17T14:16:22.421688+00:00,876368ab1629fc052a449e4ec277239a1d67750e45e4670817814d172c411886
codex,codex-self-rating,1,T12,V14,V14,14,49.0,round6-neutral-v1,1,2026-08-17T14:16:22.421688+00:00,876368ab1629fc052a449e4ec277239a1d67750e45e4670817814d172c411886
codex,codex-self-rating,1,T12,V15,V15,15,32.0,round6-neutral-v1,1,2026-08-17T14:16:22.421688+00:00,876368ab1629fc052a449e4ec277239a1d67750e45e4670817814d172c411886
codex,codex-self-rating,1,T12,V16,V16,16,42.0,round6-neutral-v1,1,2026-08-17T14:16:22.421688+00:00,876368ab1629fc052a449e4ec277239a1d67750e45e4670817814d172c411886
codex,codex-self-rating,1,T12,V17,V17,17,79.0,round6-neutral-v1,1,2026-08-17T14:16:22.421688+00:00,876368ab1629fc052a449e4ec277239a1d67750e45e4670817814d172c411886
codex,codex-self-rating,1,T12,V18,V18,18,45.0,round6-neutral-v1,1,2026-08-17T14:16:22.421688+00:00,876368ab1629fc052a449e4ec277239a1d67750e45e4670817814d172c411886
codex,codex-self-rating,1,T12,V19,V19,19,41.0,round6-neutral-v1,1,2026-08-17T14:16:22.421688+00:00,876368ab1629fc052a449e4ec277239a1d67750e45e4670817814d172c411886
codex,codex-self-rating,1,T12,V20,V20,20,32.0,round6-neutral-v1,1,2026-08-17T14:16:22.421688+00:00,876368ab1629fc052a449e4ec277239a1d67750e45e4670817814d172c411886
codex,codex-self-rating,1,T12,V21,V21,21,36.0,round6-neutral-v1,1,2026-08-17T14:16:22.421688+00:00,876368ab1629fc052a449e4ec277239a1d67750e45e4670817814d172c411886
codex,codex-self-rating,1,T12,V22,V22,22,84.0,round6-neutral-v1,1,2026-08-17T14:16:22.421688+00:00,876368ab1629fc052a449e4ec277239a1d67750e45e4670817814d172c411886
codex,codex-self-rating,1,T12,V23,V23,23,35.0,round6-neutral-v1,1,2026-08-17T14:16:22.421688+00:00,876368ab1629fc052a449e4ec277239a1d67750e45e4670817814d172c411886
codex,codex-self-rating,1,T12,V24,V24,24,39.0,round6-neutral-v1,1,2026-08-17T14:16:22.421688+00:00,876368ab1629fc052a449e4ec277239a1d67750e45e4670817814d172c411886
codex,codex-self-rating,1,T12,V25,V25,25,49.0,round6-neutral-v1,1,2026-08-17T14:16:22.421688+00:00,876368ab1629fc052a449e4ec277239a1d67750e45e4670817814d172c411886
codex,codex-self-rating,1,T12,V26,V26,26,42.0,round6-neutral-v1,1,2026-08-17T14:16:22.421688+00:00,876368ab1629fc052a449e4ec277239a1d67750e45e4670817814d172c411886
codex,codex-self-rating,1,T12,V27,V27,27,34.0,round6-neutral-v1,1,2026-08-17T14:16:22.421688+00:00,876368ab1629fc052a449e4ec277239a1d67750e45e4670817814d172c411886
codex,codex-self-rating,1,T12,V28,V28,28,91.0,round6-neutral-v1,1,2026-08-17T14:16:22.421688+00:00,876368ab1629fc052a449e4ec277239a1d67750e45e4670817814d172c411886
codex,codex-self-rating,1,T12,V29,V29,29,44.0,round6-neutral-v1,1,2026-08-17T14:16:22.421688+00:00,876368ab1629fc052a449e4ec277239a1d67750e45e4670817814d172c411886
codex,codex-self-rating,1,T12,V30,V30,30,37.0,round6-neutral-v1,1,2026-08-17T14:16:22.421688+00:00,876368ab1629fc052a449e4ec277239a1d67750e45e4670817814d172c411886
codex,codex-self-rating,2,T01,V01,V01,1,28.0,round6-neutral-v1,1,2026-08-17T14:16:22.421688+00:00,876368ab1629fc052a449e4ec277239a1d67750e45e4670817814d172c411886
codex,codex-self-rating,2,T01,V02,V02,2,40.0,round6-neutral-v1,1,2026-08-17T14:16:22.421688+00:00,876368ab1629fc052a449e4ec277239a1d67750e45e4670817814d172c411886
codex,codex-self-rating,2,T01,V03,V03,3,27.0,round6-neutral-v1,1,2026-08-17T14:16:22.421688+00:00,876368ab1629fc052a449e4ec277239a1d67750e45e4670817814d172c411886
codex,codex-self-rating,2,T01,V04,V04,4,20.0,round6-neutral-v1,1,2026-08-17T14:16:22.421688+00:00,876368ab1629fc052a449e4ec277239a1d67750e45e4670817814d172c411886
codex,codex-self-rating,2,T01,V05,V05,5,88.0,round6-neutral-v1,1,2026-08-17T14:16:22.421688+00:00,876368ab1629fc052a449e4ec277239a1d67750e45e4670817814d172c411886
codex,codex-self-rating,2,T01,V06,V06,6,31.0,round6-neutral-v1,1,2026-08-17T14:16:22.421688+00:00,876368ab1629fc052a449e4ec277239a1d67750e45e4670817814d172c411886
codex,codex-self-rating,2,T01,V07,V07,7,24.0,round6-neutral-v1,1,2026-08-17T14:16:22.421688+00:00,876368ab1629fc052a449e4ec277239a1d67750e45e4670817814d172c411886
codex,codex-self-rating,2,T01,V08,V08,8,76.0,round6-neutral-v1,1,2026-08-17T14:16:22.421688+00:00,876368ab1629fc052a449e4ec277239a1d67750e45e4670817814d172c411886
codex,codex-self-rating,2,T01,V09,V09,9,90.0,round6-neutral-v1,1,2026-08-17T14:16:22.421688+00:00,876368ab1629fc052a449e4ec277239a1d67750e45e4670817814d172c411886
codex,codex-self-rating,2,T01,V10,V10,10,74.0,round6-neutral-v1,1,2026-08-17T14:16:22.421688+00:00,876368ab1629fc052a449e4ec277239a1d67750e45e4670817814d172c411886
codex,codex-self-rating,2,T01,V11,V11,11,32.0,round6-neutral-v1,1,2026-08-17T14:16:22.421688+00:00,876368ab1629fc052a449e4ec277239a1d67750e45e4670817814d172c411886
codex,codex-self-rating,2,T01,V12,V12,12,72.0,round6-neutral-v1,1,2026-08-17T14:16:22.421688+00:00,876368ab1629fc052a449e4ec277239a1d67750e45e4670817814d172c411886
codex,codex-self-rating,2,T01,V13,V13,13,80.0,round6-neutral-v1,1,2026-08-17T14:16:22.421688+00:00,876368ab1629fc052a449e4ec277239a1d67750e45e4670817814d172c411886
codex,codex-self-rating,2,T01,V14,V14,14,80.0,round6-neutral-v1,1,2026-08-17T14:16:22.421688+00:00,876368ab1629fc052a449e4ec277239a1d67750e45e4670817814d172c411886
codex,codex-self-rating,2,T01,V15,V15,15,69.0,round6-neutral-v1,1,2026-08-17T14:16:22.421688+00:00,876368ab1629fc052a449e4ec277239a1d67750e45e4670817814d172c411886
codex,codex-self-rating,2,T01,V16,V16,16,26.0,round6-neutral-v1,1,2026-08-17T14:16:22.421688+00:00,876368ab1629fc052a449e4ec277239a1d67750e45e4670817814d172c411886
codex,codex-self-rating,2,T01,V17,V17,17,37.0,round6-neutral-v1,1,2026-08-17T14:16:22.421688+00:00,876368ab1629fc052a449e4ec277239a1d67750e45e4670817814d172c411886
codex,codex-self-rating,2,T01,V18,V18,18,28.0,round6-neutral-v1,1,2026-08-17T14:16:22.421688+00:00,876368ab1629fc052a449e4ec277239a1d67750e45e4670817814d172c411886
codex,codex-self-rating,2,T01,V19,V19,19,31.0,round6-neutral-v1,1,2026-08-17T14:16:22.421688+00:00,876368ab1629fc052a449e4ec277239a1d67750e45e4670817814d172c411886
codex,codex-self-rating,2,T01,V20,V20,20,74.0,round6-neutral-v1,1,2026-08-17T14:16:22.421688+00:00,876368ab1629fc052a449e4ec277239a1d67750e45e4670817814d172c411886
codex,codex-self-rating,2,T01,V21,V21,21,74.0,round6-neutral-v1,1,2026-08-17T14:16:22.421688+00:00,876368ab1629fc052a449e4ec277239a1d67750e45e4670817814d172c411886
codex,codex-self-rating,2,T01,V22,V22,22,25.0,round6-neutral-v1,1,2026-08-17T14:16:22.421688+00:00,876368ab1629fc052a449e4ec277239a1d67750e45e4670817814d172c411886
codex,codex-self-rating,2,T01,V23,V23,23,76.0,round6-neutral-v1,1,2026-08-17T14:16:22.421688+00:00,876368ab1629fc052a449e4ec277239a1d67750e45e4670817814d172c411886
codex,codex-self-rating,2,T01,V24,V24,24,30.0,round6-neutral-v1,1,2026-08-17T14:16:22.421688+00:00,876368ab1629fc052a449e4ec277239a1d67750e45e4670817814d172c411886
codex,codex-self-rating,2,T01,V25,V25,25,30.0,round6-neutral-v1,1,2026-08-17T14:16:22.421688+00:00,876368ab1629fc052a449e4ec277239a1d67750e45e4670817814d172c411886
codex,codex-self-rating,2,T01,V26,V26,26,33.0,round6-neutral-v1,1,2026-08-17T14:16:22.421688+00:00,876368ab1629fc052a449e4ec277239a1d67750e45e4670817814d172c411886
codex,codex-self-rating,2,T01,V27,V27,27,73.0,round6-neutral-v1,1,2026-08-17T14:16:22.421688+00:00,876368ab1629fc052a449e4ec277239a1d67750e45e4670817814d172c411886
codex,codex-self-rating,2,T01,V28,V28,28,39.0,round6-neutral-v1,1,2026-08-17T14:16:22.421688+00:00,876368ab1629fc052a449e4ec277239a1d67750e45e4670817814d172c411886
codex,codex-self-rating,2,T01,V29,V29,29,25.0,round6-neutral-v1,1,2026-08-17T14:16:22.421688+00:00,876368ab1629fc052a449e4ec277239a1d67750e45e4670817814d172c411886
codex,codex-self-rating,2,T01,V30,V30,30,25.0,round6-neutral-v1,1,2026-08-17T14:16:22.421688+00:00,876368ab1629fc052a449e4ec277239a1d67750e45e4670817814d172c411886
codex,codex-self-rating,2,T02,V01,V01,1,84.0,round6-neutral-v1,1,2026-08-17T14:16:22.421688+00:00,876368ab1629fc052a449e4ec277239a1d67750e45e4670817814d172c411886
codex,codex-self-rating,2,T02,V02,V02,2,40.0,round6-neutral-v1,1,2026-08-17T14:16:22.421688+00:00,876368ab1629fc052a449e4ec277239a1d67750e45e4670817814d172c411886
codex,codex-self-rating,2,T02,V03,V03,3,76.0,round6-neutral-v1,1,2026-08-17T14:16:22.421688+00:00,876368ab1629fc052a449e4ec277239a1d67750e45e4670817814d172c411886
codex,codex-self-rating,2,T02,V04,V04,4,30.0,round6-neutral-v1,1,2026-08-17T14:16:22.421688+00:00,876368ab1629fc052a449e4ec277239a1d67750e45e4670817814d172c411886
codex,codex-self-rating,2,T02,V05,V05,5,27.0,round6-neutral-v1,1,2026-08-17T14:16:22.421688+00:00,876368ab1629fc052a449e4ec277239a1d67750e45e4670817814d172c411886
codex,codex-self-rating,2,T02,V06,V06,6,89.0,round6-neutral-v1,1,2026-08-17T14:16:22.421688+00:00,876368ab1629fc052a449e4ec277239a1d67750e45e4670817814d172c411886
codex,codex-self-rating,2,T02,V07,V07,7,43.0,round6-neutral-v1,1,2026-08-17T14:16:22.421688+00:00,876368ab1629fc052a449e4ec277239a1d67750e45e4670817814d172c411886
codex,codex-self-rating,2,T02,V08,V08,8,36.0,round6-neutral-v1,1,2026-08-17T14:16:22.421688+00:00,876368ab1629fc052a449e4ec277239a1d67750e45e4670817814d172c411886
codex,codex-self-rating,2,T02,V09,V09,9,29.0,round6-neutral-v1,1,2026-08-17T14:16:22.421688+00:00,876368ab1629fc052a449e4ec277239a1d67750e45e4670817814d172c411886
codex,codex-self-rating,2,T02,V10,V10,10,38.0,round6-neutral-v1,1,2026-08-17T14:16:22.421688+00:00,876368ab1629fc052a449e4ec277239a1d67750e45e4670817814d172c411886
codex,codex-self-rating,2,T02,V11,V11,11,79.0,round6-neutral-v1,1,2026-08-17T14:16:22.421688+00:00,876368ab1629fc052a449e4ec277239a1d67750e45e4670817814d172c411886
codex,codex-self-rating,2,T02,V12,V12,12,28.0,round6-neutral-v1,1,2026-08-17T14:16:22.421688+00:00,876368ab1629fc052a449e4ec277239a1d67750e45e4670817814d172c411886
codex,codex-self-rating,2,T02,V13,V13,13,47.0,round6-neutral-v1,1,2026-08-17T14:16:22.421688+00:00,876368ab1629fc052a449e4ec277239a1d67750e45e4670817814d172c411886
codex,codex-self-rating,2,T02,V14,V14,14,44.0,round6-neutral-v1,1,2026-08-17T14:16:22.421688+00:00,876368ab1629fc052a449e4ec277239a1d67750e45e4670817814d172c411886
codex,codex-self-rating,2,T02,V15,V15,15,34.0,round6-neutral-v1,1,2026-08-17T14:16:22.421688+00:00,876368ab1629fc052a449e4ec277239a1d67750e45e4670817814d172c411886
codex,codex-self-rating,2,T02,V16,V16,16,78.0,round6-neutral-v1,1,2026-08-17T14:16:22.421688+00:00,876368ab1629fc052a449e4ec277239a1d67750e45e4670817814d172c411886
codex,codex-self-rating,2,T02,V17,V17,17,55.0,round6-neutral-v1,1,2026-08-17T14:16:22.421688+00:00,876368ab1629fc052a449e4ec277239a1d67750e45e4670817814d172c411886
codex,codex-self-rating,2,T02,V18,V18,18,88.0,round6-neutral-v1,1,2026-08-17T14:16:22.421688+00:00,876368ab1629fc052a449e4ec277239a1d67750e45e4670817814d172c411886
codex,codex-self-rating,2,T02,V19,V19,19,82.0,round6-neutral-v1,1,2026-08-17T14:16:22.421688+00:00,876368ab1629fc052a449e4ec277239a1d67750e45e4670817814d172c411886
codex,codex-self-rating,2,T02,V20,V20,20,38.0,round6-neutral-v1,1,2026-08-17T14:16:22.421688+00:00,876368ab1629fc052a449e4ec277239a1d67750e45e4670817814d172c411886
codex,codex-self-rating,2,T02,V21,V21,21,35.0,round6-neutral-v1,1,2026-08-17T14:16:22.421688+00:00,876368ab1629fc052a449e4ec277239a1d67750e45e4670817814d172c411886
codex,codex-self-rating,2,T02,V22,V22,22,58.0,round6-neutral-v1,1,2026-08-17T14:16:22.421688+00:00,876368ab1629fc052a449e4ec277239a1d67750e45e4670817814d172c411886
codex,codex-self-rating,2,T02,V23,V23,23,34.0,round6-neutral-v1,1,2026-08-17T14:16:22.421688+00:00,876368ab1629fc052a449e4ec277239a1d67750e45e4670817814d172c411886
codex,codex-self-rating,2,T02,V24,V24,24,76.0,round6-neutral-v1,1,2026-08-17T14:16:22.421688+00:00,876368ab1629fc052a449e4ec277239a1d67750e45e4670817814d172c411886
codex,codex-self-rating,2,T02,V25,V25,25,84.0,round6-neutral-v1,1,2026-08-17T14:16:22.421688+00:00,876368ab1629fc052a449e4ec277239a1d67750e45e4670817814d172c411886
codex,codex-self-rating,2,T02,V26,V26,26,88.0,round6-neutral-v1,1,2026-08-17T14:16:22.421688+00:00,876368ab1629fc052a449e4ec277239a1d67750e45e4670817814d172c411886
codex,codex-self-rating,2,T02,V27,V27,27,31.0,round6-neutral-v1,1,2026-08-17T14:16:22.421688+00:00,876368ab1629fc052a449e4ec277239a1d67750e45e4670817814d172c411886
codex,codex-self-rating,2,T02,V28,V28,28,58.0,round6-neutral-v1,1,2026-08-17T14:16:22.421688+00:00,876368ab1629fc052a449e4ec277239a1d67750e45e4670817814d172c411886
codex,codex-self-rating,2,T02,V29,V29,29,83.0,round6-neutral-v1,1,2026-08-17T14:16:22.421688+00:00,876368ab1629fc052a449e4ec277239a1d67750e45e4670817814d172c411886
codex,codex-self-rating,2,T02,V30,V30,30,73.0,round6-neutral-v1,1,2026-08-17T14:16:22.421688+00:00,876368ab1629fc052a449e4ec277239a1d67750e45e4670817814d172c411886
codex,codex-self-rating,2,T03,V01,V01,1,31.0,round6-neutral-v1,1,2026-08-17T14:16:22.421688+00:00,876368ab1629fc052a449e4ec277239a1d67750e45e4670817814d172c411886
codex,codex-self-rating,2,T03,V02,V02,2,35.0,round6-neutral-v1,1,2026-08-17T14:16:22.421688+00:00,876368ab1629fc052a449e4ec277239a1d67750e45e4670817814d172c411886
codex,codex-self-rating,2,T03,V03,V03,3,30.0,round6-neutral-v1,1,2026-08-17T14:16:22.421688+00:00,876368ab1629fc052a449e4ec277239a1d67750e45e4670817814d172c411886
codex,codex-self-rating,2,T03,V04,V04,4,48.0,round6-neutral-v1,1,2026-08-17T14:16:22.421688+00:00,876368ab1629fc052a449e4ec277239a1d67750e45e4670817814d172c411886
codex,codex-self-rating,2,T03,V05,V05,5,73.0,round6-neutral-v1,1,2026-08-17T14:16:22.421688+00:00,876368ab1629fc052a449e4ec277239a1d67750e45e4670817814d172c411886
codex,codex-self-rating,2,T03,V06,V06,6,29.0,round6-neutral-v1,1,2026-08-17T14:16:22.421688+00:00,876368ab1629fc052a449e4ec277239a1d67750e45e4670817814d172c411886
codex,codex-self-rating,2,T03,V07,V07,7,50.0,round6-neutral-v1,1,2026-08-17T14:16:22.421688+00:00,876368ab1629fc052a449e4ec277239a1d67750e45e4670817814d172c411886
codex,codex-self-rating,2,T03,V08,V08,8,75.0,round6-neutral-v1,1,2026-08-17T14:16:22.421688+00:00,876368ab1629fc052a449e4ec277239a1d67750e45e4670817814d172c411886
codex,codex-self-rating,2,T03,V09,V09,9,73.0,round6-neutral-v1,1,2026-08-17T14:16:22.421688+00:00,876368ab1629fc052a449e4ec277239a1d67750e45e4670817814d172c411886
codex,codex-self-rating,2,T03,V10,V10,10,76.0,round6-neutral-v1,1,2026-08-17T14:16:22.421688+00:00,876368ab1629fc052a449e4ec277239a1d67750e45e4670817814d172c411886
codex,codex-self-rating,2,T03,V11,V11,11,27.0,round6-neutral-v1,1,2026-08-17T14:16:22.421688+00:00,876368ab1629fc052a449e4ec277239a1d67750e45e4670817814d172c411886
codex,codex-self-rating,2,T03,V12,V12,12,88.0,round6-neutral-v1,1,2026-08-17T14:16:22.421688+00:00,876368ab1629fc052a449e4ec277239a1d67750e45e4670817814d172c411886
codex,codex-self-rating,2,T03,V13,V13,13,77.0,round6-neutral-v1,1,2026-08-17T14:16:22.421688+00:00,876368ab1629fc052a449e4ec277239a1d67750e45e4670817814d172c411886
codex,codex-self-rating,2,T03,V14,V14,14,75.0,round6-neutral-v1,1,2026-08-17T14:16:22.421688+00:00,876368ab1629fc052a449e4ec277239a1d67750e45e4670817814d172c411886
codex,codex-self-rating,2,T03,V15,V15,15,84.0,round6-neutral-v1,1,2026-08-17T14:16:22.421688+00:00,876368ab1629fc052a449e4ec277239a1d67750e45e4670817814d172c411886
codex,codex-self-rating,2,T03,V16,V16,16,30.0,round6-neutral-v1,1,2026-08-17T14:16:22.421688+00:00,876368ab1629fc052a449e4ec277239a1d67750e45e4670817814d172c411886
codex,codex-self-rating,2,T03,V17,V17,17,38.0,round6-neutral-v1,1,2026-08-17T14:16:22.421688+00:00,876368ab1629fc052a449e4ec277239a1d67750e45e4670817814d172c411886
codex,codex-self-rating,2,T03,V18,V18,18,36.0,round6-neutral-v1,1,2026-08-17T14:16:22.421688+00:00,876368ab1629fc052a449e4ec277239a1d67750e45e4670817814d172c411886
codex,codex-self-rating,2,T03,V19,V19,19,27.0,round6-neutral-v1,1,2026-08-17T14:16:22.421688+00:00,876368ab1629fc052a449e4ec277239a1d67750e45e4670817814d172c411886
codex,codex-self-rating,2,T03,V20,V20,20,86.0,round6-neutral-v1,1,2026-08-17T14:16:22.421688+00:00,876368ab1629fc052a449e4ec277239a1d67750e45e4670817814d172c411886
codex,codex-self-rating,2,T03,V21,V21,21,75.0,round6-neutral-v1,1,2026-08-17T14:16:22.421688+00:00,876368ab1629fc052a449e4ec277239a1d67750e45e4670817814d172c411886
codex,codex-self-rating,2,T03,V22,V22,22,44.0,round6-neutral-v1,1,2026-08-17T14:16:22.421688+00:00,876368ab1629fc052a449e4ec277239a1d67750e45e4670817814d172c411886
codex,codex-self-rating,2,T03,V23,V23,23,76.0,round6-neutral-v1,1,2026-08-17T14:16:22.421688+00:00,876368ab1629fc052a449e4ec277239a1d67750e45e4670817814d172c411886
codex,codex-self-rating,2,T03,V24,V24,24,25.0,round6-neutral-v1,1,2026-08-17T14:16:22.421688+00:00,876368ab1629fc052a449e4ec277239a1d67750e45e4670817814d172c411886
codex,codex-self-rating,2,T03,V25,V25,25,27.0,round6-neutral-v1,1,2026-08-17T14:16:22.421688+00:00,876368ab1629fc052a449e4ec277239a1d67750e45e4670817814d172c411886
codex,codex-self-rating,2,T03,V26,V26,26,29.0,round6-neutral-v1,1,2026-08-17T14:16:22.421688+00:00,876368ab1629fc052a449e4ec277239a1d67750e45e4670817814d172c411886
codex,codex-self-rating,2,T03,V27,V27,27,87.0,round6-neutral-v1,1,2026-08-17T14:16:22.421688+00:00,876368ab1629fc052a449e4ec277239a1d67750e45e4670817814d172c411886
codex,codex-self-rating,2,T03,V28,V28,28,36.0,round6-neutral-v1,1,2026-08-17T14:16:22.421688+00:00,876368ab1629fc052a449e4ec277239a1d67750e45e4670817814d172c411886
codex,codex-self-rating,2,T03,V29,V29,29,34.0,round6-neutral-v1,1,2026-08-17T14:16:22.421688+00:00,876368ab1629fc052a449e4ec277239a1d67750e45e4670817814d172c411886
codex,codex-self-rating,2,T03,V30,V30,30,29.0,round6-neutral-v1,1,2026-08-17T14:16:22.421688+00:00,876368ab1629fc052a449e4ec277239a1d67750e45e4670817814d172c411886
codex,codex-self-rating,2,T04,V01,V01,1,26.0,round6-neutral-v1,1,2026-08-17T14:16:22.421688+00:00,876368ab1629fc052a449e4ec277239a1d67750e45e4670817814d172c411886
codex,codex-self-rating,2,T04,V02,V02,2,33.0,round6-neutral-v1,1,2026-08-17T14:16:22.421688+00:00,876368ab1629fc052a449e4ec277239a1d67750e45e4670817814d172c411886
codex,codex-self-rating,2,T04,V03,V03,3,25.0,round6-neutral-v1,1,2026-08-17T14:16:22.421688+00:00,876368ab1629fc052a449e4ec277239a1d67750e45e4670817814d172c411886
codex,codex-self-rating,2,T04,V04,V04,4,35.0,round6-neutral-v1,1,2026-08-17T14:16:22.421688+00:00,876368ab1629fc052a449e4ec277239a1d67750e45e4670817814d172c411886
codex,codex-self-rating,2,T04,V05,V05,5,79.0,round6-neutral-v1,1,2026-08-17T14:16:22.421688+00:00,876368ab1629fc052a449e4ec277239a1d67750e45e4670817814d172c411886
codex,codex-self-rating,2,T04,V06,V06,6,27.0,round6-neutral-v1,1,2026-08-17T14:16:22.421688+00:00,876368ab1629fc052a449e4ec277239a1d67750e45e4670817814d172c411886
codex,codex-self-rating,2,T04,V07,V07,7,39.0,round6-neutral-v1,1,2026-08-17T14:16:22.421688+00:00,876368ab1629fc052a449e4ec277239a1d67750e45e4670817814d172c411886
codex,codex-self-rating,2,T04,V08,V08,8,83.0,round6-neutral-v1,1,2026-08-17T14:16:22.421688+00:00,876368ab1629fc052a449e4ec277239a1d67750e45e4670817814d172c411886
codex,codex-self-rating,2,T04,V09,V09,9,80.0,round6-neutral-v1,1,2026-08-17T14:16:22.421688+00:00,876368ab1629fc052a449e4ec277239a1d67750e45e4670817814d172c411886
codex,codex-self-rating,2,T04,V10,V10,10,84.0,round6-neutral-v1,1,2026-08-17T14:16:22.421688+00:00,876368ab1629fc052a449e4ec277239a1d67750e45e4670817814d172c411886
codex,codex-self-rating,2,T04,V11,V11,11,26.0,round6-neutral-v1,1,2026-08-17T14:16:22.421688+00:00,876368ab1629fc052a449e4ec277239a1d67750e45e4670817814d172c411886
codex,codex-self-rating,2,T04,V12,V12,12,85.0,round6-neutral-v1,1,2026-08-17T14:16:22.421688+00:00,876368ab1629fc052a449e4ec277239a1d67750e45e4670817814d172c411886
codex,codex-self-rating,2,T04,V13,V13,13,85.0,round6-neutral-v1,1,2026-08-17T14:16:22.421688+00:00,876368ab1629fc052a449e4ec277239a1d67750e45e4670817814d172c411886
codex,codex-self-rating,2,T04,V14,V14,14,82.0,round6-neutral-v1,1,2026-08-17T14:16:22.421688+00:00,876368ab1629fc052a449e4ec277239a1d67750e45e4670817814d172c411886
codex,codex-self-rating,2,T04,V15,V15,15,84.0,round6-neutral-v1,1,2026-08-17T14:16:22.421688+00:00,876368ab1629fc052a449e4ec277239a1d67750e45e4670817814d172c411886
codex,codex-self-rating,2,T04,V16,V16,16,24.0,round6-neutral-v1,1,2026-08-17T14:16:22.421688+00:00,876368ab1629fc052a449e4ec277239a1d67750e45e4670817814d172c411886
codex,codex-self-rating,2,T04,V17,V17,17,35.0,round6-neutral-v1,1,2026-08-17T14:16:22.421688+00:00,876368ab1629fc052a449e4ec277239a1d67750e45e4670817814d172c411886
codex,codex-self-rating,2,T04,V18,V18,18,28.0,round6-neutral-v1,1,2026-08-17T14:16:22.421688+00:00,876368ab1629fc052a449e4ec277239a1d67750e45e4670817814d172c411886
codex,codex-self-rating,2,T04,V19,V19,19,25.0,round6-neutral-v1,1,2026-08-17T14:16:22.421688+00:00,876368ab1629fc052a449e4ec277239a1d67750e45e4670817814d172c411886
codex,codex-self-rating,2,T04,V20,V20,20,87.0,round6-neutral-v1,1,2026-08-17T14:16:22.421688+00:00,876368ab1629fc052a449e4ec277239a1d67750e45e4670817814d172c411886
codex,codex-self-rating,2,T04,V21,V21,21,81.0,round6-neutral-v1,1,2026-08-17T14:16:22.421688+00:00,876368ab1629fc052a449e4ec277239a1d67750e45e4670817814d172c411886
codex,codex-self-rating,2,T04,V22,V22,22,36.0,round6-neutral-v1,1,2026-08-17T14:16:22.421688+00:00,876368ab1629fc052a449e4ec277239a1d67750e45e4670817814d172c411886
codex,codex-self-rating,2,T04,V23,V23,23,82.0,round6-neutral-v1,1,2026-08-17T14:16:22.421688+00:00,876368ab1629fc052a449e4ec277239a1d67750e45e4670817814d172c411886
codex,codex-self-rating,2,T04,V24,V24,24,24.0,round6-neutral-v1,1,2026-08-17T14:16:22.421688+00:00,876368ab1629fc052a449e4ec277239a1d67750e45e4670817814d172c411886
codex,codex-self-rating,2,T04,V25,V25,25,25.0,round6-neutral-v1,1,2026-08-17T14:16:22.421688+00:00,876368ab1629fc052a449e4ec277239a1d67750e45e4670817814d172c411886
codex,codex-self-rating,2,T04,V26,V26,26,27.0,round6-neutral-v1,1,2026-08-17T14:16:22.421688+00:00,876368ab1629fc052a449e4ec277239a1d67750e45e4670817814d172c411886
codex,codex-self-rating,2,T04,V27,V27,27,86.0,round6-neutral-v1,1,2026-08-17T14:16:22.421688+00:00,876368ab1629fc052a449e4ec277239a1d67750e45e4670817814d172c411886
codex,codex-self-rating,2,T04,V28,V28,28,35.0,round6-neutral-v1,1,2026-08-17T14:16:22.421688+00:00,876368ab1629fc052a449e4ec277239a1d67750e45e4670817814d172c411886
codex,codex-self-rating,2,T04,V29,V29,29,26.0,round6-neutral-v1,1,2026-08-17T14:16:22.421688+00:00,876368ab1629fc052a449e4ec277239a1d67750e45e4670817814d172c411886
codex,codex-self-rating,2,T04,V30,V30,30,23.0,round6-neutral-v1,1,2026-08-17T14:16:22.421688+00:00,876368ab1629fc052a449e4ec277239a1d67750e45e4670817814d172c411886
codex,codex-self-rating,2,T05,V01,V01,1,29.0,round6-neutral-v1,1,2026-08-17T14:16:22.421688+00:00,876368ab1629fc052a449e4ec277239a1d67750e45e4670817814d172c411886
codex,codex-self-rating,2,T05,V02,V02,2,76.0,round6-neutral-v1,1,2026-08-17T14:16:22.421688+00:00,876368ab1629fc052a449e4ec277239a1d67750e45e4670817814d172c411886
codex,codex-self-rating,2,T05,V03,V03,3,28.0,round6-neutral-v1,1,2026-08-17T14:16:22.421688+00:00,876368ab1629fc052a449e4ec277239a1d67750e45e4670817814d172c411886
codex,codex-self-rating,2,T05,V04,V04,4,78.0,round6-neutral-v1,1,2026-08-17T14:16:22.421688+00:00,876368ab1629fc052a449e4ec277239a1d67750e45e4670817814d172c411886
codex,codex-self-rating,2,T05,V05,V05,5,40.0,round6-neutral-v1,1,2026-08-17T14:16:22.421688+00:00,876368ab1629fc052a449e4ec277239a1d67750e45e4670817814d172c411886
codex,codex-self-rating,2,T05,V06,V06,6,33.0,round6-neutral-v1,1,2026-08-17T14:16:22.421688+00:00,876368ab1629fc052a449e4ec277239a1d67750e45e4670817814d172c411886
codex,codex-self-rating,2,T05,V07,V07,7,84.0,round6-neutral-v1,1,2026-08-17T14:16:22.421688+00:00,876368ab1629fc052a449e4ec277239a1d67750e45e4670817814d172c411886
codex,codex-self-rating,2,T05,V08,V08,8,47.0,round6-neutral-v1,1,2026-08-17T14:16:22.421688+00:00,876368ab1629fc052a449e4ec277239a1d67750e45e4670817814d172c411886
codex,codex-self-rating,2,T05,V09,V09,9,45.0,round6-neutral-v1,1,2026-08-17T14:16:22.421688+00:00,876368ab1629fc052a449e4ec277239a1d67750e45e4670817814d172c411886
codex,codex-self-rating,2,T05,V10,V10,10,48.0,round6-neutral-v1,1,2026-08-17T14:16:22.421688+00:00,876368ab1629fc052a449e4ec277239a1d67750e45e4670817814d172c411886
codex,codex-self-rating,2,T05,V11,V11,11,29.0,round6-neutral-v1,1,2026-08-17T14:16:22.421688+00:00,876368ab1629fc052a449e4ec277239a1d67750e45e4670817814d172c411886
codex,codex-self-rating,2,T05,V12,V12,12,45.0,round6-neutral-v1,1,2026-08-17T14:16:22.421688+00:00,876368ab1629fc052a449e4ec277239a1d67750e45e4670817814d172c411886
codex,codex-self-rating,2,T05,V13,V13,13,48.0,round6-neutral-v1,1,2026-08-17T14:16:22.421688+00:00,876368ab1629fc052a449e4ec277239a1d67750e45e4670817814d172c411886
codex,codex-self-rating,2,T05,V14,V14,14,44.0,round6-neutral-v1,1,2026-08-17T14:16:22.421688+00:00,876368ab1629fc052a449e4ec277239a1d67750e45e4670817814d172c411886
codex,codex-self-rating,2,T05,V15,V15,15,46.0,round6-neutral-v1,1,2026-08-17T14:16:22.421688+00:00,876368ab1629fc052a449e4ec277239a1d67750e45e4670817814d172c411886
codex,codex-self-rating,2,T05,V16,V16,16,27.0,round6-neutral-v1,1,2026-08-17T14:16:22.421688+00:00,876368ab1629fc052a449e4ec277239a1d67750e45e4670817814d172c411886
codex,codex-self-rating,2,T05,V17,V17,17,80.0,round6-neutral-v1,1,2026-08-17T14:16:22.421688+00:00,876368ab1629fc052a449e4ec277239a1d67750e45e4670817814d172c411886
codex,codex-self-rating,2,T05,V18,V18,18,35.0,round6-neutral-v1,1,2026-08-17T14:16:22.421688+00:00,876368ab1629fc052a449e4ec277239a1d67750e45e4670817814d172c411886
codex,codex-self-rating,2,T05,V19,V19,19,29.0,round6-neutral-v1,1,2026-08-17T14:16:22.421688+00:00,876368ab1629fc052a449e4ec277239a1d67750e45e4670817814d172c411886
codex,codex-self-rating,2,T05,V20,V20,20,48.0,round6-neutral-v1,1,2026-08-17T14:16:22.421688+00:00,876368ab1629fc052a449e4ec277239a1d67750e45e4670817814d172c411886
codex,codex-self-rating,2,T05,V21,V21,21,43.0,round6-neutral-v1,1,2026-08-17T14:16:22.421688+00:00,876368ab1629fc052a449e4ec277239a1d67750e45e4670817814d172c411886
codex,codex-self-rating,2,T05,V22,V22,22,81.0,round6-neutral-v1,1,2026-08-17T14:16:22.421688+00:00,876368ab1629fc052a449e4ec277239a1d67750e45e4670817814d172c411886
codex,codex-self-rating,2,T05,V23,V23,23,44.0,round6-neutral-v1,1,2026-08-17T14:16:22.421688+00:00,876368ab1629fc052a449e4ec277239a1d67750e45e4670817814d172c411886
codex,codex-self-rating,2,T05,V24,V24,24,27.0,round6-neutral-v1,1,2026-08-17T14:16:22.421688+00:00,876368ab1629fc052a449e4ec277239a1d67750e45e4670817814d172c411886
codex,codex-self-rating,2,T05,V25,V25,25,34.0,round6-neutral-v1,1,2026-08-17T14:16:22.421688+00:00,876368ab1629fc052a449e4ec277239a1d67750e45e4670817814d172c411886
codex,codex-self-rating,2,T05,V26,V26,26,31.0,round6-neutral-v1,1,2026-08-17T14:16:22.421688+00:00,876368ab1629fc052a449e4ec277239a1d67750e45e4670817814d172c411886
codex,codex-self-rating,2,T05,V27,V27,27,47.0,round6-neutral-v1,1,2026-08-17T14:16:22.421688+00:00,876368ab1629fc052a449e4ec277239a1d67750e45e4670817814d172c411886
codex,codex-self-rating,2,T05,V28,V28,28,78.0,round6-neutral-v1,1,2026-08-17T14:16:22.421688+00:00,876368ab1629fc052a449e4ec277239a1d67750e45e4670817814d172c411886
codex,codex-self-rating,2,T05,V29,V29,29,33.0,round6-neutral-v1,1,2026-08-17T14:16:22.421688+00:00,876368ab1629fc052a449e4ec277239a1d67750e45e4670817814d172c411886
codex,codex-self-rating,2,T05,V30,V30,30,26.0,round6-neutral-v1,1,2026-08-17T14:16:22.421688+00:00,876368ab1629fc052a449e4ec277239a1d67750e45e4670817814d172c411886
codex,codex-self-rating,2,T06,V01,V01,1,29.0,round6-neutral-v1,1,2026-08-17T14:16:22.421688+00:00,876368ab1629fc052a449e4ec277239a1d67750e45e4670817814d172c411886
codex,codex-self-rating,2,T06,V02,V02,2,43.0,round6-neutral-v1,1,2026-08-17T14:16:22.421688+00:00,876368ab1629fc052a449e4ec277239a1d67750e45e4670817814d172c411886
codex,codex-self-rating,2,T06,V03,V03,3,27.0,round6-neutral-v1,1,2026-08-17T14:16:22.421688+00:00,876368ab1629fc052a449e4ec277239a1d67750e45e4670817814d172c411886
codex,codex-self-rating,2,T06,V04,V04,4,34.0,round6-neutral-v1,1,2026-08-17T14:16:22.421688+00:00,876368ab1629fc052a449e4ec277239a1d67750e45e4670817814d172c411886
codex,codex-self-rating,2,T06,V05,V05,5,76.0,round6-neutral-v1,1,2026-08-17T14:16:22.421688+00:00,876368ab1629fc052a449e4ec277239a1d67750e45e4670817814d172c411886
codex,codex-self-rating,2,T06,V06,V06,6,35.0,round6-neutral-v1,1,2026-08-17T14:16:22.421688+00:00,876368ab1629fc052a449e4ec277239a1d67750e45e4670817814d172c411886
codex,codex-self-rating,2,T06,V07,V07,7,42.0,round6-neutral-v1,1,2026-08-17T14:16:22.421688+00:00,876368ab1629fc052a449e4ec277239a1d67750e45e4670817814d172c411886
codex,codex-self-rating,2,T06,V08,V08,8,83.0,round6-neutral-v1,1,2026-08-17T14:16:22.421688+00:00,876368ab1629fc052a449e4ec277239a1d67750e45e4670817814d172c411886
codex,codex-self-rating,2,T06,V09,V09,9,77.0,round6-neutral-v1,1,2026-08-17T14:16:22.421688+00:00,876368ab1629fc052a449e4ec277239a1d67750e45e4670817814d172c411886
codex,codex-self-rating,2,T06,V10,V10,10,84.0,round6-neutral-v1,1,2026-08-17T14:16:22.421688+00:00,876368ab1629fc052a449e4ec277239a1d67750e45e4670817814d172c411886
codex,codex-self-rating,2,T06,V11,V11,11,28.0,round6-neutral-v1,1,2026-08-17T14:16:22.421688+00:00,876368ab1629fc052a449e4ec277239a1d67750e45e4670817814d172c411886
codex,codex-self-rating,2,T06,V12,V12,12,78.0,round6-neutral-v1,1,2026-08-17T14:16:22.421688+00:00,876368ab1629fc052a449e4ec277239a1d67750e45e4670817814d172c411886
codex,codex-self-rating,2,T06,V13,V13,13,90.0,round6-neutral-v1,1,2026-08-17T14:16:22.421688+00:00,876368ab1629fc052a449e4ec277239a1d67750e45e4670817814d172c411886
codex,codex-self-rating,2,T06,V14,V14,14,87.0,round6-neutral-v1,1,2026-08-17T14:16:22.421688+00:00,876368ab1629fc052a449e4ec277239a1d67750e45e4670817814d172c411886
codex,codex-self-rating,2,T06,V15,V15,15,79.0,round6-neutral-v1,1,2026-08-17T14:16:22.421688+00:00,876368ab1629fc052a449e4ec277239a1d67750e45e4670817814d172c411886
codex,codex-self-rating,2,T06,V16,V16,16,27.0,round6-neutral-v1,1,2026-08-17T14:16:22.421688+00:00,876368ab1629fc052a449e4ec277239a1d67750e45e4670817814d172c411886
codex,codex-self-rating,2,T06,V17,V17,17,50.0,round6-neutral-v1,1,2026-08-17T14:16:22.421688+00:00,876368ab1629fc052a449e4ec277239a1d67750e45e4670817814d172c411886
codex,codex-self-rating,2,T06,V18,V18,18,34.0,round6-neutral-v1,1,2026-08-17T14:16:22.421688+00:00,876368ab1629fc052a449e4ec277239a1d67750e45e4670817814d172c411886
codex,codex-self-rating,2,T06,V19,V19,19,28.0,round6-neutral-v1,1,2026-08-17T14:16:22.421688+00:00,876368ab1629fc052a449e4ec277239a1d67750e45e4670817814d172c411886
codex,codex-self-rating,2,T06,V20,V20,20,84.0,round6-neutral-v1,1,2026-08-17T14:16:22.421688+00:00,876368ab1629fc052a449e4ec277239a1d67750e45e4670817814d172c411886
codex,codex-self-rating,2,T06,V21,V21,21,81.0,round6-neutral-v1,1,2026-08-17T14:16:22.421688+00:00,876368ab1629fc052a449e4ec277239a1d67750e45e4670817814d172c411886
codex,codex-self-rating,2,T06,V22,V22,22,48.0,round6-neutral-v1,1,2026-08-17T14:16:22.421688+00:00,876368ab1629fc052a449e4ec277239a1d67750e45e4670817814d172c411886
codex,codex-self-rating,2,T06,V23,V23,23,81.0,round6-neutral-v1,1,2026-08-17T14:16:22.421688+00:00,876368ab1629fc052a449e4ec277239a1d67750e45e4670817814d172c411886
codex,codex-self-rating,2,T06,V24,V24,24,26.0,round6-neutral-v1,1,2026-08-17T14:16:22.421688+00:00,876368ab1629fc052a449e4ec277239a1d67750e45e4670817814d172c411886
codex,codex-self-rating,2,T06,V25,V25,25,33.0,round6-neutral-v1,1,2026-08-17T14:16:22.421688+00:00,876368ab1629fc052a449e4ec277239a1d67750e45e4670817814d172c411886
codex,codex-self-rating,2,T06,V26,V26,26,31.0,round6-neutral-v1,1,2026-08-17T14:16:22.421688+00:00,876368ab1629fc052a449e4ec277239a1d67750e45e4670817814d172c411886
codex,codex-self-rating,2,T06,V27,V27,27,78.0,round6-neutral-v1,1,2026-08-17T14:16:22.421688+00:00,876368ab1629fc052a449e4ec277239a1d67750e45e4670817814d172c411886
codex,codex-self-rating,2,T06,V28,V28,28,58.0,round6-neutral-v1,1,2026-08-17T14:16:22.421688+00:00,876368ab1629fc052a449e4ec277239a1d67750e45e4670817814d172c411886
codex,codex-self-rating,2,T06,V29,V29,29,32.0,round6-neutral-v1,1,2026-08-17T14:16:22.421688+00:00,876368ab1629fc052a449e4ec277239a1d67750e45e4670817814d172c411886
codex,codex-self-rating,2,T06,V30,V30,30,25.0,round6-neutral-v1,1,2026-08-17T14:16:22.421688+00:00,876368ab1629fc052a449e4ec277239a1d67750e45e4670817814d172c411886
codex,codex-self-rating,2,T07,V01,V01,1,33.0,round6-neutral-v1,1,2026-08-17T14:16:22.421688+00:00,876368ab1629fc052a449e4ec277239a1d67750e45e4670817814d172c411886
codex,codex-self-rating,2,T07,V02,V02,2,59.0,round6-neutral-v1,1,2026-08-17T14:16:22.421688+00:00,876368ab1629fc052a449e4ec277239a1d67750e45e4670817814d172c411886
codex,codex-self-rating,2,T07,V03,V03,3,34.0,round6-neutral-v1,1,2026-08-17T14:16:22.421688+00:00,876368ab1629fc052a449e4ec277239a1d67750e45e4670817814d172c411886
codex,codex-self-rating,2,T07,V04,V04,4,77.0,round6-neutral-v1,1,2026-08-17T14:16:22.421688+00:00,876368ab1629fc052a449e4ec277239a1d67750e45e4670817814d172c411886
codex,codex-self-rating,2,T07,V05,V05,5,39.0,round6-neutral-v1,1,2026-08-17T14:16:22.421688+00:00,876368ab1629fc052a449e4ec277239a1d67750e45e4670817814d172c411886
codex,codex-self-rating,2,T07,V06,V06,6,38.0,round6-neutral-v1,1,2026-08-17T14:16:22.421688+00:00,876368ab1629fc052a449e4ec277239a1d67750e45e4670817814d172c411886
codex,codex-self-rating,2,T07,V07,V07,7,88.0,round6-neutral-v1,1,2026-08-17T14:16:22.421688+00:00,876368ab1629fc052a449e4ec277239a1d67750e45e4670817814d172c411886
codex,codex-self-rating,2,T07,V08,V08,8,49.0,round6-neutral-v1,1,2026-08-17T14:16:22.421688+00:00,876368ab1629fc052a449e4ec277239a1d67750e45e4670817814d172c411886
codex,codex-self-rating,2,T07,V09,V09,9,44.0,round6-neutral-v1,1,2026-08-17T14:16:22.421688+00:00,876368ab1629fc052a449e4ec277239a1d67750e45e4670817814d172c411886
codex,codex-self-rating,2,T07,V10,V10,10,50.0,round6-neutral-v1,1,2026-08-17T14:16:22.421688+00:00,876368ab1629fc052a449e4ec277239a1d67750e45e4670817814d172c411886
codex,codex-self-rating,2,T07,V11,V11,11,30.0,round6-neutral-v1,1,2026-08-17T14:16:22.421688+00:00,876368ab1629fc052a449e4ec277239a1d67750e45e4670817814d172c411886
codex,codex-self-rating,2,T07,V12,V12,12,50.0,round6-neutral-v1,1,2026-08-17T14:16:22.421688+00:00,876368ab1629fc052a449e4ec277239a1d67750e45e4670817814d172c411886
codex,codex-self-rating,2,T07,V13,V13,13,49.0,round6-neutral-v1,1,2026-08-17T14:16:22.421688+00:00,876368ab1629fc052a449e4ec277239a1d67750e45e4670817814d172c411886
codex,codex-self-rating,2,T07,V14,V14,14,45.0,round6-neutral-v1,1,2026-08-17T14:16:22.421688+00:00,876368ab1629fc052a449e4ec277239a1d67750e45e4670817814d172c411886
codex,codex-self-rating,2,T07,V15,V15,15,50.0,round6-neutral-v1,1,2026-08-17T14:16:22.421688+00:00,876368ab1629fc052a449e4ec277239a1d67750e45e4670817814d172c411886
codex,codex-self-rating,2,T07,V16,V16,16,32.0,round6-neutral-v1,1,2026-08-17T14:16:22.421688+00:00,876368ab1629fc052a449e4ec277239a1d67750e45e4670817814d172c411886
codex,codex-self-rating,2,T07,V17,V17,17,68.0,round6-neutral-v1,1,2026-08-17T14:16:22.421688+00:00,876368ab1629fc052a449e4ec277239a1d67750e45e4670817814d172c411886
codex,codex-self-rating,2,T07,V18,V18,18,38.0,round6-neutral-v1,1,2026-08-17T14:16:22.421688+00:00,876368ab1629fc052a449e4ec277239a1d67750e45e4670817814d172c411886
codex,codex-self-rating,2,T07,V19,V19,19,30.0,round6-neutral-v1,1,2026-08-17T14:16:22.421688+00:00,876368ab1629fc052a449e4ec277239a1d67750e45e4670817814d172c411886
codex,codex-self-rating,2,T07,V20,V20,20,51.0,round6-neutral-v1,1,2026-08-17T14:16:22.421688+00:00,876368ab1629fc052a449e4ec277239a1d67750e45e4670817814d172c411886
codex,codex-self-rating,2,T07,V21,V21,21,45.0,round6-neutral-v1,1,2026-08-17T14:16:22.421688+00:00,876368ab1629fc052a449e4ec277239a1d67750e45e4670817814d172c411886
codex,codex-self-rating,2,T07,V22,V22,22,74.0,round6-neutral-v1,1,2026-08-17T14:16:22.421688+00:00,876368ab1629fc052a449e4ec277239a1d67750e45e4670817814d172c411886
codex,codex-self-rating,2,T07,V23,V23,23,46.0,round6-neutral-v1,1,2026-08-17T14:16:22.421688+00:00,876368ab1629fc052a449e4ec277239a1d67750e45e4670817814d172c411886
codex,codex-self-rating,2,T07,V24,V24,24,28.0,round6-neutral-v1,1,2026-08-17T14:16:22.421688+00:00,876368ab1629fc052a449e4ec277239a1d67750e45e4670817814d172c411886
codex,codex-self-rating,2,T07,V25,V25,25,36.0,round6-neutral-v1,1,2026-08-17T14:16:22.421688+00:00,876368ab1629fc052a449e4ec277239a1d67750e45e4670817814d172c411886
codex,codex-self-rating,2,T07,V26,V26,26,32.0,round6-neutral-v1,1,2026-08-17T14:16:22.421688+00:00,876368ab1629fc052a449e4ec277239a1d67750e45e4670817814d172c411886
codex,codex-self-rating,2,T07,V27,V27,27,52.0,round6-neutral-v1,1,2026-08-17T14:16:22.421688+00:00,876368ab1629fc052a449e4ec277239a1d67750e45e4670817814d172c411886
codex,codex-self-rating,2,T07,V28,V28,28,61.0,round6-neutral-v1,1,2026-08-17T14:16:22.421688+00:00,876368ab1629fc052a449e4ec277239a1d67750e45e4670817814d172c411886
codex,codex-self-rating,2,T07,V29,V29,29,36.0,round6-neutral-v1,1,2026-08-17T14:16:22.421688+00:00,876368ab1629fc052a449e4ec277239a1d67750e45e4670817814d172c411886
codex,codex-self-rating,2,T07,V30,V30,30,31.0,round6-neutral-v1,1,2026-08-17T14:16:22.421688+00:00,876368ab1629fc052a449e4ec277239a1d67750e45e4670817814d172c411886
codex,codex-self-rating,2,T08,V01,V01,1,89.0,round6-neutral-v1,1,2026-08-17T14:16:22.421688+00:00,876368ab1629fc052a449e4ec277239a1d67750e45e4670817814d172c411886
codex,codex-self-rating,2,T08,V02,V02,2,30.0,round6-neutral-v1,1,2026-08-17T14:16:22.421688+00:00,876368ab1629fc052a449e4ec277239a1d67750e45e4670817814d172c411886
codex,codex-self-rating,2,T08,V03,V03,3,84.0,round6-neutral-v1,1,2026-08-17T14:16:22.421688+00:00,876368ab1629fc052a449e4ec277239a1d67750e45e4670817814d172c411886
codex,codex-self-rating,2,T08,V04,V04,4,25.0,round6-neutral-v1,1,2026-08-17T14:16:22.421688+00:00,876368ab1629fc052a449e4ec277239a1d67750e45e4670817814d172c411886
codex,codex-self-rating,2,T08,V05,V05,5,22.0,round6-neutral-v1,1,2026-08-17T14:16:22.421688+00:00,876368ab1629fc052a449e4ec277239a1d67750e45e4670817814d172c411886
codex,codex-self-rating,2,T08,V06,V06,6,91.0,round6-neutral-v1,1,2026-08-17T14:16:22.421688+00:00,876368ab1629fc052a449e4ec277239a1d67750e45e4670817814d172c411886
codex,codex-self-rating,2,T08,V07,V07,7,35.0,round6-neutral-v1,1,2026-08-17T14:16:22.421688+00:00,876368ab1629fc052a449e4ec277239a1d67750e45e4670817814d172c411886
codex,codex-self-rating,2,T08,V08,V08,8,28.0,round6-neutral-v1,1,2026-08-17T14:16:22.421688+00:00,876368ab1629fc052a449e4ec277239a1d67750e45e4670817814d172c411886
codex,codex-self-rating,2,T08,V09,V09,9,24.0,round6-neutral-v1,1,2026-08-17T14:16:22.421688+00:00,876368ab1629fc052a449e4ec277239a1d67750e45e4670817814d172c411886
codex,codex-self-rating,2,T08,V10,V10,10,30.0,round6-neutral-v1,1,2026-08-17T14:16:22.421688+00:00,876368ab1629fc052a449e4ec277239a1d67750e45e4670817814d172c411886
codex,codex-self-rating,2,T08,V11,V11,11,87.0,round6-neutral-v1,1,2026-08-17T14:16:22.421688+00:00,876368ab1629fc052a449e4ec277239a1d67750e45e4670817814d172c411886
codex,codex-self-rating,2,T08,V12,V12,12,21.0,round6-neutral-v1,1,2026-08-17T14:16:22.421688+00:00,876368ab1629fc052a449e4ec277239a1d67750e45e4670817814d172c411886
codex,codex-self-rating,2,T08,V13,V13,13,28.0,round6-neutral-v1,1,2026-08-17T14:16:22.421688+00:00,876368ab1629fc052a449e4ec277239a1d67750e45e4670817814d172c411886
codex,codex-self-rating,2,T08,V14,V14,14,26.0,round6-neutral-v1,1,2026-08-17T14:16:22.421688+00:00,876368ab1629fc052a449e4ec277239a1d67750e45e4670817814d172c411886
codex,codex-self-rating,2,T08,V15,V15,15,24.0,round6-neutral-v1,1,2026-08-17T14:16:22.421688+00:00,876368ab1629fc052a449e4ec277239a1d67750e45e4670817814d172c411886
codex,codex-self-rating,2,T08,V16,V16,16,86.0,round6-neutral-v1,1,2026-08-17T14:16:22.421688+00:00,876368ab1629fc052a449e4ec277239a1d67750e45e4670817814d172c411886
codex,codex-self-rating,2,T08,V17,V17,17,38.0,round6-neutral-v1,1,2026-08-17T14:16:22.421688+00:00,876368ab1629fc052a449e4ec277239a1d67750e45e4670817814d172c411886
codex,codex-self-rating,2,T08,V18,V18,18,92.0,round6-neutral-v1,1,2026-08-17T14:16:22.421688+00:00,876368ab1629fc052a449e4ec277239a1d67750e45e4670817814d172c411886
codex,codex-self-rating,2,T08,V19,V19,19,88.0,round6-neutral-v1,1,2026-08-17T14:16:22.421688+00:00,876368ab1629fc052a449e4ec277239a1d67750e45e4670817814d172c411886
codex,codex-self-rating,2,T08,V20,V20,20,29.0,round6-neutral-v1,1,2026-08-17T14:16:22.421688+00:00,876368ab1629fc052a449e4ec277239a1d67750e45e4670817814d172c411886
codex,codex-self-rating,2,T08,V21,V21,21,27.0,round6-neutral-v1,1,2026-08-17T14:16:22.421688+00:00,876368ab1629fc052a449e4ec277239a1d67750e45e4670817814d172c411886
codex,codex-self-rating,2,T08,V22,V22,22,37.0,round6-neutral-v1,1,2026-08-17T14:16:22.421688+00:00,876368ab1629fc052a449e4ec277239a1d67750e45e4670817814d172c411886
codex,codex-self-rating,2,T08,V23,V23,23,27.0,round6-neutral-v1,1,2026-08-17T14:16:22.421688+00:00,876368ab1629fc052a449e4ec277239a1d67750e45e4670817814d172c411886
codex,codex-self-rating,2,T08,V24,V24,24,85.0,round6-neutral-v1,1,2026-08-17T14:16:22.421688+00:00,876368ab1629fc052a449e4ec277239a1d67750e45e4670817814d172c411886
codex,codex-self-rating,2,T08,V25,V25,25,89.0,round6-neutral-v1,1,2026-08-17T14:16:22.421688+00:00,876368ab1629fc052a449e4ec277239a1d67750e45e4670817814d172c411886
codex,codex-self-rating,2,T08,V26,V26,26,91.0,round6-neutral-v1,1,2026-08-17T14:16:22.421688+00:00,876368ab1629fc052a449e4ec277239a1d67750e45e4670817814d172c411886
codex,codex-self-rating,2,T08,V27,V27,27,23.0,round6-neutral-v1,1,2026-08-17T14:16:22.421688+00:00,876368ab1629fc052a449e4ec277239a1d67750e45e4670817814d172c411886
codex,codex-self-rating,2,T08,V28,V28,28,36.0,round6-neutral-v1,1,2026-08-17T14:16:22.421688+00:00,876368ab1629fc052a449e4ec277239a1d67750e45e4670817814d172c411886
codex,codex-self-rating,2,T08,V29,V29,29,90.0,round6-neutral-v1,1,2026-08-17T14:16:22.421688+00:00,876368ab1629fc052a449e4ec277239a1d67750e45e4670817814d172c411886
codex,codex-self-rating,2,T08,V30,V30,30,83.0,round6-neutral-v1,1,2026-08-17T14:16:22.421688+00:00,876368ab1629fc052a449e4ec277239a1d67750e45e4670817814d172c411886
codex,codex-self-rating,2,T09,V01,V01,1,77.0,round6-neutral-v1,1,2026-08-17T14:16:22.421688+00:00,876368ab1629fc052a449e4ec277239a1d67750e45e4670817814d172c411886
codex,codex-self-rating,2,T09,V02,V02,2,45.0,round6-neutral-v1,1,2026-08-17T14:16:22.421688+00:00,876368ab1629fc052a449e4ec277239a1d67750e45e4670817814d172c411886
codex,codex-self-rating,2,T09,V03,V03,3,70.0,round6-neutral-v1,1,2026-08-17T14:16:22.421688+00:00,876368ab1629fc052a449e4ec277239a1d67750e45e4670817814d172c411886
codex,codex-self-rating,2,T09,V04,V04,4,24.0,round6-neutral-v1,1,2026-08-17T14:16:22.421688+00:00,876368ab1629fc052a449e4ec277239a1d67750e45e4670817814d172c411886
codex,codex-self-rating,2,T09,V05,V05,5,31.0,round6-neutral-v1,1,2026-08-17T14:16:22.421688+00:00,876368ab1629fc052a449e4ec277239a1d67750e45e4670817814d172c411886
codex,codex-self-rating,2,T09,V06,V06,6,91.0,round6-neutral-v1,1,2026-08-17T14:16:22.421688+00:00,876368ab1629fc052a449e4ec277239a1d67750e45e4670817814d172c411886
codex,codex-self-rating,2,T09,V07,V07,7,31.0,round6-neutral-v1,1,2026-08-17T14:16:22.421688+00:00,876368ab1629fc052a449e4ec277239a1d67750e45e4670817814d172c411886
codex,codex-self-rating,2,T09,V08,V08,8,35.0,round6-neutral-v1,1,2026-08-17T14:16:22.421688+00:00,876368ab1629fc052a449e4ec277239a1d67750e45e4670817814d172c411886
codex,codex-self-rating,2,T09,V09,V09,9,34.0,round6-neutral-v1,1,2026-08-17T14:16:22.421688+00:00,876368ab1629fc052a449e4ec277239a1d67750e45e4670817814d172c411886
codex,codex-self-rating,2,T09,V10,V10,10,38.0,round6-neutral-v1,1,2026-08-17T14:16:22.421688+00:00,876368ab1629fc052a449e4ec277239a1d67750e45e4670817814d172c411886
codex,codex-self-rating,2,T09,V11,V11,11,90.0,round6-neutral-v1,1,2026-08-17T14:16:22.421688+00:00,876368ab1629fc052a449e4ec277239a1d67750e45e4670817814d172c411886
codex,codex-self-rating,2,T09,V12,V12,12,20.0,round6-neutral-v1,1,2026-08-17T14:16:22.421688+00:00,876368ab1629fc052a449e4ec277239a1d67750e45e4670817814d172c411886
codex,codex-self-rating,2,T09,V13,V13,13,37.0,round6-neutral-v1,1,2026-08-17T14:16:22.421688+00:00,876368ab1629fc052a449e4ec277239a1d67750e45e4670817814d172c411886
codex,codex-self-rating,2,T09,V14,V14,14,34.0,round6-neutral-v1,1,2026-08-17T14:16:22.421688+00:00,876368ab1629fc052a449e4ec277239a1d67750e45e4670817814d172c411886
codex,codex-self-rating,2,T09,V15,V15,15,23.0,round6-neutral-v1,1,2026-08-17T14:16:22.421688+00:00,876368ab1629fc052a449e4ec277239a1d67750e45e4670817814d172c411886
codex,codex-self-rating,2,T09,V16,V16,16,74.0,round6-neutral-v1,1,2026-08-17T14:16:22.421688+00:00,876368ab1629fc052a449e4ec277239a1d67750e45e4670817814d172c411886
codex,codex-self-rating,2,T09,V17,V17,17,42.0,round6-neutral-v1,1,2026-08-17T14:16:22.421688+00:00,876368ab1629fc052a449e4ec277239a1d67750e45e4670817814d172c411886
codex,codex-self-rating,2,T09,V18,V18,18,80.0,round6-neutral-v1,1,2026-08-17T14:16:22.421688+00:00,876368ab1629fc052a449e4ec277239a1d67750e45e4670817814d172c411886
codex,codex-self-rating,2,T09,V19,V19,19,90.0,round6-neutral-v1,1,2026-08-17T14:16:22.421688+00:00,876368ab1629fc052a449e4ec277239a1d67750e45e4670817814d172c411886
codex,codex-self-rating,2,T09,V20,V20,20,26.0,round6-neutral-v1,1,2026-08-17T14:16:22.421688+00:00,876368ab1629fc052a449e4ec277239a1d67750e45e4670817814d172c411886
codex,codex-self-rating,2,T09,V21,V21,21,35.0,round6-neutral-v1,1,2026-08-17T14:16:22.421688+00:00,876368ab1629fc052a449e4ec277239a1d67750e45e4670817814d172c411886
codex,codex-self-rating,2,T09,V22,V22,22,32.0,round6-neutral-v1,1,2026-08-17T14:16:22.421688+00:00,876368ab1629fc052a449e4ec277239a1d67750e45e4670817814d172c411886
codex,codex-self-rating,2,T09,V23,V23,23,35.0,round6-neutral-v1,1,2026-08-17T14:16:22.421688+00:00,876368ab1629fc052a449e4ec277239a1d67750e45e4670817814d172c411886
codex,codex-self-rating,2,T09,V24,V24,24,89.0,round6-neutral-v1,1,2026-08-17T14:16:22.421688+00:00,876368ab1629fc052a449e4ec277239a1d67750e45e4670817814d172c411886
codex,codex-self-rating,2,T09,V25,V25,25,91.0,round6-neutral-v1,1,2026-08-17T14:16:22.421688+00:00,876368ab1629fc052a449e4ec277239a1d67750e45e4670817814d172c411886
codex,codex-self-rating,2,T09,V26,V26,26,93.0,round6-neutral-v1,1,2026-08-17T14:16:22.421688+00:00,876368ab1629fc052a449e4ec277239a1d67750e45e4670817814d172c411886
codex,codex-self-rating,2,T09,V27,V27,27,22.0,round6-neutral-v1,1,2026-08-17T14:16:22.421688+00:00,876368ab1629fc052a449e4ec277239a1d67750e45e4670817814d172c411886
codex,codex-self-rating,2,T09,V28,V28,28,43.0,round6-neutral-v1,1,2026-08-17T14:16:22.421688+00:00,876368ab1629fc052a449e4ec277239a1d67750e45e4670817814d172c411886
codex,codex-self-rating,2,T09,V29,V29,29,78.0,round6-neutral-v1,1,2026-08-17T14:16:22.421688+00:00,876368ab1629fc052a449e4ec277239a1d67750e45e4670817814d172c411886
codex,codex-self-rating,2,T09,V30,V30,30,68.0,round6-neutral-v1,1,2026-08-17T14:16:22.421688+00:00,876368ab1629fc052a449e4ec277239a1d67750e45e4670817814d172c411886
codex,codex-self-rating,2,T10,V01,V01,1,87.0,round6-neutral-v1,1,2026-08-17T14:16:22.421688+00:00,876368ab1629fc052a449e4ec277239a1d67750e45e4670817814d172c411886
codex,codex-self-rating,2,T10,V02,V02,2,32.0,round6-neutral-v1,1,2026-08-17T14:16:22.421688+00:00,876368ab1629fc052a449e4ec277239a1d67750e45e4670817814d172c411886
codex,codex-self-rating,2,T10,V03,V03,3,86.0,round6-neutral-v1,1,2026-08-17T14:16:22.421688+00:00,876368ab1629fc052a449e4ec277239a1d67750e45e4670817814d172c411886
codex,codex-self-rating,2,T10,V04,V04,4,43.0,round6-neutral-v1,1,2026-08-17T14:16:22.421688+00:00,876368ab1629fc052a449e4ec277239a1d67750e45e4670817814d172c411886
codex,codex-self-rating,2,T10,V05,V05,5,25.0,round6-neutral-v1,1,2026-08-17T14:16:22.421688+00:00,876368ab1629fc052a449e4ec277239a1d67750e45e4670817814d172c411886
codex,codex-self-rating,2,T10,V06,V06,6,78.0,round6-neutral-v1,1,2026-08-17T14:16:22.421688+00:00,876368ab1629fc052a449e4ec277239a1d67750e45e4670817814d172c411886
codex,codex-self-rating,2,T10,V07,V07,7,50.0,round6-neutral-v1,1,2026-08-17T14:16:22.421688+00:00,876368ab1629fc052a449e4ec277239a1d67750e45e4670817814d172c411886
codex,codex-self-rating,2,T10,V08,V08,8,31.0,round6-neutral-v1,1,2026-08-17T14:16:22.421688+00:00,876368ab1629fc052a449e4ec277239a1d67750e45e4670817814d172c411886
codex,codex-self-rating,2,T10,V09,V09,9,25.0,round6-neutral-v1,1,2026-08-17T14:16:22.421688+00:00,876368ab1629fc052a449e4ec277239a1d67750e45e4670817814d172c411886
codex,codex-self-rating,2,T10,V10,V10,10,33.0,round6-neutral-v1,1,2026-08-17T14:16:22.421688+00:00,876368ab1629fc052a449e4ec277239a1d67750e45e4670817814d172c411886
codex,codex-self-rating,2,T10,V11,V11,11,76.0,round6-neutral-v1,1,2026-08-17T14:16:22.421688+00:00,876368ab1629fc052a449e4ec277239a1d67750e45e4670817814d172c411886
codex,codex-self-rating,2,T10,V12,V12,12,36.0,round6-neutral-v1,1,2026-08-17T14:16:22.421688+00:00,876368ab1629fc052a449e4ec277239a1d67750e45e4670817814d172c411886
codex,codex-self-rating,2,T10,V13,V13,13,31.0,round6-neutral-v1,1,2026-08-17T14:16:22.421688+00:00,876368ab1629fc052a449e4ec277239a1d67750e45e4670817814d172c411886
codex,codex-self-rating,2,T10,V14,V14,14,29.0,round6-neutral-v1,1,2026-08-17T14:16:22.421688+00:00,876368ab1629fc052a449e4ec277239a1d67750e45e4670817814d172c411886
codex,codex-self-rating,2,T10,V15,V15,15,35.0,round6-neutral-v1,1,2026-08-17T14:16:22.421688+00:00,876368ab1629fc052a449e4ec277239a1d67750e45e4670817814d172c411886
codex,codex-self-rating,2,T10,V16,V16,16,85.0,round6-neutral-v1,1,2026-08-17T14:16:22.421688+00:00,876368ab1629fc052a449e4ec277239a1d67750e45e4670817814d172c411886
codex,codex-self-rating,2,T10,V17,V17,17,42.0,round6-neutral-v1,1,2026-08-17T14:16:22.421688+00:00,876368ab1629fc052a449e4ec277239a1d67750e45e4670817814d172c411886
codex,codex-self-rating,2,T10,V18,V18,18,90.0,round6-neutral-v1,1,2026-08-17T14:16:22.421688+00:00,876368ab1629fc052a449e4ec277239a1d67750e45e4670817814d172c411886
codex,codex-self-rating,2,T10,V19,V19,19,75.0,round6-neutral-v1,1,2026-08-17T14:16:22.421688+00:00,876368ab1629fc052a449e4ec277239a1d67750e45e4670817814d172c411886
codex,codex-self-rating,2,T10,V20,V20,20,37.0,round6-neutral-v1,1,2026-08-17T14:16:22.421688+00:00,876368ab1629fc052a449e4ec277239a1d67750e45e4670817814d172c411886
codex,codex-self-rating,2,T10,V21,V21,21,30.0,round6-neutral-v1,1,2026-08-17T14:16:22.421688+00:00,876368ab1629fc052a449e4ec277239a1d67750e45e4670817814d172c411886
codex,codex-self-rating,2,T10,V22,V22,22,48.0,round6-neutral-v1,1,2026-08-17T14:16:22.421688+00:00,876368ab1629fc052a449e4ec277239a1d67750e45e4670817814d172c411886
codex,codex-self-rating,2,T10,V23,V23,23,30.0,round6-neutral-v1,1,2026-08-17T14:16:22.421688+00:00,876368ab1629fc052a449e4ec277239a1d67750e45e4670817814d172c411886
codex,codex-self-rating,2,T10,V24,V24,24,73.0,round6-neutral-v1,1,2026-08-17T14:16:22.421688+00:00,876368ab1629fc052a449e4ec277239a1d67750e45e4670817814d172c411886
codex,codex-self-rating,2,T10,V25,V25,25,76.0,round6-neutral-v1,1,2026-08-17T14:16:22.421688+00:00,876368ab1629fc052a449e4ec277239a1d67750e45e4670817814d172c411886
codex,codex-self-rating,2,T10,V26,V26,26,79.0,round6-neutral-v1,1,2026-08-17T14:16:22.421688+00:00,876368ab1629fc052a449e4ec277239a1d67750e45e4670817814d172c411886
codex,codex-self-rating,2,T10,V27,V27,27,38.0,round6-neutral-v1,1,2026-08-17T14:16:22.421688+00:00,876368ab1629fc052a449e4ec277239a1d67750e45e4670817814d172c411886
codex,codex-self-rating,2,T10,V28,V28,28,40.0,round6-neutral-v1,1,2026-08-17T14:16:22.421688+00:00,876368ab1629fc052a449e4ec277239a1d67750e45e4670817814d172c411886
codex,codex-self-rating,2,T10,V29,V29,29,88.0,round6-neutral-v1,1,2026-08-17T14:16:22.421688+00:00,876368ab1629fc052a449e4ec277239a1d67750e45e4670817814d172c411886
codex,codex-self-rating,2,T10,V30,V30,30,84.0,round6-neutral-v1,1,2026-08-17T14:16:22.421688+00:00,876368ab1629fc052a449e4ec277239a1d67750e45e4670817814d172c411886
codex,codex-self-rating,2,T11,V01,V01,1,30.0,round6-neutral-v1,1,2026-08-17T14:16:22.421688+00:00,876368ab1629fc052a449e4ec277239a1d67750e45e4670817814d172c411886
codex,codex-self-rating,2,T11,V02,V02,2,91.0,round6-neutral-v1,1,2026-08-17T14:16:22.421688+00:00,876368ab1629fc052a449e4ec277239a1d67750e45e4670817814d172c411886
codex,codex-self-rating,2,T11,V03,V03,3,28.0,round6-neutral-v1,1,2026-08-17T14:16:22.421688+00:00,876368ab1629fc052a449e4ec277239a1d67750e45e4670817814d172c411886
codex,codex-self-rating,2,T11,V04,V04,4,62.0,round6-neutral-v1,1,2026-08-17T14:16:22.421688+00:00,876368ab1629fc052a449e4ec277239a1d67750e45e4670817814d172c411886
codex,codex-self-rating,2,T11,V05,V05,5,53.0,round6-neutral-v1,1,2026-08-17T14:16:22.421688+00:00,876368ab1629fc052a449e4ec277239a1d67750e45e4670817814d172c411886
codex,codex-self-rating,2,T11,V06,V06,6,40.0,round6-neutral-v1,1,2026-08-17T14:16:22.421688+00:00,876368ab1629fc052a449e4ec277239a1d67750e45e4670817814d172c411886
codex,codex-self-rating,2,T11,V07,V07,7,55.0,round6-neutral-v1,1,2026-08-17T14:16:22.421688+00:00,876368ab1629fc052a449e4ec277239a1d67750e45e4670817814d172c411886
codex,codex-self-rating,2,T11,V08,V08,8,47.0,round6-neutral-v1,1,2026-08-17T14:16:22.421688+00:00,876368ab1629fc052a449e4ec277239a1d67750e45e4670817814d172c411886
codex,codex-self-rating,2,T11,V09,V09,9,55.0,round6-neutral-v1,1,2026-08-17T14:16:22.421688+00:00,876368ab1629fc052a449e4ec277239a1d67750e45e4670817814d172c411886
codex,codex-self-rating,2,T11,V10,V10,10,46.0,round6-neutral-v1,1,2026-08-17T14:16:22.421688+00:00,876368ab1629fc052a449e4ec277239a1d67750e45e4670817814d172c411886
codex,codex-self-rating,2,T11,V11,V11,11,38.0,round6-neutral-v1,1,2026-08-17T14:16:22.421688+00:00,876368ab1629fc052a449e4ec277239a1d67750e45e4670817814d172c411886
codex,codex-self-rating,2,T11,V12,V12,12,39.0,round6-neutral-v1,1,2026-08-17T14:16:22.421688+00:00,876368ab1629fc052a449e4ec277239a1d67750e45e4670817814d172c411886
codex,codex-self-rating,2,T11,V13,V13,13,55.0,round6-neutral-v1,1,2026-08-17T14:16:22.421688+00:00,876368ab1629fc052a449e4ec277239a1d67750e45e4670817814d172c411886
codex,codex-self-rating,2,T11,V14,V14,14,49.0,round6-neutral-v1,1,2026-08-17T14:16:22.421688+00:00,876368ab1629fc052a449e4ec277239a1d67750e45e4670817814d172c411886
codex,codex-self-rating,2,T11,V15,V15,15,39.0,round6-neutral-v1,1,2026-08-17T14:16:22.421688+00:00,876368ab1629fc052a449e4ec277239a1d67750e45e4670817814d172c411886
codex,codex-self-rating,2,T11,V16,V16,16,28.0,round6-neutral-v1,1,2026-08-17T14:16:22.421688+00:00,876368ab1629fc052a449e4ec277239a1d67750e45e4670817814d172c411886
codex,codex-self-rating,2,T11,V17,V17,17,76.0,round6-neutral-v1,1,2026-08-17T14:16:22.421688+00:00,876368ab1629fc052a449e4ec277239a1d67750e45e4670817814d172c411886
codex,codex-self-rating,2,T11,V18,V18,18,34.0,round6-neutral-v1,1,2026-08-17T14:16:22.421688+00:00,876368ab1629fc052a449e4ec277239a1d67750e45e4670817814d172c411886
codex,codex-self-rating,2,T11,V19,V19,19,39.0,round6-neutral-v1,1,2026-08-17T14:16:22.421688+00:00,876368ab1629fc052a449e4ec277239a1d67750e45e4670817814d172c411886
codex,codex-self-rating,2,T11,V20,V20,20,43.0,round6-neutral-v1,1,2026-08-17T14:16:22.421688+00:00,876368ab1629fc052a449e4ec277239a1d67750e45e4670817814d172c411886
codex,codex-self-rating,2,T11,V21,V21,21,43.0,round6-neutral-v1,1,2026-08-17T14:16:22.421688+00:00,876368ab1629fc052a449e4ec277239a1d67750e45e4670817814d172c411886
codex,codex-self-rating,2,T11,V22,V22,22,62.0,round6-neutral-v1,1,2026-08-17T14:16:22.421688+00:00,876368ab1629fc052a449e4ec277239a1d67750e45e4670817814d172c411886
codex,codex-self-rating,2,T11,V23,V23,23,44.0,round6-neutral-v1,1,2026-08-17T14:16:22.421688+00:00,876368ab1629fc052a449e4ec277239a1d67750e45e4670817814d172c411886
codex,codex-self-rating,2,T11,V24,V24,24,37.0,round6-neutral-v1,1,2026-08-17T14:16:22.421688+00:00,876368ab1629fc052a449e4ec277239a1d67750e45e4670817814d172c411886
codex,codex-self-rating,2,T11,V25,V25,25,42.0,round6-neutral-v1,1,2026-08-17T14:16:22.421688+00:00,876368ab1629fc052a449e4ec277239a1d67750e45e4670817814d172c411886
codex,codex-self-rating,2,T11,V26,V26,26,41.0,round6-neutral-v1,1,2026-08-17T14:16:22.421688+00:00,876368ab1629fc052a449e4ec277239a1d67750e45e4670817814d172c411886
codex,codex-self-rating,2,T11,V27,V27,27,42.0,round6-neutral-v1,1,2026-08-17T14:16:22.421688+00:00,876368ab1629fc052a449e4ec277239a1d67750e45e4670817814d172c411886
codex,codex-self-rating,2,T11,V28,V28,28,82.0,round6-neutral-v1,1,2026-08-17T14:16:22.421688+00:00,876368ab1629fc052a449e4ec277239a1d67750e45e4670817814d172c411886
codex,codex-self-rating,2,T11,V29,V29,29,33.0,round6-neutral-v1,1,2026-08-17T14:16:22.421688+00:00,876368ab1629fc052a449e4ec277239a1d67750e45e4670817814d172c411886
codex,codex-self-rating,2,T11,V30,V30,30,27.0,round6-neutral-v1,1,2026-08-17T14:16:22.421688+00:00,876368ab1629fc052a449e4ec277239a1d67750e45e4670817814d172c411886
codex,codex-self-rating,2,T12,V01,V01,1,36.0,round6-neutral-v1,1,2026-08-17T14:16:22.421688+00:00,876368ab1629fc052a449e4ec277239a1d67750e45e4670817814d172c411886
codex,codex-self-rating,2,T12,V02,V02,2,80.0,round6-neutral-v1,1,2026-08-17T14:16:22.421688+00:00,876368ab1629fc052a449e4ec277239a1d67750e45e4670817814d172c411886
codex,codex-self-rating,2,T12,V03,V03,3,34.0,round6-neutral-v1,1,2026-08-17T14:16:22.421688+00:00,876368ab1629fc052a449e4ec277239a1d67750e45e4670817814d172c411886
codex,codex-self-rating,2,T12,V04,V04,4,67.0,round6-neutral-v1,1,2026-08-17T14:16:22.421688+00:00,876368ab1629fc052a449e4ec277239a1d67750e45e4670817814d172c411886
codex,codex-self-rating,2,T12,V05,V05,5,42.0,round6-neutral-v1,1,2026-08-17T14:16:22.421688+00:00,876368ab1629fc052a449e4ec277239a1d67750e45e4670817814d172c411886
codex,codex-self-rating,2,T12,V06,V06,6,44.0,round6-neutral-v1,1,2026-08-17T14:16:22.421688+00:00,876368ab1629fc052a449e4ec277239a1d67750e45e4670817814d172c411886
codex,codex-self-rating,2,T12,V07,V07,7,76.0,round6-neutral-v1,1,2026-08-17T14:16:22.421688+00:00,876368ab1629fc052a449e4ec277239a1d67750e45e4670817814d172c411886
codex,codex-self-rating,2,T12,V08,V08,8,56.0,round6-neutral-v1,1,2026-08-17T14:16:22.421688+00:00,876368ab1629fc052a449e4ec277239a1d67750e45e4670817814d172c411886
codex,codex-self-rating,2,T12,V09,V09,9,46.0,round6-neutral-v1,1,2026-08-17T14:16:22.421688+00:00,876368ab1629fc052a449e4ec277239a1d67750e45e4670817814d172c411886
codex,codex-self-rating,2,T12,V10,V10,10,58.0,round6-neutral-v1,1,2026-08-17T14:16:22.421688+00:00,876368ab1629fc052a449e4ec277239a1d67750e45e4670817814d172c411886
codex,codex-self-rating,2,T12,V11,V11,11,36.0,round6-neutral-v1,1,2026-08-17T14:16:22.421688+00:00,876368ab1629fc052a449e4ec277239a1d67750e45e4670817814d172c411886
codex,codex-self-rating,2,T12,V12,V12,12,45.0,round6-neutral-v1,1,2026-08-17T14:16:22.421688+00:00,876368ab1629fc052a449e4ec277239a1d67750e45e4670817814d172c411886
codex,codex-self-rating,2,T12,V13,V13,13,58.0,round6-neutral-v1,1,2026-08-17T14:16:22.421688+00:00,876368ab1629fc052a449e4ec277239a1d67750e45e4670817814d172c411886
codex,codex-self-rating,2,T12,V14,V14,14,53.0,round6-neutral-v1,1,2026-08-17T14:16:22.421688+00:00,876368ab1629fc052a449e4ec277239a1d67750e45e4670817814d172c411886
codex,codex-self-rating,2,T12,V15,V15,15,51.0,round6-neutral-v1,1,2026-08-17T14:16:22.421688+00:00,876368ab1629fc052a449e4ec277239a1d67750e45e4670817814d172c411886
codex,codex-self-rating,2,T12,V16,V16,16,34.0,round6-neutral-v1,1,2026-08-17T14:16:22.421688+00:00,876368ab1629fc052a449e4ec277239a1d67750e45e4670817814d172c411886
codex,codex-self-rating,2,T12,V17,V17,17,91.0,round6-neutral-v1,1,2026-08-17T14:16:22.421688+00:00,876368ab1629fc052a449e4ec277239a1d67750e45e4670817814d172c411886
codex,codex-self-rating,2,T12,V18,V18,18,43.0,round6-neutral-v1,1,2026-08-17T14:16:22.421688+00:00,876368ab1629fc052a449e4ec277239a1d67750e45e4670817814d172c411886
codex,codex-self-rating,2,T12,V19,V19,19,35.0,round6-neutral-v1,1,2026-08-17T14:16:22.421688+00:00,876368ab1629fc052a449e4ec277239a1d67750e45e4670817814d172c411886
codex,codex-self-rating,2,T12,V20,V20,20,56.0,round6-neutral-v1,1,2026-08-17T14:16:22.421688+00:00,876368ab1629fc052a449e4ec277239a1d67750e45e4670817814d172c411886
codex,codex-self-rating,2,T12,V21,V21,21,51.0,round6-neutral-v1,1,2026-08-17T14:16:22.421688+00:00,876368ab1629fc052a449e4ec277239a1d67750e45e4670817814d172c411886
codex,codex-self-rating,2,T12,V22,V22,22,92.0,round6-neutral-v1,1,2026-08-17T14:16:22.421688+00:00,876368ab1629fc052a449e4ec277239a1d67750e45e4670817814d172c411886
codex,codex-self-rating,2,T12,V23,V23,23,52.0,round6-neutral-v1,1,2026-08-17T14:16:22.421688+00:00,876368ab1629fc052a449e4ec277239a1d67750e45e4670817814d172c411886
codex,codex-self-rating,2,T12,V24,V24,24,34.0,round6-neutral-v1,1,2026-08-17T14:16:22.421688+00:00,876368ab1629fc052a449e4ec277239a1d67750e45e4670817814d172c411886
codex,codex-self-rating,2,T12,V25,V25,25,42.0,round6-neutral-v1,1,2026-08-17T14:16:22.421688+00:00,876368ab1629fc052a449e4ec277239a1d67750e45e4670817814d172c411886
codex,codex-self-rating,2,T12,V26,V26,26,39.0,round6-neutral-v1,1,2026-08-17T14:16:22.421688+00:00,876368ab1629fc052a449e4ec277239a1d67750e45e4670817814d172c411886
codex,codex-self-rating,2,T12,V27,V27,27,48.0,round6-neutral-v1,1,2026-08-17T14:16:22.421688+00:00,876368ab1629fc052a449e4ec277239a1d67750e45e4670817814d172c411886
codex,codex-self-rating,2,T12,V28,V28,28,90.0,round6-neutral-v1,1,2026-08-17T14:16:22.421688+00:00,876368ab1629fc052a449e4ec277239a1d67750e45e4670817814d172c411886
codex,codex-self-rating,2,T12,V29,V29,29,41.0,round6-neutral-v1,1,2026-08-17T14:16:22.421688+00:00,876368ab1629fc052a449e4ec277239a1d67750e45e4670817814d172c411886
codex,codex-self-rating,2,T12,V30,V30,30,32.0,round6-neutral-v1,1,2026-08-17T14:16:22.421688+00:00,876368ab1629fc052a449e4ec277239a1d67750e45e4670817814d172c411886
codex,codex-self-rating,3,T01,V01,V01,1,32.0,round6-neutral-v1,1,2026-08-17T14:16:22.421688+00:00,876368ab1629fc052a449e4ec277239a1d67750e45e4670817814d172c411886
codex,codex-self-rating,3,T01,V02,V02,2,56.0,round6-neutral-v1,1,2026-08-17T14:16:22.421688+00:00,876368ab1629fc052a449e4ec277239a1d67750e45e4670817814d172c411886
codex,codex-self-rating,3,T01,V03,V03,3,30.0,round6-neutral-v1,1,2026-08-17T14:16:22.421688+00:00,876368ab1629fc052a449e4ec277239a1d67750e45e4670817814d172c411886
codex,codex-self-rating,3,T01,V04,V04,4,43.0,round6-neutral-v1,1,2026-08-17T14:16:22.421688+00:00,876368ab1629fc052a449e4ec277239a1d67750e45e4670817814d172c411886
codex,codex-self-rating,3,T01,V05,V05,5,94.0,round6-neutral-v1,1,2026-08-17T14:16:22.421688+00:00,876368ab1629fc052a449e4ec277239a1d67750e45e4670817814d172c411886
codex,codex-self-rating,3,T01,V06,V06,6,38.0,round6-neutral-v1,1,2026-08-17T14:16:22.421688+00:00,876368ab1629fc052a449e4ec277239a1d67750e45e4670817814d172c411886
codex,codex-self-rating,3,T01,V07,V07,7,45.0,round6-neutral-v1,1,2026-08-17T14:16:22.421688+00:00,876368ab1629fc052a449e4ec277239a1d67750e45e4670817814d172c411886
codex,codex-self-rating,3,T01,V08,V08,8,77.0,round6-neutral-v1,1,2026-08-17T14:16:22.421688+00:00,876368ab1629fc052a449e4ec277239a1d67750e45e4670817814d172c411886
codex,codex-self-rating,3,T01,V09,V09,9,94.0,round6-neutral-v1,1,2026-08-17T14:16:22.421688+00:00,876368ab1629fc052a449e4ec277239a1d67750e45e4670817814d172c411886
codex,codex-self-rating,3,T01,V10,V10,10,76.0,round6-neutral-v1,1,2026-08-17T14:16:22.421688+00:00,876368ab1629fc052a449e4ec277239a1d67750e45e4670817814d172c411886
codex,codex-self-rating,3,T01,V11,V11,11,39.0,round6-neutral-v1,1,2026-08-17T14:16:22.421688+00:00,876368ab1629fc052a449e4ec277239a1d67750e45e4670817814d172c411886
codex,codex-self-rating,3,T01,V12,V12,12,72.0,round6-neutral-v1,1,2026-08-17T14:16:22.421688+00:00,876368ab1629fc052a449e4ec277239a1d67750e45e4670817814d172c411886
codex,codex-self-rating,3,T01,V13,V13,13,84.0,round6-neutral-v1,1,2026-08-17T14:16:22.421688+00:00,876368ab1629fc052a449e4ec277239a1d67750e45e4670817814d172c411886
codex,codex-self-rating,3,T01,V14,V14,14,84.0,round6-neutral-v1,1,2026-08-17T14:16:22.421688+00:00,876368ab1629fc052a449e4ec277239a1d67750e45e4670817814d172c411886
codex,codex-self-rating,3,T01,V15,V15,15,70.0,round6-neutral-v1,1,2026-08-17T14:16:22.421688+00:00,876368ab1629fc052a449e4ec277239a1d67750e45e4670817814d172c411886
codex,codex-self-rating,3,T01,V16,V16,16,32.0,round6-neutral-v1,1,2026-08-17T14:16:22.421688+00:00,876368ab1629fc052a449e4ec277239a1d67750e45e4670817814d172c411886
codex,codex-self-rating,3,T01,V17,V17,17,54.0,round6-neutral-v1,1,2026-08-17T14:16:22.421688+00:00,876368ab1629fc052a449e4ec277239a1d67750e45e4670817814d172c411886
codex,codex-self-rating,3,T01,V18,V18,18,34.0,round6-neutral-v1,1,2026-08-17T14:16:22.421688+00:00,876368ab1629fc052a449e4ec277239a1d67750e45e4670817814d172c411886
codex,codex-self-rating,3,T01,V19,V19,19,40.0,round6-neutral-v1,1,2026-08-17T14:16:22.421688+00:00,876368ab1629fc052a449e4ec277239a1d67750e45e4670817814d172c411886
codex,codex-self-rating,3,T01,V20,V20,20,70.0,round6-neutral-v1,1,2026-08-17T14:16:22.421688+00:00,876368ab1629fc052a449e4ec277239a1d67750e45e4670817814d172c411886
codex,codex-self-rating,3,T01,V21,V21,21,76.0,round6-neutral-v1,1,2026-08-17T14:16:22.421688+00:00,876368ab1629fc052a449e4ec277239a1d67750e45e4670817814d172c411886
codex,codex-self-rating,3,T01,V22,V22,22,46.0,round6-neutral-v1,1,2026-08-17T14:16:22.421688+00:00,876368ab1629fc052a449e4ec277239a1d67750e45e4670817814d172c411886
codex,codex-self-rating,3,T01,V23,V23,23,77.0,round6-neutral-v1,1,2026-08-17T14:16:22.421688+00:00,876368ab1629fc052a449e4ec277239a1d67750e45e4670817814d172c411886
codex,codex-self-rating,3,T01,V24,V24,24,39.0,round6-neutral-v1,1,2026-08-17T14:16:22.421688+00:00,876368ab1629fc052a449e4ec277239a1d67750e45e4670817814d172c411886
codex,codex-self-rating,3,T01,V25,V25,25,38.0,round6-neutral-v1,1,2026-08-17T14:16:22.421688+00:00,876368ab1629fc052a449e4ec277239a1d67750e45e4670817814d172c411886
codex,codex-self-rating,3,T01,V26,V26,26,40.0,round6-neutral-v1,1,2026-08-17T14:16:22.421688+00:00,876368ab1629fc052a449e4ec277239a1d67750e45e4670817814d172c411886
codex,codex-self-rating,3,T01,V27,V27,27,72.0,round6-neutral-v1,1,2026-08-17T14:16:22.421688+00:00,876368ab1629fc052a449e4ec277239a1d67750e45e4670817814d172c411886
codex,codex-self-rating,3,T01,V28,V28,28,58.0,round6-neutral-v1,1,2026-08-17T14:16:22.421688+00:00,876368ab1629fc052a449e4ec277239a1d67750e45e4670817814d172c411886
codex,codex-self-rating,3,T01,V29,V29,29,34.0,round6-neutral-v1,1,2026-08-17T14:16:22.421688+00:00,876368ab1629fc052a449e4ec277239a1d67750e45e4670817814d172c411886
codex,codex-self-rating,3,T01,V30,V30,30,30.0,round6-neutral-v1,1,2026-08-17T14:16:22.421688+00:00,876368ab1629fc052a449e4ec277239a1d67750e45e4670817814d172c411886
codex,codex-self-rating,3,T02,V01,V01,1,82.0,round6-neutral-v1,1,2026-08-17T14:16:22.421688+00:00,876368ab1629fc052a449e4ec277239a1d67750e45e4670817814d172c411886
codex,codex-self-rating,3,T02,V02,V02,2,52.0,round6-neutral-v1,1,2026-08-17T14:16:22.421688+00:00,876368ab1629fc052a449e4ec277239a1d67750e45e4670817814d172c411886
codex,codex-self-rating,3,T02,V03,V03,3,78.0,round6-neutral-v1,1,2026-08-17T14:16:22.421688+00:00,876368ab1629fc052a449e4ec277239a1d67750e45e4670817814d172c411886
codex,codex-self-rating,3,T02,V04,V04,4,43.0,round6-neutral-v1,1,2026-08-17T14:16:22.421688+00:00,876368ab1629fc052a449e4ec277239a1d67750e45e4670817814d172c411886
codex,codex-self-rating,3,T02,V05,V05,5,32.0,round6-neutral-v1,1,2026-08-17T14:16:22.421688+00:00,876368ab1629fc052a449e4ec277239a1d67750e45e4670817814d172c411886
codex,codex-self-rating,3,T02,V06,V06,6,89.0,round6-neutral-v1,1,2026-08-17T14:16:22.421688+00:00,876368ab1629fc052a449e4ec277239a1d67750e45e4670817814d172c411886
codex,codex-self-rating,3,T02,V07,V07,7,46.0,round6-neutral-v1,1,2026-08-17T14:16:22.421688+00:00,876368ab1629fc052a449e4ec277239a1d67750e45e4670817814d172c411886
codex,codex-self-rating,3,T02,V08,V08,8,40.0,round6-neutral-v1,1,2026-08-17T14:16:22.421688+00:00,876368ab1629fc052a449e4ec277239a1d67750e45e4670817814d172c411886
codex,codex-self-rating,3,T02,V09,V09,9,32.0,round6-neutral-v1,1,2026-08-17T14:16:22.421688+00:00,876368ab1629fc052a449e4ec277239a1d67750e45e4670817814d172c411886
codex,codex-self-rating,3,T02,V10,V10,10,41.0,round6-neutral-v1,1,2026-08-17T14:16:22.421688+00:00,876368ab1629fc052a449e4ec277239a1d67750e45e4670817814d172c411886
codex,codex-self-rating,3,T02,V11,V11,11,80.0,round6-neutral-v1,1,2026-08-17T14:16:22.421688+00:00,876368ab1629fc052a449e4ec277239a1d67750e45e4670817814d172c411886
codex,codex-self-rating,3,T02,V12,V12,12,36.0,round6-neutral-v1,1,2026-08-17T14:16:22.421688+00:00,876368ab1629fc052a449e4ec277239a1d67750e45e4670817814d172c411886
codex,codex-self-rating,3,T02,V13,V13,13,48.0,round6-neutral-v1,1,2026-08-17T14:16:22.421688+00:00,876368ab1629fc052a449e4ec277239a1d67750e45e4670817814d172c411886
codex,codex-self-rating,3,T02,V14,V14,14,48.0,round6-neutral-v1,1,2026-08-17T14:16:22.421688+00:00,876368ab1629fc052a449e4ec277239a1d67750e45e4670817814d172c411886
codex,codex-self-rating,3,T02,V15,V15,15,40.0,round6-neutral-v1,1,2026-08-17T14:16:22.421688+00:00,876368ab1629fc052a449e4ec277239a1d67750e45e4670817814d172c411886
codex,codex-self-rating,3,T02,V16,V16,16,82.0,round6-neutral-v1,1,2026-08-17T14:16:22.421688+00:00,876368ab1629fc052a449e4ec277239a1d67750e45e4670817814d172c411886
codex,codex-self-rating,3,T02,V17,V17,17,57.0,round6-neutral-v1,1,2026-08-17T14:16:22.421688+00:00,876368ab1629fc052a449e4ec277239a1d67750e45e4670817814d172c411886
codex,codex-self-rating,3,T02,V18,V18,18,88.0,round6-neutral-v1,1,2026-08-17T14:16:22.421688+00:00,876368ab1629fc052a449e4ec277239a1d67750e45e4670817814d172c411886
codex,codex-self-rating,3,T02,V19,V19,19,83.0,round6-neutral-v1,1,2026-08-17T14:16:22.421688+00:00,876368ab1629fc052a449e4ec277239a1d67750e45e4670817814d172c411886
codex,codex-self-rating,3,T02,V20,V20,20,40.0,round6-neutral-v1,1,2026-08-17T14:16:22.421688+00:00,876368ab1629fc052a449e4ec277239a1d67750e45e4670817814d172c411886
codex,codex-self-rating,3,T02,V21,V21,21,41.0,round6-neutral-v1,1,2026-08-17T14:16:22.421688+00:00,876368ab1629fc052a449e4ec277239a1d67750e45e4670817814d172c411886
codex,codex-self-rating,3,T02,V22,V22,22,59.0,round6-neutral-v1,1,2026-08-17T14:16:22.421688+00:00,876368ab1629fc052a449e4ec277239a1d67750e45e4670817814d172c411886
codex,codex-self-rating,3,T02,V23,V23,23,40.0,round6-neutral-v1,1,2026-08-17T14:16:22.421688+00:00,876368ab1629fc052a449e4ec277239a1d67750e45e4670817814d172c411886
codex,codex-self-rating,3,T02,V24,V24,24,79.0,round6-neutral-v1,1,2026-08-17T14:16:22.421688+00:00,876368ab1629fc052a449e4ec277239a1d67750e45e4670817814d172c411886
codex,codex-self-rating,3,T02,V25,V25,25,89.0,round6-neutral-v1,1,2026-08-17T14:16:22.421688+00:00,876368ab1629fc052a449e4ec277239a1d67750e45e4670817814d172c411886
codex,codex-self-rating,3,T02,V26,V26,26,84.0,round6-neutral-v1,1,2026-08-17T14:16:22.421688+00:00,876368ab1629fc052a449e4ec277239a1d67750e45e4670817814d172c411886
codex,codex-self-rating,3,T02,V27,V27,27,36.0,round6-neutral-v1,1,2026-08-17T14:16:22.421688+00:00,876368ab1629fc052a449e4ec277239a1d67750e45e4670817814d172c411886
codex,codex-self-rating,3,T02,V28,V28,28,62.0,round6-neutral-v1,1,2026-08-17T14:16:22.421688+00:00,876368ab1629fc052a449e4ec277239a1d67750e45e4670817814d172c411886
codex,codex-self-rating,3,T02,V29,V29,29,88.0,round6-neutral-v1,1,2026-08-17T14:16:22.421688+00:00,876368ab1629fc052a449e4ec277239a1d67750e45e4670817814d172c411886
codex,codex-self-rating,3,T02,V30,V30,30,78.0,round6-neutral-v1,1,2026-08-17T14:16:22.421688+00:00,876368ab1629fc052a449e4ec277239a1d67750e45e4670817814d172c411886
codex,codex-self-rating,3,T03,V01,V01,1,44.0,round6-neutral-v1,1,2026-08-17T14:16:22.421688+00:00,876368ab1629fc052a449e4ec277239a1d67750e45e4670817814d172c411886
codex,codex-self-rating,3,T03,V02,V02,2,52.0,round6-neutral-v1,1,2026-08-17T14:16:22.421688+00:00,876368ab1629fc052a449e4ec277239a1d67750e45e4670817814d172c411886
codex,codex-self-rating,3,T03,V03,V03,3,47.0,round6-neutral-v1,1,2026-08-17T14:16:22.421688+00:00,876368ab1629fc052a449e4ec277239a1d67750e45e4670817814d172c411886
codex,codex-self-rating,3,T03,V04,V04,4,64.0,round6-neutral-v1,1,2026-08-17T14:16:22.421688+00:00,876368ab1629fc052a449e4ec277239a1d67750e45e4670817814d172c411886
codex,codex-self-rating,3,T03,V05,V05,5,78.0,round6-neutral-v1,1,2026-08-17T14:16:22.421688+00:00,876368ab1629fc052a449e4ec277239a1d67750e45e4670817814d172c411886
codex,codex-self-rating,3,T03,V06,V06,6,36.0,round6-neutral-v1,1,2026-08-17T14:16:22.421688+00:00,876368ab1629fc052a449e4ec277239a1d67750e45e4670817814d172c411886
codex,codex-self-rating,3,T03,V07,V07,7,66.0,round6-neutral-v1,1,2026-08-17T14:16:22.421688+00:00,876368ab1629fc052a449e4ec277239a1d67750e45e4670817814d172c411886
codex,codex-self-rating,3,T03,V08,V08,8,79.0,round6-neutral-v1,1,2026-08-17T14:16:22.421688+00:00,876368ab1629fc052a449e4ec277239a1d67750e45e4670817814d172c411886
codex,codex-self-rating,3,T03,V09,V09,9,78.0,round6-neutral-v1,1,2026-08-17T14:16:22.421688+00:00,876368ab1629fc052a449e4ec277239a1d67750e45e4670817814d172c411886
codex,codex-self-rating,3,T03,V10,V10,10,78.0,round6-neutral-v1,1,2026-08-17T14:16:22.421688+00:00,876368ab1629fc052a449e4ec277239a1d67750e45e4670817814d172c411886
codex,codex-self-rating,3,T03,V11,V11,11,37.0,round6-neutral-v1,1,2026-08-17T14:16:22.421688+00:00,876368ab1629fc052a449e4ec277239a1d67750e45e4670817814d172c411886
codex,codex-self-rating,3,T03,V12,V12,12,88.0,round6-neutral-v1,1,2026-08-17T14:16:22.421688+00:00,876368ab1629fc052a449e4ec277239a1d67750e45e4670817814d172c411886
codex,codex-self-rating,3,T03,V13,V13,13,75.0,round6-neutral-v1,1,2026-08-17T14:16:22.421688+00:00,876368ab1629fc052a449e4ec277239a1d67750e45e4670817814d172c411886
codex,codex-self-rating,3,T03,V14,V14,14,75.0,round6-neutral-v1,1,2026-08-17T14:16:22.421688+00:00,876368ab1629fc052a449e4ec277239a1d67750e45e4670817814d172c411886
codex,codex-self-rating,3,T03,V15,V15,15,84.0,round6-neutral-v1,1,2026-08-17T14:16:22.421688+00:00,876368ab1629fc052a449e4ec277239a1d67750e45e4670817814d172c411886
codex,codex-self-rating,3,T03,V16,V16,16,44.0,round6-neutral-v1,1,2026-08-17T14:16:22.421688+00:00,876368ab1629fc052a449e4ec277239a1d67750e45e4670817814d172c411886
codex,codex-self-rating,3,T03,V17,V17,17,50.0,round6-neutral-v1,1,2026-08-17T14:16:22.421688+00:00,876368ab1629fc052a449e4ec277239a1d67750e45e4670817814d172c411886
codex,codex-self-rating,3,T03,V18,V18,18,46.0,round6-neutral-v1,1,2026-08-17T14:16:22.421688+00:00,876368ab1629fc052a449e4ec277239a1d67750e45e4670817814d172c411886
codex,codex-self-rating,3,T03,V19,V19,19,37.0,round6-neutral-v1,1,2026-08-17T14:16:22.421688+00:00,876368ab1629fc052a449e4ec277239a1d67750e45e4670817814d172c411886
codex,codex-self-rating,3,T03,V20,V20,20,84.0,round6-neutral-v1,1,2026-08-17T14:16:22.421688+00:00,876368ab1629fc052a449e4ec277239a1d67750e45e4670817814d172c411886
codex,codex-self-rating,3,T03,V21,V21,21,77.0,round6-neutral-v1,1,2026-08-17T14:16:22.421688+00:00,876368ab1629fc052a449e4ec277239a1d67750e45e4670817814d172c411886
codex,codex-self-rating,3,T03,V22,V22,22,61.0,round6-neutral-v1,1,2026-08-17T14:16:22.421688+00:00,876368ab1629fc052a449e4ec277239a1d67750e45e4670817814d172c411886
codex,codex-self-rating,3,T03,V23,V23,23,79.0,round6-neutral-v1,1,2026-08-17T14:16:22.421688+00:00,876368ab1629fc052a449e4ec277239a1d67750e45e4670817814d172c411886
codex,codex-self-rating,3,T03,V24,V24,24,37.0,round6-neutral-v1,1,2026-08-17T14:16:22.421688+00:00,876368ab1629fc052a449e4ec277239a1d67750e45e4670817814d172c411886
codex,codex-self-rating,3,T03,V25,V25,25,36.0,round6-neutral-v1,1,2026-08-17T14:16:22.421688+00:00,876368ab1629fc052a449e4ec277239a1d67750e45e4670817814d172c411886
codex,codex-self-rating,3,T03,V26,V26,26,38.0,round6-neutral-v1,1,2026-08-17T14:16:22.421688+00:00,876368ab1629fc052a449e4ec277239a1d67750e45e4670817814d172c411886
codex,codex-self-rating,3,T03,V27,V27,27,88.0,round6-neutral-v1,1,2026-08-17T14:16:22.421688+00:00,876368ab1629fc052a449e4ec277239a1d67750e45e4670817814d172c411886
codex,codex-self-rating,3,T03,V28,V28,28,50.0,round6-neutral-v1,1,2026-08-17T14:16:22.421688+00:00,876368ab1629fc052a449e4ec277239a1d67750e45e4670817814d172c411886
codex,codex-self-rating,3,T03,V29,V29,29,46.0,round6-neutral-v1,1,2026-08-17T14:16:22.421688+00:00,876368ab1629fc052a449e4ec277239a1d67750e45e4670817814d172c411886
codex,codex-self-rating,3,T03,V30,V30,30,47.0,round6-neutral-v1,1,2026-08-17T14:16:22.421688+00:00,876368ab1629fc052a449e4ec277239a1d67750e45e4670817814d172c411886
codex,codex-self-rating,3,T04,V01,V01,1,34.0,round6-neutral-v1,1,2026-08-17T14:16:22.421688+00:00,876368ab1629fc052a449e4ec277239a1d67750e45e4670817814d172c411886
codex,codex-self-rating,3,T04,V02,V02,2,58.0,round6-neutral-v1,1,2026-08-17T14:16:22.421688+00:00,876368ab1629fc052a449e4ec277239a1d67750e45e4670817814d172c411886
codex,codex-self-rating,3,T04,V03,V03,3,34.0,round6-neutral-v1,1,2026-08-17T14:16:22.421688+00:00,876368ab1629fc052a449e4ec277239a1d67750e45e4670817814d172c411886
codex,codex-self-rating,3,T04,V04,V04,4,60.0,round6-neutral-v1,1,2026-08-17T14:16:22.421688+00:00,876368ab1629fc052a449e4ec277239a1d67750e45e4670817814d172c411886
codex,codex-self-rating,3,T04,V05,V05,5,90.0,round6-neutral-v1,1,2026-08-17T14:16:22.421688+00:00,876368ab1629fc052a449e4ec277239a1d67750e45e4670817814d172c411886
codex,codex-self-rating,3,T04,V06,V06,6,36.0,round6-neutral-v1,1,2026-08-17T14:16:22.421688+00:00,876368ab1629fc052a449e4ec277239a1d67750e45e4670817814d172c411886
codex,codex-self-rating,3,T04,V07,V07,7,62.0,round6-neutral-v1,1,2026-08-17T14:16:22.421688+00:00,876368ab1629fc052a449e4ec277239a1d67750e45e4670817814d172c411886
codex,codex-self-rating,3,T04,V08,V08,8,88.0,round6-neutral-v1,1,2026-08-17T14:16:22.421688+00:00,876368ab1629fc052a449e4ec277239a1d67750e45e4670817814d172c411886
codex,codex-self-rating,3,T04,V09,V09,9,90.0,round6-neutral-v1,1,2026-08-17T14:16:22.421688+00:00,876368ab1629fc052a449e4ec277239a1d67750e45e4670817814d172c411886
codex,codex-self-rating,3,T04,V10,V10,10,88.0,round6-neutral-v1,1,2026-08-17T14:16:22.421688+00:00,876368ab1629fc052a449e4ec277239a1d67750e45e4670817814d172c411886
codex,codex-self-rating,3,T04,V11,V11,11,35.0,round6-neutral-v1,1,2026-08-17T14:16:22.421688+00:00,876368ab1629fc052a449e4ec277239a1d67750e45e4670817814d172c411886
codex,codex-self-rating,3,T04,V12,V12,12,90.0,round6-neutral-v1,1,2026-08-17T14:16:22.421688+00:00,876368ab1629fc052a449e4ec277239a1d67750e45e4670817814d172c411886
codex,codex-self-rating,3,T04,V13,V13,13,87.0,round6-neutral-v1,1,2026-08-17T14:16:22.421688+00:00,876368ab1629fc052a449e4ec277239a1d67750e45e4670817814d172c411886
codex,codex-self-rating,3,T04,V14,V14,14,87.0,round6-neutral-v1,1,2026-08-17T14:16:22.421688+00:00,876368ab1629fc052a449e4ec277239a1d67750e45e4670817814d172c411886
codex,codex-self-rating,3,T04,V15,V15,15,90.0,round6-neutral-v1,1,2026-08-17T14:16:22.421688+00:00,876368ab1629fc052a449e4ec277239a1d67750e45e4670817814d172c411886
codex,codex-self-rating,3,T04,V16,V16,16,34.0,round6-neutral-v1,1,2026-08-17T14:16:22.421688+00:00,876368ab1629fc052a449e4ec277239a1d67750e45e4670817814d172c411886
codex,codex-self-rating,3,T04,V17,V17,17,57.0,round6-neutral-v1,1,2026-08-17T14:16:22.421688+00:00,876368ab1629fc052a449e4ec277239a1d67750e45e4670817814d172c411886
codex,codex-self-rating,3,T04,V18,V18,18,35.0,round6-neutral-v1,1,2026-08-17T14:16:22.421688+00:00,876368ab1629fc052a449e4ec277239a1d67750e45e4670817814d172c411886
codex,codex-self-rating,3,T04,V19,V19,19,35.0,round6-neutral-v1,1,2026-08-17T14:16:22.421688+00:00,876368ab1629fc052a449e4ec277239a1d67750e45e4670817814d172c411886
codex,codex-self-rating,3,T04,V20,V20,20,90.0,round6-neutral-v1,1,2026-08-17T14:16:22.421688+00:00,876368ab1629fc052a449e4ec277239a1d67750e45e4670817814d172c411886
codex,codex-self-rating,3,T04,V21,V21,21,88.0,round6-neutral-v1,1,2026-08-17T14:16:22.421688+00:00,876368ab1629fc052a449e4ec277239a1d67750e45e4670817814d172c411886
codex,codex-self-rating,3,T04,V22,V22,22,60.0,round6-neutral-v1,1,2026-08-17T14:16:22.421688+00:00,876368ab1629fc052a449e4ec277239a1d67750e45e4670817814d172c411886
codex,codex-self-rating,3,T04,V23,V23,23,88.0,round6-neutral-v1,1,2026-08-17T14:16:22.421688+00:00,876368ab1629fc052a449e4ec277239a1d67750e45e4670817814d172c411886
codex,codex-self-rating,3,T04,V24,V24,24,35.0,round6-neutral-v1,1,2026-08-17T14:16:22.421688+00:00,876368ab1629fc052a449e4ec277239a1d67750e45e4670817814d172c411886
codex,codex-self-rating,3,T04,V25,V25,25,36.0,round6-neutral-v1,1,2026-08-17T14:16:22.421688+00:00,876368ab1629fc052a449e4ec277239a1d67750e45e4670817814d172c411886
codex,codex-self-rating,3,T04,V26,V26,26,35.0,round6-neutral-v1,1,2026-08-17T14:16:22.421688+00:00,876368ab1629fc052a449e4ec277239a1d67750e45e4670817814d172c411886
codex,codex-self-rating,3,T04,V27,V27,27,90.0,round6-neutral-v1,1,2026-08-17T14:16:22.421688+00:00,876368ab1629fc052a449e4ec277239a1d67750e45e4670817814d172c411886
codex,codex-self-rating,3,T04,V28,V28,28,58.0,round6-neutral-v1,1,2026-08-17T14:16:22.421688+00:00,876368ab1629fc052a449e4ec277239a1d67750e45e4670817814d172c411886
codex,codex-self-rating,3,T04,V29,V29,29,35.0,round6-neutral-v1,1,2026-08-17T14:16:22.421688+00:00,876368ab1629fc052a449e4ec277239a1d67750e45e4670817814d172c411886
codex,codex-self-rating,3,T04,V30,V30,30,34.0,round6-neutral-v1,1,2026-08-17T14:16:22.421688+00:00,876368ab1629fc052a449e4ec277239a1d67750e45e4670817814d172c411886
codex,codex-self-rating,3,T05,V01,V01,1,43.0,round6-neutral-v1,1,2026-08-17T14:16:22.421688+00:00,876368ab1629fc052a449e4ec277239a1d67750e45e4670817814d172c411886
codex,codex-self-rating,3,T05,V02,V02,2,87.0,round6-neutral-v1,1,2026-08-17T14:16:22.421688+00:00,876368ab1629fc052a449e4ec277239a1d67750e45e4670817814d172c411886
codex,codex-self-rating,3,T05,V03,V03,3,42.0,round6-neutral-v1,1,2026-08-17T14:16:22.421688+00:00,876368ab1629fc052a449e4ec277239a1d67750e45e4670817814d172c411886
codex,codex-self-rating,3,T05,V04,V04,4,89.0,round6-neutral-v1,1,2026-08-17T14:16:22.421688+00:00,876368ab1629fc052a449e4ec277239a1d67750e45e4670817814d172c411886
codex,codex-self-rating,3,T05,V05,V05,5,58.0,round6-neutral-v1,1,2026-08-17T14:16:22.421688+00:00,876368ab1629fc052a449e4ec277239a1d67750e45e4670817814d172c411886
codex,codex-self-rating,3,T05,V06,V06,6,46.0,round6-neutral-v1,1,2026-08-17T14:16:22.421688+00:00,876368ab1629fc052a449e4ec277239a1d67750e45e4670817814d172c411886
codex,codex-self-rating,3,T05,V07,V07,7,92.0,round6-neutral-v1,1,2026-08-17T14:16:22.421688+00:00,876368ab1629fc052a449e4ec277239a1d67750e45e4670817814d172c411886
codex,codex-self-rating,3,T05,V08,V08,8,60.0,round6-neutral-v1,1,2026-08-17T14:16:22.421688+00:00,876368ab1629fc052a449e4ec277239a1d67750e45e4670817814d172c411886
codex,codex-self-rating,3,T05,V09,V09,9,58.0,round6-neutral-v1,1,2026-08-17T14:16:22.421688+00:00,876368ab1629fc052a449e4ec277239a1d67750e45e4670817814d172c411886
codex,codex-self-rating,3,T05,V10,V10,10,60.0,round6-neutral-v1,1,2026-08-17T14:16:22.421688+00:00,876368ab1629fc052a449e4ec277239a1d67750e45e4670817814d172c411886
codex,codex-self-rating,3,T05,V11,V11,11,43.0,round6-neutral-v1,1,2026-08-17T14:16:22.421688+00:00,876368ab1629fc052a449e4ec277239a1d67750e45e4670817814d172c411886
codex,codex-self-rating,3,T05,V12,V12,12,62.0,round6-neutral-v1,1,2026-08-17T14:16:22.421688+00:00,876368ab1629fc052a449e4ec277239a1d67750e45e4670817814d172c411886
codex,codex-self-rating,3,T05,V13,V13,13,59.0,round6-neutral-v1,1,2026-08-17T14:16:22.421688+00:00,876368ab1629fc052a449e4ec277239a1d67750e45e4670817814d172c411886
codex,codex-self-rating,3,T05,V14,V14,14,59.0,round6-neutral-v1,1,2026-08-17T14:16:22.421688+00:00,876368ab1629fc052a449e4ec277239a1d67750e45e4670817814d172c411886
codex,codex-self-rating,3,T05,V15,V15,15,62.0,round6-neutral-v1,1,2026-08-17T14:16:22.421688+00:00,876368ab1629fc052a449e4ec277239a1d67750e45e4670817814d172c411886
codex,codex-self-rating,3,T05,V16,V16,16,43.0,round6-neutral-v1,1,2026-08-17T14:16:22.421688+00:00,876368ab1629fc052a449e4ec277239a1d67750e45e4670817814d172c411886
codex,codex-self-rating,3,T05,V17,V17,17,86.0,round6-neutral-v1,1,2026-08-17T14:16:22.421688+00:00,876368ab1629fc052a449e4ec277239a1d67750e45e4670817814d172c411886
codex,codex-self-rating,3,T05,V18,V18,18,44.0,round6-neutral-v1,1,2026-08-17T14:16:22.421688+00:00,876368ab1629fc052a449e4ec277239a1d67750e45e4670817814d172c411886
codex,codex-self-rating,3,T05,V19,V19,19,43.0,round6-neutral-v1,1,2026-08-17T14:16:22.421688+00:00,876368ab1629fc052a449e4ec277239a1d67750e45e4670817814d172c411886
codex,codex-self-rating,3,T05,V20,V20,20,62.0,round6-neutral-v1,1,2026-08-17T14:16:22.421688+00:00,876368ab1629fc052a449e4ec277239a1d67750e45e4670817814d172c411886
codex,codex-self-rating,3,T05,V21,V21,21,60.0,round6-neutral-v1,1,2026-08-17T14:16:22.421688+00:00,876368ab1629fc052a449e4ec277239a1d67750e45e4670817814d172c411886
codex,codex-self-rating,3,T05,V22,V22,22,88.0,round6-neutral-v1,1,2026-08-17T14:16:22.421688+00:00,876368ab1629fc052a449e4ec277239a1d67750e45e4670817814d172c411886
codex,codex-self-rating,3,T05,V23,V23,23,60.0,round6-neutral-v1,1,2026-08-17T14:16:22.421688+00:00,876368ab1629fc052a449e4ec277239a1d67750e45e4670817814d172c411886
codex,codex-self-rating,3,T05,V24,V24,24,43.0,round6-neutral-v1,1,2026-08-17T14:16:22.421688+00:00,876368ab1629fc052a449e4ec277239a1d67750e45e4670817814d172c411886
codex,codex-self-rating,3,T05,V25,V25,25,46.0,round6-neutral-v1,1,2026-08-17T14:16:22.421688+00:00,876368ab1629fc052a449e4ec277239a1d67750e45e4670817814d172c411886
codex,codex-self-rating,3,T05,V26,V26,26,43.0,round6-neutral-v1,1,2026-08-17T14:16:22.421688+00:00,876368ab1629fc052a449e4ec277239a1d67750e45e4670817814d172c411886
codex,codex-self-rating,3,T05,V27,V27,27,62.0,round6-neutral-v1,1,2026-08-17T14:16:22.421688+00:00,876368ab1629fc052a449e4ec277239a1d67750e45e4670817814d172c411886
codex,codex-self-rating,3,T05,V28,V28,28,87.0,round6-neutral-v1,1,2026-08-17T14:16:22.421688+00:00,876368ab1629fc052a449e4ec277239a1d67750e45e4670817814d172c411886
codex,codex-self-rating,3,T05,V29,V29,29,44.0,round6-neutral-v1,1,2026-08-17T14:16:22.421688+00:00,876368ab1629fc052a449e4ec277239a1d67750e45e4670817814d172c411886
codex,codex-self-rating,3,T05,V30,V30,30,42.0,round6-neutral-v1,1,2026-08-17T14:16:22.421688+00:00,876368ab1629fc052a449e4ec277239a1d67750e45e4670817814d172c411886
codex,codex-self-rating,3,T06,V01,V01,1,38.0,round6-neutral-v1,1,2026-08-17T14:16:22.421688+00:00,876368ab1629fc052a449e4ec277239a1d67750e45e4670817814d172c411886
codex,codex-self-rating,3,T06,V02,V02,2,59.0,round6-neutral-v1,1,2026-08-17T14:16:22.421688+00:00,876368ab1629fc052a449e4ec277239a1d67750e45e4670817814d172c411886
codex,codex-self-rating,3,T06,V03,V03,3,36.0,round6-neutral-v1,1,2026-08-17T14:16:22.421688+00:00,876368ab1629fc052a449e4ec277239a1d67750e45e4670817814d172c411886
codex,codex-self-rating,3,T06,V04,V04,4,49.0,round6-neutral-v1,1,2026-08-17T14:16:22.421688+00:00,876368ab1629fc052a449e4ec277239a1d67750e45e4670817814d172c411886
codex,codex-self-rating,3,T06,V05,V05,5,82.0,round6-neutral-v1,1,2026-08-17T14:16:22.421688+00:00,876368ab1629fc052a449e4ec277239a1d67750e45e4670817814d172c411886
codex,codex-self-rating,3,T06,V06,V06,6,44.0,round6-neutral-v1,1,2026-08-17T14:16:22.421688+00:00,876368ab1629fc052a449e4ec277239a1d67750e45e4670817814d172c411886
codex,codex-self-rating,3,T06,V07,V07,7,53.0,round6-neutral-v1,1,2026-08-17T14:16:22.421688+00:00,876368ab1629fc052a449e4ec277239a1d67750e45e4670817814d172c411886
codex,codex-self-rating,3,T06,V08,V08,8,82.0,round6-neutral-v1,1,2026-08-17T14:16:22.421688+00:00,876368ab1629fc052a449e4ec277239a1d67750e45e4670817814d172c411886
codex,codex-self-rating,3,T06,V09,V09,9,82.0,round6-neutral-v1,1,2026-08-17T14:16:22.421688+00:00,876368ab1629fc052a449e4ec277239a1d67750e45e4670817814d172c411886
codex,codex-self-rating,3,T06,V10,V10,10,82.0,round6-neutral-v1,1,2026-08-17T14:16:22.421688+00:00,876368ab1629fc052a449e4ec277239a1d67750e45e4670817814d172c411886
codex,codex-self-rating,3,T06,V11,V11,11,38.0,round6-neutral-v1,1,2026-08-17T14:16:22.421688+00:00,876368ab1629fc052a449e4ec277239a1d67750e45e4670817814d172c411886
codex,codex-self-rating,3,T06,V12,V12,12,82.0,round6-neutral-v1,1,2026-08-17T14:16:22.421688+00:00,876368ab1629fc052a449e4ec277239a1d67750e45e4670817814d172c411886
codex,codex-self-rating,3,T06,V13,V13,13,94.0,round6-neutral-v1,1,2026-08-17T14:16:22.421688+00:00,876368ab1629fc052a449e4ec277239a1d67750e45e4670817814d172c411886
codex,codex-self-rating,3,T06,V14,V14,14,94.0,round6-neutral-v1,1,2026-08-17T14:16:22.421688+00:00,876368ab1629fc052a449e4ec277239a1d67750e45e4670817814d172c411886
codex,codex-self-rating,3,T06,V15,V15,15,80.0,round6-neutral-v1,1,2026-08-17T14:16:22.421688+00:00,876368ab1629fc052a449e4ec277239a1d67750e45e4670817814d172c411886
codex,codex-self-rating,3,T06,V16,V16,16,38.0,round6-neutral-v1,1,2026-08-17T14:16:22.421688+00:00,876368ab1629fc052a449e4ec277239a1d67750e45e4670817814d172c411886
codex,codex-self-rating,3,T06,V17,V17,17,58.0,round6-neutral-v1,1,2026-08-17T14:16:22.421688+00:00,876368ab1629fc052a449e4ec277239a1d67750e45e4670817814d172c411886
codex,codex-self-rating,3,T06,V18,V18,18,41.0,round6-neutral-v1,1,2026-08-17T14:16:22.421688+00:00,876368ab1629fc052a449e4ec277239a1d67750e45e4670817814d172c411886
codex,codex-self-rating,3,T06,V19,V19,19,39.0,round6-neutral-v1,1,2026-08-17T14:16:22.421688+00:00,876368ab1629fc052a449e4ec277239a1d67750e45e4670817814d172c411886
codex,codex-self-rating,3,T06,V20,V20,20,80.0,round6-neutral-v1,1,2026-08-17T14:16:22.421688+00:00,876368ab1629fc052a449e4ec277239a1d67750e45e4670817814d172c411886
codex,codex-self-rating,3,T06,V21,V21,21,81.0,round6-neutral-v1,1,2026-08-17T14:16:22.421688+00:00,876368ab1629fc052a449e4ec277239a1d67750e45e4670817814d172c411886
codex,codex-self-rating,3,T06,V22,V22,22,58.0,round6-neutral-v1,1,2026-08-17T14:16:22.421688+00:00,876368ab1629fc052a449e4ec277239a1d67750e45e4670817814d172c411886
codex,codex-self-rating,3,T06,V23,V23,23,82.0,round6-neutral-v1,1,2026-08-17T14:16:22.421688+00:00,876368ab1629fc052a449e4ec277239a1d67750e45e4670817814d172c411886
codex,codex-self-rating,3,T06,V24,V24,24,38.0,round6-neutral-v1,1,2026-08-17T14:16:22.421688+00:00,876368ab1629fc052a449e4ec277239a1d67750e45e4670817814d172c411886
codex,codex-self-rating,3,T06,V25,V25,25,44.0,round6-neutral-v1,1,2026-08-17T14:16:22.421688+00:00,876368ab1629fc052a449e4ec277239a1d67750e45e4670817814d172c411886
codex,codex-self-rating,3,T06,V26,V26,26,39.0,round6-neutral-v1,1,2026-08-17T14:16:22.421688+00:00,876368ab1629fc052a449e4ec277239a1d67750e45e4670817814d172c411886
codex,codex-self-rating,3,T06,V27,V27,27,82.0,round6-neutral-v1,1,2026-08-17T14:16:22.421688+00:00,876368ab1629fc052a449e4ec277239a1d67750e45e4670817814d172c411886
codex,codex-self-rating,3,T06,V28,V28,28,64.0,round6-neutral-v1,1,2026-08-17T14:16:22.421688+00:00,876368ab1629fc052a449e4ec277239a1d67750e45e4670817814d172c411886
codex,codex-self-rating,3,T06,V29,V29,29,41.0,round6-neutral-v1,1,2026-08-17T14:16:22.421688+00:00,876368ab1629fc052a449e4ec277239a1d67750e45e4670817814d172c411886
codex,codex-self-rating,3,T06,V30,V30,30,36.0,round6-neutral-v1,1,2026-08-17T14:16:22.421688+00:00,876368ab1629fc052a449e4ec277239a1d67750e45e4670817814d172c411886
codex,codex-self-rating,3,T07,V01,V01,1,46.0,round6-neutral-v1,1,2026-08-17T14:16:22.421688+00:00,876368ab1629fc052a449e4ec277239a1d67750e45e4670817814d172c411886
codex,codex-self-rating,3,T07,V02,V02,2,75.0,round6-neutral-v1,1,2026-08-17T14:16:22.421688+00:00,876368ab1629fc052a449e4ec277239a1d67750e45e4670817814d172c411886
codex,codex-self-rating,3,T07,V03,V03,3,49.0,round6-neutral-v1,1,2026-08-17T14:16:22.421688+00:00,876368ab1629fc052a449e4ec277239a1d67750e45e4670817814d172c411886
codex,codex-self-rating,3,T07,V04,V04,4,88.0,round6-neutral-v1,1,2026-08-17T14:16:22.421688+00:00,876368ab1629fc052a449e4ec277239a1d67750e45e4670817814d172c411886
codex,codex-self-rating,3,T07,V05,V05,5,58.0,round6-neutral-v1,1,2026-08-17T14:16:22.421688+00:00,876368ab1629fc052a449e4ec277239a1d67750e45e4670817814d172c411886
codex,codex-self-rating,3,T07,V06,V06,6,40.0,round6-neutral-v1,1,2026-08-17T14:16:22.421688+00:00,876368ab1629fc052a449e4ec277239a1d67750e45e4670817814d172c411886
codex,codex-self-rating,3,T07,V07,V07,7,86.0,round6-neutral-v1,1,2026-08-17T14:16:22.421688+00:00,876368ab1629fc052a449e4ec277239a1d67750e45e4670817814d172c411886
codex,codex-self-rating,3,T07,V08,V08,8,62.0,round6-neutral-v1,1,2026-08-17T14:16:22.421688+00:00,876368ab1629fc052a449e4ec277239a1d67750e45e4670817814d172c411886
codex,codex-self-rating,3,T07,V09,V09,9,58.0,round6-neutral-v1,1,2026-08-17T14:16:22.421688+00:00,876368ab1629fc052a449e4ec277239a1d67750e45e4670817814d172c411886
codex,codex-self-rating,3,T07,V10,V10,10,61.0,round6-neutral-v1,1,2026-08-17T14:16:22.421688+00:00,876368ab1629fc052a449e4ec277239a1d67750e45e4670817814d172c411886
codex,codex-self-rating,3,T07,V11,V11,11,41.0,round6-neutral-v1,1,2026-08-17T14:16:22.421688+00:00,876368ab1629fc052a449e4ec277239a1d67750e45e4670817814d172c411886
codex,codex-self-rating,3,T07,V12,V12,12,68.0,round6-neutral-v1,1,2026-08-17T14:16:22.421688+00:00,876368ab1629fc052a449e4ec277239a1d67750e45e4670817814d172c411886
codex,codex-self-rating,3,T07,V13,V13,13,56.0,round6-neutral-v1,1,2026-08-17T14:16:22.421688+00:00,876368ab1629fc052a449e4ec277239a1d67750e45e4670817814d172c411886
codex,codex-self-rating,3,T07,V14,V14,14,56.0,round6-neutral-v1,1,2026-08-17T14:16:22.421688+00:00,876368ab1629fc052a449e4ec277239a1d67750e45e4670817814d172c411886
codex,codex-self-rating,3,T07,V15,V15,15,66.0,round6-neutral-v1,1,2026-08-17T14:16:22.421688+00:00,876368ab1629fc052a449e4ec277239a1d67750e45e4670817814d172c411886
codex,codex-self-rating,3,T07,V16,V16,16,46.0,round6-neutral-v1,1,2026-08-17T14:16:22.421688+00:00,876368ab1629fc052a449e4ec277239a1d67750e45e4670817814d172c411886
codex,codex-self-rating,3,T07,V17,V17,17,74.0,round6-neutral-v1,1,2026-08-17T14:16:22.421688+00:00,876368ab1629fc052a449e4ec277239a1d67750e45e4670817814d172c411886
codex,codex-self-rating,3,T07,V18,V18,18,50.0,round6-neutral-v1,1,2026-08-17T14:16:22.421688+00:00,876368ab1629fc052a449e4ec277239a1d67750e45e4670817814d172c411886
codex,codex-self-rating,3,T07,V19,V19,19,41.0,round6-neutral-v1,1,2026-08-17T14:16:22.421688+00:00,876368ab1629fc052a449e4ec277239a1d67750e45e4670817814d172c411886
codex,codex-self-rating,3,T07,V20,V20,20,66.0,round6-neutral-v1,1,2026-08-17T14:16:22.421688+00:00,876368ab1629fc052a449e4ec277239a1d67750e45e4670817814d172c411886
codex,codex-self-rating,3,T07,V21,V21,21,61.0,round6-neutral-v1,1,2026-08-17T14:16:22.421688+00:00,876368ab1629fc052a449e4ec277239a1d67750e45e4670817814d172c411886
codex,codex-self-rating,3,T07,V22,V22,22,81.0,round6-neutral-v1,1,2026-08-17T14:16:22.421688+00:00,876368ab1629fc052a449e4ec277239a1d67750e45e4670817814d172c411886
codex,codex-self-rating,3,T07,V23,V23,23,62.0,round6-neutral-v1,1,2026-08-17T14:16:22.421688+00:00,876368ab1629fc052a449e4ec277239a1d67750e45e4670817814d172c411886
codex,codex-self-rating,3,T07,V24,V24,24,41.0,round6-neutral-v1,1,2026-08-17T14:16:22.421688+00:00,876368ab1629fc052a449e4ec277239a1d67750e45e4670817814d172c411886
codex,codex-self-rating,3,T07,V25,V25,25,40.0,round6-neutral-v1,1,2026-08-17T14:16:22.421688+00:00,876368ab1629fc052a449e4ec277239a1d67750e45e4670817814d172c411886
codex,codex-self-rating,3,T07,V26,V26,26,42.0,round6-neutral-v1,1,2026-08-17T14:16:22.421688+00:00,876368ab1629fc052a449e4ec277239a1d67750e45e4670817814d172c411886
codex,codex-self-rating,3,T07,V27,V27,27,68.0,round6-neutral-v1,1,2026-08-17T14:16:22.421688+00:00,876368ab1629fc052a449e4ec277239a1d67750e45e4670817814d172c411886
codex,codex-self-rating,3,T07,V28,V28,28,72.0,round6-neutral-v1,1,2026-08-17T14:16:22.421688+00:00,876368ab1629fc052a449e4ec277239a1d67750e45e4670817814d172c411886
codex,codex-self-rating,3,T07,V29,V29,29,50.0,round6-neutral-v1,1,2026-08-17T14:16:22.421688+00:00,876368ab1629fc052a449e4ec277239a1d67750e45e4670817814d172c411886
codex,codex-self-rating,3,T07,V30,V30,30,49.0,round6-neutral-v1,1,2026-08-17T14:16:22.421688+00:00,876368ab1629fc052a449e4ec277239a1d67750e45e4670817814d172c411886
codex,codex-self-rating,3,T08,V01,V01,1,93.0,round6-neutral-v1,1,2026-08-17T14:16:22.421688+00:00,876368ab1629fc052a449e4ec277239a1d67750e45e4670817814d172c411886
codex,codex-self-rating,3,T08,V02,V02,2,43.0,round6-neutral-v1,1,2026-08-17T14:16:22.421688+00:00,876368ab1629fc052a449e4ec277239a1d67750e45e4670817814d172c411886
codex,codex-self-rating,3,T08,V03,V03,3,91.0,round6-neutral-v1,1,2026-08-17T14:16:22.421688+00:00,876368ab1629fc052a449e4ec277239a1d67750e45e4670817814d172c411886
codex,codex-self-rating,3,T08,V04,V04,4,44.0,round6-neutral-v1,1,2026-08-17T14:16:22.421688+00:00,876368ab1629fc052a449e4ec277239a1d67750e45e4670817814d172c411886
codex,codex-self-rating,3,T08,V05,V05,5,33.0,round6-neutral-v1,1,2026-08-17T14:16:22.421688+00:00,876368ab1629fc052a449e4ec277239a1d67750e45e4670817814d172c411886
codex,codex-self-rating,3,T08,V06,V06,6,91.0,round6-neutral-v1,1,2026-08-17T14:16:22.421688+00:00,876368ab1629fc052a449e4ec277239a1d67750e45e4670817814d172c411886
codex,codex-self-rating,3,T08,V07,V07,7,47.0,round6-neutral-v1,1,2026-08-17T14:16:22.421688+00:00,876368ab1629fc052a449e4ec277239a1d67750e45e4670817814d172c411886
codex,codex-self-rating,3,T08,V08,V08,8,36.0,round6-neutral-v1,1,2026-08-17T14:16:22.421688+00:00,876368ab1629fc052a449e4ec277239a1d67750e45e4670817814d172c411886
codex,codex-self-rating,3,T08,V09,V09,9,33.0,round6-neutral-v1,1,2026-08-17T14:16:22.421688+00:00,876368ab1629fc052a449e4ec277239a1d67750e45e4670817814d172c411886
codex,codex-self-rating,3,T08,V10,V10,10,36.0,round6-neutral-v1,1,2026-08-17T14:16:22.421688+00:00,876368ab1629fc052a449e4ec277239a1d67750e45e4670817814d172c411886
codex,codex-self-rating,3,T08,V11,V11,11,92.0,round6-neutral-v1,1,2026-08-17T14:16:22.421688+00:00,876368ab1629fc052a449e4ec277239a1d67750e45e4670817814d172c411886
codex,codex-self-rating,3,T08,V12,V12,12,34.0,round6-neutral-v1,1,2026-08-17T14:16:22.421688+00:00,876368ab1629fc052a449e4ec277239a1d67750e45e4670817814d172c411886
codex,codex-self-rating,3,T08,V13,V13,13,35.0,round6-neutral-v1,1,2026-08-17T14:16:22.421688+00:00,876368ab1629fc052a449e4ec277239a1d67750e45e4670817814d172c411886
codex,codex-self-rating,3,T08,V14,V14,14,35.0,round6-neutral-v1,1,2026-08-17T14:16:22.421688+00:00,876368ab1629fc052a449e4ec277239a1d67750e45e4670817814d172c411886
codex,codex-self-rating,3,T08,V15,V15,15,36.0,round6-neutral-v1,1,2026-08-17T14:16:22.421688+00:00,876368ab1629fc052a449e4ec277239a1d67750e45e4670817814d172c411886
codex,codex-self-rating,3,T08,V16,V16,16,93.0,round6-neutral-v1,1,2026-08-17T14:16:22.421688+00:00,876368ab1629fc052a449e4ec277239a1d67750e45e4670817814d172c411886
codex,codex-self-rating,3,T08,V17,V17,17,48.0,round6-neutral-v1,1,2026-08-17T14:16:22.421688+00:00,876368ab1629fc052a449e4ec277239a1d67750e45e4670817814d172c411886
codex,codex-self-rating,3,T08,V18,V18,18,91.0,round6-neutral-v1,1,2026-08-17T14:16:22.421688+00:00,876368ab1629fc052a449e4ec277239a1d67750e45e4670817814d172c411886
codex,codex-self-rating,3,T08,V19,V19,19,92.0,round6-neutral-v1,1,2026-08-17T14:16:22.421688+00:00,876368ab1629fc052a449e4ec277239a1d67750e45e4670817814d172c411886
codex,codex-self-rating,3,T08,V20,V20,20,36.0,round6-neutral-v1,1,2026-08-17T14:16:22.421688+00:00,876368ab1629fc052a449e4ec277239a1d67750e45e4670817814d172c411886
codex,codex-self-rating,3,T08,V21,V21,21,36.0,round6-neutral-v1,1,2026-08-17T14:16:22.421688+00:00,876368ab1629fc052a449e4ec277239a1d67750e45e4670817814d172c411886
codex,codex-self-rating,3,T08,V22,V22,22,48.0,round6-neutral-v1,1,2026-08-17T14:16:22.421688+00:00,876368ab1629fc052a449e4ec277239a1d67750e45e4670817814d172c411886
codex,codex-self-rating,3,T08,V23,V23,23,36.0,round6-neutral-v1,1,2026-08-17T14:16:22.421688+00:00,876368ab1629fc052a449e4ec277239a1d67750e45e4670817814d172c411886
codex,codex-self-rating,3,T08,V24,V24,24,92.0,round6-neutral-v1,1,2026-08-17T14:16:22.421688+00:00,876368ab1629fc052a449e4ec277239a1d67750e45e4670817814d172c411886
codex,codex-self-rating,3,T08,V25,V25,25,91.0,round6-neutral-v1,1,2026-08-17T14:16:22.421688+00:00,876368ab1629fc052a449e4ec277239a1d67750e45e4670817814d172c411886
codex,codex-self-rating,3,T08,V26,V26,26,93.0,round6-neutral-v1,1,2026-08-17T14:16:22.421688+00:00,876368ab1629fc052a449e4ec277239a1d67750e45e4670817814d172c411886
codex,codex-self-rating,3,T08,V27,V27,27,34.0,round6-neutral-v1,1,2026-08-17T14:16:22.421688+00:00,876368ab1629fc052a449e4ec277239a1d67750e45e4670817814d172c411886
codex,codex-self-rating,3,T08,V28,V28,28,46.0,round6-neutral-v1,1,2026-08-17T14:16:22.421688+00:00,876368ab1629fc052a449e4ec277239a1d67750e45e4670817814d172c411886
codex,codex-self-rating,3,T08,V29,V29,29,91.0,round6-neutral-v1,1,2026-08-17T14:16:22.421688+00:00,876368ab1629fc052a449e4ec277239a1d67750e45e4670817814d172c411886
codex,codex-self-rating,3,T08,V30,V30,30,91.0,round6-neutral-v1,1,2026-08-17T14:16:22.421688+00:00,876368ab1629fc052a449e4ec277239a1d67750e45e4670817814d172c411886
codex,codex-self-rating,3,T09,V01,V01,1,84.0,round6-neutral-v1,1,2026-08-17T14:16:22.421688+00:00,876368ab1629fc052a449e4ec277239a1d67750e45e4670817814d172c411886
codex,codex-self-rating,3,T09,V02,V02,2,48.0,round6-neutral-v1,1,2026-08-17T14:16:22.421688+00:00,876368ab1629fc052a449e4ec277239a1d67750e45e4670817814d172c411886
codex,codex-self-rating,3,T09,V03,V03,3,82.0,round6-neutral-v1,1,2026-08-17T14:16:22.421688+00:00,876368ab1629fc052a449e4ec277239a1d67750e45e4670817814d172c411886
codex,codex-self-rating,3,T09,V04,V04,4,38.0,round6-neutral-v1,1,2026-08-17T14:16:22.421688+00:00,876368ab1629fc052a449e4ec277239a1d67750e45e4670817814d172c411886
codex,codex-self-rating,3,T09,V05,V05,5,42.0,round6-neutral-v1,1,2026-08-17T14:16:22.421688+00:00,876368ab1629fc052a449e4ec277239a1d67750e45e4670817814d172c411886
codex,codex-self-rating,3,T09,V06,V06,6,94.0,round6-neutral-v1,1,2026-08-17T14:16:22.421688+00:00,876368ab1629fc052a449e4ec277239a1d67750e45e4670817814d172c411886
codex,codex-self-rating,3,T09,V07,V07,7,40.0,round6-neutral-v1,1,2026-08-17T14:16:22.421688+00:00,876368ab1629fc052a449e4ec277239a1d67750e45e4670817814d172c411886
codex,codex-self-rating,3,T09,V08,V08,8,38.0,round6-neutral-v1,1,2026-08-17T14:16:22.421688+00:00,876368ab1629fc052a449e4ec277239a1d67750e45e4670817814d172c411886
codex,codex-self-rating,3,T09,V09,V09,9,42.0,round6-neutral-v1,1,2026-08-17T14:16:22.421688+00:00,876368ab1629fc052a449e4ec277239a1d67750e45e4670817814d172c411886
codex,codex-self-rating,3,T09,V10,V10,10,40.0,round6-neutral-v1,1,2026-08-17T14:16:22.421688+00:00,876368ab1629fc052a449e4ec277239a1d67750e45e4670817814d172c411886
codex,codex-self-rating,3,T09,V11,V11,11,93.0,round6-neutral-v1,1,2026-08-17T14:16:22.421688+00:00,876368ab1629fc052a449e4ec277239a1d67750e45e4670817814d172c411886
codex,codex-self-rating,3,T09,V12,V12,12,35.0,round6-neutral-v1,1,2026-08-17T14:16:22.421688+00:00,876368ab1629fc052a449e4ec277239a1d67750e45e4670817814d172c411886
codex,codex-self-rating,3,T09,V13,V13,13,44.0,round6-neutral-v1,1,2026-08-17T14:16:22.421688+00:00,876368ab1629fc052a449e4ec277239a1d67750e45e4670817814d172c411886
codex,codex-self-rating,3,T09,V14,V14,14,44.0,round6-neutral-v1,1,2026-08-17T14:16:22.421688+00:00,876368ab1629fc052a449e4ec277239a1d67750e45e4670817814d172c411886
codex,codex-self-rating,3,T09,V15,V15,15,34.0,round6-neutral-v1,1,2026-08-17T14:16:22.421688+00:00,876368ab1629fc052a449e4ec277239a1d67750e45e4670817814d172c411886
codex,codex-self-rating,3,T09,V16,V16,16,84.0,round6-neutral-v1,1,2026-08-17T14:16:22.421688+00:00,876368ab1629fc052a449e4ec277239a1d67750e45e4670817814d172c411886
codex,codex-self-rating,3,T09,V17,V17,17,52.0,round6-neutral-v1,1,2026-08-17T14:16:22.421688+00:00,876368ab1629fc052a449e4ec277239a1d67750e45e4670817814d172c411886
codex,codex-self-rating,3,T09,V18,V18,18,80.0,round6-neutral-v1,1,2026-08-17T14:16:22.421688+00:00,876368ab1629fc052a449e4ec277239a1d67750e45e4670817814d172c411886
codex,codex-self-rating,3,T09,V19,V19,19,93.0,round6-neutral-v1,1,2026-08-17T14:16:22.421688+00:00,876368ab1629fc052a449e4ec277239a1d67750e45e4670817814d172c411886
codex,codex-self-rating,3,T09,V20,V20,20,34.0,round6-neutral-v1,1,2026-08-17T14:16:22.421688+00:00,876368ab1629fc052a449e4ec277239a1d67750e45e4670817814d172c411886
codex,codex-self-rating,3,T09,V21,V21,21,40.0,round6-neutral-v1,1,2026-08-17T14:16:22.421688+00:00,876368ab1629fc052a449e4ec277239a1d67750e45e4670817814d172c411886
codex,codex-self-rating,3,T09,V22,V22,22,43.0,round6-neutral-v1,1,2026-08-17T14:16:22.421688+00:00,876368ab1629fc052a449e4ec277239a1d67750e45e4670817814d172c411886
codex,codex-self-rating,3,T09,V23,V23,23,38.0,round6-neutral-v1,1,2026-08-17T14:16:22.421688+00:00,876368ab1629fc052a449e4ec277239a1d67750e45e4670817814d172c411886
codex,codex-self-rating,3,T09,V24,V24,24,93.0,round6-neutral-v1,1,2026-08-17T14:16:22.421688+00:00,876368ab1629fc052a449e4ec277239a1d67750e45e4670817814d172c411886
codex,codex-self-rating,3,T09,V25,V25,25,94.0,round6-neutral-v1,1,2026-08-17T14:16:22.421688+00:00,876368ab1629fc052a449e4ec277239a1d67750e45e4670817814d172c411886
codex,codex-self-rating,3,T09,V26,V26,26,93.0,round6-neutral-v1,1,2026-08-17T14:16:22.421688+00:00,876368ab1629fc052a449e4ec277239a1d67750e45e4670817814d172c411886
codex,codex-self-rating,3,T09,V27,V27,27,35.0,round6-neutral-v1,1,2026-08-17T14:16:22.421688+00:00,876368ab1629fc052a449e4ec277239a1d67750e45e4670817814d172c411886
codex,codex-self-rating,3,T09,V28,V28,28,50.0,round6-neutral-v1,1,2026-08-17T14:16:22.421688+00:00,876368ab1629fc052a449e4ec277239a1d67750e45e4670817814d172c411886
codex,codex-self-rating,3,T09,V29,V29,29,80.0,round6-neutral-v1,1,2026-08-17T14:16:22.421688+00:00,876368ab1629fc052a449e4ec277239a1d67750e45e4670817814d172c411886
codex,codex-self-rating,3,T09,V30,V30,30,82.0,round6-neutral-v1,1,2026-08-17T14:16:22.421688+00:00,876368ab1629fc052a449e4ec277239a1d67750e45e4670817814d172c411886
codex,codex-self-rating,3,T10,V01,V01,1,88.0,round6-neutral-v1,1,2026-08-17T14:16:22.421688+00:00,876368ab1629fc052a449e4ec277239a1d67750e45e4670817814d172c411886
codex,codex-self-rating,3,T10,V02,V02,2,45.0,round6-neutral-v1,1,2026-08-17T14:16:22.421688+00:00,876368ab1629fc052a449e4ec277239a1d67750e45e4670817814d172c411886
codex,codex-self-rating,3,T10,V03,V03,3,91.0,round6-neutral-v1,1,2026-08-17T14:16:22.421688+00:00,876368ab1629fc052a449e4ec277239a1d67750e45e4670817814d172c411886
codex,codex-self-rating,3,T10,V04,V04,4,55.0,round6-neutral-v1,1,2026-08-17T14:16:22.421688+00:00,876368ab1629fc052a449e4ec277239a1d67750e45e4670817814d172c411886
codex,codex-self-rating,3,T10,V05,V05,5,35.0,round6-neutral-v1,1,2026-08-17T14:16:22.421688+00:00,876368ab1629fc052a449e4ec277239a1d67750e45e4670817814d172c411886
codex,codex-self-rating,3,T10,V06,V06,6,80.0,round6-neutral-v1,1,2026-08-17T14:16:22.421688+00:00,876368ab1629fc052a449e4ec277239a1d67750e45e4670817814d172c411886
codex,codex-self-rating,3,T10,V07,V07,7,52.0,round6-neutral-v1,1,2026-08-17T14:16:22.421688+00:00,876368ab1629fc052a449e4ec277239a1d67750e45e4670817814d172c411886
codex,codex-self-rating,3,T10,V08,V08,8,40.0,round6-neutral-v1,1,2026-08-17T14:16:22.421688+00:00,876368ab1629fc052a449e4ec277239a1d67750e45e4670817814d172c411886
codex,codex-self-rating,3,T10,V09,V09,9,35.0,round6-neutral-v1,1,2026-08-17T14:16:22.421688+00:00,876368ab1629fc052a449e4ec277239a1d67750e45e4670817814d172c411886
codex,codex-self-rating,3,T10,V10,V10,10,40.0,round6-neutral-v1,1,2026-08-17T14:16:22.421688+00:00,876368ab1629fc052a449e4ec277239a1d67750e45e4670817814d172c411886
codex,codex-self-rating,3,T10,V11,V11,11,82.0,round6-neutral-v1,1,2026-08-17T14:16:22.421688+00:00,876368ab1629fc052a449e4ec277239a1d67750e45e4670817814d172c411886
codex,codex-self-rating,3,T10,V12,V12,12,44.0,round6-neutral-v1,1,2026-08-17T14:16:22.421688+00:00,876368ab1629fc052a449e4ec277239a1d67750e45e4670817814d172c411886
codex,codex-self-rating,3,T10,V13,V13,13,38.0,round6-neutral-v1,1,2026-08-17T14:16:22.421688+00:00,876368ab1629fc052a449e4ec277239a1d67750e45e4670817814d172c411886
codex,codex-self-rating,3,T10,V14,V14,14,38.0,round6-neutral-v1,1,2026-08-17T14:16:22.421688+00:00,876368ab1629fc052a449e4ec277239a1d67750e45e4670817814d172c411886
codex,codex-self-rating,3,T10,V15,V15,15,43.0,round6-neutral-v1,1,2026-08-17T14:16:22.421688+00:00,876368ab1629fc052a449e4ec277239a1d67750e45e4670817814d172c411886
codex,codex-self-rating,3,T10,V16,V16,16,88.0,round6-neutral-v1,1,2026-08-17T14:16:22.421688+00:00,876368ab1629fc052a449e4ec277239a1d67750e45e4670817814d172c411886
codex,codex-self-rating,3,T10,V17,V17,17,46.0,round6-neutral-v1,1,2026-08-17T14:16:22.421688+00:00,876368ab1629fc052a449e4ec277239a1d67750e45e4670817814d172c411886
codex,codex-self-rating,3,T10,V18,V18,18,90.0,round6-neutral-v1,1,2026-08-17T14:16:22.421688+00:00,876368ab1629fc052a449e4ec277239a1d67750e45e4670817814d172c411886
codex,codex-self-rating,3,T10,V19,V19,19,82.0,round6-neutral-v1,1,2026-08-17T14:16:22.421688+00:00,876368ab1629fc052a449e4ec277239a1d67750e45e4670817814d172c411886
codex,codex-self-rating,3,T10,V20,V20,20,43.0,round6-neutral-v1,1,2026-08-17T14:16:22.421688+00:00,876368ab1629fc052a449e4ec277239a1d67750e45e4670817814d172c411886
codex,codex-self-rating,3,T10,V21,V21,21,40.0,round6-neutral-v1,1,2026-08-17T14:16:22.421688+00:00,876368ab1629fc052a449e4ec277239a1d67750e45e4670817814d172c411886
codex,codex-self-rating,3,T10,V22,V22,22,50.0,round6-neutral-v1,1,2026-08-17T14:16:22.421688+00:00,876368ab1629fc052a449e4ec277239a1d67750e45e4670817814d172c411886
codex,codex-self-rating,3,T10,V23,V23,23,41.0,round6-neutral-v1,1,2026-08-17T14:16:22.421688+00:00,876368ab1629fc052a449e4ec277239a1d67750e45e4670817814d172c411886
codex,codex-self-rating,3,T10,V24,V24,24,82.0,round6-neutral-v1,1,2026-08-17T14:16:22.421688+00:00,876368ab1629fc052a449e4ec277239a1d67750e45e4670817814d172c411886
codex,codex-self-rating,3,T10,V25,V25,25,80.0,round6-neutral-v1,1,2026-08-17T14:16:22.421688+00:00,876368ab1629fc052a449e4ec277239a1d67750e45e4670817814d172c411886
codex,codex-self-rating,3,T10,V26,V26,26,83.0,round6-neutral-v1,1,2026-08-17T14:16:22.421688+00:00,876368ab1629fc052a449e4ec277239a1d67750e45e4670817814d172c411886
codex,codex-self-rating,3,T10,V27,V27,27,44.0,round6-neutral-v1,1,2026-08-17T14:16:22.421688+00:00,876368ab1629fc052a449e4ec277239a1d67750e45e4670817814d172c411886
codex,codex-self-rating,3,T10,V28,V28,28,44.0,round6-neutral-v1,1,2026-08-17T14:16:22.421688+00:00,876368ab1629fc052a449e4ec277239a1d67750e45e4670817814d172c411886
codex,codex-self-rating,3,T10,V29,V29,29,90.0,round6-neutral-v1,1,2026-08-17T14:16:22.421688+00:00,876368ab1629fc052a449e4ec277239a1d67750e45e4670817814d172c411886
codex,codex-self-rating,3,T10,V30,V30,30,91.0,round6-neutral-v1,1,2026-08-17T14:16:22.421688+00:00,876368ab1629fc052a449e4ec277239a1d67750e45e4670817814d172c411886
codex,codex-self-rating,3,T11,V01,V01,1,43.0,round6-neutral-v1,1,2026-08-17T14:16:22.421688+00:00,876368ab1629fc052a449e4ec277239a1d67750e45e4670817814d172c411886
codex,codex-self-rating,3,T11,V02,V02,2,90.0,round6-neutral-v1,1,2026-08-17T14:16:22.421688+00:00,876368ab1629fc052a449e4ec277239a1d67750e45e4670817814d172c411886
codex,codex-self-rating,3,T11,V03,V03,3,41.0,round6-neutral-v1,1,2026-08-17T14:16:22.421688+00:00,876368ab1629fc052a449e4ec277239a1d67750e45e4670817814d172c411886
codex,codex-self-rating,3,T11,V04,V04,4,67.0,round6-neutral-v1,1,2026-08-17T14:16:22.421688+00:00,876368ab1629fc052a449e4ec277239a1d67750e45e4670817814d172c411886
codex,codex-self-rating,3,T11,V05,V05,5,72.0,round6-neutral-v1,1,2026-08-17T14:16:22.421688+00:00,876368ab1629fc052a449e4ec277239a1d67750e45e4670817814d172c411886
codex,codex-self-rating,3,T11,V06,V06,6,54.0,round6-neutral-v1,1,2026-08-17T14:16:22.421688+00:00,876368ab1629fc052a449e4ec277239a1d67750e45e4670817814d172c411886
codex,codex-self-rating,3,T11,V07,V07,7,66.0,round6-neutral-v1,1,2026-08-17T14:16:22.421688+00:00,876368ab1629fc052a449e4ec277239a1d67750e45e4670817814d172c411886
codex,codex-self-rating,3,T11,V08,V08,8,56.0,round6-neutral-v1,1,2026-08-17T14:16:22.421688+00:00,876368ab1629fc052a449e4ec277239a1d67750e45e4670817814d172c411886
codex,codex-self-rating,3,T11,V09,V09,9,72.0,round6-neutral-v1,1,2026-08-17T14:16:22.421688+00:00,876368ab1629fc052a449e4ec277239a1d67750e45e4670817814d172c411886
codex,codex-self-rating,3,T11,V10,V10,10,56.0,round6-neutral-v1,1,2026-08-17T14:16:22.421688+00:00,876368ab1629fc052a449e4ec277239a1d67750e45e4670817814d172c411886
codex,codex-self-rating,3,T11,V11,V11,11,52.0,round6-neutral-v1,1,2026-08-17T14:16:22.421688+00:00,876368ab1629fc052a449e4ec277239a1d67750e45e4670817814d172c411886
codex,codex-self-rating,3,T11,V12,V12,12,54.0,round6-neutral-v1,1,2026-08-17T14:16:22.421688+00:00,876368ab1629fc052a449e4ec277239a1d67750e45e4670817814d172c411886
codex,codex-self-rating,3,T11,V13,V13,13,64.0,round6-neutral-v1,1,2026-08-17T14:16:22.421688+00:00,876368ab1629fc052a449e4ec277239a1d67750e45e4670817814d172c411886
codex,codex-self-rating,3,T11,V14,V14,14,64.0,round6-neutral-v1,1,2026-08-17T14:16:22.421688+00:00,876368ab1629fc052a449e4ec277239a1d67750e45e4670817814d172c411886
codex,codex-self-rating,3,T11,V15,V15,15,50.0,round6-neutral-v1,1,2026-08-17T14:16:22.421688+00:00,876368ab1629fc052a449e4ec277239a1d67750e45e4670817814d172c411886
codex,codex-self-rating,3,T11,V16,V16,16,43.0,round6-neutral-v1,1,2026-08-17T14:16:22.421688+00:00,876368ab1629fc052a449e4ec277239a1d67750e45e4670817814d172c411886
codex,codex-self-rating,3,T11,V17,V17,17,85.0,round6-neutral-v1,1,2026-08-17T14:16:22.421688+00:00,876368ab1629fc052a449e4ec277239a1d67750e45e4670817814d172c411886
codex,codex-self-rating,3,T11,V18,V18,18,43.0,round6-neutral-v1,1,2026-08-17T14:16:22.421688+00:00,876368ab1629fc052a449e4ec277239a1d67750e45e4670817814d172c411886
codex,codex-self-rating,3,T11,V19,V19,19,53.0,round6-neutral-v1,1,2026-08-17T14:16:22.421688+00:00,876368ab1629fc052a449e4ec277239a1d67750e45e4670817814d172c411886
codex,codex-self-rating,3,T11,V20,V20,20,50.0,round6-neutral-v1,1,2026-08-17T14:16:22.421688+00:00,876368ab1629fc052a449e4ec277239a1d67750e45e4670817814d172c411886
codex,codex-self-rating,3,T11,V21,V21,21,56.0,round6-neutral-v1,1,2026-08-17T14:16:22.421688+00:00,876368ab1629fc052a449e4ec277239a1d67750e45e4670817814d172c411886
codex,codex-self-rating,3,T11,V22,V22,22,72.0,round6-neutral-v1,1,2026-08-17T14:16:22.421688+00:00,876368ab1629fc052a449e4ec277239a1d67750e45e4670817814d172c411886
codex,codex-self-rating,3,T11,V23,V23,23,56.0,round6-neutral-v1,1,2026-08-17T14:16:22.421688+00:00,876368ab1629fc052a449e4ec277239a1d67750e45e4670817814d172c411886
codex,codex-self-rating,3,T11,V24,V24,24,52.0,round6-neutral-v1,1,2026-08-17T14:16:22.421688+00:00,876368ab1629fc052a449e4ec277239a1d67750e45e4670817814d172c411886
codex,codex-self-rating,3,T11,V25,V25,25,54.0,round6-neutral-v1,1,2026-08-17T14:16:22.421688+00:00,876368ab1629fc052a449e4ec277239a1d67750e45e4670817814d172c411886
codex,codex-self-rating,3,T11,V26,V26,26,53.0,round6-neutral-v1,1,2026-08-17T14:16:22.421688+00:00,876368ab1629fc052a449e4ec277239a1d67750e45e4670817814d172c411886
codex,codex-self-rating,3,T11,V27,V27,27,54.0,round6-neutral-v1,1,2026-08-17T14:16:22.421688+00:00,876368ab1629fc052a449e4ec277239a1d67750e45e4670817814d172c411886
codex,codex-self-rating,3,T11,V28,V28,28,86.0,round6-neutral-v1,1,2026-08-17T14:16:22.421688+00:00,876368ab1629fc052a449e4ec277239a1d67750e45e4670817814d172c411886
codex,codex-self-rating,3,T11,V29,V29,29,43.0,round6-neutral-v1,1,2026-08-17T14:16:22.421688+00:00,876368ab1629fc052a449e4ec277239a1d67750e45e4670817814d172c411886
codex,codex-self-rating,3,T11,V30,V30,30,41.0,round6-neutral-v1,1,2026-08-17T14:16:22.421688+00:00,876368ab1629fc052a449e4ec277239a1d67750e45e4670817814d172c411886
codex,codex-self-rating,3,T12,V01,V01,1,50.0,round6-neutral-v1,1,2026-08-17T14:16:22.421688+00:00,876368ab1629fc052a449e4ec277239a1d67750e45e4670817814d172c411886
codex,codex-self-rating,3,T12,V02,V02,2,86.0,round6-neutral-v1,1,2026-08-17T14:16:22.421688+00:00,876368ab1629fc052a449e4ec277239a1d67750e45e4670817814d172c411886
codex,codex-self-rating,3,T12,V03,V03,3,47.0,round6-neutral-v1,1,2026-08-17T14:16:22.421688+00:00,876368ab1629fc052a449e4ec277239a1d67750e45e4670817814d172c411886
codex,codex-self-rating,3,T12,V04,V04,4,72.0,round6-neutral-v1,1,2026-08-17T14:16:22.421688+00:00,876368ab1629fc052a449e4ec277239a1d67750e45e4670817814d172c411886
codex,codex-self-rating,3,T12,V05,V05,5,55.0,round6-neutral-v1,1,2026-08-17T14:16:22.421688+00:00,876368ab1629fc052a449e4ec277239a1d67750e45e4670817814d172c411886
codex,codex-self-rating,3,T12,V06,V06,6,56.0,round6-neutral-v1,1,2026-08-17T14:16:22.421688+00:00,876368ab1629fc052a449e4ec277239a1d67750e45e4670817814d172c411886
codex,codex-self-rating,3,T12,V07,V07,7,78.0,round6-neutral-v1,1,2026-08-17T14:16:22.421688+00:00,876368ab1629fc052a449e4ec277239a1d67750e45e4670817814d172c411886
codex,codex-self-rating,3,T12,V08,V08,8,60.0,round6-neutral-v1,1,2026-08-17T14:16:22.421688+00:00,876368ab1629fc052a449e4ec277239a1d67750e45e4670817814d172c411886
codex,codex-self-rating,3,T12,V09,V09,9,55.0,round6-neutral-v1,1,2026-08-17T14:16:22.421688+00:00,876368ab1629fc052a449e4ec277239a1d67750e45e4670817814d172c411886
codex,codex-self-rating,3,T12,V10,V10,10,60.0,round6-neutral-v1,1,2026-08-17T14:16:22.421688+00:00,876368ab1629fc052a449e4ec277239a1d67750e45e4670817814d172c411886
codex,codex-self-rating,3,T12,V11,V11,11,49.0,round6-neutral-v1,1,2026-08-17T14:16:22.421688+00:00,876368ab1629fc052a449e4ec277239a1d67750e45e4670817814d172c411886
codex,codex-self-rating,3,T12,V12,V12,12,57.0,round6-neutral-v1,1,2026-08-17T14:16:22.421688+00:00,876368ab1629fc052a449e4ec277239a1d67750e45e4670817814d172c411886
codex,codex-self-rating,3,T12,V13,V13,13,65.0,round6-neutral-v1,1,2026-08-17T14:16:22.421688+00:00,876368ab1629fc052a449e4ec277239a1d67750e45e4670817814d172c411886
codex,codex-self-rating,3,T12,V14,V14,14,65.0,round6-neutral-v1,1,2026-08-17T14:16:22.421688+00:00,876368ab1629fc052a449e4ec277239a1d67750e45e4670817814d172c411886
codex,codex-self-rating,3,T12,V15,V15,15,56.0,round6-neutral-v1,1,2026-08-17T14:16:22.421688+00:00,876368ab1629fc052a449e4ec277239a1d67750e45e4670817814d172c411886
codex,codex-self-rating,3,T12,V16,V16,16,50.0,round6-neutral-v1,1,2026-08-17T14:16:22.421688+00:00,876368ab1629fc052a449e4ec277239a1d67750e45e4670817814d172c411886
codex,codex-self-rating,3,T12,V17,V17,17,90.0,round6-neutral-v1,1,2026-08-17T14:16:22.421688+00:00,876368ab1629fc052a449e4ec277239a1d67750e45e4670817814d172c411886
codex,codex-self-rating,3,T12,V18,V18,18,53.0,round6-neutral-v1,1,2026-08-17T14:16:22.421688+00:00,876368ab1629fc052a449e4ec277239a1d67750e45e4670817814d172c411886
codex,codex-self-rating,3,T12,V19,V19,19,50.0,round6-neutral-v1,1,2026-08-17T14:16:22.421688+00:00,876368ab1629fc052a449e4ec277239a1d67750e45e4670817814d172c411886
codex,codex-self-rating,3,T12,V20,V20,20,56.0,round6-neutral-v1,1,2026-08-17T14:16:22.421688+00:00,876368ab1629fc052a449e4ec277239a1d67750e45e4670817814d172c411886
codex,codex-self-rating,3,T12,V21,V21,21,60.0,round6-neutral-v1,1,2026-08-17T14:16:22.421688+00:00,876368ab1629fc052a449e4ec277239a1d67750e45e4670817814d172c411886
codex,codex-self-rating,3,T12,V22,V22,22,88.0,round6-neutral-v1,1,2026-08-17T14:16:22.421688+00:00,876368ab1629fc052a449e4ec277239a1d67750e45e4670817814d172c411886
codex,codex-self-rating,3,T12,V23,V23,23,60.0,round6-neutral-v1,1,2026-08-17T14:16:22.421688+00:00,876368ab1629fc052a449e4ec277239a1d67750e45e4670817814d172c411886
codex,codex-self-rating,3,T12,V24,V24,24,49.0,round6-neutral-v1,1,2026-08-17T14:16:22.421688+00:00,876368ab1629fc052a449e4ec277239a1d67750e45e4670817814d172c411886
codex,codex-self-rating,3,T12,V25,V25,25,56.0,round6-neutral-v1,1,2026-08-17T14:16:22.421688+00:00,876368ab1629fc052a449e4ec277239a1d67750e45e4670817814d172c411886
codex,codex-self-rating,3,T12,V26,V26,26,51.0,round6-neutral-v1,1,2026-08-17T14:16:22.421688+00:00,876368ab1629fc052a449e4ec277239a1d67750e45e4670817814d172c411886
codex,codex-self-rating,3,T12,V27,V27,27,57.0,round6-neutral-v1,1,2026-08-17T14:16:22.421688+00:00,876368ab1629fc052a449e4ec277239a1d67750e45e4670817814d172c411886
codex,codex-self-rating,3,T12,V28,V28,28,96.0,round6-neutral-v1,1,2026-08-17T14:16:22.421688+00:00,876368ab1629fc052a449e4ec277239a1d67750e45e4670817814d172c411886
codex,codex-self-rating,3,T12,V29,V29,29,53.0,round6-neutral-v1,1,2026-08-17T14:16:22.421688+00:00,876368ab1629fc052a449e4ec277239a1d67750e45e4670817814d172c411886
codex,codex-self-rating,3,T12,V30,V30,30,47.0,round6-neutral-v1,1,2026-08-17T14:16:22.421688+00:00,876368ab1629fc052a449e4ec277239a1d67750e45e4670817814d172c411886
