hp_response_id,frame_id,PROLIFIC_PID,treatment,Market,allocation,hp,category_num,category,fitted_probability_N,fitted_probability_M,fitted_probability_S,fitted_probability_C
HP0001,63ecfe7a1e5faf247a255ac2|kw|0,63ecfe7a1e5faf247a255ac2,kw,0,6.0,4,1,Moral,0.22706200840793078,0.6737172189443169,0.04796413598603306,0.05125663666171926
HP0002,66421a683ec1aada2f687975|lt|0,66421a683ec1aada2f687975,lt,0,4.0,4,0,No clear justification,0.3154961432418863,0.2933656054130882,0.32443196369220856,0.06670628765281715
HP0003,676a584412b90586c1da74a0|lt|0,676a584412b90586c1da74a0,lt,0,8.0,4,1,Moral,0.21053089707039016,0.4606974304148187,0.2790446668766247,0.04972700563816659
HP0004,5d260d4255a29b0017698915|lt|0,5d260d4255a29b0017698915,lt,0,6.0,4,1,Moral,0.2896032477114199,0.49293196878262985,0.15533328785454345,0.06213149565140682
HP0005,613f1ef31c08d695c689a53a|kw|0,613f1ef31c08d695c689a53a,kw,0,6.0,4,1,Moral,0.21053089707039016,0.4606974304148187,0.2790446668766247,0.04972700563816659
HP0006,6658b54fc00cad4526a6d01f|lt|0,6658b54fc00cad4526a6d01f,lt,0,8.0,4,0,No clear justification,0.6269897120501802,0.1760166965538242,0.09427636263188557,0.10271722876411007
HP0007,57ea425e5b88f5000106bb9f|kw|0,57ea425e5b88f5000106bb9f,kw,0,12.0,4,1,Moral,0.17821896442188515,0.6569749647031636,0.12158862973322472,0.04321744114172668
HP0008,5cfebb94eafc4d001a62cbc9|lt|0,5cfebb94eafc4d001a62cbc9,lt,0,8.0,4,1,Moral,0.2896032477114199,0.49293196878262985,0.15533328785454345,0.06213149565140682
HP0009,61112fb91e6eb028aa1ba59b|lt|0,61112fb91e6eb028aa1ba59b,lt,0,10.0,4,1,Moral,0.3545483905333951,0.5099070150392688,0.06490307675004137,0.0706415176772946
HP0010,570570eb61ab6a0010d484d0|lt|0,570570eb61ab6a0010d484d0,lt,0,7.0,4,1,Moral,0.1782189644218849,0.6569749647031639,0.12158862973322467,0.043217441141726626
HP0011,6658bf916039705479385d08|lt|0,6658bf916039705479385d08,lt,0,4.0,4,1,Moral,0.21053089707039016,0.4606974304148187,0.2790446668766247,0.04972700563816659
HP0012,677880f787ed7d2cfb6f7345|kw|0,677880f787ed7d2cfb6f7345,kw,0,9.0,4,0,No clear justification,0.2896032477114199,0.49293196878262985,0.15533328785454345,0.06213149565140682
HP0013,63bc87f783afb5aed2c937d2|lt|0,63bc87f783afb5aed2c937d2,lt,0,6.0,4,1,Moral,0.21053089707039016,0.4606974304148187,0.2790446668766247,0.04972700563816659
HP0014,6633a447cefc384785ec5e16|kw|0,6633a447cefc384785ec5e16,kw,0,6.0,4,1,Moral,0.21053089707039016,0.4606974304148187,0.2790446668766247,0.04972700563816659
HP0015,5a2c51740a1e6b00016952c8|kw|0,5a2c51740a1e6b00016952c8,kw,0,12.0,4,1,Moral,0.21053089707039016,0.4606974304148187,0.2790446668766247,0.04972700563816659
HP0016,5dfa56fddc265f7ac3bee209|kw|0,5dfa56fddc265f7ac3bee209,kw,0,7.0,4,1,Moral,0.21053089707039016,0.4606974304148187,0.2790446668766247,0.04972700563816659
HP0017,60f2a2b4932fed5326988e0f|kw|0,60f2a2b4932fed5326988e0f,kw,0,6.0,4,0,No clear justification,0.6269897120501802,0.1760166965538242,0.09427636263188557,0.10271722876411007
HP0018,5a8351038fe2dc000105efb4|lt|0,5a8351038fe2dc000105efb4,lt,0,4.0,4,1,Moral,0.1237850609358009,0.8131065313219651,0.031151559604184552,0.03195684813804926
HP0019,67709d0088d93adec607305e|kw|0,67709d0088d93adec607305e,kw,0,6.0,4,1,Moral,0.17821896442188515,0.6569749647031636,0.12158862973322472,0.04321744114172668
HP0020,5b1ac052ea64a000017c389e|kw|0,5b1ac052ea64a000017c389e,kw,0,6.0,4,1,Moral,0.21053089707039016,0.4606974304148187,0.2790446668766247,0.04972700563816659
HP0021,67abb13cc30b930b97db75e7|kw|0,67abb13cc30b930b97db75e7,kw,0,11.0,4,1,Moral,0.21053089707039016,0.4606974304148187,0.2790446668766247,0.04972700563816659
HP0022,6287a355e0dbfe43e55850b7|kw|0,6287a355e0dbfe43e55850b7,kw,0,6.0,4,0,No clear justification,0.4942126599061985,0.3366337176340137,0.08081885289596451,0.08833476956382329
HP0023,5b6e9435885b0b0001bb034b|kw|0,5b6e9435885b0b0001bb034b,kw,0,9.5,4,1,Moral,0.17821896442188515,0.6569749647031636,0.12158862973322472,0.04321744114172668
HP0024,5e63e793e50a6316a75213c4|lt|0,5e63e793e50a6316a75213c4,lt,0,8.0,4,1,Moral,0.2896032477114199,0.49293196878262985,0.15533328785454345,0.06213149565140682
HP0025,661ed0d24e9ed72f176f2dd3|kw|0,661ed0d24e9ed72f176f2dd3,kw,0,7.0,4,1,Moral,0.22706200840793078,0.6737172189443169,0.04796413598603306,0.05125663666171926
HP0026,656b7ab2b685a43aae816c5e|lt|0,656b7ab2b685a43aae816c5e,lt,0,6.0,4,0,No clear justification,0.4942126599061985,0.3366337176340137,0.08081885289596451,0.08833476956382329
HP0027,571fdcb14b8ecc0013c24fcb|kw|0,571fdcb14b8ecc0013c24fcb,kw,0,6.0,4,1,Moral,0.1237850609358009,0.8131065313219651,0.031151559604184552,0.03195684813804926
HP0028,561bbdf9811d22000df3138a|kw|0,561bbdf9811d22000df3138a,kw,0,6.0,4,1,Moral,0.21053089707039016,0.4606974304148187,0.2790446668766247,0.04972700563816659
HP0029,63eba3f11d699385d1d4075d|kw|0,63eba3f11d699385d1d4075d,kw,0,10.0,4,3,Self-interest,0.178218964421885,0.6569749647031637,0.12158862973322467,0.04321744114172665
HP0030,664b8bef90cdb799d4c4c35d|lt|0,664b8bef90cdb799d4c4c35d,lt,0,7.0,4,1,Moral,0.1782189644218849,0.6569749647031639,0.12158862973322467,0.043217441141726626
HP0031,63ea4301f63c1d26f0ff83e9|lt|0,63ea4301f63c1d26f0ff83e9,lt,0,4.0,4,1,Moral,0.1782189644218849,0.6569749647031639,0.12158862973322467,0.043217441141726626
HP0032,6630e75a1f3d3083c3fd00fc|kw|0,6630e75a1f3d3083c3fd00fc,kw,0,6.0,4,1,Moral,0.3545483905333951,0.5099070150392688,0.06490307675004137,0.0706415176772946
HP0033,5589ce75fdf99b18be3203d2|lt|0,5589ce75fdf99b18be3203d2,lt,0,6.0,4,1,Moral,0.17821896442188515,0.6569749647031636,0.12158862973322472,0.04321744114172668
HP0034,5f57c697f9f7d02d07909dbb|kw|0,5f57c697f9f7d02d07909dbb,kw,0,6.0,4,1,Moral,0.1237850609358009,0.8131065313219651,0.031151559604184552,0.03195684813804926
HP0035,5ff5f6c52171e10f72d3610c|lt|0,5ff5f6c52171e10f72d3610c,lt,0,6.0,4,1,Moral,0.21053089707039016,0.4606974304148187,0.2790446668766247,0.04972700563816659
HP0036,6785704c3b1ab8813a4958b0|kw|0,6785704c3b1ab8813a4958b0,kw,0,8.0,4,1,Moral,0.3545483905333951,0.5099070150392688,0.06490307675004137,0.0706415176772946
HP0037,6294ea804cdf1298eefa87ac|lt|0,6294ea804cdf1298eefa87ac,lt,0,12.0,4,3,Self-interest,0.3344280201350414,0.128474613405516,0.3332856293611102,0.20381173709833234
HP0038,5efbe3c91cb67519d2f20b7b|lt|0,5efbe3c91cb67519d2f20b7b,lt,0,6.0,4,1,Moral,0.21053089707039016,0.4606974304148187,0.2790446668766247,0.04972700563816659
HP0039,677495e069e5abd571445a65|kw|0,677495e069e5abd571445a65,kw,0,6.0,4,0,No clear justification,0.4144358618737673,0.3205303787295426,0.18540049528189295,0.0796332641147972
HP0040,63c15473935ae0d7279b094f|kw|0,63c15473935ae0d7279b094f,kw,0,8.5,4,1,Moral,0.17821896442188515,0.6569749647031636,0.12158862973322472,0.04321744114172668
HP0041,65abe8df479fdc244d1643b2|kw|0,65abe8df479fdc244d1643b2,kw,0,6.0,4,1,Moral,0.22706200840793134,0.673717218944316,0.047964135986033295,0.05125663666171937
HP0042,5ac6e74f9534ba0001c756d5|lt|0,5ac6e74f9534ba0001c756d5,lt,0,6.0,4,0,No clear justification,0.2896032477114199,0.49293196878262985,0.15533328785454345,0.06213149565140682
HP0043,5c3f2e175fe5c60001ffc302|lt|0,5c3f2e175fe5c60001ffc302,lt,0,7.0,4,1,Moral,0.21053089707039016,0.4606974304148187,0.2790446668766247,0.04972700563816659
HP0044,5c83394a3e93bf0001e143d6|kw|0,5c83394a3e93bf0001e143d6,kw,0,12.0,4,1,Moral,0.1782189644218849,0.6569749647031639,0.12158862973322467,0.043217441141726626
HP0045,5855b0d59fcc070001dfe2a7|lt|0,5855b0d59fcc070001dfe2a7,lt,0,6.0,4,1,Moral,0.3545483905333951,0.5099070150392688,0.06490307675004137,0.0706415176772946
HP0046,5fff542aeed8c2065133114e|kw|0,5fff542aeed8c2065133114e,kw,0,10.0,4,3,Self-interest,0.21053089707039044,0.4606974304148191,0.27904466687662394,0.04972700563816661
HP0047,605a943f4994cf6834e4e8c6|lt|0,605a943f4994cf6834e4e8c6,lt,0,6.0,4,1,Moral,0.1782189644218849,0.6569749647031639,0.12158862973322467,0.043217441141726626
HP0048,5b25b16e34ffd00001b43e24|kw|0,5b25b16e34ffd00001b43e24,kw,0,10.0,4,1,Moral,0.21053089707039016,0.4606974304148187,0.2790446668766247,0.04972700563816659
HP0049,671fb7534780312b6355a4c1|kw|0,671fb7534780312b6355a4c1,kw,0,6.0,4,0,No clear justification,0.22706200840793134,0.673717218944316,0.047964135986033295,0.05125663666171937
HP0050,60ddc62b071a009e0b0c2922|lt|0,60ddc62b071a009e0b0c2922,lt,0,6.0,4,1,Moral,0.21053089707039016,0.4606974304148187,0.2790446668766247,0.04972700563816659
HP0051,5e87c385d43d19456f757328|kw|0,5e87c385d43d19456f757328,kw,0,12.0,4,1,Moral,0.17821896442188515,0.6569749647031636,0.12158862973322472,0.04321744114172668
HP0052,5bd4c1d09afb5b00015c5bdd|lt|0,5bd4c1d09afb5b00015c5bdd,lt,0,6.0,4,1,Moral,0.1237850609358009,0.8131065313219651,0.031151559604184552,0.03195684813804926
HP0053,6723fefd7a09fe9da8f9bd10|kw|0,6723fefd7a09fe9da8f9bd10,kw,0,6.0,4,3,Self-interest,0.178218964421885,0.6569749647031637,0.12158862973322467,0.04321744114172665
HP0054,67ec2dbc404fd41af3fd389a|lt|0,67ec2dbc404fd41af3fd389a,lt,0,8.0,4,1,Moral,0.22706200840793078,0.6737172189443169,0.04796413598603306,0.05125663666171926
HP0055,66cf21b57ed16b335a50bddf|kw|0,66cf21b57ed16b335a50bddf,kw,0,6.0,4,1,Moral,0.2896032477114199,0.49293196878262985,0.1553332878545436,0.06213149565140682
HP0056,66e1ee920e1ee1e658264d5b|lt|0,66e1ee920e1ee1e658264d5b,lt,0,6.0,4,1,Moral,0.2896032477114199,0.49293196878262985,0.15533328785454345,0.06213149565140682
HP0057,56abcb46f209e0000adab961|lt|0,56abcb46f209e0000adab961,lt,0,6.0,4,1,Moral,0.17821896442188515,0.6569749647031636,0.12158862973322472,0.04321744114172668
HP0058,5a86357bae9a0b0001a9f14e|kw|0,5a86357bae9a0b0001a9f14e,kw,0,6.5,4,1,Moral,0.1237850609358009,0.8131065313219651,0.031151559604184552,0.03195684813804926
HP0059,62865cb9d41a9e2aaf141c84|kw|0,62865cb9d41a9e2aaf141c84,kw,0,8.5,4,0,No clear justification,0.4942126599061985,0.3366337176340137,0.08081885289596451,0.08833476956382329
HP0060,6148bbcd519a30b146897026|lt|0,6148bbcd519a30b146897026,lt,0,6.0,4,1,Moral,0.1782189644218849,0.6569749647031639,0.12158862973322467,0.043217441141726626
HP0061,667abc1762de46b3164e4c07|kw|0,667abc1762de46b3164e4c07,kw,0,8.0,4,1,Moral,0.21053089707039016,0.4606974304148187,0.2790446668766247,0.04972700563816659
HP0062,57541379f5000a0006b06ab4|kw|0,57541379f5000a0006b06ab4,kw,0,6.0,4,0,No clear justification,0.3154961432418863,0.2933656054130882,0.32443196369220856,0.06670628765281715
HP0063,6115ddc1b0981cea63afacce|lt|0,6115ddc1b0981cea63afacce,lt,0,8.0,4,1,Moral,0.2896032477114199,0.49293196878262985,0.15533328785454345,0.06213149565140682
HP0064,62fcc87b89f17c39f2bf27f7|kw|0,62fcc87b89f17c39f2bf27f7,kw,0,6.0,4,1,Moral,0.3545483905333951,0.5099070150392688,0.06490307675004137,0.0706415176772946
HP0065,6101ca2b4ef4ff44381fe3cd|lt|0,6101ca2b4ef4ff44381fe3cd,lt,0,6.0,4,1,Moral,0.21053089707039016,0.4606974304148187,0.2790446668766247,0.04972700563816659
HP0066,644c34bee80856c9546c7312|kw|0,644c34bee80856c9546c7312,kw,0,6.0,4,1,Moral,0.3545483905333952,0.5099070150392689,0.0649030767500414,0.07064151767729464
HP0067,60aa73f653d961e8b31909b3|lt|0,60aa73f653d961e8b31909b3,lt,0,6.0,4,0,No clear justification,0.3545483905333952,0.5099070150392689,0.0649030767500414,0.07064151767729464
HP0068,5ecd41b94c2e85070cdafa60|lt|0,5ecd41b94c2e85070cdafa60,lt,0,8.0,4,1,Moral,0.21053089707039016,0.4606974304148187,0.2790446668766247,0.04972700563816659
HP0069,67670650760358754c284066|kw|0,67670650760358754c284066,kw,0,8.0,4,1,Moral,0.1237850609358009,0.8131065313219651,0.031151559604184552,0.03195684813804926
HP0070,67798247d6fc9e510470baef|lt|0,67798247d6fc9e510470baef,lt,0,6.0,4,1,Moral,0.22706200840793134,0.673717218944316,0.047964135986033295,0.05125663666171937
HP0071,5eddaa6d115bb4ac7e59f153|kw|0,5eddaa6d115bb4ac7e59f153,kw,0,10.0,4,1,Moral,0.17821896442188515,0.6569749647031636,0.12158862973322472,0.04321744114172668
HP0072,63ea5b93d1c6d38e1f57dcfa|kw|0,63ea5b93d1c6d38e1f57dcfa,kw,0,6.0,4,1,Moral,0.17821896442188515,0.6569749647031636,0.12158862973322472,0.04321744114172668
HP0073,655f8d03e234484afb1c3d51|kw|0,655f8d03e234484afb1c3d51,kw,0,6.0,4,1,Moral,0.17821896442188515,0.6569749647031636,0.12158862973322472,0.04321744114172668
HP0074,6671c66b6e4bc111961291ae|lt|0,6671c66b6e4bc111961291ae,lt,0,7.0,4,1,Moral,0.1237850609358009,0.8131065313219651,0.031151559604184552,0.03195684813804926
HP0075,675d9cf5d9b26c34bbac262b|lt|0,675d9cf5d9b26c34bbac262b,lt,0,5.5,4,1,Moral,0.17821896442188515,0.6569749647031636,0.12158862973322472,0.04321744114172668
HP0076,5f970ff3eff5040736b63117|kw|0,5f970ff3eff5040736b63117,kw,0,12.0,4,3,Self-interest,0.3154961432418863,0.2933656054130882,0.32443196369220856,0.06670628765281715
HP0077,678fba732e3c7c2620e94db9|lt|0,678fba732e3c7c2620e94db9,lt,0,6.0,4,0,No clear justification,0.4144358618737673,0.32053037872954254,0.185400495281893,0.0796332641147972
HP0078,66587fc76ffbd0dff98853c6|lt|0,66587fc76ffbd0dff98853c6,lt,0,0.0,4,1,Moral,0.41443586187376713,0.32053037872954265,0.18540049528189295,0.07963326411479715
HP0079,6719761fc33e7e0d88199445|kw|0,6719761fc33e7e0d88199445,kw,0,9.0,4,1,Moral,0.17821896442188515,0.6569749647031636,0.12158862973322472,0.04321744114172668
HP0080,662fa48c0b5e59f9bd5322cc|kw|0,662fa48c0b5e59f9bd5322cc,kw,0,6.0,4,1,Moral,0.21053089707039016,0.4606974304148187,0.2790446668766247,0.04972700563816659
HP0081,5dbf3be9aab19f3e2dab2f4d|lt|0,5dbf3be9aab19f3e2dab2f4d,lt,0,6.0,4,0,No clear justification,0.4144358618737673,0.3205303787295426,0.18540049528189295,0.0796332641147972
HP0082,5ee55d2d0eccfc2a733ad0db|lt|0,5ee55d2d0eccfc2a733ad0db,lt,0,6.0,4,1,Moral,0.21053089707039016,0.4606974304148187,0.2790446668766247,0.04972700563816659
HP0083,5bce2c5253de59000184642a|kw|0,5bce2c5253de59000184642a,kw,0,6.0,4,1,Moral,0.17821896442188515,0.6569749647031636,0.12158862973322472,0.04321744114172668
HP0084,6662ad148ef5e11fdf2dd894|lt|0,6662ad148ef5e11fdf2dd894,lt,0,6.0,4,1,Moral,0.21053089707039016,0.4606974304148187,0.2790446668766247,0.04972700563816659
HP0085,5bb3e443951bd40001f1e0fd|kw|0,5bb3e443951bd40001f1e0fd,kw,0,10.0,4,1,Moral,0.22706200840793078,0.6737172189443169,0.04796413598603306,0.05125663666171926
HP0086,6735456e8034ea7e61eac785|lt|0,6735456e8034ea7e61eac785,lt,0,6.0,4,0,No clear justification,0.4356158609361701,0.14747091953341515,0.19139677583359305,0.22551644369682172
HP0087,6681e05e37692ab271e02312|lt|0,6681e05e37692ab271e02312,lt,0,7.0,4,1,Moral,0.41443586187376713,0.32053037872954265,0.18540049528189295,0.07963326411479715
HP0088,610acbfd3ae11a1b16a1c3ee|lt|0,610acbfd3ae11a1b16a1c3ee,lt,0,6.0,4,0,No clear justification,0.4144358618737673,0.3205303787295426,0.18540049528189295,0.0796332641147972
HP0089,5eaeeae9cde8075d1f14c369|lt|0,5eaeeae9cde8075d1f14c369,lt,0,6.0,4,1,Moral,0.1782189644218849,0.6569749647031639,0.12158862973322467,0.043217441141726626
HP0090,62e98b16791977c7b8e645b2|kw|0,62e98b16791977c7b8e645b2,kw,0,6.0,4,0,No clear justification,0.6269897120501802,0.1760166965538242,0.09427636263188557,0.10271722876411007
HP0091,6621a2f38453311275d17d65|kw|0,6621a2f38453311275d17d65,kw,0,6.0,4,1,Moral,0.1237850609358009,0.8131065313219651,0.031151559604184552,0.03195684813804926
HP0092,578bb26f6cc44500010448c8|lt|0,578bb26f6cc44500010448c8,lt,0,6.0,4,1,Moral,0.21053089707039044,0.4606974304148191,0.27904466687662394,0.04972700563816661
HP0093,66bd25fdae3afa8b2a215da6|kw|0,66bd25fdae3afa8b2a215da6,kw,0,6.0,4,0,No clear justification,0.4942126599061985,0.3366337176340137,0.08081885289596451,0.08833476956382329
HP0094,672d2977ae54935ef84a2b74|kw|0,672d2977ae54935ef84a2b74,kw,0,6.0,4,0,No clear justification,0.2896032477114199,0.49293196878262985,0.15533328785454345,0.06213149565140682
HP0095,60299d096ab1b93a43d650a7|kw|0,60299d096ab1b93a43d650a7,kw,0,6.0,4,1,Moral,0.17821896442188515,0.6569749647031636,0.12158862973322472,0.04321744114172668
HP0096,596214729955ee00015bce36|lt|0,596214729955ee00015bce36,lt,0,6.0,4,1,Moral,0.17821896442188515,0.6569749647031636,0.12158862973322472,0.04321744114172668
HP0097,5eac3597d327962548ce2cd3|kw|0,5eac3597d327962548ce2cd3,kw,0,12.0,4,1,Moral,0.17821896442188515,0.6569749647031636,0.12158862973322472,0.04321744114172668
HP0098,5f68fe45f544c70bb0f525e6|lt|0,5f68fe45f544c70bb0f525e6,lt,0,6.0,4,1,Moral,0.17821896442188515,0.6569749647031636,0.12158862973322472,0.04321744114172668
HP0099,66f0a4b44573af0b7f3ecb3d|lt|0,66f0a4b44573af0b7f3ecb3d,lt,0,6.0,4,1,Moral,0.17821896442188515,0.6569749647031636,0.12158862973322472,0.04321744114172668
HP0100,66535915cbec1d69819d3933|lt|0,66535915cbec1d69819d3933,lt,0,6.0,4,1,Moral,0.21053089707039016,0.4606974304148187,0.2790446668766247,0.04972700563816659
HP0101,652d345392daf75ed7f323a6|kw|0,652d345392daf75ed7f323a6,kw,0,12.0,4,3,Self-interest,0.3339529507097078,0.29699779754433986,0.168154099901669,0.2008951518442833
HP0102,666344916bdba2e2c980dcd0|lt|0,666344916bdba2e2c980dcd0,lt,0,6.0,4,1,Moral,0.3154961432418863,0.2933656054130882,0.32443196369220856,0.06670628765281715
HP0103,5c6c917e5902c9000164116c|kw|0,5c6c917e5902c9000164116c,kw,0,12.0,4,1,Moral,0.17821896442188515,0.6569749647031636,0.12158862973322472,0.04321744114172668
HP0104,66786fd4594ab649c244de43|kw|0,66786fd4594ab649c244de43,kw,0,6.0,4,1,Moral,0.22706200840793078,0.6737172189443169,0.04796413598603306,0.05125663666171926
HP0105,606494cd5aa6eec759e99983|kw|0,606494cd5aa6eec759e99983,kw,0,12.0,4,1,Moral,0.17821896442188515,0.6569749647031636,0.12158862973322472,0.04321744114172668
HP0106,6419cfe35db47397bee1b0e1|lt|0,6419cfe35db47397bee1b0e1,lt,0,6.0,4,1,Moral,0.17821896442188515,0.6569749647031636,0.12158862973322472,0.04321744114172668
HP0107,6431c58ce5be91cd5c2c5d8f|lt|0,6431c58ce5be91cd5c2c5d8f,lt,0,6.0,4,0,No clear justification,0.4144358618737673,0.32053037872954254,0.185400495281893,0.0796332641147972
HP0108,611e7207aaf352cb4c807e78|kw|0,611e7207aaf352cb4c807e78,kw,0,11.5,4,0,No clear justification,0.3154961432418863,0.2933656054130882,0.32443196369220856,0.06670628765281715
HP0109,66baeb26193b68793e6575f2|lt|0,66baeb26193b68793e6575f2,lt,0,6.0,4,1,Moral,0.21053089707039016,0.4606974304148187,0.2790446668766247,0.04972700563816659
HP0110,5e70bf61017e070009a8a738|kw|0,5e70bf61017e070009a8a738,kw,0,6.0,4,1,Moral,0.2896032477114199,0.49293196878262985,0.15533328785454345,0.06213149565140682
HP0111,5ea29c5cad06661b01230684|lt|0,5ea29c5cad06661b01230684,lt,0,4.0,4,3,Self-interest,0.2922377078932648,0.11855541659880488,0.526007470880767,0.0631994046271632
HP0112,60a56378aa5f55ddac516adc|lt|0,60a56378aa5f55ddac516adc,lt,0,6.0,4,0,No clear justification,0.2896032477114199,0.49293196878262985,0.15533328785454345,0.06213149565140682
HP0113,5e580bcf4782bd01723249e2|lt|0,5e580bcf4782bd01723249e2,lt,0,12.0,4,1,Moral,0.2896032477114199,0.49293196878262985,0.1553332878545436,0.06213149565140682
HP0114,676c67883fa1ba4ea4eb05a7|kw|0,676c67883fa1ba4ea4eb05a7,kw,0,12.0,4,1,Moral,0.17821896442188515,0.6569749647031636,0.12158862973322472,0.04321744114172668
HP0115,558965bffdf99b74158d77dd|lt|0,558965bffdf99b74158d77dd,lt,0,8.0,4,1,Moral,0.2896032477114199,0.49293196878262985,0.1553332878545436,0.06213149565140682
HP0116,6000cfb6be1cd0204ed257c7|lt|0,6000cfb6be1cd0204ed257c7,lt,0,10.0,4,0,No clear justification,0.5333839043039695,0.16337465739306584,0.20949721966058663,0.093744218642378
HP0117,5f5ce7f940a2614f6cb6e747|kw|0,5f5ce7f940a2614f6cb6e747,kw,0,12.0,4,2,Mutual Benefit / Cooperation,0.3339529507097078,0.2969977975443399,0.16815409990166905,0.20089515184428322
HP0118,6155e95c0808b015514b34e0|lt|0,6155e95c0808b015514b34e0,lt,0,6.0,4,0,No clear justification,0.41659900686496226,0.14418069964561311,0.3588126530085171,0.0804076404809074
HP0119,5c4e68d8bcc3dc00015501fb|kw|0,5c4e68d8bcc3dc00015501fb,kw,0,6.0,4,0,No clear justification,0.2896032477114199,0.49293196878262985,0.15533328785454345,0.06213149565140682
HP0120,59f38493da08940001d4e599|lt|0,59f38493da08940001d4e599,lt,0,6.0,4,1,Moral,0.17821896442188515,0.6569749647031636,0.12158862973322472,0.04321744114172668
HP0121,63d5438c43c3c41d0ffd96c0|lt|0,63d5438c43c3c41d0ffd96c0,lt,0,12.0,4,0,No clear justification,0.5175901320714036,0.16003328708235368,0.08387543312944978,0.2385011477167931
HP0122,5de92feac16a6b000e8add98|lt|0,5de92feac16a6b000e8add98,lt,0,6.0,4,3,Self-interest,0.3154961432418863,0.2933656054130882,0.32443196369220856,0.06670628765281715
HP0123,5d6807f9778de5001a120d9a|lt|0,5d6807f9778de5001a120d9a,lt,0,12.0,4,0,No clear justification,0.41659900686496226,0.14418069964561311,0.3588126530085171,0.0804076404809074
HP0124,5ea7f2a576434f0008303441|lt|0,5ea7f2a576434f0008303441,lt,0,12.0,4,1,Moral,0.41443586187376713,0.32053037872954265,0.18540049528189295,0.07963326411479715
HP0125,59d44f0a078dbe00019511a9|lt|0,59d44f0a078dbe00019511a9,lt,0,12.0,4,1,Moral,0.21053089707039016,0.4606974304148187,0.2790446668766247,0.04972700563816659
HP0126,5d6ebbf926b44400175f445a|kw|0,5d6ebbf926b44400175f445a,kw,0,6.0,4,0,No clear justification,0.4942126599061985,0.3366337176340137,0.08081885289596451,0.08833476956382329
HP0127,6701f65ca63a3fae9d2e820e|lt|0,6701f65ca63a3fae9d2e820e,lt,0,10.5,4,0,No clear justification,0.3545483905333951,0.5099070150392688,0.06490307675004137,0.0706415176772946
HP0128,657b0ede27d064a99e80f7f2|lt|0,657b0ede27d064a99e80f7f2,lt,0,8.0,4,1,Moral,0.17821896442188515,0.6569749647031636,0.12158862973322472,0.04321744114172668
HP0129,629e11c0d89e0c18f21e687a|kw|0,629e11c0d89e0c18f21e687a,kw,0,12.0,4,1,Moral,0.21053089707039016,0.4606974304148187,0.2790446668766247,0.04972700563816659
HP0130,5e42c26bcea1861491e28258|lt|0,5e42c26bcea1861491e28258,lt,0,8.0,4,1,Moral,0.2896032477114199,0.49293196878262985,0.1553332878545436,0.06213149565140682
HP0131,63cfefc43323e05d2a6f554b|lt|0,63cfefc43323e05d2a6f554b,lt,0,4.0,4,1,Moral,0.2896032477114199,0.49293196878262985,0.1553332878545436,0.06213149565140682
HP0132,6539445c1ace74e4d496f8e0|lt|0,6539445c1ace74e4d496f8e0,lt,0,8.0,4,0,No clear justification,0.3545483905333952,0.5099070150392689,0.0649030767500414,0.07064151767729464
HP0133,669a88248079035630cd7587|lt|0,669a88248079035630cd7587,lt,0,6.0,4,1,Moral,0.21053089707039016,0.4606974304148187,0.2790446668766247,0.04972700563816659
HP0134,643b6eed100835cd04b81bd5|lt|0,643b6eed100835cd04b81bd5,lt,0,6.0,4,0,No clear justification,0.4144358618737673,0.32053037872954254,0.185400495281893,0.0796332641147972
HP0135,604e839302a74c2f2990f713|kw|0,604e839302a74c2f2990f713,kw,0,6.0,4,0,No clear justification,0.2896032477114199,0.49293196878262985,0.15533328785454345,0.06213149565140682
HP0136,66e34d0934e6711bedcc6e1f|lt|0,66e34d0934e6711bedcc6e1f,lt,0,6.0,4,1,Moral,0.21053089707039016,0.4606974304148187,0.2790446668766247,0.04972700563816659
HP0137,6288200662bdd110ddecad7a|lt|0,6288200662bdd110ddecad7a,lt,0,12.0,4,0,No clear justification,0.6269897120501802,0.1760166965538242,0.09427636263188557,0.10271722876411007
HP0138,5bc913d99427200001dd47f5|lt|0,5bc913d99427200001dd47f5,lt,0,6.0,4,1,Moral,0.3154961432418863,0.2933656054130882,0.32443196369220856,0.06670628765281715
HP0139,6272c6f165b55d496f5fae1a|kw|0,6272c6f165b55d496f5fae1a,kw,0,6.0,4,1,Moral,0.17821896442188515,0.6569749647031636,0.12158862973322472,0.04321744114172668
HP0140,58daa58731506e0001448ccf|kw|0,58daa58731506e0001448ccf,kw,0,9.0,4,1,Moral,0.1237850609358009,0.8131065313219651,0.031151559604184552,0.03195684813804926
HP0141,5727d93522e522000e7a0a3c|kw|0,5727d93522e522000e7a0a3c,kw,0,8.0,4,1,Moral,0.17821896442188515,0.6569749647031636,0.12158862973322472,0.04321744114172668
HP0142,67aa4c3d54c8e17bcc8a7975|lt|0,67aa4c3d54c8e17bcc8a7975,lt,0,8.0,4,1,Moral,0.21053089707039016,0.4606974304148187,0.2790446668766247,0.04972700563816659
HP0143,6108353b27dad2165c694212|lt|0,6108353b27dad2165c694212,lt,0,6.0,4,1,Moral,0.21053089707039016,0.4606974304148187,0.2790446668766247,0.04972700563816659
HP0144,6605e2b8ed85746d2f6aed25|lt|0,6605e2b8ed85746d2f6aed25,lt,0,8.0,4,1,Moral,0.1237850609358009,0.8131065313219651,0.031151559604184552,0.03195684813804926
HP0145,641640ace28d2bb30c45c595|kw|0,641640ace28d2bb30c45c595,kw,0,6.0,4,1,Moral,0.17821896442188515,0.6569749647031636,0.12158862973322472,0.04321744114172668
HP0146,55d7805c69dbc30012b67f32|lt|0,55d7805c69dbc30012b67f32,lt,0,6.0,4,1,Moral,0.17821896442188515,0.6569749647031636,0.12158862973322472,0.04321744114172668
HP0147,5ea166af93435d0008a8a341|kw|0,5ea166af93435d0008a8a341,kw,0,8.0,4,1,Moral,0.17821896442188506,0.6569749647031634,0.12158862973322467,0.04321744114172665
HP0148,5d61547443c13200193ccb12|lt|0,5d61547443c13200193ccb12,lt,0,8.0,4,1,Moral,0.21053089707039016,0.4606974304148187,0.2790446668766247,0.04972700563816659
HP0149,596de39c9fd5ee0001b704c3|kw|0,596de39c9fd5ee0001b704c3,kw,0,6.0,4,1,Moral,0.17696619279899617,0.6386753705475876,0.04056629668802584,0.14379213996539028
HP0150,5fb3d71c3144730009fe4a7b|lt|0,5fb3d71c3144730009fe4a7b,lt,0,6.0,4,1,Moral,0.21053089707039016,0.4606974304148187,0.2790446668766247,0.04972700563816659
HP0151,5e7a0da5c8327f0406f24b9a|kw|0,5e7a0da5c8327f0406f24b9a,kw,0,12.0,4,1,Moral,0.17821896442188515,0.6569749647031636,0.12158862973322472,0.04321744114172668
HP0152,65dfd1cdf84b3237168a720b|kw|0,65dfd1cdf84b3237168a720b,kw,0,12.0,4,1,Moral,0.17821896442188515,0.6569749647031636,0.12158862973322472,0.04321744114172668
HP0153,6392360efb6e254ffd31e722|kw|0,6392360efb6e254ffd31e722,kw,0,12.0,4,1,Moral,0.3545483905333951,0.5099070150392688,0.06490307675004137,0.0706415176772946
HP0154,5e90b34a9e934e3ccc7330ba|lt|0,5e90b34a9e934e3ccc7330ba,lt,0,6.0,4,1,Moral,0.21053089707039016,0.4606974304148187,0.2790446668766247,0.04972700563816659
HP0155,57d0a0bee3221e00015fe385|kw|0,57d0a0bee3221e00015fe385,kw,0,12.0,4,1,Moral,0.1237850609358009,0.8131065313219651,0.031151559604184552,0.03195684813804926
HP0156,5d59d45948766d0018949d58|kw|0,5d59d45948766d0018949d58,kw,0,12.0,4,1,Moral,0.22932499440471193,0.46292294542988777,0.13946186429595867,0.16829019586944155
HP0157,659615bbb34696ca92b045c6|lt|0,659615bbb34696ca92b045c6,lt,0,7.0,4,1,Moral,0.3154961432418863,0.2933656054130882,0.32443196369220856,0.06670628765281715
HP0158,57aa96584cda6e0001842142|kw|0,57aa96584cda6e0001842142,kw,0,6.0,4,1,Moral,0.17821896442188515,0.6569749647031636,0.12158862973322472,0.04321744114172668
HP0159,6640b22bdbc5620b17c3f375|kw|0,6640b22bdbc5620b17c3f375,kw,0,6.0,4,0,No clear justification,0.22706200840793134,0.673717218944316,0.047964135986033295,0.05125663666171937
HP0160,6640bdfe02e53e598b28c8a8|kw|0,6640bdfe02e53e598b28c8a8,kw,0,6.0,4,1,Moral,0.22706200840793078,0.6737172189443169,0.04796413598603306,0.05125663666171926
HP0161,5d548912e1c7130018e019dc|kw|0,5d548912e1c7130018e019dc,kw,0,7.0,4,1,Moral,0.17821896442188515,0.6569749647031636,0.12158862973322472,0.04321744114172668
HP0162,62681384fd4e3b590854ac76|lt|0,62681384fd4e3b590854ac76,lt,0,6.0,4,1,Moral,0.21053089707039016,0.4606974304148187,0.2790446668766247,0.04972700563816659
HP0163,5d53326a70729700015efb69|kw|0,5d53326a70729700015efb69,kw,0,8.0,4,1,Moral,0.3545483905333951,0.5099070150392688,0.06490307675004137,0.0706415176772946
HP0164,64337cc5c12109dc730de8c6|kw|0,64337cc5c12109dc730de8c6,kw,0,9.0,4,1,Moral,0.21053089707039016,0.4606974304148187,0.2790446668766247,0.04972700563816659
HP0165,647be991db1ffbd6bbcc5bc6|kw|0,647be991db1ffbd6bbcc5bc6,kw,0,6.0,4,1,Moral,0.22706200840793078,0.6737172189443169,0.04796413598603306,0.05125663666171926
HP0166,5d4699cbda9cb60015aa45f7|lt|0,5d4699cbda9cb60015aa45f7,lt,0,6.0,4,1,Moral,0.2896032477114199,0.49293196878262985,0.15533328785454345,0.06213149565140682
HP0167,63d546d88ccf3a038620bb8c|lt|0,63d546d88ccf3a038620bb8c,lt,0,8.0,4,1,Moral,0.22932499440471193,0.46292294542988777,0.13946186429595867,0.16829019586944155
HP0168,6758b26446c5556e1afcc4ca|lt|0,6758b26446c5556e1afcc4ca,lt,0,6.0,4,0,No clear justification,0.4942126599061985,0.3366337176340137,0.08081885289596451,0.08833476956382329
HP0169,679023f5b7572e2b6cb86bf7|kw|0,679023f5b7572e2b6cb86bf7,kw,0,8.0,4,1,Moral,0.17821896442188515,0.6569749647031636,0.12158862973322472,0.04321744114172668
HP0170,547272b4fdf99b44c5647418|kw|0,547272b4fdf99b44c5647418,kw,0,11.0,4,1,Moral,0.1237850609358009,0.8131065313219651,0.031151559604184552,0.03195684813804926
HP0171,5bd6b1636546650001036115|lt|0,5bd6b1636546650001036115,lt,0,12.0,4,1,Moral,0.22706200840793134,0.673717218944316,0.047964135986033295,0.05125663666171937
HP0172,665990d77206343f142e900b|kw|0,665990d77206343f142e900b,kw,0,6.0,4,1,Moral,0.22932499440471163,0.46292294542988804,0.13946186429595875,0.16829019586944155
HP0173,66cba302d70a26c630d75afc|kw|0,66cba302d70a26c630d75afc,kw,0,8.0,4,1,Moral,0.17821896442188515,0.6569749647031636,0.12158862973322472,0.04321744114172668
HP0174,5f5ba70b547cf6320759e068|lt|0,5f5ba70b547cf6320759e068,lt,0,6.0,4,1,Moral,0.21053089707039016,0.4606974304148187,0.2790446668766247,0.04972700563816659
HP0175,631b32b0796f2941b55e7d58|lt|0,631b32b0796f2941b55e7d58,lt,0,6.0,4,1,Moral,0.2896032477114199,0.49293196878262985,0.15533328785454345,0.06213149565140682
HP0176,67ace31300abf1fb686b8ce1|kw|0,67ace31300abf1fb686b8ce1,kw,0,6.0,4,1,Moral,0.22706200840793078,0.6737172189443169,0.04796413598603306,0.05125663666171926
HP0177,6486aa634b94f1dd568fd487|kw|0,6486aa634b94f1dd568fd487,kw,0,6.0,4,1,Moral,0.3545483905333951,0.5099070150392688,0.06490307675004137,0.0706415176772946
HP0178,6541138589de324968b6c99d|kw|0,6541138589de324968b6c99d,kw,0,6.0,4,3,Self-interest,0.21053089707039044,0.4606974304148191,0.27904466687662394,0.04972700563816661
HP0179,5975b75a2356570001085d0c|lt|0,5975b75a2356570001085d0c,lt,0,8.0,4,1,Moral,0.2896032477114199,0.49293196878262985,0.15533328785454345,0.06213149565140682
HP0180,676573c214fa1ff2ce7f1b11|kw|0,676573c214fa1ff2ce7f1b11,kw,0,5.5,4,0,No clear justification,0.4942126599061985,0.3366337176340137,0.08081885289596451,0.08833476956382329
HP0181,5ea48ae3461d1044f2d282cc|lt|0,5ea48ae3461d1044f2d282cc,lt,0,6.0,4,1,Moral,0.1237850609358009,0.8131065313219651,0.031151559604184552,0.03195684813804926
HP0182,68588c0e318290286d99fbac|lt|0,68588c0e318290286d99fbac,lt,0,6.0,4,0,No clear justification,0.6269897120501802,0.1760166965538242,0.09427636263188557,0.10271722876411007
HP0183,5919adda0329e90001578e5f|lt|0,5919adda0329e90001578e5f,lt,0,6.0,4,1,Moral,0.1782189644218849,0.6569749647031639,0.12158862973322467,0.043217441141726626
HP0184,5f8a08f7ada1650a0096396e|kw|0,5f8a08f7ada1650a0096396e,kw,0,7.0,4,1,Moral,0.3545483905333951,0.5099070150392688,0.06490307675004137,0.0706415176772946
HP0185,5bfd81fb2feab400014d9060|kw|0,5bfd81fb2feab400014d9060,kw,0,6.0,4,1,Moral,0.17821896442188515,0.6569749647031636,0.12158862973322472,0.04321744114172668
HP0186,63ea6344bf5cfafd40b0dce2|lt|0,63ea6344bf5cfafd40b0dce2,lt,0,6.0,4,1,Moral,0.1782189644218849,0.6569749647031639,0.12158862973322467,0.043217441141726626
HP0187,5e16bce18dffa0c6f76cda9b|lt|0,5e16bce18dffa0c6f76cda9b,lt,0,8.0,4,1,Moral,0.17821896442188515,0.6569749647031636,0.12158862973322472,0.04321744114172668
HP0188,63468a615fe324360bedf63e|kw|0,63468a615fe324360bedf63e,kw,0,12.0,4,0,No clear justification,0.2896032477114199,0.49293196878262985,0.15533328785454345,0.06213149565140682
HP0189,56aa90d5638440000c8b506f|kw|0,56aa90d5638440000c8b506f,kw,0,6.0,4,1,Moral,0.2896032477114199,0.49293196878262985,0.15533328785454345,0.06213149565140682
HP0190,6773d468b0b6f6aacb19640d|kw|0,6773d468b0b6f6aacb19640d,kw,0,10.0,4,3,Self-interest,0.2896032477114199,0.49293196878262985,0.15533328785454348,0.06213149565140682
HP0191,66df3be52e3a37738fecdf1a|lt|0,66df3be52e3a37738fecdf1a,lt,0,4.0,4,1,Moral,0.1782189644218849,0.6569749647031639,0.12158862973322467,0.043217441141726626
HP0192,66535c666b8b41bd15d36ce0|kw|0,66535c666b8b41bd15d36ce0,kw,0,6.0,4,1,Moral,0.22706200840793078,0.6737172189443169,0.04796413598603306,0.05125663666171926
HP0193,5d671936b5671a0017326ace|kw|0,5d671936b5671a0017326ace,kw,0,9.0,4,1,Moral,0.21053089707039016,0.4606974304148187,0.2790446668766247,0.04972700563816659
HP0194,65eddbd7c76a5d7285c0c416|kw|0,65eddbd7c76a5d7285c0c416,kw,0,8.0,4,1,Moral,0.1237850609358009,0.8131065313219651,0.031151559604184552,0.03195684813804926
HP0195,613b94b83b5cb4c72904f8b3|kw|0,613b94b83b5cb4c72904f8b3,kw,0,8.0,4,1,Moral,0.17821896442188515,0.6569749647031636,0.12158862973322472,0.04321744114172668
HP0196,64834ca600dfc800b8242f95|kw|0,64834ca600dfc800b8242f95,kw,0,6.0,4,1,Moral,0.21053089707039016,0.4606974304148187,0.2790446668766247,0.04972700563816659
HP0197,5f218810dbe587339609aee4|kw|0,5f218810dbe587339609aee4,kw,0,12.0,4,1,Moral,0.1237850609358009,0.8131065313219651,0.031151559604184552,0.03195684813804926
HP0198,66293dd4c51422edb482d223|kw|0,66293dd4c51422edb482d223,kw,0,6.0,4,1,Moral,0.1237850609358009,0.8131065313219651,0.031151559604184552,0.03195684813804926
HP0199,5a22d662d6fdbc00011c92ce|kw|0,5a22d662d6fdbc00011c92ce,kw,0,7.0,4,0,No clear justification,0.5333839043039695,0.16337465739306584,0.20949721966058663,0.093744218642378
HP0200,631123376033bb148edc0ebb|lt|0,631123376033bb148edc0ebb,lt,0,8.0,4,0,No clear justification,0.41443586187376713,0.32053037872954265,0.18540049528189295,0.07963326411479715
HP0201,66816b966ae4ada52898695c|kw|0,66816b966ae4ada52898695c,kw,0,12.0,4,1,Moral,0.1237850609358009,0.8131065313219651,0.031151559604184552,0.03195684813804926
HP0202,5e0629a51d46070022c94ac9|lt|0,5e0629a51d46070022c94ac9,lt,0,6.0,4,1,Moral,0.21053089707039016,0.4606974304148187,0.2790446668766247,0.04972700563816659
HP0203,5f2863bd78ff1f1085f77e19|lt|0,5f2863bd78ff1f1085f77e19,lt,0,6.0,4,1,Moral,0.21053089707039016,0.4606974304148187,0.2790446668766247,0.04972700563816659
HP0204,6306d39340264f76753706fd|kw|0,6306d39340264f76753706fd,kw,0,6.5,4,0,No clear justification,0.6269897120501802,0.1760166965538242,0.09427636263188557,0.10271722876411007
HP0205,5b15fd2b9663ee000146499e|kw|0,5b15fd2b9663ee000146499e,kw,0,6.0,4,1,Moral,0.22932499440471193,0.46292294542988777,0.13946186429595867,0.16829019586944155
HP0206,5e78e8c6593bf50831f704b8|kw|0,5e78e8c6593bf50831f704b8,kw,0,6.5,4,3,Self-interest,0.4144358618737672,0.32053037872954276,0.18540049528189287,0.0796332641147972
HP0207,6404f184dffe93798dca0f5f|kw|0,6404f184dffe93798dca0f5f,kw,0,6.0,4,0,No clear justification,0.2896032477114199,0.49293196878262985,0.15533328785454345,0.06213149565140682
HP0208,62976e7114308ee7c69d10ae|kw|0,62976e7114308ee7c69d10ae,kw,0,6.0,4,1,Moral,0.2896032477114199,0.49293196878262985,0.15533328785454345,0.06213149565140682
HP0209,63614f71fa75fcbcee84f2ac|lt|0,63614f71fa75fcbcee84f2ac,lt,0,6.0,4,1,Moral,0.17821896442188515,0.6569749647031636,0.12158862973322472,0.04321744114172668
HP0210,5ec738ce3c7fd317a72dcfe6|lt|0,5ec738ce3c7fd317a72dcfe6,lt,0,6.0,4,1,Moral,0.22706200840793134,0.673717218944316,0.047964135986033295,0.05125663666171937
HP0211,5d7874252f037f0016637125|lt|0,5d7874252f037f0016637125,lt,0,6.0,4,1,Moral,0.21053089707039016,0.4606974304148187,0.2790446668766247,0.04972700563816659
HP0212,646a2395c7c21c5772c607ab|lt|0,646a2395c7c21c5772c607ab,lt,0,6.0,4,1,Moral,0.2896032477114199,0.49293196878262985,0.15533328785454345,0.06213149565140682
HP0213,604bfe99dcaa286218d25fca|kw|0,604bfe99dcaa286218d25fca,kw,0,12.0,4,1,Moral,0.17821896442188515,0.6569749647031636,0.12158862973322472,0.04321744114172668
HP0214,6761f1f5e7c2056f98daca5e|lt|0,6761f1f5e7c2056f98daca5e,lt,0,8.0,4,1,Moral,0.21053089707039016,0.4606974304148187,0.2790446668766247,0.04972700563816659
HP0215,5cd801d431d19f0019425e2e|kw|0,5cd801d431d19f0019425e2e,kw,0,6.0,4,1,Moral,0.3545483905333951,0.5099070150392688,0.06490307675004137,0.0706415176772946
HP0216,67aca52029509c486774daa1|kw|0,67aca52029509c486774daa1,kw,0,6.0,4,1,Moral,0.22706200840793078,0.6737172189443169,0.04796413598603306,0.05125663666171926
HP0217,602d4d4c654dbd73fc278783|lt|0,602d4d4c654dbd73fc278783,lt,0,8.0,4,0,No clear justification,0.4144358618737673,0.3205303787295426,0.18540049528189295,0.0796332641147972
HP0218,691e33df8b5c61b54f6de0d5|lt|0,691e33df8b5c61b54f6de0d5,lt,0,6.0,4,1,Moral,0.21053089707039016,0.4606974304148187,0.2790446668766247,0.04972700563816659
HP0219,6613eaa8e44e25e801f85215|kw|0,6613eaa8e44e25e801f85215,kw,0,6.0,4,1,Moral,0.2896032477114199,0.49293196878262985,0.1553332878545436,0.06213149565140682
HP0220,664f99fe99ad74bdbb1adc35|lt|0,664f99fe99ad74bdbb1adc35,lt,0,4.0,4,1,Moral,0.17821896442188515,0.6569749647031636,0.12158862973322472,0.04321744114172668
HP0221,63792c65e92e706fdb44c08a|lt|0,63792c65e92e706fdb44c08a,lt,0,6.0,4,1,Moral,0.21053089707039016,0.4606974304148187,0.2790446668766247,0.04972700563816659
HP0222,66eada82e2a59d472d2dd086|kw|0,66eada82e2a59d472d2dd086,kw,0,6.0,4,1,Moral,0.17821896442188515,0.6569749647031636,0.12158862973322472,0.04321744114172668
HP0223,60e0687e08d77efdaa4e9aa8|lt|0,60e0687e08d77efdaa4e9aa8,lt,0,8.0,4,1,Moral,0.21053089707039016,0.4606974304148187,0.2790446668766247,0.04972700563816659
HP0224,65831ec7a0cb41561b8e43e9|lt|0,65831ec7a0cb41561b8e43e9,lt,0,7.0,4,1,Moral,0.21053089707039044,0.4606974304148191,0.27904466687662394,0.04972700563816661
HP0225,66455f0cb0bc36b3cbe62bd0|lt|0,66455f0cb0bc36b3cbe62bd0,lt,0,6.0,4,0,No clear justification,0.4144358618737673,0.3205303787295426,0.18540049528189295,0.0796332641147972
HP0226,565c931eba63db00051cd52d|lt|0,565c931eba63db00051cd52d,lt,0,6.5,4,0,No clear justification,0.5175901320714036,0.16003328708235368,0.08387543312944978,0.2385011477167931
HP0227,602fea460a29c4d98a5d8034|lt|0,602fea460a29c4d98a5d8034,lt,0,6.0,4,1,Moral,0.22932499440471193,0.4629229454298878,0.13946186429595872,0.16829019586944163
HP0228,671ffe48b75190b5502550f7|lt|0,671ffe48b75190b5502550f7,lt,0,6.0,4,1,Moral,0.2896032477114199,0.49293196878262985,0.15533328785454345,0.06213149565140682
HP0229,6306d4da805f2e38a841c3ad|kw|0,6306d4da805f2e38a841c3ad,kw,0,6.0,4,1,Moral,0.21053089707039016,0.4606974304148187,0.2790446668766247,0.04972700563816659
HP0230,67685ad9e0d7b8fc12217070|kw|0,67685ad9e0d7b8fc12217070,kw,0,6.0,4,0,No clear justification,0.3154961432418863,0.2933656054130882,0.32443196369220856,0.06670628765281715
HP0231,60dd8e0d3d47076064d30569|lt|0,60dd8e0d3d47076064d30569,lt,0,12.0,4,1,Moral,0.21053089707039016,0.4606974304148187,0.2790446668766247,0.04972700563816659
HP0232,66830d445073aae663d54dbd|lt|0,66830d445073aae663d54dbd,lt,0,7.5,4,0,No clear justification,0.3154961432418863,0.2933656054130882,0.32443196369220856,0.06670628765281715
HP0233,60ddf72ef11f891328449fb0|kw|0,60ddf72ef11f891328449fb0,kw,0,12.0,4,1,Moral,0.17821896442188515,0.6569749647031636,0.12158862973322472,0.04321744114172668
HP0234,6755e799307c1a8afbb8c162|kw|0,6755e799307c1a8afbb8c162,kw,0,6.0,4,1,Moral,0.22932499440471163,0.46292294542988804,0.13946186429595875,0.16829019586944155
HP0235,5c7f91a08fc24d001544e880|lt|0,5c7f91a08fc24d001544e880,lt,0,6.0,4,0,No clear justification,0.4144358618737673,0.3205303787295426,0.18540049528189295,0.0796332641147972
HP0236,63f78c9346da47f7f8f3aef9|lt|0,63f78c9346da47f7f8f3aef9,lt,0,6.0,4,1,Moral,0.2896032477114199,0.49293196878262985,0.15533328785454345,0.06213149565140682
HP0237,59ae654b5e7f4800010ef039|lt|0,59ae654b5e7f4800010ef039,lt,0,6.0,4,1,Moral,0.21053089707039016,0.4606974304148187,0.2790446668766247,0.04972700563816659
HP0238,5bba3eecccb6f40001851cb3|kw|0,5bba3eecccb6f40001851cb3,kw,0,6.0,4,1,Moral,0.22706200840793078,0.6737172189443169,0.04796413598603306,0.05125663666171926
HP0239,5fba54733359979ab9a16056|kw|0,5fba54733359979ab9a16056,kw,0,6.0,4,1,Moral,0.17821896442188515,0.6569749647031636,0.12158862973322472,0.04321744114172668
HP0240,56c6e662b0b7a1000c5cdb21|lt|0,56c6e662b0b7a1000c5cdb21,lt,0,8.0,4,1,Moral,0.17821896442188515,0.6569749647031636,0.12158862973322472,0.04321744114172668
HP0241,655b67877536d232728dfa6c|kw|0,655b67877536d232728dfa6c,kw,0,12.0,4,1,Moral,0.21053089707039016,0.4606974304148187,0.2790446668766247,0.04972700563816659
HP0242,60cf382898b50ef89e5efab3|lt|0,60cf382898b50ef89e5efab3,lt,0,8.0,4,1,Moral,0.22932499440471193,0.46292294542988777,0.13946186429595867,0.16829019586944155
HP0243,5e437d7404eaba215eafbd2a|lt|0,5e437d7404eaba215eafbd2a,lt,0,6.0,4,1,Moral,0.21053089707039016,0.4606974304148187,0.2790446668766247,0.04972700563816659
HP0244,6002ae1ea178912bfa128adf|lt|0,6002ae1ea178912bfa128adf,lt,0,6.0,4,1,Moral,0.21053089707039016,0.4606974304148187,0.2790446668766247,0.04972700563816659
HP0245,54ab0771fdf99b55c3f55227|lt|0,54ab0771fdf99b55c3f55227,lt,0,7.0,4,1,Moral,0.21053089707039016,0.4606974304148187,0.2790446668766247,0.04972700563816659
HP0246,5cc19e4f792ce5000145f764|lt|0,5cc19e4f792ce5000145f764,lt,0,6.0,4,1,Moral,0.2896032477114199,0.49293196878262985,0.15533328785454345,0.06213149565140682
HP0247,6926d10351d9647d730b84a8|kw|0,6926d10351d9647d730b84a8,kw,0,6.0,4,1,Moral,0.17821896442188515,0.6569749647031636,0.12158862973322472,0.04321744114172668
HP0248,5d510396f6725b001a4fc025|kw|0,5d510396f6725b001a4fc025,kw,0,8.0,4,1,Moral,0.17821896442188515,0.6569749647031636,0.12158862973322472,0.04321744114172668
HP0249,5c01d3c509e9c70001500b10|kw|0,5c01d3c509e9c70001500b10,kw,0,8.0,4,1,Moral,0.1237850609358009,0.8131065313219651,0.031151559604184552,0.03195684813804926
HP0250,667dd824a2d8ed14f560a9fa|lt|0,667dd824a2d8ed14f560a9fa,lt,0,4.0,4,1,Moral,0.2896032477114199,0.49293196878262985,0.1553332878545436,0.06213149565140682
HP0251,671e6d002c9289cb169875ed|kw|0,671e6d002c9289cb169875ed,kw,0,6.0,4,1,Moral,0.17821896442188515,0.6569749647031636,0.12158862973322472,0.04321744114172668
HP0252,66fc218d3bbacd308ed20847|lt|0,66fc218d3bbacd308ed20847,lt,0,8.0,4,1,Moral,0.2896032477114199,0.49293196878262985,0.15533328785454345,0.06213149565140682
HP0253,5f0e16a89f0d68127670c288|lt|0,5f0e16a89f0d68127670c288,lt,0,6.0,4,1,Moral,0.21053089707039016,0.4606974304148187,0.2790446668766247,0.04972700563816659
HP0254,666a0a76b1d7349662971064|kw|0,666a0a76b1d7349662971064,kw,0,6.0,4,3,Self-interest,0.21283783047922897,0.25374342986113624,0.48307353125974123,0.05034520839989365
HP0255,660158b9a05b9c4adc616ff8|lt|0,660158b9a05b9c4adc616ff8,lt,0,8.0,4,1,Moral,0.17821896442188515,0.6569749647031636,0.12158862973322472,0.04321744114172668
HP0256,6413599d52dc6500b2430165|kw|0,6413599d52dc6500b2430165,kw,0,6.0,4,1,Moral,0.17821896442188515,0.6569749647031636,0.12158862973322472,0.04321744114172668
HP0257,67d89d92eb4323537c13b656|kw|0,67d89d92eb4323537c13b656,kw,0,6.0,4,1,Moral,0.17821896442188515,0.6569749647031636,0.12158862973322472,0.04321744114172668
HP0258,654650713282e9e8d26d0b86|lt|0,654650713282e9e8d26d0b86,lt,0,6.0,4,1,Moral,0.2896032477114199,0.49293196878262985,0.15533328785454345,0.06213149565140682
HP0259,61118cf8dd195d72acb7594a|lt|0,61118cf8dd195d72acb7594a,lt,0,12.0,4,1,Moral,0.21053089707039016,0.4606974304148187,0.2790446668766247,0.04972700563816659
HP0260,6676ddf4aeae188a30f824f5|kw|0,6676ddf4aeae188a30f824f5,kw,0,10.0,4,0,No clear justification,0.3154961432418863,0.2933656054130882,0.32443196369220856,0.06670628765281715
HP0261,56f2a152ed0cf6000c913b6c|lt|0,56f2a152ed0cf6000c913b6c,lt,0,6.0,4,1,Moral,0.21053089707039016,0.4606974304148187,0.2790446668766247,0.04972700563816659
HP0262,67785cef31ee995e28d95c29|lt|0,67785cef31ee995e28d95c29,lt,0,6.0,4,1,Moral,0.21053089707039016,0.4606974304148187,0.2790446668766247,0.04972700563816659
HP0263,5fb5f30ab74f4b20cdd41ec1|kw|0,5fb5f30ab74f4b20cdd41ec1,kw,0,6.0,4,1,Moral,0.17821896442188515,0.6569749647031636,0.12158862973322472,0.04321744114172668
HP0264,5acddd6cfa3b4e000173db88|kw|0,5acddd6cfa3b4e000173db88,kw,0,6.0,4,1,Moral,0.17821896442188515,0.6569749647031636,0.12158862973322472,0.04321744114172668
HP0265,60cfce9352df6ebd5674e563|lt|0,60cfce9352df6ebd5674e563,lt,0,2.0,4,1,Moral,0.49421265990619845,0.3366337176340137,0.08081885289596458,0.08833476956382325
HP0266,5f6b027e6eae971e2fa13594|lt|0,5f6b027e6eae971e2fa13594,lt,0,12.0,4,1,Moral,0.22706200840793134,0.673717218944316,0.047964135986033295,0.05125663666171937
HP0267,5ee2d96eac3291203650f16e|kw|0,5ee2d96eac3291203650f16e,kw,0,6.0,4,0,No clear justification,0.2896032477114199,0.49293196878262985,0.15533328785454345,0.06213149565140682
HP0268,5fc54a4839204604d13affd5|kw|0,5fc54a4839204604d13affd5,kw,0,9.0,4,1,Moral,0.17821896442188515,0.6569749647031636,0.12158862973322472,0.04321744114172668
HP0269,5df967d2f6191f6e87b236e6|kw|0,5df967d2f6191f6e87b236e6,kw,0,12.0,4,1,Moral,0.22706200840793078,0.6737172189443169,0.04796413598603306,0.05125663666171926
HP0270,67e1da8a432675c0e850e8d1|lt|0,67e1da8a432675c0e850e8d1,lt,0,6.0,4,1,Moral,0.17821896442188515,0.6569749647031636,0.12158862973322472,0.04321744114172668
HP0271,5d0b6647e28fd700010c55ac|kw|0,5d0b6647e28fd700010c55ac,kw,0,12.0,4,1,Moral,0.3545483905333952,0.5099070150392689,0.0649030767500414,0.07064151767729464
HP0272,5fa2b9a3c1d67f3a311db672|kw|0,5fa2b9a3c1d67f3a311db672,kw,0,6.0,4,1,Moral,0.17821896442188515,0.6569749647031636,0.12158862973322472,0.04321744114172668
HP0273,5fefaa63238d4be5c34c0d51|kw|0,5fefaa63238d4be5c34c0d51,kw,0,12.0,4,1,Moral,0.17821896442188515,0.6569749647031636,0.12158862973322472,0.04321744114172668
HP0274,558955ebfdf99b6bd06016c9|kw|0,558955ebfdf99b6bd06016c9,kw,0,8.0,4,1,Moral,0.17821896442188515,0.6569749647031636,0.12158862973322472,0.04321744114172668
HP0275,5f2c95d13e33c7074c6d1e47|lt|0,5f2c95d13e33c7074c6d1e47,lt,0,6.0,4,1,Moral,0.21053089707039016,0.4606974304148187,0.2790446668766247,0.04972700563816659
HP0276,5dd61f689740545c506ee244|kw|0,5dd61f689740545c506ee244,kw,0,12.0,4,1,Moral,0.21053089707039016,0.4606974304148187,0.2790446668766247,0.04972700563816659
HP0277,67ef19849ce42ec68447928e|kw|0,67ef19849ce42ec68447928e,kw,0,4.0,4,1,Moral,0.49421265990619845,0.3366337176340137,0.08081885289596458,0.08833476956382325
HP0278,664d3ff00a00a73398ac3f4f|lt|0,664d3ff00a00a73398ac3f4f,lt,0,6.0,4,1,Moral,0.21053089707039016,0.4606974304148187,0.2790446668766247,0.04972700563816659
HP0279,5febd397ad8fbad21bcd6182|lt|0,5febd397ad8fbad21bcd6182,lt,0,8.0,4,0,No clear justification,0.41659900686496226,0.14418069964561311,0.3588126530085171,0.0804076404809074
HP0280,5fd8e27b6feb8e0d22eb3bd0|kw|0,5fd8e27b6feb8e0d22eb3bd0,kw,0,6.0,4,1,Moral,0.17821896442188515,0.6569749647031636,0.12158862973322472,0.04321744114172668
HP0281,59ff8226ab721b0001ef6e61|lt|0,59ff8226ab721b0001ef6e61,lt,0,6.0,4,1,Moral,0.2896032477114199,0.49293196878262985,0.15533328785454345,0.06213149565140682
HP0282,673b834c1ca9feb154a86523|lt|0,673b834c1ca9feb154a86523,lt,0,6.0,4,1,Moral,0.21053089707039016,0.4606974304148187,0.2790446668766247,0.04972700563816659
HP0283,5c64981ca98f0700010f8c81|kw|0,5c64981ca98f0700010f8c81,kw,0,12.0,4,1,Moral,0.1237850609358009,0.8131065313219651,0.031151559604184552,0.03195684813804926
HP0284,677679d8f8b195498c2f7a09|lt|0,677679d8f8b195498c2f7a09,lt,0,12.0,4,1,Moral,0.1782189644218849,0.6569749647031639,0.12158862973322467,0.043217441141726626
HP0285,63b6ffb02943686f4f354741|kw|0,63b6ffb02943686f4f354741,kw,0,6.0,4,1,Moral,0.22706200840793078,0.6737172189443169,0.04796413598603306,0.05125663666171926
HP0286,6413dd7eadc09e71fa198000|lt|0,6413dd7eadc09e71fa198000,lt,0,4.0,4,1,Moral,0.21053089707039016,0.4606974304148187,0.2790446668766247,0.04972700563816659
HP0287,5ee1311e3348314f4f4a8d30|lt|0,5ee1311e3348314f4f4a8d30,lt,0,6.0,4,0,No clear justification,0.41659900686496226,0.14418069964561311,0.3588126530085171,0.0804076404809074
HP0288,667ae3fff7f7af34dc9c27c4|kw|0,667ae3fff7f7af34dc9c27c4,kw,0,6.0,4,0,No clear justification,0.2896032477114199,0.49293196878262985,0.15533328785454345,0.06213149565140682
HP0289,63b7566ea98814782bc51d9b|kw|0,63b7566ea98814782bc51d9b,kw,0,8.5,4,1,Moral,0.22706200840793078,0.6737172189443169,0.04796413598603306,0.05125663666171926
HP0290,5c205371da51990001e17313|kw|0,5c205371da51990001e17313,kw,0,2.0,4,0,No clear justification,0.6269897120501802,0.1760166965538242,0.09427636263188557,0.10271722876411007
HP0291,691df073ae5e6972d8f3983e|lt|0,691df073ae5e6972d8f3983e,lt,0,6.0,4,1,Moral,0.17821896442188515,0.6569749647031636,0.12158862973322472,0.04321744114172668
HP0292,6763dc05af46629317e23da3|lt|0,6763dc05af46629317e23da3,lt,0,6.0,4,0,No clear justification,0.4144358618737673,0.3205303787295426,0.18540049528189295,0.0796332641147972
HP0293,66524aa2a82e242800be156b|lt|0,66524aa2a82e242800be156b,lt,0,6.0,4,1,Moral,0.21053089707039016,0.4606974304148187,0.2790446668766247,0.04972700563816659
HP0294,5a01ddf3728b1b0001ad8ad0|lt|0,5a01ddf3728b1b0001ad8ad0,lt,0,8.0,4,1,Moral,0.2896032477114199,0.49293196878262985,0.1553332878545436,0.06213149565140682
HP0295,66ad53274144a944c514d4a8|kw|0,66ad53274144a944c514d4a8,kw,0,6.0,4,1,Moral,0.17821896442188515,0.6569749647031636,0.12158862973322472,0.04321744114172668
HP0296,597f662f89542d0001517d78|kw|0,597f662f89542d0001517d78,kw,0,12.0,4,1,Moral,0.17821896442188515,0.6569749647031636,0.12158862973322472,0.04321744114172668
HP0297,5ea313378e994c25658eae92|lt|0,5ea313378e994c25658eae92,lt,0,6.0,4,1,Moral,0.21053089707039016,0.4606974304148187,0.2790446668766247,0.04972700563816659
HP0298,678fb834512bd07496d7f855|kw|0,678fb834512bd07496d7f855,kw,0,6.0,4,1,Moral,0.2826392916409655,0.47973068860219376,0.05613954804253062,0.18149047171431015
HP0299,5ea7e9f15bc7011d31958608|lt|0,5ea7e9f15bc7011d31958608,lt,0,4.0,4,1,Moral,0.2896032477114199,0.49293196878262985,0.1553332878545436,0.06213149565140682
HP0300,677edb96bb091e27806608b9|lt|0,677edb96bb091e27806608b9,lt,0,4.0,4,1,Moral,0.17821896442188515,0.6569749647031636,0.12158862973322472,0.04321744114172668
HP0301,56114aa67ffc8a000f81148d|lt|0,56114aa67ffc8a000f81148d,lt,0,6.0,4,1,Moral,0.21053089707039016,0.4606974304148187,0.2790446668766247,0.04972700563816659
HP0302,662ee0b0f3785c3fe59e191f|kw|0,662ee0b0f3785c3fe59e191f,kw,0,6.0,4,1,Moral,0.1237850609358009,0.8131065313219651,0.031151559604184552,0.03195684813804926
HP0303,636419013bc521fae9f7db90|kw|0,636419013bc521fae9f7db90,kw,0,7.0,4,0,No clear justification,0.3545483905333952,0.5099070150392689,0.0649030767500414,0.07064151767729464
HP0304,6401c41ef621f07e133979e9|kw|0,6401c41ef621f07e133979e9,kw,0,12.0,4,1,Moral,0.1237850609358009,0.8131065313219651,0.031151559604184552,0.03195684813804926
HP0305,5f3153a6180dcf0d8dd72a45|kw|0,5f3153a6180dcf0d8dd72a45,kw,0,9.0,4,0,No clear justification,0.2896032477114199,0.49293196878262985,0.15533328785454345,0.06213149565140682
HP0306,5d7472ad3bc4020015f3bb56|lt|0,5d7472ad3bc4020015f3bb56,lt,0,6.0,4,1,Moral,0.33395295070970776,0.2969977975443399,0.16815409990166905,0.2008951518442833
HP0307,5f11eb333c6e2c0df5b92270|lt|0,5f11eb333c6e2c0df5b92270,lt,0,6.0,4,1,Moral,0.21053089707039016,0.4606974304148187,0.2790446668766247,0.04972700563816659
HP0308,5de9d78ebe656d10e1a26af6|lt|0,5de9d78ebe656d10e1a26af6,lt,0,6.0,4,1,Moral,0.21283783047922897,0.2537434298611362,0.48307353125974123,0.05034520839989365
HP0309,65425b32a9c97568f11a9265|lt|0,65425b32a9c97568f11a9265,lt,0,6.0,4,1,Moral,0.21053089707039016,0.4606974304148187,0.2790446668766247,0.04972700563816659
HP0310,67fd7bb4515d79df15f3c967|lt|0,67fd7bb4515d79df15f3c967,lt,0,6.0,4,1,Moral,0.1237850609358009,0.8131065313219651,0.031151559604184552,0.03195684813804926
HP0311,5c0c90e7632102000147c3cc|kw|0,5c0c90e7632102000147c3cc,kw,0,6.0,4,1,Moral,0.17821896442188515,0.6569749647031636,0.12158862973322472,0.04321744114172668
HP0312,5efd32d5ebff0517d77b8e4c|kw|0,5efd32d5ebff0517d77b8e4c,kw,0,12.0,4,3,Self-interest,0.3154961432418863,0.2933656054130882,0.32443196369220856,0.06670628765281712
HP0313,6675dbbeee7b1e2aa37a8eaa|lt|0,6675dbbeee7b1e2aa37a8eaa,lt,0,12.0,4,0,No clear justification,0.22706200840793134,0.673717218944316,0.047964135986033295,0.05125663666171937
HP0314,5edf45c790b7091e3cfd7f62|lt|0,5edf45c790b7091e3cfd7f62,lt,0,5.0,4,1,Moral,0.21053089707039016,0.4606974304148187,0.2790446668766247,0.04972700563816659
HP0315,5d75af57bcfd5b001b192708|lt|0,5d75af57bcfd5b001b192708,lt,0,5.5,4,1,Moral,0.21053089707039016,0.4606974304148187,0.2790446668766247,0.04972700563816659
HP0316,63cee143ef1cb49bc4d101db|lt|0,63cee143ef1cb49bc4d101db,lt,0,7.5,4,0,No clear justification,0.5333839043039695,0.16337465739306584,0.20949721966058663,0.093744218642378
HP0317,642ef01a04c9f327767cde23|lt|0,642ef01a04c9f327767cde23,lt,0,8.0,4,1,Moral,0.2896032477114199,0.49293196878262985,0.15533328785454345,0.06213149565140682
HP0318,5df1fd62dc85350eb4d4ced1|lt|0,5df1fd62dc85350eb4d4ced1,lt,0,4.0,4,2,Mutual Benefit / Cooperation,0.229324994404712,0.46292294542988777,0.13946186429595872,0.1682901958694415
HP0319,5c5cad876d0fe50001f0390c|lt|0,5c5cad876d0fe50001f0390c,lt,0,12.0,4,1,Moral,0.22706200840793078,0.6737172189443169,0.04796413598603306,0.05125663666171926
HP0320,653fcf588ab0516beb4bf546|lt|0,653fcf588ab0516beb4bf546,lt,0,8.0,4,1,Moral,0.22706200840793134,0.673717218944316,0.047964135986033295,0.05125663666171937
HP0321,60f194e358dec32bfe2721f2|lt|0,60f194e358dec32bfe2721f2,lt,0,12.0,4,1,Moral,0.21053089707039016,0.4606974304148187,0.2790446668766247,0.04972700563816659
HP0322,5ff0379d6bfb633786fd9b27|lt|0,5ff0379d6bfb633786fd9b27,lt,0,12.0,4,1,Moral,0.21053089707039016,0.4606974304148187,0.2790446668766247,0.04972700563816659
HP0323,5fdbae0584b3a90525410347|kw|0,5fdbae0584b3a90525410347,kw,0,6.0,4,1,Moral,0.17821896442188515,0.6569749647031636,0.12158862973322472,0.04321744114172668
HP0324,67816b8db5cc9d12f5f77d7a|lt|0,67816b8db5cc9d12f5f77d7a,lt,0,6.0,4,0,No clear justification,0.49421265990619834,0.3366337176340139,0.08081885289596454,0.08833476956382325
HP0325,6108ee25f9c9a40b6a0ebb74|lt|0,6108ee25f9c9a40b6a0ebb74,lt,0,8.0,4,0,No clear justification,0.49421265990619834,0.3366337176340139,0.08081885289596454,0.08833476956382325
HP0326,674cbe23379dd601a29eefd4|kw|0,674cbe23379dd601a29eefd4,kw,0,6.0,4,1,Moral,0.17821896442188515,0.6569749647031636,0.12158862973322472,0.04321744114172668
HP0327,6644b750f83b1ad48d9ce14f|lt|0,6644b750f83b1ad48d9ce14f,lt,0,6.0,4,1,Moral,0.21053089707039016,0.4606974304148187,0.2790446668766247,0.04972700563816659
HP0328,6745109c444973d1fa9f17d4|kw|0,6745109c444973d1fa9f17d4,kw,0,12.0,4,1,Moral,0.21053089707039016,0.4606974304148187,0.2790446668766247,0.04972700563816659
HP0329,5c92017dc719fc00017df090|kw|0,5c92017dc719fc00017df090,kw,0,8.0,4,1,Moral,0.21053089707039016,0.4606974304148187,0.2790446668766247,0.04972700563816659
HP0330,572041d6fd3a5200093c1295|lt|0,572041d6fd3a5200093c1295,lt,0,5.0,4,1,Moral,0.3154961432418863,0.2933656054130882,0.32443196369220856,0.06670628765281715
HP0331,62dcc5dc8fcf471ec987e7cf|lt|0,62dcc5dc8fcf471ec987e7cf,lt,0,4.5,4,1,Moral,0.2896032477114199,0.49293196878262985,0.15533328785454345,0.06213149565140682
HP0332,5c01dc58067bbf00019bb318|lt|0,5c01dc58067bbf00019bb318,lt,0,6.0,4,1,Moral,0.2896032477114199,0.49293196878262985,0.15533328785454345,0.06213149565140682
HP0333,6632687cb045de5ac33ceea3|lt|0,6632687cb045de5ac33ceea3,lt,0,6.0,4,1,Moral,0.2896032477114199,0.49293196878262985,0.15533328785454345,0.06213149565140682
HP0334,6367a6adb376bcde64f98559|kw|0,6367a6adb376bcde64f98559,kw,0,8.0,4,1,Moral,0.17821896442188515,0.6569749647031636,0.12158862973322472,0.04321744114172668
HP0335,66b3803e04f33f1bdbfd2ecd|kw|0,66b3803e04f33f1bdbfd2ecd,kw,0,6.0,4,1,Moral,0.17821896442188515,0.6569749647031636,0.12158862973322472,0.04321744114172668
HP0336,67048c237f6f05cabcb21cc9|kw|0,67048c237f6f05cabcb21cc9,kw,0,7.0,4,1,Moral,0.22706200840793078,0.6737172189443169,0.04796413598603306,0.05125663666171926
HP0337,66d0217be06f8783cc04f0a7|kw|0,66d0217be06f8783cc04f0a7,kw,0,10.0,4,1,Moral,0.1237850609358009,0.8131065313219651,0.031151559604184552,0.03195684813804926
HP0338,6167116fd8a186cd98501614|lt|0,6167116fd8a186cd98501614,lt,0,6.0,4,1,Moral,0.2896032477114199,0.49293196878262985,0.15533328785454345,0.06213149565140682
HP0339,6643bd3878c19c6cf8de7632|kw|0,6643bd3878c19c6cf8de7632,kw,0,6.0,4,0,No clear justification,0.3545483905333952,0.5099070150392689,0.0649030767500414,0.07064151767729464
HP0340,60197dd14bb8ca09a27e5c3b|kw|0,60197dd14bb8ca09a27e5c3b,kw,0,6.0,4,1,Moral,0.22706200840793078,0.6737172189443169,0.04796413598603306,0.05125663666171926
HP0341,671bcbdd819357115fa0917d|kw|0,671bcbdd819357115fa0917d,kw,0,6.0,4,1,Moral,0.17821896442188515,0.6569749647031636,0.12158862973322472,0.04321744114172668
HP0342,673928131ab7d604bcf2c23a|lt|0,673928131ab7d604bcf2c23a,lt,0,7.0,4,0,No clear justification,0.5333839043039695,0.16337465739306584,0.20949721966058663,0.093744218642378
HP0343,67ddd4f85ab870ffd90cc888|lt|0,67ddd4f85ab870ffd90cc888,lt,0,6.0,4,1,Moral,0.21053089707039016,0.4606974304148187,0.2790446668766247,0.04972700563816659
HP0344,64fded008087c1afa0b47d7b|kw|0,64fded008087c1afa0b47d7b,kw,0,7.0,4,1,Moral,0.22706200840793134,0.673717218944316,0.047964135986033295,0.05125663666171937
HP0345,60a2abc7d14eb0935100dd31|lt|0,60a2abc7d14eb0935100dd31,lt,0,6.0,4,0,No clear justification,0.4942126599061985,0.3366337176340137,0.08081885289596451,0.08833476956382329
HP0346,5dd9e1e0a4aa2696d9a15c0d|kw|0,5dd9e1e0a4aa2696d9a15c0d,kw,0,7.0,4,1,Moral,0.21053089707039016,0.4606974304148187,0.2790446668766247,0.04972700563816659
HP0347,59fc2094087f2e0001ead5fa|kw|0,59fc2094087f2e0001ead5fa,kw,0,6.0,4,1,Moral,0.17821896442188515,0.6569749647031636,0.12158862973322472,0.04321744114172668
HP0348,67346c0008508dd13cbe82ba|lt|0,67346c0008508dd13cbe82ba,lt,0,6.0,4,1,Moral,0.22706200840793078,0.6737172189443169,0.04796413598603306,0.05125663666171926
HP0349,5731b7f35b8b0600097c2d66|kw|0,5731b7f35b8b0600097c2d66,kw,0,6.0,4,1,Moral,0.1237850609358009,0.8131065313219651,0.031151559604184552,0.03195684813804926
HP0350,63dd6ec1452ed58051cfa62a|kw|0,63dd6ec1452ed58051cfa62a,kw,0,6.0,4,0,No clear justification,0.3545483905333952,0.5099070150392689,0.0649030767500414,0.07064151767729464
HP0351,6631b5852e5e748863ca2c4c|kw|0,6631b5852e5e748863ca2c4c,kw,0,12.0,4,0,No clear justification,0.4144358618737673,0.3205303787295426,0.18540049528189295,0.0796332641147972
HP0352,5ee00b8630f30b34f2a5dc1c|lt|0,5ee00b8630f30b34f2a5dc1c,lt,0,12.0,4,1,Moral,0.21053089707039016,0.4606974304148187,0.2790446668766247,0.04972700563816659
HP0353,574cca765e5491000f3c89e0|lt|0,574cca765e5491000f3c89e0,lt,0,4.0,4,1,Moral,0.17821896442188515,0.6569749647031636,0.12158862973322472,0.04321744114172668
HP0354,5c698d07effdaa0001d791cd|kw|0,5c698d07effdaa0001d791cd,kw,0,6.0,4,1,Moral,0.17821896442188515,0.6569749647031636,0.12158862973322472,0.04321744114172668
HP0355,5dab79a5525a7600139cd31e|lt|0,5dab79a5525a7600139cd31e,lt,0,10.5,4,0,No clear justification,0.49421265990619834,0.3366337176340139,0.08081885289596454,0.08833476956382325
HP0356,60fca0fc5d7a65f146a1c6c6|lt|0,60fca0fc5d7a65f146a1c6c6,lt,0,6.0,4,1,Moral,0.17821896442188515,0.6569749647031636,0.12158862973322472,0.04321744114172668
HP0357,683cbc0c0c2d722831c8bc17|kw|0,683cbc0c0c2d722831c8bc17,kw,0,10.0,4,1,Moral,0.22706200840793078,0.6737172189443169,0.04796413598603306,0.05125663666171926
HP0358,5e3b759740e302397f294a2d|lt|0,5e3b759740e302397f294a2d,lt,0,8.0,4,1,Moral,0.22706200840793134,0.673717218944316,0.047964135986033295,0.05125663666171937
HP0359,65396dfcb651ad024da200d6|lt|0,65396dfcb651ad024da200d6,lt,0,6.0,4,1,Moral,0.17821896442188515,0.6569749647031636,0.12158862973322472,0.04321744114172668
HP0360,65e7ca51f9482482909fd1ff|lt|0,65e7ca51f9482482909fd1ff,lt,0,7.0,4,1,Moral,0.21053089707039016,0.4606974304148187,0.2790446668766247,0.04972700563816659
HP0361,5baac103748f990001a1101e|kw|0,5baac103748f990001a1101e,kw,0,12.0,4,0,No clear justification,0.2896032477114199,0.49293196878262985,0.15533328785454345,0.06213149565140682
HP0362,5f836c9938d2da4fb75631ef|kw|0,5f836c9938d2da4fb75631ef,kw,0,8.0,4,1,Moral,0.1237850609358009,0.8131065313219651,0.031151559604184552,0.03195684813804926
HP0363,615b76e05c1c5a26e46f1b3e|kw|0,615b76e05c1c5a26e46f1b3e,kw,0,6.0,4,0,No clear justification,0.3154961432418863,0.2933656054130882,0.32443196369220856,0.06670628765281715
HP0364,5ceae0b53060280001a063a0|kw|0,5ceae0b53060280001a063a0,kw,0,6.0,4,3,Self-interest,0.178218964421885,0.6569749647031637,0.12158862973322467,0.04321744114172665
HP0365,66660d297864801db6a10af4|lt|0,66660d297864801db6a10af4,lt,0,7.0,4,1,Moral,0.17821896442188515,0.6569749647031636,0.12158862973322472,0.04321744114172668
HP0366,662f0e1c35799d2e6f03c756|kw|0,662f0e1c35799d2e6f03c756,kw,0,8.0,4,1,Moral,0.17821896442188515,0.6569749647031636,0.12158862973322472,0.04321744114172668
HP0367,6002037f1bca771c256ac8ac|lt|0,6002037f1bca771c256ac8ac,lt,0,12.0,4,0,No clear justification,0.5333839043039695,0.16337465739306584,0.20949721966058663,0.093744218642378
HP0368,662948ed99960b11f2f8e3fe|lt|0,662948ed99960b11f2f8e3fe,lt,0,6.0,4,1,Moral,0.1237850609358009,0.8131065313219651,0.031151559604184552,0.03195684813804926
HP0369,5ad3ca7b459c350001137f64|lt|0,5ad3ca7b459c350001137f64,lt,0,9.0,4,0,No clear justification,0.6269897120501802,0.1760166965538242,0.09427636263188557,0.10271722876411007
HP0370,66ede5bbe36caed7269bd7e2|lt|0,66ede5bbe36caed7269bd7e2,lt,0,8.0,4,1,Moral,0.2826392916409656,0.47973068860219364,0.05613954804253072,0.18149047171430988
HP0371,652fbe161a35986b7fbfc940|kw|0,652fbe161a35986b7fbfc940,kw,0,10.0,4,1,Moral,0.17821896442188515,0.6569749647031636,0.12158862973322472,0.04321744114172668
HP0372,6772ea24ce9c71ea7bc07b6b|kw|0,6772ea24ce9c71ea7bc07b6b,kw,0,6.0,4,1,Moral,0.1237850609358009,0.8131065313219651,0.031151559604184552,0.03195684813804926
HP0373,5f8e2a9201810e1f2b9f63a2|kw|0,5f8e2a9201810e1f2b9f63a2,kw,0,6.0,4,1,Moral,0.17821896442188515,0.6569749647031636,0.12158862973322472,0.04321744114172668
HP0374,6612fd1462232a5cbec549e3|kw|0,6612fd1462232a5cbec549e3,kw,0,6.0,4,0,No clear justification,0.6269897120501802,0.1760166965538242,0.09427636263188557,0.10271722876411007
HP0375,5c9527e29e4f7400011e1571|kw|0,5c9527e29e4f7400011e1571,kw,0,6.0,4,1,Moral,0.2896032477114199,0.49293196878262985,0.15533328785454345,0.06213149565140682
HP0376,56a68bb49ce1c0000df89344|kw|0,56a68bb49ce1c0000df89344,kw,0,12.0,4,1,Moral,0.21053089707039016,0.4606974304148187,0.2790446668766247,0.04972700563816659
HP0377,628eabb243fb4a73e29d9385|kw|0,628eabb243fb4a73e29d9385,kw,0,12.0,4,1,Moral,0.17821896442188515,0.6569749647031636,0.12158862973322472,0.04321744114172668
HP0378,5c3f86e236052e00016ba692|kw|0,5c3f86e236052e00016ba692,kw,0,6.0,4,1,Moral,0.21053089707039016,0.4606974304148187,0.2790446668766247,0.04972700563816659
HP0379,6742677ecc26fc2d7868aa9b|kw|0,6742677ecc26fc2d7868aa9b,kw,0,8.0,4,1,Moral,0.21053089707039016,0.4606974304148187,0.2790446668766247,0.04972700563816659
HP0380,66047cf334cba5fe8be31eeb|kw|0,66047cf334cba5fe8be31eeb,kw,0,12.0,4,1,Moral,0.21053089707039016,0.4606974304148187,0.2790446668766247,0.04972700563816659
HP0381,6238dfab577ecd4adb97a917|lt|0,6238dfab577ecd4adb97a917,lt,0,6.0,4,0,No clear justification,0.41443586187376713,0.32053037872954265,0.18540049528189295,0.07963326411479715
HP0382,6659ed61566ce6a7ff2d5989|kw|0,6659ed61566ce6a7ff2d5989,kw,0,6.0,4,1,Moral,0.2896032477114199,0.49293196878262985,0.15533328785454345,0.06213149565140682
HP0383,6148a744a4927f58c507b905|kw|0,6148a744a4927f58c507b905,kw,0,6.0,4,1,Moral,0.21053089707039016,0.4606974304148187,0.2790446668766247,0.04972700563816659
HP0384,67c4d6db7736e277b8582936|kw|0,67c4d6db7736e277b8582936,kw,0,8.0,4,1,Moral,0.24035227057877234,0.2630730169914597,0.144642408572185,0.35193230385758295
HP0385,62cd6e8d0e466d05a4ca5dc4|lt|0,62cd6e8d0e466d05a4ca5dc4,lt,0,6.0,4,1,Moral,0.17821896442188515,0.6569749647031636,0.12158862973322472,0.04321744114172668
HP0386,674390af4c502222ee320e0d|kw|0,674390af4c502222ee320e0d,kw,0,7.0,4,1,Moral,0.17821896442188515,0.6569749647031636,0.12158862973322472,0.04321744114172668
HP0387,63d7eca29f0291aff53b003e|lt|0,63d7eca29f0291aff53b003e,lt,0,8.0,4,0,No clear justification,0.5333839043039695,0.16337465739306584,0.20949721966058663,0.093744218642378
HP0388,5c2d187569ceff00011417de|lt|0,5c2d187569ceff00011417de,lt,0,12.0,4,1,Moral,0.2896032477114199,0.49293196878262985,0.15533328785454345,0.06213149565140682
HP0389,5d5b4f93a90c5600016ef485|lt|0,5d5b4f93a90c5600016ef485,lt,0,8.0,4,1,Moral,0.22706200840793078,0.6737172189443169,0.04796413598603306,0.05125663666171926
HP0390,645530b386664621fd98a8fc|lt|0,645530b386664621fd98a8fc,lt,0,6.0,4,1,Moral,0.21053089707039016,0.4606974304148187,0.2790446668766247,0.04972700563816659
HP0391,5c0586b43199f4000153f133|lt|0,5c0586b43199f4000153f133,lt,0,6.0,4,0,No clear justification,0.33395295070970776,0.29699779754433986,0.168154099901669,0.2008951518442833
HP0392,5e13859753e8469d270982c0|lt|0,5e13859753e8469d270982c0,lt,0,6.0,4,1,Moral,0.2896032477114199,0.49293196878262985,0.15533328785454345,0.06213149565140682
HP0393,6020329e88ba9160b200b96b|kw|0,6020329e88ba9160b200b96b,kw,0,12.0,4,1,Moral,0.22706200840793078,0.6737172189443169,0.04796413598603306,0.05125663666171926
HP0394,66706191120230e6a89ddd0e|kw|0,66706191120230e6a89ddd0e,kw,0,12.0,4,1,Moral,0.17821896442188515,0.6569749647031636,0.12158862973322472,0.04321744114172668
HP0395,612d3e13048ec2b299126be6|kw|0,612d3e13048ec2b299126be6,kw,0,6.0,4,1,Moral,0.22706200840793134,0.673717218944316,0.047964135986033295,0.05125663666171937
HP0396,5ccf87bfb46c7000010d8428|kw|0,5ccf87bfb46c7000010d8428,kw,0,12.0,4,1,Moral,0.17821896442188515,0.6569749647031636,0.12158862973322472,0.04321744114172668
HP0397,5a8b1ee2000dab00018cc7cd|kw|0,5a8b1ee2000dab00018cc7cd,kw,0,9.0,4,1,Moral,0.17821896442188515,0.6569749647031636,0.12158862973322472,0.04321744114172668
HP0398,5ed929186e439f4729693f32|kw|0,5ed929186e439f4729693f32,kw,0,6.0,4,1,Moral,0.22706200840793134,0.673717218944316,0.047964135986033295,0.05125663666171937
HP0399,66edc72a30ec9b38153f1b50|kw|0,66edc72a30ec9b38153f1b50,kw,0,6.0,4,0,No clear justification,0.4144358618737673,0.3205303787295426,0.18540049528189295,0.0796332641147972
HP0400,651c4484ba17050f6b716614|kw|0,651c4484ba17050f6b716614,kw,0,6.0,4,1,Moral,0.17821896442188515,0.6569749647031636,0.12158862973322472,0.04321744114172668
HP0401,63ecfe7a1e5faf247a255ac2|kw|0,63ecfe7a1e5faf247a255ac2,kw,0,6.0,6,1,Moral,0.18500235463348177,0.7456769190405618,0.023507702327228236,0.04581302399872819
HP0402,66421a683ec1aada2f687975|lt|0,66421a683ec1aada2f687975,lt,0,4.0,6,1,Moral,0.32116490551879046,0.40567990485829913,0.1986636632979257,0.07449152632498468
HP0403,676a584412b90586c1da74a0|lt|0,676a584412b90586c1da74a0,lt,0,8.0,6,1,Moral,0.19884554324223272,0.5910933627528139,0.15853841912405686,0.05152267488089652
HP0404,5d260d4255a29b0017698915|lt|0,5d260d4255a29b0017698915,lt,0,6.0,6,1,Moral,0.25838561308901076,0.5974370583092572,0.08336623946316762,0.060811089138564305
HP0405,613f1ef31c08d695c689a53a|kw|0,613f1ef31c08d695c689a53a,kw,0,6.0,6,1,Moral,0.19884554324223272,0.5910933627528139,0.15853841912405686,0.05152267488089652
HP0406,6658b54fc00cad4526a6d01f|lt|0,6658b54fc00cad4526a6d01f,lt,0,8.0,6,0,No clear justification,0.6055011420679335,0.23091316297702333,0.054766898380815186,0.10881879657422795
HP0407,57ea425e5b88f5000106bb9f|kw|0,57ea425e5b88f5000106bb9f,kw,0,12.0,6,1,Moral,0.14960933382239144,0.7491932673353,0.061398606363643325,0.039798792478665176
HP0408,5cfebb94eafc4d001a62cbc9|lt|0,5cfebb94eafc4d001a62cbc9,lt,0,8.0,6,1,Moral,0.25838561308901076,0.5974370583092572,0.08336623946316762,0.060811089138564305
HP0409,61112fb91e6eb028aa1ba59b|lt|0,61112fb91e6eb028aa1ba59b,lt,0,10.0,6,1,Moral,0.30465731767265686,0.5952060746423841,0.03354765414456286,0.06658895354039626
HP0410,570570eb61ab6a0010d484d0|lt|0,570570eb61ab6a0010d484d0,lt,0,7.0,6,1,Moral,0.14960933382239125,0.7491932673353003,0.0613986063636433,0.03979879247866513
HP0411,6658bf916039705479385d08|lt|0,6658bf916039705479385d08,lt,0,4.0,6,1,Moral,0.19884554324223272,0.5910933627528139,0.15853841912405686,0.05152267488089652
HP0412,677880f787ed7d2cfb6f7345|kw|0,677880f787ed7d2cfb6f7345,kw,0,9.0,6,1,Moral,0.25838561308901076,0.5974370583092572,0.08336623946316762,0.060811089138564305
HP0413,63bc87f783afb5aed2c937d2|lt|0,63bc87f783afb5aed2c937d2,lt,0,6.0,6,1,Moral,0.19884554324223272,0.5910933627528139,0.15853841912405686,0.05152267488089652
HP0414,6633a447cefc384785ec5e16|kw|0,6633a447cefc384785ec5e16,kw,0,6.0,6,1,Moral,0.19884554324223272,0.5910933627528139,0.15853841912405686,0.05152267488089652
HP0415,5a2c51740a1e6b00016952c8|kw|0,5a2c51740a1e6b00016952c8,kw,0,12.0,6,1,Moral,0.19884554324223272,0.5910933627528139,0.15853841912405686,0.05152267488089652
HP0416,5dfa56fddc265f7ac3bee209|kw|0,5dfa56fddc265f7ac3bee209,kw,0,7.0,6,1,Moral,0.19884554324223272,0.5910933627528139,0.15853841912405686,0.05152267488089652
HP0417,60f2a2b4932fed5326988e0f|kw|0,60f2a2b4932fed5326988e0f,kw,0,6.0,6,0,No clear justification,0.6055011420679335,0.23091316297702333,0.054766898380815186,0.10881879657422795
HP0418,5a8351038fe2dc000105efb4|lt|0,5a8351038fe2dc000105efb4,lt,0,4.0,6,1,Moral,0.09654593894840305,0.8614964609466287,0.014615253293266987,0.027342346811701345
HP0419,67709d0088d93adec607305e|kw|0,67709d0088d93adec607305e,kw,0,6.0,6,1,Moral,0.14960933382239144,0.7491932673353,0.061398606363643325,0.039798792478665176
HP0420,5b1ac052ea64a000017c389e|kw|0,5b1ac052ea64a000017c389e,kw,0,6.0,6,1,Moral,0.19884554324223272,0.5910933627528139,0.15853841912405686,0.05152267488089652
HP0421,67abb13cc30b930b97db75e7|kw|0,67abb13cc30b930b97db75e7,kw,0,11.0,6,1,Moral,0.19884554324223272,0.5910933627528139,0.15853841912405686,0.05152267488089652
HP0422,6287a355e0dbfe43e55850b7|kw|0,6287a355e0dbfe43e55850b7,kw,0,6.0,6,1,Moral,0.4505015563669862,0.4168504887662603,0.0443155238613381,0.08833243100541549
HP0423,5b6e9435885b0b0001bb034b|kw|0,5b6e9435885b0b0001bb034b,kw,0,9.5,6,1,Moral,0.14960933382239144,0.7491932673353,0.061398606363643325,0.039798792478665176
HP0424,5e63e793e50a6316a75213c4|lt|0,5e63e793e50a6316a75213c4,lt,0,8.0,6,1,Moral,0.25838561308901076,0.5974370583092572,0.08336623946316762,0.060811089138564305
HP0425,661ed0d24e9ed72f176f2dd3|kw|0,661ed0d24e9ed72f176f2dd3,kw,0,7.0,6,1,Moral,0.18500235463348177,0.7456769190405618,0.023507702327228236,0.04581302399872819
HP0426,656b7ab2b685a43aae816c5e|lt|0,656b7ab2b685a43aae816c5e,lt,0,6.0,6,1,Moral,0.4505015563669862,0.4168504887662603,0.0443155238613381,0.08833243100541549
HP0427,571fdcb14b8ecc0013c24fcb|kw|0,571fdcb14b8ecc0013c24fcb,kw,0,6.0,6,1,Moral,0.09654593894840305,0.8614964609466287,0.014615253293266987,0.027342346811701345
HP0428,561bbdf9811d22000df3138a|kw|0,561bbdf9811d22000df3138a,kw,0,6.0,6,1,Moral,0.19884554324223272,0.5910933627528139,0.15853841912405686,0.05152267488089652
HP0429,63eba3f11d699385d1d4075d|kw|0,63eba3f11d699385d1d4075d,kw,0,10.0,6,1,Moral,0.14960933382239136,0.7491932673353002,0.0613986063636433,0.03979879247866516
HP0430,664b8bef90cdb799d4c4c35d|lt|0,664b8bef90cdb799d4c4c35d,lt,0,7.0,6,1,Moral,0.14960933382239125,0.7491932673353003,0.0613986063636433,0.03979879247866513
HP0431,63ea4301f63c1d26f0ff83e9|lt|0,63ea4301f63c1d26f0ff83e9,lt,0,4.0,6,1,Moral,0.14960933382239125,0.7491932673353003,0.0613986063636433,0.03979879247866513
HP0432,6630e75a1f3d3083c3fd00fc|kw|0,6630e75a1f3d3083c3fd00fc,kw,0,6.0,6,0,No clear justification,0.30465731767265686,0.5952060746423841,0.03354765414456286,0.06658895354039626
HP0433,5589ce75fdf99b18be3203d2|lt|0,5589ce75fdf99b18be3203d2,lt,0,6.0,6,1,Moral,0.14960933382239144,0.7491932673353,0.061398606363643325,0.039798792478665176
HP0434,5f57c697f9f7d02d07909dbb|kw|0,5f57c697f9f7d02d07909dbb,kw,0,6.0,6,1,Moral,0.09654593894840305,0.8614964609466287,0.014615253293266987,0.027342346811701345
HP0435,5ff5f6c52171e10f72d3610c|lt|0,5ff5f6c52171e10f72d3610c,lt,0,6.0,6,1,Moral,0.19884554324223272,0.5910933627528139,0.15853841912405686,0.05152267488089652
HP0436,6785704c3b1ab8813a4958b0|kw|0,6785704c3b1ab8813a4958b0,kw,0,8.0,6,1,Moral,0.30465731767265686,0.5952060746423841,0.03354765414456286,0.06658895354039626
HP0437,6294ea804cdf1298eefa87ac|lt|0,6294ea804cdf1298eefa87ac,lt,0,12.0,6,3,Self-interest,0.35843718156359794,0.18705442560713656,0.21487592546919085,0.23963246736007468
HP0438,5efbe3c91cb67519d2f20b7b|lt|0,5efbe3c91cb67519d2f20b7b,lt,0,6.0,6,1,Moral,0.19884554324223272,0.5910933627528139,0.15853841912405686,0.05152267488089652
HP0439,677495e069e5abd571445a65|kw|0,677495e069e5abd571445a65,kw,0,6.0,6,1,Moral,0.39517525916560875,0.4151852222050605,0.10634181887510843,0.08329769975422228
HP0440,63c15473935ae0d7279b094f|kw|0,63c15473935ae0d7279b094f,kw,0,8.5,6,1,Moral,0.14960933382239144,0.7491932673353,0.061398606363643325,0.039798792478665176
HP0441,65abe8df479fdc244d1643b2|kw|0,65abe8df479fdc244d1643b2,kw,0,6.0,6,1,Moral,0.18500235463348227,0.7456769190405609,0.02350770232722836,0.04581302399872832
HP0442,5ac6e74f9534ba0001c756d5|lt|0,5ac6e74f9534ba0001c756d5,lt,0,6.0,6,1,Moral,0.25838561308901076,0.5974370583092572,0.08336623946316762,0.060811089138564305
HP0443,5c3f2e175fe5c60001ffc302|lt|0,5c3f2e175fe5c60001ffc302,lt,0,7.0,6,1,Moral,0.19884554324223272,0.5910933627528139,0.15853841912405686,0.05152267488089652
HP0444,5c83394a3e93bf0001e143d6|kw|0,5c83394a3e93bf0001e143d6,kw,0,12.0,6,1,Moral,0.14960933382239125,0.7491932673353003,0.0613986063636433,0.03979879247866513
HP0445,5855b0d59fcc070001dfe2a7|lt|0,5855b0d59fcc070001dfe2a7,lt,0,6.0,6,1,Moral,0.30465731767265686,0.5952060746423841,0.03354765414456286,0.06658895354039626
HP0446,5fff542aeed8c2065133114e|kw|0,5fff542aeed8c2065133114e,kw,0,10.0,6,1,Moral,0.1988455432422329,0.5910933627528141,0.15853841912405636,0.05152267488089649
HP0447,605a943f4994cf6834e4e8c6|lt|0,605a943f4994cf6834e4e8c6,lt,0,6.0,6,1,Moral,0.14960933382239125,0.7491932673353003,0.0613986063636433,0.03979879247866513
HP0448,5b25b16e34ffd00001b43e24|kw|0,5b25b16e34ffd00001b43e24,kw,0,10.0,6,1,Moral,0.19884554324223272,0.5910933627528139,0.15853841912405686,0.05152267488089652
HP0449,671fb7534780312b6355a4c1|kw|0,671fb7534780312b6355a4c1,kw,0,6.0,6,1,Moral,0.18500235463348227,0.7456769190405609,0.02350770232722836,0.04581302399872832
HP0450,60ddc62b071a009e0b0c2922|lt|0,60ddc62b071a009e0b0c2922,lt,0,6.0,6,1,Moral,0.19884554324223272,0.5910933627528139,0.15853841912405686,0.05152267488089652
HP0451,5e87c385d43d19456f757328|kw|0,5e87c385d43d19456f757328,kw,0,12.0,6,1,Moral,0.14960933382239144,0.7491932673353,0.061398606363643325,0.039798792478665176
HP0452,5bd4c1d09afb5b00015c5bdd|lt|0,5bd4c1d09afb5b00015c5bdd,lt,0,6.0,6,1,Moral,0.09654593894840305,0.8614964609466287,0.014615253293266987,0.027342346811701345
HP0453,6723fefd7a09fe9da8f9bd10|kw|0,6723fefd7a09fe9da8f9bd10,kw,0,6.0,6,1,Moral,0.14960933382239136,0.7491932673353002,0.0613986063636433,0.03979879247866516
HP0454,67ec2dbc404fd41af3fd389a|lt|0,67ec2dbc404fd41af3fd389a,lt,0,8.0,6,1,Moral,0.18500235463348177,0.7456769190405618,0.023507702327228236,0.04581302399872819
HP0455,66cf21b57ed16b335a50bddf|kw|0,66cf21b57ed16b335a50bddf,kw,0,6.0,6,1,Moral,0.25838561308901076,0.5974370583092572,0.0833662394631677,0.060811089138564305
HP0456,66e1ee920e1ee1e658264d5b|lt|0,66e1ee920e1ee1e658264d5b,lt,0,6.0,6,1,Moral,0.25838561308901076,0.5974370583092572,0.08336623946316762,0.060811089138564305
HP0457,56abcb46f209e0000adab961|lt|0,56abcb46f209e0000adab961,lt,0,6.0,6,1,Moral,0.14960933382239144,0.7491932673353,0.061398606363643325,0.039798792478665176
HP0458,5a86357bae9a0b0001a9f14e|kw|0,5a86357bae9a0b0001a9f14e,kw,0,6.5,6,1,Moral,0.09654593894840305,0.8614964609466287,0.014615253293266987,0.027342346811701345
HP0459,62865cb9d41a9e2aaf141c84|kw|0,62865cb9d41a9e2aaf141c84,kw,0,8.5,6,0,No clear justification,0.45050155636698613,0.41685048876626024,0.0443155238613381,0.08833243100541549
HP0460,6148bbcd519a30b146897026|lt|0,6148bbcd519a30b146897026,lt,0,6.0,6,1,Moral,0.14960933382239125,0.7491932673353003,0.0613986063636433,0.03979879247866513
HP0461,667abc1762de46b3164e4c07|kw|0,667abc1762de46b3164e4c07,kw,0,8.0,6,1,Moral,0.19884554324223272,0.5910933627528139,0.15853841912405686,0.05152267488089652
HP0462,57541379f5000a0006b06ab4|kw|0,57541379f5000a0006b06ab4,kw,0,6.0,6,1,Moral,0.32116490551879046,0.40567990485829913,0.1986636632979257,0.07449152632498468
HP0463,6115ddc1b0981cea63afacce|lt|0,6115ddc1b0981cea63afacce,lt,0,8.0,6,1,Moral,0.25838561308901076,0.5974370583092572,0.08336623946316762,0.060811089138564305
HP0464,62fcc87b89f17c39f2bf27f7|kw|0,62fcc87b89f17c39f2bf27f7,kw,0,6.0,6,1,Moral,0.30465731767265686,0.5952060746423841,0.03354765414456286,0.06658895354039626
HP0465,6101ca2b4ef4ff44381fe3cd|lt|0,6101ca2b4ef4ff44381fe3cd,lt,0,6.0,6,1,Moral,0.19884554324223272,0.5910933627528139,0.15853841912405686,0.05152267488089652
HP0466,644c34bee80856c9546c7312|kw|0,644c34bee80856c9546c7312,kw,0,6.0,6,0,No clear justification,0.30465731767265686,0.595206074642384,0.03354765414456286,0.06658895354039626
HP0467,60aa73f653d961e8b31909b3|lt|0,60aa73f653d961e8b31909b3,lt,0,6.0,6,1,Moral,0.30465731767265686,0.595206074642384,0.03354765414456286,0.06658895354039626
HP0468,5ecd41b94c2e85070cdafa60|lt|0,5ecd41b94c2e85070cdafa60,lt,0,8.0,6,1,Moral,0.19884554324223272,0.5910933627528139,0.15853841912405686,0.05152267488089652
HP0469,67670650760358754c284066|kw|0,67670650760358754c284066,kw,0,8.0,6,1,Moral,0.09654593894840305,0.8614964609466287,0.014615253293266987,0.027342346811701345
HP0470,67798247d6fc9e510470baef|lt|0,67798247d6fc9e510470baef,lt,0,6.0,6,0,No clear justification,0.18500235463348227,0.7456769190405609,0.02350770232722836,0.04581302399872832
HP0471,5eddaa6d115bb4ac7e59f153|kw|0,5eddaa6d115bb4ac7e59f153,kw,0,10.0,6,1,Moral,0.14960933382239144,0.7491932673353,0.061398606363643325,0.039798792478665176
HP0472,63ea5b93d1c6d38e1f57dcfa|kw|0,63ea5b93d1c6d38e1f57dcfa,kw,0,6.0,6,1,Moral,0.14960933382239144,0.7491932673353,0.061398606363643325,0.039798792478665176
HP0473,655f8d03e234484afb1c3d51|kw|0,655f8d03e234484afb1c3d51,kw,0,6.0,6,1,Moral,0.14960933382239144,0.7491932673353,0.061398606363643325,0.039798792478665176
HP0474,6671c66b6e4bc111961291ae|lt|0,6671c66b6e4bc111961291ae,lt,0,7.0,6,1,Moral,0.09654593894840305,0.8614964609466287,0.014615253293266987,0.027342346811701345
HP0475,675d9cf5d9b26c34bbac262b|lt|0,675d9cf5d9b26c34bbac262b,lt,0,5.5,6,1,Moral,0.14960933382239144,0.7491932673353,0.061398606363643325,0.039798792478665176
HP0476,5f970ff3eff5040736b63117|kw|0,5f970ff3eff5040736b63117,kw,0,12.0,6,1,Moral,0.32116490551879046,0.40567990485829913,0.1986636632979257,0.07449152632498468
HP0477,678fba732e3c7c2620e94db9|lt|0,678fba732e3c7c2620e94db9,lt,0,6.0,6,1,Moral,0.39517525916560875,0.4151852222050605,0.10634181887510843,0.08329769975422228
HP0478,66587fc76ffbd0dff98853c6|lt|0,66587fc76ffbd0dff98853c6,lt,0,0.0,6,0,No clear justification,0.39517525916560864,0.4151852222050607,0.10634181887510843,0.08329769975422224
HP0479,6719761fc33e7e0d88199445|kw|0,6719761fc33e7e0d88199445,kw,0,9.0,6,1,Moral,0.14960933382239144,0.7491932673353,0.061398606363643325,0.039798792478665176
HP0480,662fa48c0b5e59f9bd5322cc|kw|0,662fa48c0b5e59f9bd5322cc,kw,0,6.0,6,1,Moral,0.19884554324223272,0.5910933627528139,0.15853841912405686,0.05152267488089652
HP0481,5dbf3be9aab19f3e2dab2f4d|lt|0,5dbf3be9aab19f3e2dab2f4d,lt,0,6.0,6,1,Moral,0.39517525916560875,0.4151852222050605,0.10634181887510843,0.08329769975422228
HP0482,5ee55d2d0eccfc2a733ad0db|lt|0,5ee55d2d0eccfc2a733ad0db,lt,0,6.0,6,1,Moral,0.19884554324223272,0.5910933627528139,0.15853841912405686,0.05152267488089652
HP0483,5bce2c5253de59000184642a|kw|0,5bce2c5253de59000184642a,kw,0,6.0,6,1,Moral,0.14960933382239144,0.7491932673353,0.061398606363643325,0.039798792478665176
HP0484,6662ad148ef5e11fdf2dd894|lt|0,6662ad148ef5e11fdf2dd894,lt,0,6.0,6,1,Moral,0.19884554324223272,0.5910933627528139,0.15853841912405686,0.05152267488089652
HP0485,5bb3e443951bd40001f1e0fd|kw|0,5bb3e443951bd40001f1e0fd,kw,0,10.0,6,1,Moral,0.18500235463348177,0.7456769190405618,0.023507702327228236,0.04581302399872819
HP0486,6735456e8034ea7e61eac785|lt|0,6735456e8034ea7e61eac785,lt,0,6.0,6,2,Mutual Benefit / Cooperation,0.43628371582204384,0.20063744085164847,0.11530833810712406,0.24777050521918362
HP0487,6681e05e37692ab271e02312|lt|0,6681e05e37692ab271e02312,lt,0,7.0,6,0,No clear justification,0.39517525916560864,0.4151852222050607,0.10634181887510843,0.08329769975422224
HP0488,610acbfd3ae11a1b16a1c3ee|lt|0,610acbfd3ae11a1b16a1c3ee,lt,0,6.0,6,1,Moral,0.39517525916560875,0.4151852222050605,0.10634181887510843,0.08329769975422228
HP0489,5eaeeae9cde8075d1f14c369|lt|0,5eaeeae9cde8075d1f14c369,lt,0,6.0,6,1,Moral,0.14960933382239125,0.7491932673353003,0.0613986063636433,0.03979879247866513
HP0490,62e98b16791977c7b8e645b2|kw|0,62e98b16791977c7b8e645b2,kw,0,6.0,6,0,No clear justification,0.6055011420679335,0.23091316297702333,0.054766898380815186,0.10881879657422795
HP0491,6621a2f38453311275d17d65|kw|0,6621a2f38453311275d17d65,kw,0,6.0,6,1,Moral,0.09654593894840305,0.8614964609466287,0.014615253293266987,0.027342346811701345
HP0492,578bb26f6cc44500010448c8|lt|0,578bb26f6cc44500010448c8,lt,0,6.0,6,3,Self-interest,0.1988455432422329,0.5910933627528141,0.15853841912405636,0.05152267488089649
HP0493,66bd25fdae3afa8b2a215da6|kw|0,66bd25fdae3afa8b2a215da6,kw,0,6.0,6,1,Moral,0.4505015563669862,0.4168504887662603,0.0443155238613381,0.08833243100541549
HP0494,672d2977ae54935ef84a2b74|kw|0,672d2977ae54935ef84a2b74,kw,0,6.0,6,1,Moral,0.25838561308901076,0.5974370583092572,0.08336623946316762,0.060811089138564305
HP0495,60299d096ab1b93a43d650a7|kw|0,60299d096ab1b93a43d650a7,kw,0,6.0,6,1,Moral,0.14960933382239144,0.7491932673353,0.061398606363643325,0.039798792478665176
HP0496,596214729955ee00015bce36|lt|0,596214729955ee00015bce36,lt,0,6.0,6,1,Moral,0.14960933382239144,0.7491932673353,0.061398606363643325,0.039798792478665176
HP0497,5eac3597d327962548ce2cd3|kw|0,5eac3597d327962548ce2cd3,kw,0,12.0,6,1,Moral,0.14960933382239144,0.7491932673353,0.061398606363643325,0.039798792478665176
HP0498,5f68fe45f544c70bb0f525e6|lt|0,5f68fe45f544c70bb0f525e6,lt,0,6.0,6,1,Moral,0.14960933382239144,0.7491932673353,0.061398606363643325,0.039798792478665176
HP0499,66f0a4b44573af0b7f3ecb3d|lt|0,66f0a4b44573af0b7f3ecb3d,lt,0,6.0,6,1,Moral,0.14960933382239144,0.7491932673353,0.061398606363643325,0.039798792478665176
HP0500,66535915cbec1d69819d3933|lt|0,66535915cbec1d69819d3933,lt,0,6.0,6,1,Moral,0.19884554324223272,0.5910933627528139,0.15853841912405686,0.05152267488089652
HP0501,652d345392daf75ed7f323a6|kw|0,652d345392daf75ed7f323a6,kw,0,12.0,6,1,Moral,0.31536570276042825,0.38099798278048497,0.09552068143345806,0.20811563302562888
HP0502,666344916bdba2e2c980dcd0|lt|0,666344916bdba2e2c980dcd0,lt,0,6.0,6,3,Self-interest,0.32116490551879046,0.40567990485829913,0.1986636632979257,0.07449152632498468
HP0503,5c6c917e5902c9000164116c|kw|0,5c6c917e5902c9000164116c,kw,0,12.0,6,1,Moral,0.14960933382239144,0.7491932673353,0.061398606363643325,0.039798792478665176
HP0504,66786fd4594ab649c244de43|kw|0,66786fd4594ab649c244de43,kw,0,6.0,6,1,Moral,0.18500235463348177,0.7456769190405618,0.023507702327228236,0.04581302399872819
HP0505,606494cd5aa6eec759e99983|kw|0,606494cd5aa6eec759e99983,kw,0,12.0,6,1,Moral,0.14960933382239144,0.7491932673353,0.061398606363643325,0.039798792478665176
HP0506,6419cfe35db47397bee1b0e1|lt|0,6419cfe35db47397bee1b0e1,lt,0,6.0,6,1,Moral,0.14960933382239144,0.7491932673353,0.061398606363643325,0.039798792478665176
HP0507,6431c58ce5be91cd5c2c5d8f|lt|0,6431c58ce5be91cd5c2c5d8f,lt,0,6.0,6,1,Moral,0.39517525916560875,0.4151852222050605,0.10634181887510843,0.08329769975422228
HP0508,611e7207aaf352cb4c807e78|kw|0,611e7207aaf352cb4c807e78,kw,0,11.5,6,1,Moral,0.32116490551879046,0.40567990485829913,0.1986636632979257,0.07449152632498468
HP0509,66baeb26193b68793e6575f2|lt|0,66baeb26193b68793e6575f2,lt,0,6.0,6,1,Moral,0.19884554324223272,0.5910933627528139,0.15853841912405686,0.05152267488089652
HP0510,5e70bf61017e070009a8a738|kw|0,5e70bf61017e070009a8a738,kw,0,6.0,6,1,Moral,0.25838561308901076,0.5974370583092572,0.08336623946316762,0.060811089138564305
HP0511,5ea29c5cad06661b01230684|lt|0,5ea29c5cad06661b01230684,lt,0,4.0,6,3,Self-interest,0.34830443724540716,0.1919483695916246,0.3771164204066693,0.08263077275629906
HP0512,60a56378aa5f55ddac516adc|lt|0,60a56378aa5f55ddac516adc,lt,0,6.0,6,1,Moral,0.25838561308901076,0.5974370583092572,0.08336623946316762,0.060811089138564305
HP0513,5e580bcf4782bd01723249e2|lt|0,5e580bcf4782bd01723249e2,lt,0,12.0,6,1,Moral,0.25838561308901076,0.5974370583092572,0.0833662394631677,0.060811089138564305
HP0514,676c67883fa1ba4ea4eb05a7|kw|0,676c67883fa1ba4ea4eb05a7,kw,0,12.0,6,1,Moral,0.14960933382239144,0.7491932673353,0.061398606363643325,0.039798792478665176
HP0515,558965bffdf99b74158d77dd|lt|0,558965bffdf99b74158d77dd,lt,0,8.0,6,1,Moral,0.25838561308901076,0.5974370583092572,0.0833662394631677,0.060811089138564305
HP0516,6000cfb6be1cd0204ed257c7|lt|0,6000cfb6be1cd0204ed257c7,lt,0,10.0,6,0,No clear justification,0.5419600825083313,0.22550301683560242,0.12804612315300323,0.10449077750306299
HP0517,5f5ce7f940a2614f6cb6e747|kw|0,5f5ce7f940a2614f6cb6e747,kw,0,12.0,6,1,Moral,0.31536570276042825,0.380997982780485,0.0955206814334581,0.20811563302562877
HP0518,6155e95c0808b015514b34e0|lt|0,6155e95c0808b015514b34e0,lt,0,6.0,6,0,No clear justification,0.45455174719895586,0.21370392666218987,0.23550147233666643,0.09624285380218783
HP0519,5c4e68d8bcc3dc00015501fb|kw|0,5c4e68d8bcc3dc00015501fb,kw,0,6.0,6,1,Moral,0.25838561308901076,0.5974370583092572,0.08336623946316762,0.060811089138564305
HP0520,59f38493da08940001d4e599|lt|0,59f38493da08940001d4e599,lt,0,6.0,6,1,Moral,0.14960933382239144,0.7491932673353,0.061398606363643325,0.039798792478665176
HP0521,63d5438c43c3c41d0ffd96c0|lt|0,63d5438c43c3c41d0ffd96c0,lt,0,12.0,6,0,No clear justification,0.49431998181733666,0.20762171612144636,0.04818565095013214,0.24987265111108478
HP0522,5de92feac16a6b000e8add98|lt|0,5de92feac16a6b000e8add98,lt,0,6.0,6,1,Moral,0.32116490551879046,0.40567990485829913,0.1986636632979257,0.07449152632498468
HP0523,5d6807f9778de5001a120d9a|lt|0,5d6807f9778de5001a120d9a,lt,0,12.0,6,0,No clear justification,0.45455174719895586,0.21370392666218987,0.23550147233666643,0.09624285380218783
HP0524,5ea7f2a576434f0008303441|lt|0,5ea7f2a576434f0008303441,lt,0,12.0,6,0,No clear justification,0.39517525916560864,0.4151852222050607,0.10634181887510843,0.08329769975422224
HP0525,59d44f0a078dbe00019511a9|lt|0,59d44f0a078dbe00019511a9,lt,0,12.0,6,1,Moral,0.19884554324223272,0.5910933627528139,0.15853841912405686,0.05152267488089652
HP0526,5d6ebbf926b44400175f445a|kw|0,5d6ebbf926b44400175f445a,kw,0,6.0,6,1,Moral,0.4505015563669862,0.4168504887662603,0.0443155238613381,0.08833243100541549
HP0527,6701f65ca63a3fae9d2e820e|lt|0,6701f65ca63a3fae9d2e820e,lt,0,10.5,6,1,Moral,0.30465731767265686,0.5952060746423841,0.03354765414456286,0.06658895354039626
HP0528,657b0ede27d064a99e80f7f2|lt|0,657b0ede27d064a99e80f7f2,lt,0,8.0,6,1,Moral,0.14960933382239144,0.7491932673353,0.061398606363643325,0.039798792478665176
HP0529,629e11c0d89e0c18f21e687a|kw|0,629e11c0d89e0c18f21e687a,kw,0,12.0,6,1,Moral,0.19884554324223272,0.5910933627528139,0.15853841912405686,0.05152267488089652
HP0530,5e42c26bcea1861491e28258|lt|0,5e42c26bcea1861491e28258,lt,0,8.0,6,1,Moral,0.25838561308901076,0.5974370583092572,0.0833662394631677,0.060811089138564305
HP0531,63cfefc43323e05d2a6f554b|lt|0,63cfefc43323e05d2a6f554b,lt,0,4.0,6,0,No clear justification,0.25838561308901076,0.5974370583092572,0.0833662394631677,0.060811089138564305
HP0532,6539445c1ace74e4d496f8e0|lt|0,6539445c1ace74e4d496f8e0,lt,0,8.0,6,0,No clear justification,0.30465731767265686,0.595206074642384,0.03354765414456286,0.06658895354039626
HP0533,669a88248079035630cd7587|lt|0,669a88248079035630cd7587,lt,0,6.0,6,1,Moral,0.19884554324223272,0.5910933627528139,0.15853841912405686,0.05152267488089652
HP0534,643b6eed100835cd04b81bd5|lt|0,643b6eed100835cd04b81bd5,lt,0,6.0,6,1,Moral,0.39517525916560875,0.4151852222050605,0.10634181887510843,0.08329769975422228
HP0535,604e839302a74c2f2990f713|kw|0,604e839302a74c2f2990f713,kw,0,6.0,6,1,Moral,0.25838561308901076,0.5974370583092572,0.08336623946316762,0.060811089138564305
HP0536,66e34d0934e6711bedcc6e1f|lt|0,66e34d0934e6711bedcc6e1f,lt,0,6.0,6,1,Moral,0.19884554324223272,0.5910933627528139,0.15853841912405686,0.05152267488089652
HP0537,6288200662bdd110ddecad7a|lt|0,6288200662bdd110ddecad7a,lt,0,12.0,6,0,No clear justification,0.6055011420679335,0.23091316297702333,0.054766898380815186,0.10881879657422795
HP0538,5bc913d99427200001dd47f5|lt|0,5bc913d99427200001dd47f5,lt,0,6.0,6,0,No clear justification,0.32116490551879046,0.40567990485829913,0.1986636632979257,0.07449152632498468
HP0539,6272c6f165b55d496f5fae1a|kw|0,6272c6f165b55d496f5fae1a,kw,0,6.0,6,1,Moral,0.14960933382239144,0.7491932673353,0.061398606363643325,0.039798792478665176
HP0540,58daa58731506e0001448ccf|kw|0,58daa58731506e0001448ccf,kw,0,9.0,6,1,Moral,0.09654593894840305,0.8614964609466287,0.014615253293266987,0.027342346811701345
HP0541,5727d93522e522000e7a0a3c|kw|0,5727d93522e522000e7a0a3c,kw,0,8.0,6,1,Moral,0.14960933382239144,0.7491932673353,0.061398606363643325,0.039798792478665176
HP0542,67aa4c3d54c8e17bcc8a7975|lt|0,67aa4c3d54c8e17bcc8a7975,lt,0,8.0,6,1,Moral,0.19884554324223272,0.5910933627528139,0.15853841912405686,0.05152267488089652
HP0543,6108353b27dad2165c694212|lt|0,6108353b27dad2165c694212,lt,0,6.0,6,1,Moral,0.19884554324223272,0.5910933627528139,0.15853841912405686,0.05152267488089652
HP0544,6605e2b8ed85746d2f6aed25|lt|0,6605e2b8ed85746d2f6aed25,lt,0,8.0,6,1,Moral,0.09654593894840305,0.8614964609466287,0.014615253293266987,0.027342346811701345
HP0545,641640ace28d2bb30c45c595|kw|0,641640ace28d2bb30c45c595,kw,0,6.0,6,1,Moral,0.14960933382239144,0.7491932673353,0.061398606363643325,0.039798792478665176
HP0546,55d7805c69dbc30012b67f32|lt|0,55d7805c69dbc30012b67f32,lt,0,6.0,6,1,Moral,0.14960933382239144,0.7491932673353,0.061398606363643325,0.039798792478665176
HP0547,5ea166af93435d0008a8a341|kw|0,5ea166af93435d0008a8a341,kw,0,8.0,6,3,Self-interest,0.14960933382239142,0.7491932673353,0.0613986063636433,0.03979879247866516
HP0548,5d61547443c13200193ccb12|lt|0,5d61547443c13200193ccb12,lt,0,8.0,6,1,Moral,0.19884554324223272,0.5910933627528139,0.15853841912405686,0.05152267488089652
HP0549,596de39c9fd5ee0001b704c3|kw|0,596de39c9fd5ee0001b704c3,kw,0,6.0,6,1,Moral,0.1442608451202745,0.7072591998152798,0.01989226806527387,0.12858768699917192
HP0550,5fb3d71c3144730009fe4a7b|lt|0,5fb3d71c3144730009fe4a7b,lt,0,6.0,6,1,Moral,0.19884554324223272,0.5910933627528139,0.15853841912405686,0.05152267488089652
HP0551,5e7a0da5c8327f0406f24b9a|kw|0,5e7a0da5c8327f0406f24b9a,kw,0,12.0,6,1,Moral,0.14960933382239144,0.7491932673353,0.061398606363643325,0.039798792478665176
HP0552,65dfd1cdf84b3237168a720b|kw|0,65dfd1cdf84b3237168a720b,kw,0,12.0,6,1,Moral,0.14960933382239144,0.7491932673353,0.061398606363643325,0.039798792478665176
HP0553,6392360efb6e254ffd31e722|kw|0,6392360efb6e254ffd31e722,kw,0,12.0,6,1,Moral,0.30465731767265686,0.5952060746423841,0.03354765414456286,0.06658895354039626
HP0554,5e90b34a9e934e3ccc7330ba|lt|0,5e90b34a9e934e3ccc7330ba,lt,0,6.0,6,1,Moral,0.19884554324223272,0.5910933627528139,0.15853841912405686,0.05152267488089652
HP0555,57d0a0bee3221e00015fe385|kw|0,57d0a0bee3221e00015fe385,kw,0,12.0,6,1,Moral,0.09654593894840305,0.8614964609466287,0.014615253293266987,0.027342346811701345
HP0556,5d59d45948766d0018949d58|kw|0,5d59d45948766d0018949d58,kw,0,12.0,6,1,Moral,0.2035399356923175,0.5581452350113723,0.07445853446586707,0.1638562948304432
HP0557,659615bbb34696ca92b045c6|lt|0,659615bbb34696ca92b045c6,lt,0,7.0,6,0,No clear justification,0.32116490551879046,0.40567990485829913,0.1986636632979257,0.07449152632498468
HP0558,57aa96584cda6e0001842142|kw|0,57aa96584cda6e0001842142,kw,0,6.0,6,1,Moral,0.14960933382239144,0.7491932673353,0.061398606363643325,0.039798792478665176
HP0559,6640b22bdbc5620b17c3f375|kw|0,6640b22bdbc5620b17c3f375,kw,0,6.0,6,1,Moral,0.18500235463348227,0.7456769190405609,0.02350770232722836,0.04581302399872832
HP0560,6640bdfe02e53e598b28c8a8|kw|0,6640bdfe02e53e598b28c8a8,kw,0,6.0,6,1,Moral,0.18500235463348177,0.7456769190405618,0.023507702327228236,0.04581302399872819
HP0561,5d548912e1c7130018e019dc|kw|0,5d548912e1c7130018e019dc,kw,0,7.0,6,1,Moral,0.14960933382239144,0.7491932673353,0.061398606363643325,0.039798792478665176
HP0562,62681384fd4e3b590854ac76|lt|0,62681384fd4e3b590854ac76,lt,0,6.0,6,1,Moral,0.19884554324223272,0.5910933627528139,0.15853841912405686,0.05152267488089652
HP0563,5d53326a70729700015efb69|kw|0,5d53326a70729700015efb69,kw,0,8.0,6,0,No clear justification,0.30465731767265686,0.5952060746423841,0.03354765414456286,0.06658895354039626
HP0564,64337cc5c12109dc730de8c6|kw|0,64337cc5c12109dc730de8c6,kw,0,9.0,6,1,Moral,0.19884554324223272,0.5910933627528139,0.15853841912405686,0.05152267488089652
HP0565,647be991db1ffbd6bbcc5bc6|kw|0,647be991db1ffbd6bbcc5bc6,kw,0,6.0,6,1,Moral,0.18500235463348177,0.7456769190405618,0.023507702327228236,0.04581302399872819
HP0566,5d4699cbda9cb60015aa45f7|lt|0,5d4699cbda9cb60015aa45f7,lt,0,6.0,6,1,Moral,0.25838561308901076,0.5974370583092572,0.08336623946316762,0.060811089138564305
HP0567,63d546d88ccf3a038620bb8c|lt|0,63d546d88ccf3a038620bb8c,lt,0,8.0,6,1,Moral,0.2035399356923175,0.5581452350113723,0.07445853446586707,0.1638562948304432
HP0568,6758b26446c5556e1afcc4ca|lt|0,6758b26446c5556e1afcc4ca,lt,0,6.0,6,1,Moral,0.4505015563669862,0.4168504887662603,0.0443155238613381,0.08833243100541549
HP0569,679023f5b7572e2b6cb86bf7|kw|0,679023f5b7572e2b6cb86bf7,kw,0,8.0,6,1,Moral,0.14960933382239144,0.7491932673353,0.061398606363643325,0.039798792478665176
HP0570,547272b4fdf99b44c5647418|kw|0,547272b4fdf99b44c5647418,kw,0,11.0,6,1,Moral,0.09654593894840305,0.8614964609466287,0.014615253293266987,0.027342346811701345
HP0571,5bd6b1636546650001036115|lt|0,5bd6b1636546650001036115,lt,0,12.0,6,0,No clear justification,0.18500235463348227,0.7456769190405609,0.02350770232722836,0.04581302399872832
HP0572,665990d77206343f142e900b|kw|0,665990d77206343f142e900b,kw,0,6.0,6,2,Mutual Benefit / Cooperation,0.20353993569231724,0.5581452350113726,0.07445853446586712,0.1638562948304432
HP0573,66cba302d70a26c630d75afc|kw|0,66cba302d70a26c630d75afc,kw,0,8.0,6,1,Moral,0.14960933382239144,0.7491932673353,0.061398606363643325,0.039798792478665176
HP0574,5f5ba70b547cf6320759e068|lt|0,5f5ba70b547cf6320759e068,lt,0,6.0,6,1,Moral,0.19884554324223272,0.5910933627528139,0.15853841912405686,0.05152267488089652
HP0575,631b32b0796f2941b55e7d58|lt|0,631b32b0796f2941b55e7d58,lt,0,6.0,6,1,Moral,0.25838561308901076,0.5974370583092572,0.08336623946316762,0.060811089138564305
HP0576,67ace31300abf1fb686b8ce1|kw|0,67ace31300abf1fb686b8ce1,kw,0,6.0,6,1,Moral,0.18500235463348177,0.7456769190405618,0.023507702327228236,0.04581302399872819
HP0577,6486aa634b94f1dd568fd487|kw|0,6486aa634b94f1dd568fd487,kw,0,6.0,6,1,Moral,0.30465731767265686,0.5952060746423841,0.03354765414456286,0.06658895354039626
HP0578,6541138589de324968b6c99d|kw|0,6541138589de324968b6c99d,kw,0,6.0,6,1,Moral,0.1988455432422329,0.5910933627528141,0.15853841912405636,0.05152267488089649
HP0579,5975b75a2356570001085d0c|lt|0,5975b75a2356570001085d0c,lt,0,8.0,6,1,Moral,0.25838561308901076,0.5974370583092572,0.08336623946316762,0.060811089138564305
HP0580,676573c214fa1ff2ce7f1b11|kw|0,676573c214fa1ff2ce7f1b11,kw,0,5.5,6,1,Moral,0.4505015563669862,0.4168504887662603,0.0443155238613381,0.08833243100541549
HP0581,5ea48ae3461d1044f2d282cc|lt|0,5ea48ae3461d1044f2d282cc,lt,0,6.0,6,1,Moral,0.09654593894840305,0.8614964609466287,0.014615253293266987,0.027342346811701345
HP0582,68588c0e318290286d99fbac|lt|0,68588c0e318290286d99fbac,lt,0,6.0,6,0,No clear justification,0.6055011420679335,0.23091316297702333,0.054766898380815186,0.10881879657422795
HP0583,5919adda0329e90001578e5f|lt|0,5919adda0329e90001578e5f,lt,0,6.0,6,1,Moral,0.14960933382239125,0.7491932673353003,0.0613986063636433,0.03979879247866513
HP0584,5f8a08f7ada1650a0096396e|kw|0,5f8a08f7ada1650a0096396e,kw,0,7.0,6,1,Moral,0.30465731767265686,0.5952060746423841,0.03354765414456286,0.06658895354039626
HP0585,5bfd81fb2feab400014d9060|kw|0,5bfd81fb2feab400014d9060,kw,0,6.0,6,1,Moral,0.14960933382239144,0.7491932673353,0.061398606363643325,0.039798792478665176
HP0586,63ea6344bf5cfafd40b0dce2|lt|0,63ea6344bf5cfafd40b0dce2,lt,0,6.0,6,1,Moral,0.14960933382239125,0.7491932673353003,0.0613986063636433,0.03979879247866513
HP0587,5e16bce18dffa0c6f76cda9b|lt|0,5e16bce18dffa0c6f76cda9b,lt,0,8.0,6,1,Moral,0.14960933382239144,0.7491932673353,0.061398606363643325,0.039798792478665176
HP0588,63468a615fe324360bedf63e|kw|0,63468a615fe324360bedf63e,kw,0,12.0,6,1,Moral,0.25838561308901076,0.5974370583092572,0.08336623946316762,0.060811089138564305
HP0589,56aa90d5638440000c8b506f|kw|0,56aa90d5638440000c8b506f,kw,0,6.0,6,1,Moral,0.25838561308901076,0.5974370583092572,0.08336623946316762,0.060811089138564305
HP0590,6773d468b0b6f6aacb19640d|kw|0,6773d468b0b6f6aacb19640d,kw,0,10.0,6,1,Moral,0.25838561308901076,0.5974370583092572,0.08336623946316762,0.060811089138564305
HP0591,66df3be52e3a37738fecdf1a|lt|0,66df3be52e3a37738fecdf1a,lt,0,4.0,6,1,Moral,0.14960933382239125,0.7491932673353003,0.0613986063636433,0.03979879247866513
HP0592,66535c666b8b41bd15d36ce0|kw|0,66535c666b8b41bd15d36ce0,kw,0,6.0,6,1,Moral,0.18500235463348177,0.7456769190405618,0.023507702327228236,0.04581302399872819
HP0593,5d671936b5671a0017326ace|kw|0,5d671936b5671a0017326ace,kw,0,9.0,6,1,Moral,0.19884554324223272,0.5910933627528139,0.15853841912405686,0.05152267488089652
HP0594,65eddbd7c76a5d7285c0c416|kw|0,65eddbd7c76a5d7285c0c416,kw,0,8.0,6,1,Moral,0.09654593894840305,0.8614964609466287,0.014615253293266987,0.027342346811701345
HP0595,613b94b83b5cb4c72904f8b3|kw|0,613b94b83b5cb4c72904f8b3,kw,0,8.0,6,1,Moral,0.14960933382239144,0.7491932673353,0.061398606363643325,0.039798792478665176
HP0596,64834ca600dfc800b8242f95|kw|0,64834ca600dfc800b8242f95,kw,0,6.0,6,1,Moral,0.19884554324223272,0.5910933627528139,0.15853841912405686,0.05152267488089652
HP0597,5f218810dbe587339609aee4|kw|0,5f218810dbe587339609aee4,kw,0,12.0,6,1,Moral,0.09654593894840305,0.8614964609466287,0.014615253293266987,0.027342346811701345
HP0598,66293dd4c51422edb482d223|kw|0,66293dd4c51422edb482d223,kw,0,6.0,6,1,Moral,0.09654593894840305,0.8614964609466287,0.014615253293266987,0.027342346811701345
HP0599,5a22d662d6fdbc00011c92ce|kw|0,5a22d662d6fdbc00011c92ce,kw,0,7.0,6,0,No clear justification,0.5419600825083313,0.22550301683560242,0.12804612315300323,0.10449077750306299
HP0600,631123376033bb148edc0ebb|lt|0,631123376033bb148edc0ebb,lt,0,8.0,6,0,No clear justification,0.39517525916560864,0.4151852222050607,0.10634181887510843,0.08329769975422224
HP0601,66816b966ae4ada52898695c|kw|0,66816b966ae4ada52898695c,kw,0,12.0,6,1,Moral,0.09654593894840305,0.8614964609466287,0.014615253293266987,0.027342346811701345
HP0602,5e0629a51d46070022c94ac9|lt|0,5e0629a51d46070022c94ac9,lt,0,6.0,6,1,Moral,0.19884554324223272,0.5910933627528139,0.15853841912405686,0.05152267488089652
HP0603,5f2863bd78ff1f1085f77e19|lt|0,5f2863bd78ff1f1085f77e19,lt,0,6.0,6,1,Moral,0.19884554324223272,0.5910933627528139,0.15853841912405686,0.05152267488089652
HP0604,6306d39340264f76753706fd|kw|0,6306d39340264f76753706fd,kw,0,6.5,6,0,No clear justification,0.6055011420679335,0.23091316297702333,0.054766898380815186,0.10881879657422795
HP0605,5b15fd2b9663ee000146499e|kw|0,5b15fd2b9663ee000146499e,kw,0,6.0,6,1,Moral,0.2035399356923175,0.5581452350113723,0.07445853446586707,0.1638562948304432
HP0606,5e78e8c6593bf50831f704b8|kw|0,5e78e8c6593bf50831f704b8,kw,0,6.5,6,0,No clear justification,0.3951752591656087,0.4151852222050607,0.10634181887510834,0.08329769975422224
HP0607,6404f184dffe93798dca0f5f|kw|0,6404f184dffe93798dca0f5f,kw,0,6.0,6,1,Moral,0.25838561308901076,0.5974370583092572,0.08336623946316762,0.060811089138564305
HP0608,62976e7114308ee7c69d10ae|kw|0,62976e7114308ee7c69d10ae,kw,0,6.0,6,1,Moral,0.25838561308901076,0.5974370583092572,0.08336623946316762,0.060811089138564305
HP0609,63614f71fa75fcbcee84f2ac|lt|0,63614f71fa75fcbcee84f2ac,lt,0,6.0,6,1,Moral,0.14960933382239144,0.7491932673353,0.061398606363643325,0.039798792478665176
HP0610,5ec738ce3c7fd317a72dcfe6|lt|0,5ec738ce3c7fd317a72dcfe6,lt,0,6.0,6,1,Moral,0.18500235463348227,0.7456769190405609,0.02350770232722836,0.04581302399872832
HP0611,5d7874252f037f0016637125|lt|0,5d7874252f037f0016637125,lt,0,6.0,6,1,Moral,0.19884554324223272,0.5910933627528139,0.15853841912405686,0.05152267488089652
HP0612,646a2395c7c21c5772c607ab|lt|0,646a2395c7c21c5772c607ab,lt,0,6.0,6,1,Moral,0.25838561308901076,0.5974370583092572,0.08336623946316762,0.060811089138564305
HP0613,604bfe99dcaa286218d25fca|kw|0,604bfe99dcaa286218d25fca,kw,0,12.0,6,1,Moral,0.14960933382239144,0.7491932673353,0.061398606363643325,0.039798792478665176
HP0614,6761f1f5e7c2056f98daca5e|lt|0,6761f1f5e7c2056f98daca5e,lt,0,8.0,6,1,Moral,0.19884554324223272,0.5910933627528139,0.15853841912405686,0.05152267488089652
HP0615,5cd801d431d19f0019425e2e|kw|0,5cd801d431d19f0019425e2e,kw,0,6.0,6,1,Moral,0.30465731767265686,0.5952060746423841,0.03354765414456286,0.06658895354039626
HP0616,67aca52029509c486774daa1|kw|0,67aca52029509c486774daa1,kw,0,6.0,6,1,Moral,0.18500235463348177,0.7456769190405618,0.023507702327228236,0.04581302399872819
HP0617,602d4d4c654dbd73fc278783|lt|0,602d4d4c654dbd73fc278783,lt,0,8.0,6,1,Moral,0.39517525916560875,0.4151852222050605,0.10634181887510843,0.08329769975422228
HP0618,691e33df8b5c61b54f6de0d5|lt|0,691e33df8b5c61b54f6de0d5,lt,0,6.0,6,1,Moral,0.19884554324223272,0.5910933627528139,0.15853841912405686,0.05152267488089652
HP0619,6613eaa8e44e25e801f85215|kw|0,6613eaa8e44e25e801f85215,kw,0,6.0,6,1,Moral,0.25838561308901076,0.5974370583092572,0.0833662394631677,0.060811089138564305
HP0620,664f99fe99ad74bdbb1adc35|lt|0,664f99fe99ad74bdbb1adc35,lt,0,4.0,6,1,Moral,0.14960933382239144,0.7491932673353,0.061398606363643325,0.039798792478665176
HP0621,63792c65e92e706fdb44c08a|lt|0,63792c65e92e706fdb44c08a,lt,0,6.0,6,1,Moral,0.19884554324223272,0.5910933627528139,0.15853841912405686,0.05152267488089652
HP0622,66eada82e2a59d472d2dd086|kw|0,66eada82e2a59d472d2dd086,kw,0,6.0,6,1,Moral,0.14960933382239144,0.7491932673353,0.061398606363643325,0.039798792478665176
HP0623,60e0687e08d77efdaa4e9aa8|lt|0,60e0687e08d77efdaa4e9aa8,lt,0,8.0,6,1,Moral,0.19884554324223272,0.5910933627528139,0.15853841912405686,0.05152267488089652
HP0624,65831ec7a0cb41561b8e43e9|lt|0,65831ec7a0cb41561b8e43e9,lt,0,7.0,6,3,Self-interest,0.1988455432422329,0.5910933627528141,0.15853841912405636,0.05152267488089649
HP0625,66455f0cb0bc36b3cbe62bd0|lt|0,66455f0cb0bc36b3cbe62bd0,lt,0,6.0,6,1,Moral,0.39517525916560875,0.4151852222050605,0.10634181887510843,0.08329769975422228
HP0626,565c931eba63db00051cd52d|lt|0,565c931eba63db00051cd52d,lt,0,6.5,6,2,Mutual Benefit / Cooperation,0.49431998181733666,0.20762171612144636,0.04818565095013214,0.24987265111108473
HP0627,602fea460a29c4d98a5d8034|lt|0,602fea460a29c4d98a5d8034,lt,0,6.0,6,1,Moral,0.2035399356923175,0.5581452350113723,0.07445853446586712,0.16385629483044328
HP0628,671ffe48b75190b5502550f7|lt|0,671ffe48b75190b5502550f7,lt,0,6.0,6,1,Moral,0.25838561308901076,0.5974370583092572,0.08336623946316762,0.060811089138564305
HP0629,6306d4da805f2e38a841c3ad|kw|0,6306d4da805f2e38a841c3ad,kw,0,6.0,6,1,Moral,0.19884554324223272,0.5910933627528139,0.15853841912405686,0.05152267488089652
HP0630,67685ad9e0d7b8fc12217070|kw|0,67685ad9e0d7b8fc12217070,kw,0,6.0,6,1,Moral,0.32116490551879046,0.40567990485829913,0.1986636632979257,0.07449152632498468
HP0631,60dd8e0d3d47076064d30569|lt|0,60dd8e0d3d47076064d30569,lt,0,12.0,6,1,Moral,0.19884554324223272,0.5910933627528139,0.15853841912405686,0.05152267488089652
HP0632,66830d445073aae663d54dbd|lt|0,66830d445073aae663d54dbd,lt,0,7.5,6,1,Moral,0.32116490551879046,0.40567990485829913,0.1986636632979257,0.07449152632498468
HP0633,60ddf72ef11f891328449fb0|kw|0,60ddf72ef11f891328449fb0,kw,0,12.0,6,1,Moral,0.14960933382239144,0.7491932673353,0.061398606363643325,0.039798792478665176
HP0634,6755e799307c1a8afbb8c162|kw|0,6755e799307c1a8afbb8c162,kw,0,6.0,6,2,Mutual Benefit / Cooperation,0.20353993569231724,0.5581452350113726,0.07445853446586712,0.1638562948304432
HP0635,5c7f91a08fc24d001544e880|lt|0,5c7f91a08fc24d001544e880,lt,0,6.0,6,1,Moral,0.39517525916560875,0.4151852222050605,0.10634181887510843,0.08329769975422228
HP0636,63f78c9346da47f7f8f3aef9|lt|0,63f78c9346da47f7f8f3aef9,lt,0,6.0,6,1,Moral,0.25838561308901076,0.5974370583092572,0.08336623946316762,0.060811089138564305
HP0637,59ae654b5e7f4800010ef039|lt|0,59ae654b5e7f4800010ef039,lt,0,6.0,6,1,Moral,0.19884554324223272,0.5910933627528139,0.15853841912405686,0.05152267488089652
HP0638,5bba3eecccb6f40001851cb3|kw|0,5bba3eecccb6f40001851cb3,kw,0,6.0,6,1,Moral,0.18500235463348177,0.7456769190405618,0.023507702327228236,0.04581302399872819
HP0639,5fba54733359979ab9a16056|kw|0,5fba54733359979ab9a16056,kw,0,6.0,6,1,Moral,0.14960933382239144,0.7491932673353,0.061398606363643325,0.039798792478665176
HP0640,56c6e662b0b7a1000c5cdb21|lt|0,56c6e662b0b7a1000c5cdb21,lt,0,8.0,6,1,Moral,0.14960933382239144,0.7491932673353,0.061398606363643325,0.039798792478665176
HP0641,655b67877536d232728dfa6c|kw|0,655b67877536d232728dfa6c,kw,0,12.0,6,1,Moral,0.19884554324223272,0.5910933627528139,0.15853841912405686,0.05152267488089652
HP0642,60cf382898b50ef89e5efab3|lt|0,60cf382898b50ef89e5efab3,lt,0,8.0,6,1,Moral,0.2035399356923175,0.5581452350113723,0.07445853446586707,0.1638562948304432
HP0643,5e437d7404eaba215eafbd2a|lt|0,5e437d7404eaba215eafbd2a,lt,0,6.0,6,1,Moral,0.19884554324223272,0.5910933627528139,0.15853841912405686,0.05152267488089652
HP0644,6002ae1ea178912bfa128adf|lt|0,6002ae1ea178912bfa128adf,lt,0,6.0,6,1,Moral,0.19884554324223272,0.5910933627528139,0.15853841912405686,0.05152267488089652
HP0645,54ab0771fdf99b55c3f55227|lt|0,54ab0771fdf99b55c3f55227,lt,0,7.0,6,1,Moral,0.19884554324223272,0.5910933627528139,0.15853841912405686,0.05152267488089652
HP0646,5cc19e4f792ce5000145f764|lt|0,5cc19e4f792ce5000145f764,lt,0,6.0,6,1,Moral,0.25838561308901076,0.5974370583092572,0.08336623946316762,0.060811089138564305
HP0647,6926d10351d9647d730b84a8|kw|0,6926d10351d9647d730b84a8,kw,0,6.0,6,1,Moral,0.14960933382239144,0.7491932673353,0.061398606363643325,0.039798792478665176
HP0648,5d510396f6725b001a4fc025|kw|0,5d510396f6725b001a4fc025,kw,0,8.0,6,1,Moral,0.14960933382239144,0.7491932673353,0.061398606363643325,0.039798792478665176
HP0649,5c01d3c509e9c70001500b10|kw|0,5c01d3c509e9c70001500b10,kw,0,8.0,6,1,Moral,0.09654593894840305,0.8614964609466287,0.014615253293266987,0.027342346811701345
HP0650,667dd824a2d8ed14f560a9fa|lt|0,667dd824a2d8ed14f560a9fa,lt,0,4.0,6,1,Moral,0.25838561308901076,0.5974370583092572,0.0833662394631677,0.060811089138564305
HP0651,671e6d002c9289cb169875ed|kw|0,671e6d002c9289cb169875ed,kw,0,6.0,6,1,Moral,0.14960933382239144,0.7491932673353,0.061398606363643325,0.039798792478665176
HP0652,66fc218d3bbacd308ed20847|lt|0,66fc218d3bbacd308ed20847,lt,0,8.0,6,1,Moral,0.25838561308901076,0.5974370583092572,0.08336623946316762,0.060811089138564305
HP0653,5f0e16a89f0d68127670c288|lt|0,5f0e16a89f0d68127670c288,lt,0,6.0,6,1,Moral,0.19884554324223272,0.5910933627528139,0.15853841912405686,0.05152267488089652
HP0654,666a0a76b1d7349662971064|kw|0,666a0a76b1d7349662971064,kw,0,6.0,6,1,Moral,0.23561024871208971,0.3815754566278781,0.32167652797810586,0.06113776668192621
HP0655,660158b9a05b9c4adc616ff8|lt|0,660158b9a05b9c4adc616ff8,lt,0,8.0,6,1,Moral,0.14960933382239144,0.7491932673353,0.061398606363643325,0.039798792478665176
HP0656,6413599d52dc6500b2430165|kw|0,6413599d52dc6500b2430165,kw,0,6.0,6,1,Moral,0.14960933382239144,0.7491932673353,0.061398606363643325,0.039798792478665176
HP0657,67d89d92eb4323537c13b656|kw|0,67d89d92eb4323537c13b656,kw,0,6.0,6,1,Moral,0.14960933382239144,0.7491932673353,0.061398606363643325,0.039798792478665176
HP0658,654650713282e9e8d26d0b86|lt|0,654650713282e9e8d26d0b86,lt,0,6.0,6,1,Moral,0.25838561308901076,0.5974370583092572,0.08336623946316762,0.060811089138564305
HP0659,61118cf8dd195d72acb7594a|lt|0,61118cf8dd195d72acb7594a,lt,0,12.0,6,1,Moral,0.19884554324223272,0.5910933627528139,0.15853841912405686,0.05152267488089652
HP0660,6676ddf4aeae188a30f824f5|kw|0,6676ddf4aeae188a30f824f5,kw,0,10.0,6,1,Moral,0.32116490551879046,0.40567990485829913,0.1986636632979257,0.07449152632498468
HP0661,56f2a152ed0cf6000c913b6c|lt|0,56f2a152ed0cf6000c913b6c,lt,0,6.0,6,1,Moral,0.19884554324223272,0.5910933627528139,0.15853841912405686,0.05152267488089652
HP0662,67785cef31ee995e28d95c29|lt|0,67785cef31ee995e28d95c29,lt,0,6.0,6,1,Moral,0.19884554324223272,0.5910933627528139,0.15853841912405686,0.05152267488089652
HP0663,5fb5f30ab74f4b20cdd41ec1|kw|0,5fb5f30ab74f4b20cdd41ec1,kw,0,6.0,6,1,Moral,0.14960933382239144,0.7491932673353,0.061398606363643325,0.039798792478665176
HP0664,5acddd6cfa3b4e000173db88|kw|0,5acddd6cfa3b4e000173db88,kw,0,6.0,6,1,Moral,0.14960933382239144,0.7491932673353,0.061398606363643325,0.039798792478665176
HP0665,60cfce9352df6ebd5674e563|lt|0,60cfce9352df6ebd5674e563,lt,0,2.0,6,0,No clear justification,0.4505015563669861,0.41685048876626024,0.04431552386133816,0.08833243100541549
HP0666,5f6b027e6eae971e2fa13594|lt|0,5f6b027e6eae971e2fa13594,lt,0,12.0,6,1,Moral,0.18500235463348227,0.7456769190405609,0.02350770232722836,0.04581302399872832
HP0667,5ee2d96eac3291203650f16e|kw|0,5ee2d96eac3291203650f16e,kw,0,6.0,6,1,Moral,0.25838561308901076,0.5974370583092572,0.08336623946316762,0.060811089138564305
HP0668,5fc54a4839204604d13affd5|kw|0,5fc54a4839204604d13affd5,kw,0,9.0,6,1,Moral,0.14960933382239144,0.7491932673353,0.061398606363643325,0.039798792478665176
HP0669,5df967d2f6191f6e87b236e6|kw|0,5df967d2f6191f6e87b236e6,kw,0,12.0,6,1,Moral,0.18500235463348177,0.7456769190405618,0.023507702327228236,0.04581302399872819
HP0670,67e1da8a432675c0e850e8d1|lt|0,67e1da8a432675c0e850e8d1,lt,0,6.0,6,1,Moral,0.14960933382239144,0.7491932673353,0.061398606363643325,0.039798792478665176
HP0671,5d0b6647e28fd700010c55ac|kw|0,5d0b6647e28fd700010c55ac,kw,0,12.0,6,0,No clear justification,0.30465731767265686,0.595206074642384,0.03354765414456286,0.06658895354039626
HP0672,5fa2b9a3c1d67f3a311db672|kw|0,5fa2b9a3c1d67f3a311db672,kw,0,6.0,6,1,Moral,0.14960933382239144,0.7491932673353,0.061398606363643325,0.039798792478665176
HP0673,5fefaa63238d4be5c34c0d51|kw|0,5fefaa63238d4be5c34c0d51,kw,0,12.0,6,1,Moral,0.14960933382239144,0.7491932673353,0.061398606363643325,0.039798792478665176
HP0674,558955ebfdf99b6bd06016c9|kw|0,558955ebfdf99b6bd06016c9,kw,0,8.0,6,1,Moral,0.14960933382239144,0.7491932673353,0.061398606363643325,0.039798792478665176
HP0675,5f2c95d13e33c7074c6d1e47|lt|0,5f2c95d13e33c7074c6d1e47,lt,0,6.0,6,1,Moral,0.19884554324223272,0.5910933627528139,0.15853841912405686,0.05152267488089652
HP0676,5dd61f689740545c506ee244|kw|0,5dd61f689740545c506ee244,kw,0,12.0,6,1,Moral,0.19884554324223272,0.5910933627528139,0.15853841912405686,0.05152267488089652
HP0677,67ef19849ce42ec68447928e|kw|0,67ef19849ce42ec68447928e,kw,0,4.0,6,0,No clear justification,0.4505015563669861,0.41685048876626024,0.04431552386133816,0.08833243100541549
HP0678,664d3ff00a00a73398ac3f4f|lt|0,664d3ff00a00a73398ac3f4f,lt,0,6.0,6,1,Moral,0.19884554324223272,0.5910933627528139,0.15853841912405686,0.05152267488089652
HP0679,5febd397ad8fbad21bcd6182|lt|0,5febd397ad8fbad21bcd6182,lt,0,8.0,6,0,No clear justification,0.45455174719895586,0.21370392666218987,0.23550147233666643,0.09624285380218783
HP0680,5fd8e27b6feb8e0d22eb3bd0|kw|0,5fd8e27b6feb8e0d22eb3bd0,kw,0,6.0,6,1,Moral,0.14960933382239144,0.7491932673353,0.061398606363643325,0.039798792478665176
HP0681,59ff8226ab721b0001ef6e61|lt|0,59ff8226ab721b0001ef6e61,lt,0,6.0,6,1,Moral,0.25838561308901076,0.5974370583092572,0.08336623946316762,0.060811089138564305
HP0682,673b834c1ca9feb154a86523|lt|0,673b834c1ca9feb154a86523,lt,0,6.0,6,1,Moral,0.19884554324223272,0.5910933627528139,0.15853841912405686,0.05152267488089652
HP0683,5c64981ca98f0700010f8c81|kw|0,5c64981ca98f0700010f8c81,kw,0,12.0,6,1,Moral,0.09654593894840305,0.8614964609466287,0.014615253293266987,0.027342346811701345
HP0684,677679d8f8b195498c2f7a09|lt|0,677679d8f8b195498c2f7a09,lt,0,12.0,6,1,Moral,0.14960933382239125,0.7491932673353003,0.0613986063636433,0.03979879247866513
HP0685,63b6ffb02943686f4f354741|kw|0,63b6ffb02943686f4f354741,kw,0,6.0,6,1,Moral,0.18500235463348177,0.7456769190405618,0.023507702327228236,0.04581302399872819
HP0686,6413dd7eadc09e71fa198000|lt|0,6413dd7eadc09e71fa198000,lt,0,4.0,6,1,Moral,0.19884554324223272,0.5910933627528139,0.15853841912405686,0.05152267488089652
HP0687,5ee1311e3348314f4f4a8d30|lt|0,5ee1311e3348314f4f4a8d30,lt,0,6.0,6,0,No clear justification,0.45455174719895586,0.21370392666218987,0.23550147233666643,0.09624285380218783
HP0688,667ae3fff7f7af34dc9c27c4|kw|0,667ae3fff7f7af34dc9c27c4,kw,0,6.0,6,1,Moral,0.25838561308901076,0.5974370583092572,0.08336623946316762,0.060811089138564305
HP0689,63b7566ea98814782bc51d9b|kw|0,63b7566ea98814782bc51d9b,kw,0,8.5,6,1,Moral,0.18500235463348177,0.7456769190405618,0.023507702327228236,0.04581302399872819
HP0690,5c205371da51990001e17313|kw|0,5c205371da51990001e17313,kw,0,2.0,6,0,No clear justification,0.6055011420679335,0.23091316297702333,0.054766898380815186,0.10881879657422795
HP0691,691df073ae5e6972d8f3983e|lt|0,691df073ae5e6972d8f3983e,lt,0,6.0,6,1,Moral,0.14960933382239144,0.7491932673353,0.061398606363643325,0.039798792478665176
HP0692,6763dc05af46629317e23da3|lt|0,6763dc05af46629317e23da3,lt,0,6.0,6,1,Moral,0.39517525916560875,0.4151852222050605,0.10634181887510843,0.08329769975422228
HP0693,66524aa2a82e242800be156b|lt|0,66524aa2a82e242800be156b,lt,0,6.0,6,1,Moral,0.19884554324223272,0.5910933627528139,0.15853841912405686,0.05152267488089652
HP0694,5a01ddf3728b1b0001ad8ad0|lt|0,5a01ddf3728b1b0001ad8ad0,lt,0,8.0,6,1,Moral,0.25838561308901076,0.5974370583092572,0.0833662394631677,0.060811089138564305
HP0695,66ad53274144a944c514d4a8|kw|0,66ad53274144a944c514d4a8,kw,0,6.0,6,1,Moral,0.14960933382239144,0.7491932673353,0.061398606363643325,0.039798792478665176
HP0696,597f662f89542d0001517d78|kw|0,597f662f89542d0001517d78,kw,0,12.0,6,1,Moral,0.14960933382239144,0.7491932673353,0.061398606363643325,0.039798792478665176
HP0697,5ea313378e994c25658eae92|lt|0,5ea313378e994c25658eae92,lt,0,6.0,6,1,Moral,0.19884554324223272,0.5910933627528139,0.15853841912405686,0.05152267488089652
HP0698,678fb834512bd07496d7f855|kw|0,678fb834512bd07496d7f855,kw,0,6.0,6,1,Moral,0.2421538235745892,0.5583372055360896,0.028932667960150094,0.1705763029291712
HP0699,5ea7e9f15bc7011d31958608|lt|0,5ea7e9f15bc7011d31958608,lt,0,4.0,6,0,No clear justification,0.25838561308901076,0.5974370583092572,0.0833662394631677,0.060811089138564305
HP0700,677edb96bb091e27806608b9|lt|0,677edb96bb091e27806608b9,lt,0,4.0,6,1,Moral,0.14960933382239144,0.7491932673353,0.061398606363643325,0.039798792478665176
HP0701,56114aa67ffc8a000f81148d|lt|0,56114aa67ffc8a000f81148d,lt,0,6.0,6,1,Moral,0.19884554324223272,0.5910933627528139,0.15853841912405686,0.05152267488089652
HP0702,662ee0b0f3785c3fe59e191f|kw|0,662ee0b0f3785c3fe59e191f,kw,0,6.0,6,1,Moral,0.09654593894840305,0.8614964609466287,0.014615253293266987,0.027342346811701345
HP0703,636419013bc521fae9f7db90|kw|0,636419013bc521fae9f7db90,kw,0,7.0,6,0,No clear justification,0.30465731767265686,0.595206074642384,0.03354765414456286,0.06658895354039626
HP0704,6401c41ef621f07e133979e9|kw|0,6401c41ef621f07e133979e9,kw,0,12.0,6,1,Moral,0.09654593894840305,0.8614964609466287,0.014615253293266987,0.027342346811701345
HP0705,5f3153a6180dcf0d8dd72a45|kw|0,5f3153a6180dcf0d8dd72a45,kw,0,9.0,6,1,Moral,0.25838561308901076,0.5974370583092572,0.08336623946316762,0.060811089138564305
HP0706,5d7472ad3bc4020015f3bb56|lt|0,5d7472ad3bc4020015f3bb56,lt,0,6.0,6,2,Mutual Benefit / Cooperation,0.31536570276042813,0.38099798278048497,0.0955206814334581,0.20811563302562888
HP0707,5f11eb333c6e2c0df5b92270|lt|0,5f11eb333c6e2c0df5b92270,lt,0,6.0,6,1,Moral,0.19884554324223272,0.5910933627528139,0.15853841912405686,0.05152267488089652
HP0708,5de9d78ebe656d10e1a26af6|lt|0,5de9d78ebe656d10e1a26af6,lt,0,6.0,6,3,Self-interest,0.23561024871208971,0.38157545662787806,0.32167652797810586,0.06113776668192621
HP0709,65425b32a9c97568f11a9265|lt|0,65425b32a9c97568f11a9265,lt,0,6.0,6,1,Moral,0.19884554324223272,0.5910933627528139,0.15853841912405686,0.05152267488089652
HP0710,67fd7bb4515d79df15f3c967|lt|0,67fd7bb4515d79df15f3c967,lt,0,6.0,6,1,Moral,0.09654593894840305,0.8614964609466287,0.014615253293266987,0.027342346811701345
HP0711,5c0c90e7632102000147c3cc|kw|0,5c0c90e7632102000147c3cc,kw,0,6.0,6,1,Moral,0.14960933382239144,0.7491932673353,0.061398606363643325,0.039798792478665176
HP0712,5efd32d5ebff0517d77b8e4c|kw|0,5efd32d5ebff0517d77b8e4c,kw,0,12.0,6,0,No clear justification,0.32116490551879046,0.40567990485829913,0.1986636632979257,0.07449152632498464
HP0713,6675dbbeee7b1e2aa37a8eaa|lt|0,6675dbbeee7b1e2aa37a8eaa,lt,0,12.0,6,1,Moral,0.18500235463348227,0.7456769190405609,0.02350770232722836,0.04581302399872832
HP0714,5edf45c790b7091e3cfd7f62|lt|0,5edf45c790b7091e3cfd7f62,lt,0,5.0,6,1,Moral,0.19884554324223272,0.5910933627528139,0.15853841912405686,0.05152267488089652
HP0715,5d75af57bcfd5b001b192708|lt|0,5d75af57bcfd5b001b192708,lt,0,5.5,6,1,Moral,0.19884554324223272,0.5910933627528139,0.15853841912405686,0.05152267488089652
HP0716,63cee143ef1cb49bc4d101db|lt|0,63cee143ef1cb49bc4d101db,lt,0,7.5,6,0,No clear justification,0.5419600825083313,0.22550301683560242,0.12804612315300323,0.10449077750306299
HP0717,642ef01a04c9f327767cde23|lt|0,642ef01a04c9f327767cde23,lt,0,8.0,6,1,Moral,0.25838561308901076,0.5974370583092572,0.08336623946316762,0.060811089138564305
HP0718,5df1fd62dc85350eb4d4ced1|lt|0,5df1fd62dc85350eb4d4ced1,lt,0,4.0,6,1,Moral,0.2035399356923175,0.5581452350113721,0.07445853446586712,0.16385629483044314
HP0719,5c5cad876d0fe50001f0390c|lt|0,5c5cad876d0fe50001f0390c,lt,0,12.0,6,1,Moral,0.18500235463348177,0.7456769190405618,0.023507702327228236,0.04581302399872819
HP0720,653fcf588ab0516beb4bf546|lt|0,653fcf588ab0516beb4bf546,lt,0,8.0,6,1,Moral,0.18500235463348227,0.7456769190405609,0.02350770232722836,0.04581302399872832
HP0721,60f194e358dec32bfe2721f2|lt|0,60f194e358dec32bfe2721f2,lt,0,12.0,6,1,Moral,0.19884554324223272,0.5910933627528139,0.15853841912405686,0.05152267488089652
HP0722,5ff0379d6bfb633786fd9b27|lt|0,5ff0379d6bfb633786fd9b27,lt,0,12.0,6,1,Moral,0.19884554324223272,0.5910933627528139,0.15853841912405686,0.05152267488089652
HP0723,5fdbae0584b3a90525410347|kw|0,5fdbae0584b3a90525410347,kw,0,6.0,6,1,Moral,0.14960933382239144,0.7491932673353,0.061398606363643325,0.039798792478665176
HP0724,67816b8db5cc9d12f5f77d7a|lt|0,67816b8db5cc9d12f5f77d7a,lt,0,6.0,6,0,No clear justification,0.450501556366986,0.41685048876626046,0.04431552386133812,0.08833243100541545
HP0725,6108ee25f9c9a40b6a0ebb74|lt|0,6108ee25f9c9a40b6a0ebb74,lt,0,8.0,6,0,No clear justification,0.450501556366986,0.41685048876626046,0.04431552386133812,0.08833243100541545
HP0726,674cbe23379dd601a29eefd4|kw|0,674cbe23379dd601a29eefd4,kw,0,6.0,6,1,Moral,0.14960933382239144,0.7491932673353,0.061398606363643325,0.039798792478665176
HP0727,6644b750f83b1ad48d9ce14f|lt|0,6644b750f83b1ad48d9ce14f,lt,0,6.0,6,1,Moral,0.19884554324223272,0.5910933627528139,0.15853841912405686,0.05152267488089652
HP0728,6745109c444973d1fa9f17d4|kw|0,6745109c444973d1fa9f17d4,kw,0,12.0,6,1,Moral,0.19884554324223272,0.5910933627528139,0.15853841912405686,0.05152267488089652
HP0729,5c92017dc719fc00017df090|kw|0,5c92017dc719fc00017df090,kw,0,8.0,6,1,Moral,0.19884554324223272,0.5910933627528139,0.15853841912405686,0.05152267488089652
HP0730,572041d6fd3a5200093c1295|lt|0,572041d6fd3a5200093c1295,lt,0,5.0,6,3,Self-interest,0.32116490551879046,0.40567990485829913,0.1986636632979257,0.07449152632498468
HP0731,62dcc5dc8fcf471ec987e7cf|lt|0,62dcc5dc8fcf471ec987e7cf,lt,0,4.5,6,1,Moral,0.25838561308901076,0.5974370583092572,0.08336623946316762,0.060811089138564305
HP0732,5c01dc58067bbf00019bb318|lt|0,5c01dc58067bbf00019bb318,lt,0,6.0,6,1,Moral,0.25838561308901076,0.5974370583092572,0.08336623946316762,0.060811089138564305
HP0733,6632687cb045de5ac33ceea3|lt|0,6632687cb045de5ac33ceea3,lt,0,6.0,6,0,No clear justification,0.25838561308901076,0.5974370583092572,0.08336623946316762,0.060811089138564305
HP0734,6367a6adb376bcde64f98559|kw|0,6367a6adb376bcde64f98559,kw,0,8.0,6,1,Moral,0.14960933382239144,0.7491932673353,0.061398606363643325,0.039798792478665176
HP0735,66b3803e04f33f1bdbfd2ecd|kw|0,66b3803e04f33f1bdbfd2ecd,kw,0,6.0,6,1,Moral,0.14960933382239144,0.7491932673353,0.061398606363643325,0.039798792478665176
HP0736,67048c237f6f05cabcb21cc9|kw|0,67048c237f6f05cabcb21cc9,kw,0,7.0,6,1,Moral,0.18500235463348177,0.7456769190405618,0.023507702327228236,0.04581302399872819
HP0737,66d0217be06f8783cc04f0a7|kw|0,66d0217be06f8783cc04f0a7,kw,0,10.0,6,1,Moral,0.09654593894840305,0.8614964609466287,0.014615253293266987,0.027342346811701345
HP0738,6167116fd8a186cd98501614|lt|0,6167116fd8a186cd98501614,lt,0,6.0,6,1,Moral,0.25838561308901076,0.5974370583092572,0.08336623946316762,0.060811089138564305
HP0739,6643bd3878c19c6cf8de7632|kw|0,6643bd3878c19c6cf8de7632,kw,0,6.0,6,1,Moral,0.30465731767265686,0.595206074642384,0.03354765414456286,0.06658895354039626
HP0740,60197dd14bb8ca09a27e5c3b|kw|0,60197dd14bb8ca09a27e5c3b,kw,0,6.0,6,1,Moral,0.18500235463348177,0.7456769190405618,0.023507702327228236,0.04581302399872819
HP0741,671bcbdd819357115fa0917d|kw|0,671bcbdd819357115fa0917d,kw,0,6.0,6,1,Moral,0.14960933382239144,0.7491932673353,0.061398606363643325,0.039798792478665176
HP0742,673928131ab7d604bcf2c23a|lt|0,673928131ab7d604bcf2c23a,lt,0,7.0,6,0,No clear justification,0.5419600825083313,0.22550301683560242,0.12804612315300323,0.10449077750306299
HP0743,67ddd4f85ab870ffd90cc888|lt|0,67ddd4f85ab870ffd90cc888,lt,0,6.0,6,1,Moral,0.19884554324223272,0.5910933627528139,0.15853841912405686,0.05152267488089652
HP0744,64fded008087c1afa0b47d7b|kw|0,64fded008087c1afa0b47d7b,kw,0,7.0,6,0,No clear justification,0.18500235463348227,0.7456769190405609,0.02350770232722836,0.04581302399872832
HP0745,60a2abc7d14eb0935100dd31|lt|0,60a2abc7d14eb0935100dd31,lt,0,6.0,6,1,Moral,0.4505015563669862,0.4168504887662603,0.0443155238613381,0.08833243100541549
HP0746,5dd9e1e0a4aa2696d9a15c0d|kw|0,5dd9e1e0a4aa2696d9a15c0d,kw,0,7.0,6,1,Moral,0.19884554324223272,0.5910933627528139,0.15853841912405686,0.05152267488089652
HP0747,59fc2094087f2e0001ead5fa|kw|0,59fc2094087f2e0001ead5fa,kw,0,6.0,6,1,Moral,0.14960933382239144,0.7491932673353,0.061398606363643325,0.039798792478665176
HP0748,67346c0008508dd13cbe82ba|lt|0,67346c0008508dd13cbe82ba,lt,0,6.0,6,1,Moral,0.18500235463348177,0.7456769190405618,0.023507702327228236,0.04581302399872819
HP0749,5731b7f35b8b0600097c2d66|kw|0,5731b7f35b8b0600097c2d66,kw,0,6.0,6,1,Moral,0.09654593894840305,0.8614964609466287,0.014615253293266987,0.027342346811701345
HP0750,63dd6ec1452ed58051cfa62a|kw|0,63dd6ec1452ed58051cfa62a,kw,0,6.0,6,1,Moral,0.30465731767265686,0.595206074642384,0.03354765414456286,0.06658895354039626
HP0751,6631b5852e5e748863ca2c4c|kw|0,6631b5852e5e748863ca2c4c,kw,0,12.0,6,1,Moral,0.39517525916560875,0.4151852222050605,0.10634181887510843,0.08329769975422228
HP0752,5ee00b8630f30b34f2a5dc1c|lt|0,5ee00b8630f30b34f2a5dc1c,lt,0,12.0,6,1,Moral,0.19884554324223272,0.5910933627528139,0.15853841912405686,0.05152267488089652
HP0753,574cca765e5491000f3c89e0|lt|0,574cca765e5491000f3c89e0,lt,0,4.0,6,1,Moral,0.14960933382239144,0.7491932673353,0.061398606363643325,0.039798792478665176
HP0754,5c698d07effdaa0001d791cd|kw|0,5c698d07effdaa0001d791cd,kw,0,6.0,6,1,Moral,0.14960933382239144,0.7491932673353,0.061398606363643325,0.039798792478665176
HP0755,5dab79a5525a7600139cd31e|lt|0,5dab79a5525a7600139cd31e,lt,0,10.5,6,0,No clear justification,0.450501556366986,0.41685048876626046,0.04431552386133812,0.08833243100541545
HP0756,60fca0fc5d7a65f146a1c6c6|lt|0,60fca0fc5d7a65f146a1c6c6,lt,0,6.0,6,1,Moral,0.14960933382239144,0.7491932673353,0.061398606363643325,0.039798792478665176
HP0757,683cbc0c0c2d722831c8bc17|kw|0,683cbc0c0c2d722831c8bc17,kw,0,10.0,6,1,Moral,0.18500235463348177,0.7456769190405618,0.023507702327228236,0.04581302399872819
HP0758,5e3b759740e302397f294a2d|lt|0,5e3b759740e302397f294a2d,lt,0,8.0,6,1,Moral,0.18500235463348227,0.7456769190405609,0.02350770232722836,0.04581302399872832
HP0759,65396dfcb651ad024da200d6|lt|0,65396dfcb651ad024da200d6,lt,0,6.0,6,1,Moral,0.14960933382239144,0.7491932673353,0.061398606363643325,0.039798792478665176
HP0760,65e7ca51f9482482909fd1ff|lt|0,65e7ca51f9482482909fd1ff,lt,0,7.0,6,1,Moral,0.19884554324223272,0.5910933627528139,0.15853841912405686,0.05152267488089652
HP0761,5baac103748f990001a1101e|kw|0,5baac103748f990001a1101e,kw,0,12.0,6,1,Moral,0.25838561308901076,0.5974370583092572,0.08336623946316762,0.060811089138564305
HP0762,5f836c9938d2da4fb75631ef|kw|0,5f836c9938d2da4fb75631ef,kw,0,8.0,6,1,Moral,0.09654593894840305,0.8614964609466287,0.014615253293266987,0.027342346811701345
HP0763,615b76e05c1c5a26e46f1b3e|kw|0,615b76e05c1c5a26e46f1b3e,kw,0,6.0,6,1,Moral,0.32116490551879046,0.40567990485829913,0.1986636632979257,0.07449152632498468
HP0764,5ceae0b53060280001a063a0|kw|0,5ceae0b53060280001a063a0,kw,0,6.0,6,1,Moral,0.14960933382239136,0.7491932673353002,0.0613986063636433,0.03979879247866516
HP0765,66660d297864801db6a10af4|lt|0,66660d297864801db6a10af4,lt,0,7.0,6,1,Moral,0.14960933382239144,0.7491932673353,0.061398606363643325,0.039798792478665176
HP0766,662f0e1c35799d2e6f03c756|kw|0,662f0e1c35799d2e6f03c756,kw,0,8.0,6,1,Moral,0.14960933382239144,0.7491932673353,0.061398606363643325,0.039798792478665176
HP0767,6002037f1bca771c256ac8ac|lt|0,6002037f1bca771c256ac8ac,lt,0,12.0,6,0,No clear justification,0.5419600825083313,0.22550301683560242,0.12804612315300323,0.10449077750306299
HP0768,662948ed99960b11f2f8e3fe|lt|0,662948ed99960b11f2f8e3fe,lt,0,6.0,6,1,Moral,0.09654593894840305,0.8614964609466287,0.014615253293266987,0.027342346811701345
HP0769,5ad3ca7b459c350001137f64|lt|0,5ad3ca7b459c350001137f64,lt,0,9.0,6,0,No clear justification,0.6055011420679335,0.23091316297702333,0.054766898380815186,0.10881879657422795
HP0770,66ede5bbe36caed7269bd7e2|lt|0,66ede5bbe36caed7269bd7e2,lt,0,8.0,6,0,No clear justification,0.2421538235745893,0.5583372055360896,0.02893266796015016,0.17057630292917098
HP0771,652fbe161a35986b7fbfc940|kw|0,652fbe161a35986b7fbfc940,kw,0,10.0,6,1,Moral,0.14960933382239144,0.7491932673353,0.061398606363643325,0.039798792478665176
HP0772,6772ea24ce9c71ea7bc07b6b|kw|0,6772ea24ce9c71ea7bc07b6b,kw,0,6.0,6,1,Moral,0.09654593894840305,0.8614964609466287,0.014615253293266987,0.027342346811701345
HP0773,5f8e2a9201810e1f2b9f63a2|kw|0,5f8e2a9201810e1f2b9f63a2,kw,0,6.0,6,1,Moral,0.14960933382239144,0.7491932673353,0.061398606363643325,0.039798792478665176
HP0774,6612fd1462232a5cbec549e3|kw|0,6612fd1462232a5cbec549e3,kw,0,6.0,6,0,No clear justification,0.6055011420679335,0.23091316297702333,0.054766898380815186,0.10881879657422795
HP0775,5c9527e29e4f7400011e1571|kw|0,5c9527e29e4f7400011e1571,kw,0,6.0,6,1,Moral,0.25838561308901076,0.5974370583092572,0.08336623946316762,0.060811089138564305
HP0776,56a68bb49ce1c0000df89344|kw|0,56a68bb49ce1c0000df89344,kw,0,12.0,6,1,Moral,0.19884554324223272,0.5910933627528139,0.15853841912405686,0.05152267488089652
HP0777,628eabb243fb4a73e29d9385|kw|0,628eabb243fb4a73e29d9385,kw,0,12.0,6,1,Moral,0.14960933382239144,0.7491932673353,0.061398606363643325,0.039798792478665176
HP0778,5c3f86e236052e00016ba692|kw|0,5c3f86e236052e00016ba692,kw,0,6.0,6,1,Moral,0.19884554324223272,0.5910933627528139,0.15853841912405686,0.05152267488089652
HP0779,6742677ecc26fc2d7868aa9b|kw|0,6742677ecc26fc2d7868aa9b,kw,0,8.0,6,1,Moral,0.19884554324223272,0.5910933627528139,0.15853841912405686,0.05152267488089652
HP0780,66047cf334cba5fe8be31eeb|kw|0,66047cf334cba5fe8be31eeb,kw,0,12.0,6,1,Moral,0.19884554324223272,0.5910933627528139,0.15853841912405686,0.05152267488089652
HP0781,6238dfab577ecd4adb97a917|lt|0,6238dfab577ecd4adb97a917,lt,0,6.0,6,0,No clear justification,0.39517525916560864,0.4151852222050607,0.10634181887510843,0.08329769975422224
HP0782,6659ed61566ce6a7ff2d5989|kw|0,6659ed61566ce6a7ff2d5989,kw,0,6.0,6,1,Moral,0.25838561308901076,0.5974370583092572,0.08336623946316762,0.060811089138564305
HP0783,6148a744a4927f58c507b905|kw|0,6148a744a4927f58c507b905,kw,0,6.0,6,1,Moral,0.19884554324223272,0.5910933627528139,0.15853841912405686,0.05152267488089652
HP0784,67c4d6db7736e277b8582936|kw|0,67c4d6db7736e277b8582936,kw,0,8.0,6,2,Mutual Benefit / Cooperation,0.22446094836961483,0.33374067659799644,0.08125479247039617,0.36054358256199254
HP0785,62cd6e8d0e466d05a4ca5dc4|lt|0,62cd6e8d0e466d05a4ca5dc4,lt,0,6.0,6,1,Moral,0.14960933382239144,0.7491932673353,0.061398606363643325,0.039798792478665176
HP0786,674390af4c502222ee320e0d|kw|0,674390af4c502222ee320e0d,kw,0,7.0,6,1,Moral,0.14960933382239144,0.7491932673353,0.061398606363643325,0.039798792478665176
HP0787,63d7eca29f0291aff53b003e|lt|0,63d7eca29f0291aff53b003e,lt,0,8.0,6,0,No clear justification,0.5419600825083313,0.22550301683560242,0.12804612315300323,0.10449077750306299
HP0788,5c2d187569ceff00011417de|lt|0,5c2d187569ceff00011417de,lt,0,12.0,6,1,Moral,0.25838561308901076,0.5974370583092572,0.08336623946316762,0.060811089138564305
HP0789,5d5b4f93a90c5600016ef485|lt|0,5d5b4f93a90c5600016ef485,lt,0,8.0,6,1,Moral,0.18500235463348177,0.7456769190405618,0.023507702327228236,0.04581302399872819
HP0790,645530b386664621fd98a8fc|lt|0,645530b386664621fd98a8fc,lt,0,6.0,6,1,Moral,0.19884554324223272,0.5910933627528139,0.15853841912405686,0.05152267488089652
HP0791,5c0586b43199f4000153f133|lt|0,5c0586b43199f4000153f133,lt,0,6.0,6,2,Mutual Benefit / Cooperation,0.31536570276042813,0.38099798278048486,0.09552068143345802,0.20811563302562888
HP0792,5e13859753e8469d270982c0|lt|0,5e13859753e8469d270982c0,lt,0,6.0,6,1,Moral,0.25838561308901076,0.5974370583092572,0.08336623946316762,0.060811089138564305
HP0793,6020329e88ba9160b200b96b|kw|0,6020329e88ba9160b200b96b,kw,0,12.0,6,1,Moral,0.18500235463348177,0.7456769190405618,0.023507702327228236,0.04581302399872819
HP0794,66706191120230e6a89ddd0e|kw|0,66706191120230e6a89ddd0e,kw,0,12.0,6,1,Moral,0.14960933382239144,0.7491932673353,0.061398606363643325,0.039798792478665176
HP0795,612d3e13048ec2b299126be6|kw|0,612d3e13048ec2b299126be6,kw,0,6.0,6,1,Moral,0.18500235463348227,0.7456769190405609,0.02350770232722836,0.04581302399872832
HP0796,5ccf87bfb46c7000010d8428|kw|0,5ccf87bfb46c7000010d8428,kw,0,12.0,6,1,Moral,0.14960933382239144,0.7491932673353,0.061398606363643325,0.039798792478665176
HP0797,5a8b1ee2000dab00018cc7cd|kw|0,5a8b1ee2000dab00018cc7cd,kw,0,9.0,6,1,Moral,0.14960933382239144,0.7491932673353,0.061398606363643325,0.039798792478665176
HP0798,5ed929186e439f4729693f32|kw|0,5ed929186e439f4729693f32,kw,0,6.0,6,1,Moral,0.18500235463348227,0.7456769190405609,0.02350770232722836,0.04581302399872832
HP0799,66edc72a30ec9b38153f1b50|kw|0,66edc72a30ec9b38153f1b50,kw,0,6.0,6,1,Moral,0.39517525916560875,0.4151852222050605,0.10634181887510843,0.08329769975422228
HP0800,651c4484ba17050f6b716614|kw|0,651c4484ba17050f6b716614,kw,0,6.0,6,1,Moral,0.14960933382239144,0.7491932673353,0.061398606363643325,0.039798792478665176
HP0801,63ecfe7a1e5faf247a255ac2|kw|0,63ecfe7a1e5faf247a255ac2,kw,0,6.0,8,1,Moral,0.31559934545352925,0.5649809617037711,0.06977544623050044,0.049644246612199155
HP0802,66421a683ec1aada2f687975|lt|0,66421a683ec1aada2f687975,lt,0,4.0,8,3,Self-interest,0.3591139505472224,0.20147073210470173,0.38650599564577726,0.052909321702298694
HP0803,676a584412b90586c1da74a0|lt|0,676a584412b90586c1da74a0,lt,0,8.0,8,3,Self-interest,0.258257293432254,0.3409707239137782,0.35826539296266574,0.04250658969130234
HP0804,5d260d4255a29b0017698915|lt|0,5d260d4255a29b0017698915,lt,0,6.0,8,0,No clear justification,0.36525365806490995,0.37509621226539247,0.20504541343273952,0.054604716236958145
HP0805,613f1ef31c08d695c689a53a|kw|0,613f1ef31c08d695c689a53a,kw,0,6.0,8,3,Self-interest,0.258257293432254,0.3409707239137782,0.35826539296266574,0.04250658969130234
HP0806,6658b54fc00cad4526a6d01f|lt|0,6658b54fc00cad4526a6d01f,lt,0,8.0,8,0,No clear justification,0.6940045489521988,0.11754937266866512,0.10921922705014962,0.07922685132898641
HP0807,57ea425e5b88f5000106bb9f|kw|0,57ea425e5b88f5000106bb9f,kw,0,12.0,8,1,Moral,0.24347706246768175,0.5415237459274103,0.17385671916751688,0.04114247243739104
HP0808,5cfebb94eafc4d001a62cbc9|lt|0,5cfebb94eafc4d001a62cbc9,lt,0,8.0,8,0,No clear justification,0.36525365806490995,0.37509621226539247,0.20504541343273952,0.054604716236958145
HP0809,61112fb91e6eb028aa1ba59b|lt|0,61112fb91e6eb028aa1ba59b,lt,0,10.0,8,0,No clear justification,0.45492699836415473,0.3947496262500224,0.08716173299171857,0.06316164239410436
HP0810,570570eb61ab6a0010d484d0|lt|0,570570eb61ab6a0010d484d0,lt,0,7.0,8,3,Self-interest,0.24347706246768147,0.5415237459274107,0.1738567191675168,0.041142472437391
HP0811,6658bf916039705479385d08|lt|0,6658bf916039705479385d08,lt,0,4.0,8,3,Self-interest,0.258257293432254,0.3409707239137782,0.35826539296266574,0.04250658969130234
HP0812,677880f787ed7d2cfb6f7345|kw|0,677880f787ed7d2cfb6f7345,kw,0,9.0,8,1,Moral,0.36525365806490995,0.37509621226539247,0.20504541343273952,0.054604716236958145
HP0813,63bc87f783afb5aed2c937d2|lt|0,63bc87f783afb5aed2c937d2,lt,0,6.0,8,3,Self-interest,0.258257293432254,0.3409707239137782,0.35826539296266574,0.04250658969130234
HP0814,6633a447cefc384785ec5e16|kw|0,6633a447cefc384785ec5e16,kw,0,6.0,8,3,Self-interest,0.258257293432254,0.3409707239137782,0.35826539296266574,0.04250658969130234
HP0815,5a2c51740a1e6b00016952c8|kw|0,5a2c51740a1e6b00016952c8,kw,0,12.0,8,3,Self-interest,0.258257293432254,0.3409707239137782,0.35826539296266574,0.04250658969130234
HP0816,5dfa56fddc265f7ac3bee209|kw|0,5dfa56fddc265f7ac3bee209,kw,0,7.0,8,3,Self-interest,0.258257293432254,0.3409707239137782,0.35826539296266574,0.04250658969130234
HP0817,60f2a2b4932fed5326988e0f|kw|0,60f2a2b4932fed5326988e0f,kw,0,6.0,8,0,No clear justification,0.6940045489521988,0.11754937266866512,0.10921922705014962,0.07922685132898641
HP0818,5a8351038fe2dc000105efb4|lt|0,5a8351038fe2dc000105efb4,lt,0,4.0,8,1,Moral,0.18496356142406192,0.7330438276338292,0.04871829904354863,0.03327431189856008
HP0819,67709d0088d93adec607305e|kw|0,67709d0088d93adec607305e,kw,0,6.0,8,1,Moral,0.24347706246768175,0.5415237459274103,0.17385671916751688,0.04114247243739104
HP0820,5b1ac052ea64a000017c389e|kw|0,5b1ac052ea64a000017c389e,kw,0,6.0,8,3,Self-interest,0.258257293432254,0.3409707239137782,0.35826539296266574,0.04250658969130234
HP0821,67abb13cc30b930b97db75e7|kw|0,67abb13cc30b930b97db75e7,kw,0,11.0,8,3,Self-interest,0.258257293432254,0.3409707239137782,0.35826539296266574,0.04250658969130234
HP0822,6287a355e0dbfe43e55850b7|kw|0,6287a355e0dbfe43e55850b7,kw,0,6.0,8,0,No clear justification,0.585934618431378,0.24080053772811275,0.10028647162106927,0.07297837221944
HP0823,5b6e9435885b0b0001bb034b|kw|0,5b6e9435885b0b0001bb034b,kw,0,9.5,8,1,Moral,0.24347706246768175,0.5415237459274103,0.17385671916751688,0.04114247243739104
HP0824,5e63e793e50a6316a75213c4|lt|0,5e63e793e50a6316a75213c4,lt,0,8.0,8,0,No clear justification,0.36525365806490995,0.37509621226539247,0.20504541343273952,0.054604716236958145
HP0825,661ed0d24e9ed72f176f2dd3|kw|0,661ed0d24e9ed72f176f2dd3,kw,0,7.0,8,1,Moral,0.31559934545352925,0.5649809617037711,0.06977544623050044,0.049644246612199155
HP0826,656b7ab2b685a43aae816c5e|lt|0,656b7ab2b685a43aae816c5e,lt,0,6.0,8,0,No clear justification,0.585934618431378,0.24080053772811275,0.10028647162106927,0.07297837221944
HP0827,571fdcb14b8ecc0013c24fcb|kw|0,571fdcb14b8ecc0013c24fcb,kw,0,6.0,8,1,Moral,0.18496356142406192,0.7330438276338292,0.04871829904354863,0.03327431189856008
HP0828,561bbdf9811d22000df3138a|kw|0,561bbdf9811d22000df3138a,kw,0,6.0,8,3,Self-interest,0.258257293432254,0.3409707239137782,0.35826539296266574,0.04250658969130234
HP0829,63eba3f11d699385d1d4075d|kw|0,63eba3f11d699385d1d4075d,kw,0,10.0,8,1,Moral,0.24347706246768164,0.5415237459274106,0.1738567191675168,0.04114247243739104
HP0830,664b8bef90cdb799d4c4c35d|lt|0,664b8bef90cdb799d4c4c35d,lt,0,7.0,8,3,Self-interest,0.24347706246768147,0.5415237459274107,0.1738567191675168,0.041142472437391
HP0831,63ea4301f63c1d26f0ff83e9|lt|0,63ea4301f63c1d26f0ff83e9,lt,0,4.0,8,3,Self-interest,0.24347706246768147,0.5415237459274107,0.1738567191675168,0.041142472437391
HP0832,6630e75a1f3d3083c3fd00fc|kw|0,6630e75a1f3d3083c3fd00fc,kw,0,6.0,8,0,No clear justification,0.45492699836415473,0.3947496262500224,0.08716173299171857,0.06316164239410436
HP0833,5589ce75fdf99b18be3203d2|lt|0,5589ce75fdf99b18be3203d2,lt,0,6.0,8,1,Moral,0.24347706246768175,0.5415237459274103,0.17385671916751688,0.04114247243739104
HP0834,5f57c697f9f7d02d07909dbb|kw|0,5f57c697f9f7d02d07909dbb,kw,0,6.0,8,1,Moral,0.18496356142406192,0.7330438276338292,0.04871829904354863,0.03327431189856008
HP0835,5ff5f6c52171e10f72d3610c|lt|0,5ff5f6c52171e10f72d3610c,lt,0,6.0,8,3,Self-interest,0.258257293432254,0.3409707239137782,0.35826539296266574,0.04250658969130234
HP0836,6785704c3b1ab8813a4958b0|kw|0,6785704c3b1ab8813a4958b0,kw,0,8.0,8,0,No clear justification,0.45492699836415473,0.3947496262500224,0.08716173299171857,0.06316164239410436
HP0837,6294ea804cdf1298eefa87ac|lt|0,6294ea804cdf1298eefa87ac,lt,0,12.0,8,0,No clear justification,0.3704373951369266,0.08586062210242441,0.3863875551416043,0.1573144276190446
HP0838,5efbe3c91cb67519d2f20b7b|lt|0,5efbe3c91cb67519d2f20b7b,lt,0,6.0,8,3,Self-interest,0.258257293432254,0.3409707239137782,0.35826539296266574,0.04250658969130234
HP0839,677495e069e5abd571445a65|kw|0,677495e069e5abd571445a65,kw,0,6.0,8,0,No clear justification,0.4833844174104158,0.22556362303828265,0.2263291986049586,0.06472276094634286
HP0840,63c15473935ae0d7279b094f|kw|0,63c15473935ae0d7279b094f,kw,0,8.5,8,1,Moral,0.24347706246768175,0.5415237459274103,0.17385671916751688,0.04114247243739104
HP0841,65abe8df479fdc244d1643b2|kw|0,65abe8df479fdc244d1643b2,kw,0,6.0,8,0,No clear justification,0.3155993454535298,0.56498096170377,0.06977544623050079,0.049644246612199246
HP0842,5ac6e74f9534ba0001c756d5|lt|0,5ac6e74f9534ba0001c756d5,lt,0,6.0,8,1,Moral,0.36525365806490995,0.37509621226539247,0.20504541343273952,0.054604716236958145
HP0843,5c3f2e175fe5c60001ffc302|lt|0,5c3f2e175fe5c60001ffc302,lt,0,7.0,8,3,Self-interest,0.258257293432254,0.3409707239137782,0.35826539296266574,0.04250658969130234
HP0844,5c83394a3e93bf0001e143d6|kw|0,5c83394a3e93bf0001e143d6,kw,0,12.0,8,3,Self-interest,0.24347706246768147,0.5415237459274107,0.1738567191675168,0.041142472437391
HP0845,5855b0d59fcc070001dfe2a7|lt|0,5855b0d59fcc070001dfe2a7,lt,0,6.0,8,0,No clear justification,0.45492699836415473,0.3947496262500224,0.08716173299171857,0.06316164239410436
HP0846,5fff542aeed8c2065133114e|kw|0,5fff542aeed8c2065133114e,kw,0,10.0,8,1,Moral,0.2582572934322544,0.3409707239137784,0.35826539296266474,0.04250658969130234
HP0847,605a943f4994cf6834e4e8c6|lt|0,605a943f4994cf6834e4e8c6,lt,0,6.0,8,3,Self-interest,0.24347706246768147,0.5415237459274107,0.1738567191675168,0.041142472437391
HP0848,5b25b16e34ffd00001b43e24|kw|0,5b25b16e34ffd00001b43e24,kw,0,10.0,8,3,Self-interest,0.258257293432254,0.3409707239137782,0.35826539296266574,0.04250658969130234
HP0849,671fb7534780312b6355a4c1|kw|0,671fb7534780312b6355a4c1,kw,0,6.0,8,1,Moral,0.3155993454535298,0.56498096170377,0.06977544623050079,0.049644246612199246
HP0850,60ddc62b071a009e0b0c2922|lt|0,60ddc62b071a009e0b0c2922,lt,0,6.0,8,3,Self-interest,0.258257293432254,0.3409707239137782,0.35826539296266574,0.04250658969130234
HP0851,5e87c385d43d19456f757328|kw|0,5e87c385d43d19456f757328,kw,0,12.0,8,1,Moral,0.24347706246768175,0.5415237459274103,0.17385671916751688,0.04114247243739104
HP0852,5bd4c1d09afb5b00015c5bdd|lt|0,5bd4c1d09afb5b00015c5bdd,lt,0,6.0,8,1,Moral,0.18496356142406192,0.7330438276338292,0.04871829904354863,0.03327431189856008
HP0853,6723fefd7a09fe9da8f9bd10|kw|0,6723fefd7a09fe9da8f9bd10,kw,0,6.0,8,1,Moral,0.24347706246768164,0.5415237459274106,0.1738567191675168,0.04114247243739104
HP0854,67ec2dbc404fd41af3fd389a|lt|0,67ec2dbc404fd41af3fd389a,lt,0,8.0,8,1,Moral,0.31559934545352925,0.5649809617037711,0.06977544623050044,0.049644246612199155
HP0855,66cf21b57ed16b335a50bddf|kw|0,66cf21b57ed16b335a50bddf,kw,0,6.0,8,3,Self-interest,0.3652536580649098,0.3750962122653923,0.20504541343273958,0.05460471623695812
HP0856,66e1ee920e1ee1e658264d5b|lt|0,66e1ee920e1ee1e658264d5b,lt,0,6.0,8,0,No clear justification,0.36525365806490995,0.37509621226539247,0.20504541343273952,0.054604716236958145
HP0857,56abcb46f209e0000adab961|lt|0,56abcb46f209e0000adab961,lt,0,6.0,8,1,Moral,0.24347706246768175,0.5415237459274103,0.17385671916751688,0.04114247243739104
HP0858,5a86357bae9a0b0001a9f14e|kw|0,5a86357bae9a0b0001a9f14e,kw,0,6.5,8,1,Moral,0.18496356142406192,0.7330438276338292,0.04871829904354863,0.03327431189856008
HP0859,62865cb9d41a9e2aaf141c84|kw|0,62865cb9d41a9e2aaf141c84,kw,0,8.5,8,1,Moral,0.585934618431378,0.24080053772811275,0.10028647162106927,0.07297837221944
HP0860,6148bbcd519a30b146897026|lt|0,6148bbcd519a30b146897026,lt,0,6.0,8,3,Self-interest,0.24347706246768147,0.5415237459274107,0.1738567191675168,0.041142472437391
HP0861,667abc1762de46b3164e4c07|kw|0,667abc1762de46b3164e4c07,kw,0,8.0,8,3,Self-interest,0.258257293432254,0.3409707239137782,0.35826539296266574,0.04250658969130234
HP0862,57541379f5000a0006b06ab4|kw|0,57541379f5000a0006b06ab4,kw,0,6.0,8,3,Self-interest,0.3591139505472224,0.20147073210470173,0.38650599564577726,0.052909321702298694
HP0863,6115ddc1b0981cea63afacce|lt|0,6115ddc1b0981cea63afacce,lt,0,8.0,8,0,No clear justification,0.36525365806490995,0.37509621226539247,0.20504541343273952,0.054604716236958145
HP0864,62fcc87b89f17c39f2bf27f7|kw|0,62fcc87b89f17c39f2bf27f7,kw,0,6.0,8,0,No clear justification,0.45492699836415473,0.3947496262500224,0.08716173299171857,0.06316164239410436
HP0865,6101ca2b4ef4ff44381fe3cd|lt|0,6101ca2b4ef4ff44381fe3cd,lt,0,6.0,8,3,Self-interest,0.258257293432254,0.3409707239137782,0.35826539296266574,0.04250658969130234
HP0866,644c34bee80856c9546c7312|kw|0,644c34bee80856c9546c7312,kw,0,6.0,8,1,Moral,0.45492699836415473,0.39474962625002236,0.08716173299171857,0.06316164239410436
HP0867,60aa73f653d961e8b31909b3|lt|0,60aa73f653d961e8b31909b3,lt,0,6.0,8,1,Moral,0.45492699836415473,0.39474962625002236,0.08716173299171857,0.06316164239410436
HP0868,5ecd41b94c2e85070cdafa60|lt|0,5ecd41b94c2e85070cdafa60,lt,0,8.0,8,3,Self-interest,0.258257293432254,0.3409707239137782,0.35826539296266574,0.04250658969130234
HP0869,67670650760358754c284066|kw|0,67670650760358754c284066,kw,0,8.0,8,1,Moral,0.18496356142406192,0.7330438276338292,0.04871829904354863,0.03327431189856008
HP0870,67798247d6fc9e510470baef|lt|0,67798247d6fc9e510470baef,lt,0,6.0,8,1,Moral,0.3155993454535298,0.56498096170377,0.06977544623050079,0.049644246612199246
HP0871,5eddaa6d115bb4ac7e59f153|kw|0,5eddaa6d115bb4ac7e59f153,kw,0,10.0,8,1,Moral,0.24347706246768175,0.5415237459274103,0.17385671916751688,0.04114247243739104
HP0872,63ea5b93d1c6d38e1f57dcfa|kw|0,63ea5b93d1c6d38e1f57dcfa,kw,0,6.0,8,1,Moral,0.24347706246768175,0.5415237459274103,0.17385671916751688,0.04114247243739104
HP0873,655f8d03e234484afb1c3d51|kw|0,655f8d03e234484afb1c3d51,kw,0,6.0,8,1,Moral,0.24347706246768175,0.5415237459274103,0.17385671916751688,0.04114247243739104
HP0874,6671c66b6e4bc111961291ae|lt|0,6671c66b6e4bc111961291ae,lt,0,7.0,8,1,Moral,0.18496356142406192,0.7330438276338292,0.04871829904354863,0.03327431189856008
HP0875,675d9cf5d9b26c34bbac262b|lt|0,675d9cf5d9b26c34bbac262b,lt,0,5.5,8,1,Moral,0.24347706246768175,0.5415237459274103,0.17385671916751688,0.04114247243739104
HP0876,5f970ff3eff5040736b63117|kw|0,5f970ff3eff5040736b63117,kw,0,12.0,8,3,Self-interest,0.3591139505472224,0.20147073210470173,0.38650599564577726,0.052909321702298694
HP0877,678fba732e3c7c2620e94db9|lt|0,678fba732e3c7c2620e94db9,lt,0,6.0,8,3,Self-interest,0.4833844174104158,0.22556362303828265,0.22632919860495865,0.06472276094634286
HP0878,66587fc76ffbd0dff98853c6|lt|0,66587fc76ffbd0dff98853c6,lt,0,0.0,8,0,No clear justification,0.4833844174104157,0.22556362303828278,0.22632919860495865,0.06472276094634286
HP0879,6719761fc33e7e0d88199445|kw|0,6719761fc33e7e0d88199445,kw,0,9.0,8,1,Moral,0.24347706246768175,0.5415237459274103,0.17385671916751688,0.04114247243739104
HP0880,662fa48c0b5e59f9bd5322cc|kw|0,662fa48c0b5e59f9bd5322cc,kw,0,6.0,8,3,Self-interest,0.258257293432254,0.3409707239137782,0.35826539296266574,0.04250658969130234
HP0881,5dbf3be9aab19f3e2dab2f4d|lt|0,5dbf3be9aab19f3e2dab2f4d,lt,0,6.0,8,0,No clear justification,0.4833844174104158,0.22556362303828265,0.2263291986049586,0.06472276094634286
HP0882,5ee55d2d0eccfc2a733ad0db|lt|0,5ee55d2d0eccfc2a733ad0db,lt,0,6.0,8,3,Self-interest,0.258257293432254,0.3409707239137782,0.35826539296266574,0.04250658969130234
HP0883,5bce2c5253de59000184642a|kw|0,5bce2c5253de59000184642a,kw,0,6.0,8,1,Moral,0.24347706246768175,0.5415237459274103,0.17385671916751688,0.04114247243739104
HP0884,6662ad148ef5e11fdf2dd894|lt|0,6662ad148ef5e11fdf2dd894,lt,0,6.0,8,3,Self-interest,0.258257293432254,0.3409707239137782,0.35826539296266574,0.04250658969130234
HP0885,5bb3e443951bd40001f1e0fd|kw|0,5bb3e443951bd40001f1e0fd,kw,0,10.0,8,1,Moral,0.31559934545352925,0.5649809617037711,0.06977544623050044,0.049644246612199155
HP0886,6735456e8034ea7e61eac785|lt|0,6735456e8034ea7e61eac785,lt,0,6.0,8,3,Self-interest,0.4938617265123584,0.10087246223453014,0.22710708441136032,0.17815872684175113
HP0887,6681e05e37692ab271e02312|lt|0,6681e05e37692ab271e02312,lt,0,7.0,8,0,No clear justification,0.4833844174104157,0.22556362303828278,0.22632919860495865,0.06472276094634286
HP0888,610acbfd3ae11a1b16a1c3ee|lt|0,610acbfd3ae11a1b16a1c3ee,lt,0,6.0,8,0,No clear justification,0.4833844174104158,0.22556362303828265,0.2263291986049586,0.06472276094634286
HP0889,5eaeeae9cde8075d1f14c369|lt|0,5eaeeae9cde8075d1f14c369,lt,0,6.0,8,3,Self-interest,0.24347706246768147,0.5415237459274107,0.1738567191675168,0.041142472437391
HP0890,62e98b16791977c7b8e645b2|kw|0,62e98b16791977c7b8e645b2,kw,0,6.0,8,0,No clear justification,0.6940045489521988,0.11754937266866512,0.10921922705014962,0.07922685132898641
HP0891,6621a2f38453311275d17d65|kw|0,6621a2f38453311275d17d65,kw,0,6.0,8,1,Moral,0.18496356142406192,0.7330438276338292,0.04871829904354863,0.03327431189856008
HP0892,578bb26f6cc44500010448c8|lt|0,578bb26f6cc44500010448c8,lt,0,6.0,8,1,Moral,0.2582572934322544,0.3409707239137784,0.35826539296266474,0.04250658969130234
HP0893,66bd25fdae3afa8b2a215da6|kw|0,66bd25fdae3afa8b2a215da6,kw,0,6.0,8,0,No clear justification,0.585934618431378,0.24080053772811275,0.10028647162106927,0.07297837221944
HP0894,672d2977ae54935ef84a2b74|kw|0,672d2977ae54935ef84a2b74,kw,0,6.0,8,1,Moral,0.36525365806490995,0.37509621226539247,0.20504541343273952,0.054604716236958145
HP0895,60299d096ab1b93a43d650a7|kw|0,60299d096ab1b93a43d650a7,kw,0,6.0,8,1,Moral,0.24347706246768175,0.5415237459274103,0.17385671916751688,0.04114247243739104
HP0896,596214729955ee00015bce36|lt|0,596214729955ee00015bce36,lt,0,6.0,8,1,Moral,0.24347706246768175,0.5415237459274103,0.17385671916751688,0.04114247243739104
HP0897,5eac3597d327962548ce2cd3|kw|0,5eac3597d327962548ce2cd3,kw,0,12.0,8,1,Moral,0.24347706246768175,0.5415237459274103,0.17385671916751688,0.04114247243739104
HP0898,5f68fe45f544c70bb0f525e6|lt|0,5f68fe45f544c70bb0f525e6,lt,0,6.0,8,1,Moral,0.24347706246768175,0.5415237459274103,0.17385671916751688,0.04114247243739104
HP0899,66f0a4b44573af0b7f3ecb3d|lt|0,66f0a4b44573af0b7f3ecb3d,lt,0,6.0,8,1,Moral,0.24347706246768175,0.5415237459274103,0.17385671916751688,0.04114247243739104
HP0900,66535915cbec1d69819d3933|lt|0,66535915cbec1d69819d3933,lt,0,6.0,8,3,Self-interest,0.258257293432254,0.3409707239137782,0.35826539296266574,0.04250658969130234
HP0901,652d345392daf75ed7f323a6|kw|0,652d345392daf75ed7f323a6,kw,0,12.0,8,0,No clear justification,0.40277508996010103,0.2161200674252088,0.21226537486240116,0.1688394677522889
HP0902,666344916bdba2e2c980dcd0|lt|0,666344916bdba2e2c980dcd0,lt,0,6.0,8,3,Self-interest,0.3591139505472224,0.20147073210470173,0.38650599564577726,0.052909321702298694
HP0903,5c6c917e5902c9000164116c|kw|0,5c6c917e5902c9000164116c,kw,0,12.0,8,1,Moral,0.24347706246768175,0.5415237459274103,0.17385671916751688,0.04114247243739104
HP0904,66786fd4594ab649c244de43|kw|0,66786fd4594ab649c244de43,kw,0,6.0,8,1,Moral,0.31559934545352925,0.5649809617037711,0.06977544623050044,0.049644246612199155
HP0905,606494cd5aa6eec759e99983|kw|0,606494cd5aa6eec759e99983,kw,0,12.0,8,1,Moral,0.24347706246768175,0.5415237459274103,0.17385671916751688,0.04114247243739104
HP0906,6419cfe35db47397bee1b0e1|lt|0,6419cfe35db47397bee1b0e1,lt,0,6.0,8,1,Moral,0.24347706246768175,0.5415237459274103,0.17385671916751688,0.04114247243739104
HP0907,6431c58ce5be91cd5c2c5d8f|lt|0,6431c58ce5be91cd5c2c5d8f,lt,0,6.0,8,3,Self-interest,0.4833844174104158,0.22556362303828265,0.22632919860495865,0.06472276094634286
HP0908,611e7207aaf352cb4c807e78|kw|0,611e7207aaf352cb4c807e78,kw,0,11.5,8,3,Self-interest,0.3591139505472224,0.20147073210470173,0.38650599564577726,0.052909321702298694
HP0909,66baeb26193b68793e6575f2|lt|0,66baeb26193b68793e6575f2,lt,0,6.0,8,3,Self-interest,0.258257293432254,0.3409707239137782,0.35826539296266574,0.04250658969130234
HP0910,5e70bf61017e070009a8a738|kw|0,5e70bf61017e070009a8a738,kw,0,6.0,8,0,No clear justification,0.36525365806490995,0.37509621226539247,0.20504541343273952,0.054604716236958145
HP0911,5ea29c5cad06661b01230684|lt|0,5ea29c5cad06661b01230684,lt,0,4.0,8,3,Self-interest,0.3049405142758247,0.07463883014592379,0.5744671060598552,0.045953549518396426
HP0912,60a56378aa5f55ddac516adc|lt|0,60a56378aa5f55ddac516adc,lt,0,6.0,8,1,Moral,0.36525365806490995,0.37509621226539247,0.20504541343273952,0.054604716236958145
HP0913,5e580bcf4782bd01723249e2|lt|0,5e580bcf4782bd01723249e2,lt,0,12.0,8,3,Self-interest,0.3652536580649098,0.3750962122653923,0.20504541343273958,0.05460471623695812
HP0914,676c67883fa1ba4ea4eb05a7|kw|0,676c67883fa1ba4ea4eb05a7,kw,0,12.0,8,1,Moral,0.24347706246768175,0.5415237459274103,0.17385671916751688,0.04114247243739104
HP0915,558965bffdf99b74158d77dd|lt|0,558965bffdf99b74158d77dd,lt,0,8.0,8,3,Self-interest,0.3652536580649098,0.3750962122653923,0.20504541343273958,0.05460471623695812
HP0916,6000cfb6be1cd0204ed257c7|lt|0,6000cfb6be1cd0204ed257c7,lt,0,10.0,8,0,No clear justification,0.5819503116121993,0.10754624123941138,0.23923165281746236,0.07127179433092681
HP0917,5f5ce7f940a2614f6cb6e747|kw|0,5f5ce7f940a2614f6cb6e747,kw,0,12.0,8,0,No clear justification,0.40277508996010103,0.21612006742520887,0.2122653748624012,0.1688394677522888
HP0918,6155e95c0808b015514b34e0|lt|0,6155e95c0808b015514b34e0,lt,0,6.0,8,3,Self-interest,0.445481771552643,0.09302150973835152,0.40158162733314484,0.05991509137586069
HP0919,5c4e68d8bcc3dc00015501fb|kw|0,5c4e68d8bcc3dc00015501fb,kw,0,6.0,8,1,Moral,0.36525365806490995,0.37509621226539247,0.20504541343273952,0.054604716236958145
HP0920,59f38493da08940001d4e599|lt|0,59f38493da08940001d4e599,lt,0,6.0,8,1,Moral,0.24347706246768175,0.5415237459274103,0.17385671916751688,0.04114247243739104
HP0921,63d5438c43c3c41d0ffd96c0|lt|0,63d5438c43c3c41d0ffd96c0,lt,0,12.0,8,0,No clear justification,0.596214874569979,0.11122225398625035,0.10112207505492744,0.19144079638884323
HP0922,5de92feac16a6b000e8add98|lt|0,5de92feac16a6b000e8add98,lt,0,6.0,8,0,No clear justification,0.3591139505472224,0.20147073210470173,0.38650599564577726,0.052909321702298694
HP0923,5d6807f9778de5001a120d9a|lt|0,5d6807f9778de5001a120d9a,lt,0,12.0,8,3,Self-interest,0.445481771552643,0.09302150973835152,0.40158162733314484,0.05991509137586069
HP0924,5ea7f2a576434f0008303441|lt|0,5ea7f2a576434f0008303441,lt,0,12.0,8,0,No clear justification,0.4833844174104157,0.22556362303828278,0.22632919860495865,0.06472276094634286
HP0925,59d44f0a078dbe00019511a9|lt|0,59d44f0a078dbe00019511a9,lt,0,12.0,8,3,Self-interest,0.258257293432254,0.3409707239137782,0.35826539296266574,0.04250658969130234
HP0926,5d6ebbf926b44400175f445a|kw|0,5d6ebbf926b44400175f445a,kw,0,6.0,8,0,No clear justification,0.585934618431378,0.24080053772811275,0.10028647162106927,0.07297837221944
HP0927,6701f65ca63a3fae9d2e820e|lt|0,6701f65ca63a3fae9d2e820e,lt,0,10.5,8,0,No clear justification,0.45492699836415473,0.3947496262500224,0.08716173299171857,0.06316164239410436
HP0928,657b0ede27d064a99e80f7f2|lt|0,657b0ede27d064a99e80f7f2,lt,0,8.0,8,1,Moral,0.24347706246768175,0.5415237459274103,0.17385671916751688,0.04114247243739104
HP0929,629e11c0d89e0c18f21e687a|kw|0,629e11c0d89e0c18f21e687a,kw,0,12.0,8,3,Self-interest,0.258257293432254,0.3409707239137782,0.35826539296266574,0.04250658969130234
HP0930,5e42c26bcea1861491e28258|lt|0,5e42c26bcea1861491e28258,lt,0,8.0,8,3,Self-interest,0.3652536580649098,0.3750962122653923,0.20504541343273958,0.05460471623695812
HP0931,63cfefc43323e05d2a6f554b|lt|0,63cfefc43323e05d2a6f554b,lt,0,4.0,8,3,Self-interest,0.3652536580649098,0.3750962122653923,0.20504541343273958,0.05460471623695812
HP0932,6539445c1ace74e4d496f8e0|lt|0,6539445c1ace74e4d496f8e0,lt,0,8.0,8,1,Moral,0.45492699836415473,0.39474962625002236,0.08716173299171857,0.06316164239410436
HP0933,669a88248079035630cd7587|lt|0,669a88248079035630cd7587,lt,0,6.0,8,3,Self-interest,0.258257293432254,0.3409707239137782,0.35826539296266574,0.04250658969130234
HP0934,643b6eed100835cd04b81bd5|lt|0,643b6eed100835cd04b81bd5,lt,0,6.0,8,3,Self-interest,0.4833844174104158,0.22556362303828265,0.22632919860495865,0.06472276094634286
HP0935,604e839302a74c2f2990f713|kw|0,604e839302a74c2f2990f713,kw,0,6.0,8,1,Moral,0.36525365806490995,0.37509621226539247,0.20504541343273952,0.054604716236958145
HP0936,66e34d0934e6711bedcc6e1f|lt|0,66e34d0934e6711bedcc6e1f,lt,0,6.0,8,3,Self-interest,0.258257293432254,0.3409707239137782,0.35826539296266574,0.04250658969130234
HP0937,6288200662bdd110ddecad7a|lt|0,6288200662bdd110ddecad7a,lt,0,12.0,8,0,No clear justification,0.6940045489521988,0.11754937266866512,0.10921922705014962,0.07922685132898641
HP0938,5bc913d99427200001dd47f5|lt|0,5bc913d99427200001dd47f5,lt,0,6.0,8,3,Self-interest,0.3591139505472224,0.20147073210470173,0.38650599564577726,0.052909321702298694
HP0939,6272c6f165b55d496f5fae1a|kw|0,6272c6f165b55d496f5fae1a,kw,0,6.0,8,1,Moral,0.24347706246768175,0.5415237459274103,0.17385671916751688,0.04114247243739104
HP0940,58daa58731506e0001448ccf|kw|0,58daa58731506e0001448ccf,kw,0,9.0,8,1,Moral,0.18496356142406192,0.7330438276338292,0.04871829904354863,0.03327431189856008
HP0941,5727d93522e522000e7a0a3c|kw|0,5727d93522e522000e7a0a3c,kw,0,8.0,8,1,Moral,0.24347706246768175,0.5415237459274103,0.17385671916751688,0.04114247243739104
HP0942,67aa4c3d54c8e17bcc8a7975|lt|0,67aa4c3d54c8e17bcc8a7975,lt,0,8.0,8,3,Self-interest,0.258257293432254,0.3409707239137782,0.35826539296266574,0.04250658969130234
HP0943,6108353b27dad2165c694212|lt|0,6108353b27dad2165c694212,lt,0,6.0,8,3,Self-interest,0.258257293432254,0.3409707239137782,0.35826539296266574,0.04250658969130234
HP0944,6605e2b8ed85746d2f6aed25|lt|0,6605e2b8ed85746d2f6aed25,lt,0,8.0,8,1,Moral,0.18496356142406192,0.7330438276338292,0.04871829904354863,0.03327431189856008
HP0945,641640ace28d2bb30c45c595|kw|0,641640ace28d2bb30c45c595,kw,0,6.0,8,1,Moral,0.24347706246768175,0.5415237459274103,0.17385671916751688,0.04114247243739104
HP0946,55d7805c69dbc30012b67f32|lt|0,55d7805c69dbc30012b67f32,lt,0,6.0,8,1,Moral,0.24347706246768175,0.5415237459274103,0.17385671916751688,0.04114247243739104
HP0947,5ea166af93435d0008a8a341|kw|0,5ea166af93435d0008a8a341,kw,0,8.0,8,1,Moral,0.24347706246768175,0.5415237459274105,0.17385671916751688,0.04114247243739104
HP0948,5d61547443c13200193ccb12|lt|0,5d61547443c13200193ccb12,lt,0,8.0,8,3,Self-interest,0.258257293432254,0.3409707239137782,0.35826539296266574,0.04250658969130234
HP0949,596de39c9fd5ee0001b704c3|kw|0,596de39c9fd5ee0001b704c3,kw,0,6.0,8,2,Mutual Benefit / Cooperation,0.2510288635941764,0.5466106239578669,0.060227258252143874,0.14213325419581282
HP0950,5fb3d71c3144730009fe4a7b|lt|0,5fb3d71c3144730009fe4a7b,lt,0,6.0,8,3,Self-interest,0.258257293432254,0.3409707239137782,0.35826539296266574,0.04250658969130234
HP0951,5e7a0da5c8327f0406f24b9a|kw|0,5e7a0da5c8327f0406f24b9a,kw,0,12.0,8,1,Moral,0.24347706246768175,0.5415237459274103,0.17385671916751688,0.04114247243739104
HP0952,65dfd1cdf84b3237168a720b|kw|0,65dfd1cdf84b3237168a720b,kw,0,12.0,8,1,Moral,0.24347706246768175,0.5415237459274103,0.17385671916751688,0.04114247243739104
HP0953,6392360efb6e254ffd31e722|kw|0,6392360efb6e254ffd31e722,kw,0,12.0,8,0,No clear justification,0.45492699836415473,0.3947496262500224,0.08716173299171857,0.06316164239410436
HP0954,5e90b34a9e934e3ccc7330ba|lt|0,5e90b34a9e934e3ccc7330ba,lt,0,6.0,8,3,Self-interest,0.258257293432254,0.3409707239137782,0.35826539296266574,0.04250658969130234
HP0955,57d0a0bee3221e00015fe385|kw|0,57d0a0bee3221e00015fe385,kw,0,12.0,8,1,Moral,0.18496356142406192,0.7330438276338292,0.04871829904354863,0.03327431189856008
HP0956,5d59d45948766d0018949d58|kw|0,5d59d45948766d0018949d58,kw,0,12.0,8,2,Mutual Benefit / Cooperation,0.29710635955076614,0.36185436143156424,0.1891082174508977,0.15193106156677166
HP0957,659615bbb34696ca92b045c6|lt|0,659615bbb34696ca92b045c6,lt,0,7.0,8,3,Self-interest,0.3591139505472224,0.20147073210470173,0.38650599564577726,0.052909321702298694
HP0958,57aa96584cda6e0001842142|kw|0,57aa96584cda6e0001842142,kw,0,6.0,8,1,Moral,0.24347706246768175,0.5415237459274103,0.17385671916751688,0.04114247243739104
HP0959,6640b22bdbc5620b17c3f375|kw|0,6640b22bdbc5620b17c3f375,kw,0,6.0,8,1,Moral,0.3155993454535298,0.56498096170377,0.06977544623050079,0.049644246612199246
HP0960,6640bdfe02e53e598b28c8a8|kw|0,6640bdfe02e53e598b28c8a8,kw,0,6.0,8,1,Moral,0.31559934545352925,0.5649809617037711,0.06977544623050044,0.049644246612199155
HP0961,5d548912e1c7130018e019dc|kw|0,5d548912e1c7130018e019dc,kw,0,7.0,8,1,Moral,0.24347706246768175,0.5415237459274103,0.17385671916751688,0.04114247243739104
HP0962,62681384fd4e3b590854ac76|lt|0,62681384fd4e3b590854ac76,lt,0,6.0,8,3,Self-interest,0.258257293432254,0.3409707239137782,0.35826539296266574,0.04250658969130234
HP0963,5d53326a70729700015efb69|kw|0,5d53326a70729700015efb69,kw,0,8.0,8,0,No clear justification,0.45492699836415473,0.3947496262500224,0.08716173299171857,0.06316164239410436
HP0964,64337cc5c12109dc730de8c6|kw|0,64337cc5c12109dc730de8c6,kw,0,9.0,8,3,Self-interest,0.258257293432254,0.3409707239137782,0.35826539296266574,0.04250658969130234
HP0965,647be991db1ffbd6bbcc5bc6|kw|0,647be991db1ffbd6bbcc5bc6,kw,0,6.0,8,1,Moral,0.31559934545352925,0.5649809617037711,0.06977544623050044,0.049644246612199155
HP0966,5d4699cbda9cb60015aa45f7|lt|0,5d4699cbda9cb60015aa45f7,lt,0,6.0,8,0,No clear justification,0.36525365806490995,0.37509621226539247,0.20504541343273952,0.054604716236958145
HP0967,63d546d88ccf3a038620bb8c|lt|0,63d546d88ccf3a038620bb8c,lt,0,8.0,8,2,Mutual Benefit / Cooperation,0.29710635955076614,0.36185436143156424,0.1891082174508977,0.15193106156677166
HP0968,6758b26446c5556e1afcc4ca|lt|0,6758b26446c5556e1afcc4ca,lt,0,6.0,8,0,No clear justification,0.585934618431378,0.24080053772811275,0.10028647162106927,0.07297837221944
HP0969,679023f5b7572e2b6cb86bf7|kw|0,679023f5b7572e2b6cb86bf7,kw,0,8.0,8,1,Moral,0.24347706246768175,0.5415237459274103,0.17385671916751688,0.04114247243739104
HP0970,547272b4fdf99b44c5647418|kw|0,547272b4fdf99b44c5647418,kw,0,11.0,8,1,Moral,0.18496356142406192,0.7330438276338292,0.04871829904354863,0.03327431189856008
HP0971,5bd6b1636546650001036115|lt|0,5bd6b1636546650001036115,lt,0,12.0,8,1,Moral,0.3155993454535298,0.56498096170377,0.06977544623050079,0.049644246612199246
HP0972,665990d77206343f142e900b|kw|0,665990d77206343f142e900b,kw,0,6.0,8,1,Moral,0.29710635955076586,0.3618543614315647,0.18910821745089793,0.15193106156677175
HP0973,66cba302d70a26c630d75afc|kw|0,66cba302d70a26c630d75afc,kw,0,8.0,8,1,Moral,0.24347706246768175,0.5415237459274103,0.17385671916751688,0.04114247243739104
HP0974,5f5ba70b547cf6320759e068|lt|0,5f5ba70b547cf6320759e068,lt,0,6.0,8,3,Self-interest,0.258257293432254,0.3409707239137782,0.35826539296266574,0.04250658969130234
HP0975,631b32b0796f2941b55e7d58|lt|0,631b32b0796f2941b55e7d58,lt,0,6.0,8,0,No clear justification,0.36525365806490995,0.37509621226539247,0.20504541343273952,0.054604716236958145
HP0976,67ace31300abf1fb686b8ce1|kw|0,67ace31300abf1fb686b8ce1,kw,0,6.0,8,1,Moral,0.31559934545352925,0.5649809617037711,0.06977544623050044,0.049644246612199155
HP0977,6486aa634b94f1dd568fd487|kw|0,6486aa634b94f1dd568fd487,kw,0,6.0,8,0,No clear justification,0.45492699836415473,0.3947496262500224,0.08716173299171857,0.06316164239410436
HP0978,6541138589de324968b6c99d|kw|0,6541138589de324968b6c99d,kw,0,6.0,8,1,Moral,0.2582572934322544,0.3409707239137784,0.35826539296266474,0.04250658969130234
HP0979,5975b75a2356570001085d0c|lt|0,5975b75a2356570001085d0c,lt,0,8.0,8,0,No clear justification,0.36525365806490995,0.37509621226539247,0.20504541343273952,0.054604716236958145
HP0980,676573c214fa1ff2ce7f1b11|kw|0,676573c214fa1ff2ce7f1b11,kw,0,5.5,8,0,No clear justification,0.585934618431378,0.24080053772811275,0.10028647162106927,0.07297837221944
HP0981,5ea48ae3461d1044f2d282cc|lt|0,5ea48ae3461d1044f2d282cc,lt,0,6.0,8,1,Moral,0.18496356142406192,0.7330438276338292,0.04871829904354863,0.03327431189856008
HP0982,68588c0e318290286d99fbac|lt|0,68588c0e318290286d99fbac,lt,0,6.0,8,0,No clear justification,0.6940045489521988,0.11754937266866512,0.10921922705014962,0.07922685132898641
HP0983,5919adda0329e90001578e5f|lt|0,5919adda0329e90001578e5f,lt,0,6.0,8,3,Self-interest,0.24347706246768147,0.5415237459274107,0.1738567191675168,0.041142472437391
HP0984,5f8a08f7ada1650a0096396e|kw|0,5f8a08f7ada1650a0096396e,kw,0,7.0,8,0,No clear justification,0.45492699836415473,0.3947496262500224,0.08716173299171857,0.06316164239410436
HP0985,5bfd81fb2feab400014d9060|kw|0,5bfd81fb2feab400014d9060,kw,0,6.0,8,1,Moral,0.24347706246768175,0.5415237459274103,0.17385671916751688,0.04114247243739104
HP0986,63ea6344bf5cfafd40b0dce2|lt|0,63ea6344bf5cfafd40b0dce2,lt,0,6.0,8,3,Self-interest,0.24347706246768147,0.5415237459274107,0.1738567191675168,0.041142472437391
HP0987,5e16bce18dffa0c6f76cda9b|lt|0,5e16bce18dffa0c6f76cda9b,lt,0,8.0,8,1,Moral,0.24347706246768175,0.5415237459274103,0.17385671916751688,0.04114247243739104
HP0988,63468a615fe324360bedf63e|kw|0,63468a615fe324360bedf63e,kw,0,12.0,8,1,Moral,0.36525365806490995,0.37509621226539247,0.20504541343273952,0.054604716236958145
HP0989,56aa90d5638440000c8b506f|kw|0,56aa90d5638440000c8b506f,kw,0,6.0,8,0,No clear justification,0.36525365806490995,0.37509621226539247,0.20504541343273952,0.054604716236958145
HP0990,6773d468b0b6f6aacb19640d|kw|0,6773d468b0b6f6aacb19640d,kw,0,10.0,8,1,Moral,0.36525365806490995,0.37509621226539247,0.20504541343273958,0.054604716236958145
HP0991,66df3be52e3a37738fecdf1a|lt|0,66df3be52e3a37738fecdf1a,lt,0,4.0,8,3,Self-interest,0.24347706246768147,0.5415237459274107,0.1738567191675168,0.041142472437391
HP0992,66535c666b8b41bd15d36ce0|kw|0,66535c666b8b41bd15d36ce0,kw,0,6.0,8,1,Moral,0.31559934545352925,0.5649809617037711,0.06977544623050044,0.049644246612199155
HP0993,5d671936b5671a0017326ace|kw|0,5d671936b5671a0017326ace,kw,0,9.0,8,3,Self-interest,0.258257293432254,0.3409707239137782,0.35826539296266574,0.04250658969130234
HP0994,65eddbd7c76a5d7285c0c416|kw|0,65eddbd7c76a5d7285c0c416,kw,0,8.0,8,1,Moral,0.18496356142406192,0.7330438276338292,0.04871829904354863,0.03327431189856008
HP0995,613b94b83b5cb4c72904f8b3|kw|0,613b94b83b5cb4c72904f8b3,kw,0,8.0,8,1,Moral,0.24347706246768175,0.5415237459274103,0.17385671916751688,0.04114247243739104
HP0996,64834ca600dfc800b8242f95|kw|0,64834ca600dfc800b8242f95,kw,0,6.0,8,3,Self-interest,0.258257293432254,0.3409707239137782,0.35826539296266574,0.04250658969130234
HP0997,5f218810dbe587339609aee4|kw|0,5f218810dbe587339609aee4,kw,0,12.0,8,1,Moral,0.18496356142406192,0.7330438276338292,0.04871829904354863,0.03327431189856008
HP0998,66293dd4c51422edb482d223|kw|0,66293dd4c51422edb482d223,kw,0,6.0,8,1,Moral,0.18496356142406192,0.7330438276338292,0.04871829904354863,0.03327431189856008
HP0999,5a22d662d6fdbc00011c92ce|kw|0,5a22d662d6fdbc00011c92ce,kw,0,7.0,8,0,No clear justification,0.5819503116121993,0.10754624123941138,0.23923165281746236,0.07127179433092681
HP1000,631123376033bb148edc0ebb|lt|0,631123376033bb148edc0ebb,lt,0,8.0,8,1,Moral,0.4833844174104157,0.22556362303828278,0.22632919860495865,0.06472276094634286
HP1001,66816b966ae4ada52898695c|kw|0,66816b966ae4ada52898695c,kw,0,12.0,8,1,Moral,0.18496356142406192,0.7330438276338292,0.04871829904354863,0.03327431189856008
HP1002,5e0629a51d46070022c94ac9|lt|0,5e0629a51d46070022c94ac9,lt,0,6.0,8,3,Self-interest,0.258257293432254,0.3409707239137782,0.35826539296266574,0.04250658969130234
HP1003,5f2863bd78ff1f1085f77e19|lt|0,5f2863bd78ff1f1085f77e19,lt,0,6.0,8,3,Self-interest,0.258257293432254,0.3409707239137782,0.35826539296266574,0.04250658969130234
HP1004,6306d39340264f76753706fd|kw|0,6306d39340264f76753706fd,kw,0,6.5,8,0,No clear justification,0.6940045489521988,0.11754937266866512,0.10921922705014962,0.07922685132898641
HP1005,5b15fd2b9663ee000146499e|kw|0,5b15fd2b9663ee000146499e,kw,0,6.0,8,2,Mutual Benefit / Cooperation,0.29710635955076614,0.36185436143156424,0.1891082174508977,0.15193106156677166
HP1006,5e78e8c6593bf50831f704b8|kw|0,5e78e8c6593bf50831f704b8,kw,0,6.5,8,0,No clear justification,0.4833844174104158,0.22556362303828284,0.2263291986049585,0.06472276094634286
HP1007,6404f184dffe93798dca0f5f|kw|0,6404f184dffe93798dca0f5f,kw,0,6.0,8,1,Moral,0.36525365806490995,0.37509621226539247,0.20504541343273952,0.054604716236958145
HP1008,62976e7114308ee7c69d10ae|kw|0,62976e7114308ee7c69d10ae,kw,0,6.0,8,0,No clear justification,0.36525365806490995,0.37509621226539247,0.20504541343273952,0.054604716236958145
HP1009,63614f71fa75fcbcee84f2ac|lt|0,63614f71fa75fcbcee84f2ac,lt,0,6.0,8,1,Moral,0.24347706246768175,0.5415237459274103,0.17385671916751688,0.04114247243739104
HP1010,5ec738ce3c7fd317a72dcfe6|lt|0,5ec738ce3c7fd317a72dcfe6,lt,0,6.0,8,0,No clear justification,0.3155993454535298,0.56498096170377,0.06977544623050079,0.049644246612199246
HP1011,5d7874252f037f0016637125|lt|0,5d7874252f037f0016637125,lt,0,6.0,8,3,Self-interest,0.258257293432254,0.3409707239137782,0.35826539296266574,0.04250658969130234
HP1012,646a2395c7c21c5772c607ab|lt|0,646a2395c7c21c5772c607ab,lt,0,6.0,8,0,No clear justification,0.36525365806490995,0.37509621226539247,0.20504541343273952,0.054604716236958145
HP1013,604bfe99dcaa286218d25fca|kw|0,604bfe99dcaa286218d25fca,kw,0,12.0,8,1,Moral,0.24347706246768175,0.5415237459274103,0.17385671916751688,0.04114247243739104
HP1014,6761f1f5e7c2056f98daca5e|lt|0,6761f1f5e7c2056f98daca5e,lt,0,8.0,8,3,Self-interest,0.258257293432254,0.3409707239137782,0.35826539296266574,0.04250658969130234
HP1015,5cd801d431d19f0019425e2e|kw|0,5cd801d431d19f0019425e2e,kw,0,6.0,8,0,No clear justification,0.45492699836415473,0.3947496262500224,0.08716173299171857,0.06316164239410436
HP1016,67aca52029509c486774daa1|kw|0,67aca52029509c486774daa1,kw,0,6.0,8,1,Moral,0.31559934545352925,0.5649809617037711,0.06977544623050044,0.049644246612199155
HP1017,602d4d4c654dbd73fc278783|lt|0,602d4d4c654dbd73fc278783,lt,0,8.0,8,0,No clear justification,0.4833844174104158,0.22556362303828265,0.2263291986049586,0.06472276094634286
HP1018,691e33df8b5c61b54f6de0d5|lt|0,691e33df8b5c61b54f6de0d5,lt,0,6.0,8,3,Self-interest,0.258257293432254,0.3409707239137782,0.35826539296266574,0.04250658969130234
HP1019,6613eaa8e44e25e801f85215|kw|0,6613eaa8e44e25e801f85215,kw,0,6.0,8,3,Self-interest,0.3652536580649098,0.3750962122653923,0.20504541343273958,0.05460471623695812
HP1020,664f99fe99ad74bdbb1adc35|lt|0,664f99fe99ad74bdbb1adc35,lt,0,4.0,8,1,Moral,0.24347706246768175,0.5415237459274103,0.17385671916751688,0.04114247243739104
HP1021,63792c65e92e706fdb44c08a|lt|0,63792c65e92e706fdb44c08a,lt,0,6.0,8,3,Self-interest,0.258257293432254,0.3409707239137782,0.35826539296266574,0.04250658969130234
HP1022,66eada82e2a59d472d2dd086|kw|0,66eada82e2a59d472d2dd086,kw,0,6.0,8,1,Moral,0.24347706246768175,0.5415237459274103,0.17385671916751688,0.04114247243739104
HP1023,60e0687e08d77efdaa4e9aa8|lt|0,60e0687e08d77efdaa4e9aa8,lt,0,8.0,8,3,Self-interest,0.258257293432254,0.3409707239137782,0.35826539296266574,0.04250658969130234
HP1024,65831ec7a0cb41561b8e43e9|lt|0,65831ec7a0cb41561b8e43e9,lt,0,7.0,8,1,Moral,0.2582572934322544,0.3409707239137784,0.35826539296266474,0.04250658969130234
HP1025,66455f0cb0bc36b3cbe62bd0|lt|0,66455f0cb0bc36b3cbe62bd0,lt,0,6.0,8,0,No clear justification,0.4833844174104158,0.22556362303828265,0.2263291986049586,0.06472276094634286
HP1026,565c931eba63db00051cd52d|lt|0,565c931eba63db00051cd52d,lt,0,6.5,8,0,No clear justification,0.596214874569979,0.11122225398625035,0.10112207505492744,0.19144079638884323
HP1027,602fea460a29c4d98a5d8034|lt|0,602fea460a29c4d98a5d8034,lt,0,6.0,8,3,Self-interest,0.2971063595507661,0.36185436143156424,0.18910821745089776,0.15193106156677166
HP1028,671ffe48b75190b5502550f7|lt|0,671ffe48b75190b5502550f7,lt,0,6.0,8,0,No clear justification,0.36525365806490995,0.37509621226539247,0.20504541343273952,0.054604716236958145
HP1029,6306d4da805f2e38a841c3ad|kw|0,6306d4da805f2e38a841c3ad,kw,0,6.0,8,3,Self-interest,0.258257293432254,0.3409707239137782,0.35826539296266574,0.04250658969130234
HP1030,67685ad9e0d7b8fc12217070|kw|0,67685ad9e0d7b8fc12217070,kw,0,6.0,8,3,Self-interest,0.3591139505472224,0.20147073210470173,0.38650599564577726,0.052909321702298694
HP1031,60dd8e0d3d47076064d30569|lt|0,60dd8e0d3d47076064d30569,lt,0,12.0,8,3,Self-interest,0.258257293432254,0.3409707239137782,0.35826539296266574,0.04250658969130234
HP1032,66830d445073aae663d54dbd|lt|0,66830d445073aae663d54dbd,lt,0,7.5,8,3,Self-interest,0.3591139505472224,0.20147073210470173,0.38650599564577726,0.052909321702298694
HP1033,60ddf72ef11f891328449fb0|kw|0,60ddf72ef11f891328449fb0,kw,0,12.0,8,1,Moral,0.24347706246768175,0.5415237459274103,0.17385671916751688,0.04114247243739104
HP1034,6755e799307c1a8afbb8c162|kw|0,6755e799307c1a8afbb8c162,kw,0,6.0,8,1,Moral,0.29710635955076586,0.3618543614315647,0.18910821745089793,0.15193106156677175
HP1035,5c7f91a08fc24d001544e880|lt|0,5c7f91a08fc24d001544e880,lt,0,6.0,8,0,No clear justification,0.4833844174104158,0.22556362303828265,0.2263291986049586,0.06472276094634286
HP1036,63f78c9346da47f7f8f3aef9|lt|0,63f78c9346da47f7f8f3aef9,lt,0,6.0,8,0,No clear justification,0.36525365806490995,0.37509621226539247,0.20504541343273952,0.054604716236958145
HP1037,59ae654b5e7f4800010ef039|lt|0,59ae654b5e7f4800010ef039,lt,0,6.0,8,3,Self-interest,0.258257293432254,0.3409707239137782,0.35826539296266574,0.04250658969130234
HP1038,5bba3eecccb6f40001851cb3|kw|0,5bba3eecccb6f40001851cb3,kw,0,6.0,8,1,Moral,0.31559934545352925,0.5649809617037711,0.06977544623050044,0.049644246612199155
HP1039,5fba54733359979ab9a16056|kw|0,5fba54733359979ab9a16056,kw,0,6.0,8,1,Moral,0.24347706246768175,0.5415237459274103,0.17385671916751688,0.04114247243739104
HP1040,56c6e662b0b7a1000c5cdb21|lt|0,56c6e662b0b7a1000c5cdb21,lt,0,8.0,8,1,Moral,0.24347706246768175,0.5415237459274103,0.17385671916751688,0.04114247243739104
HP1041,655b67877536d232728dfa6c|kw|0,655b67877536d232728dfa6c,kw,0,12.0,8,3,Self-interest,0.258257293432254,0.3409707239137782,0.35826539296266574,0.04250658969130234
HP1042,60cf382898b50ef89e5efab3|lt|0,60cf382898b50ef89e5efab3,lt,0,8.0,8,2,Mutual Benefit / Cooperation,0.29710635955076614,0.36185436143156424,0.1891082174508977,0.15193106156677166
HP1043,5e437d7404eaba215eafbd2a|lt|0,5e437d7404eaba215eafbd2a,lt,0,6.0,8,3,Self-interest,0.258257293432254,0.3409707239137782,0.35826539296266574,0.04250658969130234
HP1044,6002ae1ea178912bfa128adf|lt|0,6002ae1ea178912bfa128adf,lt,0,6.0,8,3,Self-interest,0.258257293432254,0.3409707239137782,0.35826539296266574,0.04250658969130234
HP1045,54ab0771fdf99b55c3f55227|lt|0,54ab0771fdf99b55c3f55227,lt,0,7.0,8,3,Self-interest,0.258257293432254,0.3409707239137782,0.35826539296266574,0.04250658969130234
HP1046,5cc19e4f792ce5000145f764|lt|0,5cc19e4f792ce5000145f764,lt,0,6.0,8,0,No clear justification,0.36525365806490995,0.37509621226539247,0.20504541343273952,0.054604716236958145
HP1047,6926d10351d9647d730b84a8|kw|0,6926d10351d9647d730b84a8,kw,0,6.0,8,1,Moral,0.24347706246768175,0.5415237459274103,0.17385671916751688,0.04114247243739104
HP1048,5d510396f6725b001a4fc025|kw|0,5d510396f6725b001a4fc025,kw,0,8.0,8,1,Moral,0.24347706246768175,0.5415237459274103,0.17385671916751688,0.04114247243739104
HP1049,5c01d3c509e9c70001500b10|kw|0,5c01d3c509e9c70001500b10,kw,0,8.0,8,1,Moral,0.18496356142406192,0.7330438276338292,0.04871829904354863,0.03327431189856008
HP1050,667dd824a2d8ed14f560a9fa|lt|0,667dd824a2d8ed14f560a9fa,lt,0,4.0,8,3,Self-interest,0.3652536580649098,0.3750962122653923,0.20504541343273958,0.05460471623695812
HP1051,671e6d002c9289cb169875ed|kw|0,671e6d002c9289cb169875ed,kw,0,6.0,8,1,Moral,0.24347706246768175,0.5415237459274103,0.17385671916751688,0.04114247243739104
HP1052,66fc218d3bbacd308ed20847|lt|0,66fc218d3bbacd308ed20847,lt,0,8.0,8,0,No clear justification,0.36525365806490995,0.37509621226539247,0.20504541343273952,0.054604716236958145
HP1053,5f0e16a89f0d68127670c288|lt|0,5f0e16a89f0d68127670c288,lt,0,6.0,8,3,Self-interest,0.258257293432254,0.3409707239137782,0.35826539296266574,0.04250658969130234
HP1054,666a0a76b1d7349662971064|kw|0,666a0a76b1d7349662971064,kw,0,6.0,8,3,Self-interest,0.23476099173141213,0.16886376398274525,0.5576795667653784,0.03869567752046419
HP1055,660158b9a05b9c4adc616ff8|lt|0,660158b9a05b9c4adc616ff8,lt,0,8.0,8,1,Moral,0.24347706246768175,0.5415237459274103,0.17385671916751688,0.04114247243739104
HP1056,6413599d52dc6500b2430165|kw|0,6413599d52dc6500b2430165,kw,0,6.0,8,1,Moral,0.24347706246768175,0.5415237459274103,0.17385671916751688,0.04114247243739104
HP1057,67d89d92eb4323537c13b656|kw|0,67d89d92eb4323537c13b656,kw,0,6.0,8,1,Moral,0.24347706246768175,0.5415237459274103,0.17385671916751688,0.04114247243739104
HP1058,654650713282e9e8d26d0b86|lt|0,654650713282e9e8d26d0b86,lt,0,6.0,8,0,No clear justification,0.36525365806490995,0.37509621226539247,0.20504541343273952,0.054604716236958145
HP1059,61118cf8dd195d72acb7594a|lt|0,61118cf8dd195d72acb7594a,lt,0,12.0,8,3,Self-interest,0.258257293432254,0.3409707239137782,0.35826539296266574,0.04250658969130234
HP1060,6676ddf4aeae188a30f824f5|kw|0,6676ddf4aeae188a30f824f5,kw,0,10.0,8,3,Self-interest,0.3591139505472224,0.20147073210470173,0.38650599564577726,0.052909321702298694
HP1061,56f2a152ed0cf6000c913b6c|lt|0,56f2a152ed0cf6000c913b6c,lt,0,6.0,8,3,Self-interest,0.258257293432254,0.3409707239137782,0.35826539296266574,0.04250658969130234
HP1062,67785cef31ee995e28d95c29|lt|0,67785cef31ee995e28d95c29,lt,0,6.0,8,3,Self-interest,0.258257293432254,0.3409707239137782,0.35826539296266574,0.04250658969130234
HP1063,5fb5f30ab74f4b20cdd41ec1|kw|0,5fb5f30ab74f4b20cdd41ec1,kw,0,6.0,8,1,Moral,0.24347706246768175,0.5415237459274103,0.17385671916751688,0.04114247243739104
HP1064,5acddd6cfa3b4e000173db88|kw|0,5acddd6cfa3b4e000173db88,kw,0,6.0,8,1,Moral,0.24347706246768175,0.5415237459274103,0.17385671916751688,0.04114247243739104
HP1065,60cfce9352df6ebd5674e563|lt|0,60cfce9352df6ebd5674e563,lt,0,2.0,8,0,No clear justification,0.5859346184313778,0.24080053772811275,0.10028647162106935,0.07297837221943997
HP1066,5f6b027e6eae971e2fa13594|lt|0,5f6b027e6eae971e2fa13594,lt,0,12.0,8,0,No clear justification,0.3155993454535298,0.56498096170377,0.06977544623050079,0.049644246612199246
HP1067,5ee2d96eac3291203650f16e|kw|0,5ee2d96eac3291203650f16e,kw,0,6.0,8,1,Moral,0.36525365806490995,0.37509621226539247,0.20504541343273952,0.054604716236958145
HP1068,5fc54a4839204604d13affd5|kw|0,5fc54a4839204604d13affd5,kw,0,9.0,8,1,Moral,0.24347706246768175,0.5415237459274103,0.17385671916751688,0.04114247243739104
HP1069,5df967d2f6191f6e87b236e6|kw|0,5df967d2f6191f6e87b236e6,kw,0,12.0,8,1,Moral,0.31559934545352925,0.5649809617037711,0.06977544623050044,0.049644246612199155
HP1070,67e1da8a432675c0e850e8d1|lt|0,67e1da8a432675c0e850e8d1,lt,0,6.0,8,1,Moral,0.24347706246768175,0.5415237459274103,0.17385671916751688,0.04114247243739104
HP1071,5d0b6647e28fd700010c55ac|kw|0,5d0b6647e28fd700010c55ac,kw,0,12.0,8,1,Moral,0.45492699836415473,0.39474962625002236,0.08716173299171857,0.06316164239410436
HP1072,5fa2b9a3c1d67f3a311db672|kw|0,5fa2b9a3c1d67f3a311db672,kw,0,6.0,8,1,Moral,0.24347706246768175,0.5415237459274103,0.17385671916751688,0.04114247243739104
HP1073,5fefaa63238d4be5c34c0d51|kw|0,5fefaa63238d4be5c34c0d51,kw,0,12.0,8,1,Moral,0.24347706246768175,0.5415237459274103,0.17385671916751688,0.04114247243739104
HP1074,558955ebfdf99b6bd06016c9|kw|0,558955ebfdf99b6bd06016c9,kw,0,8.0,8,1,Moral,0.24347706246768175,0.5415237459274103,0.17385671916751688,0.04114247243739104
HP1075,5f2c95d13e33c7074c6d1e47|lt|0,5f2c95d13e33c7074c6d1e47,lt,0,6.0,8,3,Self-interest,0.258257293432254,0.3409707239137782,0.35826539296266574,0.04250658969130234
HP1076,5dd61f689740545c506ee244|kw|0,5dd61f689740545c506ee244,kw,0,12.0,8,3,Self-interest,0.258257293432254,0.3409707239137782,0.35826539296266574,0.04250658969130234
HP1077,67ef19849ce42ec68447928e|kw|0,67ef19849ce42ec68447928e,kw,0,4.0,8,0,No clear justification,0.5859346184313778,0.24080053772811275,0.10028647162106935,0.07297837221943997
HP1078,664d3ff00a00a73398ac3f4f|lt|0,664d3ff00a00a73398ac3f4f,lt,0,6.0,8,3,Self-interest,0.258257293432254,0.3409707239137782,0.35826539296266574,0.04250658969130234
HP1079,5febd397ad8fbad21bcd6182|lt|0,5febd397ad8fbad21bcd6182,lt,0,8.0,8,3,Self-interest,0.445481771552643,0.09302150973835152,0.40158162733314484,0.05991509137586069
HP1080,5fd8e27b6feb8e0d22eb3bd0|kw|0,5fd8e27b6feb8e0d22eb3bd0,kw,0,6.0,8,1,Moral,0.24347706246768175,0.5415237459274103,0.17385671916751688,0.04114247243739104
HP1081,59ff8226ab721b0001ef6e61|lt|0,59ff8226ab721b0001ef6e61,lt,0,6.0,8,0,No clear justification,0.36525365806490995,0.37509621226539247,0.20504541343273952,0.054604716236958145
HP1082,673b834c1ca9feb154a86523|lt|0,673b834c1ca9feb154a86523,lt,0,6.0,8,3,Self-interest,0.258257293432254,0.3409707239137782,0.35826539296266574,0.04250658969130234
HP1083,5c64981ca98f0700010f8c81|kw|0,5c64981ca98f0700010f8c81,kw,0,12.0,8,1,Moral,0.18496356142406192,0.7330438276338292,0.04871829904354863,0.03327431189856008
HP1084,677679d8f8b195498c2f7a09|lt|0,677679d8f8b195498c2f7a09,lt,0,12.0,8,3,Self-interest,0.24347706246768147,0.5415237459274107,0.1738567191675168,0.041142472437391
HP1085,63b6ffb02943686f4f354741|kw|0,63b6ffb02943686f4f354741,kw,0,6.0,8,1,Moral,0.31559934545352925,0.5649809617037711,0.06977544623050044,0.049644246612199155
HP1086,6413dd7eadc09e71fa198000|lt|0,6413dd7eadc09e71fa198000,lt,0,4.0,8,3,Self-interest,0.258257293432254,0.3409707239137782,0.35826539296266574,0.04250658969130234
HP1087,5ee1311e3348314f4f4a8d30|lt|0,5ee1311e3348314f4f4a8d30,lt,0,6.0,8,3,Self-interest,0.445481771552643,0.09302150973835152,0.40158162733314484,0.05991509137586069
HP1088,667ae3fff7f7af34dc9c27c4|kw|0,667ae3fff7f7af34dc9c27c4,kw,0,6.0,8,1,Moral,0.36525365806490995,0.37509621226539247,0.20504541343273952,0.054604716236958145
HP1089,63b7566ea98814782bc51d9b|kw|0,63b7566ea98814782bc51d9b,kw,0,8.5,8,1,Moral,0.31559934545352925,0.5649809617037711,0.06977544623050044,0.049644246612199155
HP1090,5c205371da51990001e17313|kw|0,5c205371da51990001e17313,kw,0,2.0,8,0,No clear justification,0.6940045489521988,0.11754937266866512,0.10921922705014962,0.07922685132898641
HP1091,691df073ae5e6972d8f3983e|lt|0,691df073ae5e6972d8f3983e,lt,0,6.0,8,1,Moral,0.24347706246768175,0.5415237459274103,0.17385671916751688,0.04114247243739104
HP1092,6763dc05af46629317e23da3|lt|0,6763dc05af46629317e23da3,lt,0,6.0,8,0,No clear justification,0.4833844174104158,0.22556362303828265,0.2263291986049586,0.06472276094634286
HP1093,66524aa2a82e242800be156b|lt|0,66524aa2a82e242800be156b,lt,0,6.0,8,3,Self-interest,0.258257293432254,0.3409707239137782,0.35826539296266574,0.04250658969130234
HP1094,5a01ddf3728b1b0001ad8ad0|lt|0,5a01ddf3728b1b0001ad8ad0,lt,0,8.0,8,3,Self-interest,0.3652536580649098,0.3750962122653923,0.20504541343273958,0.05460471623695812
HP1095,66ad53274144a944c514d4a8|kw|0,66ad53274144a944c514d4a8,kw,0,6.0,8,1,Moral,0.24347706246768175,0.5415237459274103,0.17385671916751688,0.04114247243739104
HP1096,597f662f89542d0001517d78|kw|0,597f662f89542d0001517d78,kw,0,12.0,8,1,Moral,0.24347706246768175,0.5415237459274103,0.17385671916751688,0.04114247243739104
HP1097,5ea313378e994c25658eae92|lt|0,5ea313378e994c25658eae92,lt,0,6.0,8,3,Self-interest,0.258257293432254,0.3409707239137782,0.35826539296266574,0.04250658969130234
HP1098,678fb834512bd07496d7f855|kw|0,678fb834512bd07496d7f855,kw,0,6.0,8,0,No clear justification,0.3732161530582222,0.38219935066669497,0.07758739776952454,0.16699709850555822
HP1099,5ea7e9f15bc7011d31958608|lt|0,5ea7e9f15bc7011d31958608,lt,0,4.0,8,3,Self-interest,0.3652536580649098,0.3750962122653923,0.20504541343273958,0.05460471623695812
HP1100,677edb96bb091e27806608b9|lt|0,677edb96bb091e27806608b9,lt,0,4.0,8,1,Moral,0.24347706246768175,0.5415237459274103,0.17385671916751688,0.04114247243739104
HP1101,56114aa67ffc8a000f81148d|lt|0,56114aa67ffc8a000f81148d,lt,0,6.0,8,3,Self-interest,0.258257293432254,0.3409707239137782,0.35826539296266574,0.04250658969130234
HP1102,662ee0b0f3785c3fe59e191f|kw|0,662ee0b0f3785c3fe59e191f,kw,0,6.0,8,1,Moral,0.18496356142406192,0.7330438276338292,0.04871829904354863,0.03327431189856008
HP1103,636419013bc521fae9f7db90|kw|0,636419013bc521fae9f7db90,kw,0,7.0,8,1,Moral,0.45492699836415473,0.39474962625002236,0.08716173299171857,0.06316164239410436
HP1104,6401c41ef621f07e133979e9|kw|0,6401c41ef621f07e133979e9,kw,0,12.0,8,1,Moral,0.18496356142406192,0.7330438276338292,0.04871829904354863,0.03327431189856008
HP1105,5f3153a6180dcf0d8dd72a45|kw|0,5f3153a6180dcf0d8dd72a45,kw,0,9.0,8,1,Moral,0.36525365806490995,0.37509621226539247,0.20504541343273952,0.054604716236958145
HP1106,5d7472ad3bc4020015f3bb56|lt|0,5d7472ad3bc4020015f3bb56,lt,0,6.0,8,0,No clear justification,0.40277508996010103,0.2161200674252089,0.21226537486240124,0.16883946775228895
HP1107,5f11eb333c6e2c0df5b92270|lt|0,5f11eb333c6e2c0df5b92270,lt,0,6.0,8,3,Self-interest,0.258257293432254,0.3409707239137782,0.35826539296266574,0.04250658969130234
HP1108,5de9d78ebe656d10e1a26af6|lt|0,5de9d78ebe656d10e1a26af6,lt,0,6.0,8,3,Self-interest,0.23476099173141213,0.1688637639827452,0.5576795667653784,0.03869567752046419
HP1109,65425b32a9c97568f11a9265|lt|0,65425b32a9c97568f11a9265,lt,0,6.0,8,3,Self-interest,0.258257293432254,0.3409707239137782,0.35826539296266574,0.04250658969130234
HP1110,67fd7bb4515d79df15f3c967|lt|0,67fd7bb4515d79df15f3c967,lt,0,6.0,8,1,Moral,0.18496356142406192,0.7330438276338292,0.04871829904354863,0.03327431189856008
HP1111,5c0c90e7632102000147c3cc|kw|0,5c0c90e7632102000147c3cc,kw,0,6.0,8,1,Moral,0.24347706246768175,0.5415237459274103,0.17385671916751688,0.04114247243739104
HP1112,5efd32d5ebff0517d77b8e4c|kw|0,5efd32d5ebff0517d77b8e4c,kw,0,12.0,8,1,Moral,0.3591139505472224,0.20147073210470173,0.38650599564577726,0.052909321702298694
HP1113,6675dbbeee7b1e2aa37a8eaa|lt|0,6675dbbeee7b1e2aa37a8eaa,lt,0,12.0,8,1,Moral,0.3155993454535298,0.56498096170377,0.06977544623050079,0.049644246612199246
HP1114,5edf45c790b7091e3cfd7f62|lt|0,5edf45c790b7091e3cfd7f62,lt,0,5.0,8,3,Self-interest,0.258257293432254,0.3409707239137782,0.35826539296266574,0.04250658969130234
HP1115,5d75af57bcfd5b001b192708|lt|0,5d75af57bcfd5b001b192708,lt,0,5.5,8,3,Self-interest,0.258257293432254,0.3409707239137782,0.35826539296266574,0.04250658969130234
HP1116,63cee143ef1cb49bc4d101db|lt|0,63cee143ef1cb49bc4d101db,lt,0,7.5,8,3,Self-interest,0.5819503116121993,0.10754624123941138,0.23923165281746236,0.07127179433092681
HP1117,642ef01a04c9f327767cde23|lt|0,642ef01a04c9f327767cde23,lt,0,8.0,8,0,No clear justification,0.36525365806490995,0.37509621226539247,0.20504541343273952,0.054604716236958145
HP1118,5df1fd62dc85350eb4d4ced1|lt|0,5df1fd62dc85350eb4d4ced1,lt,0,4.0,8,3,Self-interest,0.2971063595507662,0.36185436143156424,0.1891082174508978,0.1519310615667716
HP1119,5c5cad876d0fe50001f0390c|lt|0,5c5cad876d0fe50001f0390c,lt,0,12.0,8,1,Moral,0.31559934545352925,0.5649809617037711,0.06977544623050044,0.049644246612199155
HP1120,653fcf588ab0516beb4bf546|lt|0,653fcf588ab0516beb4bf546,lt,0,8.0,8,0,No clear justification,0.3155993454535298,0.56498096170377,0.06977544623050079,0.049644246612199246
HP1121,60f194e358dec32bfe2721f2|lt|0,60f194e358dec32bfe2721f2,lt,0,12.0,8,3,Self-interest,0.258257293432254,0.3409707239137782,0.35826539296266574,0.04250658969130234
HP1122,5ff0379d6bfb633786fd9b27|lt|0,5ff0379d6bfb633786fd9b27,lt,0,12.0,8,3,Self-interest,0.258257293432254,0.3409707239137782,0.35826539296266574,0.04250658969130234
HP1123,5fdbae0584b3a90525410347|kw|0,5fdbae0584b3a90525410347,kw,0,6.0,8,1,Moral,0.24347706246768175,0.5415237459274103,0.17385671916751688,0.04114247243739104
HP1124,67816b8db5cc9d12f5f77d7a|lt|0,67816b8db5cc9d12f5f77d7a,lt,0,6.0,8,0,No clear justification,0.5859346184313778,0.24080053772811288,0.10028647162106935,0.07297837221943997
HP1125,6108ee25f9c9a40b6a0ebb74|lt|0,6108ee25f9c9a40b6a0ebb74,lt,0,8.0,8,0,No clear justification,0.5859346184313778,0.24080053772811288,0.10028647162106935,0.07297837221943997
HP1126,674cbe23379dd601a29eefd4|kw|0,674cbe23379dd601a29eefd4,kw,0,6.0,8,1,Moral,0.24347706246768175,0.5415237459274103,0.17385671916751688,0.04114247243739104
HP1127,6644b750f83b1ad48d9ce14f|lt|0,6644b750f83b1ad48d9ce14f,lt,0,6.0,8,3,Self-interest,0.258257293432254,0.3409707239137782,0.35826539296266574,0.04250658969130234
HP1128,6745109c444973d1fa9f17d4|kw|0,6745109c444973d1fa9f17d4,kw,0,12.0,8,3,Self-interest,0.258257293432254,0.3409707239137782,0.35826539296266574,0.04250658969130234
HP1129,5c92017dc719fc00017df090|kw|0,5c92017dc719fc00017df090,kw,0,8.0,8,3,Self-interest,0.258257293432254,0.3409707239137782,0.35826539296266574,0.04250658969130234
HP1130,572041d6fd3a5200093c1295|lt|0,572041d6fd3a5200093c1295,lt,0,5.0,8,3,Self-interest,0.3591139505472224,0.20147073210470173,0.38650599564577726,0.052909321702298694
HP1131,62dcc5dc8fcf471ec987e7cf|lt|0,62dcc5dc8fcf471ec987e7cf,lt,0,4.5,8,0,No clear justification,0.36525365806490995,0.37509621226539247,0.20504541343273952,0.054604716236958145
HP1132,5c01dc58067bbf00019bb318|lt|0,5c01dc58067bbf00019bb318,lt,0,6.0,8,0,No clear justification,0.36525365806490995,0.37509621226539247,0.20504541343273952,0.054604716236958145
HP1133,6632687cb045de5ac33ceea3|lt|0,6632687cb045de5ac33ceea3,lt,0,6.0,8,1,Moral,0.36525365806490995,0.37509621226539247,0.20504541343273952,0.054604716236958145
HP1134,6367a6adb376bcde64f98559|kw|0,6367a6adb376bcde64f98559,kw,0,8.0,8,1,Moral,0.24347706246768175,0.5415237459274103,0.17385671916751688,0.04114247243739104
HP1135,66b3803e04f33f1bdbfd2ecd|kw|0,66b3803e04f33f1bdbfd2ecd,kw,0,6.0,8,1,Moral,0.24347706246768175,0.5415237459274103,0.17385671916751688,0.04114247243739104
HP1136,67048c237f6f05cabcb21cc9|kw|0,67048c237f6f05cabcb21cc9,kw,0,7.0,8,1,Moral,0.31559934545352925,0.5649809617037711,0.06977544623050044,0.049644246612199155
HP1137,66d0217be06f8783cc04f0a7|kw|0,66d0217be06f8783cc04f0a7,kw,0,10.0,8,1,Moral,0.18496356142406192,0.7330438276338292,0.04871829904354863,0.03327431189856008
HP1138,6167116fd8a186cd98501614|lt|0,6167116fd8a186cd98501614,lt,0,6.0,8,0,No clear justification,0.36525365806490995,0.37509621226539247,0.20504541343273952,0.054604716236958145
HP1139,6643bd3878c19c6cf8de7632|kw|0,6643bd3878c19c6cf8de7632,kw,0,6.0,8,1,Moral,0.45492699836415473,0.39474962625002236,0.08716173299171857,0.06316164239410436
HP1140,60197dd14bb8ca09a27e5c3b|kw|0,60197dd14bb8ca09a27e5c3b,kw,0,6.0,8,1,Moral,0.31559934545352925,0.5649809617037711,0.06977544623050044,0.049644246612199155
HP1141,671bcbdd819357115fa0917d|kw|0,671bcbdd819357115fa0917d,kw,0,6.0,8,1,Moral,0.24347706246768175,0.5415237459274103,0.17385671916751688,0.04114247243739104
HP1142,673928131ab7d604bcf2c23a|lt|0,673928131ab7d604bcf2c23a,lt,0,7.0,8,0,No clear justification,0.5819503116121993,0.10754624123941138,0.23923165281746236,0.07127179433092681
HP1143,67ddd4f85ab870ffd90cc888|lt|0,67ddd4f85ab870ffd90cc888,lt,0,6.0,8,3,Self-interest,0.258257293432254,0.3409707239137782,0.35826539296266574,0.04250658969130234
HP1144,64fded008087c1afa0b47d7b|kw|0,64fded008087c1afa0b47d7b,kw,0,7.0,8,1,Moral,0.3155993454535298,0.56498096170377,0.06977544623050079,0.049644246612199246
HP1145,60a2abc7d14eb0935100dd31|lt|0,60a2abc7d14eb0935100dd31,lt,0,6.0,8,0,No clear justification,0.585934618431378,0.24080053772811275,0.10028647162106927,0.07297837221944
HP1146,5dd9e1e0a4aa2696d9a15c0d|kw|0,5dd9e1e0a4aa2696d9a15c0d,kw,0,7.0,8,3,Self-interest,0.258257293432254,0.3409707239137782,0.35826539296266574,0.04250658969130234
HP1147,59fc2094087f2e0001ead5fa|kw|0,59fc2094087f2e0001ead5fa,kw,0,6.0,8,1,Moral,0.24347706246768175,0.5415237459274103,0.17385671916751688,0.04114247243739104
HP1148,67346c0008508dd13cbe82ba|lt|0,67346c0008508dd13cbe82ba,lt,0,6.0,8,1,Moral,0.31559934545352925,0.5649809617037711,0.06977544623050044,0.049644246612199155
HP1149,5731b7f35b8b0600097c2d66|kw|0,5731b7f35b8b0600097c2d66,kw,0,6.0,8,1,Moral,0.18496356142406192,0.7330438276338292,0.04871829904354863,0.03327431189856008
HP1150,63dd6ec1452ed58051cfa62a|kw|0,63dd6ec1452ed58051cfa62a,kw,0,6.0,8,1,Moral,0.45492699836415473,0.39474962625002236,0.08716173299171857,0.06316164239410436
HP1151,6631b5852e5e748863ca2c4c|kw|0,6631b5852e5e748863ca2c4c,kw,0,12.0,8,0,No clear justification,0.4833844174104158,0.22556362303828265,0.2263291986049586,0.06472276094634286
HP1152,5ee00b8630f30b34f2a5dc1c|lt|0,5ee00b8630f30b34f2a5dc1c,lt,0,12.0,8,3,Self-interest,0.258257293432254,0.3409707239137782,0.35826539296266574,0.04250658969130234
HP1153,574cca765e5491000f3c89e0|lt|0,574cca765e5491000f3c89e0,lt,0,4.0,8,1,Moral,0.24347706246768175,0.5415237459274103,0.17385671916751688,0.04114247243739104
HP1154,5c698d07effdaa0001d791cd|kw|0,5c698d07effdaa0001d791cd,kw,0,6.0,8,1,Moral,0.24347706246768175,0.5415237459274103,0.17385671916751688,0.04114247243739104
HP1155,5dab79a5525a7600139cd31e|lt|0,5dab79a5525a7600139cd31e,lt,0,10.5,8,0,No clear justification,0.5859346184313778,0.24080053772811288,0.10028647162106935,0.07297837221943997
HP1156,60fca0fc5d7a65f146a1c6c6|lt|0,60fca0fc5d7a65f146a1c6c6,lt,0,6.0,8,1,Moral,0.24347706246768175,0.5415237459274103,0.17385671916751688,0.04114247243739104
HP1157,683cbc0c0c2d722831c8bc17|kw|0,683cbc0c0c2d722831c8bc17,kw,0,10.0,8,1,Moral,0.31559934545352925,0.5649809617037711,0.06977544623050044,0.049644246612199155
HP1158,5e3b759740e302397f294a2d|lt|0,5e3b759740e302397f294a2d,lt,0,8.0,8,0,No clear justification,0.3155993454535298,0.56498096170377,0.06977544623050079,0.049644246612199246
HP1159,65396dfcb651ad024da200d6|lt|0,65396dfcb651ad024da200d6,lt,0,6.0,8,1,Moral,0.24347706246768175,0.5415237459274103,0.17385671916751688,0.04114247243739104
HP1160,65e7ca51f9482482909fd1ff|lt|0,65e7ca51f9482482909fd1ff,lt,0,7.0,8,3,Self-interest,0.258257293432254,0.3409707239137782,0.35826539296266574,0.04250658969130234
HP1161,5baac103748f990001a1101e|kw|0,5baac103748f990001a1101e,kw,0,12.0,8,1,Moral,0.36525365806490995,0.37509621226539247,0.20504541343273952,0.054604716236958145
HP1162,5f836c9938d2da4fb75631ef|kw|0,5f836c9938d2da4fb75631ef,kw,0,8.0,8,1,Moral,0.18496356142406192,0.7330438276338292,0.04871829904354863,0.03327431189856008
HP1163,615b76e05c1c5a26e46f1b3e|kw|0,615b76e05c1c5a26e46f1b3e,kw,0,6.0,8,3,Self-interest,0.3591139505472224,0.20147073210470173,0.38650599564577726,0.052909321702298694
HP1164,5ceae0b53060280001a063a0|kw|0,5ceae0b53060280001a063a0,kw,0,6.0,8,1,Moral,0.24347706246768164,0.5415237459274106,0.1738567191675168,0.04114247243739104
HP1165,66660d297864801db6a10af4|lt|0,66660d297864801db6a10af4,lt,0,7.0,8,1,Moral,0.24347706246768175,0.5415237459274103,0.17385671916751688,0.04114247243739104
HP1166,662f0e1c35799d2e6f03c756|kw|0,662f0e1c35799d2e6f03c756,kw,0,8.0,8,1,Moral,0.24347706246768175,0.5415237459274103,0.17385671916751688,0.04114247243739104
HP1167,6002037f1bca771c256ac8ac|lt|0,6002037f1bca771c256ac8ac,lt,0,12.0,8,0,No clear justification,0.5819503116121993,0.10754624123941138,0.23923165281746236,0.07127179433092681
HP1168,662948ed99960b11f2f8e3fe|lt|0,662948ed99960b11f2f8e3fe,lt,0,6.0,8,1,Moral,0.18496356142406192,0.7330438276338292,0.04871829904354863,0.03327431189856008
HP1169,5ad3ca7b459c350001137f64|lt|0,5ad3ca7b459c350001137f64,lt,0,9.0,8,0,No clear justification,0.6940045489521988,0.11754937266866512,0.10921922705014962,0.07922685132898641
HP1170,66ede5bbe36caed7269bd7e2|lt|0,66ede5bbe36caed7269bd7e2,lt,0,8.0,8,1,Moral,0.37321615305822237,0.3821993506666949,0.07758739776952471,0.166997098505558
HP1171,652fbe161a35986b7fbfc940|kw|0,652fbe161a35986b7fbfc940,kw,0,10.0,8,1,Moral,0.24347706246768175,0.5415237459274103,0.17385671916751688,0.04114247243739104
HP1172,6772ea24ce9c71ea7bc07b6b|kw|0,6772ea24ce9c71ea7bc07b6b,kw,0,6.0,8,1,Moral,0.18496356142406192,0.7330438276338292,0.04871829904354863,0.03327431189856008
HP1173,5f8e2a9201810e1f2b9f63a2|kw|0,5f8e2a9201810e1f2b9f63a2,kw,0,6.0,8,1,Moral,0.24347706246768175,0.5415237459274103,0.17385671916751688,0.04114247243739104
HP1174,6612fd1462232a5cbec549e3|kw|0,6612fd1462232a5cbec549e3,kw,0,6.0,8,0,No clear justification,0.6940045489521988,0.11754937266866512,0.10921922705014962,0.07922685132898641
HP1175,5c9527e29e4f7400011e1571|kw|0,5c9527e29e4f7400011e1571,kw,0,6.0,8,0,No clear justification,0.36525365806490995,0.37509621226539247,0.20504541343273952,0.054604716236958145
HP1176,56a68bb49ce1c0000df89344|kw|0,56a68bb49ce1c0000df89344,kw,0,12.0,8,3,Self-interest,0.258257293432254,0.3409707239137782,0.35826539296266574,0.04250658969130234
HP1177,628eabb243fb4a73e29d9385|kw|0,628eabb243fb4a73e29d9385,kw,0,12.0,8,1,Moral,0.24347706246768175,0.5415237459274103,0.17385671916751688,0.04114247243739104
HP1178,5c3f86e236052e00016ba692|kw|0,5c3f86e236052e00016ba692,kw,0,6.0,8,3,Self-interest,0.258257293432254,0.3409707239137782,0.35826539296266574,0.04250658969130234
HP1179,6742677ecc26fc2d7868aa9b|kw|0,6742677ecc26fc2d7868aa9b,kw,0,8.0,8,3,Self-interest,0.258257293432254,0.3409707239137782,0.35826539296266574,0.04250658969130234
HP1180,66047cf334cba5fe8be31eeb|kw|0,66047cf334cba5fe8be31eeb,kw,0,12.0,8,3,Self-interest,0.258257293432254,0.3409707239137782,0.35826539296266574,0.04250658969130234
HP1181,6238dfab577ecd4adb97a917|lt|0,6238dfab577ecd4adb97a917,lt,0,6.0,8,1,Moral,0.4833844174104157,0.22556362303828278,0.22632919860495865,0.06472276094634286
HP1182,6659ed61566ce6a7ff2d5989|kw|0,6659ed61566ce6a7ff2d5989,kw,0,6.0,8,0,No clear justification,0.36525365806490995,0.37509621226539247,0.20504541343273952,0.054604716236958145
HP1183,6148a744a4927f58c507b905|kw|0,6148a744a4927f58c507b905,kw,0,6.0,8,3,Self-interest,0.258257293432254,0.3409707239137782,0.35826539296266574,0.04250658969130234
HP1184,67c4d6db7736e277b8582936|kw|0,67c4d6db7736e277b8582936,kw,0,8.0,8,2,Mutual Benefit / Cooperation,0.3020638084521498,0.19947630610687989,0.1902569313110011,0.3082029541299692
HP1185,62cd6e8d0e466d05a4ca5dc4|lt|0,62cd6e8d0e466d05a4ca5dc4,lt,0,6.0,8,1,Moral,0.24347706246768175,0.5415237459274103,0.17385671916751688,0.04114247243739104
HP1186,674390af4c502222ee320e0d|kw|0,674390af4c502222ee320e0d,kw,0,7.0,8,1,Moral,0.24347706246768175,0.5415237459274103,0.17385671916751688,0.04114247243739104
HP1187,63d7eca29f0291aff53b003e|lt|0,63d7eca29f0291aff53b003e,lt,0,8.0,8,0,No clear justification,0.5819503116121993,0.10754624123941138,0.23923165281746236,0.07127179433092681
HP1188,5c2d187569ceff00011417de|lt|0,5c2d187569ceff00011417de,lt,0,12.0,8,0,No clear justification,0.36525365806490995,0.37509621226539247,0.20504541343273952,0.054604716236958145
HP1189,5d5b4f93a90c5600016ef485|lt|0,5d5b4f93a90c5600016ef485,lt,0,8.0,8,1,Moral,0.31559934545352925,0.5649809617037711,0.06977544623050044,0.049644246612199155
HP1190,645530b386664621fd98a8fc|lt|0,645530b386664621fd98a8fc,lt,0,6.0,8,3,Self-interest,0.258257293432254,0.3409707239137782,0.35826539296266574,0.04250658969130234
HP1191,5c0586b43199f4000153f133|lt|0,5c0586b43199f4000153f133,lt,0,6.0,8,1,Moral,0.40277508996010103,0.21612006742520887,0.21226537486240116,0.16883946775228895
HP1192,5e13859753e8469d270982c0|lt|0,5e13859753e8469d270982c0,lt,0,6.0,8,0,No clear justification,0.36525365806490995,0.37509621226539247,0.20504541343273952,0.054604716236958145
HP1193,6020329e88ba9160b200b96b|kw|0,6020329e88ba9160b200b96b,kw,0,12.0,8,1,Moral,0.31559934545352925,0.5649809617037711,0.06977544623050044,0.049644246612199155
HP1194,66706191120230e6a89ddd0e|kw|0,66706191120230e6a89ddd0e,kw,0,12.0,8,1,Moral,0.24347706246768175,0.5415237459274103,0.17385671916751688,0.04114247243739104
HP1195,612d3e13048ec2b299126be6|kw|0,612d3e13048ec2b299126be6,kw,0,6.0,8,0,No clear justification,0.3155993454535298,0.56498096170377,0.06977544623050079,0.049644246612199246
HP1196,5ccf87bfb46c7000010d8428|kw|0,5ccf87bfb46c7000010d8428,kw,0,12.0,8,1,Moral,0.24347706246768175,0.5415237459274103,0.17385671916751688,0.04114247243739104
HP1197,5a8b1ee2000dab00018cc7cd|kw|0,5a8b1ee2000dab00018cc7cd,kw,0,9.0,8,1,Moral,0.24347706246768175,0.5415237459274103,0.17385671916751688,0.04114247243739104
HP1198,5ed929186e439f4729693f32|kw|0,5ed929186e439f4729693f32,kw,0,6.0,8,0,No clear justification,0.3155993454535298,0.56498096170377,0.06977544623050079,0.049644246612199246
HP1199,66edc72a30ec9b38153f1b50|kw|0,66edc72a30ec9b38153f1b50,kw,0,6.0,8,0,No clear justification,0.4833844174104158,0.22556362303828265,0.2263291986049586,0.06472276094634286
HP1200,651c4484ba17050f6b716614|kw|0,651c4484ba17050f6b716614,kw,0,6.0,8,1,Moral,0.24347706246768175,0.5415237459274103,0.17385671916751688,0.04114247243739104
HP1201,63ecfe7a1e5faf247a255ac2|kw|0,63ecfe7a1e5faf247a255ac2,kw,0,6.0,12,0,No clear justification,0.3456277793564649,0.4374837544535208,0.16901613612027594,0.04787233006973837
HP1202,66421a683ec1aada2f687975|lt|0,66421a683ec1aada2f687975,lt,0,4.0,12,3,Self-interest,0.25595385467441073,0.10153059522356363,0.6093104582087867,0.03320509189323909
HP1203,676a584412b90586c1da74a0|lt|0,676a584412b90586c1da74a0,lt,0,8.0,12,3,Self-interest,0.1942958211554197,0.1813775478931521,0.5961680851718714,0.028158545779556825
HP1204,5d260d4255a29b0017698915|lt|0,5d260d4255a29b0017698915,lt,0,6.0,12,3,Self-interest,0.32264039847114956,0.23427309746967054,0.40061502157741974,0.04247148248176006
HP1205,613f1ef31c08d695c689a53a|kw|0,613f1ef31c08d695c689a53a,kw,0,6.0,12,3,Self-interest,0.1942958211554197,0.1813775478931521,0.5961680851718714,0.028158545779556825
HP1206,6658b54fc00cad4526a6d01f|lt|0,6658b54fc00cad4526a6d01f,lt,0,8.0,12,0,No clear justification,0.6376049573656807,0.07635988285421533,0.22194300705032713,0.06409215272977689
HP1207,57ea425e5b88f5000106bb9f|kw|0,57ea425e5b88f5000106bb9f,kw,0,12.0,12,3,Self-interest,0.23251714881317773,0.3656537321809181,0.3672327582544494,0.034596360751454586
HP1208,5cfebb94eafc4d001a62cbc9|lt|0,5cfebb94eafc4d001a62cbc9,lt,0,8.0,12,3,Self-interest,0.32264039847114956,0.23427309746967054,0.40061502157741974,0.04247148248176006
HP1209,61112fb91e6eb028aa1ba59b|lt|0,61112fb91e6eb028aa1ba59b,lt,0,10.0,12,0,No clear justification,0.46305769050157997,0.284099642475741,0.19623309141858092,0.05660957560409809
HP1210,570570eb61ab6a0010d484d0|lt|0,570570eb61ab6a0010d484d0,lt,0,7.0,12,1,Moral,0.23251714881317753,0.36565373218091846,0.3672327582544494,0.03459636075145456
HP1211,6658bf916039705479385d08|lt|0,6658bf916039705479385d08,lt,0,4.0,12,3,Self-interest,0.1942958211554197,0.1813775478931521,0.5961680851718714,0.028158545779556825
HP1212,677880f787ed7d2cfb6f7345|kw|0,677880f787ed7d2cfb6f7345,kw,0,9.0,12,3,Self-interest,0.32264039847114956,0.23427309746967054,0.40061502157741974,0.04247148248176006
HP1213,63bc87f783afb5aed2c937d2|lt|0,63bc87f783afb5aed2c937d2,lt,0,6.0,12,3,Self-interest,0.1942958211554197,0.1813775478931521,0.5961680851718714,0.028158545779556825
HP1214,6633a447cefc384785ec5e16|kw|0,6633a447cefc384785ec5e16,kw,0,6.0,12,3,Self-interest,0.1942958211554197,0.1813775478931521,0.5961680851718714,0.028158545779556825
HP1215,5a2c51740a1e6b00016952c8|kw|0,5a2c51740a1e6b00016952c8,kw,0,12.0,12,3,Self-interest,0.1942958211554197,0.1813775478931521,0.5961680851718714,0.028158545779556825
HP1216,5dfa56fddc265f7ac3bee209|kw|0,5dfa56fddc265f7ac3bee209,kw,0,7.0,12,3,Self-interest,0.1942958211554197,0.1813775478931521,0.5961680851718714,0.028158545779556825
HP1217,60f2a2b4932fed5326988e0f|kw|0,60f2a2b4932fed5326988e0f,kw,0,6.0,12,0,No clear justification,0.6376049573656807,0.07635988285421533,0.22194300705032713,0.06409215272977689
HP1218,5a8351038fe2dc000105efb4|lt|0,5a8351038fe2dc000105efb4,lt,0,4.0,12,1,Moral,0.22010966959486233,0.6167916048211656,0.1282324851498091,0.034866240434163
HP1219,67709d0088d93adec607305e|kw|0,67709d0088d93adec607305e,kw,0,6.0,12,3,Self-interest,0.23251714881317773,0.3656537321809181,0.3672327582544494,0.034596360751454586
HP1220,5b1ac052ea64a000017c389e|kw|0,5b1ac052ea64a000017c389e,kw,0,6.0,12,3,Self-interest,0.1942958211554197,0.1813775478931521,0.5961680851718714,0.028158545779556825
HP1221,67abb13cc30b930b97db75e7|kw|0,67abb13cc30b930b97db75e7,kw,0,11.0,12,3,Self-interest,0.1942958211554197,0.1813775478931521,0.5961680851718714,0.028158545779556825
HP1222,6287a355e0dbfe43e55850b7|kw|0,6287a355e0dbfe43e55850b7,kw,0,6.0,12,0,No clear justification,0.562170799214523,0.16335489303374534,0.21282099851339903,0.06165330923833254
HP1223,5b6e9435885b0b0001bb034b|kw|0,5b6e9435885b0b0001bb034b,kw,0,9.5,12,3,Self-interest,0.23251714881317773,0.3656537321809181,0.3672327582544494,0.034596360751454586
HP1224,5e63e793e50a6316a75213c4|lt|0,5e63e793e50a6316a75213c4,lt,0,8.0,12,3,Self-interest,0.32264039847114956,0.23427309746967054,0.40061502157741974,0.04247148248176006
HP1225,661ed0d24e9ed72f176f2dd3|kw|0,661ed0d24e9ed72f176f2dd3,kw,0,7.0,12,0,No clear justification,0.3456277793564649,0.4374837544535208,0.16901613612027594,0.04787233006973837
HP1226,656b7ab2b685a43aae816c5e|lt|0,656b7ab2b685a43aae816c5e,lt,0,6.0,12,0,No clear justification,0.562170799214523,0.16335489303374534,0.21282099851339903,0.06165330923833254
HP1227,571fdcb14b8ecc0013c24fcb|kw|0,571fdcb14b8ecc0013c24fcb,kw,0,6.0,12,1,Moral,0.22010966959486233,0.6167916048211656,0.1282324851498091,0.034866240434163
HP1228,561bbdf9811d22000df3138a|kw|0,561bbdf9811d22000df3138a,kw,0,6.0,12,3,Self-interest,0.1942958211554197,0.1813775478931521,0.5961680851718714,0.028158545779556825
HP1229,63eba3f11d699385d1d4075d|kw|0,63eba3f11d699385d1d4075d,kw,0,10.0,12,1,Moral,0.23251714881317773,0.36565373218091846,0.3672327582544494,0.034596360751454586
HP1230,664b8bef90cdb799d4c4c35d|lt|0,664b8bef90cdb799d4c4c35d,lt,0,7.0,12,1,Moral,0.23251714881317753,0.36565373218091846,0.3672327582544494,0.03459636075145456
HP1231,63ea4301f63c1d26f0ff83e9|lt|0,63ea4301f63c1d26f0ff83e9,lt,0,4.0,12,1,Moral,0.23251714881317753,0.36565373218091846,0.3672327582544494,0.03459636075145456
HP1232,6630e75a1f3d3083c3fd00fc|kw|0,6630e75a1f3d3083c3fd00fc,kw,0,6.0,12,1,Moral,0.46305769050157997,0.284099642475741,0.19623309141858092,0.05660957560409809
HP1233,5589ce75fdf99b18be3203d2|lt|0,5589ce75fdf99b18be3203d2,lt,0,6.0,12,3,Self-interest,0.23251714881317773,0.3656537321809181,0.3672327582544494,0.034596360751454586
HP1234,5f57c697f9f7d02d07909dbb|kw|0,5f57c697f9f7d02d07909dbb,kw,0,6.0,12,1,Moral,0.22010966959486233,0.6167916048211656,0.1282324851498091,0.034866240434163
HP1235,5ff5f6c52171e10f72d3610c|lt|0,5ff5f6c52171e10f72d3610c,lt,0,6.0,12,3,Self-interest,0.1942958211554197,0.1813775478931521,0.5961680851718714,0.028158545779556825
HP1236,6785704c3b1ab8813a4958b0|kw|0,6785704c3b1ab8813a4958b0,kw,0,8.0,12,0,No clear justification,0.46305769050157997,0.284099642475741,0.19623309141858092,0.05660957560409809
HP1237,6294ea804cdf1298eefa87ac|lt|0,6294ea804cdf1298eefa87ac,lt,0,12.0,12,2,Mutual Benefit / Cooperation,0.2600853431110606,0.04262365201831856,0.6000358329106384,0.09725517195998237
HP1238,5efbe3c91cb67519d2f20b7b|lt|0,5efbe3c91cb67519d2f20b7b,lt,0,6.0,12,3,Self-interest,0.1942958211554197,0.1813775478931521,0.5961680851718714,0.028158545779556825
HP1239,677495e069e5abd571445a65|kw|0,677495e069e5abd571445a65,kw,0,6.0,12,3,Self-interest,0.4026644740072552,0.13285420347944024,0.4170078720422523,0.04747345047105238
HP1240,63c15473935ae0d7279b094f|kw|0,63c15473935ae0d7279b094f,kw,0,8.5,12,3,Self-interest,0.23251714881317773,0.3656537321809181,0.3672327582544494,0.034596360751454586
HP1241,65abe8df479fdc244d1643b2|kw|0,65abe8df479fdc244d1643b2,kw,0,6.0,12,1,Moral,0.3456277793564653,0.4374837544535197,0.16901613612027663,0.047872330069738435
HP1242,5ac6e74f9534ba0001c756d5|lt|0,5ac6e74f9534ba0001c756d5,lt,0,6.0,12,3,Self-interest,0.32264039847114956,0.23427309746967054,0.40061502157741974,0.04247148248176006
HP1243,5c3f2e175fe5c60001ffc302|lt|0,5c3f2e175fe5c60001ffc302,lt,0,7.0,12,3,Self-interest,0.1942958211554197,0.1813775478931521,0.5961680851718714,0.028158545779556825
HP1244,5c83394a3e93bf0001e143d6|kw|0,5c83394a3e93bf0001e143d6,kw,0,12.0,12,1,Moral,0.23251714881317753,0.36565373218091846,0.3672327582544494,0.03459636075145456
HP1245,5855b0d59fcc070001dfe2a7|lt|0,5855b0d59fcc070001dfe2a7,lt,0,6.0,12,0,No clear justification,0.46305769050157997,0.284099642475741,0.19623309141858092,0.05660957560409809
HP1246,5fff542aeed8c2065133114e|kw|0,5fff542aeed8c2065133114e,kw,0,10.0,12,3,Self-interest,0.19429582115542018,0.18137754789315244,0.5961680851718705,0.028158545779556864
HP1247,605a943f4994cf6834e4e8c6|lt|0,605a943f4994cf6834e4e8c6,lt,0,6.0,12,1,Moral,0.23251714881317753,0.36565373218091846,0.3672327582544494,0.03459636075145456
HP1248,5b25b16e34ffd00001b43e24|kw|0,5b25b16e34ffd00001b43e24,kw,0,10.0,12,3,Self-interest,0.1942958211554197,0.1813775478931521,0.5961680851718714,0.028158545779556825
HP1249,671fb7534780312b6355a4c1|kw|0,671fb7534780312b6355a4c1,kw,0,6.0,12,1,Moral,0.3456277793564653,0.4374837544535197,0.16901613612027663,0.047872330069738435
HP1250,60ddc62b071a009e0b0c2922|lt|0,60ddc62b071a009e0b0c2922,lt,0,6.0,12,3,Self-interest,0.1942958211554197,0.1813775478931521,0.5961680851718714,0.028158545779556825
HP1251,5e87c385d43d19456f757328|kw|0,5e87c385d43d19456f757328,kw,0,12.0,12,3,Self-interest,0.23251714881317773,0.3656537321809181,0.3672327582544494,0.034596360751454586
HP1252,5bd4c1d09afb5b00015c5bdd|lt|0,5bd4c1d09afb5b00015c5bdd,lt,0,6.0,12,1,Moral,0.22010966959486233,0.6167916048211656,0.1282324851498091,0.034866240434163
HP1253,6723fefd7a09fe9da8f9bd10|kw|0,6723fefd7a09fe9da8f9bd10,kw,0,6.0,12,1,Moral,0.23251714881317773,0.36565373218091846,0.3672327582544494,0.034596360751454586
HP1254,67ec2dbc404fd41af3fd389a|lt|0,67ec2dbc404fd41af3fd389a,lt,0,8.0,12,0,No clear justification,0.3456277793564649,0.4374837544535208,0.16901613612027594,0.04787233006973837
HP1255,66cf21b57ed16b335a50bddf|kw|0,66cf21b57ed16b335a50bddf,kw,0,6.0,12,0,No clear justification,0.3226403984711495,0.23427309746967045,0.40061502157741996,0.04247148248176004
HP1256,66e1ee920e1ee1e658264d5b|lt|0,66e1ee920e1ee1e658264d5b,lt,0,6.0,12,3,Self-interest,0.32264039847114956,0.23427309746967054,0.40061502157741974,0.04247148248176006
HP1257,56abcb46f209e0000adab961|lt|0,56abcb46f209e0000adab961,lt,0,6.0,12,3,Self-interest,0.23251714881317773,0.3656537321809181,0.3672327582544494,0.034596360751454586
HP1258,5a86357bae9a0b0001a9f14e|kw|0,5a86357bae9a0b0001a9f14e,kw,0,6.5,12,1,Moral,0.22010966959486233,0.6167916048211656,0.1282324851498091,0.034866240434163
HP1259,62865cb9d41a9e2aaf141c84|kw|0,62865cb9d41a9e2aaf141c84,kw,0,8.5,12,0,No clear justification,0.562170799214523,0.16335489303374534,0.21282099851339903,0.06165330923833254
HP1260,6148bbcd519a30b146897026|lt|0,6148bbcd519a30b146897026,lt,0,6.0,12,1,Moral,0.23251714881317753,0.36565373218091846,0.3672327582544494,0.03459636075145456
HP1261,667abc1762de46b3164e4c07|kw|0,667abc1762de46b3164e4c07,kw,0,8.0,12,3,Self-interest,0.1942958211554197,0.1813775478931521,0.5961680851718714,0.028158545779556825
HP1262,57541379f5000a0006b06ab4|kw|0,57541379f5000a0006b06ab4,kw,0,6.0,12,3,Self-interest,0.25595385467441073,0.10153059522356363,0.6093104582087867,0.03320509189323909
HP1263,6115ddc1b0981cea63afacce|lt|0,6115ddc1b0981cea63afacce,lt,0,8.0,12,3,Self-interest,0.32264039847114956,0.23427309746967054,0.40061502157741974,0.04247148248176006
HP1264,62fcc87b89f17c39f2bf27f7|kw|0,62fcc87b89f17c39f2bf27f7,kw,0,6.0,12,0,No clear justification,0.46305769050157997,0.284099642475741,0.19623309141858092,0.05660957560409809
HP1265,6101ca2b4ef4ff44381fe3cd|lt|0,6101ca2b4ef4ff44381fe3cd,lt,0,6.0,12,3,Self-interest,0.1942958211554197,0.1813775478931521,0.5961680851718714,0.028158545779556825
HP1266,644c34bee80856c9546c7312|kw|0,644c34bee80856c9546c7312,kw,0,6.0,12,0,No clear justification,0.46305769050157997,0.284099642475741,0.19623309141858092,0.05660957560409809
HP1267,60aa73f653d961e8b31909b3|lt|0,60aa73f653d961e8b31909b3,lt,0,6.0,12,0,No clear justification,0.46305769050157997,0.284099642475741,0.19623309141858092,0.05660957560409809
HP1268,5ecd41b94c2e85070cdafa60|lt|0,5ecd41b94c2e85070cdafa60,lt,0,8.0,12,3,Self-interest,0.1942958211554197,0.1813775478931521,0.5961680851718714,0.028158545779556825
HP1269,67670650760358754c284066|kw|0,67670650760358754c284066,kw,0,8.0,12,1,Moral,0.22010966959486233,0.6167916048211656,0.1282324851498091,0.034866240434163
HP1270,67798247d6fc9e510470baef|lt|0,67798247d6fc9e510470baef,lt,0,6.0,12,1,Moral,0.3456277793564653,0.4374837544535197,0.16901613612027663,0.047872330069738435
HP1271,5eddaa6d115bb4ac7e59f153|kw|0,5eddaa6d115bb4ac7e59f153,kw,0,10.0,12,3,Self-interest,0.23251714881317773,0.3656537321809181,0.3672327582544494,0.034596360751454586
HP1272,63ea5b93d1c6d38e1f57dcfa|kw|0,63ea5b93d1c6d38e1f57dcfa,kw,0,6.0,12,3,Self-interest,0.23251714881317773,0.3656537321809181,0.3672327582544494,0.034596360751454586
HP1273,655f8d03e234484afb1c3d51|kw|0,655f8d03e234484afb1c3d51,kw,0,6.0,12,3,Self-interest,0.23251714881317773,0.3656537321809181,0.3672327582544494,0.034596360751454586
HP1274,6671c66b6e4bc111961291ae|lt|0,6671c66b6e4bc111961291ae,lt,0,7.0,12,1,Moral,0.22010966959486233,0.6167916048211656,0.1282324851498091,0.034866240434163
HP1275,675d9cf5d9b26c34bbac262b|lt|0,675d9cf5d9b26c34bbac262b,lt,0,5.5,12,3,Self-interest,0.23251714881317773,0.3656537321809181,0.3672327582544494,0.034596360751454586
HP1276,5f970ff3eff5040736b63117|kw|0,5f970ff3eff5040736b63117,kw,0,12.0,12,0,No clear justification,0.25595385467441073,0.10153059522356363,0.6093104582087867,0.03320509189323909
HP1277,678fba732e3c7c2620e94db9|lt|0,678fba732e3c7c2620e94db9,lt,0,6.0,12,0,No clear justification,0.40266447400725514,0.13285420347944019,0.4170078720422523,0.04747345047105236
HP1278,66587fc76ffbd0dff98853c6|lt|0,66587fc76ffbd0dff98853c6,lt,0,0.0,12,3,Self-interest,0.402664474007255,0.13285420347944024,0.4170078720422523,0.04747345047105236
HP1279,6719761fc33e7e0d88199445|kw|0,6719761fc33e7e0d88199445,kw,0,9.0,12,3,Self-interest,0.23251714881317773,0.3656537321809181,0.3672327582544494,0.034596360751454586
HP1280,662fa48c0b5e59f9bd5322cc|kw|0,662fa48c0b5e59f9bd5322cc,kw,0,6.0,12,3,Self-interest,0.1942958211554197,0.1813775478931521,0.5961680851718714,0.028158545779556825
HP1281,5dbf3be9aab19f3e2dab2f4d|lt|0,5dbf3be9aab19f3e2dab2f4d,lt,0,6.0,12,3,Self-interest,0.4026644740072552,0.13285420347944024,0.4170078720422523,0.04747345047105238
HP1282,5ee55d2d0eccfc2a733ad0db|lt|0,5ee55d2d0eccfc2a733ad0db,lt,0,6.0,12,3,Self-interest,0.1942958211554197,0.1813775478931521,0.5961680851718714,0.028158545779556825
HP1283,5bce2c5253de59000184642a|kw|0,5bce2c5253de59000184642a,kw,0,6.0,12,3,Self-interest,0.23251714881317773,0.3656537321809181,0.3672327582544494,0.034596360751454586
HP1284,6662ad148ef5e11fdf2dd894|lt|0,6662ad148ef5e11fdf2dd894,lt,0,6.0,12,3,Self-interest,0.1942958211554197,0.1813775478931521,0.5961680851718714,0.028158545779556825
HP1285,5bb3e443951bd40001f1e0fd|kw|0,5bb3e443951bd40001f1e0fd,kw,0,10.0,12,0,No clear justification,0.3456277793564649,0.4374837544535208,0.16901613612027594,0.04787233006973837
HP1286,6735456e8034ea7e61eac785|lt|0,6735456e8034ea7e61eac785,lt,0,6.0,12,0,No clear justification,0.40335594217415904,0.0582520589777598,0.4102671741794489,0.12812482466863218
HP1287,6681e05e37692ab271e02312|lt|0,6681e05e37692ab271e02312,lt,0,7.0,12,3,Self-interest,0.402664474007255,0.13285420347944024,0.4170078720422523,0.04747345047105236
HP1288,610acbfd3ae11a1b16a1c3ee|lt|0,610acbfd3ae11a1b16a1c3ee,lt,0,6.0,12,3,Self-interest,0.4026644740072552,0.13285420347944024,0.4170078720422523,0.04747345047105238
HP1289,5eaeeae9cde8075d1f14c369|lt|0,5eaeeae9cde8075d1f14c369,lt,0,6.0,12,1,Moral,0.23251714881317753,0.36565373218091846,0.3672327582544494,0.03459636075145456
HP1290,62e98b16791977c7b8e645b2|kw|0,62e98b16791977c7b8e645b2,kw,0,6.0,12,0,No clear justification,0.6376049573656807,0.07635988285421533,0.22194300705032713,0.06409215272977689
HP1291,6621a2f38453311275d17d65|kw|0,6621a2f38453311275d17d65,kw,0,6.0,12,1,Moral,0.22010966959486233,0.6167916048211656,0.1282324851498091,0.034866240434163
HP1292,578bb26f6cc44500010448c8|lt|0,578bb26f6cc44500010448c8,lt,0,6.0,12,3,Self-interest,0.19429582115542018,0.18137754789315244,0.5961680851718705,0.028158545779556864
HP1293,66bd25fdae3afa8b2a215da6|kw|0,66bd25fdae3afa8b2a215da6,kw,0,6.0,12,0,No clear justification,0.562170799214523,0.16335489303374534,0.21282099851339903,0.06165330923833254
HP1294,672d2977ae54935ef84a2b74|kw|0,672d2977ae54935ef84a2b74,kw,0,6.0,12,3,Self-interest,0.32264039847114956,0.23427309746967054,0.40061502157741974,0.04247148248176006
HP1295,60299d096ab1b93a43d650a7|kw|0,60299d096ab1b93a43d650a7,kw,0,6.0,12,3,Self-interest,0.23251714881317773,0.3656537321809181,0.3672327582544494,0.034596360751454586
HP1296,596214729955ee00015bce36|lt|0,596214729955ee00015bce36,lt,0,6.0,12,3,Self-interest,0.23251714881317773,0.3656537321809181,0.3672327582544494,0.034596360751454586
HP1297,5eac3597d327962548ce2cd3|kw|0,5eac3597d327962548ce2cd3,kw,0,12.0,12,3,Self-interest,0.23251714881317773,0.3656537321809181,0.3672327582544494,0.034596360751454586
HP1298,5f68fe45f544c70bb0f525e6|lt|0,5f68fe45f544c70bb0f525e6,lt,0,6.0,12,3,Self-interest,0.23251714881317773,0.3656537321809181,0.3672327582544494,0.034596360751454586
HP1299,66f0a4b44573af0b7f3ecb3d|lt|0,66f0a4b44573af0b7f3ecb3d,lt,0,6.0,12,3,Self-interest,0.23251714881317773,0.3656537321809181,0.3672327582544494,0.034596360751454586
HP1300,66535915cbec1d69819d3933|lt|0,66535915cbec1d69819d3933,lt,0,6.0,12,3,Self-interest,0.1942958211554197,0.1813775478931521,0.5961680851718714,0.028158545779556825
HP1301,652d345392daf75ed7f323a6|kw|0,652d345392daf75ed7f323a6,kw,0,12.0,12,2,Mutual Benefit / Cooperation,0.34315270764656697,0.13018935964505737,0.3999972292226042,0.12666070348577158
HP1302,666344916bdba2e2c980dcd0|lt|0,666344916bdba2e2c980dcd0,lt,0,6.0,12,0,No clear justification,0.25595385467441073,0.10153059522356363,0.6093104582087867,0.03320509189323909
HP1303,5c6c917e5902c9000164116c|kw|0,5c6c917e5902c9000164116c,kw,0,12.0,12,3,Self-interest,0.23251714881317773,0.3656537321809181,0.3672327582544494,0.034596360751454586
HP1304,66786fd4594ab649c244de43|kw|0,66786fd4594ab649c244de43,kw,0,6.0,12,0,No clear justification,0.3456277793564649,0.4374837544535208,0.16901613612027594,0.04787233006973837
HP1305,606494cd5aa6eec759e99983|kw|0,606494cd5aa6eec759e99983,kw,0,12.0,12,3,Self-interest,0.23251714881317773,0.3656537321809181,0.3672327582544494,0.034596360751454586
HP1306,6419cfe35db47397bee1b0e1|lt|0,6419cfe35db47397bee1b0e1,lt,0,6.0,12,3,Self-interest,0.23251714881317773,0.3656537321809181,0.3672327582544494,0.034596360751454586
HP1307,6431c58ce5be91cd5c2c5d8f|lt|0,6431c58ce5be91cd5c2c5d8f,lt,0,6.0,12,0,No clear justification,0.40266447400725514,0.13285420347944019,0.4170078720422523,0.04747345047105236
HP1308,611e7207aaf352cb4c807e78|kw|0,611e7207aaf352cb4c807e78,kw,0,11.5,12,3,Self-interest,0.25595385467441073,0.10153059522356363,0.6093104582087867,0.03320509189323909
HP1309,66baeb26193b68793e6575f2|lt|0,66baeb26193b68793e6575f2,lt,0,6.0,12,3,Self-interest,0.1942958211554197,0.1813775478931521,0.5961680851718714,0.028158545779556825
HP1310,5e70bf61017e070009a8a738|kw|0,5e70bf61017e070009a8a738,kw,0,6.0,12,3,Self-interest,0.32264039847114956,0.23427309746967054,0.40061502157741974,0.04247148248176006
HP1311,5ea29c5cad06661b01230684|lt|0,5ea29c5cad06661b01230684,lt,0,4.0,12,0,No clear justification,0.182729845180805,0.0316238507393438,0.7613993876789301,0.024246916400920946
HP1312,60a56378aa5f55ddac516adc|lt|0,60a56378aa5f55ddac516adc,lt,0,6.0,12,3,Self-interest,0.32264039847114956,0.23427309746967054,0.40061502157741974,0.04247148248176006
HP1313,5e580bcf4782bd01723249e2|lt|0,5e580bcf4782bd01723249e2,lt,0,12.0,12,0,No clear justification,0.3226403984711495,0.23427309746967045,0.40061502157741996,0.04247148248176004
HP1314,676c67883fa1ba4ea4eb05a7|kw|0,676c67883fa1ba4ea4eb05a7,kw,0,12.0,12,3,Self-interest,0.23251714881317773,0.3656537321809181,0.3672327582544494,0.034596360751454586
HP1315,558965bffdf99b74158d77dd|lt|0,558965bffdf99b74158d77dd,lt,0,8.0,12,0,No clear justification,0.3226403984711495,0.23427309746967045,0.40061502157741996,0.04247148248176004
HP1316,6000cfb6be1cd0204ed257c7|lt|0,6000cfb6be1cd0204ed257c7,lt,0,10.0,12,3,Self-interest,0.4656012558037631,0.060838576522073834,0.4233503059561537,0.050209861718009396
HP1317,5f5ce7f940a2614f6cb6e747|kw|0,5f5ce7f940a2614f6cb6e747,kw,0,12.0,12,3,Self-interest,0.34315270764656686,0.13018935964505737,0.3999972292226042,0.12666070348577152
HP1318,6155e95c0808b015514b34e0|lt|0,6155e95c0808b015514b34e0,lt,0,6.0,12,3,Self-interest,0.30675424471882484,0.045289715918476525,0.6116281669498328,0.03632787241286571
HP1319,5c4e68d8bcc3dc00015501fb|kw|0,5c4e68d8bcc3dc00015501fb,kw,0,6.0,12,3,Self-interest,0.32264039847114956,0.23427309746967054,0.40061502157741974,0.04247148248176006
HP1320,59f38493da08940001d4e599|lt|0,59f38493da08940001d4e599,lt,0,6.0,12,3,Self-interest,0.23251714881317773,0.3656537321809181,0.3672327582544494,0.034596360751454586
HP1321,63d5438c43c3c41d0ffd96c0|lt|0,63d5438c43c3c41d0ffd96c0,lt,0,12.0,12,2,Mutual Benefit / Cooperation,0.5587297029701818,0.07369639005112959,0.20960320794269718,0.15797069903599148
HP1322,5de92feac16a6b000e8add98|lt|0,5de92feac16a6b000e8add98,lt,0,6.0,12,3,Self-interest,0.25595385467441073,0.10153059522356363,0.6093104582087867,0.03320509189323909
HP1323,5d6807f9778de5001a120d9a|lt|0,5d6807f9778de5001a120d9a,lt,0,12.0,12,3,Self-interest,0.30675424471882484,0.045289715918476525,0.6116281669498328,0.03632787241286571
HP1324,5ea7f2a576434f0008303441|lt|0,5ea7f2a576434f0008303441,lt,0,12.0,12,3,Self-interest,0.402664474007255,0.13285420347944024,0.4170078720422523,0.04747345047105236
HP1325,59d44f0a078dbe00019511a9|lt|0,59d44f0a078dbe00019511a9,lt,0,12.0,12,3,Self-interest,0.1942958211554197,0.1813775478931521,0.5961680851718714,0.028158545779556825
HP1326,5d6ebbf926b44400175f445a|kw|0,5d6ebbf926b44400175f445a,kw,0,6.0,12,0,No clear justification,0.562170799214523,0.16335489303374534,0.21282099851339903,0.06165330923833254
HP1327,6701f65ca63a3fae9d2e820e|lt|0,6701f65ca63a3fae9d2e820e,lt,0,10.5,12,1,Moral,0.46305769050157997,0.284099642475741,0.19623309141858092,0.05660957560409809
HP1328,657b0ede27d064a99e80f7f2|lt|0,657b0ede27d064a99e80f7f2,lt,0,8.0,12,3,Self-interest,0.23251714881317773,0.3656537321809181,0.3672327582544494,0.034596360751454586
HP1329,629e11c0d89e0c18f21e687a|kw|0,629e11c0d89e0c18f21e687a,kw,0,12.0,12,3,Self-interest,0.1942958211554197,0.1813775478931521,0.5961680851718714,0.028158545779556825
HP1330,5e42c26bcea1861491e28258|lt|0,5e42c26bcea1861491e28258,lt,0,8.0,12,0,No clear justification,0.3226403984711495,0.23427309746967045,0.40061502157741996,0.04247148248176004
HP1331,63cfefc43323e05d2a6f554b|lt|0,63cfefc43323e05d2a6f554b,lt,0,4.0,12,1,Moral,0.3226403984711495,0.23427309746967045,0.40061502157741996,0.04247148248176004
HP1332,6539445c1ace74e4d496f8e0|lt|0,6539445c1ace74e4d496f8e0,lt,0,8.0,12,1,Moral,0.46305769050157997,0.284099642475741,0.19623309141858092,0.05660957560409809
HP1333,669a88248079035630cd7587|lt|0,669a88248079035630cd7587,lt,0,6.0,12,3,Self-interest,0.1942958211554197,0.1813775478931521,0.5961680851718714,0.028158545779556825
HP1334,643b6eed100835cd04b81bd5|lt|0,643b6eed100835cd04b81bd5,lt,0,6.0,12,0,No clear justification,0.40266447400725514,0.13285420347944019,0.4170078720422523,0.04747345047105236
HP1335,604e839302a74c2f2990f713|kw|0,604e839302a74c2f2990f713,kw,0,6.0,12,3,Self-interest,0.32264039847114956,0.23427309746967054,0.40061502157741974,0.04247148248176006
HP1336,66e34d0934e6711bedcc6e1f|lt|0,66e34d0934e6711bedcc6e1f,lt,0,6.0,12,3,Self-interest,0.1942958211554197,0.1813775478931521,0.5961680851718714,0.028158545779556825
HP1337,6288200662bdd110ddecad7a|lt|0,6288200662bdd110ddecad7a,lt,0,12.0,12,0,No clear justification,0.6376049573656807,0.07635988285421533,0.22194300705032713,0.06409215272977689
HP1338,5bc913d99427200001dd47f5|lt|0,5bc913d99427200001dd47f5,lt,0,6.0,12,3,Self-interest,0.25595385467441073,0.10153059522356363,0.6093104582087867,0.03320509189323909
HP1339,6272c6f165b55d496f5fae1a|kw|0,6272c6f165b55d496f5fae1a,kw,0,6.0,12,3,Self-interest,0.23251714881317773,0.3656537321809181,0.3672327582544494,0.034596360751454586
HP1340,58daa58731506e0001448ccf|kw|0,58daa58731506e0001448ccf,kw,0,9.0,12,1,Moral,0.22010966959486233,0.6167916048211656,0.1282324851498091,0.034866240434163
HP1341,5727d93522e522000e7a0a3c|kw|0,5727d93522e522000e7a0a3c,kw,0,8.0,12,3,Self-interest,0.23251714881317773,0.3656537321809181,0.3672327582544494,0.034596360751454586
HP1342,67aa4c3d54c8e17bcc8a7975|lt|0,67aa4c3d54c8e17bcc8a7975,lt,0,8.0,12,3,Self-interest,0.1942958211554197,0.1813775478931521,0.5961680851718714,0.028158545779556825
HP1343,6108353b27dad2165c694212|lt|0,6108353b27dad2165c694212,lt,0,6.0,12,3,Self-interest,0.1942958211554197,0.1813775478931521,0.5961680851718714,0.028158545779556825
HP1344,6605e2b8ed85746d2f6aed25|lt|0,6605e2b8ed85746d2f6aed25,lt,0,8.0,12,1,Moral,0.22010966959486233,0.6167916048211656,0.1282324851498091,0.034866240434163
HP1345,641640ace28d2bb30c45c595|kw|0,641640ace28d2bb30c45c595,kw,0,6.0,12,3,Self-interest,0.23251714881317773,0.3656537321809181,0.3672327582544494,0.034596360751454586
HP1346,55d7805c69dbc30012b67f32|lt|0,55d7805c69dbc30012b67f32,lt,0,6.0,12,3,Self-interest,0.23251714881317773,0.3656537321809181,0.3672327582544494,0.034596360751454586
HP1347,5ea166af93435d0008a8a341|kw|0,5ea166af93435d0008a8a341,kw,0,8.0,12,1,Moral,0.23251714881317773,0.3656537321809183,0.3672327582544494,0.03459636075145457
HP1348,5d61547443c13200193ccb12|lt|0,5d61547443c13200193ccb12,lt,0,8.0,12,3,Self-interest,0.1942958211554197,0.1813775478931521,0.5961680851718714,0.028158545779556825
HP1349,596de39c9fd5ee0001b704c3|kw|0,596de39c9fd5ee0001b704c3,kw,0,6.0,12,1,Moral,0.28020370755084284,0.4314036900609293,0.14869498099152917,0.13969762139669875
HP1350,5fb3d71c3144730009fe4a7b|lt|0,5fb3d71c3144730009fe4a7b,lt,0,6.0,12,3,Self-interest,0.1942958211554197,0.1813775478931521,0.5961680851718714,0.028158545779556825
HP1351,5e7a0da5c8327f0406f24b9a|kw|0,5e7a0da5c8327f0406f24b9a,kw,0,12.0,12,3,Self-interest,0.23251714881317773,0.3656537321809181,0.3672327582544494,0.034596360751454586
HP1352,65dfd1cdf84b3237168a720b|kw|0,65dfd1cdf84b3237168a720b,kw,0,12.0,12,3,Self-interest,0.23251714881317773,0.3656537321809181,0.3672327582544494,0.034596360751454586
HP1353,6392360efb6e254ffd31e722|kw|0,6392360efb6e254ffd31e722,kw,0,12.0,12,0,No clear justification,0.46305769050157997,0.284099642475741,0.19623309141858092,0.05660957560409809
HP1354,5e90b34a9e934e3ccc7330ba|lt|0,5e90b34a9e934e3ccc7330ba,lt,0,6.0,12,3,Self-interest,0.1942958211554197,0.1813775478931521,0.5961680851718714,0.028158545779556825
HP1355,57d0a0bee3221e00015fe385|kw|0,57d0a0bee3221e00015fe385,kw,0,12.0,12,1,Moral,0.22010966959486233,0.6167916048211656,0.1282324851498091,0.034866240434163
HP1356,5d59d45948766d0018949d58|kw|0,5d59d45948766d0018949d58,kw,0,12.0,12,3,Self-interest,0.2688709663924994,0.23153750095449152,0.37852569055486335,0.12106584209814557
HP1357,659615bbb34696ca92b045c6|lt|0,659615bbb34696ca92b045c6,lt,0,7.0,12,3,Self-interest,0.25595385467441073,0.10153059522356363,0.6093104582087867,0.03320509189323909
HP1358,57aa96584cda6e0001842142|kw|0,57aa96584cda6e0001842142,kw,0,6.0,12,3,Self-interest,0.23251714881317773,0.3656537321809181,0.3672327582544494,0.034596360751454586
HP1359,6640b22bdbc5620b17c3f375|kw|0,6640b22bdbc5620b17c3f375,kw,0,6.0,12,1,Moral,0.3456277793564653,0.4374837544535197,0.16901613612027663,0.047872330069738435
HP1360,6640bdfe02e53e598b28c8a8|kw|0,6640bdfe02e53e598b28c8a8,kw,0,6.0,12,0,No clear justification,0.3456277793564649,0.4374837544535208,0.16901613612027594,0.04787233006973837
HP1361,5d548912e1c7130018e019dc|kw|0,5d548912e1c7130018e019dc,kw,0,7.0,12,3,Self-interest,0.23251714881317773,0.3656537321809181,0.3672327582544494,0.034596360751454586
HP1362,62681384fd4e3b590854ac76|lt|0,62681384fd4e3b590854ac76,lt,0,6.0,12,3,Self-interest,0.1942958211554197,0.1813775478931521,0.5961680851718714,0.028158545779556825
HP1363,5d53326a70729700015efb69|kw|0,5d53326a70729700015efb69,kw,0,8.0,12,1,Moral,0.46305769050157997,0.284099642475741,0.19623309141858092,0.05660957560409809
HP1364,64337cc5c12109dc730de8c6|kw|0,64337cc5c12109dc730de8c6,kw,0,9.0,12,3,Self-interest,0.1942958211554197,0.1813775478931521,0.5961680851718714,0.028158545779556825
HP1365,647be991db1ffbd6bbcc5bc6|kw|0,647be991db1ffbd6bbcc5bc6,kw,0,6.0,12,0,No clear justification,0.3456277793564649,0.4374837544535208,0.16901613612027594,0.04787233006973837
HP1366,5d4699cbda9cb60015aa45f7|lt|0,5d4699cbda9cb60015aa45f7,lt,0,6.0,12,3,Self-interest,0.32264039847114956,0.23427309746967054,0.40061502157741974,0.04247148248176006
HP1367,63d546d88ccf3a038620bb8c|lt|0,63d546d88ccf3a038620bb8c,lt,0,8.0,12,3,Self-interest,0.2688709663924994,0.23153750095449152,0.37852569055486335,0.12106584209814557
HP1368,6758b26446c5556e1afcc4ca|lt|0,6758b26446c5556e1afcc4ca,lt,0,6.0,12,0,No clear justification,0.562170799214523,0.16335489303374534,0.21282099851339903,0.06165330923833254
HP1369,679023f5b7572e2b6cb86bf7|kw|0,679023f5b7572e2b6cb86bf7,kw,0,8.0,12,3,Self-interest,0.23251714881317773,0.3656537321809181,0.3672327582544494,0.034596360751454586
HP1370,547272b4fdf99b44c5647418|kw|0,547272b4fdf99b44c5647418,kw,0,11.0,12,1,Moral,0.22010966959486233,0.6167916048211656,0.1282324851498091,0.034866240434163
HP1371,5bd6b1636546650001036115|lt|0,5bd6b1636546650001036115,lt,0,12.0,12,1,Moral,0.3456277793564653,0.4374837544535197,0.16901613612027663,0.047872330069738435
HP1372,665990d77206343f142e900b|kw|0,665990d77206343f142e900b,kw,0,6.0,12,3,Self-interest,0.2688709663924991,0.23153750095449166,0.3785256905548636,0.12106584209814557
HP1373,66cba302d70a26c630d75afc|kw|0,66cba302d70a26c630d75afc,kw,0,8.0,12,3,Self-interest,0.23251714881317773,0.3656537321809181,0.3672327582544494,0.034596360751454586
HP1374,5f5ba70b547cf6320759e068|lt|0,5f5ba70b547cf6320759e068,lt,0,6.0,12,3,Self-interest,0.1942958211554197,0.1813775478931521,0.5961680851718714,0.028158545779556825
HP1375,631b32b0796f2941b55e7d58|lt|0,631b32b0796f2941b55e7d58,lt,0,6.0,12,3,Self-interest,0.32264039847114956,0.23427309746967054,0.40061502157741974,0.04247148248176006
HP1376,67ace31300abf1fb686b8ce1|kw|0,67ace31300abf1fb686b8ce1,kw,0,6.0,12,0,No clear justification,0.3456277793564649,0.4374837544535208,0.16901613612027594,0.04787233006973837
HP1377,6486aa634b94f1dd568fd487|kw|0,6486aa634b94f1dd568fd487,kw,0,6.0,12,0,No clear justification,0.46305769050157997,0.284099642475741,0.19623309141858092,0.05660957560409809
HP1378,6541138589de324968b6c99d|kw|0,6541138589de324968b6c99d,kw,0,6.0,12,3,Self-interest,0.19429582115542018,0.18137754789315244,0.5961680851718705,0.028158545779556864
HP1379,5975b75a2356570001085d0c|lt|0,5975b75a2356570001085d0c,lt,0,8.0,12,3,Self-interest,0.32264039847114956,0.23427309746967054,0.40061502157741974,0.04247148248176006
HP1380,676573c214fa1ff2ce7f1b11|kw|0,676573c214fa1ff2ce7f1b11,kw,0,5.5,12,0,No clear justification,0.562170799214523,0.16335489303374534,0.21282099851339903,0.06165330923833254
HP1381,5ea48ae3461d1044f2d282cc|lt|0,5ea48ae3461d1044f2d282cc,lt,0,6.0,12,1,Moral,0.22010966959486233,0.6167916048211656,0.1282324851498091,0.034866240434163
HP1382,68588c0e318290286d99fbac|lt|0,68588c0e318290286d99fbac,lt,0,6.0,12,0,No clear justification,0.6376049573656807,0.07635988285421533,0.22194300705032713,0.06409215272977689
HP1383,5919adda0329e90001578e5f|lt|0,5919adda0329e90001578e5f,lt,0,6.0,12,1,Moral,0.23251714881317753,0.36565373218091846,0.3672327582544494,0.03459636075145456
HP1384,5f8a08f7ada1650a0096396e|kw|0,5f8a08f7ada1650a0096396e,kw,0,7.0,12,0,No clear justification,0.46305769050157997,0.284099642475741,0.19623309141858092,0.05660957560409809
HP1385,5bfd81fb2feab400014d9060|kw|0,5bfd81fb2feab400014d9060,kw,0,6.0,12,3,Self-interest,0.23251714881317773,0.3656537321809181,0.3672327582544494,0.034596360751454586
HP1386,63ea6344bf5cfafd40b0dce2|lt|0,63ea6344bf5cfafd40b0dce2,lt,0,6.0,12,1,Moral,0.23251714881317753,0.36565373218091846,0.3672327582544494,0.03459636075145456
HP1387,5e16bce18dffa0c6f76cda9b|lt|0,5e16bce18dffa0c6f76cda9b,lt,0,8.0,12,3,Self-interest,0.23251714881317773,0.3656537321809181,0.3672327582544494,0.034596360751454586
HP1388,63468a615fe324360bedf63e|kw|0,63468a615fe324360bedf63e,kw,0,12.0,12,3,Self-interest,0.32264039847114956,0.23427309746967054,0.40061502157741974,0.04247148248176006
HP1389,56aa90d5638440000c8b506f|kw|0,56aa90d5638440000c8b506f,kw,0,6.0,12,3,Self-interest,0.32264039847114956,0.23427309746967054,0.40061502157741974,0.04247148248176006
HP1390,6773d468b0b6f6aacb19640d|kw|0,6773d468b0b6f6aacb19640d,kw,0,10.0,12,0,No clear justification,0.3226403984711496,0.23427309746967054,0.4006150215774199,0.04247148248176006
HP1391,66df3be52e3a37738fecdf1a|lt|0,66df3be52e3a37738fecdf1a,lt,0,4.0,12,1,Moral,0.23251714881317753,0.36565373218091846,0.3672327582544494,0.03459636075145456
HP1392,66535c666b8b41bd15d36ce0|kw|0,66535c666b8b41bd15d36ce0,kw,0,6.0,12,0,No clear justification,0.3456277793564649,0.4374837544535208,0.16901613612027594,0.04787233006973837
HP1393,5d671936b5671a0017326ace|kw|0,5d671936b5671a0017326ace,kw,0,9.0,12,3,Self-interest,0.1942958211554197,0.1813775478931521,0.5961680851718714,0.028158545779556825
HP1394,65eddbd7c76a5d7285c0c416|kw|0,65eddbd7c76a5d7285c0c416,kw,0,8.0,12,1,Moral,0.22010966959486233,0.6167916048211656,0.1282324851498091,0.034866240434163
HP1395,613b94b83b5cb4c72904f8b3|kw|0,613b94b83b5cb4c72904f8b3,kw,0,8.0,12,3,Self-interest,0.23251714881317773,0.3656537321809181,0.3672327582544494,0.034596360751454586
HP1396,64834ca600dfc800b8242f95|kw|0,64834ca600dfc800b8242f95,kw,0,6.0,12,3,Self-interest,0.1942958211554197,0.1813775478931521,0.5961680851718714,0.028158545779556825
HP1397,5f218810dbe587339609aee4|kw|0,5f218810dbe587339609aee4,kw,0,12.0,12,1,Moral,0.22010966959486233,0.6167916048211656,0.1282324851498091,0.034866240434163
HP1398,66293dd4c51422edb482d223|kw|0,66293dd4c51422edb482d223,kw,0,6.0,12,1,Moral,0.22010966959486233,0.6167916048211656,0.1282324851498091,0.034866240434163
HP1399,5a22d662d6fdbc00011c92ce|kw|0,5a22d662d6fdbc00011c92ce,kw,0,7.0,12,3,Self-interest,0.4656012558037631,0.060838576522073834,0.4233503059561537,0.050209861718009396
HP1400,631123376033bb148edc0ebb|lt|0,631123376033bb148edc0ebb,lt,0,8.0,12,3,Self-interest,0.402664474007255,0.13285420347944024,0.4170078720422523,0.04747345047105236
HP1401,66816b966ae4ada52898695c|kw|0,66816b966ae4ada52898695c,kw,0,12.0,12,1,Moral,0.22010966959486233,0.6167916048211656,0.1282324851498091,0.034866240434163
HP1402,5e0629a51d46070022c94ac9|lt|0,5e0629a51d46070022c94ac9,lt,0,6.0,12,3,Self-interest,0.1942958211554197,0.1813775478931521,0.5961680851718714,0.028158545779556825
HP1403,5f2863bd78ff1f1085f77e19|lt|0,5f2863bd78ff1f1085f77e19,lt,0,6.0,12,3,Self-interest,0.1942958211554197,0.1813775478931521,0.5961680851718714,0.028158545779556825
HP1404,6306d39340264f76753706fd|kw|0,6306d39340264f76753706fd,kw,0,6.5,12,0,No clear justification,0.6376049573656807,0.07635988285421533,0.22194300705032713,0.06409215272977689
HP1405,5b15fd2b9663ee000146499e|kw|0,5b15fd2b9663ee000146499e,kw,0,6.0,12,3,Self-interest,0.2688709663924994,0.23153750095449152,0.37852569055486335,0.12106584209814557
HP1406,5e78e8c6593bf50831f704b8|kw|0,5e78e8c6593bf50831f704b8,kw,0,6.5,12,1,Moral,0.40266447400725514,0.1328542034794403,0.41700787204225215,0.04747345047105238
HP1407,6404f184dffe93798dca0f5f|kw|0,6404f184dffe93798dca0f5f,kw,0,6.0,12,3,Self-interest,0.32264039847114956,0.23427309746967054,0.40061502157741974,0.04247148248176006
HP1408,62976e7114308ee7c69d10ae|kw|0,62976e7114308ee7c69d10ae,kw,0,6.0,12,3,Self-interest,0.32264039847114956,0.23427309746967054,0.40061502157741974,0.04247148248176006
HP1409,63614f71fa75fcbcee84f2ac|lt|0,63614f71fa75fcbcee84f2ac,lt,0,6.0,12,3,Self-interest,0.23251714881317773,0.3656537321809181,0.3672327582544494,0.034596360751454586
HP1410,5ec738ce3c7fd317a72dcfe6|lt|0,5ec738ce3c7fd317a72dcfe6,lt,0,6.0,12,1,Moral,0.3456277793564653,0.4374837544535197,0.16901613612027663,0.047872330069738435
HP1411,5d7874252f037f0016637125|lt|0,5d7874252f037f0016637125,lt,0,6.0,12,3,Self-interest,0.1942958211554197,0.1813775478931521,0.5961680851718714,0.028158545779556825
HP1412,646a2395c7c21c5772c607ab|lt|0,646a2395c7c21c5772c607ab,lt,0,6.0,12,3,Self-interest,0.32264039847114956,0.23427309746967054,0.40061502157741974,0.04247148248176006
HP1413,604bfe99dcaa286218d25fca|kw|0,604bfe99dcaa286218d25fca,kw,0,12.0,12,3,Self-interest,0.23251714881317773,0.3656537321809181,0.3672327582544494,0.034596360751454586
HP1414,6761f1f5e7c2056f98daca5e|lt|0,6761f1f5e7c2056f98daca5e,lt,0,8.0,12,3,Self-interest,0.1942958211554197,0.1813775478931521,0.5961680851718714,0.028158545779556825
HP1415,5cd801d431d19f0019425e2e|kw|0,5cd801d431d19f0019425e2e,kw,0,6.0,12,0,No clear justification,0.46305769050157997,0.284099642475741,0.19623309141858092,0.05660957560409809
HP1416,67aca52029509c486774daa1|kw|0,67aca52029509c486774daa1,kw,0,6.0,12,0,No clear justification,0.3456277793564649,0.4374837544535208,0.16901613612027594,0.04787233006973837
HP1417,602d4d4c654dbd73fc278783|lt|0,602d4d4c654dbd73fc278783,lt,0,8.0,12,3,Self-interest,0.4026644740072552,0.13285420347944024,0.4170078720422523,0.04747345047105238
HP1418,691e33df8b5c61b54f6de0d5|lt|0,691e33df8b5c61b54f6de0d5,lt,0,6.0,12,3,Self-interest,0.1942958211554197,0.1813775478931521,0.5961680851718714,0.028158545779556825
HP1419,6613eaa8e44e25e801f85215|kw|0,6613eaa8e44e25e801f85215,kw,0,6.0,12,0,No clear justification,0.3226403984711495,0.23427309746967045,0.40061502157741996,0.04247148248176004
HP1420,664f99fe99ad74bdbb1adc35|lt|0,664f99fe99ad74bdbb1adc35,lt,0,4.0,12,3,Self-interest,0.23251714881317773,0.3656537321809181,0.3672327582544494,0.034596360751454586
HP1421,63792c65e92e706fdb44c08a|lt|0,63792c65e92e706fdb44c08a,lt,0,6.0,12,3,Self-interest,0.1942958211554197,0.1813775478931521,0.5961680851718714,0.028158545779556825
HP1422,66eada82e2a59d472d2dd086|kw|0,66eada82e2a59d472d2dd086,kw,0,6.0,12,3,Self-interest,0.23251714881317773,0.3656537321809181,0.3672327582544494,0.034596360751454586
HP1423,60e0687e08d77efdaa4e9aa8|lt|0,60e0687e08d77efdaa4e9aa8,lt,0,8.0,12,3,Self-interest,0.1942958211554197,0.1813775478931521,0.5961680851718714,0.028158545779556825
HP1424,65831ec7a0cb41561b8e43e9|lt|0,65831ec7a0cb41561b8e43e9,lt,0,7.0,12,3,Self-interest,0.19429582115542018,0.18137754789315244,0.5961680851718705,0.028158545779556864
HP1425,66455f0cb0bc36b3cbe62bd0|lt|0,66455f0cb0bc36b3cbe62bd0,lt,0,6.0,12,3,Self-interest,0.4026644740072552,0.13285420347944024,0.4170078720422523,0.04747345047105238
HP1426,565c931eba63db00051cd52d|lt|0,565c931eba63db00051cd52d,lt,0,6.5,12,0,No clear justification,0.5587297029701818,0.07369639005112959,0.20960320794269718,0.15797069903599148
HP1427,602fea460a29c4d98a5d8034|lt|0,602fea460a29c4d98a5d8034,lt,0,6.0,12,2,Mutual Benefit / Cooperation,0.26887096639249936,0.23153750095449152,0.37852569055486346,0.12106584209814562
HP1428,671ffe48b75190b5502550f7|lt|0,671ffe48b75190b5502550f7,lt,0,6.0,12,3,Self-interest,0.32264039847114956,0.23427309746967054,0.40061502157741974,0.04247148248176006
HP1429,6306d4da805f2e38a841c3ad|kw|0,6306d4da805f2e38a841c3ad,kw,0,6.0,12,3,Self-interest,0.1942958211554197,0.1813775478931521,0.5961680851718714,0.028158545779556825
HP1430,67685ad9e0d7b8fc12217070|kw|0,67685ad9e0d7b8fc12217070,kw,0,6.0,12,3,Self-interest,0.25595385467441073,0.10153059522356363,0.6093104582087867,0.03320509189323909
HP1431,60dd8e0d3d47076064d30569|lt|0,60dd8e0d3d47076064d30569,lt,0,12.0,12,3,Self-interest,0.1942958211554197,0.1813775478931521,0.5961680851718714,0.028158545779556825
HP1432,66830d445073aae663d54dbd|lt|0,66830d445073aae663d54dbd,lt,0,7.5,12,3,Self-interest,0.25595385467441073,0.10153059522356363,0.6093104582087867,0.03320509189323909
HP1433,60ddf72ef11f891328449fb0|kw|0,60ddf72ef11f891328449fb0,kw,0,12.0,12,3,Self-interest,0.23251714881317773,0.3656537321809181,0.3672327582544494,0.034596360751454586
HP1434,6755e799307c1a8afbb8c162|kw|0,6755e799307c1a8afbb8c162,kw,0,6.0,12,3,Self-interest,0.2688709663924991,0.23153750095449166,0.3785256905548636,0.12106584209814557
HP1435,5c7f91a08fc24d001544e880|lt|0,5c7f91a08fc24d001544e880,lt,0,6.0,12,3,Self-interest,0.4026644740072552,0.13285420347944024,0.4170078720422523,0.04747345047105238
HP1436,63f78c9346da47f7f8f3aef9|lt|0,63f78c9346da47f7f8f3aef9,lt,0,6.0,12,3,Self-interest,0.32264039847114956,0.23427309746967054,0.40061502157741974,0.04247148248176006
HP1437,59ae654b5e7f4800010ef039|lt|0,59ae654b5e7f4800010ef039,lt,0,6.0,12,3,Self-interest,0.1942958211554197,0.1813775478931521,0.5961680851718714,0.028158545779556825
HP1438,5bba3eecccb6f40001851cb3|kw|0,5bba3eecccb6f40001851cb3,kw,0,6.0,12,0,No clear justification,0.3456277793564649,0.4374837544535208,0.16901613612027594,0.04787233006973837
HP1439,5fba54733359979ab9a16056|kw|0,5fba54733359979ab9a16056,kw,0,6.0,12,3,Self-interest,0.23251714881317773,0.3656537321809181,0.3672327582544494,0.034596360751454586
HP1440,56c6e662b0b7a1000c5cdb21|lt|0,56c6e662b0b7a1000c5cdb21,lt,0,8.0,12,3,Self-interest,0.23251714881317773,0.3656537321809181,0.3672327582544494,0.034596360751454586
HP1441,655b67877536d232728dfa6c|kw|0,655b67877536d232728dfa6c,kw,0,12.0,12,3,Self-interest,0.1942958211554197,0.1813775478931521,0.5961680851718714,0.028158545779556825
HP1442,60cf382898b50ef89e5efab3|lt|0,60cf382898b50ef89e5efab3,lt,0,8.0,12,3,Self-interest,0.2688709663924994,0.23153750095449152,0.37852569055486335,0.12106584209814557
HP1443,5e437d7404eaba215eafbd2a|lt|0,5e437d7404eaba215eafbd2a,lt,0,6.0,12,3,Self-interest,0.1942958211554197,0.1813775478931521,0.5961680851718714,0.028158545779556825
HP1444,6002ae1ea178912bfa128adf|lt|0,6002ae1ea178912bfa128adf,lt,0,6.0,12,3,Self-interest,0.1942958211554197,0.1813775478931521,0.5961680851718714,0.028158545779556825
HP1445,54ab0771fdf99b55c3f55227|lt|0,54ab0771fdf99b55c3f55227,lt,0,7.0,12,3,Self-interest,0.1942958211554197,0.1813775478931521,0.5961680851718714,0.028158545779556825
HP1446,5cc19e4f792ce5000145f764|lt|0,5cc19e4f792ce5000145f764,lt,0,6.0,12,3,Self-interest,0.32264039847114956,0.23427309746967054,0.40061502157741974,0.04247148248176006
HP1447,6926d10351d9647d730b84a8|kw|0,6926d10351d9647d730b84a8,kw,0,6.0,12,3,Self-interest,0.23251714881317773,0.3656537321809181,0.3672327582544494,0.034596360751454586
HP1448,5d510396f6725b001a4fc025|kw|0,5d510396f6725b001a4fc025,kw,0,8.0,12,3,Self-interest,0.23251714881317773,0.3656537321809181,0.3672327582544494,0.034596360751454586
HP1449,5c01d3c509e9c70001500b10|kw|0,5c01d3c509e9c70001500b10,kw,0,8.0,12,1,Moral,0.22010966959486233,0.6167916048211656,0.1282324851498091,0.034866240434163
HP1450,667dd824a2d8ed14f560a9fa|lt|0,667dd824a2d8ed14f560a9fa,lt,0,4.0,12,0,No clear justification,0.3226403984711495,0.23427309746967045,0.40061502157741996,0.04247148248176004
HP1451,671e6d002c9289cb169875ed|kw|0,671e6d002c9289cb169875ed,kw,0,6.0,12,3,Self-interest,0.23251714881317773,0.3656537321809181,0.3672327582544494,0.034596360751454586
HP1452,66fc218d3bbacd308ed20847|lt|0,66fc218d3bbacd308ed20847,lt,0,8.0,12,3,Self-interest,0.32264039847114956,0.23427309746967054,0.40061502157741974,0.04247148248176006
HP1453,5f0e16a89f0d68127670c288|lt|0,5f0e16a89f0d68127670c288,lt,0,6.0,12,3,Self-interest,0.1942958211554197,0.1813775478931521,0.5961680851718714,0.028158545779556825
HP1454,666a0a76b1d7349662971064|kw|0,666a0a76b1d7349662971064,kw,0,6.0,12,3,Self-interest,0.14475994314119014,0.07362316841864823,0.7606067933431959,0.021010095096965744
HP1455,660158b9a05b9c4adc616ff8|lt|0,660158b9a05b9c4adc616ff8,lt,0,8.0,12,3,Self-interest,0.23251714881317773,0.3656537321809181,0.3672327582544494,0.034596360751454586
HP1456,6413599d52dc6500b2430165|kw|0,6413599d52dc6500b2430165,kw,0,6.0,12,3,Self-interest,0.23251714881317773,0.3656537321809181,0.3672327582544494,0.034596360751454586
HP1457,67d89d92eb4323537c13b656|kw|0,67d89d92eb4323537c13b656,kw,0,6.0,12,3,Self-interest,0.23251714881317773,0.3656537321809181,0.3672327582544494,0.034596360751454586
HP1458,654650713282e9e8d26d0b86|lt|0,654650713282e9e8d26d0b86,lt,0,6.0,12,3,Self-interest,0.32264039847114956,0.23427309746967054,0.40061502157741974,0.04247148248176006
HP1459,61118cf8dd195d72acb7594a|lt|0,61118cf8dd195d72acb7594a,lt,0,12.0,12,3,Self-interest,0.1942958211554197,0.1813775478931521,0.5961680851718714,0.028158545779556825
HP1460,6676ddf4aeae188a30f824f5|kw|0,6676ddf4aeae188a30f824f5,kw,0,10.0,12,3,Self-interest,0.25595385467441073,0.10153059522356363,0.6093104582087867,0.03320509189323909
HP1461,56f2a152ed0cf6000c913b6c|lt|0,56f2a152ed0cf6000c913b6c,lt,0,6.0,12,3,Self-interest,0.1942958211554197,0.1813775478931521,0.5961680851718714,0.028158545779556825
HP1462,67785cef31ee995e28d95c29|lt|0,67785cef31ee995e28d95c29,lt,0,6.0,12,3,Self-interest,0.1942958211554197,0.1813775478931521,0.5961680851718714,0.028158545779556825
HP1463,5fb5f30ab74f4b20cdd41ec1|kw|0,5fb5f30ab74f4b20cdd41ec1,kw,0,6.0,12,3,Self-interest,0.23251714881317773,0.3656537321809181,0.3672327582544494,0.034596360751454586
HP1464,5acddd6cfa3b4e000173db88|kw|0,5acddd6cfa3b4e000173db88,kw,0,6.0,12,3,Self-interest,0.23251714881317773,0.3656537321809181,0.3672327582544494,0.034596360751454586
HP1465,60cfce9352df6ebd5674e563|lt|0,60cfce9352df6ebd5674e563,lt,0,2.0,12,0,No clear justification,0.5621707992145228,0.16335489303374534,0.21282099851339922,0.06165330923833254
HP1466,5f6b027e6eae971e2fa13594|lt|0,5f6b027e6eae971e2fa13594,lt,0,12.0,12,1,Moral,0.3456277793564653,0.4374837544535197,0.16901613612027663,0.047872330069738435
HP1467,5ee2d96eac3291203650f16e|kw|0,5ee2d96eac3291203650f16e,kw,0,6.0,12,3,Self-interest,0.32264039847114956,0.23427309746967054,0.40061502157741974,0.04247148248176006
HP1468,5fc54a4839204604d13affd5|kw|0,5fc54a4839204604d13affd5,kw,0,9.0,12,3,Self-interest,0.23251714881317773,0.3656537321809181,0.3672327582544494,0.034596360751454586
HP1469,5df967d2f6191f6e87b236e6|kw|0,5df967d2f6191f6e87b236e6,kw,0,12.0,12,0,No clear justification,0.3456277793564649,0.4374837544535208,0.16901613612027594,0.04787233006973837
HP1470,67e1da8a432675c0e850e8d1|lt|0,67e1da8a432675c0e850e8d1,lt,0,6.0,12,3,Self-interest,0.23251714881317773,0.3656537321809181,0.3672327582544494,0.034596360751454586
HP1471,5d0b6647e28fd700010c55ac|kw|0,5d0b6647e28fd700010c55ac,kw,0,12.0,12,0,No clear justification,0.46305769050157997,0.284099642475741,0.19623309141858092,0.05660957560409809
HP1472,5fa2b9a3c1d67f3a311db672|kw|0,5fa2b9a3c1d67f3a311db672,kw,0,6.0,12,3,Self-interest,0.23251714881317773,0.3656537321809181,0.3672327582544494,0.034596360751454586
HP1473,5fefaa63238d4be5c34c0d51|kw|0,5fefaa63238d4be5c34c0d51,kw,0,12.0,12,3,Self-interest,0.23251714881317773,0.3656537321809181,0.3672327582544494,0.034596360751454586
HP1474,558955ebfdf99b6bd06016c9|kw|0,558955ebfdf99b6bd06016c9,kw,0,8.0,12,3,Self-interest,0.23251714881317773,0.3656537321809181,0.3672327582544494,0.034596360751454586
HP1475,5f2c95d13e33c7074c6d1e47|lt|0,5f2c95d13e33c7074c6d1e47,lt,0,6.0,12,3,Self-interest,0.1942958211554197,0.1813775478931521,0.5961680851718714,0.028158545779556825
HP1476,5dd61f689740545c506ee244|kw|0,5dd61f689740545c506ee244,kw,0,12.0,12,3,Self-interest,0.1942958211554197,0.1813775478931521,0.5961680851718714,0.028158545779556825
HP1477,67ef19849ce42ec68447928e|kw|0,67ef19849ce42ec68447928e,kw,0,4.0,12,0,No clear justification,0.5621707992145228,0.16335489303374534,0.21282099851339922,0.06165330923833254
HP1478,664d3ff00a00a73398ac3f4f|lt|0,664d3ff00a00a73398ac3f4f,lt,0,6.0,12,3,Self-interest,0.1942958211554197,0.1813775478931521,0.5961680851718714,0.028158545779556825
HP1479,5febd397ad8fbad21bcd6182|lt|0,5febd397ad8fbad21bcd6182,lt,0,8.0,12,3,Self-interest,0.30675424471882484,0.045289715918476525,0.6116281669498328,0.03632787241286571
HP1480,5fd8e27b6feb8e0d22eb3bd0|kw|0,5fd8e27b6feb8e0d22eb3bd0,kw,0,6.0,12,3,Self-interest,0.23251714881317773,0.3656537321809181,0.3672327582544494,0.034596360751454586
HP1481,59ff8226ab721b0001ef6e61|lt|0,59ff8226ab721b0001ef6e61,lt,0,6.0,12,3,Self-interest,0.32264039847114956,0.23427309746967054,0.40061502157741974,0.04247148248176006
HP1482,673b834c1ca9feb154a86523|lt|0,673b834c1ca9feb154a86523,lt,0,6.0,12,3,Self-interest,0.1942958211554197,0.1813775478931521,0.5961680851718714,0.028158545779556825
HP1483,5c64981ca98f0700010f8c81|kw|0,5c64981ca98f0700010f8c81,kw,0,12.0,12,1,Moral,0.22010966959486233,0.6167916048211656,0.1282324851498091,0.034866240434163
HP1484,677679d8f8b195498c2f7a09|lt|0,677679d8f8b195498c2f7a09,lt,0,12.0,12,1,Moral,0.23251714881317753,0.36565373218091846,0.3672327582544494,0.03459636075145456
HP1485,63b6ffb02943686f4f354741|kw|0,63b6ffb02943686f4f354741,kw,0,6.0,12,0,No clear justification,0.3456277793564649,0.4374837544535208,0.16901613612027594,0.04787233006973837
HP1486,6413dd7eadc09e71fa198000|lt|0,6413dd7eadc09e71fa198000,lt,0,4.0,12,3,Self-interest,0.1942958211554197,0.1813775478931521,0.5961680851718714,0.028158545779556825
HP1487,5ee1311e3348314f4f4a8d30|lt|0,5ee1311e3348314f4f4a8d30,lt,0,6.0,12,3,Self-interest,0.30675424471882484,0.045289715918476525,0.6116281669498328,0.03632787241286571
HP1488,667ae3fff7f7af34dc9c27c4|kw|0,667ae3fff7f7af34dc9c27c4,kw,0,6.0,12,3,Self-interest,0.32264039847114956,0.23427309746967054,0.40061502157741974,0.04247148248176006
HP1489,63b7566ea98814782bc51d9b|kw|0,63b7566ea98814782bc51d9b,kw,0,8.5,12,0,No clear justification,0.3456277793564649,0.4374837544535208,0.16901613612027594,0.04787233006973837
HP1490,5c205371da51990001e17313|kw|0,5c205371da51990001e17313,kw,0,2.0,12,0,No clear justification,0.6376049573656807,0.07635988285421533,0.22194300705032713,0.06409215272977689
HP1491,691df073ae5e6972d8f3983e|lt|0,691df073ae5e6972d8f3983e,lt,0,6.0,12,3,Self-interest,0.23251714881317773,0.3656537321809181,0.3672327582544494,0.034596360751454586
HP1492,6763dc05af46629317e23da3|lt|0,6763dc05af46629317e23da3,lt,0,6.0,12,3,Self-interest,0.4026644740072552,0.13285420347944024,0.4170078720422523,0.04747345047105238
HP1493,66524aa2a82e242800be156b|lt|0,66524aa2a82e242800be156b,lt,0,6.0,12,3,Self-interest,0.1942958211554197,0.1813775478931521,0.5961680851718714,0.028158545779556825
HP1494,5a01ddf3728b1b0001ad8ad0|lt|0,5a01ddf3728b1b0001ad8ad0,lt,0,8.0,12,0,No clear justification,0.3226403984711495,0.23427309746967045,0.40061502157741996,0.04247148248176004
HP1495,66ad53274144a944c514d4a8|kw|0,66ad53274144a944c514d4a8,kw,0,6.0,12,3,Self-interest,0.23251714881317773,0.3656537321809181,0.3672327582544494,0.034596360751454586
HP1496,597f662f89542d0001517d78|kw|0,597f662f89542d0001517d78,kw,0,12.0,12,3,Self-interest,0.23251714881317773,0.3656537321809181,0.3672327582544494,0.034596360751454586
HP1497,5ea313378e994c25658eae92|lt|0,5ea313378e994c25658eae92,lt,0,6.0,12,3,Self-interest,0.1942958211554197,0.1813775478931521,0.5961680851718714,0.028158545779556825
HP1498,678fb834512bd07496d7f855|kw|0,678fb834512bd07496d7f855,kw,0,6.0,12,2,Mutual Benefit / Cooperation,0.3879142970549455,0.2808800339594481,0.17836906662510743,0.152836602360499
HP1499,5ea7e9f15bc7011d31958608|lt|0,5ea7e9f15bc7011d31958608,lt,0,4.0,12,1,Moral,0.3226403984711495,0.23427309746967045,0.40061502157741996,0.04247148248176004
HP1500,677edb96bb091e27806608b9|lt|0,677edb96bb091e27806608b9,lt,0,4.0,12,3,Self-interest,0.23251714881317773,0.3656537321809181,0.3672327582544494,0.034596360751454586
HP1501,56114aa67ffc8a000f81148d|lt|0,56114aa67ffc8a000f81148d,lt,0,6.0,12,3,Self-interest,0.1942958211554197,0.1813775478931521,0.5961680851718714,0.028158545779556825
HP1502,662ee0b0f3785c3fe59e191f|kw|0,662ee0b0f3785c3fe59e191f,kw,0,6.0,12,1,Moral,0.22010966959486233,0.6167916048211656,0.1282324851498091,0.034866240434163
HP1503,636419013bc521fae9f7db90|kw|0,636419013bc521fae9f7db90,kw,0,7.0,12,1,Moral,0.46305769050157997,0.284099642475741,0.19623309141858092,0.05660957560409809
HP1504,6401c41ef621f07e133979e9|kw|0,6401c41ef621f07e133979e9,kw,0,12.0,12,1,Moral,0.22010966959486233,0.6167916048211656,0.1282324851498091,0.034866240434163
HP1505,5f3153a6180dcf0d8dd72a45|kw|0,5f3153a6180dcf0d8dd72a45,kw,0,9.0,12,3,Self-interest,0.32264039847114956,0.23427309746967054,0.40061502157741974,0.04247148248176006
HP1506,5d7472ad3bc4020015f3bb56|lt|0,5d7472ad3bc4020015f3bb56,lt,0,6.0,12,3,Self-interest,0.3431527076465668,0.13018935964505737,0.3999972292226042,0.12666070348577158
HP1507,5f11eb333c6e2c0df5b92270|lt|0,5f11eb333c6e2c0df5b92270,lt,0,6.0,12,3,Self-interest,0.1942958211554197,0.1813775478931521,0.5961680851718714,0.028158545779556825
HP1508,5de9d78ebe656d10e1a26af6|lt|0,5de9d78ebe656d10e1a26af6,lt,0,6.0,12,3,Self-interest,0.14475994314119014,0.07362316841864823,0.7606067933431959,0.021010095096965744
HP1509,65425b32a9c97568f11a9265|lt|0,65425b32a9c97568f11a9265,lt,0,6.0,12,3,Self-interest,0.1942958211554197,0.1813775478931521,0.5961680851718714,0.028158545779556825
HP1510,67fd7bb4515d79df15f3c967|lt|0,67fd7bb4515d79df15f3c967,lt,0,6.0,12,1,Moral,0.22010966959486233,0.6167916048211656,0.1282324851498091,0.034866240434163
HP1511,5c0c90e7632102000147c3cc|kw|0,5c0c90e7632102000147c3cc,kw,0,6.0,12,3,Self-interest,0.23251714881317773,0.3656537321809181,0.3672327582544494,0.034596360751454586
HP1512,5efd32d5ebff0517d77b8e4c|kw|0,5efd32d5ebff0517d77b8e4c,kw,0,12.0,12,3,Self-interest,0.25595385467441073,0.10153059522356363,0.6093104582087867,0.03320509189323909
HP1513,6675dbbeee7b1e2aa37a8eaa|lt|0,6675dbbeee7b1e2aa37a8eaa,lt,0,12.0,12,1,Moral,0.3456277793564653,0.4374837544535197,0.16901613612027663,0.047872330069738435
HP1514,5edf45c790b7091e3cfd7f62|lt|0,5edf45c790b7091e3cfd7f62,lt,0,5.0,12,3,Self-interest,0.1942958211554197,0.1813775478931521,0.5961680851718714,0.028158545779556825
HP1515,5d75af57bcfd5b001b192708|lt|0,5d75af57bcfd5b001b192708,lt,0,5.5,12,3,Self-interest,0.1942958211554197,0.1813775478931521,0.5961680851718714,0.028158545779556825
HP1516,63cee143ef1cb49bc4d101db|lt|0,63cee143ef1cb49bc4d101db,lt,0,7.5,12,0,No clear justification,0.4656012558037631,0.060838576522073834,0.4233503059561537,0.050209861718009396
HP1517,642ef01a04c9f327767cde23|lt|0,642ef01a04c9f327767cde23,lt,0,8.0,12,3,Self-interest,0.32264039847114956,0.23427309746967054,0.40061502157741974,0.04247148248176006
HP1518,5df1fd62dc85350eb4d4ced1|lt|0,5df1fd62dc85350eb4d4ced1,lt,0,4.0,12,1,Moral,0.26887096639249947,0.23153750095449152,0.3785256905548635,0.12106584209814557
HP1519,5c5cad876d0fe50001f0390c|lt|0,5c5cad876d0fe50001f0390c,lt,0,12.0,12,0,No clear justification,0.3456277793564649,0.4374837544535208,0.16901613612027594,0.04787233006973837
HP1520,653fcf588ab0516beb4bf546|lt|0,653fcf588ab0516beb4bf546,lt,0,8.0,12,1,Moral,0.3456277793564653,0.4374837544535197,0.16901613612027663,0.047872330069738435
HP1521,60f194e358dec32bfe2721f2|lt|0,60f194e358dec32bfe2721f2,lt,0,12.0,12,3,Self-interest,0.1942958211554197,0.1813775478931521,0.5961680851718714,0.028158545779556825
HP1522,5ff0379d6bfb633786fd9b27|lt|0,5ff0379d6bfb633786fd9b27,lt,0,12.0,12,3,Self-interest,0.1942958211554197,0.1813775478931521,0.5961680851718714,0.028158545779556825
HP1523,5fdbae0584b3a90525410347|kw|0,5fdbae0584b3a90525410347,kw,0,6.0,12,3,Self-interest,0.23251714881317773,0.3656537321809181,0.3672327582544494,0.034596360751454586
HP1524,67816b8db5cc9d12f5f77d7a|lt|0,67816b8db5cc9d12f5f77d7a,lt,0,6.0,12,1,Moral,0.5621707992145228,0.16335489303374545,0.21282099851339917,0.06165330923833254
HP1525,6108ee25f9c9a40b6a0ebb74|lt|0,6108ee25f9c9a40b6a0ebb74,lt,0,8.0,12,1,Moral,0.5621707992145228,0.16335489303374545,0.21282099851339917,0.06165330923833254
HP1526,674cbe23379dd601a29eefd4|kw|0,674cbe23379dd601a29eefd4,kw,0,6.0,12,3,Self-interest,0.23251714881317773,0.3656537321809181,0.3672327582544494,0.034596360751454586
HP1527,6644b750f83b1ad48d9ce14f|lt|0,6644b750f83b1ad48d9ce14f,lt,0,6.0,12,3,Self-interest,0.1942958211554197,0.1813775478931521,0.5961680851718714,0.028158545779556825
HP1528,6745109c444973d1fa9f17d4|kw|0,6745109c444973d1fa9f17d4,kw,0,12.0,12,3,Self-interest,0.1942958211554197,0.1813775478931521,0.5961680851718714,0.028158545779556825
HP1529,5c92017dc719fc00017df090|kw|0,5c92017dc719fc00017df090,kw,0,8.0,12,3,Self-interest,0.1942958211554197,0.1813775478931521,0.5961680851718714,0.028158545779556825
HP1530,572041d6fd3a5200093c1295|lt|0,572041d6fd3a5200093c1295,lt,0,5.0,12,0,No clear justification,0.25595385467441073,0.10153059522356363,0.6093104582087867,0.03320509189323909
HP1531,62dcc5dc8fcf471ec987e7cf|lt|0,62dcc5dc8fcf471ec987e7cf,lt,0,4.5,12,3,Self-interest,0.32264039847114956,0.23427309746967054,0.40061502157741974,0.04247148248176006
HP1532,5c01dc58067bbf00019bb318|lt|0,5c01dc58067bbf00019bb318,lt,0,6.0,12,3,Self-interest,0.32264039847114956,0.23427309746967054,0.40061502157741974,0.04247148248176006
HP1533,6632687cb045de5ac33ceea3|lt|0,6632687cb045de5ac33ceea3,lt,0,6.0,12,3,Self-interest,0.32264039847114956,0.23427309746967054,0.40061502157741974,0.04247148248176006
HP1534,6367a6adb376bcde64f98559|kw|0,6367a6adb376bcde64f98559,kw,0,8.0,12,3,Self-interest,0.23251714881317773,0.3656537321809181,0.3672327582544494,0.034596360751454586
HP1535,66b3803e04f33f1bdbfd2ecd|kw|0,66b3803e04f33f1bdbfd2ecd,kw,0,6.0,12,3,Self-interest,0.23251714881317773,0.3656537321809181,0.3672327582544494,0.034596360751454586
HP1536,67048c237f6f05cabcb21cc9|kw|0,67048c237f6f05cabcb21cc9,kw,0,7.0,12,0,No clear justification,0.3456277793564649,0.4374837544535208,0.16901613612027594,0.04787233006973837
HP1537,66d0217be06f8783cc04f0a7|kw|0,66d0217be06f8783cc04f0a7,kw,0,10.0,12,1,Moral,0.22010966959486233,0.6167916048211656,0.1282324851498091,0.034866240434163
HP1538,6167116fd8a186cd98501614|lt|0,6167116fd8a186cd98501614,lt,0,6.0,12,3,Self-interest,0.32264039847114956,0.23427309746967054,0.40061502157741974,0.04247148248176006
HP1539,6643bd3878c19c6cf8de7632|kw|0,6643bd3878c19c6cf8de7632,kw,0,6.0,12,0,No clear justification,0.46305769050157997,0.284099642475741,0.19623309141858092,0.05660957560409809
HP1540,60197dd14bb8ca09a27e5c3b|kw|0,60197dd14bb8ca09a27e5c3b,kw,0,6.0,12,0,No clear justification,0.3456277793564649,0.4374837544535208,0.16901613612027594,0.04787233006973837
HP1541,671bcbdd819357115fa0917d|kw|0,671bcbdd819357115fa0917d,kw,0,6.0,12,3,Self-interest,0.23251714881317773,0.3656537321809181,0.3672327582544494,0.034596360751454586
HP1542,673928131ab7d604bcf2c23a|lt|0,673928131ab7d604bcf2c23a,lt,0,7.0,12,3,Self-interest,0.4656012558037631,0.060838576522073834,0.4233503059561537,0.050209861718009396
HP1543,67ddd4f85ab870ffd90cc888|lt|0,67ddd4f85ab870ffd90cc888,lt,0,6.0,12,3,Self-interest,0.1942958211554197,0.1813775478931521,0.5961680851718714,0.028158545779556825
HP1544,64fded008087c1afa0b47d7b|kw|0,64fded008087c1afa0b47d7b,kw,0,7.0,12,1,Moral,0.3456277793564653,0.4374837544535197,0.16901613612027663,0.047872330069738435
HP1545,60a2abc7d14eb0935100dd31|lt|0,60a2abc7d14eb0935100dd31,lt,0,6.0,12,0,No clear justification,0.562170799214523,0.16335489303374534,0.21282099851339903,0.06165330923833254
HP1546,5dd9e1e0a4aa2696d9a15c0d|kw|0,5dd9e1e0a4aa2696d9a15c0d,kw,0,7.0,12,3,Self-interest,0.1942958211554197,0.1813775478931521,0.5961680851718714,0.028158545779556825
HP1547,59fc2094087f2e0001ead5fa|kw|0,59fc2094087f2e0001ead5fa,kw,0,6.0,12,3,Self-interest,0.23251714881317773,0.3656537321809181,0.3672327582544494,0.034596360751454586
HP1548,67346c0008508dd13cbe82ba|lt|0,67346c0008508dd13cbe82ba,lt,0,6.0,12,0,No clear justification,0.3456277793564649,0.4374837544535208,0.16901613612027594,0.04787233006973837
HP1549,5731b7f35b8b0600097c2d66|kw|0,5731b7f35b8b0600097c2d66,kw,0,6.0,12,1,Moral,0.22010966959486233,0.6167916048211656,0.1282324851498091,0.034866240434163
HP1550,63dd6ec1452ed58051cfa62a|kw|0,63dd6ec1452ed58051cfa62a,kw,0,6.0,12,0,No clear justification,0.46305769050157997,0.284099642475741,0.19623309141858092,0.05660957560409809
HP1551,6631b5852e5e748863ca2c4c|kw|0,6631b5852e5e748863ca2c4c,kw,0,12.0,12,3,Self-interest,0.4026644740072552,0.13285420347944024,0.4170078720422523,0.04747345047105238
HP1552,5ee00b8630f30b34f2a5dc1c|lt|0,5ee00b8630f30b34f2a5dc1c,lt,0,12.0,12,3,Self-interest,0.1942958211554197,0.1813775478931521,0.5961680851718714,0.028158545779556825
HP1553,574cca765e5491000f3c89e0|lt|0,574cca765e5491000f3c89e0,lt,0,4.0,12,3,Self-interest,0.23251714881317773,0.3656537321809181,0.3672327582544494,0.034596360751454586
HP1554,5c698d07effdaa0001d791cd|kw|0,5c698d07effdaa0001d791cd,kw,0,6.0,12,3,Self-interest,0.23251714881317773,0.3656537321809181,0.3672327582544494,0.034596360751454586
HP1555,5dab79a5525a7600139cd31e|lt|0,5dab79a5525a7600139cd31e,lt,0,10.5,12,1,Moral,0.5621707992145228,0.16335489303374545,0.21282099851339917,0.06165330923833254
HP1556,60fca0fc5d7a65f146a1c6c6|lt|0,60fca0fc5d7a65f146a1c6c6,lt,0,6.0,12,3,Self-interest,0.23251714881317773,0.3656537321809181,0.3672327582544494,0.034596360751454586
HP1557,683cbc0c0c2d722831c8bc17|kw|0,683cbc0c0c2d722831c8bc17,kw,0,10.0,12,0,No clear justification,0.3456277793564649,0.4374837544535208,0.16901613612027594,0.04787233006973837
HP1558,5e3b759740e302397f294a2d|lt|0,5e3b759740e302397f294a2d,lt,0,8.0,12,1,Moral,0.3456277793564653,0.4374837544535197,0.16901613612027663,0.047872330069738435
HP1559,65396dfcb651ad024da200d6|lt|0,65396dfcb651ad024da200d6,lt,0,6.0,12,3,Self-interest,0.23251714881317773,0.3656537321809181,0.3672327582544494,0.034596360751454586
HP1560,65e7ca51f9482482909fd1ff|lt|0,65e7ca51f9482482909fd1ff,lt,0,7.0,12,3,Self-interest,0.1942958211554197,0.1813775478931521,0.5961680851718714,0.028158545779556825
HP1561,5baac103748f990001a1101e|kw|0,5baac103748f990001a1101e,kw,0,12.0,12,3,Self-interest,0.32264039847114956,0.23427309746967054,0.40061502157741974,0.04247148248176006
HP1562,5f836c9938d2da4fb75631ef|kw|0,5f836c9938d2da4fb75631ef,kw,0,8.0,12,1,Moral,0.22010966959486233,0.6167916048211656,0.1282324851498091,0.034866240434163
HP1563,615b76e05c1c5a26e46f1b3e|kw|0,615b76e05c1c5a26e46f1b3e,kw,0,6.0,12,3,Self-interest,0.25595385467441073,0.10153059522356363,0.6093104582087867,0.03320509189323909
HP1564,5ceae0b53060280001a063a0|kw|0,5ceae0b53060280001a063a0,kw,0,6.0,12,1,Moral,0.23251714881317773,0.36565373218091846,0.3672327582544494,0.034596360751454586
HP1565,66660d297864801db6a10af4|lt|0,66660d297864801db6a10af4,lt,0,7.0,12,3,Self-interest,0.23251714881317773,0.3656537321809181,0.3672327582544494,0.034596360751454586
HP1566,662f0e1c35799d2e6f03c756|kw|0,662f0e1c35799d2e6f03c756,kw,0,8.0,12,3,Self-interest,0.23251714881317773,0.3656537321809181,0.3672327582544494,0.034596360751454586
HP1567,6002037f1bca771c256ac8ac|lt|0,6002037f1bca771c256ac8ac,lt,0,12.0,12,3,Self-interest,0.4656012558037631,0.060838576522073834,0.4233503059561537,0.050209861718009396
HP1568,662948ed99960b11f2f8e3fe|lt|0,662948ed99960b11f2f8e3fe,lt,0,6.0,12,1,Moral,0.22010966959486233,0.6167916048211656,0.1282324851498091,0.034866240434163
HP1569,5ad3ca7b459c350001137f64|lt|0,5ad3ca7b459c350001137f64,lt,0,9.0,12,0,No clear justification,0.6376049573656807,0.07635988285421533,0.22194300705032713,0.06409215272977689
HP1570,66ede5bbe36caed7269bd7e2|lt|0,66ede5bbe36caed7269bd7e2,lt,0,8.0,12,2,Mutual Benefit / Cooperation,0.3879142970549455,0.280880033959448,0.17836906662510774,0.15283660236049876
HP1571,652fbe161a35986b7fbfc940|kw|0,652fbe161a35986b7fbfc940,kw,0,10.0,12,3,Self-interest,0.23251714881317773,0.3656537321809181,0.3672327582544494,0.034596360751454586
HP1572,6772ea24ce9c71ea7bc07b6b|kw|0,6772ea24ce9c71ea7bc07b6b,kw,0,6.0,12,1,Moral,0.22010966959486233,0.6167916048211656,0.1282324851498091,0.034866240434163
HP1573,5f8e2a9201810e1f2b9f63a2|kw|0,5f8e2a9201810e1f2b9f63a2,kw,0,6.0,12,3,Self-interest,0.23251714881317773,0.3656537321809181,0.3672327582544494,0.034596360751454586
HP1574,6612fd1462232a5cbec549e3|kw|0,6612fd1462232a5cbec549e3,kw,0,6.0,12,0,No clear justification,0.6376049573656807,0.07635988285421533,0.22194300705032713,0.06409215272977689
HP1575,5c9527e29e4f7400011e1571|kw|0,5c9527e29e4f7400011e1571,kw,0,6.0,12,3,Self-interest,0.32264039847114956,0.23427309746967054,0.40061502157741974,0.04247148248176006
HP1576,56a68bb49ce1c0000df89344|kw|0,56a68bb49ce1c0000df89344,kw,0,12.0,12,3,Self-interest,0.1942958211554197,0.1813775478931521,0.5961680851718714,0.028158545779556825
HP1577,628eabb243fb4a73e29d9385|kw|0,628eabb243fb4a73e29d9385,kw,0,12.0,12,3,Self-interest,0.23251714881317773,0.3656537321809181,0.3672327582544494,0.034596360751454586
HP1578,5c3f86e236052e00016ba692|kw|0,5c3f86e236052e00016ba692,kw,0,6.0,12,3,Self-interest,0.1942958211554197,0.1813775478931521,0.5961680851718714,0.028158545779556825
HP1579,6742677ecc26fc2d7868aa9b|kw|0,6742677ecc26fc2d7868aa9b,kw,0,8.0,12,3,Self-interest,0.1942958211554197,0.1813775478931521,0.5961680851718714,0.028158545779556825
HP1580,66047cf334cba5fe8be31eeb|kw|0,66047cf334cba5fe8be31eeb,kw,0,12.0,12,3,Self-interest,0.1942958211554197,0.1813775478931521,0.5961680851718714,0.028158545779556825
HP1581,6238dfab577ecd4adb97a917|lt|0,6238dfab577ecd4adb97a917,lt,0,6.0,12,3,Self-interest,0.402664474007255,0.13285420347944024,0.4170078720422523,0.04747345047105236
HP1582,6659ed61566ce6a7ff2d5989|kw|0,6659ed61566ce6a7ff2d5989,kw,0,6.0,12,3,Self-interest,0.32264039847114956,0.23427309746967054,0.40061502157741974,0.04247148248176006
HP1583,6148a744a4927f58c507b905|kw|0,6148a744a4927f58c507b905,kw,0,6.0,12,3,Self-interest,0.1942958211554197,0.1813775478931521,0.5961680851718714,0.028158545779556825
HP1584,67c4d6db7736e277b8582936|kw|0,67c4d6db7736e277b8582936,kw,0,8.0,12,3,Self-interest,0.26606430115584073,0.12423237874757379,0.3706648472156473,0.2390384728809382
HP1585,62cd6e8d0e466d05a4ca5dc4|lt|0,62cd6e8d0e466d05a4ca5dc4,lt,0,6.0,12,3,Self-interest,0.23251714881317773,0.3656537321809181,0.3672327582544494,0.034596360751454586
HP1586,674390af4c502222ee320e0d|kw|0,674390af4c502222ee320e0d,kw,0,7.0,12,3,Self-interest,0.23251714881317773,0.3656537321809181,0.3672327582544494,0.034596360751454586
HP1587,63d7eca29f0291aff53b003e|lt|0,63d7eca29f0291aff53b003e,lt,0,8.0,12,3,Self-interest,0.4656012558037631,0.060838576522073834,0.4233503059561537,0.050209861718009396
HP1588,5c2d187569ceff00011417de|lt|0,5c2d187569ceff00011417de,lt,0,12.0,12,3,Self-interest,0.32264039847114956,0.23427309746967054,0.40061502157741974,0.04247148248176006
HP1589,5d5b4f93a90c5600016ef485|lt|0,5d5b4f93a90c5600016ef485,lt,0,8.0,12,0,No clear justification,0.3456277793564649,0.4374837544535208,0.16901613612027594,0.04787233006973837
HP1590,645530b386664621fd98a8fc|lt|0,645530b386664621fd98a8fc,lt,0,6.0,12,3,Self-interest,0.1942958211554197,0.1813775478931521,0.5961680851718714,0.028158545779556825
HP1591,5c0586b43199f4000153f133|lt|0,5c0586b43199f4000153f133,lt,0,6.0,12,3,Self-interest,0.34315270764656686,0.13018935964505737,0.39999722922260417,0.12666070348577163
HP1592,5e13859753e8469d270982c0|lt|0,5e13859753e8469d270982c0,lt,0,6.0,12,3,Self-interest,0.32264039847114956,0.23427309746967054,0.40061502157741974,0.04247148248176006
HP1593,6020329e88ba9160b200b96b|kw|0,6020329e88ba9160b200b96b,kw,0,12.0,12,0,No clear justification,0.3456277793564649,0.4374837544535208,0.16901613612027594,0.04787233006973837
HP1594,66706191120230e6a89ddd0e|kw|0,66706191120230e6a89ddd0e,kw,0,12.0,12,3,Self-interest,0.23251714881317773,0.3656537321809181,0.3672327582544494,0.034596360751454586
HP1595,612d3e13048ec2b299126be6|kw|0,612d3e13048ec2b299126be6,kw,0,6.0,12,1,Moral,0.3456277793564653,0.4374837544535197,0.16901613612027663,0.047872330069738435
HP1596,5ccf87bfb46c7000010d8428|kw|0,5ccf87bfb46c7000010d8428,kw,0,12.0,12,3,Self-interest,0.23251714881317773,0.3656537321809181,0.3672327582544494,0.034596360751454586
HP1597,5a8b1ee2000dab00018cc7cd|kw|0,5a8b1ee2000dab00018cc7cd,kw,0,9.0,12,3,Self-interest,0.23251714881317773,0.3656537321809181,0.3672327582544494,0.034596360751454586
HP1598,5ed929186e439f4729693f32|kw|0,5ed929186e439f4729693f32,kw,0,6.0,12,1,Moral,0.3456277793564653,0.4374837544535197,0.16901613612027663,0.047872330069738435
HP1599,66edc72a30ec9b38153f1b50|kw|0,66edc72a30ec9b38153f1b50,kw,0,6.0,12,3,Self-interest,0.4026644740072552,0.13285420347944024,0.4170078720422523,0.04747345047105238
HP1600,651c4484ba17050f6b716614|kw|0,651c4484ba17050f6b716614,kw,0,6.0,12,3,Self-interest,0.23251714881317773,0.3656537321809181,0.3672327582544494,0.034596360751454586
HP1601,6148a744a4927f58c507b905|lt|1,6148a744a4927f58c507b905,lt,1,8.0,4,0,No clear justification,0.2896032477114199,0.49293196878262985,0.15533328785454348,0.06213149565140682
HP1602,676cda38d41e0a0ffae1fa4a|lt|1,676cda38d41e0a0ffae1fa4a,lt,1,10.0,4,2,Mutual Benefit / Cooperation,0.3217143566882709,0.1254179026007705,0.1669812447610562,0.38588649594990243
HP1603,6695700163bdc868081f582c|lt|1,6695700163bdc868081f582c,lt,1,7.0,4,2,Mutual Benefit / Cooperation,0.19538758996206776,0.2392944373580499,0.04443898883201118,0.5208789838478711
HP1604,5ea7f2a576434f0008303441|lt|1,5ea7f2a576434f0008303441,lt,1,11.0,4,2,Mutual Benefit / Cooperation,0.29549930410221653,0.2800402611804147,0.058455119649016174,0.36600531506835243
HP1605,5edf3a73f4a50b1de157ff46|lt|1,5edf3a73f4a50b1de157ff46,lt,1,8.0,4,1,Moral,0.1769661927989961,0.6386753705475877,0.04056629668802582,0.14379213996539023
HP1606,6650ecda2657647b60a302eb|lt|1,6650ecda2657647b60a302eb,lt,1,10.0,4,2,Mutual Benefit / Cooperation,0.3217143566882703,0.1254179026007711,0.1669812447610561,0.3858864959499025
HP1607,5fad44ce8b587c0008f18de1|lt|1,5fad44ce8b587c0008f18de1,lt,1,8.0,4,2,Mutual Benefit / Cooperation,0.3908231886068378,0.13830044860556595,0.07045201150443106,0.4004243512831652
HP1608,578bb26f6cc44500010448c8|lt|1,578bb26f6cc44500010448c8,lt,1,10.5,4,1,Moral,0.3545483905333951,0.5099070150392688,0.06490307675004137,0.0706415176772946
HP1609,665ac7e640ab88f807fbb0c6|lt|1,665ac7e640ab88f807fbb0c6,lt,1,10.5,4,2,Mutual Benefit / Cooperation,0.4356158609361705,0.14747091953341482,0.19139677583359305,0.22551644369682175
HP1610,66a8eda4f49a5a822db402ef|lt|1,66a8eda4f49a5a822db402ef,lt,1,8.0,4,1,Moral,0.21053089707039016,0.4606974304148187,0.2790446668766247,0.04972700563816659
HP1611,673e0f21862638c66615b402|lt|1,673e0f21862638c66615b402,lt,1,8.0,4,2,Mutual Benefit / Cooperation,0.1990880960884101,0.4360729374521582,0.04453036143014435,0.32030860502928743
HP1612,55a47692fdf99b126e625257|lt|1,55a47692fdf99b126e625257,lt,1,12.0,4,3,Self-interest,0.5333839043039695,0.16337465739306584,0.20949721966058663,0.093744218642378
HP1613,6776856f2c66987268831c12|lt|1,6776856f2c66987268831c12,lt,1,6.5,4,0,No clear justification,0.4356158609361705,0.14747091953341482,0.19139677583359305,0.22551644369682175
HP1614,5bf1c9d332cb3b0001f6f1c3|lt|1,5bf1c9d332cb3b0001f6f1c3,lt,1,10.0,4,0,No clear justification,0.5175901320714034,0.1600332870823536,0.08387543312945,0.238501147716793
HP1615,5f25681567da711e51c043ab|lt|1,5f25681567da711e51c043ab,lt,1,9.0,4,2,Mutual Benefit / Cooperation,0.2826392916409656,0.4797306886021934,0.05613954804253062,0.1814904717143104
HP1616,5f05ef4bd552bc0009e5566c|lt|1,5f05ef4bd552bc0009e5566c,lt,1,9.0,4,0,No clear justification,0.4942126599061985,0.3366337176340137,0.08081885289596451,0.08833476956382329
HP1617,677536fb35bfe170ef2d8f1e|lt|1,677536fb35bfe170ef2d8f1e,lt,1,10.5,4,3,Self-interest,0.5333839043039695,0.16337465739306584,0.20949721966058663,0.093744218642378
HP1618,6763dc05af46629317e23da3|lt|1,6763dc05af46629317e23da3,lt,1,10.0,4,0,No clear justification,0.4942126599061985,0.3366337176340137,0.08081885289596451,0.08833476956382329
HP1619,676fac42c5d67b8d23097ec2|lt|1,676fac42c5d67b8d23097ec2,lt,1,12.0,4,1,Moral,0.22932499440471193,0.46292294542988777,0.13946186429595867,0.16829019586944155
HP1620,60dc63cf94238618c443b2d9|lt|1,60dc63cf94238618c443b2d9,lt,1,9.0,4,0,No clear justification,0.5333839043039695,0.16337465739306584,0.20949721966058663,0.093744218642378
HP1621,676766f61c9f4c0f0bdee598|lt|1,676766f61c9f4c0f0bdee598,lt,1,12.0,4,0,No clear justification,0.6269897120501802,0.1760166965538242,0.09427636263188557,0.10271722876411007
HP1622,5d4bf8571348c800174c6ecb|lt|1,5d4bf8571348c800174c6ecb,lt,1,11.0,4,1,Moral,0.19538758996206776,0.23929443735804984,0.04443898883201118,0.5208789838478711
HP1623,5c2d0d21e263990001799ef3|lt|1,5c2d0d21e263990001799ef3,lt,1,6.0,4,3,Self-interest,0.21053089707039024,0.4606974304148182,0.2790446668766248,0.049727005638166566
HP1624,60170c02d3a5ad927c5ccb77|lt|1,60170c02d3a5ad927c5ccb77,lt,1,10.0,4,0,No clear justification,0.6269897120501802,0.1760166965538242,0.09427636263188557,0.10271722876411007
HP1625,6773d37facb21b017a209893|lt|1,6773d37facb21b017a209893,lt,1,8.0,4,3,Self-interest,0.178218964421885,0.6569749647031637,0.12158862973322467,0.04321744114172665
HP1626,5d3f7902e945e000191de6e4|lt|1,5d3f7902e945e000191de6e4,lt,1,10.0,4,0,No clear justification,0.6269897120501802,0.1760166965538242,0.09427636263188557,0.10271722876411007
HP1627,5eaeeae9cde8075d1f14c369|lt|1,5eaeeae9cde8075d1f14c369,lt,1,12.0,4,0,No clear justification,0.4356158609361705,0.14747091953341482,0.19139677583359305,0.22551644369682175
HP1628,5a28bf2b8766a40001900b24|lt|1,5a28bf2b8766a40001900b24,lt,1,11.0,4,2,Mutual Benefit / Cooperation,0.2682062751481175,0.11227257931727744,0.05533722874893187,0.5641839167856731
HP1629,662613a0c132844f74a62143|lt|1,662613a0c132844f74a62143,lt,1,12.0,4,0,No clear justification,0.5175901320714036,0.16003328708235368,0.08387543312944978,0.2385011477167931
HP1630,65181d02b39c0df9f861bdf7|lt|1,65181d02b39c0df9f861bdf7,lt,1,9.0,4,2,Mutual Benefit / Cooperation,0.21364025474217208,0.09903511658406139,0.1383104011613069,0.5490142275124597
HP1631,672539aa74aa5a08ab440626|lt|1,672539aa74aa5a08ab440626,lt,1,11.5,4,1,Moral,0.3545483905333952,0.5099070150392689,0.0649030767500414,0.07064151767729464
HP1632,65dca5938d478475cf3fe47f|lt|1,65dca5938d478475cf3fe47f,lt,1,12.0,4,3,Self-interest,0.4356158609361705,0.14747091953341482,0.191396775833593,0.22551644369682175
HP1633,5c61c7c590c46f00016a3598|lt|1,5c61c7c590c46f00016a3598,lt,1,8.0,4,0,No clear justification,0.4942126599061985,0.3366337176340137,0.08081885289596451,0.08833476956382329
HP1634,59b73df56039190001eaa9e7|lt|1,59b73df56039190001eaa9e7,lt,1,10.0,4,1,Moral,0.22706200840793078,0.6737172189443169,0.04796413598603306,0.05125663666171926
HP1635,5d403b7d4e509a0019f664f0|lt|1,5d403b7d4e509a0019f664f0,lt,1,5.5,4,0,No clear justification,0.5175901320714036,0.16003328708235368,0.08387543312944978,0.2385011477167931
HP1636,5d59cb467ca41f0001e97e1f|lt|1,5d59cb467ca41f0001e97e1f,lt,1,9.0,4,1,Moral,0.2826392916409656,0.47973068860219364,0.05613954804253072,0.18149047171430996
HP1637,67ace3fc5892a4d45463156b|lt|1,67ace3fc5892a4d45463156b,lt,1,12.0,4,0,No clear justification,0.5333839043039695,0.16337465739306584,0.20949721966058663,0.093744218642378
HP1638,6656119c51d601a4abe8d5e9|lt|1,6656119c51d601a4abe8d5e9,lt,1,12.0,4,0,No clear justification,0.6269897120501802,0.1760166965538242,0.09427636263188557,0.10271722876411007
HP1639,631a030ace0fd33c62501d10|lt|1,631a030ace0fd33c62501d10,lt,1,9.0,4,3,Self-interest,0.3344280201350414,0.12847461340551578,0.33328562936111067,0.20381173709833206
HP1640,67d1926649cf8a4fd2b27d37|lt|1,67d1926649cf8a4fd2b27d37,lt,1,12.0,4,2,Mutual Benefit / Cooperation,0.3217143566882709,0.1254179026007705,0.1669812447610562,0.38588649594990243
HP1641,5975b75a2356570001085d0c|lt|1,5975b75a2356570001085d0c,lt,1,9.0,4,2,Mutual Benefit / Cooperation,0.22932499440471193,0.46292294542988766,0.13946186429595875,0.1682901958694416
HP1642,672d2977ae54935ef84a2b74|lt|1,672d2977ae54935ef84a2b74,lt,1,11.0,4,1,Moral,0.21053089707039016,0.4606974304148187,0.2790446668766247,0.04972700563816659
HP1643,60cb9d680909d3c4756c8a10|lt|1,60cb9d680909d3c4756c8a10,lt,1,10.0,4,0,No clear justification,0.6269897120501802,0.1760166965538242,0.09427636263188557,0.10271722876411007
HP1644,67722aa65639cba87301c81c|lt|1,67722aa65639cba87301c81c,lt,1,8.5,4,1,Moral,0.3545483905333951,0.5099070150392688,0.06490307675004137,0.0706415176772946
HP1645,683cbc0c0c2d722831c8bc17|lt|1,683cbc0c0c2d722831c8bc17,lt,1,12.0,4,2,Mutual Benefit / Cooperation,0.19908809608840994,0.4360729374521583,0.04453036143014455,0.32030860502928715
HP1646,67add383589c14add2318b76|lt|1,67add383589c14add2318b76,lt,1,6.0,4,0,No clear justification,0.6269897120501802,0.1760166965538242,0.09427636263188557,0.10271722876411007
HP1647,67769241493edf11292d6766|lt|1,67769241493edf11292d6766,lt,1,9.0,4,0,No clear justification,0.6269897120501802,0.1760166965538242,0.09427636263188557,0.10271722876411007
HP1648,6701db7d27bdd24afded38f2|lt|1,6701db7d27bdd24afded38f2,lt,1,8.0,4,0,No clear justification,0.4356158609361705,0.14747091953341482,0.19139677583359305,0.22551644369682175
HP1649,5ff96b0f4c41e2257cad88a9|lt|1,5ff96b0f4c41e2257cad88a9,lt,1,10.0,4,1,Moral,0.22706200840793134,0.673717218944316,0.047964135986033295,0.05125663666171937
HP1650,666450bcded6c84b0806511a|lt|1,666450bcded6c84b0806511a,lt,1,9.5,4,0,No clear justification,0.4942126599061985,0.3366337176340137,0.08081885289596451,0.08833476956382329
HP1651,60a2c2ea04fc6b2de2f14da9|lt|1,60a2c2ea04fc6b2de2f14da9,lt,1,12.0,4,0,No clear justification,0.4144358618737671,0.3205303787295428,0.18540049528189295,0.07963326411479715
HP1652,5e7a6846f0f631000a4e2b9d|lt|1,5e7a6846f0f631000a4e2b9d,lt,1,10.0,4,2,Mutual Benefit / Cooperation,0.19538758996206776,0.2392944373580499,0.04443898883201118,0.5208789838478711
HP1653,6670cffc0b0b33d080d23092|lt|1,6670cffc0b0b33d080d23092,lt,1,12.0,4,2,Mutual Benefit / Cooperation,0.3908231886068378,0.13830044860556595,0.07045201150443106,0.4004243512831652
HP1654,5cdfb5e4b5dcb500011d0d07|lt|1,5cdfb5e4b5dcb500011d0d07,lt,1,12.0,4,0,No clear justification,0.6269897120501802,0.1760166965538242,0.09427636263188557,0.10271722876411007
HP1655,60fcc9bd0941136df8103299|lt|1,60fcc9bd0941136df8103299,lt,1,10.0,4,0,No clear justification,0.5175901320714036,0.16003328708235368,0.08387543312944978,0.2385011477167931
HP1656,5fb4f7b816ba5b1868ac6bd2|lt|1,5fb4f7b816ba5b1868ac6bd2,lt,1,12.0,4,2,Mutual Benefit / Cooperation,0.2682062751481175,0.11227257931727744,0.05533722874893187,0.5641839167856731
HP1657,673928131ab7d604bcf2c23a|lt|1,673928131ab7d604bcf2c23a,lt,1,12.0,4,0,No clear justification,0.6269897120501802,0.1760166965538242,0.09427636263188557,0.10271722876411007
HP1658,5f512e03b3a4953287604eed|lt|1,5f512e03b3a4953287604eed,lt,1,10.0,4,0,No clear justification,0.2826392916409656,0.4797306886021934,0.05613954804253062,0.1814904717143104
HP1659,6286737e656f5b75009aae55|lt|1,6286737e656f5b75009aae55,lt,1,8.0,4,0,No clear justification,0.4021056495329309,0.31309927040923635,0.07109962709695443,0.21369545296087827
HP1660,67375e9176409bd468c25d2d|lt|1,67375e9176409bd468c25d2d,lt,1,10.0,4,0,No clear justification,0.6269897120501802,0.1760166965538242,0.09427636263188557,0.10271722876411007
HP1661,66d045a6b838b2a1ff99653a|lt|1,66d045a6b838b2a1ff99653a,lt,1,10.0,4,1,Moral,0.3545483905333951,0.5099070150392688,0.06490307675004137,0.0706415176772946
HP1662,5af3c4e197a14300017d3f49|lt|1,5af3c4e197a14300017d3f49,lt,1,10.5,4,0,No clear justification,0.3339529507097078,0.29699779754433986,0.16815409990166905,0.20089515184428328
HP1663,5ceae0b53060280001a063a0|lt|1,5ceae0b53060280001a063a0,lt,1,7.0,4,1,Moral,0.1237850609358009,0.8131065313219651,0.031151559604184552,0.03195684813804926
HP1664,616ad0257b1caa4a86077d01|lt|1,616ad0257b1caa4a86077d01,lt,1,9.0,4,0,No clear justification,0.2682062751481181,0.11227257931727753,0.05533722874893197,0.5641839167856723
HP1665,6102d892986a0f83785e2470|lt|1,6102d892986a0f83785e2470,lt,1,8.0,4,1,Moral,0.41443586187376713,0.32053037872954265,0.18540049528189295,0.07963326411479715
HP1666,5de81d685a8f94795b893d45|lt|1,5de81d685a8f94795b893d45,lt,1,9.0,4,2,Mutual Benefit / Cooperation,0.3344280201350414,0.12847461340551578,0.3332856293611106,0.2038117370983321
HP1667,664b530d4cf8b88b68548a11|lt|1,664b530d4cf8b88b68548a11,lt,1,12.0,4,2,Mutual Benefit / Cooperation,0.19538758996206768,0.23929443735804873,0.04443898883201116,0.5208789838478726
HP1668,659c01027a942e6d4d2bd6a4|lt|1,659c01027a942e6d4d2bd6a4,lt,1,10.0,4,1,Moral,0.1782189644218849,0.6569749647031639,0.12158862973322467,0.043217441141726626
HP1669,5f147c831589684ed6fd4cb8|lt|1,5f147c831589684ed6fd4cb8,lt,1,6.0,4,3,Self-interest,0.3154961432418863,0.2933656054130882,0.32443196369220856,0.06670628765281715
HP1670,6095ed23bec8c0d7681c5d28|lt|1,6095ed23bec8c0d7681c5d28,lt,1,12.0,4,0,No clear justification,0.2896032477114199,0.49293196878262985,0.15533328785454348,0.06213149565140682
HP1671,5c8fa44e045ff10012b60821|lt|1,5c8fa44e045ff10012b60821,lt,1,12.0,4,0,No clear justification,0.49421265990619834,0.3366337176340139,0.08081885289596454,0.08833476956382325
HP1672,67d89d92eb4323537c13b656|lt|1,67d89d92eb4323537c13b656,lt,1,9.0,4,1,Moral,0.2826392916409656,0.47973068860219364,0.05613954804253072,0.18149047171430996
HP1673,676ab6e8d3d98bb7f5865d13|lt|1,676ab6e8d3d98bb7f5865d13,lt,1,10.0,4,0,No clear justification,0.5333839043039695,0.16337465739306584,0.20949721966058663,0.093744218642378
HP1674,5cbd8e0cb7cea800156a9d31|lt|1,5cbd8e0cb7cea800156a9d31,lt,1,12.0,4,0,No clear justification,0.49421265990619834,0.3366337176340139,0.08081885289596454,0.08833476956382325
HP1675,596de39c9fd5ee0001b704c3|lt|1,596de39c9fd5ee0001b704c3,lt,1,12.0,4,2,Mutual Benefit / Cooperation,0.19538758996206776,0.2392944373580499,0.04443898883201118,0.5208789838478711
HP1676,62fe13bf9032439ae4505fc0|lt|1,62fe13bf9032439ae4505fc0,lt,1,12.0,4,3,Self-interest,0.3344280201350416,0.12847461340551605,0.33328562936111017,0.20381173709833206
HP1677,62e301547b1843587f6b0827|lt|1,62e301547b1843587f6b0827,lt,1,10.0,4,0,No clear justification,0.4144358618737673,0.3205303787295426,0.18540049528189295,0.0796332641147972
HP1678,66047d18ebfced908bcde49d|lt|1,66047d18ebfced908bcde49d,lt,1,11.0,4,3,Self-interest,0.3344280201350414,0.128474613405516,0.3332856293611102,0.20381173709833234
HP1679,664413a1fae91cf971a208f7|lt|1,664413a1fae91cf971a208f7,lt,1,12.0,4,0,No clear justification,0.6269897120501802,0.1760166965538242,0.09427636263188557,0.10271722876411007
HP1680,666344916bdba2e2c980dcd0|lt|1,666344916bdba2e2c980dcd0,lt,1,6.0,4,3,Self-interest,0.3154961432418863,0.2933656054130882,0.32443196369220856,0.06670628765281715
HP1681,691dfb0644251a1bff8b8fc0|lt|1,691dfb0644251a1bff8b8fc0,lt,1,12.0,4,0,No clear justification,0.5175901320714036,0.16003328708235368,0.08387543312944978,0.2385011477167931
HP1682,5ba9875fc16a9c000149a54e|lt|1,5ba9875fc16a9c000149a54e,lt,1,12.0,4,0,No clear justification,0.40210564953293104,0.31309927040923635,0.07109962709695446,0.21369545296087808
HP1683,691f7251736800a19a923c4d|lt|1,691f7251736800a19a923c4d,lt,1,6.0,4,3,Self-interest,0.21283783047922897,0.25374342986113624,0.48307353125974123,0.05034520839989365
HP1684,5dfedfbb557425b599c8c523|lt|1,5dfedfbb557425b599c8c523,lt,1,8.0,4,0,No clear justification,0.5333839043039695,0.16337465739306584,0.20949721966058663,0.093744218642378
HP1685,5c1ae3a0b39cf30001b5b03a|lt|1,5c1ae3a0b39cf30001b5b03a,lt,1,10.0,4,0,No clear justification,0.6269897120501802,0.1760166965538242,0.09427636263188557,0.10271722876411007
HP1686,674cb1e5dd135ab435dece3f|lt|1,674cb1e5dd135ab435dece3f,lt,1,12.0,4,2,Mutual Benefit / Cooperation,0.33395295070970776,0.29699779754433986,0.168154099901669,0.2008951518442833
HP1687,67c0ee3c27278be601aa384d|lt|1,67c0ee3c27278be601aa384d,lt,1,12.0,4,2,Mutual Benefit / Cooperation,0.24035227057877234,0.26307301699145974,0.144642408572185,0.35193230385758295
HP1688,5c65739723f6300001380c2c|lt|1,5c65739723f6300001380c2c,lt,1,8.0,4,0,No clear justification,0.6269897120501802,0.1760166965538242,0.09427636263188557,0.10271722876411007
HP1689,6554d04c73158a94d70192dd|lt|1,6554d04c73158a94d70192dd,lt,1,9.0,4,3,Self-interest,0.29223770789326464,0.11855541659880493,0.5260074708807672,0.06319940462716314
HP1690,661124ea6eb49e5f25077328|lt|1,661124ea6eb49e5f25077328,lt,1,11.0,4,0,No clear justification,0.6269897120501802,0.1760166965538242,0.09427636263188557,0.10271722876411007
HP1691,5ceac2dd06aa230001363420|lt|1,5ceac2dd06aa230001363420,lt,1,8.5,4,0,No clear justification,0.6269897120501802,0.1760166965538242,0.09427636263188557,0.10271722876411007
HP1692,6648c20d6429196c77d342d9|lt|1,6648c20d6429196c77d342d9,lt,1,10.0,4,3,Self-interest,0.29223770789326464,0.11855541659880493,0.5260074708807672,0.06319940462716314
HP1693,5b75532d2aef0d0001c22f5c|lt|1,5b75532d2aef0d0001c22f5c,lt,1,8.0,4,3,Self-interest,0.3344280201350414,0.128474613405516,0.3332856293611102,0.20381173709833234
HP1694,5e8753cc28aacd3abe3bc37a|lt|1,5e8753cc28aacd3abe3bc37a,lt,1,12.0,4,0,No clear justification,0.5175901320714036,0.16003328708235368,0.08387543312944978,0.2385011477167931
HP1695,5f0736cfad4f1e0c3c838655|lt|1,5f0736cfad4f1e0c3c838655,lt,1,9.5,4,0,No clear justification,0.6269897120501802,0.1760166965538242,0.09427636263188557,0.10271722876411007
HP1696,6315fdca8c4637cea9f114cf|lt|1,6315fdca8c4637cea9f114cf,lt,1,8.0,4,2,Mutual Benefit / Cooperation,0.24035227057877234,0.26307301699145974,0.144642408572185,0.35193230385758295
HP1697,67606c975d33dc79c280063e|lt|1,67606c975d33dc79c280063e,lt,1,12.0,4,2,Mutual Benefit / Cooperation,0.24035227057877234,0.26307301699145974,0.144642408572185,0.35193230385758295
HP1698,5b35824a975e260001e9b7a6|lt|1,5b35824a975e260001e9b7a6,lt,1,8.0,4,0,No clear justification,0.5333839043039695,0.16337465739306584,0.20949721966058663,0.093744218642378
HP1699,6659056212616c7213f702c5|lt|1,6659056212616c7213f702c5,lt,1,6.0,4,2,Mutual Benefit / Cooperation,0.3217143566882709,0.1254179026007705,0.1669812447610562,0.38588649594990243
HP1700,660452d6f4aa3a41d687885b|lt|1,660452d6f4aa3a41d687885b,lt,1,9.0,4,0,No clear justification,0.5333839043039695,0.16337465739306584,0.20949721966058663,0.093744218642378
HP1701,5c8808098d2bbf0017e4b527|lt|1,5c8808098d2bbf0017e4b527,lt,1,5.5,4,0,No clear justification,0.6269897120501802,0.1760166965538242,0.09427636263188557,0.10271722876411007
HP1702,5d853d4eecc7dc001850467f|lt|1,5d853d4eecc7dc001850467f,lt,1,9.0,4,2,Mutual Benefit / Cooperation,0.21364025474217208,0.09903511658406139,0.1383104011613069,0.5490142275124597
HP1703,576fc3462984e70001a97fc3|lt|1,576fc3462984e70001a97fc3,lt,1,8.0,4,1,Moral,0.1782189644218849,0.6569749647031639,0.12158862973322467,0.043217441141726626
HP1704,611ec117c0e26bf092778d95|lt|1,611ec117c0e26bf092778d95,lt,1,8.0,4,0,No clear justification,0.6269897120501802,0.1760166965538242,0.09427636263188557,0.10271722876411007
HP1705,63f8c03565ab09c02469ccd3|lt|1,63f8c03565ab09c02469ccd3,lt,1,10.0,4,0,No clear justification,0.6269897120501802,0.1760166965538242,0.09427636263188557,0.10271722876411007
HP1706,5d37ad921c16bb0015281337|lt|1,5d37ad921c16bb0015281337,lt,1,8.0,4,0,No clear justification,0.5175901320714036,0.16003328708235368,0.08387543312944978,0.2385011477167931
HP1707,5a01d6877542890001aa63ad|lt|1,5a01d6877542890001aa63ad,lt,1,8.0,4,0,No clear justification,0.40210564953293104,0.31309927040923635,0.07109962709695446,0.21369545296087808
HP1708,65f8caa8238a933fdf42f4c3|lt|1,65f8caa8238a933fdf42f4c3,lt,1,10.0,4,2,Mutual Benefit / Cooperation,0.3908231886068378,0.13830044860556595,0.07045201150443106,0.4004243512831652
HP1709,62b058e8e1cfcf6b53124931|lt|1,62b058e8e1cfcf6b53124931,lt,1,12.0,4,3,Self-interest,0.41659900686496226,0.14418069964561311,0.3588126530085171,0.0804076404809074
HP1710,55a1321efdf99b6ec83c214e|lt|1,55a1321efdf99b6ec83c214e,lt,1,6.5,4,3,Self-interest,0.21053089707039024,0.4606974304148182,0.2790446668766248,0.049727005638166566
HP1711,63f0e61bbeb61d5ced623832|lt|1,63f0e61bbeb61d5ced623832,lt,1,11.0,4,0,No clear justification,0.6269897120501802,0.1760166965538242,0.09427636263188557,0.10271722876411007
HP1712,61f2abdca09e72f23cbaf4c4|lt|1,61f2abdca09e72f23cbaf4c4,lt,1,8.0,4,3,Self-interest,0.3344280201350414,0.12847461340551578,0.33328562936111067,0.20381173709833206
HP1713,662ac5849e0f931cc08e32b7|lt|1,662ac5849e0f931cc08e32b7,lt,1,10.5,4,0,No clear justification,0.5175901320714036,0.16003328708235368,0.08387543312944978,0.2385011477167931
HP1714,63bd81465a7246c0da98e4bd|lt|1,63bd81465a7246c0da98e4bd,lt,1,9.0,4,3,Self-interest,0.2506402853658988,0.2700408282808714,0.29997266821542706,0.17934621813780266
HP1715,610bff0262daf619c12a7cec|lt|1,610bff0262daf619c12a7cec,lt,1,9.0,4,3,Self-interest,0.41659900686496226,0.14418069964561311,0.3588126530085171,0.0804076404809074
HP1716,66e9b926c782e4f47a05ec7c|lt|1,66e9b926c782e4f47a05ec7c,lt,1,9.0,4,1,Moral,0.1237850609358009,0.8131065313219651,0.031151559604184552,0.03195684813804926
HP1717,66452f8e6f5cff92c469b400|lt|1,66452f8e6f5cff92c469b400,lt,1,12.0,4,0,No clear justification,0.5175901320714036,0.16003328708235368,0.08387543312944978,0.2385011477167931
HP1718,664a375e07e464189e4b25f4|lt|1,664a375e07e464189e4b25f4,lt,1,12.0,4,2,Mutual Benefit / Cooperation,0.16205840821175907,0.08278385413606335,0.039320128130979515,0.715837609521198
HP1719,60369ae814f750ef3d063c3e|lt|1,60369ae814f750ef3d063c3e,lt,1,12.0,4,2,Mutual Benefit / Cooperation,0.2954993041022166,0.28004026118041475,0.0584551196490162,0.36600531506835254
HP1720,66f480695684a9ff1f525bf8|lt|1,66f480695684a9ff1f525bf8,lt,1,11.5,4,0,No clear justification,0.5175901320714036,0.16003328708235368,0.08387543312944978,0.2385011477167931
HP1721,5e1465b599b282a6feec000b|lt|1,5e1465b599b282a6feec000b,lt,1,12.0,4,1,Moral,0.17821896442188515,0.6569749647031636,0.12158862973322472,0.04321744114172668
HP1722,5eeb621a7c83c62d2473afb1|lt|1,5eeb621a7c83c62d2473afb1,lt,1,9.0,4,3,Self-interest,0.31549614324188646,0.29336560541308826,0.3244319636922081,0.06670628765281718
HP1723,5c9034a2eedbd9001573ca14|lt|1,5c9034a2eedbd9001573ca14,lt,1,10.0,4,1,Moral,0.19538758996206776,0.23929443735804984,0.04443898883201118,0.5208789838478711
HP1724,63ea42db4a818f990ef95828|lt|1,63ea42db4a818f990ef95828,lt,1,10.0,4,3,Self-interest,0.22945053514428052,0.1034998757288157,0.4943965085114173,0.17265308061548645
HP1725,6760549abba4d747ab270c17|lt|1,6760549abba4d747ab270c17,lt,1,6.0,4,0,No clear justification,0.5333839043039695,0.16337465739306584,0.20949721966058663,0.093744218642378
HP1726,5727d93522e522000e7a0a3c|lt|1,5727d93522e522000e7a0a3c,lt,1,10.0,4,2,Mutual Benefit / Cooperation,0.24035227057877234,0.26307301699145974,0.144642408572185,0.35193230385758295
HP1727,65de2dd9077f463fedd79272|lt|1,65de2dd9077f463fedd79272,lt,1,10.5,4,0,No clear justification,0.6269897120501802,0.1760166965538242,0.09427636263188557,0.10271722876411007
HP1728,57e028b7ccd0230001fc2462|lt|1,57e028b7ccd0230001fc2462,lt,1,9.0,4,1,Moral,0.49421265990619845,0.3366337176340137,0.08081885289596458,0.08833476956382325
HP1729,57ff671cb80310000163ef44|lt|1,57ff671cb80310000163ef44,lt,1,12.0,4,0,No clear justification,0.5175901320714036,0.16003328708235368,0.08387543312944978,0.2385011477167931
HP1730,655f8e46111e1df6951e1ede|lt|1,655f8e46111e1df6951e1ede,lt,1,12.0,4,2,Mutual Benefit / Cooperation,0.3339529507097078,0.2969977975443399,0.16815409990166905,0.20089515184428322
HP1731,59bb9e3a178f1b0001828b12|lt|1,59bb9e3a178f1b0001828b12,lt,1,9.0,4,2,Mutual Benefit / Cooperation,0.2682062751481175,0.11227257931727744,0.05533722874893187,0.5641839167856731
HP1732,66bcad01dafba28daa9de5f5|lt|1,66bcad01dafba28daa9de5f5,lt,1,10.0,4,0,No clear justification,0.6269897120501802,0.1760166965538242,0.09427636263188557,0.10271722876411007
HP1733,6661c9ae13d2c1b196d73a43|lt|1,6661c9ae13d2c1b196d73a43,lt,1,8.0,4,0,No clear justification,0.6269897120501802,0.1760166965538242,0.09427636263188557,0.10271722876411007
HP1734,57a36f499bd3d70001e5230e|lt|1,57a36f499bd3d70001e5230e,lt,1,9.0,4,1,Moral,0.22706200840793134,0.673717218944316,0.047964135986033295,0.05125663666171937
HP1735,677fe8f15da513719cd02875|lt|1,677fe8f15da513719cd02875,lt,1,12.0,4,1,Moral,0.17821896442188515,0.6569749647031636,0.12158862973322472,0.04321744114172668
HP1736,61659faa6b39511ab186acf1|lt|1,61659faa6b39511ab186acf1,lt,1,10.0,4,0,No clear justification,0.4942126599061985,0.3366337176340137,0.08081885289596451,0.08833476956382329
HP1737,66951e2884e437c69d8a2fe1|lt|1,66951e2884e437c69d8a2fe1,lt,1,8.0,4,2,Mutual Benefit / Cooperation,0.5175901320714033,0.16003328708235356,0.08387543312944992,0.23850114771679326
HP1738,655b67877536d232728dfa6c|lt|1,655b67877536d232728dfa6c,lt,1,8.0,4,2,Mutual Benefit / Cooperation,0.3217143566882709,0.1254179026007705,0.1669812447610562,0.38588649594990243
HP1739,5e94acdc3d1b5780b00d12ff|lt|1,5e94acdc3d1b5780b00d12ff,lt,1,8.0,4,2,Mutual Benefit / Cooperation,0.4356158609361705,0.14747091953341482,0.19139677583359305,0.22551644369682175
HP1740,5e63f5da8a25da181c011cad|lt|1,5e63f5da8a25da181c011cad,lt,1,9.0,4,0,No clear justification,0.5175901320714034,0.1600332870823536,0.08387543312945,0.238501147716793
HP1741,6760acee7b448e51215b1910|lt|1,6760acee7b448e51215b1910,lt,1,12.0,4,2,Mutual Benefit / Cooperation,0.4356158609361705,0.1474709195334148,0.19139677583359305,0.22551644369682172
HP1742,6392360efb6e254ffd31e722|lt|1,6392360efb6e254ffd31e722,lt,1,10.0,4,1,Moral,0.2826392916409655,0.47973068860219376,0.05613954804253062,0.18149047171431015
HP1743,66ec9f0832d1bc82239af5a1|lt|1,66ec9f0832d1bc82239af5a1,lt,1,12.0,4,0,No clear justification,0.5333839043039695,0.16337465739306584,0.20949721966058663,0.093744218642378
HP1744,60f8658bf9d1627d3bc87a3d|lt|1,60f8658bf9d1627d3bc87a3d,lt,1,12.0,4,0,No clear justification,0.6269897120501802,0.1760166965538242,0.09427636263188557,0.10271722876411007
HP1745,63bc41d60e8e60fdcb423208|lt|1,63bc41d60e8e60fdcb423208,lt,1,8.0,4,0,No clear justification,0.4356158609361701,0.14747091953341515,0.19139677583359305,0.22551644369682172
HP1746,5b52f4933234ab00014ca442|lt|1,5b52f4933234ab00014ca442,lt,1,6.0,4,1,Moral,0.1782189644218849,0.6569749647031639,0.12158862973322467,0.043217441141726626
HP1747,671a9506b90ee5e2d532c12d|lt|1,671a9506b90ee5e2d532c12d,lt,1,10.5,4,0,No clear justification,0.5175901320714036,0.16003328708235368,0.08387543312944978,0.2385011477167931
HP1748,5e8d96efe32229018dec69dd|lt|1,5e8d96efe32229018dec69dd,lt,1,8.0,4,0,No clear justification,0.4942126599061985,0.3366337176340137,0.08081885289596451,0.08833476956382329
HP1749,66d87a86976e6622bb873a30|lt|1,66d87a86976e6622bb873a30,lt,1,9.0,4,0,No clear justification,0.5175901320714036,0.16003328708235368,0.08387543312944978,0.2385011477167931
HP1750,5ed62b33b663bd01d5aaa248|lt|1,5ed62b33b663bd01d5aaa248,lt,1,10.0,4,0,No clear justification,0.4942126599061985,0.3366337176340137,0.08081885289596451,0.08833476956382329
HP1751,5c3cb9759883d4000141f800|lt|1,5c3cb9759883d4000141f800,lt,1,9.5,4,1,Moral,0.22932499440471163,0.46292294542988804,0.13946186429595875,0.16829019586944155
HP1752,60318abd5f6c24103dd02a1f|lt|1,60318abd5f6c24103dd02a1f,lt,1,6.0,4,0,No clear justification,0.5333839043039695,0.16337465739306584,0.20949721966058663,0.093744218642378
HP1753,5defac7e56b506000cdd3b32|lt|1,5defac7e56b506000cdd3b32,lt,1,10.5,4,2,Mutual Benefit / Cooperation,0.213640254742172,0.09903511658406147,0.13831040116130694,0.5490142275124597
HP1754,5d8998025e8a740001d6e2f1|lt|1,5d8998025e8a740001d6e2f1,lt,1,12.0,4,0,No clear justification,0.2682062751481181,0.11227257931727753,0.05533722874893197,0.5641839167856723
HP1755,6268f4810cd59e084565cfef|lt|1,6268f4810cd59e084565cfef,lt,1,10.0,4,1,Moral,0.2896032477114199,0.49293196878262985,0.15533328785454345,0.06213149565140682
HP1756,672da8c47dddf2de17d21700|lt|1,672da8c47dddf2de17d21700,lt,1,12.0,4,2,Mutual Benefit / Cooperation,0.29549930410221686,0.28004026118041475,0.05845511964901625,0.3660053150683523
HP1757,63b5eb0ec316229203f1ddae|lt|1,63b5eb0ec316229203f1ddae,lt,1,12.0,4,0,No clear justification,0.5175901320714036,0.16003328708235368,0.08387543312944978,0.2385011477167931
HP1758,5f562fc05e6f8a000965cbd5|lt|1,5f562fc05e6f8a000965cbd5,lt,1,12.0,4,0,No clear justification,0.3908231886068378,0.13830044860556595,0.07045201150443106,0.4004243512831652
HP1759,5f9feb9ec2db9f03550e62a9|lt|1,5f9feb9ec2db9f03550e62a9,lt,1,9.0,4,0,No clear justification,0.6269897120501802,0.1760166965538242,0.09427636263188557,0.10271722876411007
HP1760,596a3b32670f410001fe95d9|lt|1,596a3b32670f410001fe95d9,lt,1,12.0,4,1,Moral,0.49421265990619845,0.3366337176340137,0.08081885289596458,0.08833476956382325
HP1761,64403633e042e91beabe9645|lt|1,64403633e042e91beabe9645,lt,1,12.0,4,0,No clear justification,0.3344280201350414,0.12847461340551578,0.3332856293611106,0.2038117370983321
HP1762,66736ce8318acf5878cae8c6|lt|1,66736ce8318acf5878cae8c6,lt,1,11.0,4,0,No clear justification,0.6269897120501802,0.1760166965538242,0.09427636263188557,0.10271722876411007
HP1763,6047a75fb0f5940008f35cc5|lt|1,6047a75fb0f5940008f35cc5,lt,1,12.0,4,2,Mutual Benefit / Cooperation,0.21364025474217208,0.09903511658406139,0.1383104011613069,0.5490142275124597
HP1764,5f032c613963d04d69c9327b|lt|1,5f032c613963d04d69c9327b,lt,1,10.0,4,0,No clear justification,0.6269897120501802,0.1760166965538242,0.09427636263188557,0.10271722876411007
HP1765,5e3c4d1621c442033da7bcd8|lt|1,5e3c4d1621c442033da7bcd8,lt,1,7.0,4,0,No clear justification,0.4356158609361705,0.14747091953341482,0.19139677583359305,0.22551644369682175
HP1766,5da742be98c680001539f67f|lt|1,5da742be98c680001539f67f,lt,1,12.0,4,0,No clear justification,0.3545483905333951,0.5099070150392688,0.06490307675004137,0.0706415176772946
HP1767,67fbe9a435667f13b9bb1371|lt|1,67fbe9a435667f13b9bb1371,lt,1,10.5,4,3,Self-interest,0.4144358618737672,0.32053037872954276,0.18540049528189287,0.0796332641147972
HP1768,6755651ef09a9d6e99e56659|lt|1,6755651ef09a9d6e99e56659,lt,1,10.0,4,0,No clear justification,0.4356158609361705,0.14747091953341482,0.19139677583359305,0.22551644369682175
HP1769,6158593456f99ff86a8b4187|lt|1,6158593456f99ff86a8b4187,lt,1,8.0,4,0,No clear justification,0.5333839043039695,0.16337465739306584,0.20949721966058663,0.093744218642378
HP1770,68852bb3841485125559a020|lt|1,68852bb3841485125559a020,lt,1,10.0,4,0,No clear justification,0.28263929164096546,0.47973068860219387,0.05613954804253072,0.18149047171430988
HP1771,5ea95b611389ca0385877dcb|lt|1,5ea95b611389ca0385877dcb,lt,1,10.0,4,3,Self-interest,0.2922377078932648,0.11855541659880488,0.526007470880767,0.0631994046271632
HP1772,6727d409f712a40c69603853|lt|1,6727d409f712a40c69603853,lt,1,9.0,4,0,No clear justification,0.4942126599061985,0.3366337176340137,0.08081885289596451,0.08833476956382329
HP1773,668c893a3a9a1a960c28e9ad|lt|1,668c893a3a9a1a960c28e9ad,lt,1,12.0,4,2,Mutual Benefit / Cooperation,0.3908231886068378,0.13830044860556595,0.07045201150443106,0.4004243512831652
HP1774,67ebfee1b828dce41616f576|lt|1,67ebfee1b828dce41616f576,lt,1,8.0,4,1,Moral,0.40210564953293104,0.31309927040923635,0.07109962709695446,0.21369545296087816
HP1775,5e306c4316d4ec06c0287a80|lt|1,5e306c4316d4ec06c0287a80,lt,1,10.0,4,1,Moral,0.4144358618737673,0.3205303787295426,0.185400495281893,0.0796332641147972
HP1776,6061ea5fba199ba84a255ee5|lt|1,6061ea5fba199ba84a255ee5,lt,1,10.0,4,0,No clear justification,0.6269897120501802,0.1760166965538242,0.09427636263188557,0.10271722876411007
HP1777,5f6cdb4fc534270f82e4d8ca|lt|1,5f6cdb4fc534270f82e4d8ca,lt,1,8.0,4,2,Mutual Benefit / Cooperation,0.4356158609361705,0.14747091953341482,0.19139677583359305,0.22551644369682175
HP1778,6683fb1074d2f32d21b99da2|lt|1,6683fb1074d2f32d21b99da2,lt,1,10.0,4,2,Mutual Benefit / Cooperation,0.402105649532931,0.31309927040923624,0.07109962709695446,0.21369545296087836
HP1779,67ace31300abf1fb686b8ce1|lt|1,67ace31300abf1fb686b8ce1,lt,1,10.0,4,0,No clear justification,0.49421265990619834,0.3366337176340139,0.08081885289596454,0.08833476956382325
HP1780,5fa18024e8db28293edae14e|lt|1,5fa18024e8db28293edae14e,lt,1,0.0,4,0,No clear justification,0.49421265990619834,0.3366337176340139,0.08081885289596454,0.08833476956382325
HP1781,670d2af9c00f086b201e9f70|lt|1,670d2af9c00f086b201e9f70,lt,1,9.0,4,0,No clear justification,0.4942126599061985,0.3366337176340137,0.08081885289596451,0.08833476956382329
HP1782,67542e9190f072ebdb98befb|lt|1,67542e9190f072ebdb98befb,lt,1,12.0,4,3,Self-interest,0.41659900686496226,0.14418069964561311,0.3588126530085171,0.0804076404809074
HP1783,5ea29c5cad06661b01230684|lt|1,5ea29c5cad06661b01230684,lt,1,10.0,4,2,Mutual Benefit / Cooperation,0.3217143566882703,0.1254179026007711,0.1669812447610561,0.3858864959499025
HP1784,6667015e358c1fe41b8a3d7f|lt|1,6667015e358c1fe41b8a3d7f,lt,1,10.0,4,2,Mutual Benefit / Cooperation,0.2826392916409656,0.4797306886021934,0.05613954804253062,0.1814904717143104
HP1785,62ea1958011121255c2af25b|lt|1,62ea1958011121255c2af25b,lt,1,8.0,4,3,Self-interest,0.31549614324188646,0.29336560541308826,0.3244319636922081,0.06670628765281718
HP1786,691dfaf764d87fff5030d0ca|lt|1,691dfaf764d87fff5030d0ca,lt,1,12.0,4,0,No clear justification,0.6269897120501802,0.1760166965538242,0.09427636263188557,0.10271722876411007
HP1787,5f4929f20aa4ce437e659be0|lt|1,5f4929f20aa4ce437e659be0,lt,1,8.0,4,1,Moral,0.2896032477114199,0.49293196878262985,0.15533328785454345,0.06213149565140682
HP1788,5cd801d431d19f0019425e2e|lt|1,5cd801d431d19f0019425e2e,lt,1,6.0,4,3,Self-interest,0.22932499440471193,0.46292294542988777,0.1394618642959587,0.16829019586944163
HP1789,664ebfd573450db2596c40a8|lt|1,664ebfd573450db2596c40a8,lt,1,10.0,4,0,No clear justification,0.49421265990619834,0.3366337176340139,0.08081885289596454,0.08833476956382325
HP1790,5e40458fee95202846ccf7f3|lt|1,5e40458fee95202846ccf7f3,lt,1,10.0,4,0,No clear justification,0.5333839043039695,0.16337465739306584,0.20949721966058663,0.093744218642378
HP1791,5c2a799737ae5200017c7712|lt|1,5c2a799737ae5200017c7712,lt,1,12.0,4,0,No clear justification,0.5333839043039695,0.16337465739306584,0.20949721966058663,0.093744218642378
HP1792,673b834c1ca9feb154a86523|lt|1,673b834c1ca9feb154a86523,lt,1,10.0,4,1,Moral,0.1237850609358009,0.8131065313219651,0.031151559604184552,0.03195684813804926
HP1793,6727af89081bd9f0e0d0973d|lt|1,6727af89081bd9f0e0d0973d,lt,1,7.0,4,3,Self-interest,0.22932499440471182,0.4629229454298878,0.13946186429595872,0.16829019586944163
HP1794,644012a89ef81bc3c9412c6e|lt|1,644012a89ef81bc3c9412c6e,lt,1,12.0,4,1,Moral,0.40210564953293104,0.31309927040923635,0.07109962709695446,0.21369545296087816
HP1795,5661bce973ac87001180413a|lt|1,5661bce973ac87001180413a,lt,1,10.0,4,0,No clear justification,0.5333839043039695,0.16337465739306584,0.20949721966058663,0.093744218642378
HP1796,60bbea726dc12dd57d5f1b94|lt|1,60bbea726dc12dd57d5f1b94,lt,1,6.0,4,2,Mutual Benefit / Cooperation,0.5175901320714033,0.16003328708235356,0.08387543312944992,0.23850114771679326
HP1797,5a1e86ce8671dc00018fd021|lt|1,5a1e86ce8671dc00018fd021,lt,1,10.0,4,0,No clear justification,0.4021056495329309,0.31309927040923635,0.07109962709695443,0.2136954529608783
HP1798,678d789825b7bb6a61559cd4|lt|1,678d789825b7bb6a61559cd4,lt,1,10.0,4,1,Moral,0.2826392916409656,0.47973068860219364,0.05613954804253072,0.18149047171430996
HP1799,5ee4c4b42c280d1cd26cfe3d|lt|1,5ee4c4b42c280d1cd26cfe3d,lt,1,6.0,4,1,Moral,0.22706200840793134,0.673717218944316,0.047964135986033295,0.05125663666171937
HP1800,60dc2e4561212c8a723d6425|lt|1,60dc2e4561212c8a723d6425,lt,1,12.0,4,3,Self-interest,0.3344280201350414,0.128474613405516,0.3332856293611102,0.20381173709833234
HP1801,5ca76940b73600000157b4f1|lt|1,5ca76940b73600000157b4f1,lt,1,10.0,4,2,Mutual Benefit / Cooperation,0.16205840821175907,0.08278385413606335,0.039320128130979515,0.715837609521198
HP1802,65c6762ea86de7fbe4ac9406|lt|1,65c6762ea86de7fbe4ac9406,lt,1,8.0,4,3,Self-interest,0.178218964421885,0.6569749647031637,0.12158862973322467,0.04321744114172665
HP1803,6581664bd74bbb952b06c79d|lt|1,6581664bd74bbb952b06c79d,lt,1,6.0,4,0,No clear justification,0.5175901320714036,0.16003328708235368,0.08387543312944978,0.2385011477167931
HP1804,5dcedfe8dfe9da02dbb08f4f|lt|1,5dcedfe8dfe9da02dbb08f4f,lt,1,10.0,4,0,No clear justification,0.40210564953293104,0.31309927040923635,0.07109962709695446,0.21369545296087814
HP1805,6266aa7132e3a5bf1631ac1b|lt|1,6266aa7132e3a5bf1631ac1b,lt,1,10.0,4,1,Moral,0.17821896442188515,0.6569749647031636,0.12158862973322472,0.04321744114172668
HP1806,5db6553837647d000bb049ab|lt|1,5db6553837647d000bb049ab,lt,1,12.0,4,0,No clear justification,0.5175901320714036,0.16003328708235368,0.08387543312944978,0.2385011477167931
HP1807,645bd48e67d52bbdcad03398|lt|1,645bd48e67d52bbdcad03398,lt,1,11.0,4,2,Mutual Benefit / Cooperation,0.3908231886068378,0.13830044860556595,0.07045201150443106,0.4004243512831652
HP1808,5a6df612e70ca900017ae25e|lt|1,5a6df612e70ca900017ae25e,lt,1,10.5,4,0,No clear justification,0.3908231886068378,0.13830044860556595,0.07045201150443106,0.4004243512831652
HP1809,5865bdf7a3462300010673e3|lt|1,5865bdf7a3462300010673e3,lt,1,8.0,4,1,Moral,0.1237850609358009,0.8131065313219651,0.031151559604184552,0.03195684813804926
HP1810,5ea179b1b5b2e50258b36349|lt|1,5ea179b1b5b2e50258b36349,lt,1,10.0,4,1,Moral,0.19908809608840994,0.4360729374521583,0.04453036143014455,0.32030860502928715
HP1811,6742189e9fd5fe9de0d9b729|lt|1,6742189e9fd5fe9de0d9b729,lt,1,6.0,4,0,No clear justification,0.6269897120501802,0.1760166965538242,0.09427636263188557,0.10271722876411007
HP1812,5ef66e81cf5fa435ea9a4e8d|lt|1,5ef66e81cf5fa435ea9a4e8d,lt,1,11.0,4,3,Self-interest,0.5333839043039695,0.16337465739306584,0.20949721966058663,0.093744218642378
HP1813,67d0adc35dda5bdeb6a0c22a|lt|1,67d0adc35dda5bdeb6a0c22a,lt,1,12.0,4,2,Mutual Benefit / Cooperation,0.3908231886068378,0.13830044860556595,0.07045201150443106,0.4004243512831652
HP1814,5ff0b6331d6cb44a1b7a07dd|lt|1,5ff0b6331d6cb44a1b7a07dd,lt,1,9.5,4,0,No clear justification,0.4942126599061985,0.3366337176340137,0.08081885289596451,0.08833476956382329
HP1815,599364c1fc37790001fa4e1d|lt|1,599364c1fc37790001fa4e1d,lt,1,11.0,4,2,Mutual Benefit / Cooperation,0.19908809608840994,0.4360729374521583,0.04453036143014455,0.32030860502928715
HP1816,63e69728da28e991114aad46|lt|1,63e69728da28e991114aad46,lt,1,10.0,4,0,No clear justification,0.3908231886068378,0.13830044860556595,0.07045201150443106,0.4004243512831652
HP1817,66790e08c1c5767636feee8d|lt|1,66790e08c1c5767636feee8d,lt,1,10.0,4,2,Mutual Benefit / Cooperation,0.21364025474217208,0.09903511658406139,0.1383104011613069,0.5490142275124597
HP1818,5bb3e443951bd40001f1e0fd|lt|1,5bb3e443951bd40001f1e0fd,lt,1,10.0,4,2,Mutual Benefit / Cooperation,0.21364025474217208,0.09903511658406139,0.1383104011613069,0.5490142275124597
HP1819,5a6d5ae19d65ec00017e9bae|lt|1,5a6d5ae19d65ec00017e9bae,lt,1,6.0,4,2,Mutual Benefit / Cooperation,0.19538758996206776,0.2392944373580499,0.04443898883201118,0.5208789838478711
HP1820,5e5fc624b333b2022aeb064f|lt|1,5e5fc624b333b2022aeb064f,lt,1,10.5,4,3,Self-interest,0.3154961432418863,0.2933656054130882,0.32443196369220856,0.06670628765281715
HP1821,6658b6838e28e3383feae335|lt|1,6658b6838e28e3383feae335,lt,1,12.0,4,0,No clear justification,0.6269897120501802,0.1760166965538242,0.09427636263188557,0.10271722876411007
HP1822,660158b9a05b9c4adc616ff8|lt|1,660158b9a05b9c4adc616ff8,lt,1,10.0,4,1,Moral,0.22706200840793134,0.673717218944316,0.047964135986033295,0.05125663666171937
HP1823,67dfdf77fa31c86fb35030aa|lt|1,67dfdf77fa31c86fb35030aa,lt,1,12.0,4,0,No clear justification,0.5175901320714036,0.16003328708235368,0.08387543312944978,0.2385011477167931
HP1824,661fc8bb0644ba960f0e3b65|lt|1,661fc8bb0644ba960f0e3b65,lt,1,10.0,4,0,No clear justification,0.4144358618737673,0.3205303787295426,0.18540049528189295,0.0796332641147972
HP1825,62fb7acaf60ed51dd71d3bfb|lt|1,62fb7acaf60ed51dd71d3bfb,lt,1,10.0,4,3,Self-interest,0.41659900686496243,0.1441806996456132,0.358812653008517,0.08040764048090744
HP1826,5ff8b291840bed124061d389|lt|1,5ff8b291840bed124061d389,lt,1,10.0,4,2,Mutual Benefit / Cooperation,0.16205840821175907,0.08278385413606335,0.039320128130979515,0.715837609521198
HP1827,6063c0526a66097dcb055955|lt|1,6063c0526a66097dcb055955,lt,1,10.0,4,2,Mutual Benefit / Cooperation,0.2682062751481175,0.11227257931727744,0.05533722874893187,0.5641839167856731
HP1828,66700eaced9693634024629b|lt|1,66700eaced9693634024629b,lt,1,12.0,4,0,No clear justification,0.6269897120501802,0.1760166965538242,0.09427636263188557,0.10271722876411007
HP1829,5ac70920a3ba7a0001b4ba8c|lt|1,5ac70920a3ba7a0001b4ba8c,lt,1,9.0,4,1,Moral,0.2896032477114199,0.49293196878262985,0.15533328785454345,0.06213149565140682
HP1830,666db47c26bc80222f8b15ba|lt|1,666db47c26bc80222f8b15ba,lt,1,8.0,4,2,Mutual Benefit / Cooperation,0.40210564953293104,0.31309927040923635,0.07109962709695446,0.21369545296087814
HP1831,663f6d9dbe5335a23d60081a|lt|1,663f6d9dbe5335a23d60081a,lt,1,10.0,4,2,Mutual Benefit / Cooperation,0.3217143566882709,0.1254179026007705,0.1669812447610562,0.38588649594990243
HP1832,66524aa2a82e242800be156b|lt|1,66524aa2a82e242800be156b,lt,1,12.0,4,1,Moral,0.1237850609358009,0.8131065313219651,0.031151559604184552,0.03195684813804926
HP1833,688ba4bbe01569516b9737b3|lt|1,688ba4bbe01569516b9737b3,lt,1,10.0,4,2,Mutual Benefit / Cooperation,0.2403522705787724,0.26307301699145974,0.144642408572185,0.351932303857583
HP1834,6530fed5b3281d288757fca9|lt|1,6530fed5b3281d288757fca9,lt,1,8.5,4,2,Mutual Benefit / Cooperation,0.5175901320714033,0.16003328708235356,0.08387543312944992,0.23850114771679326
HP1835,67283913f11cbfde51b17706|lt|1,67283913f11cbfde51b17706,lt,1,10.5,4,2,Mutual Benefit / Cooperation,0.2682062751481175,0.11227257931727744,0.05533722874893187,0.5641839167856731
HP1836,6661ffc5427a871210871122|lt|1,6661ffc5427a871210871122,lt,1,6.0,4,2,Mutual Benefit / Cooperation,0.16205840821175907,0.08278385413606335,0.039320128130979515,0.715837609521198
HP1837,66b3dc1490445aa410abd41e|lt|1,66b3dc1490445aa410abd41e,lt,1,6.0,4,2,Mutual Benefit / Cooperation,0.2380406143230381,0.10615254962177081,0.29710324865532495,0.35870358739986613
HP1838,64784c2bc85267b924936813|lt|1,64784c2bc85267b924936813,lt,1,10.0,4,2,Mutual Benefit / Cooperation,0.24035227057877256,0.2630730169914599,0.14464240857218497,0.3519323038575825
HP1839,65612a45629022b7c905ef6c|lt|1,65612a45629022b7c905ef6c,lt,1,12.0,4,1,Moral,0.1237850609358009,0.8131065313219651,0.031151559604184552,0.03195684813804926
HP1840,5f1dea279f4818757f07f087|lt|1,5f1dea279f4818757f07f087,lt,1,9.0,4,0,No clear justification,0.4942126599061985,0.3366337176340137,0.08081885289596451,0.08833476956382329
HP1841,643c8b9e084ad254bf9a0645|lt|1,643c8b9e084ad254bf9a0645,lt,1,6.0,4,2,Mutual Benefit / Cooperation,0.19538758996206776,0.2392944373580499,0.04443898883201118,0.5208789838478711
HP1842,66660d297864801db6a10af4|lt|1,66660d297864801db6a10af4,lt,1,8.0,4,1,Moral,0.1237850609358009,0.8131065313219651,0.031151559604184552,0.03195684813804926
HP1843,61453d979fbdb8e800b8f0eb|lt|1,61453d979fbdb8e800b8f0eb,lt,1,6.0,4,1,Moral,0.2896032477114199,0.49293196878262985,0.15533328785454345,0.06213149565140682
HP1844,5fbc110869611208d6fd29da|lt|1,5fbc110869611208d6fd29da,lt,1,10.0,4,3,Self-interest,0.29223770789326464,0.11855541659880493,0.5260074708807672,0.06319940462716314
HP1845,63d7a35134c4f6e440e9468f|lt|1,63d7a35134c4f6e440e9468f,lt,1,8.0,4,0,No clear justification,0.6269897120501802,0.1760166965538242,0.09427636263188557,0.10271722876411007
HP1846,5e1b307333e83535d72af1e5|lt|1,5e1b307333e83535d72af1e5,lt,1,12.0,4,3,Self-interest,0.2105308970703902,0.4606974304148184,0.2790446668766248,0.04972700563816661
HP1847,56e225c2ec0fdd000641e72d|lt|1,56e225c2ec0fdd000641e72d,lt,1,10.0,4,3,Self-interest,0.25064028536589866,0.2700408282808718,0.2999726682154267,0.17934621813780305
HP1848,6772ea24ce9c71ea7bc07b6b|lt|1,6772ea24ce9c71ea7bc07b6b,lt,1,9.5,4,0,No clear justification,0.4942126599061985,0.3366337176340137,0.08081885289596451,0.08833476956382329
HP1849,5e1ee2050c0b3120e01eeec1|lt|1,5e1ee2050c0b3120e01eeec1,lt,1,10.0,4,3,Self-interest,0.21283783047922897,0.2537434298611362,0.48307353125974123,0.05034520839989365
HP1850,6465c08185f626e6500faef8|lt|1,6465c08185f626e6500faef8,lt,1,12.0,4,0,No clear justification,0.5333839043039695,0.16337465739306584,0.20949721966058663,0.093744218642378
HP1851,60b2a61a5f5fc41e13e6ed15|lt|1,60b2a61a5f5fc41e13e6ed15,lt,1,12.0,4,3,Self-interest,0.3344280201350414,0.128474613405516,0.3332856293611102,0.20381173709833234
HP1852,629e11c0d89e0c18f21e687a|lt|1,629e11c0d89e0c18f21e687a,lt,1,12.0,4,2,Mutual Benefit / Cooperation,0.402105649532931,0.31309927040923624,0.07109962709695446,0.21369545296087836
HP1853,66ea245a0dcc3d4695c49d9a|lt|1,66ea245a0dcc3d4695c49d9a,lt,1,8.0,4,0,No clear justification,0.4021056495329309,0.31309927040923635,0.07109962709695443,0.21369545296087827
HP1854,5f68c02bfe85b202e0f00cc7|lt|1,5f68c02bfe85b202e0f00cc7,lt,1,10.0,4,0,No clear justification,0.5175901320714036,0.16003328708235368,0.08387543312944978,0.2385011477167931
HP1855,613b94b83b5cb4c72904f8b3|lt|1,613b94b83b5cb4c72904f8b3,lt,1,6.0,4,3,Self-interest,0.31549614324188646,0.29336560541308826,0.3244319636922081,0.06670628765281718
HP1856,65f0e572d1ca00e646860bff|lt|1,65f0e572d1ca00e646860bff,lt,1,12.0,4,1,Moral,0.2826392916409655,0.47973068860219376,0.05613954804253062,0.18149047171431015
HP1857,69156cb681f0e747e992b388|lt|1,69156cb681f0e747e992b388,lt,1,7.0,4,1,Moral,0.25064028536589855,0.2700408282808714,0.29997266821542734,0.17934621813780288
HP1858,66463e10a23c0e7c4e43bce7|lt|1,66463e10a23c0e7c4e43bce7,lt,1,12.0,4,0,No clear justification,0.6269897120501802,0.1760166965538242,0.09427636263188557,0.10271722876411007
HP1859,691dcf9bf03c4a71c02b9344|lt|1,691dcf9bf03c4a71c02b9344,lt,1,12.0,4,3,Self-interest,0.4356158609361705,0.14747091953341482,0.191396775833593,0.22551644369682175
HP1860,641868f023b03518217272df|lt|1,641868f023b03518217272df,lt,1,11.0,4,3,Self-interest,0.4356158609361705,0.14747091953341482,0.191396775833593,0.22551644369682175
HP1861,66ede5bbe36caed7269bd7e2|lt|1,66ede5bbe36caed7269bd7e2,lt,1,8.0,4,3,Self-interest,0.3344280201350414,0.12847461340551578,0.33328562936111067,0.20381173709833206
HP1862,6008bb26b4bbfe568fa29d80|lt|1,6008bb26b4bbfe568fa29d80,lt,1,5.0,4,3,Self-interest,0.41443586187376713,0.3205303787295428,0.18540049528189295,0.07963326411479715
HP1863,5e87b4d3e28032100ce68eec|lt|1,5e87b4d3e28032100ce68eec,lt,1,12.0,4,2,Mutual Benefit / Cooperation,0.21364025474217208,0.09903511658406139,0.1383104011613069,0.5490142275124597
HP1864,5a8b1ee2000dab00018cc7cd|lt|1,5a8b1ee2000dab00018cc7cd,lt,1,12.0,4,1,Moral,0.2826392916409655,0.47973068860219376,0.05613954804253062,0.18149047171431015
HP1865,63f9c81dc81ca7c373e0a7c0|lt|1,63f9c81dc81ca7c373e0a7c0,lt,1,10.5,4,3,Self-interest,0.41659900686496226,0.14418069964561311,0.3588126530085171,0.0804076404809074
HP1866,6297d4ad03a1830f21d22cb1|lt|1,6297d4ad03a1830f21d22cb1,lt,1,8.0,4,2,Mutual Benefit / Cooperation,0.2682062751481175,0.11227257931727744,0.05533722874893187,0.5641839167856731
HP1867,65f21f8caad4fa6eb9cb0c3e|lt|1,65f21f8caad4fa6eb9cb0c3e,lt,1,12.0,4,0,No clear justification,0.5175901320714036,0.16003328708235368,0.08387543312944978,0.2385011477167931
HP1868,5d29d6bd30fa6f0015cd4a75|lt|1,5d29d6bd30fa6f0015cd4a75,lt,1,10.0,4,0,No clear justification,0.6269897120501802,0.1760166965538242,0.09427636263188557,0.10271722876411007
HP1869,671ba65a14a83896384598a0|lt|1,671ba65a14a83896384598a0,lt,1,10.0,4,0,No clear justification,0.6269897120501802,0.1760166965538242,0.09427636263188557,0.10271722876411007
HP1870,663a5db9ced6c4bf9bd77d3e|lt|1,663a5db9ced6c4bf9bd77d3e,lt,1,12.0,4,1,Moral,0.29549930410221686,0.2800402611804147,0.05845511964901625,0.3660053150683523
HP1871,5e999e7c295393016b7c2577|lt|1,5e999e7c295393016b7c2577,lt,1,12.0,4,0,No clear justification,0.41659900686496226,0.14418069964561311,0.3588126530085171,0.0804076404809074
HP1872,66978d4442338018ab249fe6|lt|1,66978d4442338018ab249fe6,lt,1,6.0,4,2,Mutual Benefit / Cooperation,0.16205840821175907,0.08278385413606335,0.039320128130979515,0.715837609521198
HP1873,56504ecf1b3cda000f544e92|lt|1,56504ecf1b3cda000f544e92,lt,1,9.0,4,0,No clear justification,0.5333839043039695,0.16337465739306584,0.20949721966058663,0.093744218642378
HP1874,66e1961788c0c89fa75ecb42|lt|1,66e1961788c0c89fa75ecb42,lt,1,10.0,4,3,Self-interest,0.1763100696062318,0.0872963907267486,0.6929930298836686,0.04340050978335101
HP1875,6448f68c3ba5a3f969d1e90d|lt|1,6448f68c3ba5a3f969d1e90d,lt,1,10.0,4,3,Self-interest,0.33395295070970776,0.29699779754434,0.16815409990166905,0.2008951518442833
HP1876,5c0ea3b7481b47000182320a|lt|1,5c0ea3b7481b47000182320a,lt,1,12.0,4,0,No clear justification,0.5333839043039695,0.16337465739306584,0.20949721966058663,0.093744218642378
HP1877,66a608dc0a4f33f35327e273|lt|1,66a608dc0a4f33f35327e273,lt,1,9.0,4,2,Mutual Benefit / Cooperation,0.3217143566882709,0.1254179026007705,0.1669812447610562,0.38588649594990243
HP1878,6632687cb045de5ac33ceea3|lt|1,6632687cb045de5ac33ceea3,lt,1,8.0,4,1,Moral,0.17821896442188515,0.6569749647031636,0.12158862973322472,0.04321744114172668
HP1879,634d72a4b1dc5f197ac4b8c6|lt|1,634d72a4b1dc5f197ac4b8c6,lt,1,8.0,4,3,Self-interest,0.29223770789326464,0.11855541659880493,0.5260074708807672,0.06319940462716314
HP1880,6150a7aff22eb4723de2341a|lt|1,6150a7aff22eb4723de2341a,lt,1,12.0,4,0,No clear justification,0.6269897120501802,0.1760166965538242,0.09427636263188557,0.10271722876411007
HP1881,663554ada85eb670f3c6262c|lt|1,663554ada85eb670f3c6262c,lt,1,6.0,4,0,No clear justification,0.41659900686496243,0.1441806996456132,0.3588126530085171,0.08040764048090744
HP1882,6720378a683a5d8a933493fb|lt|1,6720378a683a5d8a933493fb,lt,1,8.0,4,1,Moral,0.29549930410221686,0.2800402611804147,0.05845511964901625,0.3660053150683523
HP1883,5bb9807fe04fca0001436211|lt|1,5bb9807fe04fca0001436211,lt,1,6.0,4,3,Self-interest,0.229324994404712,0.46292294542988777,0.1394618642959587,0.1682901958694416
HP1884,662f93c33fe9ba41a6319363|lt|1,662f93c33fe9ba41a6319363,lt,1,10.0,4,0,No clear justification,0.6269897120501802,0.1760166965538242,0.09427636263188557,0.10271722876411007
HP1885,5f7cca7022f65316cfa16574|lt|1,5f7cca7022f65316cfa16574,lt,1,12.0,4,3,Self-interest,0.31549614324188646,0.29336560541308826,0.3244319636922081,0.06670628765281718
HP1886,5d0109187c9f320015f4af37|lt|1,5d0109187c9f320015f4af37,lt,1,10.0,4,0,No clear justification,0.5333839043039695,0.16337465739306584,0.20949721966058663,0.093744218642378
HP1887,663ae3f35b81791c40865be5|lt|1,663ae3f35b81791c40865be5,lt,1,10.0,4,0,No clear justification,0.6269897120501802,0.1760166965538242,0.09427636263188557,0.10271722876411007
HP1888,5e9717fa30881a0645f99bb0|lt|1,5e9717fa30881a0645f99bb0,lt,1,10.0,4,3,Self-interest,0.22945053514428052,0.10349987572881551,0.4943965085114172,0.1726530806154867
HP1889,60579bed377c47163f70931a|lt|1,60579bed377c47163f70931a,lt,1,9.5,4,0,No clear justification,0.4356158609361705,0.14747091953341482,0.19139677583359305,0.22551644369682175
HP1890,5dea96a5770a431bbed1efb2|lt|1,5dea96a5770a431bbed1efb2,lt,1,6.0,4,1,Moral,0.1237850609358009,0.8131065313219651,0.031151559604184552,0.03195684813804926
HP1891,66a5710d1ae7a2b50c5e8218|lt|1,66a5710d1ae7a2b50c5e8218,lt,1,12.0,4,0,No clear justification,0.4021056495329309,0.31309927040923635,0.07109962709695443,0.2136954529608783
HP1892,6609a32585722d1e798dcf51|lt|1,6609a32585722d1e798dcf51,lt,1,10.0,4,0,No clear justification,0.5175901320714036,0.16003328708235368,0.08387543312944978,0.2385011477167931
HP1893,66b2043f65c48323e4769a1b|lt|1,66b2043f65c48323e4769a1b,lt,1,12.0,4,0,No clear justification,0.5333839043039695,0.16337465739306584,0.20949721966058663,0.093744218642378
HP1894,676469d83816f597b2652c91|lt|1,676469d83816f597b2652c91,lt,1,12.0,4,0,No clear justification,0.49421265990619834,0.3366337176340139,0.08081885289596454,0.08833476956382325
HP1895,5dab79a5525a7600139cd31e|lt|1,5dab79a5525a7600139cd31e,lt,1,3.0,4,1,Moral,0.49421265990619845,0.3366337176340137,0.08081885289596458,0.08833476956382325
HP1896,62fb93ed161d9d75987ec48e|lt|1,62fb93ed161d9d75987ec48e,lt,1,12.0,4,0,No clear justification,0.5175901320714036,0.16003328708235368,0.08387543312944978,0.2385011477167931
HP1897,5ea98852cb0af2098caf14a4|lt|1,5ea98852cb0af2098caf14a4,lt,1,12.0,4,3,Self-interest,0.33442802013504147,0.12847461340551578,0.33328562936111,0.20381173709833272
HP1898,60abdfdf021799f116d9707e|lt|1,60abdfdf021799f116d9707e,lt,1,10.0,4,0,No clear justification,0.3217143566882703,0.1254179026007711,0.1669812447610561,0.3858864959499025
HP1899,5e299d8c2e9dc4000be0fde0|lt|1,5e299d8c2e9dc4000be0fde0,lt,1,8.0,4,0,No clear justification,0.32171435668827075,0.12541790260077043,0.1669812447610561,0.3858864959499026
HP1900,633dbb46887d82536a9ee265|lt|1,633dbb46887d82536a9ee265,lt,1,12.0,4,0,No clear justification,0.5333839043039695,0.16337465739306584,0.20949721966058663,0.093744218642378
HP1901,5decc61a488cde39be161a91|lt|1,5decc61a488cde39be161a91,lt,1,8.5,4,0,No clear justification,0.6269897120501802,0.1760166965538242,0.09427636263188557,0.10271722876411007
HP1902,672ede539bd39a8deecc501d|lt|1,672ede539bd39a8deecc501d,lt,1,9.0,4,2,Mutual Benefit / Cooperation,0.3217143566882709,0.1254179026007705,0.1669812447610562,0.38588649594990243
HP1903,5d163efd53b9bb0017117638|lt|1,5d163efd53b9bb0017117638,lt,1,10.0,4,0,No clear justification,0.6269897120501802,0.1760166965538242,0.09427636263188557,0.10271722876411007
HP1904,62861bcc5f0edf6340c914df|lt|1,62861bcc5f0edf6340c914df,lt,1,6.0,4,3,Self-interest,0.229324994404712,0.46292294542988777,0.1394618642959587,0.1682901958694416
HP1905,5f4a835e9e84256238129995|lt|1,5f4a835e9e84256238129995,lt,1,12.0,4,3,Self-interest,0.2380406143230381,0.10615254962177081,0.29710324865532506,0.35870358739986613
HP1906,642ef01a04c9f327767cde23|lt|1,642ef01a04c9f327767cde23,lt,1,10.0,4,3,Self-interest,0.41659900686496226,0.14418069964561311,0.3588126530085171,0.0804076404809074
HP1907,55d06fd334e9060012e5781c|lt|1,55d06fd334e9060012e5781c,lt,1,12.0,4,3,Self-interest,0.1763100696062318,0.0872963907267486,0.6929930298836686,0.04340050978335101
HP1908,6736485fd762ccba28f44a81|lt|1,6736485fd762ccba28f44a81,lt,1,12.0,4,0,No clear justification,0.6269897120501802,0.1760166965538242,0.09427636263188557,0.10271722876411007
HP1909,5fa3dc44bc91850202c76749|lt|1,5fa3dc44bc91850202c76749,lt,1,10.5,4,2,Mutual Benefit / Cooperation,0.24035227057877234,0.26307301699145974,0.144642408572185,0.35193230385758295
HP1910,63eda5a4a87d8bd73853fa8e|lt|1,63eda5a4a87d8bd73853fa8e,lt,1,10.0,4,3,Self-interest,0.4356158609361701,0.14747091953341515,0.191396775833593,0.2255164436968218
HP1911,5f763e6e7632050c3712feac|lt|1,5f763e6e7632050c3712feac,lt,1,8.0,4,3,Self-interest,0.178218964421885,0.6569749647031637,0.12158862973322467,0.04321744114172665
HP1912,62aa4aba6960dfb1b61f7583|lt|1,62aa4aba6960dfb1b61f7583,lt,1,12.0,4,3,Self-interest,0.2922377078932648,0.11855541659880488,0.526007470880767,0.0631994046271632
HP1913,5fd3092b225c4e13301ac0ee|lt|1,5fd3092b225c4e13301ac0ee,lt,1,6.0,4,1,Moral,0.1237850609358009,0.8131065313219651,0.031151559604184552,0.03195684813804926
HP1914,628bdbc77a9dddcd7f4ed538|lt|1,628bdbc77a9dddcd7f4ed538,lt,1,12.0,4,2,Mutual Benefit / Cooperation,0.16205840821175907,0.08278385413606335,0.039320128130979515,0.715837609521198
HP1915,63225dd98b2a68d9be44f266|lt|1,63225dd98b2a68d9be44f266,lt,1,8.0,4,2,Mutual Benefit / Cooperation,0.3217143566882709,0.1254179026007705,0.1669812447610562,0.38588649594990243
HP1916,659564aceb34fc083308364d|lt|1,659564aceb34fc083308364d,lt,1,9.0,4,0,No clear justification,0.6269897120501802,0.1760166965538242,0.09427636263188557,0.10271722876411007
HP1917,664493c2f8a40a43beacc839|lt|1,664493c2f8a40a43beacc839,lt,1,6.5,4,0,No clear justification,0.6269897120501802,0.1760166965538242,0.09427636263188557,0.10271722876411007
HP1918,63ea8aff233fcaa71a940e32|lt|1,63ea8aff233fcaa71a940e32,lt,1,7.0,4,2,Mutual Benefit / Cooperation,0.3217143566882709,0.1254179026007705,0.1669812447610562,0.38588649594990243
HP1919,631123376033bb148edc0ebb|lt|1,631123376033bb148edc0ebb,lt,1,9.0,4,3,Self-interest,0.29223770789326464,0.11855541659880493,0.5260074708807672,0.06319940462716314
HP1920,65a2ed2dd066aa3cf8568a21|lt|1,65a2ed2dd066aa3cf8568a21,lt,1,12.0,4,2,Mutual Benefit / Cooperation,0.5175901320714033,0.16003328708235356,0.08387543312944992,0.23850114771679326
HP1921,667e6da95ae0a25f225ae6e6|lt|1,667e6da95ae0a25f225ae6e6,lt,1,12.0,4,3,Self-interest,0.25064028536589866,0.2700408282808718,0.2999726682154267,0.17934621813780305
HP1922,6619cb1e30cb95691a6dd425|lt|1,6619cb1e30cb95691a6dd425,lt,1,8.0,4,2,Mutual Benefit / Cooperation,0.17696619279899628,0.6386753705475877,0.040566296688025784,0.1437921399653901
HP1923,6446b4a6eb2ba64c1505307d|lt|1,6446b4a6eb2ba64c1505307d,lt,1,7.5,4,2,Mutual Benefit / Cooperation,0.4356158609361705,0.14747091953341482,0.19139677583359305,0.22551644369682175
HP1924,60f32446bc4e09f52b37a56d|lt|1,60f32446bc4e09f52b37a56d,lt,1,8.0,4,3,Self-interest,0.2896032477114199,0.49293196878262985,0.15533328785454348,0.06213149565140682
HP1925,60fd8570f92207ceba5fe86e|lt|1,60fd8570f92207ceba5fe86e,lt,1,10.0,4,0,No clear justification,0.5333839043039695,0.16337465739306584,0.20949721966058663,0.093744218642378
HP1926,66bb7d98f671be44c2871236|lt|1,66bb7d98f671be44c2871236,lt,1,10.0,4,2,Mutual Benefit / Cooperation,0.3217143566882709,0.1254179026007705,0.1669812447610562,0.38588649594990243
HP1927,5c8b65c3e65fc600177b4a1a|lt|1,5c8b65c3e65fc600177b4a1a,lt,1,10.0,4,3,Self-interest,0.3344280201350414,0.128474613405516,0.3332856293611102,0.20381173709833234
HP1928,60cf6ac511be7d68ef982d47|lt|1,60cf6ac511be7d68ef982d47,lt,1,10.5,4,0,No clear justification,0.3908231886068378,0.13830044860556595,0.07045201150443106,0.4004243512831652
HP1929,5dd06140c6588f1477daab8b|lt|1,5dd06140c6588f1477daab8b,lt,1,10.0,4,2,Mutual Benefit / Cooperation,0.3217143566882703,0.1254179026007711,0.16698124476105597,0.3858864959499025
HP1930,5883d68d300c0b000113db56|lt|1,5883d68d300c0b000113db56,lt,1,5.0,4,0,No clear justification,0.5175901320714036,0.16003328708235368,0.08387543312944978,0.2385011477167931
HP1931,68c92222ed786d8ff06e7eb8|lt|1,68c92222ed786d8ff06e7eb8,lt,1,8.0,4,0,No clear justification,0.5333839043039695,0.16337465739306584,0.20949721966058663,0.093744218642378
HP1932,6005fd9c8bbd67931607e518|lt|1,6005fd9c8bbd67931607e518,lt,1,4.0,4,0,No clear justification,0.49421265990619834,0.3366337176340139,0.08081885289596454,0.08833476956382325
HP1933,6337875a4d0587706d8f2543|lt|1,6337875a4d0587706d8f2543,lt,1,12.0,4,3,Self-interest,0.3339529507097078,0.29699779754433986,0.168154099901669,0.2008951518442833
HP1934,58eb2509a0fa07000146e231|lt|1,58eb2509a0fa07000146e231,lt,1,10.0,4,0,No clear justification,0.3908231886068378,0.13830044860556595,0.07045201150443106,0.4004243512831652
HP1935,6712fe1173dfa2bfa2d6294b|lt|1,6712fe1173dfa2bfa2d6294b,lt,1,5.0,4,1,Moral,0.4144358618737673,0.3205303787295426,0.18540049528189292,0.0796332641147972
HP1936,67a354e4a190bfc467c9b5c1|lt|1,67a354e4a190bfc467c9b5c1,lt,1,9.0,4,0,No clear justification,0.49421265990619834,0.3366337176340139,0.08081885289596454,0.08833476956382325
HP1937,6003ef9269c7814f0ca7b46a|lt|1,6003ef9269c7814f0ca7b46a,lt,1,11.0,4,1,Moral,0.40210564953293104,0.31309927040923635,0.07109962709695446,0.21369545296087816
HP1938,6578ce2ea5495aafe33b815c|lt|1,6578ce2ea5495aafe33b815c,lt,1,12.0,4,2,Mutual Benefit / Cooperation,0.3908231886068378,0.13830044860556595,0.07045201150443106,0.4004243512831652
HP1939,565e0169998e44000a4bdab1|lt|1,565e0169998e44000a4bdab1,lt,1,10.0,4,0,No clear justification,0.4356158609361705,0.14747091953341482,0.19139677583359305,0.22551644369682175
HP1940,5ca8eaf9bd0f9e0001c7d7fa|lt|1,5ca8eaf9bd0f9e0001c7d7fa,lt,1,9.0,4,2,Mutual Benefit / Cooperation,0.21364025474217208,0.09903511658406139,0.1383104011613069,0.5490142275124597
HP1941,6774738db19b119861c727c9|lt|1,6774738db19b119861c727c9,lt,1,6.0,4,3,Self-interest,0.3154961432418863,0.2933656054130882,0.32443196369220856,0.06670628765281715
HP1942,60fc7610b3fa521881e8f9f8|lt|1,60fc7610b3fa521881e8f9f8,lt,1,10.0,4,3,Self-interest,0.5333839043039695,0.16337465739306584,0.20949721966058663,0.093744218642378
HP1943,676ed8014625d5ebd417b5f2|lt|1,676ed8014625d5ebd417b5f2,lt,1,10.0,4,2,Mutual Benefit / Cooperation,0.29549930410221686,0.28004026118041475,0.05845511964901625,0.3660053150683523
HP1944,66bebe02e300bb97421dc376|lt|1,66bebe02e300bb97421dc376,lt,1,9.0,4,3,Self-interest,0.2105308970703902,0.4606974304148184,0.2790446668766248,0.04972700563816661
HP1945,5f650058c1e0bf000976f01f|lt|1,5f650058c1e0bf000976f01f,lt,1,10.5,4,0,No clear justification,0.4942126599061985,0.3366337176340137,0.08081885289596451,0.08833476956382329
HP1946,64413c375a0ded04a4e99a3f|lt|1,64413c375a0ded04a4e99a3f,lt,1,11.0,4,0,No clear justification,0.5333839043039695,0.16337465739306584,0.20949721966058663,0.093744218642378
HP1947,5cc09f7c742632001a7a6e88|lt|1,5cc09f7c742632001a7a6e88,lt,1,5.5,4,0,No clear justification,0.6269897120501802,0.1760166965538242,0.09427636263188557,0.10271722876411007
HP1948,5f81b5dddf03dd0754915ca6|lt|1,5f81b5dddf03dd0754915ca6,lt,1,10.0,4,1,Moral,0.1769661927989961,0.6386753705475877,0.04056629668802582,0.14379213996539023
HP1949,5d869111a231d2001993a4cb|lt|1,5d869111a231d2001993a4cb,lt,1,12.0,4,0,No clear justification,0.6269897120501802,0.1760166965538242,0.09427636263188557,0.10271722876411007
HP1950,5e589bf82e08c90a78a29bbe|lt|1,5e589bf82e08c90a78a29bbe,lt,1,10.0,4,3,Self-interest,0.3344280201350416,0.12847461340551605,0.33328562936111017,0.20381173709833206
HP1951,5c36701dbef9a20001e36b89|lt|1,5c36701dbef9a20001e36b89,lt,1,9.5,4,3,Self-interest,0.41443586187376713,0.32053037872954265,0.18540049528189295,0.07963326411479715
HP1952,54f4e2d1fdf99b4e913fdf01|lt|1,54f4e2d1fdf99b4e913fdf01,lt,1,12.0,4,3,Self-interest,0.1763100696062318,0.0872963907267486,0.6929930298836686,0.04340050978335101
HP1953,5fba520e6c3b2e9c74d36273|lt|1,5fba520e6c3b2e9c74d36273,lt,1,12.0,4,3,Self-interest,0.21283783047922897,0.25374342986113624,0.48307353125974123,0.05034520839989365
HP1954,67a929fca6f522114c6bdec7|lt|1,67a929fca6f522114c6bdec7,lt,1,10.0,4,0,No clear justification,0.40210564953293104,0.3130992704092364,0.07109962709695446,0.21369545296087814
HP1955,5b06efd1732c5d000154de23|lt|1,5b06efd1732c5d000154de23,lt,1,12.0,4,3,Self-interest,0.29223770789326464,0.11855541659880493,0.5260074708807672,0.06319940462716314
HP1956,6522fa3ac0163b9e739d097d|lt|1,6522fa3ac0163b9e739d097d,lt,1,6.0,4,0,No clear justification,0.6269897120501802,0.1760166965538242,0.09427636263188557,0.10271722876411007
HP1957,66edc72a30ec9b38153f1b50|lt|1,66edc72a30ec9b38153f1b50,lt,1,9.0,4,1,Moral,0.1237850609358009,0.8131065313219651,0.031151559604184552,0.03195684813804926
HP1958,60e7044ddc2523fab6cbc0cd|lt|1,60e7044ddc2523fab6cbc0cd,lt,1,9.5,4,0,No clear justification,0.6269897120501802,0.1760166965538242,0.09427636263188557,0.10271722876411007
HP1959,66b61fbd217f905382984b89|lt|1,66b61fbd217f905382984b89,lt,1,12.0,4,1,Moral,0.1769661927989961,0.6386753705475877,0.040566296688025805,0.14379213996539028
HP1960,603307b722a1fb3938b8d740|lt|1,603307b722a1fb3938b8d740,lt,1,12.0,4,0,No clear justification,0.5333839043039695,0.16337465739306584,0.20949721966058663,0.093744218642378
HP1961,650c409b6112d165091bb2cc|lt|1,650c409b6112d165091bb2cc,lt,1,12.0,4,0,No clear justification,0.5175901320714036,0.16003328708235368,0.08387543312944978,0.2385011477167931
HP1962,67047fbe4a73fb7c0e482271|lt|1,67047fbe4a73fb7c0e482271,lt,1,10.0,4,0,No clear justification,0.6269897120501802,0.1760166965538242,0.09427636263188557,0.10271722876411007
HP1963,60a6b2ed58d0aaed52f1dcf4|lt|1,60a6b2ed58d0aaed52f1dcf4,lt,1,12.0,4,1,Moral,0.3545483905333952,0.5099070150392689,0.0649030767500414,0.07064151767729464
HP1964,66129913cfb0d4d6869dffd8|lt|1,66129913cfb0d4d6869dffd8,lt,1,10.0,4,1,Moral,0.22706200840793078,0.6737172189443169,0.04796413598603306,0.05125663666171926
HP1965,64f386a35e66f7ad22b38ccf|lt|1,64f386a35e66f7ad22b38ccf,lt,1,10.0,4,3,Self-interest,0.29223770789326464,0.11855541659880493,0.5260074708807672,0.06319940462716314
HP1966,652fbe161a35986b7fbfc940|lt|1,652fbe161a35986b7fbfc940,lt,1,10.0,4,1,Moral,0.2896032477114199,0.49293196878262985,0.15533328785454345,0.06213149565140682
HP1967,5af8641de19f8c00019e7235|lt|1,5af8641de19f8c00019e7235,lt,1,10.0,4,0,No clear justification,0.6269897120501802,0.1760166965538242,0.09427636263188557,0.10271722876411007
HP1968,6318aed60b7ae5e0c899d3ee|lt|1,6318aed60b7ae5e0c899d3ee,lt,1,10.0,4,3,Self-interest,0.2380406143230381,0.10615254962177081,0.29710324865532506,0.35870358739986613
HP1969,677edcc906221d9231bd83d7|lt|1,677edcc906221d9231bd83d7,lt,1,6.0,4,0,No clear justification,0.5333839043039695,0.16337465739306584,0.20949721966058663,0.093744218642378
HP1970,664647d420183b9017337dfa|lt|1,664647d420183b9017337dfa,lt,1,8.0,4,2,Mutual Benefit / Cooperation,0.213640254742172,0.09903511658406147,0.13831040116130694,0.5490142275124597
HP1971,66e9d794bd67a9a02ca66a8f|lt|1,66e9d794bd67a9a02ca66a8f,lt,1,10.0,4,0,No clear justification,0.4942126599061985,0.3366337176340137,0.08081885289596451,0.08833476956382329
HP1972,67380a0419c95d7829fc2144|lt|1,67380a0419c95d7829fc2144,lt,1,11.0,4,1,Moral,0.29549930410221686,0.2800402611804147,0.05845511964901625,0.3660053150683523
HP1973,62b2510090c080a481c2c8ef|lt|1,62b2510090c080a481c2c8ef,lt,1,10.0,4,0,No clear justification,0.4144358618737673,0.3205303787295426,0.18540049528189295,0.0796332641147972
HP1974,6313025a14dc3855afaf69d2|lt|1,6313025a14dc3855afaf69d2,lt,1,8.5,4,3,Self-interest,0.5333839043039695,0.16337465739306584,0.20949721966058663,0.093744218642378
HP1975,614b44224f28be10f5b5d4ed|lt|1,614b44224f28be10f5b5d4ed,lt,1,10.0,4,2,Mutual Benefit / Cooperation,0.3217143566882709,0.1254179026007705,0.1669812447610562,0.38588649594990243
HP1976,5d9b5e2d8465bf02e1190626|lt|1,5d9b5e2d8465bf02e1190626,lt,1,0.0,4,0,No clear justification,0.6269897120501802,0.1760166965538242,0.09427636263188557,0.10271722876411007
HP1977,65739900e4594000e0c7a2dc|lt|1,65739900e4594000e0c7a2dc,lt,1,9.0,4,1,Moral,0.22706200840793134,0.673717218944316,0.047964135986033295,0.05125663666171937
HP1978,5dce56cf1480fb0dfc4bfd2f|lt|1,5dce56cf1480fb0dfc4bfd2f,lt,1,6.5,4,2,Mutual Benefit / Cooperation,0.2682062751481175,0.11227257931727744,0.05533722874893187,0.5641839167856731
HP1979,629b3553f9621f7c65de7f5a|lt|1,629b3553f9621f7c65de7f5a,lt,1,8.5,4,0,No clear justification,0.4356158609361705,0.14747091953341482,0.19139677583359305,0.22551644369682175
HP1980,6671e7169998ec67e708d8b7|lt|1,6671e7169998ec67e708d8b7,lt,1,10.0,4,0,No clear justification,0.6269897120501802,0.1760166965538242,0.09427636263188557,0.10271722876411007
HP1981,671877457b87685e1d42f63c|lt|1,671877457b87685e1d42f63c,lt,1,8.0,4,0,No clear justification,0.40210564953293104,0.31309927040923635,0.07109962709695446,0.21369545296087814
HP1982,6320a1395b4e05325c746101|lt|1,6320a1395b4e05325c746101,lt,1,10.0,4,3,Self-interest,0.41659900686496226,0.14418069964561311,0.3588126530085171,0.0804076404809074
HP1983,63cfefc43323e05d2a6f554b|lt|1,63cfefc43323e05d2a6f554b,lt,1,9.0,4,3,Self-interest,0.29223770789326525,0.11855541659880514,0.5260074708807664,0.06319940462716331
HP1984,67aa74d967279f04eeb4b708|lt|1,67aa74d967279f04eeb4b708,lt,1,9.0,4,0,No clear justification,0.4942126599061985,0.3366337176340137,0.08081885289596451,0.08833476956382329
HP1985,66a424e1e9201c36707e1ff4|lt|1,66a424e1e9201c36707e1ff4,lt,1,8.0,4,2,Mutual Benefit / Cooperation,0.19908809608840994,0.4360729374521583,0.04453036143014455,0.32030860502928715
HP1986,62a33935e9d8352a774c285b|lt|1,62a33935e9d8352a774c285b,lt,1,10.0,4,2,Mutual Benefit / Cooperation,0.2682062751481181,0.11227257931727753,0.05533722874893197,0.5641839167856723
HP1987,5bf08e67d63d690001360a79|lt|1,5bf08e67d63d690001360a79,lt,1,12.0,4,3,Self-interest,0.31549614324188646,0.29336560541308826,0.3244319636922081,0.06670628765281718
HP1988,5e4fee53478084033f395903|lt|1,5e4fee53478084033f395903,lt,1,12.0,4,3,Self-interest,0.2922377078932648,0.11855541659880488,0.526007470880767,0.0631994046271632
HP1989,5f0c8cfb134b8f1010cba857|lt|1,5f0c8cfb134b8f1010cba857,lt,1,11.0,4,2,Mutual Benefit / Cooperation,0.3339529507097078,0.2969977975443399,0.16815409990166905,0.20089515184428322
HP1990,667da6ac378a8883e9c20227|lt|1,667da6ac378a8883e9c20227,lt,1,10.0,4,0,No clear justification,0.49421265990619834,0.3366337176340139,0.08081885289596454,0.08833476956382325
HP1991,5b6ee328bbc37000016a2e5c|lt|1,5b6ee328bbc37000016a2e5c,lt,1,10.5,4,0,No clear justification,0.3545483905333952,0.5099070150392689,0.0649030767500414,0.07064151767729464
HP1992,678d933aeecfeb40cd30b3a9|lt|1,678d933aeecfeb40cd30b3a9,lt,1,0.0,4,2,Mutual Benefit / Cooperation,0.5175901320714033,0.16003328708235356,0.08387543312944992,0.23850114771679326
HP1993,6234b0c299240379091680f4|lt|1,6234b0c299240379091680f4,lt,1,9.5,4,0,No clear justification,0.40210564953293104,0.3130992704092364,0.07109962709695446,0.21369545296087814
HP1994,59e6585c2f63d30001c8f9b2|lt|1,59e6585c2f63d30001c8f9b2,lt,1,12.0,4,0,No clear justification,0.5175901320714036,0.16003328708235368,0.08387543312944978,0.2385011477167931
HP1995,62ed040473cc253bdb75b3bf|lt|1,62ed040473cc253bdb75b3bf,lt,1,8.5,4,1,Moral,0.17821896442188515,0.6569749647031636,0.12158862973322472,0.04321744114172668
HP1996,5bc913d99427200001dd47f5|lt|1,5bc913d99427200001dd47f5,lt,1,9.5,4,3,Self-interest,0.5333839043039695,0.16337465739306584,0.20949721966058663,0.093744218642378
HP1997,5a4ff22bacc75b000179b0e9|lt|1,5a4ff22bacc75b000179b0e9,lt,1,7.0,4,0,No clear justification,0.40210564953293104,0.31309927040923635,0.07109962709695446,0.21369545296087814
HP1998,6312d110fc7b2e75f0e609a7|lt|1,6312d110fc7b2e75f0e609a7,lt,1,12.0,4,0,No clear justification,0.29549930410221653,0.2800402611804147,0.058455119649016174,0.36600531506835243
HP1999,613713a660ee306c2817c891|lt|1,613713a660ee306c2817c891,lt,1,8.0,4,3,Self-interest,0.33395295070970776,0.2969977975443398,0.16815409990166905,0.20089515184428328
HP2000,5dd61f689740545c506ee244|lt|1,5dd61f689740545c506ee244,lt,1,12.0,4,0,No clear justification,0.6269897120501802,0.1760166965538242,0.09427636263188557,0.10271722876411007
HP2001,5dbecb5e30c4d737494efe10|kw|1,5dbecb5e30c4d737494efe10,kw,1,10.5,4,3,Self-interest,0.3344280201350416,0.12847461340551605,0.33328562936111017,0.20381173709833214
HP2002,5b52fb6cb3c9400001f23bb5|kw|1,5b52fb6cb3c9400001f23bb5,kw,1,10.0,4,2,Mutual Benefit / Cooperation,0.19538758996206776,0.2392944373580499,0.04443898883201118,0.5208789838478711
HP2003,5dc08036fd08d4033964f469|kw|1,5dc08036fd08d4033964f469,kw,1,10.0,4,3,Self-interest,0.41659900686496226,0.14418069964561311,0.3588126530085171,0.0804076404809074
HP2004,66ef7a5b05edfd0f5bed68a6|kw|1,66ef7a5b05edfd0f5bed68a6,kw,1,12.0,4,0,No clear justification,0.6269897120501802,0.1760166965538242,0.09427636263188557,0.10271722876411007
HP2005,6698dc932afda97ccd9733be|kw|1,6698dc932afda97ccd9733be,kw,1,3.0,4,0,No clear justification,0.49421265990619834,0.3366337176340139,0.08081885289596454,0.08833476956382325
HP2006,5eff51c5bfbd094cb6252800|kw|1,5eff51c5bfbd094cb6252800,kw,1,4.5,4,0,No clear justification,0.6269897120501802,0.1760166965538242,0.09427636263188557,0.10271722876411007
HP2007,63e640530716cada35c239ea|kw|1,63e640530716cada35c239ea,kw,1,12.0,4,0,No clear justification,0.6269897120501802,0.1760166965538242,0.09427636263188557,0.10271722876411007
HP2008,5ce65c39baebc8001939a3ab|kw|1,5ce65c39baebc8001939a3ab,kw,1,8.0,4,0,No clear justification,0.4942126599061985,0.3366337176340137,0.08081885289596451,0.08833476956382329
HP2009,5c94d745f6a32b0015d323e8|kw|1,5c94d745f6a32b0015d323e8,kw,1,11.0,4,2,Mutual Benefit / Cooperation,0.2682062751481181,0.11227257931727753,0.05533722874893197,0.5641839167856723
HP2010,63468a615fe324360bedf63e|kw|1,63468a615fe324360bedf63e,kw,1,10.0,4,0,No clear justification,0.3545483905333952,0.5099070150392689,0.0649030767500414,0.07064151767729464
HP2011,62f6e81d42e7c4dea045f2fc|kw|1,62f6e81d42e7c4dea045f2fc,kw,1,12.0,4,0,No clear justification,0.6269897120501802,0.1760166965538242,0.09427636263188557,0.10271722876411007
HP2012,5f67d9a6db770f425d64de58|kw|1,5f67d9a6db770f425d64de58,kw,1,8.0,4,0,No clear justification,0.6269897120501802,0.1760166965538242,0.09427636263188557,0.10271722876411007
HP2013,5d04c56a0b54cc0001dad608|kw|1,5d04c56a0b54cc0001dad608,kw,1,0.0,4,0,No clear justification,0.6269897120501802,0.1760166965538242,0.09427636263188557,0.10271722876411007
HP2014,60c98cf01628dcd21551605b|kw|1,60c98cf01628dcd21551605b,kw,1,10.0,4,0,No clear justification,0.6269897120501802,0.1760166965538242,0.09427636263188557,0.10271722876411007
HP2015,5fba54733359979ab9a16056|kw|1,5fba54733359979ab9a16056,kw,1,12.0,4,3,Self-interest,0.21283783047922897,0.25374342986113624,0.48307353125974123,0.05034520839989365
HP2016,67ddd4f85ab870ffd90cc888|kw|1,67ddd4f85ab870ffd90cc888,kw,1,11.0,4,3,Self-interest,0.33442802013504147,0.12847461340551578,0.33328562936111,0.20381173709833272
HP2017,62b0c2e6bbb517b6acd0d241|kw|1,62b0c2e6bbb517b6acd0d241,kw,1,12.0,4,0,No clear justification,0.5333839043039695,0.16337465739306584,0.20949721966058663,0.093744218642378
HP2018,6787c508634bc22939b57be8|kw|1,6787c508634bc22939b57be8,kw,1,12.0,4,0,No clear justification,0.4144358618737673,0.3205303787295426,0.18540049528189295,0.0796332641147972
HP2019,651979733e35af04ce5fca4e|kw|1,651979733e35af04ce5fca4e,kw,1,6.0,4,0,No clear justification,0.3545483905333952,0.5099070150392689,0.0649030767500414,0.07064151767729464
HP2020,63ea43c4b693d4bd0ef6378d|kw|1,63ea43c4b693d4bd0ef6378d,kw,1,12.0,4,3,Self-interest,0.1763100696062318,0.0872963907267486,0.6929930298836686,0.04340050978335101
HP2021,676ed6c97f59dba5a786886d|kw|1,676ed6c97f59dba5a786886d,kw,1,8.0,4,2,Mutual Benefit / Cooperation,0.17696619279899628,0.6386753705475877,0.040566296688025784,0.1437921399653901
HP2022,5f625539ecec8c13b04d83e3|kw|1,5f625539ecec8c13b04d83e3,kw,1,12.0,4,2,Mutual Benefit / Cooperation,0.3908231886068378,0.13830044860556595,0.07045201150443106,0.4004243512831652
HP2023,5f59c4de09a8be00087bb9d0|kw|1,5f59c4de09a8be00087bb9d0,kw,1,9.0,4,0,No clear justification,0.5175901320714034,0.1600332870823536,0.08387543312945,0.238501147716793
HP2024,5e5c91241b530a000c03d815|kw|1,5e5c91241b530a000c03d815,kw,1,6.0,4,3,Self-interest,0.21283783047922897,0.25374342986113624,0.48307353125974123,0.05034520839989365
HP2025,61fa9085d42cb19beec4915d|kw|1,61fa9085d42cb19beec4915d,kw,1,6.0,4,2,Mutual Benefit / Cooperation,0.229324994404712,0.46292294542988777,0.13946186429595872,0.1682901958694415
HP2026,616802878b2577d953ddd763|kw|1,616802878b2577d953ddd763,kw,1,2.0,4,3,Self-interest,0.3154961432418863,0.2933656054130882,0.32443196369220856,0.06670628765281715
HP2027,5f91a0c5075eec02af730999|kw|1,5f91a0c5075eec02af730999,kw,1,5.5,4,1,Moral,0.1237850609358009,0.8131065313219651,0.031151559604184552,0.03195684813804926
HP2028,5b62baa92783fc0001132bef|kw|1,5b62baa92783fc0001132bef,kw,1,12.0,4,3,Self-interest,0.2922377078932648,0.11855541659880488,0.526007470880767,0.0631994046271632
HP2029,57bc1180d50f410001e16ee9|kw|1,57bc1180d50f410001e16ee9,kw,1,12.0,4,0,No clear justification,0.6269897120501802,0.1760166965538242,0.09427636263188557,0.10271722876411007
HP2030,5cdc33f20a246d001e2d839a|kw|1,5cdc33f20a246d001e2d839a,kw,1,4.0,4,2,Mutual Benefit / Cooperation,0.19908809608840994,0.4360729374521583,0.04453036143014455,0.32030860502928715
HP2031,66293dd4c51422edb482d223|kw|1,66293dd4c51422edb482d223,kw,1,7.0,4,0,No clear justification,0.41659900686496243,0.1441806996456132,0.3588126530085171,0.08040764048090744
HP2032,66619561132926a85baa3985|kw|1,66619561132926a85baa3985,kw,1,6.5,4,2,Mutual Benefit / Cooperation,0.5175901320714033,0.16003328708235356,0.08387543312944992,0.23850114771679326
HP2033,67fb712344e93ae6c23a6805|kw|1,67fb712344e93ae6c23a6805,kw,1,8.0,4,1,Moral,0.19908809608841005,0.43607293745215847,0.044530361430144334,0.32030860502928726
HP2034,63e63f77c742a91baf498dd0|kw|1,63e63f77c742a91baf498dd0,kw,1,11.5,4,3,Self-interest,0.22945053514428057,0.10349987572881561,0.4943965085114172,0.17265308061548654
HP2035,6655f99ef74e844cb8404cfa|kw|1,6655f99ef74e844cb8404cfa,kw,1,8.0,4,0,No clear justification,0.4942126599061985,0.3366337176340137,0.08081885289596451,0.08833476956382329
HP2036,5b55f0867c0c5e0001635ee3|kw|1,5b55f0867c0c5e0001635ee3,kw,1,6.0,4,1,Moral,0.1237850609358009,0.8131065313219651,0.031151559604184552,0.03195684813804926
HP2037,60abbb05288f7eeb1312c3b7|kw|1,60abbb05288f7eeb1312c3b7,kw,1,8.0,4,3,Self-interest,0.178218964421885,0.6569749647031637,0.12158862973322467,0.04321744114172665
HP2038,66c215f37fb5c5aced53c73e|kw|1,66c215f37fb5c5aced53c73e,kw,1,12.0,4,0,No clear justification,0.6269897120501802,0.1760166965538242,0.09427636263188557,0.10271722876411007
HP2039,5c9cb71960a25400174337a0|kw|1,5c9cb71960a25400174337a0,kw,1,12.0,4,0,No clear justification,0.6269897120501802,0.1760166965538242,0.09427636263188557,0.10271722876411007
HP2040,6667dbd3d056e51225c6522f|kw|1,6667dbd3d056e51225c6522f,kw,1,10.0,4,3,Self-interest,0.41659900686496226,0.14418069964561311,0.3588126530085171,0.0804076404809074
HP2041,676055523b2e338c11c6d4f8|kw|1,676055523b2e338c11c6d4f8,kw,1,11.0,4,0,No clear justification,0.5175901320714034,0.1600332870823536,0.08387543312945,0.238501147716793
HP2042,604e839302a74c2f2990f713|kw|1,604e839302a74c2f2990f713,kw,1,10.0,4,3,Self-interest,0.32171435668827075,0.12541790260077043,0.1669812447610561,0.3858864959499026
HP2043,63039577b518c6981e54da62|kw|1,63039577b518c6981e54da62,kw,1,12.0,4,1,Moral,0.49421265990619845,0.3366337176340137,0.08081885289596458,0.08833476956382325
HP2044,5dd3d566e05cad3b130de19a|kw|1,5dd3d566e05cad3b130de19a,kw,1,12.0,4,0,No clear justification,0.6269897120501802,0.1760166965538242,0.09427636263188557,0.10271722876411007
HP2045,5788e1834a84da00014c4199|kw|1,5788e1834a84da00014c4199,kw,1,12.0,4,3,Self-interest,0.3217143566882709,0.1254179026007705,0.1669812447610562,0.38588649594990243
HP2046,645e7b6f73146e7738e162e7|kw|1,645e7b6f73146e7738e162e7,kw,1,11.0,4,3,Self-interest,0.1763100696062318,0.0872963907267486,0.6929930298836686,0.04340050978335101
HP2047,6130bf45d26aace770c8a217|kw|1,6130bf45d26aace770c8a217,kw,1,9.0,4,0,No clear justification,0.6269897120501802,0.1760166965538242,0.09427636263188557,0.10271722876411007
HP2048,660460162a2b3e5c554cf140|kw|1,660460162a2b3e5c554cf140,kw,1,9.5,4,2,Mutual Benefit / Cooperation,0.3908231886068378,0.13830044860556595,0.07045201150443106,0.4004243512831652
HP2049,5bfd2d6b8acfed00011a5c89|kw|1,5bfd2d6b8acfed00011a5c89,kw,1,12.0,4,2,Mutual Benefit / Cooperation,0.16205840821175907,0.08278385413606335,0.039320128130979515,0.715837609521198
HP2050,5803cb9a3073510001231d82|kw|1,5803cb9a3073510001231d82,kw,1,9.0,4,0,No clear justification,0.6269897120501802,0.1760166965538242,0.09427636263188557,0.10271722876411007
HP2051,5a47c383e074d600013912cc|kw|1,5a47c383e074d600013912cc,kw,1,4.0,4,0,No clear justification,0.6269897120501802,0.1760166965538242,0.09427636263188557,0.10271722876411007
HP2052,5f218810dbe587339609aee4|kw|1,5f218810dbe587339609aee4,kw,1,11.0,4,0,No clear justification,0.5175901320714034,0.1600332870823536,0.08387543312945,0.238501147716793
HP2053,634689b708cc8c54b0ac8f9d|kw|1,634689b708cc8c54b0ac8f9d,kw,1,7.0,4,2,Mutual Benefit / Cooperation,0.19538758996206776,0.2392944373580499,0.04443898883201118,0.5208789838478711
HP2054,65c900c7a7dc9db70e311289|kw|1,65c900c7a7dc9db70e311289,kw,1,7.5,4,2,Mutual Benefit / Cooperation,0.3908231886068378,0.13830044860556595,0.07045201150443106,0.4004243512831652
HP2055,56c6e662b0b7a1000c5cdb21|kw|1,56c6e662b0b7a1000c5cdb21,kw,1,12.0,4,3,Self-interest,0.33395295070970776,0.2969977975443398,0.16815409990166905,0.20089515184428328
HP2056,650d9240b7f9fcecaf1f9656|kw|1,650d9240b7f9fcecaf1f9656,kw,1,3.5,4,0,No clear justification,0.5175901320714034,0.1600332870823536,0.08387543312945,0.238501147716793
HP2057,634689122e997b8299adeda5|kw|1,634689122e997b8299adeda5,kw,1,9.0,4,0,No clear justification,0.5175901320714034,0.1600332870823536,0.08387543312945,0.238501147716793
HP2058,5c4d8307782a2500019f5bfb|kw|1,5c4d8307782a2500019f5bfb,kw,1,12.0,4,3,Self-interest,0.1763100696062318,0.0872963907267486,0.6929930298836686,0.04340050978335101
HP2059,5c3a4e759e794d000129a225|kw|1,5c3a4e759e794d000129a225,kw,1,10.0,4,2,Mutual Benefit / Cooperation,0.16205840821175907,0.08278385413606335,0.039320128130979515,0.715837609521198
HP2060,56aa90d5638440000c8b506f|kw|1,56aa90d5638440000c8b506f,kw,1,6.0,4,2,Mutual Benefit / Cooperation,0.2682062751481181,0.11227257931727753,0.05533722874893197,0.5641839167856723
HP2061,656ddcbf866b84025844f011|kw|1,656ddcbf866b84025844f011,kw,1,6.0,4,3,Self-interest,0.229324994404712,0.46292294542988777,0.1394618642959587,0.1682901958694416
HP2062,5d5a72b1f6a633000186827b|kw|1,5d5a72b1f6a633000186827b,kw,1,0.0,4,3,Self-interest,0.31549614324188646,0.29336560541308826,0.3244319636922081,0.06670628765281718
HP2063,65e1e4ec67a8ab131c6868f2|kw|1,65e1e4ec67a8ab131c6868f2,kw,1,12.0,4,3,Self-interest,0.2922377078932648,0.11855541659880488,0.526007470880767,0.0631994046271632
HP2064,680d2d86e66d1e2a91357982|kw|1,680d2d86e66d1e2a91357982,kw,1,12.0,4,0,No clear justification,0.6269897120501802,0.1760166965538242,0.09427636263188557,0.10271722876411007
HP2065,65cbbb9b37abca7a65bc8f97|kw|1,65cbbb9b37abca7a65bc8f97,kw,1,11.0,4,3,Self-interest,0.5333839043039695,0.16337465739306584,0.20949721966058663,0.093744218642378
HP2066,650c3ea3bb7f3b500e2db7a1|kw|1,650c3ea3bb7f3b500e2db7a1,kw,1,9.0,4,2,Mutual Benefit / Cooperation,0.21364025474217208,0.09903511658406139,0.1383104011613069,0.5490142275124597
HP2067,6140ce04fc55c3149baf0f8b|kw|1,6140ce04fc55c3149baf0f8b,kw,1,12.0,4,0,No clear justification,0.29549930410221653,0.2800402611804147,0.058455119649016174,0.36600531506835243
HP2068,59f22a9fd6380600018b2929|kw|1,59f22a9fd6380600018b2929,kw,1,12.0,4,1,Moral,0.2896032477114199,0.49293196878262985,0.15533328785454345,0.06213149565140682
HP2069,676aa8c77ae361d05e202994|kw|1,676aa8c77ae361d05e202994,kw,1,8.0,4,1,Moral,0.1237850609358009,0.8131065313219651,0.031151559604184552,0.03195684813804926
HP2070,6786abc3a98055356d70eb64|kw|1,6786abc3a98055356d70eb64,kw,1,4.0,4,2,Mutual Benefit / Cooperation,0.402105649532931,0.31309927040923624,0.07109962709695446,0.21369545296087836
HP2071,5fa2b9a3c1d67f3a311db672|kw|1,5fa2b9a3c1d67f3a311db672,kw,1,6.0,4,3,Self-interest,0.22932499440471182,0.4629229454298878,0.13946186429595872,0.16829019586944163
HP2072,66d85bf2a76bd30f73bf7d6a|kw|1,66d85bf2a76bd30f73bf7d6a,kw,1,10.0,4,2,Mutual Benefit / Cooperation,0.5175901320714033,0.16003328708235356,0.08387543312944992,0.23850114771679326
HP2073,5a9ac3061eda410001366658|kw|1,5a9ac3061eda410001366658,kw,1,6.0,4,2,Mutual Benefit / Cooperation,0.2403522705787724,0.26307301699145974,0.144642408572185,0.351932303857583
HP2074,6914dc322c5412011be92338|kw|1,6914dc322c5412011be92338,kw,1,7.0,4,2,Mutual Benefit / Cooperation,0.2403522705787724,0.26307301699145974,0.144642408572185,0.351932303857583
HP2075,5f1c27b2554a0f483df235e7|kw|1,5f1c27b2554a0f483df235e7,kw,1,4.0,4,2,Mutual Benefit / Cooperation,0.29549930410221686,0.28004026118041475,0.05845511964901625,0.3660053150683523
HP2076,61019bc7cffccb7dc8d612b2|kw|1,61019bc7cffccb7dc8d612b2,kw,1,11.0,4,0,No clear justification,0.5175901320714036,0.16003328708235368,0.08387543312944978,0.2385011477167931
HP2077,60a2dc7661911b5c61c28b51|kw|1,60a2dc7661911b5c61c28b51,kw,1,11.0,4,3,Self-interest,0.2922377078932648,0.11855541659880488,0.526007470880767,0.0631994046271632
HP2078,5ad0422dfb109b0001a30f35|kw|1,5ad0422dfb109b0001a30f35,kw,1,12.0,4,0,No clear justification,0.4942126599061985,0.3366337176340137,0.08081885289596451,0.08833476956382329
HP2079,6303d61b4d70a5c93f583475|kw|1,6303d61b4d70a5c93f583475,kw,1,9.0,4,3,Self-interest,0.5333839043039695,0.16337465739306584,0.20949721966058663,0.093744218642378
HP2080,5ede22703409e1042973a050|kw|1,5ede22703409e1042973a050,kw,1,12.0,4,1,Moral,0.17821896442188515,0.6569749647031636,0.12158862973322472,0.04321744114172668
HP2081,5a4d194c87c6f8000137d680|kw|1,5a4d194c87c6f8000137d680,kw,1,12.0,4,0,No clear justification,0.6269897120501802,0.1760166965538242,0.09427636263188557,0.10271722876411007
HP2082,5d5ae10ebe4ce30015ee95e2|kw|1,5d5ae10ebe4ce30015ee95e2,kw,1,2.0,4,3,Self-interest,0.178218964421885,0.6569749647031637,0.12158862973322467,0.04321744114172665
HP2083,6647e64e68a80c2df0ecede1|kw|1,6647e64e68a80c2df0ecede1,kw,1,9.0,4,2,Mutual Benefit / Cooperation,0.3908231886068378,0.13830044860556595,0.07045201150443106,0.4004243512831652
HP2084,6819f6ed2c103fe0803b1cb5|kw|1,6819f6ed2c103fe0803b1cb5,kw,1,12.0,4,2,Mutual Benefit / Cooperation,0.16205840821175907,0.08278385413606335,0.039320128130979515,0.715837609521198
HP2085,63e51bd9b573cd46809e1d56|kw|1,63e51bd9b573cd46809e1d56,kw,1,7.0,4,2,Mutual Benefit / Cooperation,0.19908809608840994,0.4360729374521583,0.04453036143014455,0.32030860502928715
HP2086,6346ab31c7d314a6aad343d5|kw|1,6346ab31c7d314a6aad343d5,kw,1,12.0,4,0,No clear justification,0.33442802013504147,0.128474613405516,0.33328562936110995,0.2038117370983325
HP2087,5e3d98be8ed4a5000e47cf4c|kw|1,5e3d98be8ed4a5000e47cf4c,kw,1,0.0,4,3,Self-interest,0.4356158609361705,0.14747091953341482,0.191396775833593,0.22551644369682175
HP2088,5c5243d45acab700012608c7|kw|1,5c5243d45acab700012608c7,kw,1,12.0,4,0,No clear justification,0.6269897120501802,0.1760166965538242,0.09427636263188557,0.10271722876411007
HP2089,67ea369e95f5a4a14b11b557|kw|1,67ea369e95f5a4a14b11b557,kw,1,6.0,4,0,No clear justification,0.2896032477114199,0.49293196878262985,0.1553332878545436,0.06213149565140682
HP2090,614d9188dc315950026a6102|kw|1,614d9188dc315950026a6102,kw,1,12.0,4,0,No clear justification,0.3545483905333952,0.5099070150392689,0.0649030767500414,0.07064151767729464
HP2091,5ea7e9f15bc7011d31958608|kw|1,5ea7e9f15bc7011d31958608,kw,1,8.0,4,2,Mutual Benefit / Cooperation,0.3217143566882703,0.1254179026007711,0.1669812447610561,0.3858864959499025
HP2092,5dfcf9a12e47259f5bdcd77f|kw|1,5dfcf9a12e47259f5bdcd77f,kw,1,10.5,4,2,Mutual Benefit / Cooperation,0.2682062751481181,0.11227257931727753,0.05533722874893197,0.5641839167856723
HP2093,5e15047894d5eeb157532e7f|kw|1,5e15047894d5eeb157532e7f,kw,1,4.0,4,0,No clear justification,0.49421265990619834,0.3366337176340139,0.08081885289596454,0.08833476956382325
HP2094,641571922d04f807e7157a04|kw|1,641571922d04f807e7157a04,kw,1,10.0,4,0,No clear justification,0.6269897120501802,0.1760166965538242,0.09427636263188557,0.10271722876411007
HP2095,5d0b6647e28fd700010c55ac|kw|1,5d0b6647e28fd700010c55ac,kw,1,6.0,4,0,No clear justification,0.4942126599061985,0.3366337176340137,0.08081885289596451,0.08833476956382329
HP2096,5f4738bfa043201203a27b4b|kw|1,5f4738bfa043201203a27b4b,kw,1,12.0,4,1,Moral,0.17696619279899617,0.6386753705475876,0.04056629668802584,0.14379213996539028
HP2097,607de1d7c7cc25b639f63026|kw|1,607de1d7c7cc25b639f63026,kw,1,9.5,4,0,No clear justification,0.5175901320714034,0.1600332870823536,0.08387543312945,0.238501147716793
HP2098,5f49645bf271be4ba2e83871|kw|1,5f49645bf271be4ba2e83871,kw,1,10.0,4,1,Moral,0.1237850609358009,0.8131065313219651,0.031151559604184552,0.03195684813804926
HP2099,5fb156d6e16ee65ed2558d7c|kw|1,5fb156d6e16ee65ed2558d7c,kw,1,8.0,4,2,Mutual Benefit / Cooperation,0.24035227057877234,0.26307301699145974,0.144642408572185,0.35193230385758295
HP2100,668bb93b4eb858cd5cc42786|kw|1,668bb93b4eb858cd5cc42786,kw,1,6.0,4,0,No clear justification,0.6269897120501802,0.1760166965538242,0.09427636263188557,0.10271722876411007
HP2101,58c508c1b101a700012938fa|kw|1,58c508c1b101a700012938fa,kw,1,7.5,4,2,Mutual Benefit / Cooperation,0.19538758996206776,0.2392944373580499,0.04443898883201118,0.5208789838478711
HP2102,6776aa5ebfd096ef2a2f19e5|kw|1,6776aa5ebfd096ef2a2f19e5,kw,1,6.0,4,2,Mutual Benefit / Cooperation,0.3908231886068378,0.13830044860556595,0.07045201150443106,0.4004243512831652
HP2103,5f123d2f9926a1193a114e68|kw|1,5f123d2f9926a1193a114e68,kw,1,10.0,4,0,No clear justification,0.6269897120501802,0.1760166965538242,0.09427636263188557,0.10271722876411007
HP2104,5d6f8881a273800019397e62|kw|1,5d6f8881a273800019397e62,kw,1,12.0,4,2,Mutual Benefit / Cooperation,0.1990880960884101,0.4360729374521582,0.04453036143014435,0.32030860502928743
HP2105,5eaefa172e29805e3fc8081c|kw|1,5eaefa172e29805e3fc8081c,kw,1,10.0,4,2,Mutual Benefit / Cooperation,0.3908231886068378,0.13830044860556595,0.07045201150443106,0.4004243512831652
HP2106,597f662f89542d0001517d78|kw|1,597f662f89542d0001517d78,kw,1,11.0,4,2,Mutual Benefit / Cooperation,0.2682062751481175,0.11227257931727744,0.05533722874893187,0.5641839167856731
HP2107,672e4d2388e1ccc770c60315|kw|1,672e4d2388e1ccc770c60315,kw,1,8.0,4,3,Self-interest,0.2403522705787725,0.26307301699145996,0.14464240857218516,0.3519323038575824
HP2108,5b12dd2630d562000155d420|kw|1,5b12dd2630d562000155d420,kw,1,12.0,4,1,Moral,0.21053089707039016,0.4606974304148187,0.2790446668766247,0.04972700563816659
HP2109,5df967d2f6191f6e87b236e6|kw|1,5df967d2f6191f6e87b236e6,kw,1,4.5,4,3,Self-interest,0.21053089707039024,0.4606974304148182,0.2790446668766248,0.049727005638166566
HP2110,5aa50441b5e2110001c72b89|kw|1,5aa50441b5e2110001c72b89,kw,1,12.0,4,0,No clear justification,0.3908231886068378,0.13830044860556595,0.07045201150443106,0.4004243512831652
HP2111,66744f5894fa0c22d40a2fa9|kw|1,66744f5894fa0c22d40a2fa9,kw,1,11.5,4,2,Mutual Benefit / Cooperation,0.24035227057877234,0.26307301699145974,0.144642408572185,0.35193230385758295
HP2112,5c0558b8553fb80001191980|kw|1,5c0558b8553fb80001191980,kw,1,9.5,4,0,No clear justification,0.6269897120501802,0.1760166965538242,0.09427636263188557,0.10271722876411007
HP2113,678ff750175fa91b6ee9c424|kw|1,678ff750175fa91b6ee9c424,kw,1,12.0,4,2,Mutual Benefit / Cooperation,0.3344280201350417,0.1284746134055161,0.33328562936110995,0.20381173709833236
HP2114,5c91658e319e1200014f6f9b|kw|1,5c91658e319e1200014f6f9b,kw,1,12.0,4,0,No clear justification,0.6269897120501802,0.1760166965538242,0.09427636263188557,0.10271722876411007
HP2115,5c8d1d7b88549d0012e849fd|kw|1,5c8d1d7b88549d0012e849fd,kw,1,7.5,4,1,Moral,0.21283783047922897,0.2537434298611362,0.48307353125974123,0.05034520839989365
HP2116,676edbd71b2d6c518eae7b45|kw|1,676edbd71b2d6c518eae7b45,kw,1,7.0,4,0,No clear justification,0.5175901320714036,0.16003328708235368,0.08387543312944978,0.2385011477167931
HP2117,601d019311e8a602cf032726|kw|1,601d019311e8a602cf032726,kw,1,12.0,4,0,No clear justification,0.4942126599061985,0.3366337176340137,0.08081885289596451,0.08833476956382329
HP2118,64480f31061b43c4562401ce|kw|1,64480f31061b43c4562401ce,kw,1,3.0,4,0,No clear justification,0.5175901320714036,0.16003328708235368,0.08387543312944978,0.2385011477167931
HP2119,6760558ca4f9e25054c4f224|kw|1,6760558ca4f9e25054c4f224,kw,1,9.0,4,3,Self-interest,0.1763100696062318,0.0872963907267486,0.6929930298836686,0.04340050978335101
HP2120,62e3f19b60ada5ae7dfbc177|kw|1,62e3f19b60ada5ae7dfbc177,kw,1,12.0,4,2,Mutual Benefit / Cooperation,0.29549930410221686,0.2800402611804147,0.05845511964901625,0.3660053150683523
HP2121,66620b7efcaa40d33955df12|kw|1,66620b7efcaa40d33955df12,kw,1,11.0,4,3,Self-interest,0.22945053514428052,0.1034998757288157,0.4943965085114173,0.17265308061548645
HP2122,676075fb194ad11cc7649a1f|kw|1,676075fb194ad11cc7649a1f,kw,1,12.0,4,2,Mutual Benefit / Cooperation,0.29549930410221653,0.2800402611804147,0.058455119649016174,0.36600531506835243
HP2123,5e2f2afece5e9a4ef7de8452|kw|1,5e2f2afece5e9a4ef7de8452,kw,1,12.0,4,0,No clear justification,0.3908231886068378,0.13830044860556595,0.07045201150443106,0.4004243512831652
HP2124,62fb84d27e9d26a3b0e9cffc|kw|1,62fb84d27e9d26a3b0e9cffc,kw,1,12.0,4,0,No clear justification,0.6269897120501802,0.1760166965538242,0.09427636263188557,0.10271722876411007
HP2125,665d3b8935ef56ce74c4761f|kw|1,665d3b8935ef56ce74c4761f,kw,1,3.0,4,2,Mutual Benefit / Cooperation,0.19908809608840994,0.4360729374521583,0.04453036143014455,0.32030860502928715
HP2126,55e56224c70c7a00112a6565|kw|1,55e56224c70c7a00112a6565,kw,1,12.0,4,0,No clear justification,0.6269897120501802,0.1760166965538242,0.09427636263188557,0.10271722876411007
HP2127,600628028f2211980fd1632c|kw|1,600628028f2211980fd1632c,kw,1,6.0,4,3,Self-interest,0.21283783047922897,0.25374342986113624,0.48307353125974123,0.05034520839989365
HP2128,55747e4afdf99b6752df4183|kw|1,55747e4afdf99b6752df4183,kw,1,6.0,4,0,No clear justification,0.6269897120501802,0.1760166965538242,0.09427636263188557,0.10271722876411007
HP2129,677f6f8ab8362a15598d29af|kw|1,677f6f8ab8362a15598d29af,kw,1,10.0,4,0,No clear justification,0.6269897120501802,0.1760166965538242,0.09427636263188557,0.10271722876411007
HP2130,6367e0db54b21863c92a66bc|kw|1,6367e0db54b21863c92a66bc,kw,1,8.0,4,0,No clear justification,0.33442802013504147,0.12847461340551583,0.33328562936111067,0.20381173709833214
HP2131,5e9607da6b866106f5666075|kw|1,5e9607da6b866106f5666075,kw,1,10.0,4,3,Self-interest,0.3339529507097078,0.2969977975443399,0.16815409990166894,0.20089515184428322
HP2132,5eaaa1f09980ee025a0e1f12|kw|1,5eaaa1f09980ee025a0e1f12,kw,1,11.5,4,0,No clear justification,0.6269897120501802,0.1760166965538242,0.09427636263188557,0.10271722876411007
HP2133,66594968a8fca6ea85c9ac19|kw|1,66594968a8fca6ea85c9ac19,kw,1,12.0,4,2,Mutual Benefit / Cooperation,0.16205840821175907,0.08278385413606335,0.039320128130979515,0.715837609521198
HP2134,5c38dab0f0ae4c00011238c1|kw|1,5c38dab0f0ae4c00011238c1,kw,1,12.0,4,3,Self-interest,0.2380406143230381,0.10615254962177081,0.29710324865532506,0.35870358739986613
HP2135,61015eeeac2c6fae4f3696c6|kw|1,61015eeeac2c6fae4f3696c6,kw,1,12.0,4,0,No clear justification,0.6269897120501802,0.1760166965538242,0.09427636263188557,0.10271722876411007
HP2136,652a96faf5b1e3aec0272277|kw|1,652a96faf5b1e3aec0272277,kw,1,12.0,4,3,Self-interest,0.4356158609361705,0.14747091953341482,0.191396775833593,0.22551644369682175
HP2137,5e371378ce5a726a3e29ef7e|kw|1,5e371378ce5a726a3e29ef7e,kw,1,12.0,4,2,Mutual Benefit / Cooperation,0.17696619279899628,0.6386753705475877,0.040566296688025784,0.1437921399653901
HP2138,66ecbaf732d7637a943c139f|kw|1,66ecbaf732d7637a943c139f,kw,1,7.0,4,3,Self-interest,0.41659900686496226,0.14418069964561311,0.3588126530085171,0.0804076404809074
HP2139,67d7de6a1dfb7a9e45d11308|kw|1,67d7de6a1dfb7a9e45d11308,kw,1,6.0,4,0,No clear justification,0.6269897120501802,0.1760166965538242,0.09427636263188557,0.10271722876411007
HP2140,6722ae0741429fa41d8893db|kw|1,6722ae0741429fa41d8893db,kw,1,6.0,4,0,No clear justification,0.22706200840793134,0.673717218944316,0.047964135986033295,0.05125663666171937
HP2141,614e5092e08a3a2d3204ffd2|kw|1,614e5092e08a3a2d3204ffd2,kw,1,12.0,4,1,Moral,0.33395295070970793,0.29699779754433986,0.16815409990166905,0.2008951518442833
HP2142,5e04b9be7adf4bf23f066a2a|kw|1,5e04b9be7adf4bf23f066a2a,kw,1,11.5,4,2,Mutual Benefit / Cooperation,0.5175901320714033,0.16003328708235356,0.08387543312944992,0.23850114771679326
HP2143,58df4816aedfd50001526cb9|kw|1,58df4816aedfd50001526cb9,kw,1,12.0,4,0,No clear justification,0.6269897120501802,0.1760166965538242,0.09427636263188557,0.10271722876411007
HP2144,64d1362c539c9befa2bfc914|kw|1,64d1362c539c9befa2bfc914,kw,1,6.0,4,0,No clear justification,0.4942126599061985,0.3366337176340137,0.08081885289596451,0.08833476956382329
HP2145,612b5a2c55286e4cf74a63ee|kw|1,612b5a2c55286e4cf74a63ee,kw,1,3.0,4,0,No clear justification,0.4356158609361705,0.14747091953341482,0.19139677583359305,0.22551644369682175
HP2146,6598124cb009a156ae665edf|kw|1,6598124cb009a156ae665edf,kw,1,4.5,4,2,Mutual Benefit / Cooperation,0.3344280201350417,0.1284746134055161,0.33328562936110995,0.20381173709833236
HP2147,5d90f475c83a770017213e12|kw|1,5d90f475c83a770017213e12,kw,1,9.5,4,0,No clear justification,0.3908231886068378,0.13830044860556595,0.07045201150443106,0.4004243512831652
HP2148,5ee91869ec57d2169fca4494|kw|1,5ee91869ec57d2169fca4494,kw,1,11.5,4,3,Self-interest,0.21283783047922897,0.2537434298611362,0.48307353125974123,0.05034520839989365
HP2149,6642bc68a8130f486d2ae4b0|kw|1,6642bc68a8130f486d2ae4b0,kw,1,0.0,4,1,Moral,0.19908809608841005,0.43607293745215847,0.044530361430144334,0.32030860502928726
HP2150,5f836c9938d2da4fb75631ef|kw|1,5f836c9938d2da4fb75631ef,kw,1,11.5,4,0,No clear justification,0.6269897120501802,0.1760166965538242,0.09427636263188557,0.10271722876411007
HP2151,68f92957a58d956e7451acb9|kw|1,68f92957a58d956e7451acb9,kw,1,12.0,4,3,Self-interest,0.21283783047922897,0.2537434298611362,0.48307353125974123,0.05034520839989365
HP2152,5e3d33b27525e7117bd31778|kw|1,5e3d33b27525e7117bd31778,kw,1,12.0,4,0,No clear justification,0.5333839043039695,0.16337465739306584,0.20949721966058663,0.093744218642378
HP2153,66129825e6dad815d14d5b2b|kw|1,66129825e6dad815d14d5b2b,kw,1,11.0,4,0,No clear justification,0.3545483905333951,0.5099070150392688,0.06490307675004137,0.0706415176772946
HP2154,677ac5abfeff92f43b1755ba|kw|1,677ac5abfeff92f43b1755ba,kw,1,9.0,4,1,Moral,0.1782189644218849,0.6569749647031639,0.12158862973322467,0.043217441141726626
HP2155,6544ff9e0fb2eaaf83e2de5c|kw|1,6544ff9e0fb2eaaf83e2de5c,kw,1,12.0,4,0,No clear justification,0.5333839043039695,0.16337465739306584,0.20949721966058663,0.093744218642378
HP2156,59995d926c165e000113fb21|kw|1,59995d926c165e000113fb21,kw,1,9.0,4,3,Self-interest,0.41659900686496226,0.14418069964561311,0.3588126530085171,0.0804076404809074
HP2157,593c25fc048d06000182f21b|kw|1,593c25fc048d06000182f21b,kw,1,8.5,4,2,Mutual Benefit / Cooperation,0.25064028536589855,0.27004082828087145,0.29997266821542745,0.1793462181378025
HP2158,66aba3f6770ca5f663f7b9c7|kw|1,66aba3f6770ca5f663f7b9c7,kw,1,12.0,4,2,Mutual Benefit / Cooperation,0.3908231886068378,0.13830044860556595,0.07045201150443106,0.4004243512831652
HP2159,62e02660c3ef175825ab7655|kw|1,62e02660c3ef175825ab7655,kw,1,12.0,4,0,No clear justification,0.6269897120501802,0.1760166965538242,0.09427636263188557,0.10271722876411007
HP2160,5ea166af93435d0008a8a341|kw|1,5ea166af93435d0008a8a341,kw,1,10.0,4,3,Self-interest,0.3154961432418863,0.2933656054130882,0.32443196369220856,0.06670628765281715
HP2161,664151371b8b34f967a026d1|kw|1,664151371b8b34f967a026d1,kw,1,12.0,4,0,No clear justification,0.4942126599061985,0.3366337176340137,0.08081885289596451,0.08833476956382329
HP2162,671d15b4b59b2741dee8284a|kw|1,671d15b4b59b2741dee8284a,kw,1,6.0,4,2,Mutual Benefit / Cooperation,0.19908809608840994,0.4360729374521583,0.04453036143014455,0.32030860502928715
HP2163,677539286f78d2ffd6438cb0|kw|1,677539286f78d2ffd6438cb0,kw,1,6.0,4,3,Self-interest,0.3154961432418863,0.2933656054130882,0.32443196369220856,0.06670628765281715
HP2164,5a01ddf3728b1b0001ad8ad0|kw|1,5a01ddf3728b1b0001ad8ad0,kw,1,12.0,4,3,Self-interest,0.229324994404712,0.46292294542988777,0.1394618642959587,0.1682901958694416
HP2165,6665aedc9ae0e1cd7ac623f0|kw|1,6665aedc9ae0e1cd7ac623f0,kw,1,11.0,4,2,Mutual Benefit / Cooperation,0.29549930410221686,0.28004026118041475,0.05845511964901625,0.3660053150683523
HP2166,5e6e442f779df43f9b825868|kw|1,5e6e442f779df43f9b825868,kw,1,12.0,4,3,Self-interest,0.2922377078932648,0.11855541659880488,0.526007470880767,0.0631994046271632
HP2167,64412176f816c39534d16bf0|kw|1,64412176f816c39534d16bf0,kw,1,9.5,4,2,Mutual Benefit / Cooperation,0.3908231886068378,0.13830044860556595,0.07045201150443106,0.4004243512831652
HP2168,5c5404c24831db000161c5e8|kw|1,5c5404c24831db000161c5e8,kw,1,12.0,4,0,No clear justification,0.3154961432418863,0.2933656054130882,0.32443196369220856,0.06670628765281715
HP2169,65bca238c27f6c4538c37172|kw|1,65bca238c27f6c4538c37172,kw,1,12.0,4,0,No clear justification,0.6269897120501802,0.1760166965538242,0.09427636263188557,0.10271722876411007
HP2170,5d3d9749607ede001a0712df|kw|1,5d3d9749607ede001a0712df,kw,1,12.0,4,3,Self-interest,0.21053089707039024,0.4606974304148182,0.2790446668766248,0.049727005638166566
HP2171,64337cc5c12109dc730de8c6|kw|1,64337cc5c12109dc730de8c6,kw,1,9.0,4,1,Moral,0.33395295070970776,0.2969977975443399,0.16815409990166905,0.2008951518442833
HP2172,63f78c9346da47f7f8f3aef9|kw|1,63f78c9346da47f7f8f3aef9,kw,1,6.0,4,1,Moral,0.1237850609358009,0.8131065313219651,0.031151559604184552,0.03195684813804926
HP2173,6701f65ca63a3fae9d2e820e|kw|1,6701f65ca63a3fae9d2e820e,kw,1,3.0,4,1,Moral,0.1782189644218849,0.6569749647031639,0.12158862973322467,0.043217441141726626
HP2174,63ea5f39871e9fdef021a53d|kw|1,63ea5f39871e9fdef021a53d,kw,1,12.0,4,0,No clear justification,0.49421265990619834,0.3366337176340139,0.08081885289596454,0.08833476956382325
HP2175,5d544c78ee3a4700164ee73f|kw|1,5d544c78ee3a4700164ee73f,kw,1,8.0,4,1,Moral,0.17821896442188515,0.6569749647031636,0.12158862973322472,0.04321744114172668
HP2176,5d150669b296b500187df8f9|kw|1,5d150669b296b500187df8f9,kw,1,12.0,4,3,Self-interest,0.41659900686496243,0.1441806996456132,0.358812653008517,0.08040764048090744
HP2177,5efa4bdaca4722143101c0bc|kw|1,5efa4bdaca4722143101c0bc,kw,1,6.0,4,1,Moral,0.41443586187376713,0.32053037872954265,0.18540049528189295,0.07963326411479715
HP2178,65b2c1f20d8199c577778169|kw|1,65b2c1f20d8199c577778169,kw,1,12.0,4,0,No clear justification,0.41443586187376713,0.32053037872954265,0.18540049528189295,0.07963326411479715
HP2179,60aab5962c85a00f1bc9631c|kw|1,60aab5962c85a00f1bc9631c,kw,1,12.0,4,1,Moral,0.22706200840793078,0.6737172189443169,0.04796413598603306,0.05125663666171926
HP2180,5c7ecfbb4243370001ed2f0e|kw|1,5c7ecfbb4243370001ed2f0e,kw,1,10.0,4,0,No clear justification,0.3908231886068378,0.13830044860556595,0.07045201150443106,0.4004243512831652
HP2181,6126086041dbfc8b499a693c|kw|1,6126086041dbfc8b499a693c,kw,1,12.0,4,0,No clear justification,0.49421265990619834,0.3366337176340139,0.08081885289596454,0.08833476956382325
HP2182,6346e221d4cea480a1a39b52|kw|1,6346e221d4cea480a1a39b52,kw,1,11.0,4,1,Moral,0.2826392916409657,0.4797306886021939,0.05613954804253062,0.1814904717143098
HP2183,663b9c6e798074f8e71665c5|kw|1,663b9c6e798074f8e71665c5,kw,1,12.0,4,0,No clear justification,0.6269897120501802,0.1760166965538242,0.09427636263188557,0.10271722876411007
HP2184,5981b8259c83ca00012bddcb|kw|1,5981b8259c83ca00012bddcb,kw,1,10.0,4,0,No clear justification,0.6269897120501802,0.1760166965538242,0.09427636263188557,0.10271722876411007
HP2185,5f0766baa1aa2f12767758cd|kw|1,5f0766baa1aa2f12767758cd,kw,1,10.0,4,2,Mutual Benefit / Cooperation,0.3908231886068378,0.13830044860556595,0.07045201150443106,0.4004243512831652
HP2186,5b14265d30d562000155ea04|kw|1,5b14265d30d562000155ea04,kw,1,9.0,4,0,No clear justification,0.3908231886068378,0.13830044860556595,0.07045201150443106,0.4004243512831652
HP2187,6776a0c43e29f81f1d048d18|kw|1,6776a0c43e29f81f1d048d18,kw,1,12.0,4,3,Self-interest,0.22945053514428057,0.10349987572881561,0.4943965085114172,0.17265308061548654
HP2188,612384e91921ae1017430f38|kw|1,612384e91921ae1017430f38,kw,1,12.0,4,0,No clear justification,0.5333839043039695,0.16337465739306584,0.20949721966058663,0.093744218642378
HP2189,6694ffb87c99948599fbd488|kw|1,6694ffb87c99948599fbd488,kw,1,12.0,4,0,No clear justification,0.6269897120501802,0.1760166965538242,0.09427636263188557,0.10271722876411007
HP2190,66e31654470ca1ff856bc466|kw|1,66e31654470ca1ff856bc466,kw,1,12.0,4,0,No clear justification,0.6269897120501802,0.1760166965538242,0.09427636263188557,0.10271722876411007
HP2191,671279a5cee9ddb1711049e7|kw|1,671279a5cee9ddb1711049e7,kw,1,8.0,4,2,Mutual Benefit / Cooperation,0.5175901320714033,0.16003328708235356,0.08387543312944992,0.23850114771679326
HP2192,677650da17489eb0f07dec0d|kw|1,677650da17489eb0f07dec0d,kw,1,6.0,4,0,No clear justification,0.6269897120501802,0.1760166965538242,0.09427636263188557,0.10271722876411007
HP2193,67f0158b01e9ac80ef1ff943|kw|1,67f0158b01e9ac80ef1ff943,kw,1,7.0,4,0,No clear justification,0.6269897120501802,0.1760166965538242,0.09427636263188557,0.10271722876411007
HP2194,5c6071a1e1df700001ca8bf1|kw|1,5c6071a1e1df700001ca8bf1,kw,1,8.0,4,2,Mutual Benefit / Cooperation,0.229324994404712,0.46292294542988777,0.13946186429595872,0.1682901958694415
HP2195,6447b565df936347833ab73d|kw|1,6447b565df936347833ab73d,kw,1,6.0,4,2,Mutual Benefit / Cooperation,0.28263929164096574,0.4797306886021935,0.056139548042530796,0.18149047171431013
HP2196,663e6fac2a7a46907d91ce30|kw|1,663e6fac2a7a46907d91ce30,kw,1,3.5,4,0,No clear justification,0.6269897120501802,0.1760166965538242,0.09427636263188557,0.10271722876411007
HP2197,5ed5742f3d96410f9b7e0c16|kw|1,5ed5742f3d96410f9b7e0c16,kw,1,9.5,4,1,Moral,0.3545483905333951,0.5099070150392688,0.06490307675004137,0.0706415176772946
HP2198,66786fd4594ab649c244de43|kw|1,66786fd4594ab649c244de43,kw,1,12.0,4,3,Self-interest,0.2922377078932648,0.11855541659880488,0.526007470880767,0.0631994046271632
HP2199,669c13abec22054c1cce02e2|kw|1,669c13abec22054c1cce02e2,kw,1,6.0,4,0,No clear justification,0.5175901320714036,0.16003328708235368,0.08387543312944978,0.2385011477167931
HP2200,628e6211ac6b1a941a2294f9|kw|1,628e6211ac6b1a941a2294f9,kw,1,6.0,4,0,No clear justification,0.6269897120501802,0.1760166965538242,0.09427636263188557,0.10271722876411007
HP2201,676142fa1f9c3ccacb08b548|kw|1,676142fa1f9c3ccacb08b548,kw,1,2.0,4,0,No clear justification,0.4021056495329309,0.31309927040923635,0.07109962709695443,0.21369545296087827
HP2202,6784ea5cf89f784e621ac9fa|kw|1,6784ea5cf89f784e621ac9fa,kw,1,6.0,4,2,Mutual Benefit / Cooperation,0.402105649532931,0.31309927040923624,0.07109962709695446,0.21369545296087836
HP2203,671cdd2146a2a9d3d0535132|kw|1,671cdd2146a2a9d3d0535132,kw,1,12.0,4,2,Mutual Benefit / Cooperation,0.19538758996206776,0.2392944373580499,0.04443898883201118,0.5208789838478711
HP2204,5e76c87c0fd39b22d52eba04|kw|1,5e76c87c0fd39b22d52eba04,kw,1,12.0,4,1,Moral,0.28263929164096574,0.4797306886021935,0.056139548042530796,0.18149047171431013
HP2205,5f7894fb06b78643c9bcdd44|kw|1,5f7894fb06b78643c9bcdd44,kw,1,10.5,4,0,No clear justification,0.3545483905333952,0.5099070150392689,0.0649030767500414,0.07064151767729464
HP2206,66549dc5c1d9f3d7238ddda1|kw|1,66549dc5c1d9f3d7238ddda1,kw,1,10.5,4,0,No clear justification,0.6269897120501802,0.1760166965538242,0.09427636263188557,0.10271722876411007
HP2207,5483702ffdf99b24c654b810|kw|1,5483702ffdf99b24c654b810,kw,1,11.5,4,3,Self-interest,0.2403522705787725,0.2630730169914599,0.14464240857218516,0.3519323038575824
HP2208,614f39b82ccdbdd51c76cc50|kw|1,614f39b82ccdbdd51c76cc50,kw,1,6.0,4,2,Mutual Benefit / Cooperation,0.28263929164096574,0.4797306886021935,0.056139548042530796,0.18149047171431013
HP2209,67605405bfd9f40dd7ca2a24|kw|1,67605405bfd9f40dd7ca2a24,kw,1,8.0,4,2,Mutual Benefit / Cooperation,0.22932499440471193,0.46292294542988766,0.13946186429595875,0.1682901958694416
HP2210,6538fe8110063843a9f5c2b6|kw|1,6538fe8110063843a9f5c2b6,kw,1,9.5,4,0,No clear justification,0.6269897120501802,0.1760166965538242,0.09427636263188557,0.10271722876411007
HP2211,5e9adc3d7848b717401fb4c2|kw|1,5e9adc3d7848b717401fb4c2,kw,1,6.0,4,0,No clear justification,0.6269897120501802,0.1760166965538242,0.09427636263188557,0.10271722876411007
HP2212,60e0687e08d77efdaa4e9aa8|kw|1,60e0687e08d77efdaa4e9aa8,kw,1,0.0,4,1,Moral,0.1782189644218849,0.6569749647031639,0.12158862973322467,0.043217441141726626
HP2213,67ed75fa0c2423e85f8b3c8b|kw|1,67ed75fa0c2423e85f8b3c8b,kw,1,8.0,4,2,Mutual Benefit / Cooperation,0.29549930410221686,0.28004026118041475,0.05845511964901625,0.3660053150683523
HP2214,5ee1311e3348314f4f4a8d30|kw|1,5ee1311e3348314f4f4a8d30,kw,1,0.5,4,3,Self-interest,0.41659900686496226,0.14418069964561311,0.3588126530085171,0.0804076404809074
HP2215,63251e479509813fab713ad2|kw|1,63251e479509813fab713ad2,kw,1,4.0,4,0,No clear justification,0.4144358618737671,0.3205303787295428,0.18540049528189295,0.07963326411479715
HP2216,691dd5fab1ccbfaa2d6d085a|kw|1,691dd5fab1ccbfaa2d6d085a,kw,1,6.5,4,0,No clear justification,0.3545483905333952,0.5099070150392689,0.0649030767500414,0.07064151767729464
HP2217,5d510396f6725b001a4fc025|kw|1,5d510396f6725b001a4fc025,kw,1,2.5,4,0,No clear justification,0.41659900686496226,0.14418069964561311,0.3588126530085171,0.0804076404809074
HP2218,654e39528578beb912aee3a0|kw|1,654e39528578beb912aee3a0,kw,1,11.5,4,1,Moral,0.49421265990619845,0.3366337176340137,0.08081885289596458,0.08833476956382325
HP2219,68491eeead1c9115dbd5d603|kw|1,68491eeead1c9115dbd5d603,kw,1,6.0,4,3,Self-interest,0.2896032477114199,0.49293196878262985,0.15533328785454348,0.06213149565140682
HP2220,616d8ff5eeb9a8616afa647d|kw|1,616d8ff5eeb9a8616afa647d,kw,1,7.0,4,0,No clear justification,0.4942126599061985,0.3366337176340137,0.08081885289596451,0.08833476956382329
HP2221,582468295f4d1c0001c7c467|kw|1,582468295f4d1c0001c7c467,kw,1,11.0,4,2,Mutual Benefit / Cooperation,0.2682062751481181,0.11227257931727753,0.05533722874893197,0.5641839167856723
HP2222,67657279b0bce380fa33721e|kw|1,67657279b0bce380fa33721e,kw,1,6.0,4,0,No clear justification,0.2826392916409655,0.4797306886021938,0.05613954804253062,0.18149047171431004
HP2223,6662d218ea91c53879306d23|kw|1,6662d218ea91c53879306d23,kw,1,12.0,4,0,No clear justification,0.6269897120501802,0.1760166965538242,0.09427636263188557,0.10271722876411007
HP2224,6733d9a1dd373a1495f33f76|kw|1,6733d9a1dd373a1495f33f76,kw,1,12.0,4,3,Self-interest,0.5333839043039695,0.16337465739306584,0.20949721966058663,0.093744218642378
HP2225,644289697a8b924fa0b34c10|kw|1,644289697a8b924fa0b34c10,kw,1,7.0,4,0,No clear justification,0.5333839043039695,0.16337465739306584,0.20949721966058663,0.093744218642378
HP2226,5f07386c25b9522f898bac8f|kw|1,5f07386c25b9522f898bac8f,kw,1,11.5,4,0,No clear justification,0.49421265990619834,0.3366337176340139,0.08081885289596454,0.08833476956382325
HP2227,5dbe4c414d98b9351114504a|kw|1,5dbe4c414d98b9351114504a,kw,1,1.0,4,3,Self-interest,0.229324994404712,0.46292294542988777,0.1394618642959587,0.1682901958694416
HP2228,61058ec065679950ffada919|kw|1,61058ec065679950ffada919,kw,1,12.0,4,3,Self-interest,0.5333839043039695,0.16337465739306584,0.20949721966058663,0.093744218642378
HP2229,5c7cfb5a1a8c170001397f4c|kw|1,5c7cfb5a1a8c170001397f4c,kw,1,3.5,4,0,No clear justification,0.29223770789326525,0.11855541659880514,0.5260074708807664,0.06319940462716331
HP2230,6294de1b341cd20e308d1a4a|kw|1,6294de1b341cd20e308d1a4a,kw,1,11.0,4,1,Moral,0.22706200840793134,0.673717218944316,0.047964135986033295,0.05125663666171937
HP2231,66f6f78c68246dd27f4dcc05|kw|1,66f6f78c68246dd27f4dcc05,kw,1,11.5,4,0,No clear justification,0.6269897120501802,0.1760166965538242,0.09427636263188557,0.10271722876411007
HP2232,63b0888e6716ff9bc2cda151|kw|1,63b0888e6716ff9bc2cda151,kw,1,11.0,4,3,Self-interest,0.41443586187376713,0.32053037872954265,0.18540049528189295,0.07963326411479715
HP2233,5ba2cd9ee671c60001236628|kw|1,5ba2cd9ee671c60001236628,kw,1,10.5,4,0,No clear justification,0.6269897120501802,0.1760166965538242,0.09427636263188557,0.10271722876411007
HP2234,5f4d968cacc80fa73143cdf3|kw|1,5f4d968cacc80fa73143cdf3,kw,1,6.0,4,3,Self-interest,0.21053089707039044,0.4606974304148191,0.27904466687662394,0.04972700563816661
HP2235,65a5920088672d869713f267|kw|1,65a5920088672d869713f267,kw,1,12.0,4,3,Self-interest,0.2922377078932648,0.11855541659880488,0.526007470880767,0.0631994046271632
HP2236,5ee00b8630f30b34f2a5dc1c|kw|1,5ee00b8630f30b34f2a5dc1c,kw,1,12.0,4,1,Moral,0.2896032477114199,0.49293196878262985,0.15533328785454345,0.06213149565140682
HP2237,66aa6452750a59e377b0615b|kw|1,66aa6452750a59e377b0615b,kw,1,8.0,4,0,No clear justification,0.5333839043039695,0.16337465739306584,0.20949721966058663,0.093744218642378
HP2238,634c48cd5280c359cf6f5721|kw|1,634c48cd5280c359cf6f5721,kw,1,12.0,4,3,Self-interest,0.25064028536589866,0.2700408282808712,0.29997266821542734,0.17934621813780258
HP2239,5b405bb6c2e38100017612bb|kw|1,5b405bb6c2e38100017612bb,kw,1,12.0,4,0,No clear justification,0.6269897120501802,0.1760166965538242,0.09427636263188557,0.10271722876411007
HP2240,55ee11c37480920010aaac8b|kw|1,55ee11c37480920010aaac8b,kw,1,12.0,4,1,Moral,0.1769661927989961,0.6386753705475877,0.040566296688025805,0.14379213996539028
HP2241,62b2476fc924f1a048bd412b|kw|1,62b2476fc924f1a048bd412b,kw,1,12.0,4,3,Self-interest,0.22945053514428052,0.1034998757288157,0.4943965085114173,0.17265308061548645
HP2242,5dd61a909ca8a35c14d8d610|kw|1,5dd61a909ca8a35c14d8d610,kw,1,12.0,4,3,Self-interest,0.1763100696062318,0.0872963907267486,0.6929930298836686,0.04340050978335101
HP2243,6643bc4b7c72a9f1bcb44c5d|kw|1,6643bc4b7c72a9f1bcb44c5d,kw,1,8.0,4,0,No clear justification,0.40210564953293093,0.31309927040923635,0.07109962709695443,0.21369545296087827
HP2244,6675dbbeee7b1e2aa37a8eaa|kw|1,6675dbbeee7b1e2aa37a8eaa,kw,1,12.0,4,3,Self-interest,0.21053089707039024,0.4606974304148182,0.2790446668766248,0.049727005638166566
HP2245,5b0739faa84dcf0001bef230|kw|1,5b0739faa84dcf0001bef230,kw,1,12.0,4,2,Mutual Benefit / Cooperation,0.16205840821175907,0.08278385413606335,0.039320128130979515,0.715837609521198
HP2246,67b8ac4a64ff597388f3fcc1|kw|1,67b8ac4a64ff597388f3fcc1,kw,1,4.0,4,2,Mutual Benefit / Cooperation,0.4356158609361701,0.14747091953341515,0.19139677583359305,0.22551644369682172
HP2247,66620c13f3be060d78145a98|kw|1,66620c13f3be060d78145a98,kw,1,6.0,4,2,Mutual Benefit / Cooperation,0.19538758996206776,0.2392944373580499,0.04443898883201118,0.5208789838478711
HP2248,606ee8f52a168c78fda80c23|kw|1,606ee8f52a168c78fda80c23,kw,1,0.0,4,3,Self-interest,0.5333839043039695,0.16337465739306584,0.20949721966058663,0.093744218642378
HP2249,66c24e9899628532dd846326|kw|1,66c24e9899628532dd846326,kw,1,10.5,4,3,Self-interest,0.3344280201350414,0.12847461340551578,0.33328562936111067,0.20381173709833206
HP2250,5731b7f35b8b0600097c2d66|kw|1,5731b7f35b8b0600097c2d66,kw,1,10.0,4,1,Moral,0.1769661927989961,0.6386753705475877,0.04056629668802582,0.14379213996539023
HP2251,60fe22572fbdc4993e5c2e50|kw|1,60fe22572fbdc4993e5c2e50,kw,1,12.0,4,0,No clear justification,0.6269897120501802,0.1760166965538242,0.09427636263188557,0.10271722876411007
HP2252,61693b21fbf953323ceadf35|kw|1,61693b21fbf953323ceadf35,kw,1,11.0,4,0,No clear justification,0.2682062751481181,0.11227257931727753,0.05533722874893197,0.5641839167856723
HP2253,66d3755f3cb79a7b15921f8c|kw|1,66d3755f3cb79a7b15921f8c,kw,1,12.0,4,2,Mutual Benefit / Cooperation,0.21364025474217208,0.09903511658406139,0.1383104011613069,0.5490142275124597
HP2254,5ee2d96eac3291203650f16e|kw|1,5ee2d96eac3291203650f16e,kw,1,12.0,4,1,Moral,0.2896032477114199,0.49293196878262985,0.15533328785454345,0.06213149565140682
HP2255,5ef1e33a86d17508df13c097|kw|1,5ef1e33a86d17508df13c097,kw,1,12.0,4,3,Self-interest,0.41659900686496226,0.14418069964561311,0.3588126530085171,0.0804076404809074
HP2256,66ef8c16db6307178a651f0a|kw|1,66ef8c16db6307178a651f0a,kw,1,6.0,4,0,No clear justification,0.6269897120501802,0.1760166965538242,0.09427636263188557,0.10271722876411007
HP2257,5a61207cc0d8360001078f07|kw|1,5a61207cc0d8360001078f07,kw,1,12.0,4,0,No clear justification,0.3545483905333952,0.5099070150392689,0.0649030767500414,0.07064151767729464
HP2258,674a8f27f27a3b62151660a9|kw|1,674a8f27f27a3b62151660a9,kw,1,12.0,4,0,No clear justification,0.6269897120501802,0.1760166965538242,0.09427636263188557,0.10271722876411007
HP2259,6658f92784cb793eeaa052d0|kw|1,6658f92784cb793eeaa052d0,kw,1,12.0,4,1,Moral,0.2826392916409657,0.4797306886021939,0.05613954804253062,0.1814904717143098
HP2260,66fcd0716d928803a90f7537|kw|1,66fcd0716d928803a90f7537,kw,1,11.0,4,2,Mutual Benefit / Cooperation,0.2682062751481181,0.11227257931727753,0.05533722874893197,0.5641839167856723
HP2261,60affbb6c7f40f915c003533|kw|1,60affbb6c7f40f915c003533,kw,1,7.0,4,0,No clear justification,0.6269897120501802,0.1760166965538242,0.09427636263188557,0.10271722876411007
HP2262,63792c65e92e706fdb44c08a|kw|1,63792c65e92e706fdb44c08a,kw,1,12.0,4,3,Self-interest,0.229324994404712,0.46292294542988777,0.1394618642959587,0.1682901958694416
HP2263,662fb42cc3458e96dee33181|kw|1,662fb42cc3458e96dee33181,kw,1,10.0,4,3,Self-interest,0.2506402853658988,0.2700408282808714,0.29997266821542706,0.17934621813780266
HP2264,63469c570cfe46f801523b66|kw|1,63469c570cfe46f801523b66,kw,1,12.0,4,2,Mutual Benefit / Cooperation,0.3217143566882709,0.1254179026007705,0.1669812447610562,0.38588649594990243
HP2265,65fcff541a582fbad48a2d2e|kw|1,65fcff541a582fbad48a2d2e,kw,1,9.0,4,2,Mutual Benefit / Cooperation,0.229324994404712,0.46292294542988777,0.13946186429595872,0.1682901958694415
HP2266,6457abf2901da540ba46b6fd|kw|1,6457abf2901da540ba46b6fd,kw,1,9.0,4,0,No clear justification,0.6269897120501802,0.1760166965538242,0.09427636263188557,0.10271722876411007
HP2267,6605e2b8ed85746d2f6aed25|kw|1,6605e2b8ed85746d2f6aed25,kw,1,12.0,4,2,Mutual Benefit / Cooperation,0.24035227057877234,0.26307301699145974,0.144642408572185,0.35193230385758295
HP2268,6384704a7b906e6298d5087f|kw|1,6384704a7b906e6298d5087f,kw,1,12.0,4,3,Self-interest,0.31549614324188646,0.29336560541308826,0.3244319636922081,0.06670628765281718
HP2269,671a65c94ef5a96c18488902|kw|1,671a65c94ef5a96c18488902,kw,1,9.0,4,0,No clear justification,0.5333839043039695,0.16337465739306584,0.20949721966058663,0.093744218642378
HP2270,662ee0b0f3785c3fe59e191f|kw|1,662ee0b0f3785c3fe59e191f,kw,1,9.0,4,3,Self-interest,0.22932499440471182,0.4629229454298878,0.13946186429595872,0.16829019586944163
HP2271,67180c619687ce86be82b29f|kw|1,67180c619687ce86be82b29f,kw,1,12.0,4,1,Moral,0.49421265990619845,0.3366337176340137,0.08081885289596458,0.08833476956382325
HP2272,692bcf3bae7933fd836c696d|kw|1,692bcf3bae7933fd836c696d,kw,1,4.5,4,3,Self-interest,0.21053089707039024,0.4606974304148182,0.2790446668766248,0.049727005638166566
HP2273,6346f29c47d00fd118ae60ba|kw|1,6346f29c47d00fd118ae60ba,kw,1,12.0,4,0,No clear justification,0.6269897120501802,0.1760166965538242,0.09427636263188557,0.10271722876411007
HP2274,6643da4813f1eb4877d52fbf|kw|1,6643da4813f1eb4877d52fbf,kw,1,12.0,4,0,No clear justification,0.29223770789326525,0.11855541659880514,0.5260074708807664,0.06319940462716331
HP2275,691c9fe1c722dece45e6d6c9|kw|1,691c9fe1c722dece45e6d6c9,kw,1,10.0,4,1,Moral,0.22706200840793078,0.6737172189443169,0.04796413598603306,0.05125663666171926
HP2276,67325d10b9e0c58d803cd7ba|kw|1,67325d10b9e0c58d803cd7ba,kw,1,8.0,4,2,Mutual Benefit / Cooperation,0.29549930410221686,0.28004026118041475,0.05845511964901625,0.3660053150683523
HP2277,668d8ad2b98a8ddbe56ac935|kw|1,668d8ad2b98a8ddbe56ac935,kw,1,6.0,4,0,No clear justification,0.5175901320714036,0.16003328708235368,0.08387543312944978,0.2385011477167931
HP2278,5ed856266cb96135ff953e31|kw|1,5ed856266cb96135ff953e31,kw,1,7.0,4,1,Moral,0.29549930410221686,0.2800402611804147,0.05845511964901625,0.3660053150683523
HP2279,5f75285712d5ca1a99723b3a|kw|1,5f75285712d5ca1a99723b3a,kw,1,0.0,4,0,No clear justification,0.6269897120501802,0.1760166965538242,0.09427636263188557,0.10271722876411007
HP2280,67722f8e3a4f08a288a1f640|kw|1,67722f8e3a4f08a288a1f640,kw,1,11.0,4,0,No clear justification,0.3545483905333952,0.5099070150392689,0.0649030767500414,0.07064151767729464
HP2281,66aa52de62c06e01a958d91c|kw|1,66aa52de62c06e01a958d91c,kw,1,6.0,4,1,Moral,0.1782189644218849,0.6569749647031639,0.12158862973322467,0.043217441141726626
HP2282,662e86c0ca96b47a056ccd7b|kw|1,662e86c0ca96b47a056ccd7b,kw,1,10.0,4,3,Self-interest,0.31549614324188646,0.29336560541308826,0.3244319636922081,0.06670628765281718
HP2283,5a78e410ae9a0b0001a97274|kw|1,5a78e410ae9a0b0001a97274,kw,1,12.0,4,1,Moral,0.1782189644218849,0.6569749647031639,0.12158862973322467,0.043217441141726626
HP2284,6771d6ffa3daf824eede3f33|kw|1,6771d6ffa3daf824eede3f33,kw,1,9.0,4,0,No clear justification,0.3545483905333952,0.5099070150392689,0.0649030767500414,0.07064151767729464
HP2285,5f7b79a3e087e414513eb8c9|kw|1,5f7b79a3e087e414513eb8c9,kw,1,12.0,4,3,Self-interest,0.31549614324188646,0.29336560541308826,0.3244319636922081,0.06670628765281718
HP2286,655f94a8e52c55fdec3da167|kw|1,655f94a8e52c55fdec3da167,kw,1,12.0,4,2,Mutual Benefit / Cooperation,0.2682062751481181,0.11227257931727753,0.05533722874893197,0.5641839167856723
HP2287,5d544c49318f5300168b8f04|kw|1,5d544c49318f5300168b8f04,kw,1,8.0,4,1,Moral,0.1782189644218849,0.6569749647031639,0.12158862973322467,0.043217441141726626
HP2288,64517c6577e0f1230f87f59d|kw|1,64517c6577e0f1230f87f59d,kw,1,12.0,4,3,Self-interest,0.2922377078932648,0.11855541659880488,0.526007470880767,0.0631994046271632
HP2289,67dde7aad55fd4bb6c2dd4aa|kw|1,67dde7aad55fd4bb6c2dd4aa,kw,1,12.0,4,3,Self-interest,0.25064028536589855,0.27004082828087117,0.29997266821542734,0.17934621813780277
HP2290,5ea03adbaf097905ae0ecdd6|kw|1,5ea03adbaf097905ae0ecdd6,kw,1,3.0,4,0,No clear justification,0.5333839043039695,0.16337465739306584,0.20949721966058663,0.093744218642378
HP2291,60e37439f7c69f9e2d4466eb|kw|1,60e37439f7c69f9e2d4466eb,kw,1,2.0,4,0,No clear justification,0.6269897120501802,0.1760166965538242,0.09427636263188557,0.10271722876411007
HP2292,5e58333d4b439f04b1069026|kw|1,5e58333d4b439f04b1069026,kw,1,12.0,4,0,No clear justification,0.4942126599061985,0.3366337176340137,0.08081885289596451,0.08833476956382329
HP2293,5e8eee2c7925131a62e2262b|kw|1,5e8eee2c7925131a62e2262b,kw,1,8.0,4,2,Mutual Benefit / Cooperation,0.5175901320714033,0.16003328708235356,0.08387543312944992,0.23850114771679326
HP2294,6604553b209208bb096e10ac|kw|1,6604553b209208bb096e10ac,kw,1,9.5,4,0,No clear justification,0.4942126599061985,0.3366337176340137,0.08081885289596451,0.08833476956382329
HP2295,5ce5bcf74caf470001da7c33|kw|1,5ce5bcf74caf470001da7c33,kw,1,9.0,4,3,Self-interest,0.41659900686496226,0.14418069964561311,0.3588126530085171,0.0804076404809074
HP2296,5e5e9ac3f6e6231c65079fba|kw|1,5e5e9ac3f6e6231c65079fba,kw,1,10.0,4,0,No clear justification,0.6269897120501802,0.1760166965538242,0.09427636263188557,0.10271722876411007
HP2297,5db1dbb351eb21000c443e58|kw|1,5db1dbb351eb21000c443e58,kw,1,12.0,4,3,Self-interest,0.2922377078932648,0.11855541659880488,0.526007470880767,0.0631994046271632
HP2298,676059a89a0c103ec2d1f45e|kw|1,676059a89a0c103ec2d1f45e,kw,1,12.0,4,0,No clear justification,0.6269897120501802,0.1760166965538242,0.09427636263188557,0.10271722876411007
HP2299,605fbc12c61d8d10250f6e51|kw|1,605fbc12c61d8d10250f6e51,kw,1,11.0,4,0,No clear justification,0.5333839043039695,0.16337465739306584,0.20949721966058663,0.093744218642378
HP2300,6772f150498bef722006ff15|kw|1,6772f150498bef722006ff15,kw,1,12.0,4,1,Moral,0.49421265990619845,0.3366337176340137,0.08081885289596458,0.08833476956382325
HP2301,665e406a0f22e57ff8be5cde|kw|1,665e406a0f22e57ff8be5cde,kw,1,8.0,4,2,Mutual Benefit / Cooperation,0.19538758996206776,0.2392944373580499,0.04443898883201118,0.5208789838478711
HP2302,646ba54cb721ef9332b21599|kw|1,646ba54cb721ef9332b21599,kw,1,12.0,4,2,Mutual Benefit / Cooperation,0.16205840821175907,0.08278385413606335,0.039320128130979515,0.715837609521198
HP2303,6109e5a0f7755d8fcba8b50c|kw|1,6109e5a0f7755d8fcba8b50c,kw,1,12.0,4,2,Mutual Benefit / Cooperation,0.2682062751481181,0.11227257931727753,0.05533722874893197,0.5641839167856723
HP2304,67282bd83f8d0606edf4b368|kw|1,67282bd83f8d0606edf4b368,kw,1,10.0,4,3,Self-interest,0.31549614324188646,0.29336560541308826,0.3244319636922081,0.06670628765281718
HP2305,6064fef22d11e88491d1ac57|kw|1,6064fef22d11e88491d1ac57,kw,1,11.5,4,3,Self-interest,0.2922377078932648,0.11855541659880488,0.526007470880767,0.0631994046271632
HP2306,644af3263650e8dd9d942487|kw|1,644af3263650e8dd9d942487,kw,1,12.0,4,2,Mutual Benefit / Cooperation,0.29549930410221686,0.28004026118041475,0.05845511964901625,0.3660053150683523
HP2307,5fc1fdd411437431e95276d2|kw|1,5fc1fdd411437431e95276d2,kw,1,12.0,4,2,Mutual Benefit / Cooperation,0.5175901320714033,0.16003328708235356,0.08387543312944992,0.23850114771679326
HP2308,6658b2faa759210bfe72333e|kw|1,6658b2faa759210bfe72333e,kw,1,6.0,4,2,Mutual Benefit / Cooperation,0.2682062751481181,0.11227257931727753,0.05533722874893197,0.5641839167856723
HP2309,5f2abe80f40fa7364aad029d|kw|1,5f2abe80f40fa7364aad029d,kw,1,10.0,4,0,No clear justification,0.5175901320714034,0.1600332870823536,0.08387543312945,0.238501147716793
HP2310,63f7797962ef60aa14774fa3|kw|1,63f7797962ef60aa14774fa3,kw,1,10.0,4,2,Mutual Benefit / Cooperation,0.3908231886068378,0.13830044860556595,0.07045201150443106,0.4004243512831652
HP2311,5ef329d8cfbdc00379011819|kw|1,5ef329d8cfbdc00379011819,kw,1,6.0,4,3,Self-interest,0.229324994404712,0.46292294542988777,0.1394618642959587,0.1682901958694416
HP2312,5f2f1f80314d56309186caa1|kw|1,5f2f1f80314d56309186caa1,kw,1,10.0,4,1,Moral,0.2896032477114199,0.49293196878262985,0.1553332878545436,0.06213149565140682
HP2313,5e90cc485905f23f088be0b5|kw|1,5e90cc485905f23f088be0b5,kw,1,12.0,4,1,Moral,0.2896032477114199,0.49293196878262985,0.15533328785454348,0.06213149565140682
HP2314,58df90cecc6d9800018c5d58|kw|1,58df90cecc6d9800018c5d58,kw,1,6.0,4,0,No clear justification,0.5175901320714036,0.16003328708235368,0.08387543312944978,0.2385011477167931
HP2315,64badb09518eb5b219132eea|kw|1,64badb09518eb5b219132eea,kw,1,6.0,4,1,Moral,0.24035227057877234,0.2630730169914597,0.144642408572185,0.35193230385758295
HP2316,6674d66310b6684b86ddf7b9|kw|1,6674d66310b6684b86ddf7b9,kw,1,6.0,4,0,No clear justification,0.3545483905333951,0.5099070150392688,0.06490307675004137,0.0706415176772946
HP2317,5b9095901e21c10001e9e8ee|kw|1,5b9095901e21c10001e9e8ee,kw,1,10.0,4,0,No clear justification,0.6269897120501802,0.1760166965538242,0.09427636263188557,0.10271722876411007
HP2318,6761f674139fa42fb916e2cd|kw|1,6761f674139fa42fb916e2cd,kw,1,11.5,4,1,Moral,0.22706200840793134,0.673717218944316,0.047964135986033295,0.05125663666171937
HP2319,63d1a9e2d0149d86842dfaec|kw|1,63d1a9e2d0149d86842dfaec,kw,1,8.0,4,0,No clear justification,0.6269897120501802,0.1760166965538242,0.09427636263188557,0.10271722876411007
HP2320,681b72a2c71900147281b597|kw|1,681b72a2c71900147281b597,kw,1,6.0,4,2,Mutual Benefit / Cooperation,0.5175901320714033,0.16003328708235356,0.08387543312944992,0.23850114771679326
HP2321,62b1d2b897646fe6bb832b1f|kw|1,62b1d2b897646fe6bb832b1f,kw,1,10.0,4,0,No clear justification,0.3908231886068378,0.13830044860556595,0.07045201150443106,0.4004243512831652
HP2322,6740d9355c7dd3559c352450|kw|1,6740d9355c7dd3559c352450,kw,1,12.0,4,0,No clear justification,0.6269897120501802,0.1760166965538242,0.09427636263188557,0.10271722876411007
HP2323,62ebdec52d1d02eb574af604|kw|1,62ebdec52d1d02eb574af604,kw,1,6.0,4,1,Moral,0.21283783047922897,0.2537434298611362,0.48307353125974123,0.05034520839989365
HP2324,596e000bfb7959000162f52f|kw|1,596e000bfb7959000162f52f,kw,1,12.0,4,0,No clear justification,0.5175901320714036,0.16003328708235368,0.08387543312944978,0.2385011477167931
HP2325,666f6b8954f3cb859fcd99d9|kw|1,666f6b8954f3cb859fcd99d9,kw,1,11.5,4,0,No clear justification,0.6269897120501802,0.1760166965538242,0.09427636263188557,0.10271722876411007
HP2326,5e7e72de99b9e6553dc28dcf|kw|1,5e7e72de99b9e6553dc28dcf,kw,1,7.5,4,0,No clear justification,0.5175901320714034,0.1600332870823536,0.08387543312945,0.238501147716793
HP2327,63d404714ce0efcd04fe331f|kw|1,63d404714ce0efcd04fe331f,kw,1,12.0,4,0,No clear justification,0.6269897120501802,0.1760166965538242,0.09427636263188557,0.10271722876411007
HP2328,5e70bf61017e070009a8a738|kw|1,5e70bf61017e070009a8a738,kw,1,7.5,4,0,No clear justification,0.6269897120501802,0.1760166965538242,0.09427636263188557,0.10271722876411007
HP2329,663a600c0eee049c542fe178|kw|1,663a600c0eee049c542fe178,kw,1,11.0,4,0,No clear justification,0.5175901320714034,0.1600332870823536,0.08387543312945,0.238501147716793
HP2330,5a21aabb2b98bc0001a67c65|kw|1,5a21aabb2b98bc0001a67c65,kw,1,8.0,4,3,Self-interest,0.3344280201350414,0.12847461340551578,0.33328562936111067,0.20381173709833206
HP2331,63ea46ac57c552d3b4ff83bc|kw|1,63ea46ac57c552d3b4ff83bc,kw,1,12.0,4,2,Mutual Benefit / Cooperation,0.3217143566882703,0.1254179026007711,0.1669812447610561,0.3858864959499025
HP2332,5e170b9ad51cf301722d91d2|kw|1,5e170b9ad51cf301722d91d2,kw,1,8.0,4,0,No clear justification,0.6269897120501802,0.1760166965538242,0.09427636263188557,0.10271722876411007
HP2333,60a07dab2b21a84ed893146f|kw|1,60a07dab2b21a84ed893146f,kw,1,6.0,4,0,No clear justification,0.5175901320714036,0.16003328708235368,0.08387543312944978,0.2385011477167931
HP2334,623478aa93ccbf5fc88ad4f7|kw|1,623478aa93ccbf5fc88ad4f7,kw,1,12.0,4,0,No clear justification,0.6269897120501802,0.1760166965538242,0.09427636263188557,0.10271722876411007
HP2335,5b0e8d65d282ff00015bb9d1|kw|1,5b0e8d65d282ff00015bb9d1,kw,1,1.0,4,0,No clear justification,0.6269897120501802,0.1760166965538242,0.09427636263188557,0.10271722876411007
HP2336,5d4b60dc00652c0015664282|kw|1,5d4b60dc00652c0015664282,kw,1,8.0,4,0,No clear justification,0.6269897120501802,0.1760166965538242,0.09427636263188557,0.10271722876411007
HP2337,623e8acb225d566928a597e1|kw|1,623e8acb225d566928a597e1,kw,1,6.0,4,2,Mutual Benefit / Cooperation,0.229324994404712,0.46292294542988777,0.13946186429595872,0.1682901958694415
HP2338,63deeebc2822414d8f9e5958|kw|1,63deeebc2822414d8f9e5958,kw,1,6.5,4,0,No clear justification,0.3545483905333952,0.5099070150392689,0.0649030767500414,0.07064151767729464
HP2339,66484cfc664a1d8dd22f2fcf|kw|1,66484cfc664a1d8dd22f2fcf,kw,1,10.0,4,3,Self-interest,0.2922377078932648,0.11855541659880488,0.526007470880767,0.0631994046271632
HP2340,67a7d4e19fee63cbe222ae02|kw|1,67a7d4e19fee63cbe222ae02,kw,1,10.0,4,0,No clear justification,0.5333839043039695,0.16337465739306584,0.20949721966058663,0.093744218642378
HP2341,6385176faa1fd90c21cd7cb0|kw|1,6385176faa1fd90c21cd7cb0,kw,1,5.0,4,3,Self-interest,0.41659900686496226,0.14418069964561311,0.3588126530085171,0.0804076404809074
HP2342,5e3ec7559b43781188725eea|kw|1,5e3ec7559b43781188725eea,kw,1,7.0,4,3,Self-interest,0.229324994404712,0.46292294542988777,0.1394618642959587,0.1682901958694416
HP2343,5c6b646349b7f0000120b659|kw|1,5c6b646349b7f0000120b659,kw,1,6.0,4,1,Moral,0.1782189644218849,0.6569749647031639,0.12158862973322467,0.043217441141726626
HP2344,5de398993cf27939a25abc5f|kw|1,5de398993cf27939a25abc5f,kw,1,12.0,4,0,No clear justification,0.5175901320714036,0.16003328708235368,0.08387543312944978,0.2385011477167931
HP2345,67790b473a8122e8a6d74a2e|kw|1,67790b473a8122e8a6d74a2e,kw,1,9.0,4,3,Self-interest,0.4144358618737672,0.32053037872954276,0.18540049528189287,0.0796332641147972
HP2346,5c4338d8a04c050001a0a876|kw|1,5c4338d8a04c050001a0a876,kw,1,1.0,4,0,No clear justification,0.3545483905333952,0.5099070150392689,0.0649030767500414,0.07064151767729464
HP2347,5e0a4154deea2b2c63fb1062|kw|1,5e0a4154deea2b2c63fb1062,kw,1,10.0,4,2,Mutual Benefit / Cooperation,0.2403522705787724,0.26307301699145974,0.144642408572185,0.351932303857583
HP2348,66debd6416b5185254e88395|kw|1,66debd6416b5185254e88395,kw,1,9.0,4,0,No clear justification,0.5175901320714034,0.1600332870823536,0.08387543312945,0.238501147716793
HP2349,66e18dd39ec0f599d774111a|kw|1,66e18dd39ec0f599d774111a,kw,1,10.0,4,0,No clear justification,0.6269897120501802,0.1760166965538242,0.09427636263188557,0.10271722876411007
HP2350,62fcd411235f5eb27a9c02c5|kw|1,62fcd411235f5eb27a9c02c5,kw,1,6.0,4,1,Moral,0.41443586187376713,0.32053037872954265,0.18540049528189295,0.07963326411479715
HP2351,5bc0c8bb1526430001e61bad|kw|1,5bc0c8bb1526430001e61bad,kw,1,4.0,4,0,No clear justification,0.6269897120501802,0.1760166965538242,0.09427636263188557,0.10271722876411007
HP2352,5b1200ffd282ff00015c0154|kw|1,5b1200ffd282ff00015c0154,kw,1,10.0,4,0,No clear justification,0.6269897120501802,0.1760166965538242,0.09427636263188557,0.10271722876411007
HP2353,62ba066a4093b931382ec48f|kw|1,62ba066a4093b931382ec48f,kw,1,12.0,4,3,Self-interest,0.5333839043039695,0.16337465739306584,0.20949721966058663,0.093744218642378
HP2354,55d7805c69dbc30012b67f32|kw|1,55d7805c69dbc30012b67f32,kw,1,6.0,4,2,Mutual Benefit / Cooperation,0.229324994404712,0.46292294542988777,0.13946186429595872,0.1682901958694415
HP2355,5e36f262185582000ae281b4|kw|1,5e36f262185582000ae281b4,kw,1,10.0,4,0,No clear justification,0.6269897120501802,0.1760166965538242,0.09427636263188557,0.10271722876411007
HP2356,666e0c9327fd060cb231509e|kw|1,666e0c9327fd060cb231509e,kw,1,12.0,4,3,Self-interest,0.1763100696062318,0.0872963907267486,0.6929930298836686,0.04340050978335101
HP2357,5e505dcdad88cd0b518342d9|kw|1,5e505dcdad88cd0b518342d9,kw,1,11.0,4,0,No clear justification,0.5175901320714034,0.1600332870823536,0.08387543312945,0.238501147716793
HP2358,5b8011a80a67ca0001cc3f9b|kw|1,5b8011a80a67ca0001cc3f9b,kw,1,10.0,4,0,No clear justification,0.4356158609361705,0.14747091953341482,0.19139677583359305,0.22551644369682175
HP2359,59607e59aba046000124bf07|kw|1,59607e59aba046000124bf07,kw,1,12.0,4,3,Self-interest,0.32171435668827075,0.12541790260077043,0.1669812447610561,0.3858864959499026
HP2360,640349ae900739316aca0f9f|kw|1,640349ae900739316aca0f9f,kw,1,6.5,4,0,No clear justification,0.4942126599061985,0.3366337176340137,0.08081885289596451,0.08833476956382329
HP2361,666272fcedf2850ab9824b47|kw|1,666272fcedf2850ab9824b47,kw,1,10.0,4,2,Mutual Benefit / Cooperation,0.2682062751481181,0.11227257931727753,0.05533722874893197,0.5641839167856723
HP2362,66621659860c05fcca83a646|kw|1,66621659860c05fcca83a646,kw,1,4.0,4,3,Self-interest,0.5333839043039695,0.16337465739306584,0.20949721966058663,0.093744218642378
HP2363,5e13859753e8469d270982c0|kw|1,5e13859753e8469d270982c0,kw,1,6.0,4,1,Moral,0.3545483905333951,0.5099070150392688,0.06490307675004137,0.0706415176772946
HP2364,614e3f7def73ee04e730819e|kw|1,614e3f7def73ee04e730819e,kw,1,6.0,4,3,Self-interest,0.178218964421885,0.6569749647031637,0.12158862973322467,0.04321744114172665
HP2365,672a7e2aad8ecc9a5a2128dd|kw|1,672a7e2aad8ecc9a5a2128dd,kw,1,12.0,4,2,Mutual Benefit / Cooperation,0.3908231886068378,0.13830044860556595,0.07045201150443106,0.4004243512831652
HP2366,653ab786a5162b73aac38bc9|kw|1,653ab786a5162b73aac38bc9,kw,1,12.0,4,3,Self-interest,0.1763100696062318,0.0872963907267486,0.6929930298836686,0.04340050978335101
HP2367,612f86f8af34e91afac0451d|kw|1,612f86f8af34e91afac0451d,kw,1,12.0,4,2,Mutual Benefit / Cooperation,0.5175901320714033,0.16003328708235356,0.08387543312944992,0.23850114771679326
HP2368,5eb6cf3ef3a1805c660fd56c|kw|1,5eb6cf3ef3a1805c660fd56c,kw,1,9.0,4,3,Self-interest,0.178218964421885,0.6569749647031637,0.12158862973322467,0.04321744114172665
HP2369,6788199a271759466f1eb944|kw|1,6788199a271759466f1eb944,kw,1,12.0,4,2,Mutual Benefit / Cooperation,0.2682062751481181,0.11227257931727753,0.05533722874893197,0.5641839167856723
HP2370,676057f153989704c62cdc7a|kw|1,676057f153989704c62cdc7a,kw,1,12.0,4,0,No clear justification,0.6269897120501802,0.1760166965538242,0.09427636263188557,0.10271722876411007
HP2371,67838f3e71616a9dcc042173|kw|1,67838f3e71616a9dcc042173,kw,1,8.0,4,3,Self-interest,0.4356158609361701,0.14747091953341515,0.191396775833593,0.2255164436968218
HP2372,60f8ecf62fd4924ff8ea9300|kw|1,60f8ecf62fd4924ff8ea9300,kw,1,9.0,4,1,Moral,0.22706200840793134,0.673717218944316,0.047964135986033295,0.05125663666171937
HP2373,691cae7c882b7b58261d3dab|kw|1,691cae7c882b7b58261d3dab,kw,1,12.0,4,0,No clear justification,0.6269897120501802,0.1760166965538242,0.09427636263188557,0.10271722876411007
HP2374,663502026e662c1124df1b0b|kw|1,663502026e662c1124df1b0b,kw,1,11.5,4,0,No clear justification,0.5175901320714036,0.16003328708235368,0.08387543312944978,0.2385011477167931
HP2375,5fdbae0584b3a90525410347|kw|1,5fdbae0584b3a90525410347,kw,1,7.0,4,2,Mutual Benefit / Cooperation,0.19908809608840994,0.4360729374521583,0.04453036143014455,0.32030860502928715
HP2376,6772eeb04cc894a8827b1ed1|kw|1,6772eeb04cc894a8827b1ed1,kw,1,7.5,4,0,No clear justification,0.6269897120501802,0.1760166965538242,0.09427636263188557,0.10271722876411007
HP2377,5d2466b24813f6000188f4b4|kw|1,5d2466b24813f6000188f4b4,kw,1,10.0,4,3,Self-interest,0.4356158609361701,0.14747091953341515,0.191396775833593,0.2255164436968218
HP2378,674bfd855d300ddd3a4628ab|kw|1,674bfd855d300ddd3a4628ab,kw,1,8.0,4,3,Self-interest,0.41659900686496243,0.1441806996456132,0.358812653008517,0.08040764048090744
HP2379,6613eaa8e44e25e801f85215|kw|1,6613eaa8e44e25e801f85215,kw,1,10.0,4,2,Mutual Benefit / Cooperation,0.5175901320714033,0.16003328708235356,0.08387543312944992,0.23850114771679326
HP2380,5a36d2890006450001bf1d34|kw|1,5a36d2890006450001bf1d34,kw,1,12.0,4,3,Self-interest,0.4356158609361701,0.14747091953341515,0.191396775833593,0.2255164436968218
HP2381,66c290bb20faa822520e73e3|kw|1,66c290bb20faa822520e73e3,kw,1,12.0,4,2,Mutual Benefit / Cooperation,0.22932499440471193,0.46292294542988766,0.13946186429595875,0.1682901958694416
HP2382,663e2e8a4c7d721dca2aa866|kw|1,663e2e8a4c7d721dca2aa866,kw,1,6.0,4,2,Mutual Benefit / Cooperation,0.19538758996206776,0.2392944373580499,0.04443898883201118,0.5208789838478711
HP2383,6612fd1462232a5cbec549e3|kw|1,6612fd1462232a5cbec549e3,kw,1,8.0,4,1,Moral,0.49421265990619845,0.3366337176340137,0.08081885289596458,0.08833476956382325
HP2384,63d7cc044d54f16580fa7005|kw|1,63d7cc044d54f16580fa7005,kw,1,12.0,4,0,No clear justification,0.40210564953293104,0.31309927040923635,0.07109962709695446,0.21369545296087808
HP2385,63ced9adadc38e1acc2b58b6|kw|1,63ced9adadc38e1acc2b58b6,kw,1,10.5,4,1,Moral,0.40210564953293104,0.3130992704092364,0.07109962709695446,0.21369545296087814
HP2386,6750e0068ca44f6ecff8b70d|kw|1,6750e0068ca44f6ecff8b70d,kw,1,9.0,4,0,No clear justification,0.3908231886068378,0.13830044860556595,0.07045201150443106,0.4004243512831652
HP2387,672ed285dbe86b0a33526edd|kw|1,672ed285dbe86b0a33526edd,kw,1,12.0,4,0,No clear justification,0.41443586187376713,0.32053037872954265,0.18540049528189295,0.07963326411479715
HP2388,663e721c25f558c476b26fa6|kw|1,663e721c25f558c476b26fa6,kw,1,11.0,4,0,No clear justification,0.4356158609361705,0.14747091953341482,0.19139677583359305,0.22551644369682175
HP2389,67d94f701307ac0887c44909|kw|1,67d94f701307ac0887c44909,kw,1,7.0,4,3,Self-interest,0.2896032477114199,0.49293196878262985,0.15533328785454348,0.06213149565140682
HP2390,5edbaa3a56e98e05e908d8dd|kw|1,5edbaa3a56e98e05e908d8dd,kw,1,0.0,4,3,Self-interest,0.178218964421885,0.6569749647031637,0.12158862973322467,0.04321744114172665
HP2391,667987c18f34110073ae20b7|kw|1,667987c18f34110073ae20b7,kw,1,12.0,4,2,Mutual Benefit / Cooperation,0.2403522705787724,0.26307301699145974,0.144642408572185,0.351932303857583
HP2392,5efec43017f2363e1bf47368|kw|1,5efec43017f2363e1bf47368,kw,1,12.0,4,0,No clear justification,0.6269897120501802,0.1760166965538242,0.09427636263188557,0.10271722876411007
HP2393,64d542239dcf23c895827837|kw|1,64d542239dcf23c895827837,kw,1,8.0,4,0,No clear justification,0.49421265990619834,0.3366337176340139,0.08081885289596454,0.08833476956382325
HP2394,652d611038c822d956559d74|kw|1,652d611038c822d956559d74,kw,1,6.0,4,1,Moral,0.17821896442188515,0.6569749647031636,0.12158862973322472,0.04321744114172668
HP2395,671fbc862b5c7b635c9980de|kw|1,671fbc862b5c7b635c9980de,kw,1,8.0,4,2,Mutual Benefit / Cooperation,0.21364025474217208,0.09903511658406139,0.1383104011613069,0.5490142275124597
HP2396,669596ba18d75e2e696b992e|kw|1,669596ba18d75e2e696b992e,kw,1,10.0,4,0,No clear justification,0.6269897120501802,0.1760166965538242,0.09427636263188557,0.10271722876411007
HP2397,5ff7ee108c6cb45141fe8c61|kw|1,5ff7ee108c6cb45141fe8c61,kw,1,8.0,4,0,No clear justification,0.5175901320714034,0.1600332870823536,0.08387543312945,0.238501147716793
HP2398,63d5438c43c3c41d0ffd96c0|kw|1,63d5438c43c3c41d0ffd96c0,kw,1,12.0,4,3,Self-interest,0.3339529507097078,0.29699779754433986,0.168154099901669,0.2008951518442833
HP2399,60d6355b141b39035fda0e50|kw|1,60d6355b141b39035fda0e50,kw,1,6.0,4,3,Self-interest,0.2136402547421732,0.09903511658406174,0.13831040116130736,0.5490142275124577
HP2400,59ce5e24aeef3b0001021a58|kw|1,59ce5e24aeef3b0001021a58,kw,1,12.0,4,0,No clear justification,0.6269897120501802,0.1760166965538242,0.09427636263188557,0.10271722876411007
HP2401,6148a744a4927f58c507b905|lt|1,6148a744a4927f58c507b905,lt,1,8.0,6,3,Self-interest,0.25838561308901076,0.5974370583092572,0.08336623946316762,0.060811089138564305
HP2402,676cda38d41e0a0ffae1fa4a|lt|1,676cda38d41e0a0ffae1fa4a,lt,1,10.0,6,0,No clear justification,0.3166950699139014,0.1677145211860507,0.09887792203208595,0.41671248686796203
HP2403,6695700163bdc868081f582c|lt|1,6695700163bdc868081f582c,lt,1,7.0,6,2,Mutual Benefit / Cooperation,0.17467315327225666,0.29060431579521684,0.02389759126395014,0.5108249396685762
HP2404,5ea7f2a576434f0008303441|lt|1,5ea7f2a576434f0008303441,lt,1,11.0,6,0,No clear justification,0.26559654851421544,0.3419217368253171,0.03160452695866952,0.3608771877017979
HP2405,5edf3a73f4a50b1de157ff46|lt|1,5edf3a73f4a50b1de157ff46,lt,1,8.0,6,2,Mutual Benefit / Cooperation,0.14426084512027446,0.7072591998152798,0.019892268065273853,0.12858768699917186
HP2406,6650ecda2657647b60a302eb|lt|1,6650ecda2657647b60a302eb,lt,1,10.0,6,0,No clear justification,0.3166950699139008,0.16771452118605146,0.09887792203208587,0.41671248686796203
HP2407,5fad44ce8b587c0008f18de1|lt|1,5fad44ce8b587c0008f18de1,lt,1,8.0,6,2,Mutual Benefit / Cooperation,0.36858280651845077,0.17718159628067262,0.039967678416490855,0.41426791878438585
HP2408,578bb26f6cc44500010448c8|lt|1,578bb26f6cc44500010448c8,lt,1,10.5,6,1,Moral,0.30465731767265686,0.5952060746423841,0.03354765414456286,0.06658895354039626
HP2409,665ac7e640ab88f807fbb0c6|lt|1,665ac7e640ab88f807fbb0c6,lt,1,10.5,6,0,No clear justification,0.4362837158220443,0.20063744085164803,0.11530833810712406,0.24777050521918367
HP2410,66a8eda4f49a5a822db402ef|lt|1,66a8eda4f49a5a822db402ef,lt,1,8.0,6,1,Moral,0.19884554324223272,0.5910933627528139,0.15853841912405686,0.05152267488089652
HP2411,673e0f21862638c66615b402|lt|1,673e0f21862638c66615b402,lt,1,8.0,6,2,Mutual Benefit / Cooperation,0.1702143886689573,0.5064661025469155,0.022901713225744507,0.30041779555838266
HP2412,55a47692fdf99b126e625257|lt|1,55a47692fdf99b126e625257,lt,1,12.0,6,0,No clear justification,0.5419600825083313,0.22550301683560242,0.12804612315300323,0.10449077750306299
HP2413,6776856f2c66987268831c12|lt|1,6776856f2c66987268831c12,lt,1,6.5,6,2,Mutual Benefit / Cooperation,0.4362837158220443,0.20063744085164803,0.11530833810712406,0.24777050521918367
HP2414,5bf1c9d332cb3b0001f6f1c3|lt|1,5bf1c9d332cb3b0001f6f1c3,lt,1,10.0,6,0,No clear justification,0.49431998181733655,0.20762171612144634,0.04818565095013229,0.24987265111108473
HP2415,5f25681567da711e51c043ab|lt|1,5f25681567da711e51c043ab,lt,1,9.0,6,1,Moral,0.24215382357458926,0.5583372055360891,0.028932667960150094,0.17057630292917142
HP2416,5f05ef4bd552bc0009e5566c|lt|1,5f05ef4bd552bc0009e5566c,lt,1,9.0,6,1,Moral,0.4505015563669862,0.4168504887662603,0.0443155238613381,0.08833243100541549
HP2417,677536fb35bfe170ef2d8f1e|lt|1,677536fb35bfe170ef2d8f1e,lt,1,10.5,6,0,No clear justification,0.5419600825083313,0.22550301683560242,0.12804612315300323,0.10449077750306299
HP2418,6763dc05af46629317e23da3|lt|1,6763dc05af46629317e23da3,lt,1,10.0,6,0,No clear justification,0.45050155636698613,0.41685048876626024,0.0443155238613381,0.08833243100541549
HP2419,676fac42c5d67b8d23097ec2|lt|1,676fac42c5d67b8d23097ec2,lt,1,12.0,6,1,Moral,0.2035399356923175,0.5581452350113723,0.07445853446586707,0.1638562948304432
HP2420,60dc63cf94238618c443b2d9|lt|1,60dc63cf94238618c443b2d9,lt,1,9.0,6,0,No clear justification,0.5419600825083313,0.22550301683560242,0.12804612315300323,0.10449077750306299
HP2421,676766f61c9f4c0f0bdee598|lt|1,676766f61c9f4c0f0bdee598,lt,1,12.0,6,0,No clear justification,0.6055011420679335,0.23091316297702333,0.054766898380815186,0.10881879657422795
HP2422,5d4bf8571348c800174c6ecb|lt|1,5d4bf8571348c800174c6ecb,lt,1,11.0,6,2,Mutual Benefit / Cooperation,0.17467315327225666,0.2906043157952168,0.02389759126395014,0.5108249396685762
HP2423,5c2d0d21e263990001799ef3|lt|1,5c2d0d21e263990001799ef3,lt,1,6.0,6,1,Moral,0.1988455432422329,0.5910933627528134,0.15853841912405703,0.05152267488089649
HP2424,60170c02d3a5ad927c5ccb77|lt|1,60170c02d3a5ad927c5ccb77,lt,1,10.0,6,0,No clear justification,0.6055011420679335,0.23091316297702333,0.054766898380815186,0.10881879657422795
HP2425,6773d37facb21b017a209893|lt|1,6773d37facb21b017a209893,lt,1,8.0,6,1,Moral,0.14960933382239136,0.7491932673353002,0.0613986063636433,0.03979879247866516
HP2426,5d3f7902e945e000191de6e4|lt|1,5d3f7902e945e000191de6e4,lt,1,10.0,6,0,No clear justification,0.6055011420679335,0.23091316297702333,0.054766898380815186,0.10881879657422795
HP2427,5eaeeae9cde8075d1f14c369|lt|1,5eaeeae9cde8075d1f14c369,lt,1,12.0,6,2,Mutual Benefit / Cooperation,0.4362837158220443,0.20063744085164803,0.11530833810712406,0.24777050521918367
HP2428,5a28bf2b8766a40001900b24|lt|1,5a28bf2b8766a40001900b24,lt,1,11.0,6,2,Mutual Benefit / Cooperation,0.24997835167664748,0.1421501877990467,0.0310249898166468,0.576846470707659
HP2429,662613a0c132844f74a62143|lt|1,662613a0c132844f74a62143,lt,1,12.0,6,0,No clear justification,0.49431998181733666,0.20762171612144636,0.04818565095013214,0.24987265111108478
HP2430,65181d02b39c0df9f861bdf7|lt|1,65181d02b39c0df9f861bdf7,lt,1,9.0,6,2,Mutual Benefit / Cooperation,0.2066873298405711,0.13015482034991854,0.08049082608817111,0.5826670237213393
HP2431,672539aa74aa5a08ab440626|lt|1,672539aa74aa5a08ab440626,lt,1,11.5,6,0,No clear justification,0.30465731767265686,0.595206074642384,0.03354765414456286,0.06658895354039626
HP2432,65dca5938d478475cf3fe47f|lt|1,65dca5938d478475cf3fe47f,lt,1,12.0,6,0,No clear justification,0.4362837158220443,0.20063744085164803,0.11530833810712401,0.24777050521918373
HP2433,5c61c7c590c46f00016a3598|lt|1,5c61c7c590c46f00016a3598,lt,1,8.0,6,0,No clear justification,0.45050155636698613,0.41685048876626024,0.0443155238613381,0.08833243100541549
HP2434,59b73df56039190001eaa9e7|lt|1,59b73df56039190001eaa9e7,lt,1,10.0,6,1,Moral,0.18500235463348177,0.7456769190405618,0.023507702327228236,0.04581302399872819
HP2435,5d403b7d4e509a0019f664f0|lt|1,5d403b7d4e509a0019f664f0,lt,1,5.5,6,2,Mutual Benefit / Cooperation,0.49431998181733666,0.20762171612144636,0.04818565095013214,0.24987265111108473
HP2436,5d59cb467ca41f0001e97e1f|lt|1,5d59cb467ca41f0001e97e1f,lt,1,9.0,6,2,Mutual Benefit / Cooperation,0.2421538235745893,0.5583372055360896,0.02893266796015016,0.17057630292917103
HP2437,67ace3fc5892a4d45463156b|lt|1,67ace3fc5892a4d45463156b,lt,1,12.0,6,3,Self-interest,0.5419600825083313,0.22550301683560242,0.12804612315300323,0.10449077750306299
HP2438,6656119c51d601a4abe8d5e9|lt|1,6656119c51d601a4abe8d5e9,lt,1,12.0,6,0,No clear justification,0.6055011420679335,0.23091316297702333,0.054766898380815186,0.10881879657422795
HP2439,631a030ace0fd33c62501d10|lt|1,631a030ace0fd33c62501d10,lt,1,9.0,6,3,Self-interest,0.35843718156359805,0.1870544256071363,0.21487592546919115,0.23963246736007437
HP2440,67d1926649cf8a4fd2b27d37|lt|1,67d1926649cf8a4fd2b27d37,lt,1,12.0,6,2,Mutual Benefit / Cooperation,0.3166950699139014,0.1677145211860507,0.09887792203208595,0.41671248686796203
HP2441,5975b75a2356570001085d0c|lt|1,5975b75a2356570001085d0c,lt,1,9.0,6,1,Moral,0.2035399356923175,0.5581452350113721,0.07445853446586712,0.16385629483044326
HP2442,672d2977ae54935ef84a2b74|lt|1,672d2977ae54935ef84a2b74,lt,1,11.0,6,1,Moral,0.19884554324223272,0.5910933627528139,0.15853841912405686,0.05152267488089652
HP2443,60cb9d680909d3c4756c8a10|lt|1,60cb9d680909d3c4756c8a10,lt,1,10.0,6,0,No clear justification,0.6055011420679335,0.23091316297702333,0.054766898380815186,0.10881879657422795
HP2444,67722aa65639cba87301c81c|lt|1,67722aa65639cba87301c81c,lt,1,8.5,6,1,Moral,0.30465731767265686,0.5952060746423841,0.03354765414456286,0.06658895354039626
HP2445,683cbc0c0c2d722831c8bc17|lt|1,683cbc0c0c2d722831c8bc17,lt,1,12.0,6,1,Moral,0.17021438866895722,0.5064661025469158,0.022901713225744618,0.30041779555838255
HP2446,67add383589c14add2318b76|lt|1,67add383589c14add2318b76,lt,1,6.0,6,0,No clear justification,0.6055011420679335,0.23091316297702333,0.054766898380815186,0.10881879657422795
HP2447,67769241493edf11292d6766|lt|1,67769241493edf11292d6766,lt,1,9.0,6,0,No clear justification,0.6055011420679335,0.23091316297702333,0.054766898380815186,0.10881879657422795
HP2448,6701db7d27bdd24afded38f2|lt|1,6701db7d27bdd24afded38f2,lt,1,8.0,6,2,Mutual Benefit / Cooperation,0.4362837158220443,0.20063744085164803,0.11530833810712406,0.24777050521918367
HP2449,5ff96b0f4c41e2257cad88a9|lt|1,5ff96b0f4c41e2257cad88a9,lt,1,10.0,6,1,Moral,0.18500235463348227,0.7456769190405609,0.02350770232722836,0.04581302399872832
HP2450,666450bcded6c84b0806511a|lt|1,666450bcded6c84b0806511a,lt,1,9.5,6,1,Moral,0.4505015563669862,0.4168504887662603,0.0443155238613381,0.08833243100541549
HP2451,60a2c2ea04fc6b2de2f14da9|lt|1,60a2c2ea04fc6b2de2f14da9,lt,1,12.0,6,3,Self-interest,0.39517525916560853,0.41518522220506077,0.10634181887510843,0.08329769975422222
HP2452,5e7a6846f0f631000a4e2b9d|lt|1,5e7a6846f0f631000a4e2b9d,lt,1,10.0,6,2,Mutual Benefit / Cooperation,0.17467315327225666,0.29060431579521684,0.02389759126395014,0.5108249396685762
HP2453,6670cffc0b0b33d080d23092|lt|1,6670cffc0b0b33d080d23092,lt,1,12.0,6,2,Mutual Benefit / Cooperation,0.36858280651845077,0.17718159628067262,0.039967678416490855,0.41426791878438585
HP2454,5cdfb5e4b5dcb500011d0d07|lt|1,5cdfb5e4b5dcb500011d0d07,lt,1,12.0,6,0,No clear justification,0.6055011420679335,0.23091316297702333,0.054766898380815186,0.10881879657422795
HP2455,60fcc9bd0941136df8103299|lt|1,60fcc9bd0941136df8103299,lt,1,10.0,6,0,No clear justification,0.49431998181733666,0.20762171612144636,0.04818565095013214,0.24987265111108478
HP2456,5fb4f7b816ba5b1868ac6bd2|lt|1,5fb4f7b816ba5b1868ac6bd2,lt,1,12.0,6,2,Mutual Benefit / Cooperation,0.24997835167664748,0.1421501877990467,0.0310249898166468,0.576846470707659
HP2457,673928131ab7d604bcf2c23a|lt|1,673928131ab7d604bcf2c23a,lt,1,12.0,6,0,No clear justification,0.6055011420679335,0.23091316297702333,0.054766898380815186,0.10881879657422795
HP2458,5f512e03b3a4953287604eed|lt|1,5f512e03b3a4953287604eed,lt,1,10.0,6,1,Moral,0.24215382357458926,0.5583372055360891,0.028932667960150094,0.17057630292917142
HP2459,6286737e656f5b75009aae55|lt|1,6286737e656f5b75009aae55,lt,1,8.0,6,0,No clear justification,0.364020199307567,0.38504158473483424,0.03871804383923239,0.21222017211836627
HP2460,67375e9176409bd468c25d2d|lt|1,67375e9176409bd468c25d2d,lt,1,10.0,6,0,No clear justification,0.6055011420679335,0.23091316297702333,0.054766898380815186,0.10881879657422795
HP2461,66d045a6b838b2a1ff99653a|lt|1,66d045a6b838b2a1ff99653a,lt,1,10.0,6,1,Moral,0.30465731767265686,0.5952060746423841,0.03354765414456286,0.06658895354039626
HP2462,5af3c4e197a14300017d3f49|lt|1,5af3c4e197a14300017d3f49,lt,1,10.5,6,1,Moral,0.31536570276042825,0.38099798278048497,0.0955206814334581,0.20811563302562883
HP2463,5ceae0b53060280001a063a0|lt|1,5ceae0b53060280001a063a0,lt,1,7.0,6,1,Moral,0.09654593894840305,0.8614964609466287,0.014615253293266987,0.027342346811701345
HP2464,616ad0257b1caa4a86077d01|lt|1,616ad0257b1caa4a86077d01,lt,1,9.0,6,2,Mutual Benefit / Cooperation,0.2499783516766481,0.14215018779904684,0.031024989816646843,0.5768464707076583
HP2465,6102d892986a0f83785e2470|lt|1,6102d892986a0f83785e2470,lt,1,8.0,6,0,No clear justification,0.39517525916560864,0.4151852222050607,0.10634181887510843,0.08329769975422224
HP2466,5de81d685a8f94795b893d45|lt|1,5de81d685a8f94795b893d45,lt,1,9.0,6,0,No clear justification,0.35843718156359805,0.1870544256071363,0.2148759254691911,0.23963246736007443
HP2467,664b530d4cf8b88b68548a11|lt|1,664b530d4cf8b88b68548a11,lt,1,12.0,6,1,Moral,0.17467315327225666,0.29060431579521556,0.02389759126395014,0.5108249396685779
HP2468,659c01027a942e6d4d2bd6a4|lt|1,659c01027a942e6d4d2bd6a4,lt,1,10.0,6,1,Moral,0.14960933382239125,0.7491932673353003,0.0613986063636433,0.03979879247866513
HP2469,5f147c831589684ed6fd4cb8|lt|1,5f147c831589684ed6fd4cb8,lt,1,6.0,6,1,Moral,0.32116490551879046,0.40567990485829913,0.1986636632979257,0.07449152632498468
HP2470,6095ed23bec8c0d7681c5d28|lt|1,6095ed23bec8c0d7681c5d28,lt,1,12.0,6,3,Self-interest,0.25838561308901076,0.5974370583092572,0.08336623946316762,0.060811089138564305
HP2471,5c8fa44e045ff10012b60821|lt|1,5c8fa44e045ff10012b60821,lt,1,12.0,6,0,No clear justification,0.450501556366986,0.41685048876626046,0.04431552386133812,0.08833243100541545
HP2472,67d89d92eb4323537c13b656|lt|1,67d89d92eb4323537c13b656,lt,1,9.0,6,2,Mutual Benefit / Cooperation,0.2421538235745893,0.5583372055360896,0.02893266796015016,0.17057630292917103
HP2473,676ab6e8d3d98bb7f5865d13|lt|1,676ab6e8d3d98bb7f5865d13,lt,1,10.0,6,0,No clear justification,0.5419600825083313,0.22550301683560242,0.12804612315300323,0.10449077750306299
HP2474,5cbd8e0cb7cea800156a9d31|lt|1,5cbd8e0cb7cea800156a9d31,lt,1,12.0,6,0,No clear justification,0.450501556366986,0.41685048876626046,0.04431552386133812,0.08833243100541545
HP2475,596de39c9fd5ee0001b704c3|lt|1,596de39c9fd5ee0001b704c3,lt,1,12.0,6,2,Mutual Benefit / Cooperation,0.17467315327225666,0.29060431579521684,0.02389759126395014,0.5108249396685762
HP2476,62fe13bf9032439ae4505fc0|lt|1,62fe13bf9032439ae4505fc0,lt,1,12.0,6,2,Mutual Benefit / Cooperation,0.3584371815635982,0.18705442560713664,0.21487592546919082,0.23963246736007437
HP2477,62e301547b1843587f6b0827|lt|1,62e301547b1843587f6b0827,lt,1,10.0,6,1,Moral,0.39517525916560875,0.4151852222050605,0.10634181887510843,0.08329769975422228
HP2478,66047d18ebfced908bcde49d|lt|1,66047d18ebfced908bcde49d,lt,1,11.0,6,3,Self-interest,0.35843718156359794,0.18705442560713656,0.21487592546919085,0.23963246736007468
HP2479,664413a1fae91cf971a208f7|lt|1,664413a1fae91cf971a208f7,lt,1,12.0,6,0,No clear justification,0.6055011420679335,0.23091316297702333,0.054766898380815186,0.10881879657422795
HP2480,666344916bdba2e2c980dcd0|lt|1,666344916bdba2e2c980dcd0,lt,1,6.0,6,1,Moral,0.32116490551879046,0.40567990485829913,0.1986636632979257,0.07449152632498468
HP2481,691dfb0644251a1bff8b8fc0|lt|1,691dfb0644251a1bff8b8fc0,lt,1,12.0,6,0,No clear justification,0.49431998181733666,0.20762171612144636,0.04818565095013214,0.24987265111108478
HP2482,5ba9875fc16a9c000149a54e|lt|1,5ba9875fc16a9c000149a54e,lt,1,12.0,6,0,No clear justification,0.3640201993075672,0.38504158473483424,0.03871804383923243,0.21222017211836608
HP2483,691f7251736800a19a923c4d|lt|1,691f7251736800a19a923c4d,lt,1,6.0,6,1,Moral,0.23561024871208971,0.3815754566278781,0.32167652797810586,0.06113776668192621
HP2484,5dfedfbb557425b599c8c523|lt|1,5dfedfbb557425b599c8c523,lt,1,8.0,6,0,No clear justification,0.5419600825083313,0.22550301683560242,0.12804612315300323,0.10449077750306299
HP2485,5c1ae3a0b39cf30001b5b03a|lt|1,5c1ae3a0b39cf30001b5b03a,lt,1,10.0,6,0,No clear justification,0.6055011420679335,0.23091316297702333,0.054766898380815186,0.10881879657422795
HP2486,674cb1e5dd135ab435dece3f|lt|1,674cb1e5dd135ab435dece3f,lt,1,12.0,6,0,No clear justification,0.31536570276042813,0.38099798278048486,0.09552068143345802,0.20811563302562888
HP2487,67c0ee3c27278be601aa384d|lt|1,67c0ee3c27278be601aa384d,lt,1,12.0,6,2,Mutual Benefit / Cooperation,0.22446094836961483,0.3337406765979965,0.08125479247039617,0.36054358256199254
HP2488,5c65739723f6300001380c2c|lt|1,5c65739723f6300001380c2c,lt,1,8.0,6,0,No clear justification,0.6055011420679335,0.23091316297702333,0.054766898380815186,0.10881879657422795
HP2489,6554d04c73158a94d70192dd|lt|1,6554d04c73158a94d70192dd,lt,1,9.0,6,3,Self-interest,0.348304437245407,0.19194836959162465,0.3771164204066694,0.08263077275629899
HP2490,661124ea6eb49e5f25077328|lt|1,661124ea6eb49e5f25077328,lt,1,11.0,6,0,No clear justification,0.6055011420679335,0.23091316297702333,0.054766898380815186,0.10881879657422795
HP2491,5ceac2dd06aa230001363420|lt|1,5ceac2dd06aa230001363420,lt,1,8.5,6,0,No clear justification,0.6055011420679335,0.23091316297702333,0.054766898380815186,0.10881879657422795
HP2492,6648c20d6429196c77d342d9|lt|1,6648c20d6429196c77d342d9,lt,1,10.0,6,3,Self-interest,0.348304437245407,0.19194836959162465,0.3771164204066694,0.08263077275629899
HP2493,5b75532d2aef0d0001c22f5c|lt|1,5b75532d2aef0d0001c22f5c,lt,1,8.0,6,3,Self-interest,0.35843718156359794,0.18705442560713656,0.21487592546919085,0.23963246736007468
HP2494,5e8753cc28aacd3abe3bc37a|lt|1,5e8753cc28aacd3abe3bc37a,lt,1,12.0,6,2,Mutual Benefit / Cooperation,0.49431998181733666,0.20762171612144636,0.04818565095013214,0.24987265111108473
HP2495,5f0736cfad4f1e0c3c838655|lt|1,5f0736cfad4f1e0c3c838655,lt,1,9.5,6,0,No clear justification,0.6055011420679335,0.23091316297702333,0.054766898380815186,0.10881879657422795
HP2496,6315fdca8c4637cea9f114cf|lt|1,6315fdca8c4637cea9f114cf,lt,1,8.0,6,2,Mutual Benefit / Cooperation,0.22446094836961483,0.3337406765979965,0.08125479247039617,0.36054358256199254
HP2497,67606c975d33dc79c280063e|lt|1,67606c975d33dc79c280063e,lt,1,12.0,6,2,Mutual Benefit / Cooperation,0.22446094836961483,0.3337406765979965,0.08125479247039617,0.36054358256199254
HP2498,5b35824a975e260001e9b7a6|lt|1,5b35824a975e260001e9b7a6,lt,1,8.0,6,0,No clear justification,0.5419600825083313,0.22550301683560242,0.12804612315300323,0.10449077750306299
HP2499,6659056212616c7213f702c5|lt|1,6659056212616c7213f702c5,lt,1,6.0,6,2,Mutual Benefit / Cooperation,0.3166950699139014,0.1677145211860507,0.09887792203208595,0.41671248686796203
HP2500,660452d6f4aa3a41d687885b|lt|1,660452d6f4aa3a41d687885b,lt,1,9.0,6,0,No clear justification,0.5419600825083313,0.22550301683560242,0.12804612315300323,0.10449077750306299
HP2501,5c8808098d2bbf0017e4b527|lt|1,5c8808098d2bbf0017e4b527,lt,1,5.5,6,0,No clear justification,0.6055011420679335,0.23091316297702333,0.054766898380815186,0.10881879657422795
HP2502,5d853d4eecc7dc001850467f|lt|1,5d853d4eecc7dc001850467f,lt,1,9.0,6,2,Mutual Benefit / Cooperation,0.2066873298405711,0.13015482034991854,0.08049082608817111,0.5826670237213393
HP2503,576fc3462984e70001a97fc3|lt|1,576fc3462984e70001a97fc3,lt,1,8.0,6,1,Moral,0.14960933382239125,0.7491932673353003,0.0613986063636433,0.03979879247866513
HP2504,611ec117c0e26bf092778d95|lt|1,611ec117c0e26bf092778d95,lt,1,8.0,6,0,No clear justification,0.6055011420679335,0.23091316297702333,0.054766898380815186,0.10881879657422795
HP2505,63f8c03565ab09c02469ccd3|lt|1,63f8c03565ab09c02469ccd3,lt,1,10.0,6,0,No clear justification,0.6055011420679335,0.23091316297702333,0.054766898380815186,0.10881879657422795
HP2506,5d37ad921c16bb0015281337|lt|1,5d37ad921c16bb0015281337,lt,1,8.0,6,2,Mutual Benefit / Cooperation,0.49431998181733666,0.20762171612144636,0.04818565095013214,0.24987265111108473
HP2507,5a01d6877542890001aa63ad|lt|1,5a01d6877542890001aa63ad,lt,1,8.0,6,0,No clear justification,0.3640201993075672,0.38504158473483424,0.03871804383923243,0.21222017211836608
HP2508,65f8caa8238a933fdf42f4c3|lt|1,65f8caa8238a933fdf42f4c3,lt,1,10.0,6,2,Mutual Benefit / Cooperation,0.36858280651845077,0.17718159628067262,0.039967678416490855,0.41426791878438585
HP2509,62b058e8e1cfcf6b53124931|lt|1,62b058e8e1cfcf6b53124931,lt,1,12.0,6,0,No clear justification,0.45455174719895586,0.21370392666218987,0.23550147233666643,0.09624285380218783
HP2510,55a1321efdf99b6ec83c214e|lt|1,55a1321efdf99b6ec83c214e,lt,1,6.5,6,1,Moral,0.1988455432422329,0.5910933627528134,0.15853841912405703,0.05152267488089649
HP2511,63f0e61bbeb61d5ced623832|lt|1,63f0e61bbeb61d5ced623832,lt,1,11.0,6,0,No clear justification,0.6055011420679335,0.23091316297702333,0.054766898380815186,0.10881879657422795
HP2512,61f2abdca09e72f23cbaf4c4|lt|1,61f2abdca09e72f23cbaf4c4,lt,1,8.0,6,3,Self-interest,0.35843718156359805,0.1870544256071363,0.21487592546919115,0.23963246736007437
HP2513,662ac5849e0f931cc08e32b7|lt|1,662ac5849e0f931cc08e32b7,lt,1,10.5,6,0,No clear justification,0.49431998181733666,0.20762171612144636,0.04818565095013214,0.24987265111108478
HP2514,63bd81465a7246c0da98e4bd|lt|1,63bd81465a7246c0da98e4bd,lt,1,9.0,6,2,Mutual Benefit / Cooperation,0.25198565047934285,0.3688031634723987,0.1814125784635367,0.19779860758472168
HP2515,610bff0262daf619c12a7cec|lt|1,610bff0262daf619c12a7cec,lt,1,9.0,6,3,Self-interest,0.45455174719895586,0.21370392666218987,0.23550147233666643,0.09624285380218783
HP2516,66e9b926c782e4f47a05ec7c|lt|1,66e9b926c782e4f47a05ec7c,lt,1,9.0,6,1,Moral,0.09654593894840305,0.8614964609466287,0.014615253293266987,0.027342346811701345
HP2517,66452f8e6f5cff92c469b400|lt|1,66452f8e6f5cff92c469b400,lt,1,12.0,6,0,No clear justification,0.49431998181733666,0.20762171612144636,0.04818565095013214,0.24987265111108478
HP2518,664a375e07e464189e4b25f4|lt|1,664a375e07e464189e4b25f4,lt,1,12.0,6,2,Mutual Benefit / Cooperation,0.1495775746999439,0.10379605140876579,0.021830848652910472,0.72479552523838
HP2519,60369ae814f750ef3d063c3e|lt|1,60369ae814f750ef3d063c3e,lt,1,12.0,6,1,Moral,0.26559654851421544,0.3419217368253171,0.03160452695866952,0.3608771877017979
HP2520,66f480695684a9ff1f525bf8|lt|1,66f480695684a9ff1f525bf8,lt,1,11.5,6,0,No clear justification,0.49431998181733666,0.20762171612144636,0.04818565095013214,0.24987265111108478
HP2521,5e1465b599b282a6feec000b|lt|1,5e1465b599b282a6feec000b,lt,1,12.0,6,1,Moral,0.14960933382239144,0.7491932673353,0.061398606363643325,0.039798792478665176
HP2522,5eeb621a7c83c62d2473afb1|lt|1,5eeb621a7c83c62d2473afb1,lt,1,9.0,6,3,Self-interest,0.3211649055187906,0.40567990485829925,0.19866366329792542,0.07449152632498471
HP2523,5c9034a2eedbd9001573ca14|lt|1,5c9034a2eedbd9001573ca14,lt,1,10.0,6,2,Mutual Benefit / Cooperation,0.17467315327225666,0.2906043157952168,0.02389759126395014,0.5108249396685762
HP2524,63ea42db4a818f990ef95828|lt|1,63ea42db4a818f990ef95828,lt,1,10.0,6,3,Self-interest,0.2677851118398766,0.16408823871677797,0.3470831448979219,0.22104350454542357
HP2525,6760549abba4d747ab270c17|lt|1,6760549abba4d747ab270c17,lt,1,6.0,6,0,No clear justification,0.5419600825083313,0.22550301683560242,0.12804612315300323,0.10449077750306299
HP2526,5727d93522e522000e7a0a3c|lt|1,5727d93522e522000e7a0a3c,lt,1,10.0,6,2,Mutual Benefit / Cooperation,0.22446094836961483,0.3337406765979965,0.08125479247039617,0.36054358256199254
HP2527,65de2dd9077f463fedd79272|lt|1,65de2dd9077f463fedd79272,lt,1,10.5,6,0,No clear justification,0.6055011420679335,0.23091316297702333,0.054766898380815186,0.10881879657422795
HP2528,57e028b7ccd0230001fc2462|lt|1,57e028b7ccd0230001fc2462,lt,1,9.0,6,0,No clear justification,0.4505015563669861,0.41685048876626024,0.04431552386133816,0.08833243100541549
HP2529,57ff671cb80310000163ef44|lt|1,57ff671cb80310000163ef44,lt,1,12.0,6,2,Mutual Benefit / Cooperation,0.49431998181733666,0.20762171612144636,0.04818565095013214,0.24987265111108473
HP2530,655f8e46111e1df6951e1ede|lt|1,655f8e46111e1df6951e1ede,lt,1,12.0,6,1,Moral,0.31536570276042825,0.380997982780485,0.0955206814334581,0.20811563302562877
HP2531,59bb9e3a178f1b0001828b12|lt|1,59bb9e3a178f1b0001828b12,lt,1,9.0,6,2,Mutual Benefit / Cooperation,0.24997835167664748,0.1421501877990467,0.0310249898166468,0.576846470707659
HP2532,66bcad01dafba28daa9de5f5|lt|1,66bcad01dafba28daa9de5f5,lt,1,10.0,6,0,No clear justification,0.6055011420679335,0.23091316297702333,0.054766898380815186,0.10881879657422795
HP2533,6661c9ae13d2c1b196d73a43|lt|1,6661c9ae13d2c1b196d73a43,lt,1,8.0,6,0,No clear justification,0.6055011420679335,0.23091316297702333,0.054766898380815186,0.10881879657422795
HP2534,57a36f499bd3d70001e5230e|lt|1,57a36f499bd3d70001e5230e,lt,1,9.0,6,1,Moral,0.18500235463348227,0.7456769190405609,0.02350770232722836,0.04581302399872832
HP2535,677fe8f15da513719cd02875|lt|1,677fe8f15da513719cd02875,lt,1,12.0,6,1,Moral,0.14960933382239144,0.7491932673353,0.061398606363643325,0.039798792478665176
HP2536,61659faa6b39511ab186acf1|lt|1,61659faa6b39511ab186acf1,lt,1,10.0,6,0,No clear justification,0.45050155636698613,0.41685048876626024,0.0443155238613381,0.08833243100541549
HP2537,66951e2884e437c69d8a2fe1|lt|1,66951e2884e437c69d8a2fe1,lt,1,8.0,6,0,No clear justification,0.49431998181733644,0.20762171612144628,0.04818565095013225,0.24987265111108495
HP2538,655b67877536d232728dfa6c|lt|1,655b67877536d232728dfa6c,lt,1,8.0,6,2,Mutual Benefit / Cooperation,0.3166950699139014,0.1677145211860507,0.09887792203208595,0.41671248686796203
HP2539,5e94acdc3d1b5780b00d12ff|lt|1,5e94acdc3d1b5780b00d12ff,lt,1,8.0,6,0,No clear justification,0.4362837158220443,0.20063744085164803,0.11530833810712406,0.24777050521918367
HP2540,5e63f5da8a25da181c011cad|lt|1,5e63f5da8a25da181c011cad,lt,1,9.0,6,0,No clear justification,0.49431998181733655,0.20762171612144634,0.04818565095013229,0.24987265111108473
HP2541,6760acee7b448e51215b1910|lt|1,6760acee7b448e51215b1910,lt,1,12.0,6,3,Self-interest,0.4362837158220443,0.20063744085164803,0.11530833810712406,0.24777050521918367
HP2542,6392360efb6e254ffd31e722|lt|1,6392360efb6e254ffd31e722,lt,1,10.0,6,1,Moral,0.2421538235745892,0.5583372055360896,0.028932667960150094,0.1705763029291712
HP2543,66ec9f0832d1bc82239af5a1|lt|1,66ec9f0832d1bc82239af5a1,lt,1,12.0,6,3,Self-interest,0.5419600825083313,0.22550301683560242,0.12804612315300323,0.10449077750306299
HP2544,60f8658bf9d1627d3bc87a3d|lt|1,60f8658bf9d1627d3bc87a3d,lt,1,12.0,6,0,No clear justification,0.6055011420679335,0.23091316297702333,0.054766898380815186,0.10881879657422795
HP2545,63bc41d60e8e60fdcb423208|lt|1,63bc41d60e8e60fdcb423208,lt,1,8.0,6,2,Mutual Benefit / Cooperation,0.43628371582204384,0.20063744085164847,0.11530833810712406,0.24777050521918362
HP2546,5b52f4933234ab00014ca442|lt|1,5b52f4933234ab00014ca442,lt,1,6.0,6,1,Moral,0.14960933382239125,0.7491932673353003,0.0613986063636433,0.03979879247866513
HP2547,671a9506b90ee5e2d532c12d|lt|1,671a9506b90ee5e2d532c12d,lt,1,10.5,6,2,Mutual Benefit / Cooperation,0.49431998181733666,0.20762171612144636,0.04818565095013214,0.24987265111108473
HP2548,5e8d96efe32229018dec69dd|lt|1,5e8d96efe32229018dec69dd,lt,1,8.0,6,0,No clear justification,0.45050155636698613,0.41685048876626024,0.0443155238613381,0.08833243100541549
HP2549,66d87a86976e6622bb873a30|lt|1,66d87a86976e6622bb873a30,lt,1,9.0,6,0,No clear justification,0.49431998181733666,0.20762171612144636,0.04818565095013214,0.24987265111108478
HP2550,5ed62b33b663bd01d5aaa248|lt|1,5ed62b33b663bd01d5aaa248,lt,1,10.0,6,1,Moral,0.4505015563669862,0.4168504887662603,0.0443155238613381,0.08833243100541549
HP2551,5c3cb9759883d4000141f800|lt|1,5c3cb9759883d4000141f800,lt,1,9.5,6,2,Mutual Benefit / Cooperation,0.20353993569231724,0.5581452350113726,0.07445853446586712,0.1638562948304432
HP2552,60318abd5f6c24103dd02a1f|lt|1,60318abd5f6c24103dd02a1f,lt,1,6.0,6,0,No clear justification,0.5419600825083313,0.22550301683560242,0.12804612315300323,0.10449077750306299
HP2553,5defac7e56b506000cdd3b32|lt|1,5defac7e56b506000cdd3b32,lt,1,10.5,6,2,Mutual Benefit / Cooperation,0.20668732984057098,0.13015482034991868,0.08049082608817111,0.5826670237213393
HP2554,5d8998025e8a740001d6e2f1|lt|1,5d8998025e8a740001d6e2f1,lt,1,12.0,6,2,Mutual Benefit / Cooperation,0.2499783516766481,0.14215018779904684,0.031024989816646843,0.5768464707076583
HP2555,6268f4810cd59e084565cfef|lt|1,6268f4810cd59e084565cfef,lt,1,10.0,6,1,Moral,0.25838561308901076,0.5974370583092572,0.08336623946316762,0.060811089138564305
HP2556,672da8c47dddf2de17d21700|lt|1,672da8c47dddf2de17d21700,lt,1,12.0,6,2,Mutual Benefit / Cooperation,0.26559654851421566,0.3419217368253171,0.03160452695866955,0.3608771877017976
HP2557,63b5eb0ec316229203f1ddae|lt|1,63b5eb0ec316229203f1ddae,lt,1,12.0,6,0,No clear justification,0.49431998181733666,0.20762171612144636,0.04818565095013214,0.24987265111108478
HP2558,5f562fc05e6f8a000965cbd5|lt|1,5f562fc05e6f8a000965cbd5,lt,1,12.0,6,2,Mutual Benefit / Cooperation,0.36858280651845077,0.17718159628067262,0.039967678416490855,0.41426791878438585
HP2559,5f9feb9ec2db9f03550e62a9|lt|1,5f9feb9ec2db9f03550e62a9,lt,1,9.0,6,0,No clear justification,0.6055011420679335,0.23091316297702333,0.054766898380815186,0.10881879657422795
HP2560,596a3b32670f410001fe95d9|lt|1,596a3b32670f410001fe95d9,lt,1,12.0,6,0,No clear justification,0.4505015563669861,0.41685048876626024,0.04431552386133816,0.08833243100541549
HP2561,64403633e042e91beabe9645|lt|1,64403633e042e91beabe9645,lt,1,12.0,6,2,Mutual Benefit / Cooperation,0.35843718156359805,0.1870544256071363,0.2148759254691911,0.23963246736007443
HP2562,66736ce8318acf5878cae8c6|lt|1,66736ce8318acf5878cae8c6,lt,1,11.0,6,0,No clear justification,0.6055011420679335,0.23091316297702333,0.054766898380815186,0.10881879657422795
HP2563,6047a75fb0f5940008f35cc5|lt|1,6047a75fb0f5940008f35cc5,lt,1,12.0,6,2,Mutual Benefit / Cooperation,0.2066873298405711,0.13015482034991854,0.08049082608817111,0.5826670237213393
HP2564,5f032c613963d04d69c9327b|lt|1,5f032c613963d04d69c9327b,lt,1,10.0,6,0,No clear justification,0.6055011420679335,0.23091316297702333,0.054766898380815186,0.10881879657422795
HP2565,5e3c4d1621c442033da7bcd8|lt|1,5e3c4d1621c442033da7bcd8,lt,1,7.0,6,2,Mutual Benefit / Cooperation,0.4362837158220443,0.20063744085164803,0.11530833810712406,0.24777050521918367
HP2566,5da742be98c680001539f67f|lt|1,5da742be98c680001539f67f,lt,1,12.0,6,1,Moral,0.30465731767265686,0.5952060746423841,0.03354765414456286,0.06658895354039626
HP2567,67fbe9a435667f13b9bb1371|lt|1,67fbe9a435667f13b9bb1371,lt,1,10.5,6,0,No clear justification,0.3951752591656087,0.4151852222050607,0.10634181887510834,0.08329769975422224
HP2568,6755651ef09a9d6e99e56659|lt|1,6755651ef09a9d6e99e56659,lt,1,10.0,6,3,Self-interest,0.4362837158220443,0.20063744085164803,0.11530833810712406,0.24777050521918373
HP2569,6158593456f99ff86a8b4187|lt|1,6158593456f99ff86a8b4187,lt,1,8.0,6,0,No clear justification,0.5419600825083313,0.22550301683560242,0.12804612315300323,0.10449077750306299
HP2570,68852bb3841485125559a020|lt|1,68852bb3841485125559a020,lt,1,10.0,6,1,Moral,0.24215382357458914,0.5583372055360897,0.028932667960150146,0.17057630292917098
HP2571,5ea95b611389ca0385877dcb|lt|1,5ea95b611389ca0385877dcb,lt,1,10.0,6,3,Self-interest,0.34830443724540716,0.1919483695916246,0.3771164204066693,0.08263077275629906
HP2572,6727d409f712a40c69603853|lt|1,6727d409f712a40c69603853,lt,1,9.0,6,0,No clear justification,0.45050155636698613,0.41685048876626024,0.0443155238613381,0.08833243100541549
HP2573,668c893a3a9a1a960c28e9ad|lt|1,668c893a3a9a1a960c28e9ad,lt,1,12.0,6,2,Mutual Benefit / Cooperation,0.36858280651845077,0.17718159628067262,0.039967678416490855,0.41426791878438585
HP2574,67ebfee1b828dce41616f576|lt|1,67ebfee1b828dce41616f576,lt,1,8.0,6,0,No clear justification,0.3640201993075672,0.38504158473483424,0.03871804383923243,0.2122201721183662
HP2575,5e306c4316d4ec06c0287a80|lt|1,5e306c4316d4ec06c0287a80,lt,1,10.0,6,3,Self-interest,0.39517525916560875,0.4151852222050605,0.10634181887510843,0.08329769975422228
HP2576,6061ea5fba199ba84a255ee5|lt|1,6061ea5fba199ba84a255ee5,lt,1,10.0,6,0,No clear justification,0.6055011420679335,0.23091316297702333,0.054766898380815186,0.10881879657422795
HP2577,5f6cdb4fc534270f82e4d8ca|lt|1,5f6cdb4fc534270f82e4d8ca,lt,1,8.0,6,0,No clear justification,0.4362837158220443,0.20063744085164803,0.11530833810712406,0.24777050521918367
HP2578,6683fb1074d2f32d21b99da2|lt|1,6683fb1074d2f32d21b99da2,lt,1,10.0,6,0,No clear justification,0.36402019930756707,0.3850415847348341,0.038718043839232406,0.21222017211836636
HP2579,67ace31300abf1fb686b8ce1|lt|1,67ace31300abf1fb686b8ce1,lt,1,10.0,6,0,No clear justification,0.450501556366986,0.41685048876626046,0.04431552386133812,0.08833243100541545
HP2580,5fa18024e8db28293edae14e|lt|1,5fa18024e8db28293edae14e,lt,1,0.0,6,0,No clear justification,0.450501556366986,0.41685048876626046,0.04431552386133812,0.08833243100541545
HP2581,670d2af9c00f086b201e9f70|lt|1,670d2af9c00f086b201e9f70,lt,1,9.0,6,0,No clear justification,0.45050155636698613,0.41685048876626024,0.0443155238613381,0.08833243100541549
HP2582,67542e9190f072ebdb98befb|lt|1,67542e9190f072ebdb98befb,lt,1,12.0,6,3,Self-interest,0.45455174719895586,0.21370392666218987,0.23550147233666643,0.09624285380218783
HP2583,5ea29c5cad06661b01230684|lt|1,5ea29c5cad06661b01230684,lt,1,10.0,6,2,Mutual Benefit / Cooperation,0.3166950699139008,0.16771452118605146,0.09887792203208587,0.41671248686796203
HP2584,6667015e358c1fe41b8a3d7f|lt|1,6667015e358c1fe41b8a3d7f,lt,1,10.0,6,1,Moral,0.24215382357458926,0.5583372055360891,0.028932667960150094,0.17057630292917142
HP2585,62ea1958011121255c2af25b|lt|1,62ea1958011121255c2af25b,lt,1,8.0,6,3,Self-interest,0.3211649055187906,0.4056799048582992,0.19866366329792542,0.07449152632498471
HP2586,691dfaf764d87fff5030d0ca|lt|1,691dfaf764d87fff5030d0ca,lt,1,12.0,6,0,No clear justification,0.6055011420679335,0.23091316297702333,0.054766898380815186,0.10881879657422795
HP2587,5f4929f20aa4ce437e659be0|lt|1,5f4929f20aa4ce437e659be0,lt,1,8.0,6,1,Moral,0.25838561308901076,0.5974370583092572,0.08336623946316762,0.060811089138564305
HP2588,5cd801d431d19f0019425e2e|lt|1,5cd801d431d19f0019425e2e,lt,1,6.0,6,1,Moral,0.2035399356923175,0.5581452350113723,0.07445853446586712,0.16385629483044328
HP2589,664ebfd573450db2596c40a8|lt|1,664ebfd573450db2596c40a8,lt,1,10.0,6,0,No clear justification,0.450501556366986,0.41685048876626046,0.04431552386133812,0.08833243100541545
HP2590,5e40458fee95202846ccf7f3|lt|1,5e40458fee95202846ccf7f3,lt,1,10.0,6,0,No clear justification,0.5419600825083313,0.22550301683560242,0.12804612315300323,0.10449077750306299
HP2591,5c2a799737ae5200017c7712|lt|1,5c2a799737ae5200017c7712,lt,1,12.0,6,0,No clear justification,0.5419600825083313,0.22550301683560242,0.12804612315300323,0.10449077750306299
HP2592,673b834c1ca9feb154a86523|lt|1,673b834c1ca9feb154a86523,lt,1,10.0,6,1,Moral,0.09654593894840305,0.8614964609466287,0.014615253293266987,0.027342346811701345
HP2593,6727af89081bd9f0e0d0973d|lt|1,6727af89081bd9f0e0d0973d,lt,1,7.0,6,2,Mutual Benefit / Cooperation,0.2035399356923174,0.5581452350113723,0.07445853446586712,0.16385629483044328
HP2594,644012a89ef81bc3c9412c6e|lt|1,644012a89ef81bc3c9412c6e,lt,1,12.0,6,0,No clear justification,0.3640201993075672,0.38504158473483424,0.03871804383923243,0.2122201721183662
HP2595,5661bce973ac87001180413a|lt|1,5661bce973ac87001180413a,lt,1,10.0,6,0,No clear justification,0.5419600825083313,0.22550301683560242,0.12804612315300323,0.10449077750306299
HP2596,60bbea726dc12dd57d5f1b94|lt|1,60bbea726dc12dd57d5f1b94,lt,1,6.0,6,0,No clear justification,0.49431998181733644,0.20762171612144628,0.04818565095013225,0.24987265111108495
HP2597,5a1e86ce8671dc00018fd021|lt|1,5a1e86ce8671dc00018fd021,lt,1,10.0,6,1,Moral,0.364020199307567,0.38504158473483413,0.03871804383923239,0.21222017211836633
HP2598,678d789825b7bb6a61559cd4|lt|1,678d789825b7bb6a61559cd4,lt,1,10.0,6,2,Mutual Benefit / Cooperation,0.2421538235745893,0.5583372055360896,0.02893266796015016,0.17057630292917103
HP2599,5ee4c4b42c280d1cd26cfe3d|lt|1,5ee4c4b42c280d1cd26cfe3d,lt,1,6.0,6,1,Moral,0.18500235463348227,0.7456769190405609,0.02350770232722836,0.04581302399872832
HP2600,60dc2e4561212c8a723d6425|lt|1,60dc2e4561212c8a723d6425,lt,1,12.0,6,3,Self-interest,0.35843718156359794,0.18705442560713656,0.21487592546919085,0.23963246736007468
HP2601,5ca76940b73600000157b4f1|lt|1,5ca76940b73600000157b4f1,lt,1,10.0,6,2,Mutual Benefit / Cooperation,0.1495775746999439,0.10379605140876579,0.021830848652910472,0.72479552523838
HP2602,65c6762ea86de7fbe4ac9406|lt|1,65c6762ea86de7fbe4ac9406,lt,1,8.0,6,1,Moral,0.14960933382239136,0.7491932673353002,0.0613986063636433,0.03979879247866516
HP2603,6581664bd74bbb952b06c79d|lt|1,6581664bd74bbb952b06c79d,lt,1,6.0,6,2,Mutual Benefit / Cooperation,0.49431998181733666,0.20762171612144636,0.04818565095013214,0.24987265111108473
HP2604,5dcedfe8dfe9da02dbb08f4f|lt|1,5dcedfe8dfe9da02dbb08f4f,lt,1,10.0,6,2,Mutual Benefit / Cooperation,0.3640201993075672,0.38504158473483424,0.03871804383923243,0.21222017211836613
HP2605,6266aa7132e3a5bf1631ac1b|lt|1,6266aa7132e3a5bf1631ac1b,lt,1,10.0,6,1,Moral,0.14960933382239144,0.7491932673353,0.061398606363643325,0.039798792478665176
HP2606,5db6553837647d000bb049ab|lt|1,5db6553837647d000bb049ab,lt,1,12.0,6,0,No clear justification,0.49431998181733666,0.20762171612144636,0.04818565095013214,0.24987265111108478
HP2607,645bd48e67d52bbdcad03398|lt|1,645bd48e67d52bbdcad03398,lt,1,11.0,6,2,Mutual Benefit / Cooperation,0.36858280651845077,0.17718159628067262,0.039967678416490855,0.41426791878438585
HP2608,5a6df612e70ca900017ae25e|lt|1,5a6df612e70ca900017ae25e,lt,1,10.5,6,2,Mutual Benefit / Cooperation,0.36858280651845077,0.17718159628067262,0.039967678416490855,0.41426791878438585
HP2609,5865bdf7a3462300010673e3|lt|1,5865bdf7a3462300010673e3,lt,1,8.0,6,1,Moral,0.09654593894840305,0.8614964609466287,0.014615253293266987,0.027342346811701345
HP2610,5ea179b1b5b2e50258b36349|lt|1,5ea179b1b5b2e50258b36349,lt,1,10.0,6,2,Mutual Benefit / Cooperation,0.17021438866895722,0.5064661025469158,0.022901713225744618,0.30041779555838255
HP2611,6742189e9fd5fe9de0d9b729|lt|1,6742189e9fd5fe9de0d9b729,lt,1,6.0,6,0,No clear justification,0.6055011420679335,0.23091316297702333,0.054766898380815186,0.10881879657422795
HP2612,5ef66e81cf5fa435ea9a4e8d|lt|1,5ef66e81cf5fa435ea9a4e8d,lt,1,11.0,6,0,No clear justification,0.5419600825083313,0.22550301683560242,0.12804612315300323,0.10449077750306299
HP2613,67d0adc35dda5bdeb6a0c22a|lt|1,67d0adc35dda5bdeb6a0c22a,lt,1,12.0,6,0,No clear justification,0.36858280651845077,0.17718159628067262,0.039967678416490855,0.41426791878438585
HP2614,5ff0b6331d6cb44a1b7a07dd|lt|1,5ff0b6331d6cb44a1b7a07dd,lt,1,9.5,6,0,No clear justification,0.45050155636698613,0.41685048876626024,0.0443155238613381,0.08833243100541549
HP2615,599364c1fc37790001fa4e1d|lt|1,599364c1fc37790001fa4e1d,lt,1,11.0,6,1,Moral,0.17021438866895722,0.5064661025469158,0.022901713225744618,0.30041779555838255
HP2616,63e69728da28e991114aad46|lt|1,63e69728da28e991114aad46,lt,1,10.0,6,2,Mutual Benefit / Cooperation,0.36858280651845077,0.17718159628067262,0.039967678416490855,0.41426791878438585
HP2617,66790e08c1c5767636feee8d|lt|1,66790e08c1c5767636feee8d,lt,1,10.0,6,2,Mutual Benefit / Cooperation,0.2066873298405711,0.13015482034991854,0.08049082608817111,0.5826670237213393
HP2618,5bb3e443951bd40001f1e0fd|lt|1,5bb3e443951bd40001f1e0fd,lt,1,10.0,6,2,Mutual Benefit / Cooperation,0.2066873298405711,0.13015482034991854,0.08049082608817111,0.5826670237213393
HP2619,5a6d5ae19d65ec00017e9bae|lt|1,5a6d5ae19d65ec00017e9bae,lt,1,6.0,6,2,Mutual Benefit / Cooperation,0.17467315327225666,0.29060431579521684,0.02389759126395014,0.5108249396685762
HP2620,5e5fc624b333b2022aeb064f|lt|1,5e5fc624b333b2022aeb064f,lt,1,10.5,6,1,Moral,0.32116490551879046,0.40567990485829913,0.1986636632979257,0.07449152632498468
HP2621,6658b6838e28e3383feae335|lt|1,6658b6838e28e3383feae335,lt,1,12.0,6,0,No clear justification,0.6055011420679335,0.23091316297702333,0.054766898380815186,0.10881879657422795
HP2622,660158b9a05b9c4adc616ff8|lt|1,660158b9a05b9c4adc616ff8,lt,1,10.0,6,0,No clear justification,0.18500235463348227,0.7456769190405609,0.02350770232722836,0.04581302399872832
HP2623,67dfdf77fa31c86fb35030aa|lt|1,67dfdf77fa31c86fb35030aa,lt,1,12.0,6,0,No clear justification,0.49431998181733666,0.20762171612144636,0.04818565095013214,0.24987265111108478
HP2624,661fc8bb0644ba960f0e3b65|lt|1,661fc8bb0644ba960f0e3b65,lt,1,10.0,6,1,Moral,0.39517525916560875,0.4151852222050605,0.10634181887510843,0.08329769975422228
HP2625,62fb7acaf60ed51dd71d3bfb|lt|1,62fb7acaf60ed51dd71d3bfb,lt,1,10.0,6,0,No clear justification,0.4545517471989559,0.21370392666218993,0.23550147233666627,0.09624285380218783
HP2626,5ff8b291840bed124061d389|lt|1,5ff8b291840bed124061d389,lt,1,10.0,6,2,Mutual Benefit / Cooperation,0.1495775746999439,0.10379605140876579,0.021830848652910472,0.72479552523838
HP2627,6063c0526a66097dcb055955|lt|1,6063c0526a66097dcb055955,lt,1,10.0,6,2,Mutual Benefit / Cooperation,0.24997835167664748,0.1421501877990467,0.0310249898166468,0.576846470707659
HP2628,66700eaced9693634024629b|lt|1,66700eaced9693634024629b,lt,1,12.0,6,0,No clear justification,0.6055011420679335,0.23091316297702333,0.054766898380815186,0.10881879657422795
HP2629,5ac70920a3ba7a0001b4ba8c|lt|1,5ac70920a3ba7a0001b4ba8c,lt,1,9.0,6,1,Moral,0.25838561308901076,0.5974370583092572,0.08336623946316762,0.060811089138564305
HP2630,666db47c26bc80222f8b15ba|lt|1,666db47c26bc80222f8b15ba,lt,1,8.0,6,0,No clear justification,0.3640201993075672,0.38504158473483424,0.03871804383923243,0.21222017211836613
HP2631,663f6d9dbe5335a23d60081a|lt|1,663f6d9dbe5335a23d60081a,lt,1,10.0,6,2,Mutual Benefit / Cooperation,0.3166950699139014,0.1677145211860507,0.09887792203208595,0.41671248686796203
HP2632,66524aa2a82e242800be156b|lt|1,66524aa2a82e242800be156b,lt,1,12.0,6,1,Moral,0.09654593894840305,0.8614964609466287,0.014615253293266987,0.027342346811701345
HP2633,688ba4bbe01569516b9737b3|lt|1,688ba4bbe01569516b9737b3,lt,1,10.0,6,1,Moral,0.22446094836961483,0.33374067659799633,0.08125479247039617,0.36054358256199254
HP2634,6530fed5b3281d288757fca9|lt|1,6530fed5b3281d288757fca9,lt,1,8.5,6,0,No clear justification,0.49431998181733644,0.20762171612144628,0.04818565095013225,0.24987265111108495
HP2635,67283913f11cbfde51b17706|lt|1,67283913f11cbfde51b17706,lt,1,10.5,6,2,Mutual Benefit / Cooperation,0.24997835167664748,0.1421501877990467,0.0310249898166468,0.576846470707659
HP2636,6661ffc5427a871210871122|lt|1,6661ffc5427a871210871122,lt,1,6.0,6,2,Mutual Benefit / Cooperation,0.1495775746999439,0.10379605140876579,0.021830848652910472,0.72479552523838
HP2637,66b3dc1490445aa410abd41e|lt|1,66b3dc1490445aa410abd41e,lt,1,6.0,6,3,Self-interest,0.24939880842175122,0.15108244824141082,0.18724554277038866,0.4122732005664491
HP2638,64784c2bc85267b924936813|lt|1,64784c2bc85267b924936813,lt,1,10.0,6,3,Self-interest,0.22446094836961508,0.3337406765979968,0.08125479247039617,0.3605435825619921
HP2639,65612a45629022b7c905ef6c|lt|1,65612a45629022b7c905ef6c,lt,1,12.0,6,1,Moral,0.09654593894840305,0.8614964609466287,0.014615253293266987,0.027342346811701345
HP2640,5f1dea279f4818757f07f087|lt|1,5f1dea279f4818757f07f087,lt,1,9.0,6,0,No clear justification,0.45050155636698613,0.41685048876626024,0.0443155238613381,0.08833243100541549
HP2641,643c8b9e084ad254bf9a0645|lt|1,643c8b9e084ad254bf9a0645,lt,1,6.0,6,2,Mutual Benefit / Cooperation,0.17467315327225666,0.29060431579521684,0.02389759126395014,0.5108249396685762
HP2642,66660d297864801db6a10af4|lt|1,66660d297864801db6a10af4,lt,1,8.0,6,1,Moral,0.09654593894840305,0.8614964609466287,0.014615253293266987,0.027342346811701345
HP2643,61453d979fbdb8e800b8f0eb|lt|1,61453d979fbdb8e800b8f0eb,lt,1,6.0,6,1,Moral,0.25838561308901076,0.5974370583092572,0.08336623946316762,0.060811089138564305
HP2644,5fbc110869611208d6fd29da|lt|1,5fbc110869611208d6fd29da,lt,1,10.0,6,3,Self-interest,0.348304437245407,0.19194836959162465,0.3771164204066694,0.08263077275629899
HP2645,63d7a35134c4f6e440e9468f|lt|1,63d7a35134c4f6e440e9468f,lt,1,8.0,6,0,No clear justification,0.6055011420679335,0.23091316297702333,0.054766898380815186,0.10881879657422795
HP2646,5e1b307333e83535d72af1e5|lt|1,5e1b307333e83535d72af1e5,lt,1,12.0,6,3,Self-interest,0.1988455432422328,0.5910933627528137,0.15853841912405695,0.05152267488089654
HP2647,56e225c2ec0fdd000641e72d|lt|1,56e225c2ec0fdd000641e72d,lt,1,10.0,6,3,Self-interest,0.2519856504793426,0.36880316347239905,0.18141257846353637,0.19779860758472204
HP2648,6772ea24ce9c71ea7bc07b6b|lt|1,6772ea24ce9c71ea7bc07b6b,lt,1,9.5,6,0,No clear justification,0.45050155636698613,0.41685048876626024,0.0443155238613381,0.08833243100541549
HP2649,5e1ee2050c0b3120e01eeec1|lt|1,5e1ee2050c0b3120e01eeec1,lt,1,10.0,6,3,Self-interest,0.23561024871208971,0.38157545662787806,0.32167652797810586,0.06113776668192621
HP2650,6465c08185f626e6500faef8|lt|1,6465c08185f626e6500faef8,lt,1,12.0,6,0,No clear justification,0.5419600825083313,0.22550301683560242,0.12804612315300323,0.10449077750306299
HP2651,60b2a61a5f5fc41e13e6ed15|lt|1,60b2a61a5f5fc41e13e6ed15,lt,1,12.0,6,3,Self-interest,0.35843718156359794,0.18705442560713656,0.21487592546919085,0.23963246736007468
HP2652,629e11c0d89e0c18f21e687a|lt|1,629e11c0d89e0c18f21e687a,lt,1,12.0,6,0,No clear justification,0.36402019930756707,0.3850415847348341,0.038718043839232406,0.21222017211836636
HP2653,66ea245a0dcc3d4695c49d9a|lt|1,66ea245a0dcc3d4695c49d9a,lt,1,8.0,6,0,No clear justification,0.364020199307567,0.38504158473483424,0.03871804383923239,0.21222017211836627
HP2654,5f68c02bfe85b202e0f00cc7|lt|1,5f68c02bfe85b202e0f00cc7,lt,1,10.0,6,0,No clear justification,0.49431998181733666,0.20762171612144636,0.04818565095013214,0.24987265111108478
HP2655,613b94b83b5cb4c72904f8b3|lt|1,613b94b83b5cb4c72904f8b3,lt,1,6.0,6,3,Self-interest,0.3211649055187906,0.4056799048582992,0.19866366329792542,0.07449152632498471
HP2656,65f0e572d1ca00e646860bff|lt|1,65f0e572d1ca00e646860bff,lt,1,12.0,6,1,Moral,0.2421538235745892,0.5583372055360896,0.028932667960150094,0.1705763029291712
HP2657,69156cb681f0e747e992b388|lt|1,69156cb681f0e747e992b388,lt,1,7.0,6,2,Mutual Benefit / Cooperation,0.25198565047934257,0.36880316347239867,0.18141257846353678,0.1977986075847219
HP2658,66463e10a23c0e7c4e43bce7|lt|1,66463e10a23c0e7c4e43bce7,lt,1,12.0,6,0,No clear justification,0.6055011420679335,0.23091316297702333,0.054766898380815186,0.10881879657422795
HP2659,691dcf9bf03c4a71c02b9344|lt|1,691dcf9bf03c4a71c02b9344,lt,1,12.0,6,2,Mutual Benefit / Cooperation,0.4362837158220443,0.20063744085164803,0.11530833810712401,0.24777050521918373
HP2660,641868f023b03518217272df|lt|1,641868f023b03518217272df,lt,1,11.0,6,0,No clear justification,0.4362837158220443,0.20063744085164803,0.11530833810712401,0.24777050521918373
HP2661,66ede5bbe36caed7269bd7e2|lt|1,66ede5bbe36caed7269bd7e2,lt,1,8.0,6,3,Self-interest,0.35843718156359805,0.1870544256071363,0.21487592546919115,0.23963246736007437
HP2662,6008bb26b4bbfe568fa29d80|lt|1,6008bb26b4bbfe568fa29d80,lt,1,5.0,6,1,Moral,0.39517525916560864,0.41518522220506077,0.1063418188751084,0.08329769975422224
HP2663,5e87b4d3e28032100ce68eec|lt|1,5e87b4d3e28032100ce68eec,lt,1,12.0,6,2,Mutual Benefit / Cooperation,0.2066873298405711,0.13015482034991854,0.08049082608817111,0.5826670237213393
HP2664,5a8b1ee2000dab00018cc7cd|lt|1,5a8b1ee2000dab00018cc7cd,lt,1,12.0,6,1,Moral,0.2421538235745892,0.5583372055360896,0.028932667960150094,0.1705763029291712
HP2665,63f9c81dc81ca7c373e0a7c0|lt|1,63f9c81dc81ca7c373e0a7c0,lt,1,10.5,6,3,Self-interest,0.45455174719895586,0.21370392666218987,0.23550147233666643,0.09624285380218783
HP2666,6297d4ad03a1830f21d22cb1|lt|1,6297d4ad03a1830f21d22cb1,lt,1,8.0,6,2,Mutual Benefit / Cooperation,0.24997835167664748,0.1421501877990467,0.0310249898166468,0.576846470707659
HP2667,65f21f8caad4fa6eb9cb0c3e|lt|1,65f21f8caad4fa6eb9cb0c3e,lt,1,12.0,6,0,No clear justification,0.49431998181733666,0.20762171612144636,0.04818565095013214,0.24987265111108478
HP2668,5d29d6bd30fa6f0015cd4a75|lt|1,5d29d6bd30fa6f0015cd4a75,lt,1,10.0,6,0,No clear justification,0.6055011420679335,0.23091316297702333,0.054766898380815186,0.10881879657422795
HP2669,671ba65a14a83896384598a0|lt|1,671ba65a14a83896384598a0,lt,1,10.0,6,0,No clear justification,0.6055011420679335,0.23091316297702333,0.054766898380815186,0.10881879657422795
HP2670,663a5db9ced6c4bf9bd77d3e|lt|1,663a5db9ced6c4bf9bd77d3e,lt,1,12.0,6,2,Mutual Benefit / Cooperation,0.26559654851421566,0.3419217368253171,0.03160452695866955,0.3608771877017976
HP2671,5e999e7c295393016b7c2577|lt|1,5e999e7c295393016b7c2577,lt,1,12.0,6,0,No clear justification,0.45455174719895586,0.21370392666218987,0.23550147233666643,0.09624285380218783
HP2672,66978d4442338018ab249fe6|lt|1,66978d4442338018ab249fe6,lt,1,6.0,6,2,Mutual Benefit / Cooperation,0.1495775746999439,0.10379605140876579,0.021830848652910472,0.72479552523838
HP2673,56504ecf1b3cda000f544e92|lt|1,56504ecf1b3cda000f544e92,lt,1,9.0,6,0,No clear justification,0.5419600825083313,0.22550301683560242,0.12804612315300323,0.10449077750306299
HP2674,66e1961788c0c89fa75ecb42|lt|1,66e1961788c0c89fa75ecb42,lt,1,10.0,6,3,Self-interest,0.23218041719255308,0.15616547654513518,0.5489567289821995,0.06269737728011224
HP2675,6448f68c3ba5a3f969d1e90d|lt|1,6448f68c3ba5a3f969d1e90d,lt,1,10.0,6,2,Mutual Benefit / Cooperation,0.31536570276042813,0.38099798278048497,0.0955206814334581,0.20811563302562888
HP2676,5c0ea3b7481b47000182320a|lt|1,5c0ea3b7481b47000182320a,lt,1,12.0,6,0,No clear justification,0.5419600825083313,0.22550301683560242,0.12804612315300323,0.10449077750306299
HP2677,66a608dc0a4f33f35327e273|lt|1,66a608dc0a4f33f35327e273,lt,1,9.0,6,0,No clear justification,0.3166950699139014,0.1677145211860507,0.09887792203208595,0.41671248686796203
HP2678,6632687cb045de5ac33ceea3|lt|1,6632687cb045de5ac33ceea3,lt,1,8.0,6,1,Moral,0.14960933382239144,0.7491932673353,0.061398606363643325,0.039798792478665176
HP2679,634d72a4b1dc5f197ac4b8c6|lt|1,634d72a4b1dc5f197ac4b8c6,lt,1,8.0,6,3,Self-interest,0.348304437245407,0.19194836959162465,0.3771164204066694,0.08263077275629899
HP2680,6150a7aff22eb4723de2341a|lt|1,6150a7aff22eb4723de2341a,lt,1,12.0,6,0,No clear justification,0.6055011420679335,0.23091316297702333,0.054766898380815186,0.10881879657422795
HP2681,663554ada85eb670f3c6262c|lt|1,663554ada85eb670f3c6262c,lt,1,6.0,6,3,Self-interest,0.4545517471989559,0.21370392666218993,0.23550147233666632,0.09624285380218783
HP2682,6720378a683a5d8a933493fb|lt|1,6720378a683a5d8a933493fb,lt,1,8.0,6,2,Mutual Benefit / Cooperation,0.26559654851421566,0.3419217368253171,0.03160452695866955,0.3608771877017976
HP2683,5bb9807fe04fca0001436211|lt|1,5bb9807fe04fca0001436211,lt,1,6.0,6,1,Moral,0.2035399356923175,0.5581452350113721,0.07445853446586712,0.1638562948304432
HP2684,662f93c33fe9ba41a6319363|lt|1,662f93c33fe9ba41a6319363,lt,1,10.0,6,0,No clear justification,0.6055011420679335,0.23091316297702333,0.054766898380815186,0.10881879657422795
HP2685,5f7cca7022f65316cfa16574|lt|1,5f7cca7022f65316cfa16574,lt,1,12.0,6,3,Self-interest,0.3211649055187906,0.40567990485829925,0.19866366329792542,0.07449152632498471
HP2686,5d0109187c9f320015f4af37|lt|1,5d0109187c9f320015f4af37,lt,1,10.0,6,3,Self-interest,0.5419600825083313,0.22550301683560242,0.12804612315300323,0.10449077750306299
HP2687,663ae3f35b81791c40865be5|lt|1,663ae3f35b81791c40865be5,lt,1,10.0,6,0,No clear justification,0.6055011420679335,0.23091316297702333,0.054766898380815186,0.10881879657422795
HP2688,5e9717fa30881a0645f99bb0|lt|1,5e9717fa30881a0645f99bb0,lt,1,10.0,6,2,Mutual Benefit / Cooperation,0.2677851118398766,0.16408823871677775,0.3470831448979218,0.22104350454542387
HP2689,60579bed377c47163f70931a|lt|1,60579bed377c47163f70931a,lt,1,9.5,6,2,Mutual Benefit / Cooperation,0.4362837158220443,0.20063744085164803,0.11530833810712406,0.24777050521918367
HP2690,5dea96a5770a431bbed1efb2|lt|1,5dea96a5770a431bbed1efb2,lt,1,6.0,6,1,Moral,0.09654593894840305,0.8614964609466287,0.014615253293266987,0.027342346811701345
HP2691,66a5710d1ae7a2b50c5e8218|lt|1,66a5710d1ae7a2b50c5e8218,lt,1,12.0,6,1,Moral,0.364020199307567,0.38504158473483413,0.03871804383923239,0.21222017211836633
HP2692,6609a32585722d1e798dcf51|lt|1,6609a32585722d1e798dcf51,lt,1,10.0,6,2,Mutual Benefit / Cooperation,0.49431998181733666,0.20762171612144636,0.04818565095013214,0.24987265111108473
HP2693,66b2043f65c48323e4769a1b|lt|1,66b2043f65c48323e4769a1b,lt,1,12.0,6,3,Self-interest,0.5419600825083313,0.22550301683560242,0.12804612315300323,0.10449077750306299
HP2694,676469d83816f597b2652c91|lt|1,676469d83816f597b2652c91,lt,1,12.0,6,0,No clear justification,0.450501556366986,0.41685048876626046,0.04431552386133812,0.08833243100541545
HP2695,5dab79a5525a7600139cd31e|lt|1,5dab79a5525a7600139cd31e,lt,1,3.0,6,0,No clear justification,0.4505015563669861,0.41685048876626024,0.04431552386133816,0.08833243100541549
HP2696,62fb93ed161d9d75987ec48e|lt|1,62fb93ed161d9d75987ec48e,lt,1,12.0,6,2,Mutual Benefit / Cooperation,0.49431998181733666,0.20762171612144636,0.04818565095013214,0.24987265111108473
HP2697,5ea98852cb0af2098caf14a4|lt|1,5ea98852cb0af2098caf14a4,lt,1,12.0,6,0,No clear justification,0.35843718156359805,0.18705442560713623,0.2148759254691907,0.23963246736007512
HP2698,60abdfdf021799f116d9707e|lt|1,60abdfdf021799f116d9707e,lt,1,10.0,6,2,Mutual Benefit / Cooperation,0.3166950699139008,0.16771452118605146,0.09887792203208587,0.41671248686796203
HP2699,5e299d8c2e9dc4000be0fde0|lt|1,5e299d8c2e9dc4000be0fde0,lt,1,8.0,6,2,Mutual Benefit / Cooperation,0.3166950699139013,0.16771452118605062,0.09887792203208587,0.41671248686796225
HP2700,633dbb46887d82536a9ee265|lt|1,633dbb46887d82536a9ee265,lt,1,12.0,6,0,No clear justification,0.5419600825083313,0.22550301683560242,0.12804612315300323,0.10449077750306299
HP2701,5decc61a488cde39be161a91|lt|1,5decc61a488cde39be161a91,lt,1,8.5,6,0,No clear justification,0.6055011420679335,0.23091316297702333,0.054766898380815186,0.10881879657422795
HP2702,672ede539bd39a8deecc501d|lt|1,672ede539bd39a8deecc501d,lt,1,9.0,6,2,Mutual Benefit / Cooperation,0.3166950699139014,0.1677145211860507,0.09887792203208595,0.41671248686796203
HP2703,5d163efd53b9bb0017117638|lt|1,5d163efd53b9bb0017117638,lt,1,10.0,6,0,No clear justification,0.6055011420679335,0.23091316297702333,0.054766898380815186,0.10881879657422795
HP2704,62861bcc5f0edf6340c914df|lt|1,62861bcc5f0edf6340c914df,lt,1,6.0,6,1,Moral,0.2035399356923175,0.5581452350113721,0.07445853446586712,0.1638562948304432
HP2705,5f4a835e9e84256238129995|lt|1,5f4a835e9e84256238129995,lt,1,12.0,6,3,Self-interest,0.24939880842175122,0.15108244824141082,0.18724554277038868,0.4122732005664491
HP2706,642ef01a04c9f327767cde23|lt|1,642ef01a04c9f327767cde23,lt,1,10.0,6,3,Self-interest,0.45455174719895586,0.21370392666218987,0.23550147233666643,0.09624285380218783
HP2707,55d06fd334e9060012e5781c|lt|1,55d06fd334e9060012e5781c,lt,1,12.0,6,3,Self-interest,0.23218041719255308,0.15616547654513518,0.5489567289821995,0.06269737728011224
HP2708,6736485fd762ccba28f44a81|lt|1,6736485fd762ccba28f44a81,lt,1,12.0,6,0,No clear justification,0.6055011420679335,0.23091316297702333,0.054766898380815186,0.10881879657422795
HP2709,5fa3dc44bc91850202c76749|lt|1,5fa3dc44bc91850202c76749,lt,1,10.5,6,2,Mutual Benefit / Cooperation,0.22446094836961483,0.3337406765979965,0.08125479247039617,0.36054358256199254
HP2710,63eda5a4a87d8bd73853fa8e|lt|1,63eda5a4a87d8bd73853fa8e,lt,1,10.0,6,0,No clear justification,0.4362837158220438,0.20063744085164847,0.11530833810712401,0.24777050521918373
HP2711,5f763e6e7632050c3712feac|lt|1,5f763e6e7632050c3712feac,lt,1,8.0,6,1,Moral,0.14960933382239136,0.7491932673353002,0.0613986063636433,0.03979879247866516
HP2712,62aa4aba6960dfb1b61f7583|lt|1,62aa4aba6960dfb1b61f7583,lt,1,12.0,6,3,Self-interest,0.34830443724540716,0.1919483695916246,0.3771164204066693,0.08263077275629906
HP2713,5fd3092b225c4e13301ac0ee|lt|1,5fd3092b225c4e13301ac0ee,lt,1,6.0,6,1,Moral,0.09654593894840305,0.8614964609466287,0.014615253293266987,0.027342346811701345
HP2714,628bdbc77a9dddcd7f4ed538|lt|1,628bdbc77a9dddcd7f4ed538,lt,1,12.0,6,2,Mutual Benefit / Cooperation,0.1495775746999439,0.10379605140876579,0.021830848652910472,0.72479552523838
HP2715,63225dd98b2a68d9be44f266|lt|1,63225dd98b2a68d9be44f266,lt,1,8.0,6,2,Mutual Benefit / Cooperation,0.3166950699139014,0.1677145211860507,0.09887792203208595,0.41671248686796203
HP2716,659564aceb34fc083308364d|lt|1,659564aceb34fc083308364d,lt,1,9.0,6,0,No clear justification,0.6055011420679335,0.23091316297702333,0.054766898380815186,0.10881879657422795
HP2717,664493c2f8a40a43beacc839|lt|1,664493c2f8a40a43beacc839,lt,1,6.5,6,0,No clear justification,0.6055011420679335,0.23091316297702333,0.054766898380815186,0.10881879657422795
HP2718,63ea8aff233fcaa71a940e32|lt|1,63ea8aff233fcaa71a940e32,lt,1,7.0,6,0,No clear justification,0.3166950699139014,0.1677145211860507,0.09887792203208595,0.41671248686796203
HP2719,631123376033bb148edc0ebb|lt|1,631123376033bb148edc0ebb,lt,1,9.0,6,3,Self-interest,0.348304437245407,0.19194836959162465,0.3771164204066694,0.08263077275629899
HP2720,65a2ed2dd066aa3cf8568a21|lt|1,65a2ed2dd066aa3cf8568a21,lt,1,12.0,6,0,No clear justification,0.49431998181733644,0.20762171612144628,0.04818565095013225,0.24987265111108495
HP2721,667e6da95ae0a25f225ae6e6|lt|1,667e6da95ae0a25f225ae6e6,lt,1,12.0,6,3,Self-interest,0.2519856504793426,0.36880316347239905,0.18141257846353637,0.19779860758472204
HP2722,6619cb1e30cb95691a6dd425|lt|1,6619cb1e30cb95691a6dd425,lt,1,8.0,6,1,Moral,0.1442608451202746,0.7072591998152798,0.019892268065273836,0.1285876869991717
HP2723,6446b4a6eb2ba64c1505307d|lt|1,6446b4a6eb2ba64c1505307d,lt,1,7.5,6,0,No clear justification,0.4362837158220443,0.20063744085164803,0.11530833810712406,0.24777050521918367
HP2724,60f32446bc4e09f52b37a56d|lt|1,60f32446bc4e09f52b37a56d,lt,1,8.0,6,0,No clear justification,0.25838561308901076,0.5974370583092572,0.08336623946316762,0.060811089138564305
HP2725,60fd8570f92207ceba5fe86e|lt|1,60fd8570f92207ceba5fe86e,lt,1,10.0,6,0,No clear justification,0.5419600825083313,0.22550301683560242,0.12804612315300323,0.10449077750306299
HP2726,66bb7d98f671be44c2871236|lt|1,66bb7d98f671be44c2871236,lt,1,10.0,6,2,Mutual Benefit / Cooperation,0.3166950699139014,0.1677145211860507,0.09887792203208595,0.41671248686796203
HP2727,5c8b65c3e65fc600177b4a1a|lt|1,5c8b65c3e65fc600177b4a1a,lt,1,10.0,6,3,Self-interest,0.35843718156359794,0.18705442560713656,0.21487592546919085,0.23963246736007468
HP2728,60cf6ac511be7d68ef982d47|lt|1,60cf6ac511be7d68ef982d47,lt,1,10.5,6,2,Mutual Benefit / Cooperation,0.36858280651845077,0.17718159628067262,0.039967678416490855,0.41426791878438585
HP2729,5dd06140c6588f1477daab8b|lt|1,5dd06140c6588f1477daab8b,lt,1,10.0,6,3,Self-interest,0.3166950699139008,0.16771452118605146,0.09887792203208577,0.41671248686796203
HP2730,5883d68d300c0b000113db56|lt|1,5883d68d300c0b000113db56,lt,1,5.0,6,2,Mutual Benefit / Cooperation,0.49431998181733666,0.20762171612144636,0.04818565095013214,0.24987265111108473
HP2731,68c92222ed786d8ff06e7eb8|lt|1,68c92222ed786d8ff06e7eb8,lt,1,8.0,6,0,No clear justification,0.5419600825083313,0.22550301683560242,0.12804612315300323,0.10449077750306299
HP2732,6005fd9c8bbd67931607e518|lt|1,6005fd9c8bbd67931607e518,lt,1,4.0,6,0,No clear justification,0.450501556366986,0.41685048876626046,0.04431552386133812,0.08833243100541545
HP2733,6337875a4d0587706d8f2543|lt|1,6337875a4d0587706d8f2543,lt,1,12.0,6,1,Moral,0.31536570276042825,0.38099798278048497,0.09552068143345806,0.20811563302562888
HP2734,58eb2509a0fa07000146e231|lt|1,58eb2509a0fa07000146e231,lt,1,10.0,6,2,Mutual Benefit / Cooperation,0.36858280651845077,0.17718159628067262,0.039967678416490855,0.41426791878438585
HP2735,6712fe1173dfa2bfa2d6294b|lt|1,6712fe1173dfa2bfa2d6294b,lt,1,5.0,6,0,No clear justification,0.3951752591656088,0.41518522220506054,0.1063418188751084,0.08329769975422228
HP2736,67a354e4a190bfc467c9b5c1|lt|1,67a354e4a190bfc467c9b5c1,lt,1,9.0,6,0,No clear justification,0.450501556366986,0.41685048876626046,0.04431552386133812,0.08833243100541545
HP2737,6003ef9269c7814f0ca7b46a|lt|1,6003ef9269c7814f0ca7b46a,lt,1,11.0,6,0,No clear justification,0.3640201993075672,0.38504158473483424,0.03871804383923243,0.2122201721183662
HP2738,6578ce2ea5495aafe33b815c|lt|1,6578ce2ea5495aafe33b815c,lt,1,12.0,6,0,No clear justification,0.36858280651845077,0.17718159628067262,0.039967678416490855,0.41426791878438585
HP2739,565e0169998e44000a4bdab1|lt|1,565e0169998e44000a4bdab1,lt,1,10.0,6,2,Mutual Benefit / Cooperation,0.4362837158220443,0.20063744085164803,0.11530833810712406,0.24777050521918367
HP2740,5ca8eaf9bd0f9e0001c7d7fa|lt|1,5ca8eaf9bd0f9e0001c7d7fa,lt,1,9.0,6,2,Mutual Benefit / Cooperation,0.2066873298405711,0.13015482034991854,0.08049082608817111,0.5826670237213393
HP2741,6774738db19b119861c727c9|lt|1,6774738db19b119861c727c9,lt,1,6.0,6,1,Moral,0.32116490551879046,0.40567990485829913,0.1986636632979257,0.07449152632498468
HP2742,60fc7610b3fa521881e8f9f8|lt|1,60fc7610b3fa521881e8f9f8,lt,1,10.0,6,0,No clear justification,0.5419600825083313,0.22550301683560242,0.12804612315300323,0.10449077750306299
HP2743,676ed8014625d5ebd417b5f2|lt|1,676ed8014625d5ebd417b5f2,lt,1,10.0,6,2,Mutual Benefit / Cooperation,0.26559654851421566,0.3419217368253171,0.03160452695866955,0.3608771877017976
HP2744,66bebe02e300bb97421dc376|lt|1,66bebe02e300bb97421dc376,lt,1,9.0,6,3,Self-interest,0.1988455432422328,0.5910933627528137,0.15853841912405695,0.05152267488089654
HP2745,5f650058c1e0bf000976f01f|lt|1,5f650058c1e0bf000976f01f,lt,1,10.5,6,0,No clear justification,0.45050155636698613,0.41685048876626024,0.0443155238613381,0.08833243100541549
HP2746,64413c375a0ded04a4e99a3f|lt|1,64413c375a0ded04a4e99a3f,lt,1,11.0,6,0,No clear justification,0.5419600825083313,0.22550301683560242,0.12804612315300323,0.10449077750306299
HP2747,5cc09f7c742632001a7a6e88|lt|1,5cc09f7c742632001a7a6e88,lt,1,5.5,6,0,No clear justification,0.6055011420679335,0.23091316297702333,0.054766898380815186,0.10881879657422795
HP2748,5f81b5dddf03dd0754915ca6|lt|1,5f81b5dddf03dd0754915ca6,lt,1,10.0,6,2,Mutual Benefit / Cooperation,0.14426084512027446,0.7072591998152798,0.019892268065273853,0.12858768699917186
HP2749,5d869111a231d2001993a4cb|lt|1,5d869111a231d2001993a4cb,lt,1,12.0,6,0,No clear justification,0.6055011420679335,0.23091316297702333,0.054766898380815186,0.10881879657422795
HP2750,5e589bf82e08c90a78a29bbe|lt|1,5e589bf82e08c90a78a29bbe,lt,1,10.0,6,2,Mutual Benefit / Cooperation,0.3584371815635982,0.18705442560713664,0.21487592546919082,0.23963246736007437
HP2751,5c36701dbef9a20001e36b89|lt|1,5c36701dbef9a20001e36b89,lt,1,9.5,6,0,No clear justification,0.39517525916560864,0.4151852222050607,0.10634181887510843,0.08329769975422224
HP2752,54f4e2d1fdf99b4e913fdf01|lt|1,54f4e2d1fdf99b4e913fdf01,lt,1,12.0,6,3,Self-interest,0.23218041719255308,0.15616547654513518,0.5489567289821995,0.06269737728011224
HP2753,5fba520e6c3b2e9c74d36273|lt|1,5fba520e6c3b2e9c74d36273,lt,1,12.0,6,1,Moral,0.23561024871208971,0.3815754566278781,0.32167652797810586,0.06113776668192621
HP2754,67a929fca6f522114c6bdec7|lt|1,67a929fca6f522114c6bdec7,lt,1,10.0,6,2,Mutual Benefit / Cooperation,0.36402019930756707,0.38504158473483424,0.038718043839232406,0.21222017211836608
HP2755,5b06efd1732c5d000154de23|lt|1,5b06efd1732c5d000154de23,lt,1,12.0,6,3,Self-interest,0.348304437245407,0.19194836959162465,0.3771164204066694,0.08263077275629899
HP2756,6522fa3ac0163b9e739d097d|lt|1,6522fa3ac0163b9e739d097d,lt,1,6.0,6,0,No clear justification,0.6055011420679335,0.23091316297702333,0.054766898380815186,0.10881879657422795
HP2757,66edc72a30ec9b38153f1b50|lt|1,66edc72a30ec9b38153f1b50,lt,1,9.0,6,1,Moral,0.09654593894840305,0.8614964609466287,0.014615253293266987,0.027342346811701345
HP2758,60e7044ddc2523fab6cbc0cd|lt|1,60e7044ddc2523fab6cbc0cd,lt,1,9.5,6,0,No clear justification,0.6055011420679335,0.23091316297702333,0.054766898380815186,0.10881879657422795
HP2759,66b61fbd217f905382984b89|lt|1,66b61fbd217f905382984b89,lt,1,12.0,6,1,Moral,0.14426084512027446,0.7072591998152798,0.019892268065273847,0.12858768699917186
HP2760,603307b722a1fb3938b8d740|lt|1,603307b722a1fb3938b8d740,lt,1,12.0,6,0,No clear justification,0.5419600825083313,0.22550301683560242,0.12804612315300323,0.10449077750306299
HP2761,650c409b6112d165091bb2cc|lt|1,650c409b6112d165091bb2cc,lt,1,12.0,6,2,Mutual Benefit / Cooperation,0.49431998181733666,0.20762171612144636,0.04818565095013214,0.24987265111108473
HP2762,67047fbe4a73fb7c0e482271|lt|1,67047fbe4a73fb7c0e482271,lt,1,10.0,6,0,No clear justification,0.6055011420679335,0.23091316297702333,0.054766898380815186,0.10881879657422795
HP2763,60a6b2ed58d0aaed52f1dcf4|lt|1,60a6b2ed58d0aaed52f1dcf4,lt,1,12.0,6,0,No clear justification,0.30465731767265686,0.595206074642384,0.03354765414456286,0.06658895354039626
HP2764,66129913cfb0d4d6869dffd8|lt|1,66129913cfb0d4d6869dffd8,lt,1,10.0,6,1,Moral,0.18500235463348177,0.7456769190405618,0.023507702327228236,0.04581302399872819
HP2765,64f386a35e66f7ad22b38ccf|lt|1,64f386a35e66f7ad22b38ccf,lt,1,10.0,6,3,Self-interest,0.348304437245407,0.19194836959162465,0.3771164204066694,0.08263077275629899
HP2766,652fbe161a35986b7fbfc940|lt|1,652fbe161a35986b7fbfc940,lt,1,10.0,6,1,Moral,0.25838561308901076,0.5974370583092572,0.08336623946316762,0.060811089138564305
HP2767,5af8641de19f8c00019e7235|lt|1,5af8641de19f8c00019e7235,lt,1,10.0,6,0,No clear justification,0.6055011420679335,0.23091316297702333,0.054766898380815186,0.10881879657422795
HP2768,6318aed60b7ae5e0c899d3ee|lt|1,6318aed60b7ae5e0c899d3ee,lt,1,10.0,6,2,Mutual Benefit / Cooperation,0.24939880842175122,0.15108244824141082,0.18724554277038868,0.4122732005664491
HP2769,677edcc906221d9231bd83d7|lt|1,677edcc906221d9231bd83d7,lt,1,6.0,6,0,No clear justification,0.5419600825083313,0.22550301683560242,0.12804612315300323,0.10449077750306299
HP2770,664647d420183b9017337dfa|lt|1,664647d420183b9017337dfa,lt,1,8.0,6,2,Mutual Benefit / Cooperation,0.20668732984057098,0.13015482034991868,0.08049082608817111,0.5826670237213393
HP2771,66e9d794bd67a9a02ca66a8f|lt|1,66e9d794bd67a9a02ca66a8f,lt,1,10.0,6,1,Moral,0.4505015563669862,0.4168504887662603,0.0443155238613381,0.08833243100541549
HP2772,67380a0419c95d7829fc2144|lt|1,67380a0419c95d7829fc2144,lt,1,11.0,6,2,Mutual Benefit / Cooperation,0.26559654851421566,0.3419217368253171,0.03160452695866955,0.3608771877017976
HP2773,62b2510090c080a481c2c8ef|lt|1,62b2510090c080a481c2c8ef,lt,1,10.0,6,1,Moral,0.39517525916560875,0.4151852222050605,0.10634181887510843,0.08329769975422228
HP2774,6313025a14dc3855afaf69d2|lt|1,6313025a14dc3855afaf69d2,lt,1,8.5,6,0,No clear justification,0.5419600825083313,0.22550301683560242,0.12804612315300323,0.10449077750306299
HP2775,614b44224f28be10f5b5d4ed|lt|1,614b44224f28be10f5b5d4ed,lt,1,10.0,6,2,Mutual Benefit / Cooperation,0.3166950699139014,0.1677145211860507,0.09887792203208595,0.41671248686796203
HP2776,5d9b5e2d8465bf02e1190626|lt|1,5d9b5e2d8465bf02e1190626,lt,1,0.0,6,0,No clear justification,0.6055011420679335,0.23091316297702333,0.054766898380815186,0.10881879657422795
HP2777,65739900e4594000e0c7a2dc|lt|1,65739900e4594000e0c7a2dc,lt,1,9.0,6,1,Moral,0.18500235463348227,0.7456769190405609,0.02350770232722836,0.04581302399872832
HP2778,5dce56cf1480fb0dfc4bfd2f|lt|1,5dce56cf1480fb0dfc4bfd2f,lt,1,6.5,6,2,Mutual Benefit / Cooperation,0.24997835167664748,0.1421501877990467,0.0310249898166468,0.576846470707659
HP2779,629b3553f9621f7c65de7f5a|lt|1,629b3553f9621f7c65de7f5a,lt,1,8.5,6,2,Mutual Benefit / Cooperation,0.4362837158220443,0.20063744085164803,0.11530833810712406,0.24777050521918367
HP2780,6671e7169998ec67e708d8b7|lt|1,6671e7169998ec67e708d8b7,lt,1,10.0,6,0,No clear justification,0.6055011420679335,0.23091316297702333,0.054766898380815186,0.10881879657422795
HP2781,671877457b87685e1d42f63c|lt|1,671877457b87685e1d42f63c,lt,1,8.0,6,2,Mutual Benefit / Cooperation,0.3640201993075672,0.38504158473483424,0.03871804383923243,0.21222017211836613
HP2782,6320a1395b4e05325c746101|lt|1,6320a1395b4e05325c746101,lt,1,10.0,6,0,No clear justification,0.45455174719895586,0.21370392666218987,0.23550147233666643,0.09624285380218783
HP2783,63cfefc43323e05d2a6f554b|lt|1,63cfefc43323e05d2a6f554b,lt,1,9.0,6,0,No clear justification,0.34830443724540744,0.1919483695916249,0.37711642040666854,0.08263077275629914
HP2784,67aa74d967279f04eeb4b708|lt|1,67aa74d967279f04eeb4b708,lt,1,9.0,6,0,No clear justification,0.45050155636698613,0.41685048876626024,0.0443155238613381,0.08833243100541549
HP2785,66a424e1e9201c36707e1ff4|lt|1,66a424e1e9201c36707e1ff4,lt,1,8.0,6,1,Moral,0.17021438866895722,0.5064661025469158,0.022901713225744618,0.30041779555838255
HP2786,62a33935e9d8352a774c285b|lt|1,62a33935e9d8352a774c285b,lt,1,10.0,6,0,No clear justification,0.2499783516766481,0.14215018779904684,0.031024989816646843,0.5768464707076583
HP2787,5bf08e67d63d690001360a79|lt|1,5bf08e67d63d690001360a79,lt,1,12.0,6,3,Self-interest,0.3211649055187906,0.4056799048582992,0.19866366329792542,0.07449152632498471
HP2788,5e4fee53478084033f395903|lt|1,5e4fee53478084033f395903,lt,1,12.0,6,3,Self-interest,0.34830443724540716,0.1919483695916246,0.3771164204066693,0.08263077275629906
HP2789,5f0c8cfb134b8f1010cba857|lt|1,5f0c8cfb134b8f1010cba857,lt,1,11.0,6,1,Moral,0.31536570276042825,0.380997982780485,0.0955206814334581,0.20811563302562877
HP2790,667da6ac378a8883e9c20227|lt|1,667da6ac378a8883e9c20227,lt,1,10.0,6,0,No clear justification,0.450501556366986,0.41685048876626046,0.04431552386133812,0.08833243100541545
HP2791,5b6ee328bbc37000016a2e5c|lt|1,5b6ee328bbc37000016a2e5c,lt,1,10.5,6,0,No clear justification,0.30465731767265686,0.595206074642384,0.03354765414456286,0.06658895354039626
HP2792,678d933aeecfeb40cd30b3a9|lt|1,678d933aeecfeb40cd30b3a9,lt,1,0.0,6,0,No clear justification,0.49431998181733644,0.20762171612144628,0.04818565095013225,0.24987265111108495
HP2793,6234b0c299240379091680f4|lt|1,6234b0c299240379091680f4,lt,1,9.5,6,2,Mutual Benefit / Cooperation,0.36402019930756707,0.38504158473483424,0.038718043839232406,0.21222017211836608
HP2794,59e6585c2f63d30001c8f9b2|lt|1,59e6585c2f63d30001c8f9b2,lt,1,12.0,6,0,No clear justification,0.49431998181733666,0.20762171612144636,0.04818565095013214,0.24987265111108478
HP2795,62ed040473cc253bdb75b3bf|lt|1,62ed040473cc253bdb75b3bf,lt,1,8.5,6,1,Moral,0.14960933382239144,0.7491932673353,0.061398606363643325,0.039798792478665176
HP2796,5bc913d99427200001dd47f5|lt|1,5bc913d99427200001dd47f5,lt,1,9.5,6,0,No clear justification,0.5419600825083313,0.22550301683560242,0.12804612315300323,0.10449077750306299
HP2797,5a4ff22bacc75b000179b0e9|lt|1,5a4ff22bacc75b000179b0e9,lt,1,7.0,6,2,Mutual Benefit / Cooperation,0.3640201993075672,0.38504158473483424,0.03871804383923243,0.21222017211836613
HP2798,6312d110fc7b2e75f0e609a7|lt|1,6312d110fc7b2e75f0e609a7,lt,1,12.0,6,2,Mutual Benefit / Cooperation,0.26559654851421544,0.3419217368253171,0.03160452695866952,0.3608771877017979
HP2799,613713a660ee306c2817c891|lt|1,613713a660ee306c2817c891,lt,1,8.0,6,0,No clear justification,0.3153657027604282,0.38099798278048486,0.0955206814334581,0.20811563302562883
HP2800,5dd61f689740545c506ee244|lt|1,5dd61f689740545c506ee244,lt,1,12.0,6,0,No clear justification,0.6055011420679335,0.23091316297702333,0.054766898380815186,0.10881879657422795
HP2801,5dbecb5e30c4d737494efe10|kw|1,5dbecb5e30c4d737494efe10,kw,1,10.5,6,0,No clear justification,0.3584371815635981,0.18705442560713664,0.21487592546919082,0.23963246736007437
HP2802,5b52fb6cb3c9400001f23bb5|kw|1,5b52fb6cb3c9400001f23bb5,kw,1,10.0,6,2,Mutual Benefit / Cooperation,0.17467315327225666,0.29060431579521684,0.02389759126395014,0.5108249396685762
HP2803,5dc08036fd08d4033964f469|kw|1,5dc08036fd08d4033964f469,kw,1,10.0,6,0,No clear justification,0.45455174719895586,0.21370392666218987,0.23550147233666643,0.09624285380218783
HP2804,66ef7a5b05edfd0f5bed68a6|kw|1,66ef7a5b05edfd0f5bed68a6,kw,1,12.0,6,0,No clear justification,0.6055011420679335,0.23091316297702333,0.054766898380815186,0.10881879657422795
HP2805,6698dc932afda97ccd9733be|kw|1,6698dc932afda97ccd9733be,kw,1,3.0,6,0,No clear justification,0.450501556366986,0.41685048876626046,0.04431552386133812,0.08833243100541545
HP2806,5eff51c5bfbd094cb6252800|kw|1,5eff51c5bfbd094cb6252800,kw,1,4.5,6,0,No clear justification,0.6055011420679335,0.23091316297702333,0.054766898380815186,0.10881879657422795
HP2807,63e640530716cada35c239ea|kw|1,63e640530716cada35c239ea,kw,1,12.0,6,0,No clear justification,0.6055011420679335,0.23091316297702333,0.054766898380815186,0.10881879657422795
HP2808,5ce65c39baebc8001939a3ab|kw|1,5ce65c39baebc8001939a3ab,kw,1,8.0,6,0,No clear justification,0.45050155636698613,0.41685048876626024,0.0443155238613381,0.08833243100541549
HP2809,5c94d745f6a32b0015d323e8|kw|1,5c94d745f6a32b0015d323e8,kw,1,11.0,6,0,No clear justification,0.2499783516766481,0.14215018779904684,0.031024989816646843,0.5768464707076583
HP2810,63468a615fe324360bedf63e|kw|1,63468a615fe324360bedf63e,kw,1,10.0,6,1,Moral,0.30465731767265686,0.595206074642384,0.03354765414456286,0.06658895354039626
HP2811,62f6e81d42e7c4dea045f2fc|kw|1,62f6e81d42e7c4dea045f2fc,kw,1,12.0,6,0,No clear justification,0.6055011420679335,0.23091316297702333,0.054766898380815186,0.10881879657422795
HP2812,5f67d9a6db770f425d64de58|kw|1,5f67d9a6db770f425d64de58,kw,1,8.0,6,0,No clear justification,0.6055011420679335,0.23091316297702333,0.054766898380815186,0.10881879657422795
HP2813,5d04c56a0b54cc0001dad608|kw|1,5d04c56a0b54cc0001dad608,kw,1,0.0,6,0,No clear justification,0.6055011420679335,0.23091316297702333,0.054766898380815186,0.10881879657422795
HP2814,60c98cf01628dcd21551605b|kw|1,60c98cf01628dcd21551605b,kw,1,10.0,6,0,No clear justification,0.6055011420679335,0.23091316297702333,0.054766898380815186,0.10881879657422795
HP2815,5fba54733359979ab9a16056|kw|1,5fba54733359979ab9a16056,kw,1,12.0,6,1,Moral,0.23561024871208971,0.3815754566278781,0.32167652797810586,0.06113776668192621
HP2816,67ddd4f85ab870ffd90cc888|kw|1,67ddd4f85ab870ffd90cc888,kw,1,11.0,6,0,No clear justification,0.35843718156359805,0.18705442560713623,0.2148759254691907,0.23963246736007512
HP2817,62b0c2e6bbb517b6acd0d241|kw|1,62b0c2e6bbb517b6acd0d241,kw,1,12.0,6,3,Self-interest,0.5419600825083313,0.22550301683560242,0.12804612315300323,0.10449077750306299
HP2818,6787c508634bc22939b57be8|kw|1,6787c508634bc22939b57be8,kw,1,12.0,6,1,Moral,0.39517525916560875,0.4151852222050605,0.10634181887510843,0.08329769975422228
HP2819,651979733e35af04ce5fca4e|kw|1,651979733e35af04ce5fca4e,kw,1,6.0,6,1,Moral,0.30465731767265686,0.595206074642384,0.03354765414456286,0.06658895354039626
HP2820,63ea43c4b693d4bd0ef6378d|kw|1,63ea43c4b693d4bd0ef6378d,kw,1,12.0,6,3,Self-interest,0.23218041719255308,0.15616547654513518,0.5489567289821995,0.06269737728011224
HP2821,676ed6c97f59dba5a786886d|kw|1,676ed6c97f59dba5a786886d,kw,1,8.0,6,1,Moral,0.1442608451202746,0.7072591998152798,0.019892268065273836,0.1285876869991717
HP2822,5f625539ecec8c13b04d83e3|kw|1,5f625539ecec8c13b04d83e3,kw,1,12.0,6,0,No clear justification,0.36858280651845077,0.17718159628067262,0.039967678416490855,0.41426791878438585
HP2823,5f59c4de09a8be00087bb9d0|kw|1,5f59c4de09a8be00087bb9d0,kw,1,9.0,6,0,No clear justification,0.49431998181733655,0.20762171612144634,0.04818565095013229,0.24987265111108473
HP2824,5e5c91241b530a000c03d815|kw|1,5e5c91241b530a000c03d815,kw,1,6.0,6,1,Moral,0.23561024871208971,0.3815754566278781,0.32167652797810586,0.06113776668192621
HP2825,61fa9085d42cb19beec4915d|kw|1,61fa9085d42cb19beec4915d,kw,1,6.0,6,1,Moral,0.2035399356923175,0.5581452350113721,0.07445853446586712,0.16385629483044314
HP2826,616802878b2577d953ddd763|kw|1,616802878b2577d953ddd763,kw,1,2.0,6,1,Moral,0.32116490551879046,0.40567990485829913,0.1986636632979257,0.07449152632498468
HP2827,5f91a0c5075eec02af730999|kw|1,5f91a0c5075eec02af730999,kw,1,5.5,6,1,Moral,0.09654593894840305,0.8614964609466287,0.014615253293266987,0.027342346811701345
HP2828,5b62baa92783fc0001132bef|kw|1,5b62baa92783fc0001132bef,kw,1,12.0,6,3,Self-interest,0.34830443724540716,0.1919483695916246,0.3771164204066693,0.08263077275629906
HP2829,57bc1180d50f410001e16ee9|kw|1,57bc1180d50f410001e16ee9,kw,1,12.0,6,0,No clear justification,0.6055011420679335,0.23091316297702333,0.054766898380815186,0.10881879657422795
HP2830,5cdc33f20a246d001e2d839a|kw|1,5cdc33f20a246d001e2d839a,kw,1,4.0,6,1,Moral,0.17021438866895722,0.5064661025469158,0.022901713225744618,0.30041779555838255
HP2831,66293dd4c51422edb482d223|kw|1,66293dd4c51422edb482d223,kw,1,7.0,6,3,Self-interest,0.4545517471989559,0.21370392666218993,0.23550147233666632,0.09624285380218783
HP2832,66619561132926a85baa3985|kw|1,66619561132926a85baa3985,kw,1,6.5,6,0,No clear justification,0.49431998181733644,0.20762171612144628,0.04818565095013225,0.24987265111108495
HP2833,67fb712344e93ae6c23a6805|kw|1,67fb712344e93ae6c23a6805,kw,1,8.0,6,2,Mutual Benefit / Cooperation,0.1702143886689573,0.5064661025469158,0.022901713225744507,0.30041779555838255
HP2834,63e63f77c742a91baf498dd0|kw|1,63e63f77c742a91baf498dd0,kw,1,11.5,6,3,Self-interest,0.26778511183987663,0.16408823871677783,0.3470831448979218,0.22104350454542368
HP2835,6655f99ef74e844cb8404cfa|kw|1,6655f99ef74e844cb8404cfa,kw,1,8.0,6,1,Moral,0.4505015563669862,0.4168504887662603,0.0443155238613381,0.08833243100541549
HP2836,5b55f0867c0c5e0001635ee3|kw|1,5b55f0867c0c5e0001635ee3,kw,1,6.0,6,1,Moral,0.09654593894840305,0.8614964609466287,0.014615253293266987,0.027342346811701345
HP2837,60abbb05288f7eeb1312c3b7|kw|1,60abbb05288f7eeb1312c3b7,kw,1,8.0,6,1,Moral,0.14960933382239136,0.7491932673353002,0.0613986063636433,0.03979879247866516
HP2838,66c215f37fb5c5aced53c73e|kw|1,66c215f37fb5c5aced53c73e,kw,1,12.0,6,0,No clear justification,0.6055011420679335,0.23091316297702333,0.054766898380815186,0.10881879657422795
HP2839,5c9cb71960a25400174337a0|kw|1,5c9cb71960a25400174337a0,kw,1,12.0,6,0,No clear justification,0.6055011420679335,0.23091316297702333,0.054766898380815186,0.10881879657422795
HP2840,6667dbd3d056e51225c6522f|kw|1,6667dbd3d056e51225c6522f,kw,1,10.0,6,3,Self-interest,0.45455174719895586,0.21370392666218987,0.23550147233666643,0.09624285380218783
HP2841,676055523b2e338c11c6d4f8|kw|1,676055523b2e338c11c6d4f8,kw,1,11.0,6,0,No clear justification,0.49431998181733655,0.20762171612144634,0.04818565095013229,0.24987265111108473
HP2842,604e839302a74c2f2990f713|kw|1,604e839302a74c2f2990f713,kw,1,10.0,6,2,Mutual Benefit / Cooperation,0.3166950699139013,0.16771452118605062,0.09887792203208587,0.41671248686796225
HP2843,63039577b518c6981e54da62|kw|1,63039577b518c6981e54da62,kw,1,12.0,6,0,No clear justification,0.4505015563669861,0.41685048876626024,0.04431552386133816,0.08833243100541549
HP2844,5dd3d566e05cad3b130de19a|kw|1,5dd3d566e05cad3b130de19a,kw,1,12.0,6,0,No clear justification,0.6055011420679335,0.23091316297702333,0.054766898380815186,0.10881879657422795
HP2845,5788e1834a84da00014c4199|kw|1,5788e1834a84da00014c4199,kw,1,12.0,6,2,Mutual Benefit / Cooperation,0.3166950699139014,0.1677145211860507,0.09887792203208595,0.41671248686796203
HP2846,645e7b6f73146e7738e162e7|kw|1,645e7b6f73146e7738e162e7,kw,1,11.0,6,3,Self-interest,0.23218041719255308,0.15616547654513518,0.5489567289821995,0.06269737728011224
HP2847,6130bf45d26aace770c8a217|kw|1,6130bf45d26aace770c8a217,kw,1,9.0,6,0,No clear justification,0.6055011420679335,0.23091316297702333,0.054766898380815186,0.10881879657422795
HP2848,660460162a2b3e5c554cf140|kw|1,660460162a2b3e5c554cf140,kw,1,9.5,6,0,No clear justification,0.36858280651845077,0.17718159628067262,0.039967678416490855,0.41426791878438585
HP2849,5bfd2d6b8acfed00011a5c89|kw|1,5bfd2d6b8acfed00011a5c89,kw,1,12.0,6,2,Mutual Benefit / Cooperation,0.1495775746999439,0.10379605140876579,0.021830848652910472,0.72479552523838
HP2850,5803cb9a3073510001231d82|kw|1,5803cb9a3073510001231d82,kw,1,9.0,6,0,No clear justification,0.6055011420679335,0.23091316297702333,0.054766898380815186,0.10881879657422795
HP2851,5a47c383e074d600013912cc|kw|1,5a47c383e074d600013912cc,kw,1,4.0,6,0,No clear justification,0.6055011420679335,0.23091316297702333,0.054766898380815186,0.10881879657422795
HP2852,5f218810dbe587339609aee4|kw|1,5f218810dbe587339609aee4,kw,1,11.0,6,0,No clear justification,0.49431998181733655,0.20762171612144634,0.04818565095013229,0.24987265111108473
HP2853,634689b708cc8c54b0ac8f9d|kw|1,634689b708cc8c54b0ac8f9d,kw,1,7.0,6,2,Mutual Benefit / Cooperation,0.17467315327225666,0.29060431579521684,0.02389759126395014,0.5108249396685762
HP2854,65c900c7a7dc9db70e311289|kw|1,65c900c7a7dc9db70e311289,kw,1,7.5,6,0,No clear justification,0.36858280651845077,0.17718159628067262,0.039967678416490855,0.41426791878438585
HP2855,56c6e662b0b7a1000c5cdb21|kw|1,56c6e662b0b7a1000c5cdb21,kw,1,12.0,6,0,No clear justification,0.3153657027604282,0.38099798278048486,0.0955206814334581,0.20811563302562883
HP2856,650d9240b7f9fcecaf1f9656|kw|1,650d9240b7f9fcecaf1f9656,kw,1,3.5,6,0,No clear justification,0.49431998181733655,0.20762171612144634,0.04818565095013229,0.24987265111108473
HP2857,634689122e997b8299adeda5|kw|1,634689122e997b8299adeda5,kw,1,9.0,6,0,No clear justification,0.49431998181733655,0.20762171612144634,0.04818565095013229,0.24987265111108473
HP2858,5c4d8307782a2500019f5bfb|kw|1,5c4d8307782a2500019f5bfb,kw,1,12.0,6,3,Self-interest,0.23218041719255308,0.15616547654513518,0.5489567289821995,0.06269737728011224
HP2859,5c3a4e759e794d000129a225|kw|1,5c3a4e759e794d000129a225,kw,1,10.0,6,2,Mutual Benefit / Cooperation,0.1495775746999439,0.10379605140876579,0.021830848652910472,0.72479552523838
HP2860,56aa90d5638440000c8b506f|kw|1,56aa90d5638440000c8b506f,kw,1,6.0,6,2,Mutual Benefit / Cooperation,0.2499783516766481,0.14215018779904684,0.031024989816646843,0.5768464707076583
HP2861,656ddcbf866b84025844f011|kw|1,656ddcbf866b84025844f011,kw,1,6.0,6,1,Moral,0.2035399356923175,0.5581452350113721,0.07445853446586712,0.1638562948304432
HP2862,5d5a72b1f6a633000186827b|kw|1,5d5a72b1f6a633000186827b,kw,1,0.0,6,3,Self-interest,0.3211649055187906,0.40567990485829925,0.19866366329792542,0.07449152632498471
HP2863,65e1e4ec67a8ab131c6868f2|kw|1,65e1e4ec67a8ab131c6868f2,kw,1,12.0,6,3,Self-interest,0.34830443724540716,0.1919483695916246,0.3771164204066693,0.08263077275629906
HP2864,680d2d86e66d1e2a91357982|kw|1,680d2d86e66d1e2a91357982,kw,1,12.0,6,0,No clear justification,0.6055011420679335,0.23091316297702333,0.054766898380815186,0.10881879657422795
HP2865,65cbbb9b37abca7a65bc8f97|kw|1,65cbbb9b37abca7a65bc8f97,kw,1,11.0,6,0,No clear justification,0.5419600825083313,0.22550301683560242,0.12804612315300323,0.10449077750306299
HP2866,650c3ea3bb7f3b500e2db7a1|kw|1,650c3ea3bb7f3b500e2db7a1,kw,1,9.0,6,2,Mutual Benefit / Cooperation,0.2066873298405711,0.13015482034991854,0.08049082608817111,0.5826670237213393
HP2867,6140ce04fc55c3149baf0f8b|kw|1,6140ce04fc55c3149baf0f8b,kw,1,12.0,6,2,Mutual Benefit / Cooperation,0.26559654851421544,0.3419217368253171,0.03160452695866952,0.3608771877017979
HP2868,59f22a9fd6380600018b2929|kw|1,59f22a9fd6380600018b2929,kw,1,12.0,6,1,Moral,0.25838561308901076,0.5974370583092572,0.08336623946316762,0.060811089138564305
HP2869,676aa8c77ae361d05e202994|kw|1,676aa8c77ae361d05e202994,kw,1,8.0,6,1,Moral,0.09654593894840305,0.8614964609466287,0.014615253293266987,0.027342346811701345
HP2870,6786abc3a98055356d70eb64|kw|1,6786abc3a98055356d70eb64,kw,1,4.0,6,0,No clear justification,0.36402019930756707,0.3850415847348341,0.038718043839232406,0.21222017211836636
HP2871,5fa2b9a3c1d67f3a311db672|kw|1,5fa2b9a3c1d67f3a311db672,kw,1,6.0,6,2,Mutual Benefit / Cooperation,0.2035399356923174,0.5581452350113723,0.07445853446586712,0.16385629483044328
HP2872,66d85bf2a76bd30f73bf7d6a|kw|1,66d85bf2a76bd30f73bf7d6a,kw,1,10.0,6,0,No clear justification,0.49431998181733644,0.20762171612144628,0.04818565095013225,0.24987265111108495
HP2873,5a9ac3061eda410001366658|kw|1,5a9ac3061eda410001366658,kw,1,6.0,6,1,Moral,0.22446094836961483,0.33374067659799633,0.08125479247039617,0.36054358256199254
HP2874,6914dc322c5412011be92338|kw|1,6914dc322c5412011be92338,kw,1,7.0,6,1,Moral,0.22446094836961483,0.33374067659799633,0.08125479247039617,0.36054358256199254
HP2875,5f1c27b2554a0f483df235e7|kw|1,5f1c27b2554a0f483df235e7,kw,1,4.0,6,2,Mutual Benefit / Cooperation,0.26559654851421566,0.3419217368253171,0.03160452695866955,0.3608771877017976
HP2876,61019bc7cffccb7dc8d612b2|kw|1,61019bc7cffccb7dc8d612b2,kw,1,11.0,6,0,No clear justification,0.49431998181733666,0.20762171612144636,0.04818565095013214,0.24987265111108478
HP2877,60a2dc7661911b5c61c28b51|kw|1,60a2dc7661911b5c61c28b51,kw,1,11.0,6,3,Self-interest,0.34830443724540716,0.1919483695916246,0.3771164204066693,0.08263077275629906
HP2878,5ad0422dfb109b0001a30f35|kw|1,5ad0422dfb109b0001a30f35,kw,1,12.0,6,1,Moral,0.4505015563669862,0.4168504887662603,0.0443155238613381,0.08833243100541549
HP2879,6303d61b4d70a5c93f583475|kw|1,6303d61b4d70a5c93f583475,kw,1,9.0,6,0,No clear justification,0.5419600825083313,0.22550301683560242,0.12804612315300323,0.10449077750306299
HP2880,5ede22703409e1042973a050|kw|1,5ede22703409e1042973a050,kw,1,12.0,6,1,Moral,0.14960933382239144,0.7491932673353,0.061398606363643325,0.039798792478665176
HP2881,5a4d194c87c6f8000137d680|kw|1,5a4d194c87c6f8000137d680,kw,1,12.0,6,0,No clear justification,0.6055011420679335,0.23091316297702333,0.054766898380815186,0.10881879657422795
HP2882,5d5ae10ebe4ce30015ee95e2|kw|1,5d5ae10ebe4ce30015ee95e2,kw,1,2.0,6,1,Moral,0.14960933382239136,0.7491932673353002,0.0613986063636433,0.03979879247866516
HP2883,6647e64e68a80c2df0ecede1|kw|1,6647e64e68a80c2df0ecede1,kw,1,9.0,6,0,No clear justification,0.36858280651845077,0.17718159628067262,0.039967678416490855,0.41426791878438585
HP2884,6819f6ed2c103fe0803b1cb5|kw|1,6819f6ed2c103fe0803b1cb5,kw,1,12.0,6,2,Mutual Benefit / Cooperation,0.1495775746999439,0.10379605140876579,0.021830848652910472,0.72479552523838
HP2885,63e51bd9b573cd46809e1d56|kw|1,63e51bd9b573cd46809e1d56,kw,1,7.0,6,1,Moral,0.17021438866895722,0.5064661025469158,0.022901713225744618,0.30041779555838255
HP2886,6346ab31c7d314a6aad343d5|kw|1,6346ab31c7d314a6aad343d5,kw,1,12.0,6,3,Self-interest,0.35843718156359805,0.18705442560713656,0.21487592546919063,0.23963246736007485
HP2887,5e3d98be8ed4a5000e47cf4c|kw|1,5e3d98be8ed4a5000e47cf4c,kw,1,0.0,6,2,Mutual Benefit / Cooperation,0.4362837158220443,0.20063744085164803,0.11530833810712401,0.24777050521918373
HP2888,5c5243d45acab700012608c7|kw|1,5c5243d45acab700012608c7,kw,1,12.0,6,0,No clear justification,0.6055011420679335,0.23091316297702333,0.054766898380815186,0.10881879657422795
HP2889,67ea369e95f5a4a14b11b557|kw|1,67ea369e95f5a4a14b11b557,kw,1,6.0,6,1,Moral,0.25838561308901076,0.5974370583092572,0.0833662394631677,0.060811089138564305
HP2890,614d9188dc315950026a6102|kw|1,614d9188dc315950026a6102,kw,1,12.0,6,0,No clear justification,0.30465731767265686,0.595206074642384,0.03354765414456286,0.06658895354039626
HP2891,5ea7e9f15bc7011d31958608|kw|1,5ea7e9f15bc7011d31958608,kw,1,8.0,6,2,Mutual Benefit / Cooperation,0.3166950699139008,0.16771452118605146,0.09887792203208587,0.41671248686796203
HP2892,5dfcf9a12e47259f5bdcd77f|kw|1,5dfcf9a12e47259f5bdcd77f,kw,1,10.5,6,2,Mutual Benefit / Cooperation,0.2499783516766481,0.14215018779904684,0.031024989816646843,0.5768464707076583
HP2893,5e15047894d5eeb157532e7f|kw|1,5e15047894d5eeb157532e7f,kw,1,4.0,6,0,No clear justification,0.450501556366986,0.41685048876626046,0.04431552386133812,0.08833243100541545
HP2894,641571922d04f807e7157a04|kw|1,641571922d04f807e7157a04,kw,1,10.0,6,0,No clear justification,0.6055011420679335,0.23091316297702333,0.054766898380815186,0.10881879657422795
HP2895,5d0b6647e28fd700010c55ac|kw|1,5d0b6647e28fd700010c55ac,kw,1,6.0,6,1,Moral,0.4505015563669862,0.4168504887662603,0.0443155238613381,0.08833243100541549
HP2896,5f4738bfa043201203a27b4b|kw|1,5f4738bfa043201203a27b4b,kw,1,12.0,6,1,Moral,0.1442608451202745,0.7072591998152798,0.01989226806527387,0.12858768699917192
HP2897,607de1d7c7cc25b639f63026|kw|1,607de1d7c7cc25b639f63026,kw,1,9.5,6,0,No clear justification,0.49431998181733655,0.20762171612144634,0.04818565095013229,0.24987265111108473
HP2898,5f49645bf271be4ba2e83871|kw|1,5f49645bf271be4ba2e83871,kw,1,10.0,6,1,Moral,0.09654593894840305,0.8614964609466287,0.014615253293266987,0.027342346811701345
HP2899,5fb156d6e16ee65ed2558d7c|kw|1,5fb156d6e16ee65ed2558d7c,kw,1,8.0,6,2,Mutual Benefit / Cooperation,0.22446094836961483,0.3337406765979965,0.08125479247039617,0.36054358256199254
HP2900,668bb93b4eb858cd5cc42786|kw|1,668bb93b4eb858cd5cc42786,kw,1,6.0,6,0,No clear justification,0.6055011420679335,0.23091316297702333,0.054766898380815186,0.10881879657422795
HP2901,58c508c1b101a700012938fa|kw|1,58c508c1b101a700012938fa,kw,1,7.5,6,2,Mutual Benefit / Cooperation,0.17467315327225666,0.29060431579521684,0.02389759126395014,0.5108249396685762
HP2902,6776aa5ebfd096ef2a2f19e5|kw|1,6776aa5ebfd096ef2a2f19e5,kw,1,6.0,6,2,Mutual Benefit / Cooperation,0.36858280651845077,0.17718159628067262,0.039967678416490855,0.41426791878438585
HP2903,5f123d2f9926a1193a114e68|kw|1,5f123d2f9926a1193a114e68,kw,1,10.0,6,0,No clear justification,0.6055011420679335,0.23091316297702333,0.054766898380815186,0.10881879657422795
HP2904,5d6f8881a273800019397e62|kw|1,5d6f8881a273800019397e62,kw,1,12.0,6,2,Mutual Benefit / Cooperation,0.1702143886689573,0.5064661025469155,0.022901713225744507,0.30041779555838266
HP2905,5eaefa172e29805e3fc8081c|kw|1,5eaefa172e29805e3fc8081c,kw,1,10.0,6,2,Mutual Benefit / Cooperation,0.36858280651845077,0.17718159628067262,0.039967678416490855,0.41426791878438585
HP2906,597f662f89542d0001517d78|kw|1,597f662f89542d0001517d78,kw,1,11.0,6,2,Mutual Benefit / Cooperation,0.24997835167664748,0.1421501877990467,0.0310249898166468,0.576846470707659
HP2907,672e4d2388e1ccc770c60315|kw|1,672e4d2388e1ccc770c60315,kw,1,8.0,6,2,Mutual Benefit / Cooperation,0.224460948369615,0.3337406765979968,0.08125479247039628,0.3605435825619919
HP2908,5b12dd2630d562000155d420|kw|1,5b12dd2630d562000155d420,kw,1,12.0,6,1,Moral,0.19884554324223272,0.5910933627528139,0.15853841912405686,0.05152267488089652
HP2909,5df967d2f6191f6e87b236e6|kw|1,5df967d2f6191f6e87b236e6,kw,1,4.5,6,1,Moral,0.1988455432422329,0.5910933627528134,0.15853841912405703,0.05152267488089649
HP2910,5aa50441b5e2110001c72b89|kw|1,5aa50441b5e2110001c72b89,kw,1,12.0,6,2,Mutual Benefit / Cooperation,0.36858280651845077,0.17718159628067262,0.039967678416490855,0.41426791878438585
HP2911,66744f5894fa0c22d40a2fa9|kw|1,66744f5894fa0c22d40a2fa9,kw,1,11.5,6,2,Mutual Benefit / Cooperation,0.22446094836961483,0.3337406765979965,0.08125479247039617,0.36054358256199254
HP2912,5c0558b8553fb80001191980|kw|1,5c0558b8553fb80001191980,kw,1,9.5,6,0,No clear justification,0.6055011420679335,0.23091316297702333,0.054766898380815186,0.10881879657422795
HP2913,678ff750175fa91b6ee9c424|kw|1,678ff750175fa91b6ee9c424,kw,1,12.0,6,3,Self-interest,0.3584371815635982,0.18705442560713664,0.21487592546919057,0.23963246736007462
HP2914,5c91658e319e1200014f6f9b|kw|1,5c91658e319e1200014f6f9b,kw,1,12.0,6,0,No clear justification,0.6055011420679335,0.23091316297702333,0.054766898380815186,0.10881879657422795
HP2915,5c8d1d7b88549d0012e849fd|kw|1,5c8d1d7b88549d0012e849fd,kw,1,7.5,6,3,Self-interest,0.23561024871208971,0.38157545662787806,0.32167652797810586,0.06113776668192621
HP2916,676edbd71b2d6c518eae7b45|kw|1,676edbd71b2d6c518eae7b45,kw,1,7.0,6,2,Mutual Benefit / Cooperation,0.49431998181733666,0.20762171612144636,0.04818565095013214,0.24987265111108473
HP2917,601d019311e8a602cf032726|kw|1,601d019311e8a602cf032726,kw,1,12.0,6,0,No clear justification,0.45050155636698613,0.41685048876626024,0.0443155238613381,0.08833243100541549
HP2918,64480f31061b43c4562401ce|kw|1,64480f31061b43c4562401ce,kw,1,3.0,6,2,Mutual Benefit / Cooperation,0.49431998181733666,0.20762171612144636,0.04818565095013214,0.24987265111108473
HP2919,6760558ca4f9e25054c4f224|kw|1,6760558ca4f9e25054c4f224,kw,1,9.0,6,3,Self-interest,0.23218041719255308,0.15616547654513518,0.5489567289821995,0.06269737728011224
HP2920,62e3f19b60ada5ae7dfbc177|kw|1,62e3f19b60ada5ae7dfbc177,kw,1,12.0,6,1,Moral,0.26559654851421566,0.3419217368253171,0.03160452695866955,0.3608771877017976
HP2921,66620b7efcaa40d33955df12|kw|1,66620b7efcaa40d33955df12,kw,1,11.0,6,3,Self-interest,0.2677851118398766,0.16408823871677797,0.3470831448979219,0.22104350454542357
HP2922,676075fb194ad11cc7649a1f|kw|1,676075fb194ad11cc7649a1f,kw,1,12.0,6,0,No clear justification,0.26559654851421544,0.3419217368253171,0.03160452695866952,0.3608771877017979
HP2923,5e2f2afece5e9a4ef7de8452|kw|1,5e2f2afece5e9a4ef7de8452,kw,1,12.0,6,0,No clear justification,0.36858280651845077,0.17718159628067262,0.039967678416490855,0.41426791878438585
HP2924,62fb84d27e9d26a3b0e9cffc|kw|1,62fb84d27e9d26a3b0e9cffc,kw,1,12.0,6,0,No clear justification,0.6055011420679335,0.23091316297702333,0.054766898380815186,0.10881879657422795
HP2925,665d3b8935ef56ce74c4761f|kw|1,665d3b8935ef56ce74c4761f,kw,1,3.0,6,1,Moral,0.17021438866895722,0.5064661025469158,0.022901713225744618,0.30041779555838255
HP2926,55e56224c70c7a00112a6565|kw|1,55e56224c70c7a00112a6565,kw,1,12.0,6,0,No clear justification,0.6055011420679335,0.23091316297702333,0.054766898380815186,0.10881879657422795
HP2927,600628028f2211980fd1632c|kw|1,600628028f2211980fd1632c,kw,1,6.0,6,1,Moral,0.23561024871208971,0.3815754566278781,0.32167652797810586,0.06113776668192621
HP2928,55747e4afdf99b6752df4183|kw|1,55747e4afdf99b6752df4183,kw,1,6.0,6,0,No clear justification,0.6055011420679335,0.23091316297702333,0.054766898380815186,0.10881879657422795
HP2929,677f6f8ab8362a15598d29af|kw|1,677f6f8ab8362a15598d29af,kw,1,10.0,6,0,No clear justification,0.6055011420679335,0.23091316297702333,0.054766898380815186,0.10881879657422795
HP2930,6367e0db54b21863c92a66bc|kw|1,6367e0db54b21863c92a66bc,kw,1,8.0,6,3,Self-interest,0.3584371815635981,0.18705442560713637,0.21487592546919118,0.23963246736007449
HP2931,5e9607da6b866106f5666075|kw|1,5e9607da6b866106f5666075,kw,1,10.0,6,0,No clear justification,0.31536570276042825,0.3809979827804851,0.09552068143345802,0.20811563302562877
HP2932,5eaaa1f09980ee025a0e1f12|kw|1,5eaaa1f09980ee025a0e1f12,kw,1,11.5,6,0,No clear justification,0.6055011420679335,0.23091316297702333,0.054766898380815186,0.10881879657422795
HP2933,66594968a8fca6ea85c9ac19|kw|1,66594968a8fca6ea85c9ac19,kw,1,12.0,6,2,Mutual Benefit / Cooperation,0.1495775746999439,0.10379605140876579,0.021830848652910472,0.72479552523838
HP2934,5c38dab0f0ae4c00011238c1|kw|1,5c38dab0f0ae4c00011238c1,kw,1,12.0,6,2,Mutual Benefit / Cooperation,0.24939880842175122,0.15108244824141082,0.18724554277038868,0.4122732005664491
HP2935,61015eeeac2c6fae4f3696c6|kw|1,61015eeeac2c6fae4f3696c6,kw,1,12.0,6,0,No clear justification,0.6055011420679335,0.23091316297702333,0.054766898380815186,0.10881879657422795
HP2936,652a96faf5b1e3aec0272277|kw|1,652a96faf5b1e3aec0272277,kw,1,12.0,6,0,No clear justification,0.4362837158220443,0.20063744085164803,0.11530833810712401,0.24777050521918373
HP2937,5e371378ce5a726a3e29ef7e|kw|1,5e371378ce5a726a3e29ef7e,kw,1,12.0,6,1,Moral,0.1442608451202746,0.7072591998152798,0.019892268065273836,0.1285876869991717
HP2938,66ecbaf732d7637a943c139f|kw|1,66ecbaf732d7637a943c139f,kw,1,7.0,6,3,Self-interest,0.45455174719895586,0.21370392666218987,0.23550147233666643,0.09624285380218783
HP2939,67d7de6a1dfb7a9e45d11308|kw|1,67d7de6a1dfb7a9e45d11308,kw,1,6.0,6,0,No clear justification,0.6055011420679335,0.23091316297702333,0.054766898380815186,0.10881879657422795
HP2940,6722ae0741429fa41d8893db|kw|1,6722ae0741429fa41d8893db,kw,1,6.0,6,1,Moral,0.18500235463348227,0.7456769190405609,0.02350770232722836,0.04581302399872832
HP2941,614e5092e08a3a2d3204ffd2|kw|1,614e5092e08a3a2d3204ffd2,kw,1,12.0,6,3,Self-interest,0.31536570276042825,0.38099798278048486,0.0955206814334581,0.20811563302562883
HP2942,5e04b9be7adf4bf23f066a2a|kw|1,5e04b9be7adf4bf23f066a2a,kw,1,11.5,6,0,No clear justification,0.49431998181733644,0.20762171612144628,0.04818565095013225,0.24987265111108495
HP2943,58df4816aedfd50001526cb9|kw|1,58df4816aedfd50001526cb9,kw,1,12.0,6,0,No clear justification,0.6055011420679335,0.23091316297702333,0.054766898380815186,0.10881879657422795
HP2944,64d1362c539c9befa2bfc914|kw|1,64d1362c539c9befa2bfc914,kw,1,6.0,6,1,Moral,0.4505015563669862,0.4168504887662603,0.0443155238613381,0.08833243100541549
HP2945,612b5a2c55286e4cf74a63ee|kw|1,612b5a2c55286e4cf74a63ee,kw,1,3.0,6,0,No clear justification,0.4362837158220443,0.20063744085164803,0.11530833810712406,0.24777050521918373
HP2946,6598124cb009a156ae665edf|kw|1,6598124cb009a156ae665edf,kw,1,4.5,6,3,Self-interest,0.3584371815635982,0.18705442560713664,0.21487592546919057,0.23963246736007462
HP2947,5d90f475c83a770017213e12|kw|1,5d90f475c83a770017213e12,kw,1,9.5,6,2,Mutual Benefit / Cooperation,0.36858280651845077,0.17718159628067262,0.039967678416490855,0.41426791878438585
HP2948,5ee91869ec57d2169fca4494|kw|1,5ee91869ec57d2169fca4494,kw,1,11.5,6,3,Self-interest,0.23561024871208971,0.381575456627878,0.32167652797810586,0.06113776668192621
HP2949,6642bc68a8130f486d2ae4b0|kw|1,6642bc68a8130f486d2ae4b0,kw,1,0.0,6,2,Mutual Benefit / Cooperation,0.1702143886689573,0.5064661025469158,0.022901713225744507,0.30041779555838255
HP2950,5f836c9938d2da4fb75631ef|kw|1,5f836c9938d2da4fb75631ef,kw,1,11.5,6,0,No clear justification,0.6055011420679335,0.23091316297702333,0.054766898380815186,0.10881879657422795
HP2951,68f92957a58d956e7451acb9|kw|1,68f92957a58d956e7451acb9,kw,1,12.0,6,3,Self-interest,0.23561024871208971,0.381575456627878,0.32167652797810586,0.06113776668192621
HP2952,5e3d33b27525e7117bd31778|kw|1,5e3d33b27525e7117bd31778,kw,1,12.0,6,3,Self-interest,0.5419600825083313,0.22550301683560242,0.12804612315300323,0.10449077750306299
HP2953,66129825e6dad815d14d5b2b|kw|1,66129825e6dad815d14d5b2b,kw,1,11.0,6,1,Moral,0.30465731767265686,0.5952060746423841,0.03354765414456286,0.06658895354039626
HP2954,677ac5abfeff92f43b1755ba|kw|1,677ac5abfeff92f43b1755ba,kw,1,9.0,6,1,Moral,0.14960933382239125,0.7491932673353003,0.0613986063636433,0.03979879247866513
HP2955,6544ff9e0fb2eaaf83e2de5c|kw|1,6544ff9e0fb2eaaf83e2de5c,kw,1,12.0,6,0,No clear justification,0.5419600825083313,0.22550301683560242,0.12804612315300323,0.10449077750306299
HP2956,59995d926c165e000113fb21|kw|1,59995d926c165e000113fb21,kw,1,9.0,6,0,No clear justification,0.45455174719895586,0.21370392666218987,0.23550147233666643,0.09624285380218783
HP2957,593c25fc048d06000182f21b|kw|1,593c25fc048d06000182f21b,kw,1,8.5,6,3,Self-interest,0.2519856504793426,0.36880316347239883,0.18141257846353695,0.1977986075847215
HP2958,66aba3f6770ca5f663f7b9c7|kw|1,66aba3f6770ca5f663f7b9c7,kw,1,12.0,6,0,No clear justification,0.36858280651845077,0.17718159628067262,0.039967678416490855,0.41426791878438585
HP2959,62e02660c3ef175825ab7655|kw|1,62e02660c3ef175825ab7655,kw,1,12.0,6,0,No clear justification,0.6055011420679335,0.23091316297702333,0.054766898380815186,0.10881879657422795
HP2960,5ea166af93435d0008a8a341|kw|1,5ea166af93435d0008a8a341,kw,1,10.0,6,0,No clear justification,0.32116490551879046,0.40567990485829913,0.1986636632979257,0.07449152632498468
HP2961,664151371b8b34f967a026d1|kw|1,664151371b8b34f967a026d1,kw,1,12.0,6,0,No clear justification,0.45050155636698613,0.41685048876626024,0.0443155238613381,0.08833243100541549
HP2962,671d15b4b59b2741dee8284a|kw|1,671d15b4b59b2741dee8284a,kw,1,6.0,6,1,Moral,0.17021438866895722,0.5064661025469158,0.022901713225744618,0.30041779555838255
HP2963,677539286f78d2ffd6438cb0|kw|1,677539286f78d2ffd6438cb0,kw,1,6.0,6,1,Moral,0.32116490551879046,0.40567990485829913,0.1986636632979257,0.07449152632498468
HP2964,5a01ddf3728b1b0001ad8ad0|kw|1,5a01ddf3728b1b0001ad8ad0,kw,1,12.0,6,1,Moral,0.2035399356923175,0.5581452350113721,0.07445853446586712,0.1638562948304432
HP2965,6665aedc9ae0e1cd7ac623f0|kw|1,6665aedc9ae0e1cd7ac623f0,kw,1,11.0,6,2,Mutual Benefit / Cooperation,0.26559654851421566,0.3419217368253171,0.03160452695866955,0.3608771877017976
HP2966,5e6e442f779df43f9b825868|kw|1,5e6e442f779df43f9b825868,kw,1,12.0,6,3,Self-interest,0.34830443724540716,0.1919483695916246,0.3771164204066693,0.08263077275629906
HP2967,64412176f816c39534d16bf0|kw|1,64412176f816c39534d16bf0,kw,1,9.5,6,0,No clear justification,0.36858280651845077,0.17718159628067262,0.039967678416490855,0.41426791878438585
HP2968,5c5404c24831db000161c5e8|kw|1,5c5404c24831db000161c5e8,kw,1,12.0,6,1,Moral,0.32116490551879046,0.40567990485829913,0.1986636632979257,0.07449152632498468
HP2969,65bca238c27f6c4538c37172|kw|1,65bca238c27f6c4538c37172,kw,1,12.0,6,0,No clear justification,0.6055011420679335,0.23091316297702333,0.054766898380815186,0.10881879657422795
HP2970,5d3d9749607ede001a0712df|kw|1,5d3d9749607ede001a0712df,kw,1,12.0,6,1,Moral,0.1988455432422329,0.5910933627528134,0.15853841912405703,0.05152267488089649
HP2971,64337cc5c12109dc730de8c6|kw|1,64337cc5c12109dc730de8c6,kw,1,9.0,6,2,Mutual Benefit / Cooperation,0.31536570276042813,0.38099798278048497,0.0955206814334581,0.20811563302562888
HP2972,63f78c9346da47f7f8f3aef9|kw|1,63f78c9346da47f7f8f3aef9,kw,1,6.0,6,1,Moral,0.09654593894840305,0.8614964609466287,0.014615253293266987,0.027342346811701345
HP2973,6701f65ca63a3fae9d2e820e|kw|1,6701f65ca63a3fae9d2e820e,kw,1,3.0,6,1,Moral,0.14960933382239125,0.7491932673353003,0.0613986063636433,0.03979879247866513
HP2974,63ea5f39871e9fdef021a53d|kw|1,63ea5f39871e9fdef021a53d,kw,1,12.0,6,0,No clear justification,0.450501556366986,0.41685048876626046,0.04431552386133812,0.08833243100541545
HP2975,5d544c78ee3a4700164ee73f|kw|1,5d544c78ee3a4700164ee73f,kw,1,8.0,6,1,Moral,0.14960933382239144,0.7491932673353,0.061398606363643325,0.039798792478665176
HP2976,5d150669b296b500187df8f9|kw|1,5d150669b296b500187df8f9,kw,1,12.0,6,0,No clear justification,0.4545517471989559,0.21370392666218993,0.23550147233666627,0.09624285380218783
HP2977,5efa4bdaca4722143101c0bc|kw|1,5efa4bdaca4722143101c0bc,kw,1,6.0,6,0,No clear justification,0.39517525916560864,0.4151852222050607,0.10634181887510843,0.08329769975422224
HP2978,65b2c1f20d8199c577778169|kw|1,65b2c1f20d8199c577778169,kw,1,12.0,6,0,No clear justification,0.39517525916560864,0.4151852222050607,0.10634181887510843,0.08329769975422224
HP2979,60aab5962c85a00f1bc9631c|kw|1,60aab5962c85a00f1bc9631c,kw,1,12.0,6,1,Moral,0.18500235463348177,0.7456769190405618,0.023507702327228236,0.04581302399872819
HP2980,5c7ecfbb4243370001ed2f0e|kw|1,5c7ecfbb4243370001ed2f0e,kw,1,10.0,6,2,Mutual Benefit / Cooperation,0.36858280651845077,0.17718159628067262,0.039967678416490855,0.41426791878438585
HP2981,6126086041dbfc8b499a693c|kw|1,6126086041dbfc8b499a693c,kw,1,12.0,6,0,No clear justification,0.450501556366986,0.41685048876626046,0.04431552386133812,0.08833243100541545
HP2982,6346e221d4cea480a1a39b52|kw|1,6346e221d4cea480a1a39b52,kw,1,11.0,6,1,Moral,0.2421538235745893,0.5583372055360898,0.028932667960150107,0.17057630292917086
HP2983,663b9c6e798074f8e71665c5|kw|1,663b9c6e798074f8e71665c5,kw,1,12.0,6,0,No clear justification,0.6055011420679335,0.23091316297702333,0.054766898380815186,0.10881879657422795
HP2984,5981b8259c83ca00012bddcb|kw|1,5981b8259c83ca00012bddcb,kw,1,10.0,6,0,No clear justification,0.6055011420679335,0.23091316297702333,0.054766898380815186,0.10881879657422795
HP2985,5f0766baa1aa2f12767758cd|kw|1,5f0766baa1aa2f12767758cd,kw,1,10.0,6,0,No clear justification,0.36858280651845077,0.17718159628067262,0.039967678416490855,0.41426791878438585
HP2986,5b14265d30d562000155ea04|kw|1,5b14265d30d562000155ea04,kw,1,9.0,6,0,No clear justification,0.36858280651845077,0.17718159628067262,0.039967678416490855,0.41426791878438585
HP2987,6776a0c43e29f81f1d048d18|kw|1,6776a0c43e29f81f1d048d18,kw,1,12.0,6,3,Self-interest,0.26778511183987663,0.16408823871677783,0.3470831448979218,0.22104350454542368
HP2988,612384e91921ae1017430f38|kw|1,612384e91921ae1017430f38,kw,1,12.0,6,0,No clear justification,0.5419600825083313,0.22550301683560242,0.12804612315300323,0.10449077750306299
HP2989,6694ffb87c99948599fbd488|kw|1,6694ffb87c99948599fbd488,kw,1,12.0,6,0,No clear justification,0.6055011420679335,0.23091316297702333,0.054766898380815186,0.10881879657422795
HP2990,66e31654470ca1ff856bc466|kw|1,66e31654470ca1ff856bc466,kw,1,12.0,6,0,No clear justification,0.6055011420679335,0.23091316297702333,0.054766898380815186,0.10881879657422795
HP2991,671279a5cee9ddb1711049e7|kw|1,671279a5cee9ddb1711049e7,kw,1,8.0,6,0,No clear justification,0.49431998181733644,0.20762171612144628,0.04818565095013225,0.24987265111108495
HP2992,677650da17489eb0f07dec0d|kw|1,677650da17489eb0f07dec0d,kw,1,6.0,6,0,No clear justification,0.6055011420679335,0.23091316297702333,0.054766898380815186,0.10881879657422795
HP2993,67f0158b01e9ac80ef1ff943|kw|1,67f0158b01e9ac80ef1ff943,kw,1,7.0,6,0,No clear justification,0.6055011420679335,0.23091316297702333,0.054766898380815186,0.10881879657422795
HP2994,5c6071a1e1df700001ca8bf1|kw|1,5c6071a1e1df700001ca8bf1,kw,1,8.0,6,1,Moral,0.2035399356923175,0.5581452350113721,0.07445853446586712,0.16385629483044314
HP2995,6447b565df936347833ab73d|kw|1,6447b565df936347833ab73d,kw,1,6.0,6,1,Moral,0.24215382357458937,0.5583372055360892,0.028932667960150198,0.1705763029291712
HP2996,663e6fac2a7a46907d91ce30|kw|1,663e6fac2a7a46907d91ce30,kw,1,3.5,6,0,No clear justification,0.6055011420679335,0.23091316297702333,0.054766898380815186,0.10881879657422795
HP2997,5ed5742f3d96410f9b7e0c16|kw|1,5ed5742f3d96410f9b7e0c16,kw,1,9.5,6,0,No clear justification,0.30465731767265686,0.5952060746423841,0.03354765414456286,0.06658895354039626
HP2998,66786fd4594ab649c244de43|kw|1,66786fd4594ab649c244de43,kw,1,12.0,6,3,Self-interest,0.34830443724540716,0.1919483695916246,0.3771164204066693,0.08263077275629906
HP2999,669c13abec22054c1cce02e2|kw|1,669c13abec22054c1cce02e2,kw,1,6.0,6,2,Mutual Benefit / Cooperation,0.49431998181733666,0.20762171612144636,0.04818565095013214,0.24987265111108473
HP3000,628e6211ac6b1a941a2294f9|kw|1,628e6211ac6b1a941a2294f9,kw,1,6.0,6,0,No clear justification,0.6055011420679335,0.23091316297702333,0.054766898380815186,0.10881879657422795
HP3001,676142fa1f9c3ccacb08b548|kw|1,676142fa1f9c3ccacb08b548,kw,1,2.0,6,0,No clear justification,0.364020199307567,0.38504158473483424,0.03871804383923239,0.21222017211836627
HP3002,6784ea5cf89f784e621ac9fa|kw|1,6784ea5cf89f784e621ac9fa,kw,1,6.0,6,0,No clear justification,0.36402019930756707,0.3850415847348341,0.038718043839232406,0.21222017211836636
HP3003,671cdd2146a2a9d3d0535132|kw|1,671cdd2146a2a9d3d0535132,kw,1,12.0,6,2,Mutual Benefit / Cooperation,0.17467315327225666,0.29060431579521684,0.02389759126395014,0.5108249396685762
HP3004,5e76c87c0fd39b22d52eba04|kw|1,5e76c87c0fd39b22d52eba04,kw,1,12.0,6,2,Mutual Benefit / Cooperation,0.24215382357458937,0.5583372055360892,0.028932667960150198,0.17057630292917114
HP3005,5f7894fb06b78643c9bcdd44|kw|1,5f7894fb06b78643c9bcdd44,kw,1,10.5,6,1,Moral,0.30465731767265686,0.595206074642384,0.03354765414456286,0.06658895354039626
HP3006,66549dc5c1d9f3d7238ddda1|kw|1,66549dc5c1d9f3d7238ddda1,kw,1,10.5,6,0,No clear justification,0.6055011420679335,0.23091316297702333,0.054766898380815186,0.10881879657422795
HP3007,5483702ffdf99b24c654b810|kw|1,5483702ffdf99b24c654b810,kw,1,11.5,6,1,Moral,0.22446094836961505,0.3337406765979968,0.08125479247039631,0.36054358256199204
HP3008,614f39b82ccdbdd51c76cc50|kw|1,614f39b82ccdbdd51c76cc50,kw,1,6.0,6,1,Moral,0.24215382357458937,0.5583372055360892,0.028932667960150198,0.1705763029291712
HP3009,67605405bfd9f40dd7ca2a24|kw|1,67605405bfd9f40dd7ca2a24,kw,1,8.0,6,1,Moral,0.2035399356923175,0.5581452350113721,0.07445853446586712,0.16385629483044326
HP3010,6538fe8110063843a9f5c2b6|kw|1,6538fe8110063843a9f5c2b6,kw,1,9.5,6,0,No clear justification,0.6055011420679335,0.23091316297702333,0.054766898380815186,0.10881879657422795
HP3011,5e9adc3d7848b717401fb4c2|kw|1,5e9adc3d7848b717401fb4c2,kw,1,6.0,6,0,No clear justification,0.6055011420679335,0.23091316297702333,0.054766898380815186,0.10881879657422795
HP3012,60e0687e08d77efdaa4e9aa8|kw|1,60e0687e08d77efdaa4e9aa8,kw,1,0.0,6,1,Moral,0.14960933382239125,0.7491932673353003,0.0613986063636433,0.03979879247866513
HP3013,67ed75fa0c2423e85f8b3c8b|kw|1,67ed75fa0c2423e85f8b3c8b,kw,1,8.0,6,2,Mutual Benefit / Cooperation,0.26559654851421566,0.3419217368253171,0.03160452695866955,0.3608771877017976
HP3014,5ee1311e3348314f4f4a8d30|kw|1,5ee1311e3348314f4f4a8d30,kw,1,0.5,6,3,Self-interest,0.45455174719895586,0.21370392666218987,0.23550147233666643,0.09624285380218783
HP3015,63251e479509813fab713ad2|kw|1,63251e479509813fab713ad2,kw,1,4.0,6,3,Self-interest,0.39517525916560853,0.41518522220506077,0.10634181887510843,0.08329769975422222
HP3016,691dd5fab1ccbfaa2d6d085a|kw|1,691dd5fab1ccbfaa2d6d085a,kw,1,6.5,6,1,Moral,0.30465731767265686,0.595206074642384,0.03354765414456286,0.06658895354039626
HP3017,5d510396f6725b001a4fc025|kw|1,5d510396f6725b001a4fc025,kw,1,2.5,6,3,Self-interest,0.45455174719895586,0.21370392666218987,0.23550147233666643,0.09624285380218783
HP3018,654e39528578beb912aee3a0|kw|1,654e39528578beb912aee3a0,kw,1,11.5,6,0,No clear justification,0.4505015563669861,0.41685048876626024,0.04431552386133816,0.08833243100541549
HP3019,68491eeead1c9115dbd5d603|kw|1,68491eeead1c9115dbd5d603,kw,1,6.0,6,1,Moral,0.25838561308901076,0.5974370583092572,0.08336623946316762,0.060811089138564305
HP3020,616d8ff5eeb9a8616afa647d|kw|1,616d8ff5eeb9a8616afa647d,kw,1,7.0,6,1,Moral,0.4505015563669862,0.4168504887662603,0.0443155238613381,0.08833243100541549
HP3021,582468295f4d1c0001c7c467|kw|1,582468295f4d1c0001c7c467,kw,1,11.0,6,2,Mutual Benefit / Cooperation,0.2499783516766481,0.14215018779904684,0.031024989816646843,0.5768464707076583
HP3022,67657279b0bce380fa33721e|kw|1,67657279b0bce380fa33721e,kw,1,6.0,6,2,Mutual Benefit / Cooperation,0.2421538235745892,0.5583372055360897,0.028932667960150094,0.1705763029291711
HP3023,6662d218ea91c53879306d23|kw|1,6662d218ea91c53879306d23,kw,1,12.0,6,0,No clear justification,0.6055011420679335,0.23091316297702333,0.054766898380815186,0.10881879657422795
HP3024,6733d9a1dd373a1495f33f76|kw|1,6733d9a1dd373a1495f33f76,kw,1,12.0,6,0,No clear justification,0.5419600825083313,0.22550301683560242,0.12804612315300323,0.10449077750306299
HP3025,644289697a8b924fa0b34c10|kw|1,644289697a8b924fa0b34c10,kw,1,7.0,6,3,Self-interest,0.5419600825083313,0.22550301683560242,0.12804612315300323,0.10449077750306299
HP3026,5f07386c25b9522f898bac8f|kw|1,5f07386c25b9522f898bac8f,kw,1,11.5,6,0,No clear justification,0.450501556366986,0.41685048876626046,0.04431552386133812,0.08833243100541545
HP3027,5dbe4c414d98b9351114504a|kw|1,5dbe4c414d98b9351114504a,kw,1,1.0,6,1,Moral,0.2035399356923175,0.5581452350113721,0.07445853446586712,0.1638562948304432
HP3028,61058ec065679950ffada919|kw|1,61058ec065679950ffada919,kw,1,12.0,6,0,No clear justification,0.5419600825083313,0.22550301683560242,0.12804612315300323,0.10449077750306299
HP3029,5c7cfb5a1a8c170001397f4c|kw|1,5c7cfb5a1a8c170001397f4c,kw,1,3.5,6,3,Self-interest,0.34830443724540744,0.1919483695916249,0.37711642040666854,0.08263077275629914
HP3030,6294de1b341cd20e308d1a4a|kw|1,6294de1b341cd20e308d1a4a,kw,1,11.0,6,1,Moral,0.18500235463348227,0.7456769190405609,0.02350770232722836,0.04581302399872832
HP3031,66f6f78c68246dd27f4dcc05|kw|1,66f6f78c68246dd27f4dcc05,kw,1,11.5,6,0,No clear justification,0.6055011420679335,0.23091316297702333,0.054766898380815186,0.10881879657422795
HP3032,63b0888e6716ff9bc2cda151|kw|1,63b0888e6716ff9bc2cda151,kw,1,11.0,6,0,No clear justification,0.39517525916560864,0.4151852222050607,0.10634181887510843,0.08329769975422224
HP3033,5ba2cd9ee671c60001236628|kw|1,5ba2cd9ee671c60001236628,kw,1,10.5,6,0,No clear justification,0.6055011420679335,0.23091316297702333,0.054766898380815186,0.10881879657422795
HP3034,5f4d968cacc80fa73143cdf3|kw|1,5f4d968cacc80fa73143cdf3,kw,1,6.0,6,1,Moral,0.1988455432422329,0.5910933627528141,0.15853841912405636,0.05152267488089649
HP3035,65a5920088672d869713f267|kw|1,65a5920088672d869713f267,kw,1,12.0,6,3,Self-interest,0.34830443724540716,0.1919483695916246,0.3771164204066693,0.08263077275629906
HP3036,5ee00b8630f30b34f2a5dc1c|kw|1,5ee00b8630f30b34f2a5dc1c,kw,1,12.0,6,0,No clear justification,0.25838561308901076,0.5974370583092572,0.08336623946316762,0.060811089138564305
HP3037,66aa6452750a59e377b0615b|kw|1,66aa6452750a59e377b0615b,kw,1,8.0,6,0,No clear justification,0.5419600825083313,0.22550301683560242,0.12804612315300323,0.10449077750306299
HP3038,634c48cd5280c359cf6f5721|kw|1,634c48cd5280c359cf6f5721,kw,1,12.0,6,2,Mutual Benefit / Cooperation,0.25198565047934285,0.36880316347239867,0.1814125784635369,0.19779860758472168
HP3039,5b405bb6c2e38100017612bb|kw|1,5b405bb6c2e38100017612bb,kw,1,12.0,6,0,No clear justification,0.6055011420679335,0.23091316297702333,0.054766898380815186,0.10881879657422795
HP3040,55ee11c37480920010aaac8b|kw|1,55ee11c37480920010aaac8b,kw,1,12.0,6,1,Moral,0.14426084512027446,0.7072591998152798,0.019892268065273847,0.12858768699917186
HP3041,62b2476fc924f1a048bd412b|kw|1,62b2476fc924f1a048bd412b,kw,1,12.0,6,3,Self-interest,0.2677851118398766,0.16408823871677797,0.3470831448979219,0.22104350454542357
HP3042,5dd61a909ca8a35c14d8d610|kw|1,5dd61a909ca8a35c14d8d610,kw,1,12.0,6,3,Self-interest,0.23218041719255308,0.15616547654513518,0.5489567289821995,0.06269737728011224
HP3043,6643bc4b7c72a9f1bcb44c5d|kw|1,6643bc4b7c72a9f1bcb44c5d,kw,1,8.0,6,1,Moral,0.36402019930756707,0.38504158473483424,0.038718043839232406,0.21222017211836633
HP3044,6675dbbeee7b1e2aa37a8eaa|kw|1,6675dbbeee7b1e2aa37a8eaa,kw,1,12.0,6,1,Moral,0.1988455432422329,0.5910933627528134,0.15853841912405703,0.05152267488089649
HP3045,5b0739faa84dcf0001bef230|kw|1,5b0739faa84dcf0001bef230,kw,1,12.0,6,2,Mutual Benefit / Cooperation,0.1495775746999439,0.10379605140876579,0.021830848652910472,0.72479552523838
HP3046,67b8ac4a64ff597388f3fcc1|kw|1,67b8ac4a64ff597388f3fcc1,kw,1,4.0,6,0,No clear justification,0.43628371582204384,0.20063744085164847,0.11530833810712406,0.24777050521918362
HP3047,66620c13f3be060d78145a98|kw|1,66620c13f3be060d78145a98,kw,1,6.0,6,2,Mutual Benefit / Cooperation,0.17467315327225666,0.29060431579521684,0.02389759126395014,0.5108249396685762
HP3048,606ee8f52a168c78fda80c23|kw|1,606ee8f52a168c78fda80c23,kw,1,0.0,6,0,No clear justification,0.5419600825083313,0.22550301683560242,0.12804612315300323,0.10449077750306299
HP3049,66c24e9899628532dd846326|kw|1,66c24e9899628532dd846326,kw,1,10.5,6,3,Self-interest,0.35843718156359805,0.1870544256071363,0.21487592546919115,0.23963246736007437
HP3050,5731b7f35b8b0600097c2d66|kw|1,5731b7f35b8b0600097c2d66,kw,1,10.0,6,2,Mutual Benefit / Cooperation,0.14426084512027446,0.7072591998152798,0.019892268065273853,0.12858768699917186
HP3051,60fe22572fbdc4993e5c2e50|kw|1,60fe22572fbdc4993e5c2e50,kw,1,12.0,6,0,No clear justification,0.6055011420679335,0.23091316297702333,0.054766898380815186,0.10881879657422795
HP3052,61693b21fbf953323ceadf35|kw|1,61693b21fbf953323ceadf35,kw,1,11.0,6,2,Mutual Benefit / Cooperation,0.2499783516766481,0.14215018779904684,0.031024989816646843,0.5768464707076583
HP3053,66d3755f3cb79a7b15921f8c|kw|1,66d3755f3cb79a7b15921f8c,kw,1,12.0,6,2,Mutual Benefit / Cooperation,0.2066873298405711,0.13015482034991854,0.08049082608817111,0.5826670237213393
HP3054,5ee2d96eac3291203650f16e|kw|1,5ee2d96eac3291203650f16e,kw,1,12.0,6,0,No clear justification,0.25838561308901076,0.5974370583092572,0.08336623946316762,0.060811089138564305
HP3055,5ef1e33a86d17508df13c097|kw|1,5ef1e33a86d17508df13c097,kw,1,12.0,6,0,No clear justification,0.45455174719895586,0.21370392666218987,0.23550147233666643,0.09624285380218783
HP3056,66ef8c16db6307178a651f0a|kw|1,66ef8c16db6307178a651f0a,kw,1,6.0,6,0,No clear justification,0.6055011420679335,0.23091316297702333,0.054766898380815186,0.10881879657422795
HP3057,5a61207cc0d8360001078f07|kw|1,5a61207cc0d8360001078f07,kw,1,12.0,6,1,Moral,0.30465731767265686,0.595206074642384,0.03354765414456286,0.06658895354039626
HP3058,674a8f27f27a3b62151660a9|kw|1,674a8f27f27a3b62151660a9,kw,1,12.0,6,0,No clear justification,0.6055011420679335,0.23091316297702333,0.054766898380815186,0.10881879657422795
HP3059,6658f92784cb793eeaa052d0|kw|1,6658f92784cb793eeaa052d0,kw,1,12.0,6,1,Moral,0.2421538235745893,0.5583372055360898,0.028932667960150107,0.17057630292917086
HP3060,66fcd0716d928803a90f7537|kw|1,66fcd0716d928803a90f7537,kw,1,11.0,6,2,Mutual Benefit / Cooperation,0.2499783516766481,0.14215018779904684,0.031024989816646843,0.5768464707076583
HP3061,60affbb6c7f40f915c003533|kw|1,60affbb6c7f40f915c003533,kw,1,7.0,6,0,No clear justification,0.6055011420679335,0.23091316297702333,0.054766898380815186,0.10881879657422795
HP3062,63792c65e92e706fdb44c08a|kw|1,63792c65e92e706fdb44c08a,kw,1,12.0,6,1,Moral,0.2035399356923175,0.5581452350113721,0.07445853446586712,0.1638562948304432
HP3063,662fb42cc3458e96dee33181|kw|1,662fb42cc3458e96dee33181,kw,1,10.0,6,2,Mutual Benefit / Cooperation,0.25198565047934285,0.3688031634723987,0.1814125784635367,0.19779860758472168
HP3064,63469c570cfe46f801523b66|kw|1,63469c570cfe46f801523b66,kw,1,12.0,6,0,No clear justification,0.3166950699139014,0.1677145211860507,0.09887792203208595,0.41671248686796203
HP3065,65fcff541a582fbad48a2d2e|kw|1,65fcff541a582fbad48a2d2e,kw,1,9.0,6,1,Moral,0.2035399356923175,0.5581452350113721,0.07445853446586712,0.16385629483044314
HP3066,6457abf2901da540ba46b6fd|kw|1,6457abf2901da540ba46b6fd,kw,1,9.0,6,0,No clear justification,0.6055011420679335,0.23091316297702333,0.054766898380815186,0.10881879657422795
HP3067,6605e2b8ed85746d2f6aed25|kw|1,6605e2b8ed85746d2f6aed25,kw,1,12.0,6,2,Mutual Benefit / Cooperation,0.22446094836961483,0.3337406765979965,0.08125479247039617,0.36054358256199254
HP3068,6384704a7b906e6298d5087f|kw|1,6384704a7b906e6298d5087f,kw,1,12.0,6,3,Self-interest,0.3211649055187906,0.4056799048582992,0.19866366329792542,0.07449152632498471
HP3069,671a65c94ef5a96c18488902|kw|1,671a65c94ef5a96c18488902,kw,1,9.0,6,3,Self-interest,0.5419600825083313,0.22550301683560242,0.12804612315300323,0.10449077750306299
HP3070,662ee0b0f3785c3fe59e191f|kw|1,662ee0b0f3785c3fe59e191f,kw,1,9.0,6,2,Mutual Benefit / Cooperation,0.2035399356923174,0.5581452350113723,0.07445853446586712,0.16385629483044328
HP3071,67180c619687ce86be82b29f|kw|1,67180c619687ce86be82b29f,kw,1,12.0,6,0,No clear justification,0.4505015563669861,0.41685048876626024,0.04431552386133816,0.08833243100541549
HP3072,692bcf3bae7933fd836c696d|kw|1,692bcf3bae7933fd836c696d,kw,1,4.5,6,1,Moral,0.1988455432422329,0.5910933627528134,0.15853841912405703,0.05152267488089649
HP3073,6346f29c47d00fd118ae60ba|kw|1,6346f29c47d00fd118ae60ba,kw,1,12.0,6,0,No clear justification,0.6055011420679335,0.23091316297702333,0.054766898380815186,0.10881879657422795
HP3074,6643da4813f1eb4877d52fbf|kw|1,6643da4813f1eb4877d52fbf,kw,1,12.0,6,3,Self-interest,0.34830443724540744,0.1919483695916249,0.37711642040666854,0.08263077275629914
HP3075,691c9fe1c722dece45e6d6c9|kw|1,691c9fe1c722dece45e6d6c9,kw,1,10.0,6,1,Moral,0.18500235463348177,0.7456769190405618,0.023507702327228236,0.04581302399872819
HP3076,67325d10b9e0c58d803cd7ba|kw|1,67325d10b9e0c58d803cd7ba,kw,1,8.0,6,0,No clear justification,0.26559654851421566,0.3419217368253171,0.03160452695866955,0.3608771877017976
HP3077,668d8ad2b98a8ddbe56ac935|kw|1,668d8ad2b98a8ddbe56ac935,kw,1,6.0,6,2,Mutual Benefit / Cooperation,0.49431998181733666,0.20762171612144636,0.04818565095013214,0.24987265111108473
HP3078,5ed856266cb96135ff953e31|kw|1,5ed856266cb96135ff953e31,kw,1,7.0,6,0,No clear justification,0.26559654851421566,0.3419217368253171,0.03160452695866955,0.3608771877017976
HP3079,5f75285712d5ca1a99723b3a|kw|1,5f75285712d5ca1a99723b3a,kw,1,0.0,6,0,No clear justification,0.6055011420679335,0.23091316297702333,0.054766898380815186,0.10881879657422795
HP3080,67722f8e3a4f08a288a1f640|kw|1,67722f8e3a4f08a288a1f640,kw,1,11.0,6,1,Moral,0.30465731767265686,0.595206074642384,0.03354765414456286,0.06658895354039626
HP3081,66aa52de62c06e01a958d91c|kw|1,66aa52de62c06e01a958d91c,kw,1,6.0,6,1,Moral,0.14960933382239125,0.7491932673353003,0.0613986063636433,0.03979879247866513
HP3082,662e86c0ca96b47a056ccd7b|kw|1,662e86c0ca96b47a056ccd7b,kw,1,10.0,6,3,Self-interest,0.3211649055187906,0.4056799048582992,0.19866366329792542,0.07449152632498471
HP3083,5a78e410ae9a0b0001a97274|kw|1,5a78e410ae9a0b0001a97274,kw,1,12.0,6,1,Moral,0.14960933382239125,0.7491932673353003,0.0613986063636433,0.03979879247866513
HP3084,6771d6ffa3daf824eede3f33|kw|1,6771d6ffa3daf824eede3f33,kw,1,9.0,6,1,Moral,0.30465731767265686,0.595206074642384,0.03354765414456286,0.06658895354039626
HP3085,5f7b79a3e087e414513eb8c9|kw|1,5f7b79a3e087e414513eb8c9,kw,1,12.0,6,3,Self-interest,0.3211649055187906,0.40567990485829925,0.19866366329792542,0.07449152632498471
HP3086,655f94a8e52c55fdec3da167|kw|1,655f94a8e52c55fdec3da167,kw,1,12.0,6,2,Mutual Benefit / Cooperation,0.2499783516766481,0.14215018779904684,0.031024989816646843,0.5768464707076583
HP3087,5d544c49318f5300168b8f04|kw|1,5d544c49318f5300168b8f04,kw,1,8.0,6,1,Moral,0.14960933382239125,0.7491932673353003,0.0613986063636433,0.03979879247866513
HP3088,64517c6577e0f1230f87f59d|kw|1,64517c6577e0f1230f87f59d,kw,1,12.0,6,3,Self-interest,0.34830443724540716,0.1919483695916246,0.3771164204066693,0.08263077275629906
HP3089,67dde7aad55fd4bb6c2dd4aa|kw|1,67dde7aad55fd4bb6c2dd4aa,kw,1,12.0,6,1,Moral,0.2519856504793427,0.3688031634723985,0.18141257846353687,0.19779860758472184
HP3090,5ea03adbaf097905ae0ecdd6|kw|1,5ea03adbaf097905ae0ecdd6,kw,1,3.0,6,0,No clear justification,0.5419600825083313,0.22550301683560242,0.12804612315300323,0.10449077750306299
HP3091,60e37439f7c69f9e2d4466eb|kw|1,60e37439f7c69f9e2d4466eb,kw,1,2.0,6,0,No clear justification,0.6055011420679335,0.23091316297702333,0.054766898380815186,0.10881879657422795
HP3092,5e58333d4b439f04b1069026|kw|1,5e58333d4b439f04b1069026,kw,1,12.0,6,0,No clear justification,0.45050155636698613,0.41685048876626024,0.0443155238613381,0.08833243100541549
HP3093,5e8eee2c7925131a62e2262b|kw|1,5e8eee2c7925131a62e2262b,kw,1,8.0,6,0,No clear justification,0.49431998181733644,0.20762171612144628,0.04818565095013225,0.24987265111108495
HP3094,6604553b209208bb096e10ac|kw|1,6604553b209208bb096e10ac,kw,1,9.5,6,1,Moral,0.4505015563669862,0.4168504887662603,0.0443155238613381,0.08833243100541549
HP3095,5ce5bcf74caf470001da7c33|kw|1,5ce5bcf74caf470001da7c33,kw,1,9.0,6,3,Self-interest,0.45455174719895586,0.21370392666218987,0.23550147233666643,0.09624285380218783
HP3096,5e5e9ac3f6e6231c65079fba|kw|1,5e5e9ac3f6e6231c65079fba,kw,1,10.0,6,0,No clear justification,0.6055011420679335,0.23091316297702333,0.054766898380815186,0.10881879657422795
HP3097,5db1dbb351eb21000c443e58|kw|1,5db1dbb351eb21000c443e58,kw,1,12.0,6,3,Self-interest,0.34830443724540716,0.1919483695916246,0.3771164204066693,0.08263077275629906
HP3098,676059a89a0c103ec2d1f45e|kw|1,676059a89a0c103ec2d1f45e,kw,1,12.0,6,0,No clear justification,0.6055011420679335,0.23091316297702333,0.054766898380815186,0.10881879657422795
HP3099,605fbc12c61d8d10250f6e51|kw|1,605fbc12c61d8d10250f6e51,kw,1,11.0,6,0,No clear justification,0.5419600825083313,0.22550301683560242,0.12804612315300323,0.10449077750306299
HP3100,6772f150498bef722006ff15|kw|1,6772f150498bef722006ff15,kw,1,12.0,6,0,No clear justification,0.4505015563669861,0.41685048876626024,0.04431552386133816,0.08833243100541549
HP3101,665e406a0f22e57ff8be5cde|kw|1,665e406a0f22e57ff8be5cde,kw,1,8.0,6,2,Mutual Benefit / Cooperation,0.17467315327225666,0.29060431579521684,0.02389759126395014,0.5108249396685762
HP3102,646ba54cb721ef9332b21599|kw|1,646ba54cb721ef9332b21599,kw,1,12.0,6,2,Mutual Benefit / Cooperation,0.1495775746999439,0.10379605140876579,0.021830848652910472,0.72479552523838
HP3103,6109e5a0f7755d8fcba8b50c|kw|1,6109e5a0f7755d8fcba8b50c,kw,1,12.0,6,2,Mutual Benefit / Cooperation,0.2499783516766481,0.14215018779904684,0.031024989816646843,0.5768464707076583
HP3104,67282bd83f8d0606edf4b368|kw|1,67282bd83f8d0606edf4b368,kw,1,10.0,6,3,Self-interest,0.3211649055187906,0.40567990485829925,0.19866366329792542,0.07449152632498471
HP3105,6064fef22d11e88491d1ac57|kw|1,6064fef22d11e88491d1ac57,kw,1,11.5,6,3,Self-interest,0.34830443724540716,0.1919483695916246,0.3771164204066693,0.08263077275629906
HP3106,644af3263650e8dd9d942487|kw|1,644af3263650e8dd9d942487,kw,1,12.0,6,2,Mutual Benefit / Cooperation,0.26559654851421566,0.3419217368253171,0.03160452695866955,0.3608771877017976
HP3107,5fc1fdd411437431e95276d2|kw|1,5fc1fdd411437431e95276d2,kw,1,12.0,6,0,No clear justification,0.49431998181733644,0.20762171612144628,0.04818565095013225,0.24987265111108495
HP3108,6658b2faa759210bfe72333e|kw|1,6658b2faa759210bfe72333e,kw,1,6.0,6,2,Mutual Benefit / Cooperation,0.2499783516766481,0.14215018779904684,0.031024989816646843,0.5768464707076583
HP3109,5f2abe80f40fa7364aad029d|kw|1,5f2abe80f40fa7364aad029d,kw,1,10.0,6,0,No clear justification,0.49431998181733655,0.20762171612144634,0.04818565095013229,0.24987265111108473
HP3110,63f7797962ef60aa14774fa3|kw|1,63f7797962ef60aa14774fa3,kw,1,10.0,6,2,Mutual Benefit / Cooperation,0.36858280651845077,0.17718159628067262,0.039967678416490855,0.41426791878438585
HP3111,5ef329d8cfbdc00379011819|kw|1,5ef329d8cfbdc00379011819,kw,1,6.0,6,1,Moral,0.2035399356923175,0.5581452350113721,0.07445853446586712,0.1638562948304432
HP3112,5f2f1f80314d56309186caa1|kw|1,5f2f1f80314d56309186caa1,kw,1,10.0,6,1,Moral,0.25838561308901076,0.5974370583092572,0.0833662394631677,0.060811089138564305
HP3113,5e90cc485905f23f088be0b5|kw|1,5e90cc485905f23f088be0b5,kw,1,12.0,6,3,Self-interest,0.25838561308901076,0.5974370583092572,0.08336623946316762,0.060811089138564305
HP3114,58df90cecc6d9800018c5d58|kw|1,58df90cecc6d9800018c5d58,kw,1,6.0,6,2,Mutual Benefit / Cooperation,0.49431998181733666,0.20762171612144636,0.04818565095013214,0.24987265111108473
HP3115,64badb09518eb5b219132eea|kw|1,64badb09518eb5b219132eea,kw,1,6.0,6,2,Mutual Benefit / Cooperation,0.22446094836961483,0.33374067659799644,0.08125479247039617,0.36054358256199254
HP3116,6674d66310b6684b86ddf7b9|kw|1,6674d66310b6684b86ddf7b9,kw,1,6.0,6,1,Moral,0.30465731767265686,0.5952060746423841,0.03354765414456286,0.06658895354039626
HP3117,5b9095901e21c10001e9e8ee|kw|1,5b9095901e21c10001e9e8ee,kw,1,10.0,6,0,No clear justification,0.6055011420679335,0.23091316297702333,0.054766898380815186,0.10881879657422795
HP3118,6761f674139fa42fb916e2cd|kw|1,6761f674139fa42fb916e2cd,kw,1,11.5,6,1,Moral,0.18500235463348227,0.7456769190405609,0.02350770232722836,0.04581302399872832
HP3119,63d1a9e2d0149d86842dfaec|kw|1,63d1a9e2d0149d86842dfaec,kw,1,8.0,6,0,No clear justification,0.6055011420679335,0.23091316297702333,0.054766898380815186,0.10881879657422795
HP3120,681b72a2c71900147281b597|kw|1,681b72a2c71900147281b597,kw,1,6.0,6,0,No clear justification,0.49431998181733644,0.20762171612144628,0.04818565095013225,0.24987265111108495
HP3121,62b1d2b897646fe6bb832b1f|kw|1,62b1d2b897646fe6bb832b1f,kw,1,10.0,6,2,Mutual Benefit / Cooperation,0.36858280651845077,0.17718159628067262,0.039967678416490855,0.41426791878438585
HP3122,6740d9355c7dd3559c352450|kw|1,6740d9355c7dd3559c352450,kw,1,12.0,6,0,No clear justification,0.6055011420679335,0.23091316297702333,0.054766898380815186,0.10881879657422795
HP3123,62ebdec52d1d02eb574af604|kw|1,62ebdec52d1d02eb574af604,kw,1,6.0,6,3,Self-interest,0.23561024871208971,0.38157545662787806,0.32167652797810586,0.06113776668192621
HP3124,596e000bfb7959000162f52f|kw|1,596e000bfb7959000162f52f,kw,1,12.0,6,0,No clear justification,0.49431998181733666,0.20762171612144636,0.04818565095013214,0.24987265111108478
HP3125,666f6b8954f3cb859fcd99d9|kw|1,666f6b8954f3cb859fcd99d9,kw,1,11.5,6,0,No clear justification,0.6055011420679335,0.23091316297702333,0.054766898380815186,0.10881879657422795
HP3126,5e7e72de99b9e6553dc28dcf|kw|1,5e7e72de99b9e6553dc28dcf,kw,1,7.5,6,0,No clear justification,0.49431998181733655,0.20762171612144634,0.04818565095013229,0.24987265111108473
HP3127,63d404714ce0efcd04fe331f|kw|1,63d404714ce0efcd04fe331f,kw,1,12.0,6,0,No clear justification,0.6055011420679335,0.23091316297702333,0.054766898380815186,0.10881879657422795
HP3128,5e70bf61017e070009a8a738|kw|1,5e70bf61017e070009a8a738,kw,1,7.5,6,0,No clear justification,0.6055011420679335,0.23091316297702333,0.054766898380815186,0.10881879657422795
HP3129,663a600c0eee049c542fe178|kw|1,663a600c0eee049c542fe178,kw,1,11.0,6,0,No clear justification,0.49431998181733655,0.20762171612144634,0.04818565095013229,0.24987265111108473
HP3130,5a21aabb2b98bc0001a67c65|kw|1,5a21aabb2b98bc0001a67c65,kw,1,8.0,6,3,Self-interest,0.35843718156359805,0.1870544256071363,0.21487592546919115,0.23963246736007437
HP3131,63ea46ac57c552d3b4ff83bc|kw|1,63ea46ac57c552d3b4ff83bc,kw,1,12.0,6,0,No clear justification,0.3166950699139008,0.16771452118605146,0.09887792203208587,0.41671248686796203
HP3132,5e170b9ad51cf301722d91d2|kw|1,5e170b9ad51cf301722d91d2,kw,1,8.0,6,0,No clear justification,0.6055011420679335,0.23091316297702333,0.054766898380815186,0.10881879657422795
HP3133,60a07dab2b21a84ed893146f|kw|1,60a07dab2b21a84ed893146f,kw,1,6.0,6,2,Mutual Benefit / Cooperation,0.49431998181733666,0.20762171612144636,0.04818565095013214,0.24987265111108473
HP3134,623478aa93ccbf5fc88ad4f7|kw|1,623478aa93ccbf5fc88ad4f7,kw,1,12.0,6,0,No clear justification,0.6055011420679335,0.23091316297702333,0.054766898380815186,0.10881879657422795
HP3135,5b0e8d65d282ff00015bb9d1|kw|1,5b0e8d65d282ff00015bb9d1,kw,1,1.0,6,0,No clear justification,0.6055011420679335,0.23091316297702333,0.054766898380815186,0.10881879657422795
HP3136,5d4b60dc00652c0015664282|kw|1,5d4b60dc00652c0015664282,kw,1,8.0,6,0,No clear justification,0.6055011420679335,0.23091316297702333,0.054766898380815186,0.10881879657422795
HP3137,623e8acb225d566928a597e1|kw|1,623e8acb225d566928a597e1,kw,1,6.0,6,1,Moral,0.2035399356923175,0.5581452350113721,0.07445853446586712,0.16385629483044314
HP3138,63deeebc2822414d8f9e5958|kw|1,63deeebc2822414d8f9e5958,kw,1,6.5,6,1,Moral,0.30465731767265686,0.595206074642384,0.03354765414456286,0.06658895354039626
HP3139,66484cfc664a1d8dd22f2fcf|kw|1,66484cfc664a1d8dd22f2fcf,kw,1,10.0,6,3,Self-interest,0.34830443724540716,0.1919483695916246,0.3771164204066693,0.08263077275629906
HP3140,67a7d4e19fee63cbe222ae02|kw|1,67a7d4e19fee63cbe222ae02,kw,1,10.0,6,0,No clear justification,0.5419600825083313,0.22550301683560242,0.12804612315300323,0.10449077750306299
HP3141,6385176faa1fd90c21cd7cb0|kw|1,6385176faa1fd90c21cd7cb0,kw,1,5.0,6,3,Self-interest,0.45455174719895586,0.21370392666218987,0.23550147233666643,0.09624285380218783
HP3142,5e3ec7559b43781188725eea|kw|1,5e3ec7559b43781188725eea,kw,1,7.0,6,1,Moral,0.2035399356923175,0.5581452350113721,0.07445853446586712,0.1638562948304432
HP3143,5c6b646349b7f0000120b659|kw|1,5c6b646349b7f0000120b659,kw,1,6.0,6,1,Moral,0.14960933382239125,0.7491932673353003,0.0613986063636433,0.03979879247866513
HP3144,5de398993cf27939a25abc5f|kw|1,5de398993cf27939a25abc5f,kw,1,12.0,6,0,No clear justification,0.49431998181733666,0.20762171612144636,0.04818565095013214,0.24987265111108478
HP3145,67790b473a8122e8a6d74a2e|kw|1,67790b473a8122e8a6d74a2e,kw,1,9.0,6,0,No clear justification,0.3951752591656087,0.4151852222050607,0.10634181887510834,0.08329769975422224
HP3146,5c4338d8a04c050001a0a876|kw|1,5c4338d8a04c050001a0a876,kw,1,1.0,6,0,No clear justification,0.30465731767265686,0.595206074642384,0.03354765414456286,0.06658895354039626
HP3147,5e0a4154deea2b2c63fb1062|kw|1,5e0a4154deea2b2c63fb1062,kw,1,10.0,6,1,Moral,0.22446094836961483,0.33374067659799633,0.08125479247039617,0.36054358256199254
HP3148,66debd6416b5185254e88395|kw|1,66debd6416b5185254e88395,kw,1,9.0,6,0,No clear justification,0.49431998181733655,0.20762171612144634,0.04818565095013229,0.24987265111108473
HP3149,66e18dd39ec0f599d774111a|kw|1,66e18dd39ec0f599d774111a,kw,1,10.0,6,0,No clear justification,0.6055011420679335,0.23091316297702333,0.054766898380815186,0.10881879657422795
HP3150,62fcd411235f5eb27a9c02c5|kw|1,62fcd411235f5eb27a9c02c5,kw,1,6.0,6,0,No clear justification,0.39517525916560864,0.4151852222050607,0.10634181887510843,0.08329769975422224
HP3151,5bc0c8bb1526430001e61bad|kw|1,5bc0c8bb1526430001e61bad,kw,1,4.0,6,0,No clear justification,0.6055011420679335,0.23091316297702333,0.054766898380815186,0.10881879657422795
HP3152,5b1200ffd282ff00015c0154|kw|1,5b1200ffd282ff00015c0154,kw,1,10.0,6,0,No clear justification,0.6055011420679335,0.23091316297702333,0.054766898380815186,0.10881879657422795
HP3153,62ba066a4093b931382ec48f|kw|1,62ba066a4093b931382ec48f,kw,1,12.0,6,0,No clear justification,0.5419600825083313,0.22550301683560242,0.12804612315300323,0.10449077750306299
HP3154,55d7805c69dbc30012b67f32|kw|1,55d7805c69dbc30012b67f32,kw,1,6.0,6,1,Moral,0.2035399356923175,0.5581452350113721,0.07445853446586712,0.16385629483044314
HP3155,5e36f262185582000ae281b4|kw|1,5e36f262185582000ae281b4,kw,1,10.0,6,0,No clear justification,0.6055011420679335,0.23091316297702333,0.054766898380815186,0.10881879657422795
HP3156,666e0c9327fd060cb231509e|kw|1,666e0c9327fd060cb231509e,kw,1,12.0,6,3,Self-interest,0.23218041719255308,0.15616547654513518,0.5489567289821995,0.06269737728011224
HP3157,5e505dcdad88cd0b518342d9|kw|1,5e505dcdad88cd0b518342d9,kw,1,11.0,6,0,No clear justification,0.49431998181733655,0.20762171612144634,0.04818565095013229,0.24987265111108473
HP3158,5b8011a80a67ca0001cc3f9b|kw|1,5b8011a80a67ca0001cc3f9b,kw,1,10.0,6,0,No clear justification,0.4362837158220443,0.20063744085164803,0.11530833810712406,0.24777050521918373
HP3159,59607e59aba046000124bf07|kw|1,59607e59aba046000124bf07,kw,1,12.0,6,2,Mutual Benefit / Cooperation,0.3166950699139013,0.16771452118605062,0.09887792203208587,0.41671248686796225
HP3160,640349ae900739316aca0f9f|kw|1,640349ae900739316aca0f9f,kw,1,6.5,6,0,No clear justification,0.45050155636698613,0.41685048876626024,0.0443155238613381,0.08833243100541549
HP3161,666272fcedf2850ab9824b47|kw|1,666272fcedf2850ab9824b47,kw,1,10.0,6,2,Mutual Benefit / Cooperation,0.2499783516766481,0.14215018779904684,0.031024989816646843,0.5768464707076583
HP3162,66621659860c05fcca83a646|kw|1,66621659860c05fcca83a646,kw,1,4.0,6,0,No clear justification,0.5419600825083313,0.22550301683560242,0.12804612315300323,0.10449077750306299
HP3163,5e13859753e8469d270982c0|kw|1,5e13859753e8469d270982c0,kw,1,6.0,6,1,Moral,0.30465731767265686,0.5952060746423841,0.03354765414456286,0.06658895354039626
HP3164,614e3f7def73ee04e730819e|kw|1,614e3f7def73ee04e730819e,kw,1,6.0,6,1,Moral,0.14960933382239136,0.7491932673353002,0.0613986063636433,0.03979879247866516
HP3165,672a7e2aad8ecc9a5a2128dd|kw|1,672a7e2aad8ecc9a5a2128dd,kw,1,12.0,6,0,No clear justification,0.36858280651845077,0.17718159628067262,0.039967678416490855,0.41426791878438585
HP3166,653ab786a5162b73aac38bc9|kw|1,653ab786a5162b73aac38bc9,kw,1,12.0,6,3,Self-interest,0.23218041719255308,0.15616547654513518,0.5489567289821995,0.06269737728011224
HP3167,612f86f8af34e91afac0451d|kw|1,612f86f8af34e91afac0451d,kw,1,12.0,6,0,No clear justification,0.49431998181733644,0.20762171612144628,0.04818565095013225,0.24987265111108495
HP3168,5eb6cf3ef3a1805c660fd56c|kw|1,5eb6cf3ef3a1805c660fd56c,kw,1,9.0,6,1,Moral,0.14960933382239136,0.7491932673353002,0.0613986063636433,0.03979879247866516
HP3169,6788199a271759466f1eb944|kw|1,6788199a271759466f1eb944,kw,1,12.0,6,2,Mutual Benefit / Cooperation,0.2499783516766481,0.14215018779904684,0.031024989816646843,0.5768464707076583
HP3170,676057f153989704c62cdc7a|kw|1,676057f153989704c62cdc7a,kw,1,12.0,6,0,No clear justification,0.6055011420679335,0.23091316297702333,0.054766898380815186,0.10881879657422795
HP3171,67838f3e71616a9dcc042173|kw|1,67838f3e71616a9dcc042173,kw,1,8.0,6,0,No clear justification,0.4362837158220438,0.20063744085164847,0.11530833810712401,0.24777050521918373
HP3172,60f8ecf62fd4924ff8ea9300|kw|1,60f8ecf62fd4924ff8ea9300,kw,1,9.0,6,1,Moral,0.18500235463348227,0.7456769190405609,0.02350770232722836,0.04581302399872832
HP3173,691cae7c882b7b58261d3dab|kw|1,691cae7c882b7b58261d3dab,kw,1,12.0,6,0,No clear justification,0.6055011420679335,0.23091316297702333,0.054766898380815186,0.10881879657422795
HP3174,663502026e662c1124df1b0b|kw|1,663502026e662c1124df1b0b,kw,1,11.5,6,0,No clear justification,0.49431998181733666,0.20762171612144636,0.04818565095013214,0.24987265111108478
HP3175,5fdbae0584b3a90525410347|kw|1,5fdbae0584b3a90525410347,kw,1,7.0,6,1,Moral,0.17021438866895722,0.5064661025469158,0.022901713225744618,0.30041779555838255
HP3176,6772eeb04cc894a8827b1ed1|kw|1,6772eeb04cc894a8827b1ed1,kw,1,7.5,6,0,No clear justification,0.6055011420679335,0.23091316297702333,0.054766898380815186,0.10881879657422795
HP3177,5d2466b24813f6000188f4b4|kw|1,5d2466b24813f6000188f4b4,kw,1,10.0,6,0,No clear justification,0.4362837158220438,0.20063744085164847,0.11530833810712401,0.24777050521918373
HP3178,674bfd855d300ddd3a4628ab|kw|1,674bfd855d300ddd3a4628ab,kw,1,8.0,6,0,No clear justification,0.4545517471989559,0.21370392666218993,0.23550147233666627,0.09624285380218783
HP3179,6613eaa8e44e25e801f85215|kw|1,6613eaa8e44e25e801f85215,kw,1,10.0,6,0,No clear justification,0.49431998181733644,0.20762171612144628,0.04818565095013225,0.24987265111108495
HP3180,5a36d2890006450001bf1d34|kw|1,5a36d2890006450001bf1d34,kw,1,12.0,6,0,No clear justification,0.4362837158220438,0.20063744085164847,0.11530833810712401,0.24777050521918373
HP3181,66c290bb20faa822520e73e3|kw|1,66c290bb20faa822520e73e3,kw,1,12.0,6,1,Moral,0.2035399356923175,0.5581452350113721,0.07445853446586712,0.16385629483044326
HP3182,663e2e8a4c7d721dca2aa866|kw|1,663e2e8a4c7d721dca2aa866,kw,1,6.0,6,2,Mutual Benefit / Cooperation,0.17467315327225666,0.29060431579521684,0.02389759126395014,0.5108249396685762
HP3183,6612fd1462232a5cbec549e3|kw|1,6612fd1462232a5cbec549e3,kw,1,8.0,6,0,No clear justification,0.4505015563669861,0.41685048876626024,0.04431552386133816,0.08833243100541549
HP3184,63d7cc044d54f16580fa7005|kw|1,63d7cc044d54f16580fa7005,kw,1,12.0,6,0,No clear justification,0.3640201993075672,0.38504158473483424,0.03871804383923243,0.21222017211836608
HP3185,63ced9adadc38e1acc2b58b6|kw|1,63ced9adadc38e1acc2b58b6,kw,1,10.5,6,2,Mutual Benefit / Cooperation,0.36402019930756707,0.38504158473483424,0.038718043839232406,0.21222017211836608
HP3186,6750e0068ca44f6ecff8b70d|kw|1,6750e0068ca44f6ecff8b70d,kw,1,9.0,6,2,Mutual Benefit / Cooperation,0.36858280651845077,0.17718159628067262,0.039967678416490855,0.41426791878438585
HP3187,672ed285dbe86b0a33526edd|kw|1,672ed285dbe86b0a33526edd,kw,1,12.0,6,0,No clear justification,0.39517525916560864,0.4151852222050607,0.10634181887510843,0.08329769975422224
HP3188,663e721c25f558c476b26fa6|kw|1,663e721c25f558c476b26fa6,kw,1,11.0,6,2,Mutual Benefit / Cooperation,0.4362837158220443,0.20063744085164803,0.11530833810712406,0.24777050521918367
HP3189,67d94f701307ac0887c44909|kw|1,67d94f701307ac0887c44909,kw,1,7.0,6,1,Moral,0.25838561308901076,0.5974370583092572,0.08336623946316762,0.060811089138564305
HP3190,5edbaa3a56e98e05e908d8dd|kw|1,5edbaa3a56e98e05e908d8dd,kw,1,0.0,6,1,Moral,0.14960933382239136,0.7491932673353002,0.0613986063636433,0.03979879247866516
HP3191,667987c18f34110073ae20b7|kw|1,667987c18f34110073ae20b7,kw,1,12.0,6,1,Moral,0.22446094836961483,0.33374067659799633,0.08125479247039617,0.36054358256199254
HP3192,5efec43017f2363e1bf47368|kw|1,5efec43017f2363e1bf47368,kw,1,12.0,6,0,No clear justification,0.6055011420679335,0.23091316297702333,0.054766898380815186,0.10881879657422795
HP3193,64d542239dcf23c895827837|kw|1,64d542239dcf23c895827837,kw,1,8.0,6,0,No clear justification,0.450501556366986,0.41685048876626046,0.04431552386133812,0.08833243100541545
HP3194,652d611038c822d956559d74|kw|1,652d611038c822d956559d74,kw,1,6.0,6,1,Moral,0.14960933382239144,0.7491932673353,0.061398606363643325,0.039798792478665176
HP3195,671fbc862b5c7b635c9980de|kw|1,671fbc862b5c7b635c9980de,kw,1,8.0,6,2,Mutual Benefit / Cooperation,0.2066873298405711,0.13015482034991854,0.08049082608817111,0.5826670237213393
HP3196,669596ba18d75e2e696b992e|kw|1,669596ba18d75e2e696b992e,kw,1,10.0,6,0,No clear justification,0.6055011420679335,0.23091316297702333,0.054766898380815186,0.10881879657422795
HP3197,5ff7ee108c6cb45141fe8c61|kw|1,5ff7ee108c6cb45141fe8c61,kw,1,8.0,6,0,No clear justification,0.49431998181733655,0.20762171612144634,0.04818565095013229,0.24987265111108473
HP3198,63d5438c43c3c41d0ffd96c0|kw|1,63d5438c43c3c41d0ffd96c0,kw,1,12.0,6,1,Moral,0.31536570276042825,0.38099798278048497,0.09552068143345806,0.20811563302562888
HP3199,60d6355b141b39035fda0e50|kw|1,60d6355b141b39035fda0e50,kw,1,6.0,6,2,Mutual Benefit / Cooperation,0.20668732984057223,0.13015482034991901,0.0804908260881714,0.5826670237213374
HP3200,59ce5e24aeef3b0001021a58|kw|1,59ce5e24aeef3b0001021a58,kw,1,12.0,6,0,No clear justification,0.6055011420679335,0.23091316297702333,0.054766898380815186,0.10881879657422795
HP3201,6148a744a4927f58c507b905|lt|1,6148a744a4927f58c507b905,lt,1,8.0,8,1,Moral,0.36525365806490995,0.37509621226539247,0.20504541343273958,0.054604716236958145
HP3202,676cda38d41e0a0ffae1fa4a|lt|1,676cda38d41e0a0ffae1fa4a,lt,1,10.0,8,2,Mutual Benefit / Cooperation,0.38251514237883166,0.08997094272601204,0.20779747320570535,0.3197164416894509
HP3203,6695700163bdc868081f582c|lt|1,6695700163bdc868081f582c,lt,1,7.0,8,1,Moral,0.26078103989636886,0.19269754747830103,0.06207798094491785,0.4844434316804121
HP3204,5ea7f2a576434f0008303441|lt|1,5ea7f2a576434f0008303441,lt,1,11.0,8,1,Moral,0.3785130988544607,0.2164260196675249,0.07836847265566547,0.32669240882234885
HP3205,5edf3a73f4a50b1de157ff46|lt|1,5edf3a73f4a50b1de157ff46,lt,1,8.0,8,1,Moral,0.2510288635941763,0.5466106239578669,0.060227258252143846,0.1421332541958128
HP3206,6650ecda2657647b60a302eb|lt|1,6650ecda2657647b60a302eb,lt,1,10.0,8,3,Self-interest,0.3825151423788311,0.08997094272601243,0.20779747320570527,0.31971644168945107
HP3207,5fad44ce8b587c0008f18de1|lt|1,5fad44ce8b587c0008f18de1,lt,1,8.0,8,0,No clear justification,0.47256161750920256,0.10089421297209031,0.08915914521117696,0.3373850243075302
HP3208,578bb26f6cc44500010448c8|lt|1,578bb26f6cc44500010448c8,lt,1,10.5,8,0,No clear justification,0.45492699836415473,0.3947496262500224,0.08716173299171857,0.06316164239410436
HP3209,665ac7e640ab88f807fbb0c6|lt|1,665ac7e640ab88f807fbb0c6,lt,1,10.5,8,0,No clear justification,0.49386172651235877,0.10087246223452988,0.2271070844113603,0.17815872684175113
HP3210,66a8eda4f49a5a822db402ef|lt|1,66a8eda4f49a5a822db402ef,lt,1,8.0,8,3,Self-interest,0.258257293432254,0.3409707239137782,0.35826539296266574,0.04250658969130234
HP3211,673e0f21862638c66615b402|lt|1,673e0f21862638c66615b402,lt,1,8.0,8,1,Moral,0.2719791707662222,0.35942976149639566,0.06367089434198996,0.3049201733953923
HP3212,55a47692fdf99b126e625257|lt|1,55a47692fdf99b126e625257,lt,1,12.0,8,0,No clear justification,0.5819503116121993,0.10754624123941138,0.23923165281746236,0.07127179433092681
HP3213,6776856f2c66987268831c12|lt|1,6776856f2c66987268831c12,lt,1,6.5,8,0,No clear justification,0.49386172651235877,0.10087246223452988,0.2271070844113603,0.17815872684175113
HP3214,5bf1c9d332cb3b0001f6f1c3|lt|1,5bf1c9d332cb3b0001f6f1c3,lt,1,10.0,8,2,Mutual Benefit / Cooperation,0.5962148745699787,0.1112222539862503,0.10112207505492776,0.19144079638884315
HP3215,5f25681567da711e51c043ab|lt|1,5f25681567da711e51c043ab,lt,1,9.0,8,0,No clear justification,0.3732161530582223,0.3821993506666947,0.07758739776952454,0.16699709850555844
HP3216,5f05ef4bd552bc0009e5566c|lt|1,5f05ef4bd552bc0009e5566c,lt,1,9.0,8,0,No clear justification,0.585934618431378,0.24080053772811275,0.10028647162106927,0.07297837221944
HP3217,677536fb35bfe170ef2d8f1e|lt|1,677536fb35bfe170ef2d8f1e,lt,1,10.5,8,0,No clear justification,0.5819503116121993,0.10754624123941138,0.23923165281746236,0.07127179433092681
HP3218,6763dc05af46629317e23da3|lt|1,6763dc05af46629317e23da3,lt,1,10.0,8,1,Moral,0.585934618431378,0.24080053772811275,0.10028647162106927,0.07297837221944
HP3219,676fac42c5d67b8d23097ec2|lt|1,676fac42c5d67b8d23097ec2,lt,1,12.0,8,2,Mutual Benefit / Cooperation,0.29710635955076614,0.36185436143156424,0.1891082174508977,0.15193106156677166
HP3220,60dc63cf94238618c443b2d9|lt|1,60dc63cf94238618c443b2d9,lt,1,9.0,8,0,No clear justification,0.5819503116121993,0.10754624123941138,0.23923165281746236,0.07127179433092681
HP3221,676766f61c9f4c0f0bdee598|lt|1,676766f61c9f4c0f0bdee598,lt,1,12.0,8,0,No clear justification,0.6940045489521988,0.11754937266866512,0.10921922705014962,0.07922685132898641
HP3222,5d4bf8571348c800174c6ecb|lt|1,5d4bf8571348c800174c6ecb,lt,1,11.0,8,2,Mutual Benefit / Cooperation,0.2607810398963689,0.19269754747830103,0.06207798094491788,0.4844434316804122
HP3223,5c2d0d21e263990001799ef3|lt|1,5c2d0d21e263990001799ef3,lt,1,6.0,8,3,Self-interest,0.258257293432254,0.3409707239137776,0.35826539296266585,0.042506589691302284
HP3224,60170c02d3a5ad927c5ccb77|lt|1,60170c02d3a5ad927c5ccb77,lt,1,10.0,8,0,No clear justification,0.6940045489521988,0.11754937266866512,0.10921922705014962,0.07922685132898641
HP3225,6773d37facb21b017a209893|lt|1,6773d37facb21b017a209893,lt,1,8.0,8,1,Moral,0.24347706246768164,0.5415237459274106,0.1738567191675168,0.04114247243739104
HP3226,5d3f7902e945e000191de6e4|lt|1,5d3f7902e945e000191de6e4,lt,1,10.0,8,0,No clear justification,0.6940045489521988,0.11754937266866512,0.10921922705014962,0.07922685132898641
HP3227,5eaeeae9cde8075d1f14c369|lt|1,5eaeeae9cde8075d1f14c369,lt,1,12.0,8,0,No clear justification,0.49386172651235877,0.10087246223452988,0.2271070844113603,0.17815872684175113
HP3228,5a28bf2b8766a40001900b24|lt|1,5a28bf2b8766a40001900b24,lt,1,11.0,8,0,No clear justification,0.34079423346708093,0.08607193179511229,0.07359275936122732,0.4995410753765795
HP3229,662613a0c132844f74a62143|lt|1,662613a0c132844f74a62143,lt,1,12.0,8,0,No clear justification,0.596214874569979,0.11122225398625035,0.10112207505492744,0.19144079638884323
HP3230,65181d02b39c0df9f861bdf7|lt|1,65181d02b39c0df9f861bdf7,lt,1,9.0,8,2,Mutual Benefit / Cooperation,0.26680933870603946,0.07462282805271929,0.1807869834676918,0.4777808497735494
HP3231,672539aa74aa5a08ab440626|lt|1,672539aa74aa5a08ab440626,lt,1,11.5,8,1,Moral,0.45492699836415473,0.39474962625002236,0.08716173299171857,0.06316164239410436
HP3232,65dca5938d478475cf3fe47f|lt|1,65dca5938d478475cf3fe47f,lt,1,12.0,8,0,No clear justification,0.49386172651235877,0.10087246223452988,0.22710708441136024,0.17815872684175113
HP3233,5c61c7c590c46f00016a3598|lt|1,5c61c7c590c46f00016a3598,lt,1,8.0,8,1,Moral,0.585934618431378,0.24080053772811275,0.10028647162106927,0.07297837221944
HP3234,59b73df56039190001eaa9e7|lt|1,59b73df56039190001eaa9e7,lt,1,10.0,8,1,Moral,0.31559934545352925,0.5649809617037711,0.06977544623050044,0.049644246612199155
HP3235,5d403b7d4e509a0019f664f0|lt|1,5d403b7d4e509a0019f664f0,lt,1,5.5,8,0,No clear justification,0.596214874569979,0.11122225398625035,0.10112207505492744,0.19144079638884323
HP3236,5d59cb467ca41f0001e97e1f|lt|1,5d59cb467ca41f0001e97e1f,lt,1,9.0,8,0,No clear justification,0.37321615305822237,0.3821993506666949,0.07758739776952471,0.16699709850555808
HP3237,67ace3fc5892a4d45463156b|lt|1,67ace3fc5892a4d45463156b,lt,1,12.0,8,0,No clear justification,0.5819503116121993,0.10754624123941138,0.23923165281746236,0.07127179433092681
HP3238,6656119c51d601a4abe8d5e9|lt|1,6656119c51d601a4abe8d5e9,lt,1,12.0,8,0,No clear justification,0.6940045489521988,0.11754937266866512,0.10921922705014962,0.07922685132898641
HP3239,631a030ace0fd33c62501d10|lt|1,631a030ace0fd33c62501d10,lt,1,9.0,8,2,Mutual Benefit / Cooperation,0.3704373951369266,0.0858606221024243,0.3863875551416047,0.1573144276190444
HP3240,67d1926649cf8a4fd2b27d37|lt|1,67d1926649cf8a4fd2b27d37,lt,1,12.0,8,0,No clear justification,0.38251514237883166,0.08997094272601204,0.20779747320570535,0.3197164416894509
HP3241,5975b75a2356570001085d0c|lt|1,5975b75a2356570001085d0c,lt,1,9.0,8,1,Moral,0.29710635955076614,0.3618543614315642,0.18910821745089784,0.1519310615667717
HP3242,672d2977ae54935ef84a2b74|lt|1,672d2977ae54935ef84a2b74,lt,1,11.0,8,3,Self-interest,0.258257293432254,0.3409707239137782,0.35826539296266574,0.04250658969130234
HP3243,60cb9d680909d3c4756c8a10|lt|1,60cb9d680909d3c4756c8a10,lt,1,10.0,8,0,No clear justification,0.6940045489521988,0.11754937266866512,0.10921922705014962,0.07922685132898641
HP3244,67722aa65639cba87301c81c|lt|1,67722aa65639cba87301c81c,lt,1,8.5,8,0,No clear justification,0.45492699836415473,0.3947496262500224,0.08716173299171857,0.06316164239410436
HP3245,683cbc0c0c2d722831c8bc17|lt|1,683cbc0c0c2d722831c8bc17,lt,1,12.0,8,1,Moral,0.27197917076622197,0.35942976149639577,0.06367089434199026,0.304920173395392
HP3246,67add383589c14add2318b76|lt|1,67add383589c14add2318b76,lt,1,6.0,8,0,No clear justification,0.6940045489521988,0.11754937266866512,0.10921922705014962,0.07922685132898641
HP3247,67769241493edf11292d6766|lt|1,67769241493edf11292d6766,lt,1,9.0,8,0,No clear justification,0.6940045489521988,0.11754937266866512,0.10921922705014962,0.07922685132898641
HP3248,6701db7d27bdd24afded38f2|lt|1,6701db7d27bdd24afded38f2,lt,1,8.0,8,0,No clear justification,0.49386172651235877,0.10087246223452988,0.2271070844113603,0.17815872684175113
HP3249,5ff96b0f4c41e2257cad88a9|lt|1,5ff96b0f4c41e2257cad88a9,lt,1,10.0,8,0,No clear justification,0.3155993454535298,0.56498096170377,0.06977544623050079,0.049644246612199246
HP3250,666450bcded6c84b0806511a|lt|1,666450bcded6c84b0806511a,lt,1,9.5,8,0,No clear justification,0.585934618431378,0.24080053772811275,0.10028647162106927,0.07297837221944
HP3251,60a2c2ea04fc6b2de2f14da9|lt|1,60a2c2ea04fc6b2de2f14da9,lt,1,12.0,8,0,No clear justification,0.48338441741041566,0.22556362303828284,0.22632919860495865,0.06472276094634286
HP3252,5e7a6846f0f631000a4e2b9d|lt|1,5e7a6846f0f631000a4e2b9d,lt,1,10.0,8,2,Mutual Benefit / Cooperation,0.26078103989636886,0.19269754747830103,0.06207798094491785,0.4844434316804121
HP3253,6670cffc0b0b33d080d23092|lt|1,6670cffc0b0b33d080d23092,lt,1,12.0,8,0,No clear justification,0.47256161750920256,0.10089421297209031,0.08915914521117696,0.3373850243075302
HP3254,5cdfb5e4b5dcb500011d0d07|lt|1,5cdfb5e4b5dcb500011d0d07,lt,1,12.0,8,0,No clear justification,0.6940045489521988,0.11754937266866512,0.10921922705014962,0.07922685132898641
HP3255,60fcc9bd0941136df8103299|lt|1,60fcc9bd0941136df8103299,lt,1,10.0,8,0,No clear justification,0.596214874569979,0.11122225398625035,0.10112207505492744,0.19144079638884323
HP3256,5fb4f7b816ba5b1868ac6bd2|lt|1,5fb4f7b816ba5b1868ac6bd2,lt,1,12.0,8,0,No clear justification,0.34079423346708093,0.08607193179511229,0.07359275936122732,0.4995410753765795
HP3257,673928131ab7d604bcf2c23a|lt|1,673928131ab7d604bcf2c23a,lt,1,12.0,8,0,No clear justification,0.6940045489521988,0.11754937266866512,0.10921922705014962,0.07922685132898641
HP3258,5f512e03b3a4953287604eed|lt|1,5f512e03b3a4953287604eed,lt,1,10.0,8,2,Mutual Benefit / Cooperation,0.3732161530582223,0.3821993506666947,0.07758739776952454,0.16699709850555844
HP3259,6286737e656f5b75009aae55|lt|1,6286737e656f5b75009aae55,lt,1,8.0,8,2,Mutual Benefit / Cooperation,0.4937830051406384,0.2319757388137377,0.09138136996349587,0.18285988608212814
HP3260,67375e9176409bd468c25d2d|lt|1,67375e9176409bd468c25d2d,lt,1,10.0,8,0,No clear justification,0.6940045489521988,0.11754937266866512,0.10921922705014962,0.07922685132898641
HP3261,66d045a6b838b2a1ff99653a|lt|1,66d045a6b838b2a1ff99653a,lt,1,10.0,8,0,No clear justification,0.45492699836415473,0.3947496262500224,0.08716173299171857,0.06316164239410436
HP3262,5af3c4e197a14300017d3f49|lt|1,5af3c4e197a14300017d3f49,lt,1,10.5,8,3,Self-interest,0.40277508996010103,0.2161200674252088,0.2122653748624012,0.1688394677522889
HP3263,5ceae0b53060280001a063a0|lt|1,5ceae0b53060280001a063a0,lt,1,7.0,8,1,Moral,0.18496356142406192,0.7330438276338292,0.04871829904354863,0.03327431189856008
HP3264,616ad0257b1caa4a86077d01|lt|1,616ad0257b1caa4a86077d01,lt,1,9.0,8,2,Mutual Benefit / Cooperation,0.3407942334670816,0.08607193179511236,0.07359275936122742,0.4995410753765786
HP3265,6102d892986a0f83785e2470|lt|1,6102d892986a0f83785e2470,lt,1,8.0,8,0,No clear justification,0.4833844174104157,0.22556362303828278,0.22632919860495865,0.06472276094634286
HP3266,5de81d685a8f94795b893d45|lt|1,5de81d685a8f94795b893d45,lt,1,9.0,8,3,Self-interest,0.3704373951369266,0.0858606221024243,0.38638755514160467,0.15731442761904443
HP3267,664b530d4cf8b88b68548a11|lt|1,664b530d4cf8b88b68548a11,lt,1,12.0,8,2,Mutual Benefit / Cooperation,0.26078103989636875,0.1926975474783001,0.06207798094491782,0.48444343168041337
HP3268,659c01027a942e6d4d2bd6a4|lt|1,659c01027a942e6d4d2bd6a4,lt,1,10.0,8,3,Self-interest,0.24347706246768147,0.5415237459274107,0.1738567191675168,0.041142472437391
HP3269,5f147c831589684ed6fd4cb8|lt|1,5f147c831589684ed6fd4cb8,lt,1,6.0,8,0,No clear justification,0.3591139505472224,0.20147073210470173,0.38650599564577726,0.052909321702298694
HP3270,6095ed23bec8c0d7681c5d28|lt|1,6095ed23bec8c0d7681c5d28,lt,1,12.0,8,1,Moral,0.36525365806490995,0.37509621226539247,0.20504541343273958,0.054604716236958145
HP3271,5c8fa44e045ff10012b60821|lt|1,5c8fa44e045ff10012b60821,lt,1,12.0,8,0,No clear justification,0.5859346184313778,0.24080053772811288,0.10028647162106935,0.07297837221943997
HP3272,67d89d92eb4323537c13b656|lt|1,67d89d92eb4323537c13b656,lt,1,9.0,8,0,No clear justification,0.37321615305822237,0.3821993506666949,0.07758739776952471,0.16699709850555808
HP3273,676ab6e8d3d98bb7f5865d13|lt|1,676ab6e8d3d98bb7f5865d13,lt,1,10.0,8,0,No clear justification,0.5819503116121993,0.10754624123941138,0.23923165281746236,0.07127179433092681
HP3274,5cbd8e0cb7cea800156a9d31|lt|1,5cbd8e0cb7cea800156a9d31,lt,1,12.0,8,0,No clear justification,0.5859346184313778,0.24080053772811288,0.10028647162106935,0.07297837221943997
HP3275,596de39c9fd5ee0001b704c3|lt|1,596de39c9fd5ee0001b704c3,lt,1,12.0,8,1,Moral,0.26078103989636886,0.19269754747830103,0.06207798094491785,0.4844434316804121
HP3276,62fe13bf9032439ae4505fc0|lt|1,62fe13bf9032439ae4505fc0,lt,1,12.0,8,0,No clear justification,0.37043739513692686,0.0858606221024245,0.3863875551416043,0.15731442761904446
HP3277,62e301547b1843587f6b0827|lt|1,62e301547b1843587f6b0827,lt,1,10.0,8,0,No clear justification,0.4833844174104158,0.22556362303828265,0.2263291986049586,0.06472276094634286
HP3278,66047d18ebfced908bcde49d|lt|1,66047d18ebfced908bcde49d,lt,1,11.0,8,0,No clear justification,0.3704373951369266,0.08586062210242441,0.3863875551416043,0.1573144276190446
HP3279,664413a1fae91cf971a208f7|lt|1,664413a1fae91cf971a208f7,lt,1,12.0,8,0,No clear justification,0.6940045489521988,0.11754937266866512,0.10921922705014962,0.07922685132898641
HP3280,666344916bdba2e2c980dcd0|lt|1,666344916bdba2e2c980dcd0,lt,1,6.0,8,3,Self-interest,0.3591139505472224,0.20147073210470173,0.38650599564577726,0.052909321702298694
HP3281,691dfb0644251a1bff8b8fc0|lt|1,691dfb0644251a1bff8b8fc0,lt,1,12.0,8,0,No clear justification,0.596214874569979,0.11122225398625035,0.10112207505492744,0.19144079638884323
HP3282,5ba9875fc16a9c000149a54e|lt|1,5ba9875fc16a9c000149a54e,lt,1,12.0,8,1,Moral,0.4937830051406385,0.2319757388137377,0.09138136996349591,0.18285988608212797
HP3283,691f7251736800a19a923c4d|lt|1,691f7251736800a19a923c4d,lt,1,6.0,8,3,Self-interest,0.23476099173141213,0.16886376398274525,0.5576795667653784,0.03869567752046419
HP3284,5dfedfbb557425b599c8c523|lt|1,5dfedfbb557425b599c8c523,lt,1,8.0,8,3,Self-interest,0.5819503116121993,0.10754624123941138,0.23923165281746236,0.07127179433092681
HP3285,5c1ae3a0b39cf30001b5b03a|lt|1,5c1ae3a0b39cf30001b5b03a,lt,1,10.0,8,0,No clear justification,0.6940045489521988,0.11754937266866512,0.10921922705014962,0.07922685132898641
HP3286,674cb1e5dd135ab435dece3f|lt|1,674cb1e5dd135ab435dece3f,lt,1,12.0,8,1,Moral,0.40277508996010103,0.21612006742520887,0.21226537486240116,0.16883946775228895
HP3287,67c0ee3c27278be601aa384d|lt|1,67c0ee3c27278be601aa384d,lt,1,12.0,8,1,Moral,0.3020638084521498,0.19947630610687994,0.1902569313110011,0.3082029541299692
HP3288,5c65739723f6300001380c2c|lt|1,5c65739723f6300001380c2c,lt,1,8.0,8,0,No clear justification,0.6940045489521988,0.11754937266866512,0.10921922705014962,0.07922685132898641
HP3289,6554d04c73158a94d70192dd|lt|1,6554d04c73158a94d70192dd,lt,1,9.0,8,0,No clear justification,0.3049405142758246,0.07463883014592379,0.5744671060598553,0.04595354951839637
HP3290,661124ea6eb49e5f25077328|lt|1,661124ea6eb49e5f25077328,lt,1,11.0,8,0,No clear justification,0.6940045489521988,0.11754937266866512,0.10921922705014962,0.07922685132898641
HP3291,5ceac2dd06aa230001363420|lt|1,5ceac2dd06aa230001363420,lt,1,8.5,8,0,No clear justification,0.6940045489521988,0.11754937266866512,0.10921922705014962,0.07922685132898641
HP3292,6648c20d6429196c77d342d9|lt|1,6648c20d6429196c77d342d9,lt,1,10.0,8,0,No clear justification,0.3049405142758246,0.07463883014592379,0.5744671060598553,0.04595354951839637
HP3293,5b75532d2aef0d0001c22f5c|lt|1,5b75532d2aef0d0001c22f5c,lt,1,8.0,8,0,No clear justification,0.3704373951369266,0.08586062210242441,0.3863875551416043,0.1573144276190446
HP3294,5e8753cc28aacd3abe3bc37a|lt|1,5e8753cc28aacd3abe3bc37a,lt,1,12.0,8,0,No clear justification,0.596214874569979,0.11122225398625035,0.10112207505492744,0.19144079638884323
HP3295,5f0736cfad4f1e0c3c838655|lt|1,5f0736cfad4f1e0c3c838655,lt,1,9.5,8,0,No clear justification,0.6940045489521988,0.11754937266866512,0.10921922705014962,0.07922685132898641
HP3296,6315fdca8c4637cea9f114cf|lt|1,6315fdca8c4637cea9f114cf,lt,1,8.0,8,1,Moral,0.3020638084521498,0.19947630610687994,0.1902569313110011,0.3082029541299692
HP3297,67606c975d33dc79c280063e|lt|1,67606c975d33dc79c280063e,lt,1,12.0,8,1,Moral,0.3020638084521498,0.19947630610687994,0.1902569313110011,0.3082029541299692
HP3298,5b35824a975e260001e9b7a6|lt|1,5b35824a975e260001e9b7a6,lt,1,8.0,8,3,Self-interest,0.5819503116121993,0.10754624123941138,0.23923165281746236,0.07127179433092681
HP3299,6659056212616c7213f702c5|lt|1,6659056212616c7213f702c5,lt,1,6.0,8,0,No clear justification,0.38251514237883166,0.08997094272601204,0.20779747320570535,0.3197164416894509
HP3300,660452d6f4aa3a41d687885b|lt|1,660452d6f4aa3a41d687885b,lt,1,9.0,8,3,Self-interest,0.5819503116121993,0.10754624123941138,0.23923165281746236,0.07127179433092681
HP3301,5c8808098d2bbf0017e4b527|lt|1,5c8808098d2bbf0017e4b527,lt,1,5.5,8,0,No clear justification,0.6940045489521988,0.11754937266866512,0.10921922705014962,0.07922685132898641
HP3302,5d853d4eecc7dc001850467f|lt|1,5d853d4eecc7dc001850467f,lt,1,9.0,8,2,Mutual Benefit / Cooperation,0.26680933870603946,0.07462282805271929,0.1807869834676918,0.4777808497735494
HP3303,576fc3462984e70001a97fc3|lt|1,576fc3462984e70001a97fc3,lt,1,8.0,8,3,Self-interest,0.24347706246768147,0.5415237459274107,0.1738567191675168,0.041142472437391
HP3304,611ec117c0e26bf092778d95|lt|1,611ec117c0e26bf092778d95,lt,1,8.0,8,0,No clear justification,0.6940045489521988,0.11754937266866512,0.10921922705014962,0.07922685132898641
HP3305,63f8c03565ab09c02469ccd3|lt|1,63f8c03565ab09c02469ccd3,lt,1,10.0,8,0,No clear justification,0.6940045489521988,0.11754937266866512,0.10921922705014962,0.07922685132898641
HP3306,5d37ad921c16bb0015281337|lt|1,5d37ad921c16bb0015281337,lt,1,8.0,8,0,No clear justification,0.596214874569979,0.11122225398625035,0.10112207505492744,0.19144079638884323
HP3307,5a01d6877542890001aa63ad|lt|1,5a01d6877542890001aa63ad,lt,1,8.0,8,1,Moral,0.4937830051406385,0.2319757388137377,0.09138136996349591,0.18285988608212797
HP3308,65f8caa8238a933fdf42f4c3|lt|1,65f8caa8238a933fdf42f4c3,lt,1,10.0,8,0,No clear justification,0.47256161750920256,0.10089421297209031,0.08915914521117696,0.3373850243075302
HP3309,62b058e8e1cfcf6b53124931|lt|1,62b058e8e1cfcf6b53124931,lt,1,12.0,8,3,Self-interest,0.445481771552643,0.09302150973835152,0.40158162733314484,0.05991509137586069
HP3310,55a1321efdf99b6ec83c214e|lt|1,55a1321efdf99b6ec83c214e,lt,1,6.5,8,3,Self-interest,0.258257293432254,0.3409707239137776,0.35826539296266585,0.042506589691302284
HP3311,63f0e61bbeb61d5ced623832|lt|1,63f0e61bbeb61d5ced623832,lt,1,11.0,8,0,No clear justification,0.6940045489521988,0.11754937266866512,0.10921922705014962,0.07922685132898641
HP3312,61f2abdca09e72f23cbaf4c4|lt|1,61f2abdca09e72f23cbaf4c4,lt,1,8.0,8,2,Mutual Benefit / Cooperation,0.3704373951369266,0.0858606221024243,0.3863875551416047,0.1573144276190444
HP3313,662ac5849e0f931cc08e32b7|lt|1,662ac5849e0f931cc08e32b7,lt,1,10.5,8,0,No clear justification,0.596214874569979,0.11122225398625035,0.10112207505492744,0.19144079638884323
HP3314,63bd81465a7246c0da98e4bd|lt|1,63bd81465a7246c0da98e4bd,lt,1,9.0,8,1,Moral,0.29400522754774133,0.1911164874781977,0.3682817857480098,0.14659649922605109
HP3315,610bff0262daf619c12a7cec|lt|1,610bff0262daf619c12a7cec,lt,1,9.0,8,0,No clear justification,0.445481771552643,0.09302150973835152,0.40158162733314484,0.05991509137586069
HP3316,66e9b926c782e4f47a05ec7c|lt|1,66e9b926c782e4f47a05ec7c,lt,1,9.0,8,1,Moral,0.18496356142406192,0.7330438276338292,0.04871829904354863,0.03327431189856008
HP3317,66452f8e6f5cff92c469b400|lt|1,66452f8e6f5cff92c469b400,lt,1,12.0,8,0,No clear justification,0.596214874569979,0.11122225398625035,0.10112207505492744,0.19144079638884323
HP3318,664a375e07e464189e4b25f4|lt|1,664a375e07e464189e4b25f4,lt,1,12.0,8,2,Mutual Benefit / Cooperation,0.2155098589273686,0.06642105402249793,0.05472740758752747,0.663341679462606
HP3319,60369ae814f750ef3d063c3e|lt|1,60369ae814f750ef3d063c3e,lt,1,12.0,8,0,No clear justification,0.3785130988544607,0.2164260196675249,0.07836847265566547,0.32669240882234885
HP3320,66f480695684a9ff1f525bf8|lt|1,66f480695684a9ff1f525bf8,lt,1,11.5,8,0,No clear justification,0.596214874569979,0.11122225398625035,0.10112207505492744,0.19144079638884323
HP3321,5e1465b599b282a6feec000b|lt|1,5e1465b599b282a6feec000b,lt,1,12.0,8,1,Moral,0.24347706246768175,0.5415237459274103,0.17385671916751688,0.04114247243739104
HP3322,5eeb621a7c83c62d2473afb1|lt|1,5eeb621a7c83c62d2473afb1,lt,1,9.0,8,1,Moral,0.3591139505472226,0.20147073210470184,0.38650599564577676,0.05290932170229874
HP3323,5c9034a2eedbd9001573ca14|lt|1,5c9034a2eedbd9001573ca14,lt,1,10.0,8,2,Mutual Benefit / Cooperation,0.2607810398963689,0.19269754747830103,0.06207798094491788,0.4844434316804122
HP3324,63ea42db4a818f990ef95828|lt|1,63ea42db4a818f990ef95828,lt,1,10.0,8,2,Mutual Benefit / Cooperation,0.24681174419054105,0.06717089299167146,0.5566042516383954,0.1294131111793921
HP3325,6760549abba4d747ab270c17|lt|1,6760549abba4d747ab270c17,lt,1,6.0,8,0,No clear justification,0.5819503116121993,0.10754624123941138,0.23923165281746236,0.07127179433092681
HP3326,5727d93522e522000e7a0a3c|lt|1,5727d93522e522000e7a0a3c,lt,1,10.0,8,1,Moral,0.3020638084521498,0.19947630610687994,0.1902569313110011,0.3082029541299692
HP3327,65de2dd9077f463fedd79272|lt|1,65de2dd9077f463fedd79272,lt,1,10.5,8,0,No clear justification,0.6940045489521988,0.11754937266866512,0.10921922705014962,0.07922685132898641
HP3328,57e028b7ccd0230001fc2462|lt|1,57e028b7ccd0230001fc2462,lt,1,9.0,8,0,No clear justification,0.5859346184313778,0.24080053772811275,0.10028647162106935,0.07297837221943997
HP3329,57ff671cb80310000163ef44|lt|1,57ff671cb80310000163ef44,lt,1,12.0,8,0,No clear justification,0.596214874569979,0.11122225398625035,0.10112207505492744,0.19144079638884323
HP3330,655f8e46111e1df6951e1ede|lt|1,655f8e46111e1df6951e1ede,lt,1,12.0,8,0,No clear justification,0.40277508996010103,0.21612006742520887,0.2122653748624012,0.1688394677522888
HP3331,59bb9e3a178f1b0001828b12|lt|1,59bb9e3a178f1b0001828b12,lt,1,9.0,8,0,No clear justification,0.34079423346708093,0.08607193179511229,0.07359275936122732,0.4995410753765795
HP3332,66bcad01dafba28daa9de5f5|lt|1,66bcad01dafba28daa9de5f5,lt,1,10.0,8,0,No clear justification,0.6940045489521988,0.11754937266866512,0.10921922705014962,0.07922685132898641
HP3333,6661c9ae13d2c1b196d73a43|lt|1,6661c9ae13d2c1b196d73a43,lt,1,8.0,8,0,No clear justification,0.6940045489521988,0.11754937266866512,0.10921922705014962,0.07922685132898641
HP3334,57a36f499bd3d70001e5230e|lt|1,57a36f499bd3d70001e5230e,lt,1,9.0,8,0,No clear justification,0.3155993454535298,0.56498096170377,0.06977544623050079,0.049644246612199246
HP3335,677fe8f15da513719cd02875|lt|1,677fe8f15da513719cd02875,lt,1,12.0,8,1,Moral,0.24347706246768175,0.5415237459274103,0.17385671916751688,0.04114247243739104
HP3336,61659faa6b39511ab186acf1|lt|1,61659faa6b39511ab186acf1,lt,1,10.0,8,1,Moral,0.585934618431378,0.24080053772811275,0.10028647162106927,0.07297837221944
HP3337,66951e2884e437c69d8a2fe1|lt|1,66951e2884e437c69d8a2fe1,lt,1,8.0,8,0,No clear justification,0.5962148745699787,0.1112222539862503,0.10112207505492767,0.1914407963888434
HP3338,655b67877536d232728dfa6c|lt|1,655b67877536d232728dfa6c,lt,1,8.0,8,0,No clear justification,0.38251514237883166,0.08997094272601204,0.20779747320570535,0.3197164416894509
HP3339,5e94acdc3d1b5780b00d12ff|lt|1,5e94acdc3d1b5780b00d12ff,lt,1,8.0,8,0,No clear justification,0.49386172651235877,0.10087246223452988,0.2271070844113603,0.17815872684175113
HP3340,5e63f5da8a25da181c011cad|lt|1,5e63f5da8a25da181c011cad,lt,1,9.0,8,2,Mutual Benefit / Cooperation,0.5962148745699787,0.1112222539862503,0.10112207505492776,0.19144079638884315
HP3341,6760acee7b448e51215b1910|lt|1,6760acee7b448e51215b1910,lt,1,12.0,8,0,No clear justification,0.49386172651235877,0.10087246223452988,0.22710708441136032,0.17815872684175113
HP3342,6392360efb6e254ffd31e722|lt|1,6392360efb6e254ffd31e722,lt,1,10.0,8,0,No clear justification,0.3732161530582222,0.38219935066669497,0.07758739776952454,0.16699709850555822
HP3343,66ec9f0832d1bc82239af5a1|lt|1,66ec9f0832d1bc82239af5a1,lt,1,12.0,8,0,No clear justification,0.5819503116121993,0.10754624123941138,0.23923165281746236,0.07127179433092681
HP3344,60f8658bf9d1627d3bc87a3d|lt|1,60f8658bf9d1627d3bc87a3d,lt,1,12.0,8,0,No clear justification,0.6940045489521988,0.11754937266866512,0.10921922705014962,0.07922685132898641
HP3345,63bc41d60e8e60fdcb423208|lt|1,63bc41d60e8e60fdcb423208,lt,1,8.0,8,3,Self-interest,0.4938617265123584,0.10087246223453014,0.22710708441136032,0.17815872684175113
HP3346,5b52f4933234ab00014ca442|lt|1,5b52f4933234ab00014ca442,lt,1,6.0,8,3,Self-interest,0.24347706246768147,0.5415237459274107,0.1738567191675168,0.041142472437391
HP3347,671a9506b90ee5e2d532c12d|lt|1,671a9506b90ee5e2d532c12d,lt,1,10.5,8,0,No clear justification,0.596214874569979,0.11122225398625035,0.10112207505492744,0.19144079638884323
HP3348,5e8d96efe32229018dec69dd|lt|1,5e8d96efe32229018dec69dd,lt,1,8.0,8,1,Moral,0.585934618431378,0.24080053772811275,0.10028647162106927,0.07297837221944
HP3349,66d87a86976e6622bb873a30|lt|1,66d87a86976e6622bb873a30,lt,1,9.0,8,0,No clear justification,0.596214874569979,0.11122225398625035,0.10112207505492744,0.19144079638884323
HP3350,5ed62b33b663bd01d5aaa248|lt|1,5ed62b33b663bd01d5aaa248,lt,1,10.0,8,0,No clear justification,0.585934618431378,0.24080053772811275,0.10028647162106927,0.07297837221944
HP3351,5c3cb9759883d4000141f800|lt|1,5c3cb9759883d4000141f800,lt,1,9.5,8,1,Moral,0.29710635955076586,0.3618543614315647,0.18910821745089793,0.15193106156677175
HP3352,60318abd5f6c24103dd02a1f|lt|1,60318abd5f6c24103dd02a1f,lt,1,6.0,8,0,No clear justification,0.5819503116121993,0.10754624123941138,0.23923165281746236,0.07127179433092681
HP3353,5defac7e56b506000cdd3b32|lt|1,5defac7e56b506000cdd3b32,lt,1,10.5,8,3,Self-interest,0.2668093387060393,0.07462282805271936,0.18078698346769181,0.4777808497735494
HP3354,5d8998025e8a740001d6e2f1|lt|1,5d8998025e8a740001d6e2f1,lt,1,12.0,8,2,Mutual Benefit / Cooperation,0.3407942334670816,0.08607193179511236,0.07359275936122742,0.4995410753765786
HP3355,6268f4810cd59e084565cfef|lt|1,6268f4810cd59e084565cfef,lt,1,10.0,8,0,No clear justification,0.36525365806490995,0.37509621226539247,0.20504541343273952,0.054604716236958145
HP3356,672da8c47dddf2de17d21700|lt|1,672da8c47dddf2de17d21700,lt,1,12.0,8,1,Moral,0.37851309885446105,0.2164260196675249,0.07836847265566554,0.3266924088223485
HP3357,63b5eb0ec316229203f1ddae|lt|1,63b5eb0ec316229203f1ddae,lt,1,12.0,8,0,No clear justification,0.596214874569979,0.11122225398625035,0.10112207505492744,0.19144079638884323
HP3358,5f562fc05e6f8a000965cbd5|lt|1,5f562fc05e6f8a000965cbd5,lt,1,12.0,8,0,No clear justification,0.47256161750920256,0.10089421297209031,0.08915914521117696,0.3373850243075302
HP3359,5f9feb9ec2db9f03550e62a9|lt|1,5f9feb9ec2db9f03550e62a9,lt,1,9.0,8,0,No clear justification,0.6940045489521988,0.11754937266866512,0.10921922705014962,0.07922685132898641
HP3360,596a3b32670f410001fe95d9|lt|1,596a3b32670f410001fe95d9,lt,1,12.0,8,0,No clear justification,0.5859346184313778,0.24080053772811275,0.10028647162106935,0.07297837221943997
HP3361,64403633e042e91beabe9645|lt|1,64403633e042e91beabe9645,lt,1,12.0,8,3,Self-interest,0.3704373951369266,0.0858606221024243,0.38638755514160467,0.15731442761904443
HP3362,66736ce8318acf5878cae8c6|lt|1,66736ce8318acf5878cae8c6,lt,1,11.0,8,0,No clear justification,0.6940045489521988,0.11754937266866512,0.10921922705014962,0.07922685132898641
HP3363,6047a75fb0f5940008f35cc5|lt|1,6047a75fb0f5940008f35cc5,lt,1,12.0,8,2,Mutual Benefit / Cooperation,0.26680933870603946,0.07462282805271929,0.1807869834676918,0.4777808497735494
HP3364,5f032c613963d04d69c9327b|lt|1,5f032c613963d04d69c9327b,lt,1,10.0,8,0,No clear justification,0.6940045489521988,0.11754937266866512,0.10921922705014962,0.07922685132898641
HP3365,5e3c4d1621c442033da7bcd8|lt|1,5e3c4d1621c442033da7bcd8,lt,1,7.0,8,0,No clear justification,0.49386172651235877,0.10087246223452988,0.2271070844113603,0.17815872684175113
HP3366,5da742be98c680001539f67f|lt|1,5da742be98c680001539f67f,lt,1,12.0,8,0,No clear justification,0.45492699836415473,0.3947496262500224,0.08716173299171857,0.06316164239410436
HP3367,67fbe9a435667f13b9bb1371|lt|1,67fbe9a435667f13b9bb1371,lt,1,10.5,8,0,No clear justification,0.4833844174104158,0.22556362303828284,0.2263291986049585,0.06472276094634286
HP3368,6755651ef09a9d6e99e56659|lt|1,6755651ef09a9d6e99e56659,lt,1,10.0,8,0,No clear justification,0.49386172651235877,0.10087246223452988,0.22710708441136024,0.17815872684175113
HP3369,6158593456f99ff86a8b4187|lt|1,6158593456f99ff86a8b4187,lt,1,8.0,8,0,No clear justification,0.5819503116121993,0.10754624123941138,0.23923165281746236,0.07127179433092681
HP3370,68852bb3841485125559a020|lt|1,68852bb3841485125559a020,lt,1,10.0,8,1,Moral,0.3732161530582222,0.38219935066669514,0.07758739776952471,0.16699709850555805
HP3371,5ea95b611389ca0385877dcb|lt|1,5ea95b611389ca0385877dcb,lt,1,10.0,8,3,Self-interest,0.3049405142758247,0.07463883014592379,0.5744671060598552,0.045953549518396426
HP3372,6727d409f712a40c69603853|lt|1,6727d409f712a40c69603853,lt,1,9.0,8,1,Moral,0.585934618431378,0.24080053772811275,0.10028647162106927,0.07297837221944
HP3373,668c893a3a9a1a960c28e9ad|lt|1,668c893a3a9a1a960c28e9ad,lt,1,12.0,8,0,No clear justification,0.47256161750920256,0.10089421297209031,0.08915914521117696,0.3373850243075302
HP3374,67ebfee1b828dce41616f576|lt|1,67ebfee1b828dce41616f576,lt,1,8.0,8,0,No clear justification,0.4937830051406385,0.23197573881373765,0.09138136996349591,0.18285988608212797
HP3375,5e306c4316d4ec06c0287a80|lt|1,5e306c4316d4ec06c0287a80,lt,1,10.0,8,0,No clear justification,0.4833844174104158,0.2255636230382827,0.22632919860495865,0.06472276094634286
HP3376,6061ea5fba199ba84a255ee5|lt|1,6061ea5fba199ba84a255ee5,lt,1,10.0,8,0,No clear justification,0.6940045489521988,0.11754937266866512,0.10921922705014962,0.07922685132898641
HP3377,5f6cdb4fc534270f82e4d8ca|lt|1,5f6cdb4fc534270f82e4d8ca,lt,1,8.0,8,0,No clear justification,0.49386172651235877,0.10087246223452988,0.2271070844113603,0.17815872684175113
HP3378,6683fb1074d2f32d21b99da2|lt|1,6683fb1074d2f32d21b99da2,lt,1,10.0,8,1,Moral,0.49378300514063844,0.2319757388137376,0.09138136996349587,0.1828598860821282
HP3379,67ace31300abf1fb686b8ce1|lt|1,67ace31300abf1fb686b8ce1,lt,1,10.0,8,0,No clear justification,0.5859346184313778,0.24080053772811288,0.10028647162106935,0.07297837221943997
HP3380,5fa18024e8db28293edae14e|lt|1,5fa18024e8db28293edae14e,lt,1,0.0,8,0,No clear justification,0.5859346184313778,0.24080053772811288,0.10028647162106935,0.07297837221943997
HP3381,670d2af9c00f086b201e9f70|lt|1,670d2af9c00f086b201e9f70,lt,1,9.0,8,1,Moral,0.585934618431378,0.24080053772811275,0.10028647162106927,0.07297837221944
HP3382,67542e9190f072ebdb98befb|lt|1,67542e9190f072ebdb98befb,lt,1,12.0,8,0,No clear justification,0.445481771552643,0.09302150973835152,0.40158162733314484,0.05991509137586069
HP3383,5ea29c5cad06661b01230684|lt|1,5ea29c5cad06661b01230684,lt,1,10.0,8,3,Self-interest,0.3825151423788311,0.08997094272601243,0.20779747320570527,0.31971644168945107
HP3384,6667015e358c1fe41b8a3d7f|lt|1,6667015e358c1fe41b8a3d7f,lt,1,10.0,8,0,No clear justification,0.3732161530582223,0.3821993506666947,0.07758739776952454,0.16699709850555844
HP3385,62ea1958011121255c2af25b|lt|1,62ea1958011121255c2af25b,lt,1,8.0,8,0,No clear justification,0.3591139505472226,0.20147073210470184,0.38650599564577676,0.05290932170229874
HP3386,691dfaf764d87fff5030d0ca|lt|1,691dfaf764d87fff5030d0ca,lt,1,12.0,8,0,No clear justification,0.6940045489521988,0.11754937266866512,0.10921922705014962,0.07922685132898641
HP3387,5f4929f20aa4ce437e659be0|lt|1,5f4929f20aa4ce437e659be0,lt,1,8.0,8,0,No clear justification,0.36525365806490995,0.37509621226539247,0.20504541343273952,0.054604716236958145
HP3388,5cd801d431d19f0019425e2e|lt|1,5cd801d431d19f0019425e2e,lt,1,6.0,8,1,Moral,0.29710635955076614,0.36185436143156424,0.18910821745089776,0.15193106156677175
HP3389,664ebfd573450db2596c40a8|lt|1,664ebfd573450db2596c40a8,lt,1,10.0,8,0,No clear justification,0.5859346184313778,0.24080053772811288,0.10028647162106935,0.07297837221943997
HP3390,5e40458fee95202846ccf7f3|lt|1,5e40458fee95202846ccf7f3,lt,1,10.0,8,0,No clear justification,0.5819503116121993,0.10754624123941138,0.23923165281746236,0.07127179433092681
HP3391,5c2a799737ae5200017c7712|lt|1,5c2a799737ae5200017c7712,lt,1,12.0,8,3,Self-interest,0.5819503116121993,0.10754624123941138,0.23923165281746236,0.07127179433092681
HP3392,673b834c1ca9feb154a86523|lt|1,673b834c1ca9feb154a86523,lt,1,10.0,8,1,Moral,0.18496356142406192,0.7330438276338292,0.04871829904354863,0.03327431189856008
HP3393,6727af89081bd9f0e0d0973d|lt|1,6727af89081bd9f0e0d0973d,lt,1,7.0,8,1,Moral,0.2971063595507661,0.3618543614315644,0.18910821745089784,0.15193106156677175
HP3394,644012a89ef81bc3c9412c6e|lt|1,644012a89ef81bc3c9412c6e,lt,1,12.0,8,0,No clear justification,0.4937830051406385,0.23197573881373765,0.09138136996349591,0.18285988608212797
HP3395,5661bce973ac87001180413a|lt|1,5661bce973ac87001180413a,lt,1,10.0,8,0,No clear justification,0.5819503116121993,0.10754624123941138,0.23923165281746236,0.07127179433092681
HP3396,60bbea726dc12dd57d5f1b94|lt|1,60bbea726dc12dd57d5f1b94,lt,1,6.0,8,0,No clear justification,0.5962148745699787,0.1112222539862503,0.10112207505492767,0.1914407963888434
HP3397,5a1e86ce8671dc00018fd021|lt|1,5a1e86ce8671dc00018fd021,lt,1,10.0,8,0,No clear justification,0.4937830051406384,0.23197573881373765,0.09138136996349587,0.1828598860821282
HP3398,678d789825b7bb6a61559cd4|lt|1,678d789825b7bb6a61559cd4,lt,1,10.0,8,0,No clear justification,0.37321615305822237,0.3821993506666949,0.07758739776952471,0.16699709850555808
HP3399,5ee4c4b42c280d1cd26cfe3d|lt|1,5ee4c4b42c280d1cd26cfe3d,lt,1,6.0,8,0,No clear justification,0.3155993454535298,0.56498096170377,0.06977544623050079,0.049644246612199246
HP3400,60dc2e4561212c8a723d6425|lt|1,60dc2e4561212c8a723d6425,lt,1,12.0,8,0,No clear justification,0.3704373951369266,0.08586062210242441,0.3863875551416043,0.1573144276190446
HP3401,5ca76940b73600000157b4f1|lt|1,5ca76940b73600000157b4f1,lt,1,10.0,8,2,Mutual Benefit / Cooperation,0.2155098589273686,0.06642105402249793,0.05472740758752747,0.663341679462606
HP3402,65c6762ea86de7fbe4ac9406|lt|1,65c6762ea86de7fbe4ac9406,lt,1,8.0,8,1,Moral,0.24347706246768164,0.5415237459274106,0.1738567191675168,0.04114247243739104
HP3403,6581664bd74bbb952b06c79d|lt|1,6581664bd74bbb952b06c79d,lt,1,6.0,8,0,No clear justification,0.596214874569979,0.11122225398625035,0.10112207505492744,0.19144079638884323
HP3404,5dcedfe8dfe9da02dbb08f4f|lt|1,5dcedfe8dfe9da02dbb08f4f,lt,1,10.0,8,0,No clear justification,0.4937830051406385,0.2319757388137377,0.09138136996349591,0.18285988608212797
HP3405,6266aa7132e3a5bf1631ac1b|lt|1,6266aa7132e3a5bf1631ac1b,lt,1,10.0,8,1,Moral,0.24347706246768175,0.5415237459274103,0.17385671916751688,0.04114247243739104
HP3406,5db6553837647d000bb049ab|lt|1,5db6553837647d000bb049ab,lt,1,12.0,8,0,No clear justification,0.596214874569979,0.11122225398625035,0.10112207505492744,0.19144079638884323
HP3407,645bd48e67d52bbdcad03398|lt|1,645bd48e67d52bbdcad03398,lt,1,11.0,8,0,No clear justification,0.47256161750920256,0.10089421297209031,0.08915914521117696,0.3373850243075302
HP3408,5a6df612e70ca900017ae25e|lt|1,5a6df612e70ca900017ae25e,lt,1,10.5,8,0,No clear justification,0.47256161750920256,0.10089421297209031,0.08915914521117696,0.3373850243075302
HP3409,5865bdf7a3462300010673e3|lt|1,5865bdf7a3462300010673e3,lt,1,8.0,8,1,Moral,0.18496356142406192,0.7330438276338292,0.04871829904354863,0.03327431189856008
HP3410,5ea179b1b5b2e50258b36349|lt|1,5ea179b1b5b2e50258b36349,lt,1,10.0,8,1,Moral,0.27197917076622197,0.35942976149639577,0.06367089434199026,0.304920173395392
HP3411,6742189e9fd5fe9de0d9b729|lt|1,6742189e9fd5fe9de0d9b729,lt,1,6.0,8,0,No clear justification,0.6940045489521988,0.11754937266866512,0.10921922705014962,0.07922685132898641
HP3412,5ef66e81cf5fa435ea9a4e8d|lt|1,5ef66e81cf5fa435ea9a4e8d,lt,1,11.0,8,0,No clear justification,0.5819503116121993,0.10754624123941138,0.23923165281746236,0.07127179433092681
HP3413,67d0adc35dda5bdeb6a0c22a|lt|1,67d0adc35dda5bdeb6a0c22a,lt,1,12.0,8,0,No clear justification,0.47256161750920256,0.10089421297209031,0.08915914521117696,0.3373850243075302
HP3414,5ff0b6331d6cb44a1b7a07dd|lt|1,5ff0b6331d6cb44a1b7a07dd,lt,1,9.5,8,1,Moral,0.585934618431378,0.24080053772811275,0.10028647162106927,0.07297837221944
HP3415,599364c1fc37790001fa4e1d|lt|1,599364c1fc37790001fa4e1d,lt,1,11.0,8,1,Moral,0.27197917076622197,0.35942976149639577,0.06367089434199026,0.304920173395392
HP3416,63e69728da28e991114aad46|lt|1,63e69728da28e991114aad46,lt,1,10.0,8,2,Mutual Benefit / Cooperation,0.47256161750920256,0.10089421297209031,0.08915914521117696,0.3373850243075302
HP3417,66790e08c1c5767636feee8d|lt|1,66790e08c1c5767636feee8d,lt,1,10.0,8,2,Mutual Benefit / Cooperation,0.26680933870603946,0.07462282805271929,0.1807869834676918,0.4777808497735494
HP3418,5bb3e443951bd40001f1e0fd|lt|1,5bb3e443951bd40001f1e0fd,lt,1,10.0,8,2,Mutual Benefit / Cooperation,0.26680933870603946,0.07462282805271929,0.1807869834676918,0.4777808497735494
HP3419,5a6d5ae19d65ec00017e9bae|lt|1,5a6d5ae19d65ec00017e9bae,lt,1,6.0,8,2,Mutual Benefit / Cooperation,0.26078103989636886,0.19269754747830103,0.06207798094491785,0.4844434316804121
HP3420,5e5fc624b333b2022aeb064f|lt|1,5e5fc624b333b2022aeb064f,lt,1,10.5,8,3,Self-interest,0.3591139505472224,0.20147073210470173,0.38650599564577726,0.052909321702298694
HP3421,6658b6838e28e3383feae335|lt|1,6658b6838e28e3383feae335,lt,1,12.0,8,0,No clear justification,0.6940045489521988,0.11754937266866512,0.10921922705014962,0.07922685132898641
HP3422,660158b9a05b9c4adc616ff8|lt|1,660158b9a05b9c4adc616ff8,lt,1,10.0,8,1,Moral,0.3155993454535298,0.56498096170377,0.06977544623050079,0.049644246612199246
HP3423,67dfdf77fa31c86fb35030aa|lt|1,67dfdf77fa31c86fb35030aa,lt,1,12.0,8,0,No clear justification,0.596214874569979,0.11122225398625035,0.10112207505492744,0.19144079638884323
HP3424,661fc8bb0644ba960f0e3b65|lt|1,661fc8bb0644ba960f0e3b65,lt,1,10.0,8,0,No clear justification,0.4833844174104158,0.22556362303828265,0.2263291986049586,0.06472276094634286
HP3425,62fb7acaf60ed51dd71d3bfb|lt|1,62fb7acaf60ed51dd71d3bfb,lt,1,10.0,8,0,No clear justification,0.4454817715526431,0.09302150973835156,0.4015816273331446,0.05991509137586075
HP3426,5ff8b291840bed124061d389|lt|1,5ff8b291840bed124061d389,lt,1,10.0,8,2,Mutual Benefit / Cooperation,0.2155098589273686,0.06642105402249793,0.05472740758752747,0.663341679462606
HP3427,6063c0526a66097dcb055955|lt|1,6063c0526a66097dcb055955,lt,1,10.0,8,0,No clear justification,0.34079423346708093,0.08607193179511229,0.07359275936122732,0.4995410753765795
HP3428,66700eaced9693634024629b|lt|1,66700eaced9693634024629b,lt,1,12.0,8,0,No clear justification,0.6940045489521988,0.11754937266866512,0.10921922705014962,0.07922685132898641
HP3429,5ac70920a3ba7a0001b4ba8c|lt|1,5ac70920a3ba7a0001b4ba8c,lt,1,9.0,8,0,No clear justification,0.36525365806490995,0.37509621226539247,0.20504541343273952,0.054604716236958145
HP3430,666db47c26bc80222f8b15ba|lt|1,666db47c26bc80222f8b15ba,lt,1,8.0,8,0,No clear justification,0.4937830051406385,0.2319757388137377,0.09138136996349591,0.18285988608212797
HP3431,663f6d9dbe5335a23d60081a|lt|1,663f6d9dbe5335a23d60081a,lt,1,10.0,8,0,No clear justification,0.38251514237883166,0.08997094272601204,0.20779747320570535,0.3197164416894509
HP3432,66524aa2a82e242800be156b|lt|1,66524aa2a82e242800be156b,lt,1,12.0,8,1,Moral,0.18496356142406192,0.7330438276338292,0.04871829904354863,0.03327431189856008
HP3433,688ba4bbe01569516b9737b3|lt|1,688ba4bbe01569516b9737b3,lt,1,10.0,8,2,Mutual Benefit / Cooperation,0.3020638084521498,0.19947630610687986,0.19025693131100108,0.3082029541299692
HP3434,6530fed5b3281d288757fca9|lt|1,6530fed5b3281d288757fca9,lt,1,8.5,8,0,No clear justification,0.5962148745699787,0.1112222539862503,0.10112207505492767,0.1914407963888434
HP3435,67283913f11cbfde51b17706|lt|1,67283913f11cbfde51b17706,lt,1,10.5,8,0,No clear justification,0.34079423346708093,0.08607193179511229,0.07359275936122732,0.4995410753765795
HP3436,6661ffc5427a871210871122|lt|1,6661ffc5427a871210871122,lt,1,6.0,8,2,Mutual Benefit / Cooperation,0.2155098589273686,0.06642105402249793,0.05472740758752747,0.663341679462606
HP3437,66b3dc1490445aa410abd41e|lt|1,66b3dc1490445aa410abd41e,lt,1,6.0,8,2,Mutual Benefit / Cooperation,0.27582898958568286,0.07421365539071285,0.36032187173333136,0.2896354832902728
HP3438,64784c2bc85267b924936813|lt|1,64784c2bc85267b924936813,lt,1,10.0,8,1,Moral,0.3020638084521501,0.19947630610688008,0.19025693131100108,0.30820295412996873
HP3439,65612a45629022b7c905ef6c|lt|1,65612a45629022b7c905ef6c,lt,1,12.0,8,1,Moral,0.18496356142406192,0.7330438276338292,0.04871829904354863,0.03327431189856008
HP3440,5f1dea279f4818757f07f087|lt|1,5f1dea279f4818757f07f087,lt,1,9.0,8,1,Moral,0.585934618431378,0.24080053772811275,0.10028647162106927,0.07297837221944
HP3441,643c8b9e084ad254bf9a0645|lt|1,643c8b9e084ad254bf9a0645,lt,1,6.0,8,1,Moral,0.26078103989636886,0.19269754747830103,0.06207798094491785,0.4844434316804121
HP3442,66660d297864801db6a10af4|lt|1,66660d297864801db6a10af4,lt,1,8.0,8,1,Moral,0.18496356142406192,0.7330438276338292,0.04871829904354863,0.03327431189856008
HP3443,61453d979fbdb8e800b8f0eb|lt|1,61453d979fbdb8e800b8f0eb,lt,1,6.0,8,0,No clear justification,0.36525365806490995,0.37509621226539247,0.20504541343273952,0.054604716236958145
HP3444,5fbc110869611208d6fd29da|lt|1,5fbc110869611208d6fd29da,lt,1,10.0,8,0,No clear justification,0.3049405142758246,0.07463883014592379,0.5744671060598553,0.04595354951839637
HP3445,63d7a35134c4f6e440e9468f|lt|1,63d7a35134c4f6e440e9468f,lt,1,8.0,8,0,No clear justification,0.6940045489521988,0.11754937266866512,0.10921922705014962,0.07922685132898641
HP3446,5e1b307333e83535d72af1e5|lt|1,5e1b307333e83535d72af1e5,lt,1,12.0,8,1,Moral,0.258257293432254,0.3409707239137779,0.35826539296266585,0.04250658969130234
HP3447,56e225c2ec0fdd000641e72d|lt|1,56e225c2ec0fdd000641e72d,lt,1,10.0,8,1,Moral,0.2940052275477412,0.19111648747819796,0.3682817857480093,0.14659649922605142
HP3448,6772ea24ce9c71ea7bc07b6b|lt|1,6772ea24ce9c71ea7bc07b6b,lt,1,9.5,8,1,Moral,0.585934618431378,0.24080053772811275,0.10028647162106927,0.07297837221944
HP3449,5e1ee2050c0b3120e01eeec1|lt|1,5e1ee2050c0b3120e01eeec1,lt,1,10.0,8,1,Moral,0.23476099173141213,0.1688637639827452,0.5576795667653784,0.03869567752046419
HP3450,6465c08185f626e6500faef8|lt|1,6465c08185f626e6500faef8,lt,1,12.0,8,0,No clear justification,0.5819503116121993,0.10754624123941138,0.23923165281746236,0.07127179433092681
HP3451,60b2a61a5f5fc41e13e6ed15|lt|1,60b2a61a5f5fc41e13e6ed15,lt,1,12.0,8,0,No clear justification,0.3704373951369266,0.08586062210242441,0.3863875551416043,0.1573144276190446
HP3452,629e11c0d89e0c18f21e687a|lt|1,629e11c0d89e0c18f21e687a,lt,1,12.0,8,1,Moral,0.49378300514063844,0.2319757388137376,0.09138136996349587,0.1828598860821282
HP3453,66ea245a0dcc3d4695c49d9a|lt|1,66ea245a0dcc3d4695c49d9a,lt,1,8.0,8,2,Mutual Benefit / Cooperation,0.4937830051406384,0.2319757388137377,0.09138136996349587,0.18285988608212814
HP3454,5f68c02bfe85b202e0f00cc7|lt|1,5f68c02bfe85b202e0f00cc7,lt,1,10.0,8,0,No clear justification,0.596214874569979,0.11122225398625035,0.10112207505492744,0.19144079638884323
HP3455,613b94b83b5cb4c72904f8b3|lt|1,613b94b83b5cb4c72904f8b3,lt,1,6.0,8,0,No clear justification,0.3591139505472226,0.20147073210470184,0.38650599564577676,0.05290932170229874
HP3456,65f0e572d1ca00e646860bff|lt|1,65f0e572d1ca00e646860bff,lt,1,12.0,8,0,No clear justification,0.3732161530582222,0.38219935066669497,0.07758739776952454,0.16699709850555822
HP3457,69156cb681f0e747e992b388|lt|1,69156cb681f0e747e992b388,lt,1,7.0,8,3,Self-interest,0.29400522754774105,0.1911164874781978,0.36828178574801,0.14659649922605128
HP3458,66463e10a23c0e7c4e43bce7|lt|1,66463e10a23c0e7c4e43bce7,lt,1,12.0,8,0,No clear justification,0.6940045489521988,0.11754937266866512,0.10921922705014962,0.07922685132898641
HP3459,691dcf9bf03c4a71c02b9344|lt|1,691dcf9bf03c4a71c02b9344,lt,1,12.0,8,0,No clear justification,0.49386172651235877,0.10087246223452988,0.22710708441136024,0.17815872684175113
HP3460,641868f023b03518217272df|lt|1,641868f023b03518217272df,lt,1,11.0,8,0,No clear justification,0.49386172651235877,0.10087246223452988,0.22710708441136024,0.17815872684175113
HP3461,66ede5bbe36caed7269bd7e2|lt|1,66ede5bbe36caed7269bd7e2,lt,1,8.0,8,2,Mutual Benefit / Cooperation,0.3704373951369266,0.0858606221024243,0.3863875551416047,0.1573144276190444
HP3462,6008bb26b4bbfe568fa29d80|lt|1,6008bb26b4bbfe568fa29d80,lt,1,5.0,8,0,No clear justification,0.4833844174104157,0.22556362303828284,0.2263291986049586,0.06472276094634286
HP3463,5e87b4d3e28032100ce68eec|lt|1,5e87b4d3e28032100ce68eec,lt,1,12.0,8,2,Mutual Benefit / Cooperation,0.26680933870603946,0.07462282805271929,0.1807869834676918,0.4777808497735494
HP3464,5a8b1ee2000dab00018cc7cd|lt|1,5a8b1ee2000dab00018cc7cd,lt,1,12.0,8,0,No clear justification,0.3732161530582222,0.38219935066669497,0.07758739776952454,0.16699709850555822
HP3465,63f9c81dc81ca7c373e0a7c0|lt|1,63f9c81dc81ca7c373e0a7c0,lt,1,10.5,8,0,No clear justification,0.445481771552643,0.09302150973835152,0.40158162733314484,0.05991509137586069
HP3466,6297d4ad03a1830f21d22cb1|lt|1,6297d4ad03a1830f21d22cb1,lt,1,8.0,8,0,No clear justification,0.34079423346708093,0.08607193179511229,0.07359275936122732,0.4995410753765795
HP3467,65f21f8caad4fa6eb9cb0c3e|lt|1,65f21f8caad4fa6eb9cb0c3e,lt,1,12.0,8,0,No clear justification,0.596214874569979,0.11122225398625035,0.10112207505492744,0.19144079638884323
HP3468,5d29d6bd30fa6f0015cd4a75|lt|1,5d29d6bd30fa6f0015cd4a75,lt,1,10.0,8,0,No clear justification,0.6940045489521988,0.11754937266866512,0.10921922705014962,0.07922685132898641
HP3469,671ba65a14a83896384598a0|lt|1,671ba65a14a83896384598a0,lt,1,10.0,8,0,No clear justification,0.6940045489521988,0.11754937266866512,0.10921922705014962,0.07922685132898641
HP3470,663a5db9ced6c4bf9bd77d3e|lt|1,663a5db9ced6c4bf9bd77d3e,lt,1,12.0,8,0,No clear justification,0.37851309885446105,0.2164260196675249,0.07836847265566554,0.3266924088223485
HP3471,5e999e7c295393016b7c2577|lt|1,5e999e7c295393016b7c2577,lt,1,12.0,8,3,Self-interest,0.445481771552643,0.09302150973835152,0.40158162733314484,0.05991509137586069
HP3472,66978d4442338018ab249fe6|lt|1,66978d4442338018ab249fe6,lt,1,6.0,8,2,Mutual Benefit / Cooperation,0.2155098589273686,0.06642105402249793,0.05472740758752747,0.663341679462606
HP3473,56504ecf1b3cda000f544e92|lt|1,56504ecf1b3cda000f544e92,lt,1,9.0,8,0,No clear justification,0.5819503116121993,0.10754624123941138,0.23923165281746236,0.07127179433092681
HP3474,66e1961788c0c89fa75ecb42|lt|1,66e1961788c0c89fa75ecb42,lt,1,10.0,8,3,Self-interest,0.1790801042240908,0.05349720063651717,0.7367047434938234,0.030717951645568706
HP3475,6448f68c3ba5a3f969d1e90d|lt|1,6448f68c3ba5a3f969d1e90d,lt,1,10.0,8,0,No clear justification,0.4027750899601009,0.2161200674252089,0.2122653748624012,0.1688394677522889
HP3476,5c0ea3b7481b47000182320a|lt|1,5c0ea3b7481b47000182320a,lt,1,12.0,8,0,No clear justification,0.5819503116121993,0.10754624123941138,0.23923165281746236,0.07127179433092681
HP3477,66a608dc0a4f33f35327e273|lt|1,66a608dc0a4f33f35327e273,lt,1,9.0,8,2,Mutual Benefit / Cooperation,0.38251514237883166,0.08997094272601204,0.20779747320570535,0.3197164416894509
HP3478,6632687cb045de5ac33ceea3|lt|1,6632687cb045de5ac33ceea3,lt,1,8.0,8,1,Moral,0.24347706246768175,0.5415237459274103,0.17385671916751688,0.04114247243739104
HP3479,634d72a4b1dc5f197ac4b8c6|lt|1,634d72a4b1dc5f197ac4b8c6,lt,1,8.0,8,0,No clear justification,0.3049405142758246,0.07463883014592379,0.5744671060598553,0.04595354951839637
HP3480,6150a7aff22eb4723de2341a|lt|1,6150a7aff22eb4723de2341a,lt,1,12.0,8,0,No clear justification,0.6940045489521988,0.11754937266866512,0.10921922705014962,0.07922685132898641
HP3481,663554ada85eb670f3c6262c|lt|1,663554ada85eb670f3c6262c,lt,1,6.0,8,0,No clear justification,0.4454817715526431,0.09302150973835156,0.4015816273331447,0.05991509137586069
HP3482,6720378a683a5d8a933493fb|lt|1,6720378a683a5d8a933493fb,lt,1,8.0,8,0,No clear justification,0.37851309885446105,0.2164260196675249,0.07836847265566554,0.3266924088223485
HP3483,5bb9807fe04fca0001436211|lt|1,5bb9807fe04fca0001436211,lt,1,6.0,8,2,Mutual Benefit / Cooperation,0.2971063595507662,0.36185436143156424,0.18910821745089776,0.1519310615667717
HP3484,662f93c33fe9ba41a6319363|lt|1,662f93c33fe9ba41a6319363,lt,1,10.0,8,0,No clear justification,0.6940045489521988,0.11754937266866512,0.10921922705014962,0.07922685132898641
HP3485,5f7cca7022f65316cfa16574|lt|1,5f7cca7022f65316cfa16574,lt,1,12.0,8,1,Moral,0.3591139505472226,0.20147073210470184,0.38650599564577676,0.05290932170229874
HP3486,5d0109187c9f320015f4af37|lt|1,5d0109187c9f320015f4af37,lt,1,10.0,8,0,No clear justification,0.5819503116121993,0.10754624123941138,0.23923165281746236,0.07127179433092681
HP3487,663ae3f35b81791c40865be5|lt|1,663ae3f35b81791c40865be5,lt,1,10.0,8,0,No clear justification,0.6940045489521988,0.11754937266866512,0.10921922705014962,0.07922685132898641
HP3488,5e9717fa30881a0645f99bb0|lt|1,5e9717fa30881a0645f99bb0,lt,1,10.0,8,3,Self-interest,0.24681174419054105,0.06717089299167137,0.5566042516383953,0.12941311117939228
HP3489,60579bed377c47163f70931a|lt|1,60579bed377c47163f70931a,lt,1,9.5,8,0,No clear justification,0.49386172651235877,0.10087246223452988,0.2271070844113603,0.17815872684175113
HP3490,5dea96a5770a431bbed1efb2|lt|1,5dea96a5770a431bbed1efb2,lt,1,6.0,8,1,Moral,0.18496356142406192,0.7330438276338292,0.04871829904354863,0.03327431189856008
HP3491,66a5710d1ae7a2b50c5e8218|lt|1,66a5710d1ae7a2b50c5e8218,lt,1,12.0,8,0,No clear justification,0.4937830051406384,0.23197573881373765,0.09138136996349587,0.1828598860821282
HP3492,6609a32585722d1e798dcf51|lt|1,6609a32585722d1e798dcf51,lt,1,10.0,8,0,No clear justification,0.596214874569979,0.11122225398625035,0.10112207505492744,0.19144079638884323
HP3493,66b2043f65c48323e4769a1b|lt|1,66b2043f65c48323e4769a1b,lt,1,12.0,8,0,No clear justification,0.5819503116121993,0.10754624123941138,0.23923165281746236,0.07127179433092681
HP3494,676469d83816f597b2652c91|lt|1,676469d83816f597b2652c91,lt,1,12.0,8,0,No clear justification,0.5859346184313778,0.24080053772811288,0.10028647162106935,0.07297837221943997
HP3495,5dab79a5525a7600139cd31e|lt|1,5dab79a5525a7600139cd31e,lt,1,3.0,8,0,No clear justification,0.5859346184313778,0.24080053772811275,0.10028647162106935,0.07297837221943997
HP3496,62fb93ed161d9d75987ec48e|lt|1,62fb93ed161d9d75987ec48e,lt,1,12.0,8,0,No clear justification,0.596214874569979,0.11122225398625035,0.10112207505492744,0.19144079638884323
HP3497,5ea98852cb0af2098caf14a4|lt|1,5ea98852cb0af2098caf14a4,lt,1,12.0,8,3,Self-interest,0.37043739513692675,0.08586062210242426,0.3863875551416041,0.15731442761904496
HP3498,60abdfdf021799f116d9707e|lt|1,60abdfdf021799f116d9707e,lt,1,10.0,8,3,Self-interest,0.3825151423788311,0.08997094272601243,0.20779747320570527,0.31971644168945107
HP3499,5e299d8c2e9dc4000be0fde0|lt|1,5e299d8c2e9dc4000be0fde0,lt,1,8.0,8,2,Mutual Benefit / Cooperation,0.3825151423788316,0.089970942726012,0.20779747320570527,0.31971644168945124
HP3500,633dbb46887d82536a9ee265|lt|1,633dbb46887d82536a9ee265,lt,1,12.0,8,0,No clear justification,0.5819503116121993,0.10754624123941138,0.23923165281746236,0.07127179433092681
HP3501,5decc61a488cde39be161a91|lt|1,5decc61a488cde39be161a91,lt,1,8.5,8,0,No clear justification,0.6940045489521988,0.11754937266866512,0.10921922705014962,0.07922685132898641
HP3502,672ede539bd39a8deecc501d|lt|1,672ede539bd39a8deecc501d,lt,1,9.0,8,0,No clear justification,0.38251514237883166,0.08997094272601204,0.20779747320570535,0.3197164416894509
HP3503,5d163efd53b9bb0017117638|lt|1,5d163efd53b9bb0017117638,lt,1,10.0,8,0,No clear justification,0.6940045489521988,0.11754937266866512,0.10921922705014962,0.07922685132898641
HP3504,62861bcc5f0edf6340c914df|lt|1,62861bcc5f0edf6340c914df,lt,1,6.0,8,2,Mutual Benefit / Cooperation,0.2971063595507662,0.36185436143156424,0.18910821745089776,0.1519310615667717
HP3505,5f4a835e9e84256238129995|lt|1,5f4a835e9e84256238129995,lt,1,12.0,8,2,Mutual Benefit / Cooperation,0.27582898958568286,0.07421365539071285,0.3603218717333315,0.2896354832902728
HP3506,642ef01a04c9f327767cde23|lt|1,642ef01a04c9f327767cde23,lt,1,10.0,8,0,No clear justification,0.445481771552643,0.09302150973835152,0.40158162733314484,0.05991509137586069
HP3507,55d06fd334e9060012e5781c|lt|1,55d06fd334e9060012e5781c,lt,1,12.0,8,3,Self-interest,0.1790801042240908,0.05349720063651717,0.7367047434938234,0.030717951645568706
HP3508,6736485fd762ccba28f44a81|lt|1,6736485fd762ccba28f44a81,lt,1,12.0,8,0,No clear justification,0.6940045489521988,0.11754937266866512,0.10921922705014962,0.07922685132898641
HP3509,5fa3dc44bc91850202c76749|lt|1,5fa3dc44bc91850202c76749,lt,1,10.5,8,1,Moral,0.3020638084521498,0.19947630610687994,0.1902569313110011,0.3082029541299692
HP3510,63eda5a4a87d8bd73853fa8e|lt|1,63eda5a4a87d8bd73853fa8e,lt,1,10.0,8,2,Mutual Benefit / Cooperation,0.4938617265123584,0.10087246223453014,0.22710708441136024,0.1781587268417512
HP3511,5f763e6e7632050c3712feac|lt|1,5f763e6e7632050c3712feac,lt,1,8.0,8,1,Moral,0.24347706246768164,0.5415237459274106,0.1738567191675168,0.04114247243739104
HP3512,62aa4aba6960dfb1b61f7583|lt|1,62aa4aba6960dfb1b61f7583,lt,1,12.0,8,3,Self-interest,0.3049405142758247,0.07463883014592379,0.5744671060598552,0.045953549518396426
HP3513,5fd3092b225c4e13301ac0ee|lt|1,5fd3092b225c4e13301ac0ee,lt,1,6.0,8,1,Moral,0.18496356142406192,0.7330438276338292,0.04871829904354863,0.03327431189856008
HP3514,628bdbc77a9dddcd7f4ed538|lt|1,628bdbc77a9dddcd7f4ed538,lt,1,12.0,8,2,Mutual Benefit / Cooperation,0.2155098589273686,0.06642105402249793,0.05472740758752747,0.663341679462606
HP3515,63225dd98b2a68d9be44f266|lt|1,63225dd98b2a68d9be44f266,lt,1,8.0,8,0,No clear justification,0.38251514237883166,0.08997094272601204,0.20779747320570535,0.3197164416894509
HP3516,659564aceb34fc083308364d|lt|1,659564aceb34fc083308364d,lt,1,9.0,8,0,No clear justification,0.6940045489521988,0.11754937266866512,0.10921922705014962,0.07922685132898641
HP3517,664493c2f8a40a43beacc839|lt|1,664493c2f8a40a43beacc839,lt,1,6.5,8,0,No clear justification,0.6940045489521988,0.11754937266866512,0.10921922705014962,0.07922685132898641
HP3518,63ea8aff233fcaa71a940e32|lt|1,63ea8aff233fcaa71a940e32,lt,1,7.0,8,2,Mutual Benefit / Cooperation,0.38251514237883166,0.08997094272601204,0.20779747320570535,0.3197164416894509
HP3519,631123376033bb148edc0ebb|lt|1,631123376033bb148edc0ebb,lt,1,9.0,8,0,No clear justification,0.3049405142758246,0.07463883014592379,0.5744671060598553,0.04595354951839637
HP3520,65a2ed2dd066aa3cf8568a21|lt|1,65a2ed2dd066aa3cf8568a21,lt,1,12.0,8,0,No clear justification,0.5962148745699787,0.1112222539862503,0.10112207505492767,0.1914407963888434
HP3521,667e6da95ae0a25f225ae6e6|lt|1,667e6da95ae0a25f225ae6e6,lt,1,12.0,8,1,Moral,0.2940052275477412,0.19111648747819796,0.3682817857480093,0.14659649922605142
HP3522,6619cb1e30cb95691a6dd425|lt|1,6619cb1e30cb95691a6dd425,lt,1,8.0,8,1,Moral,0.25102886359417653,0.5466106239578669,0.0602272582521438,0.14213325419581266
HP3523,6446b4a6eb2ba64c1505307d|lt|1,6446b4a6eb2ba64c1505307d,lt,1,7.5,8,0,No clear justification,0.49386172651235877,0.10087246223452988,0.2271070844113603,0.17815872684175113
HP3524,60f32446bc4e09f52b37a56d|lt|1,60f32446bc4e09f52b37a56d,lt,1,8.0,8,1,Moral,0.36525365806490995,0.37509621226539247,0.20504541343273958,0.054604716236958145
HP3525,60fd8570f92207ceba5fe86e|lt|1,60fd8570f92207ceba5fe86e,lt,1,10.0,8,0,No clear justification,0.5819503116121993,0.10754624123941138,0.23923165281746236,0.07127179433092681
HP3526,66bb7d98f671be44c2871236|lt|1,66bb7d98f671be44c2871236,lt,1,10.0,8,0,No clear justification,0.38251514237883166,0.08997094272601204,0.20779747320570535,0.3197164416894509
HP3527,5c8b65c3e65fc600177b4a1a|lt|1,5c8b65c3e65fc600177b4a1a,lt,1,10.0,8,0,No clear justification,0.3704373951369266,0.08586062210242441,0.3863875551416043,0.1573144276190446
HP3528,60cf6ac511be7d68ef982d47|lt|1,60cf6ac511be7d68ef982d47,lt,1,10.5,8,0,No clear justification,0.47256161750920256,0.10089421297209031,0.08915914521117696,0.3373850243075302
HP3529,5dd06140c6588f1477daab8b|lt|1,5dd06140c6588f1477daab8b,lt,1,10.0,8,0,No clear justification,0.38251514237883116,0.08997094272601247,0.20779747320570519,0.31971644168945124
HP3530,5883d68d300c0b000113db56|lt|1,5883d68d300c0b000113db56,lt,1,5.0,8,0,No clear justification,0.596214874569979,0.11122225398625035,0.10112207505492744,0.19144079638884323
HP3531,68c92222ed786d8ff06e7eb8|lt|1,68c92222ed786d8ff06e7eb8,lt,1,8.0,8,0,No clear justification,0.5819503116121993,0.10754624123941138,0.23923165281746236,0.07127179433092681
HP3532,6005fd9c8bbd67931607e518|lt|1,6005fd9c8bbd67931607e518,lt,1,4.0,8,0,No clear justification,0.5859346184313778,0.24080053772811288,0.10028647162106935,0.07297837221943997
HP3533,6337875a4d0587706d8f2543|lt|1,6337875a4d0587706d8f2543,lt,1,12.0,8,0,No clear justification,0.40277508996010103,0.2161200674252088,0.21226537486240116,0.1688394677522889
HP3534,58eb2509a0fa07000146e231|lt|1,58eb2509a0fa07000146e231,lt,1,10.0,8,0,No clear justification,0.47256161750920256,0.10089421297209031,0.08915914521117696,0.3373850243075302
HP3535,6712fe1173dfa2bfa2d6294b|lt|1,6712fe1173dfa2bfa2d6294b,lt,1,5.0,8,3,Self-interest,0.4833844174104158,0.2255636230382827,0.22632919860495856,0.06472276094634286
HP3536,67a354e4a190bfc467c9b5c1|lt|1,67a354e4a190bfc467c9b5c1,lt,1,9.0,8,0,No clear justification,0.5859346184313778,0.24080053772811288,0.10028647162106935,0.07297837221943997
HP3537,6003ef9269c7814f0ca7b46a|lt|1,6003ef9269c7814f0ca7b46a,lt,1,11.0,8,0,No clear justification,0.4937830051406385,0.23197573881373765,0.09138136996349591,0.18285988608212797
HP3538,6578ce2ea5495aafe33b815c|lt|1,6578ce2ea5495aafe33b815c,lt,1,12.0,8,0,No clear justification,0.47256161750920256,0.10089421297209031,0.08915914521117696,0.3373850243075302
HP3539,565e0169998e44000a4bdab1|lt|1,565e0169998e44000a4bdab1,lt,1,10.0,8,0,No clear justification,0.49386172651235877,0.10087246223452988,0.2271070844113603,0.17815872684175113
HP3540,5ca8eaf9bd0f9e0001c7d7fa|lt|1,5ca8eaf9bd0f9e0001c7d7fa,lt,1,9.0,8,2,Mutual Benefit / Cooperation,0.26680933870603946,0.07462282805271929,0.1807869834676918,0.4777808497735494
HP3541,6774738db19b119861c727c9|lt|1,6774738db19b119861c727c9,lt,1,6.0,8,0,No clear justification,0.3591139505472224,0.20147073210470173,0.38650599564577726,0.052909321702298694
HP3542,60fc7610b3fa521881e8f9f8|lt|1,60fc7610b3fa521881e8f9f8,lt,1,10.0,8,0,No clear justification,0.5819503116121993,0.10754624123941138,0.23923165281746236,0.07127179433092681
HP3543,676ed8014625d5ebd417b5f2|lt|1,676ed8014625d5ebd417b5f2,lt,1,10.0,8,0,No clear justification,0.37851309885446105,0.2164260196675249,0.07836847265566554,0.3266924088223485
HP3544,66bebe02e300bb97421dc376|lt|1,66bebe02e300bb97421dc376,lt,1,9.0,8,1,Moral,0.258257293432254,0.3409707239137779,0.35826539296266585,0.04250658969130234
HP3545,5f650058c1e0bf000976f01f|lt|1,5f650058c1e0bf000976f01f,lt,1,10.5,8,1,Moral,0.585934618431378,0.24080053772811275,0.10028647162106927,0.07297837221944
HP3546,64413c375a0ded04a4e99a3f|lt|1,64413c375a0ded04a4e99a3f,lt,1,11.0,8,0,No clear justification,0.5819503116121993,0.10754624123941138,0.23923165281746236,0.07127179433092681
HP3547,5cc09f7c742632001a7a6e88|lt|1,5cc09f7c742632001a7a6e88,lt,1,5.5,8,0,No clear justification,0.6940045489521988,0.11754937266866512,0.10921922705014962,0.07922685132898641
HP3548,5f81b5dddf03dd0754915ca6|lt|1,5f81b5dddf03dd0754915ca6,lt,1,10.0,8,1,Moral,0.2510288635941763,0.5466106239578669,0.060227258252143846,0.1421332541958128
HP3549,5d869111a231d2001993a4cb|lt|1,5d869111a231d2001993a4cb,lt,1,12.0,8,0,No clear justification,0.6940045489521988,0.11754937266866512,0.10921922705014962,0.07922685132898641
HP3550,5e589bf82e08c90a78a29bbe|lt|1,5e589bf82e08c90a78a29bbe,lt,1,10.0,8,0,No clear justification,0.37043739513692686,0.0858606221024245,0.3863875551416043,0.15731442761904446
HP3551,5c36701dbef9a20001e36b89|lt|1,5c36701dbef9a20001e36b89,lt,1,9.5,8,1,Moral,0.4833844174104157,0.22556362303828278,0.22632919860495865,0.06472276094634286
HP3552,54f4e2d1fdf99b4e913fdf01|lt|1,54f4e2d1fdf99b4e913fdf01,lt,1,12.0,8,3,Self-interest,0.1790801042240908,0.05349720063651717,0.7367047434938234,0.030717951645568706
HP3553,5fba520e6c3b2e9c74d36273|lt|1,5fba520e6c3b2e9c74d36273,lt,1,12.0,8,3,Self-interest,0.23476099173141213,0.16886376398274525,0.5576795667653784,0.03869567752046419
HP3554,67a929fca6f522114c6bdec7|lt|1,67a929fca6f522114c6bdec7,lt,1,10.0,8,1,Moral,0.49378300514063844,0.2319757388137377,0.09138136996349587,0.18285988608212797
HP3555,5b06efd1732c5d000154de23|lt|1,5b06efd1732c5d000154de23,lt,1,12.0,8,0,No clear justification,0.3049405142758246,0.07463883014592379,0.5744671060598553,0.04595354951839637
HP3556,6522fa3ac0163b9e739d097d|lt|1,6522fa3ac0163b9e739d097d,lt,1,6.0,8,0,No clear justification,0.6940045489521988,0.11754937266866512,0.10921922705014962,0.07922685132898641
HP3557,66edc72a30ec9b38153f1b50|lt|1,66edc72a30ec9b38153f1b50,lt,1,9.0,8,1,Moral,0.18496356142406192,0.7330438276338292,0.04871829904354863,0.03327431189856008
HP3558,60e7044ddc2523fab6cbc0cd|lt|1,60e7044ddc2523fab6cbc0cd,lt,1,9.5,8,0,No clear justification,0.6940045489521988,0.11754937266866512,0.10921922705014962,0.07922685132898641
HP3559,66b61fbd217f905382984b89|lt|1,66b61fbd217f905382984b89,lt,1,12.0,8,1,Moral,0.2510288635941763,0.5466106239578669,0.060227258252143825,0.14213325419581282
HP3560,603307b722a1fb3938b8d740|lt|1,603307b722a1fb3938b8d740,lt,1,12.0,8,0,No clear justification,0.5819503116121993,0.10754624123941138,0.23923165281746236,0.07127179433092681
HP3561,650c409b6112d165091bb2cc|lt|1,650c409b6112d165091bb2cc,lt,1,12.0,8,0,No clear justification,0.596214874569979,0.11122225398625035,0.10112207505492744,0.19144079638884323
HP3562,67047fbe4a73fb7c0e482271|lt|1,67047fbe4a73fb7c0e482271,lt,1,10.0,8,0,No clear justification,0.6940045489521988,0.11754937266866512,0.10921922705014962,0.07922685132898641
HP3563,60a6b2ed58d0aaed52f1dcf4|lt|1,60a6b2ed58d0aaed52f1dcf4,lt,1,12.0,8,1,Moral,0.45492699836415473,0.39474962625002236,0.08716173299171857,0.06316164239410436
HP3564,66129913cfb0d4d6869dffd8|lt|1,66129913cfb0d4d6869dffd8,lt,1,10.0,8,1,Moral,0.31559934545352925,0.5649809617037711,0.06977544623050044,0.049644246612199155
HP3565,64f386a35e66f7ad22b38ccf|lt|1,64f386a35e66f7ad22b38ccf,lt,1,10.0,8,0,No clear justification,0.3049405142758246,0.07463883014592379,0.5744671060598553,0.04595354951839637
HP3566,652fbe161a35986b7fbfc940|lt|1,652fbe161a35986b7fbfc940,lt,1,10.0,8,0,No clear justification,0.36525365806490995,0.37509621226539247,0.20504541343273952,0.054604716236958145
HP3567,5af8641de19f8c00019e7235|lt|1,5af8641de19f8c00019e7235,lt,1,10.0,8,0,No clear justification,0.6940045489521988,0.11754937266866512,0.10921922705014962,0.07922685132898641
HP3568,6318aed60b7ae5e0c899d3ee|lt|1,6318aed60b7ae5e0c899d3ee,lt,1,10.0,8,2,Mutual Benefit / Cooperation,0.27582898958568286,0.07421365539071285,0.3603218717333315,0.2896354832902728
HP3569,677edcc906221d9231bd83d7|lt|1,677edcc906221d9231bd83d7,lt,1,6.0,8,3,Self-interest,0.5819503116121993,0.10754624123941138,0.23923165281746236,0.07127179433092681
HP3570,664647d420183b9017337dfa|lt|1,664647d420183b9017337dfa,lt,1,8.0,8,3,Self-interest,0.2668093387060393,0.07462282805271936,0.18078698346769181,0.4777808497735494
HP3571,66e9d794bd67a9a02ca66a8f|lt|1,66e9d794bd67a9a02ca66a8f,lt,1,10.0,8,0,No clear justification,0.585934618431378,0.24080053772811275,0.10028647162106927,0.07297837221944
HP3572,67380a0419c95d7829fc2144|lt|1,67380a0419c95d7829fc2144,lt,1,11.0,8,2,Mutual Benefit / Cooperation,0.37851309885446105,0.2164260196675249,0.07836847265566554,0.3266924088223485
HP3573,62b2510090c080a481c2c8ef|lt|1,62b2510090c080a481c2c8ef,lt,1,10.0,8,0,No clear justification,0.4833844174104158,0.22556362303828265,0.2263291986049586,0.06472276094634286
HP3574,6313025a14dc3855afaf69d2|lt|1,6313025a14dc3855afaf69d2,lt,1,8.5,8,0,No clear justification,0.5819503116121993,0.10754624123941138,0.23923165281746236,0.07127179433092681
HP3575,614b44224f28be10f5b5d4ed|lt|1,614b44224f28be10f5b5d4ed,lt,1,10.0,8,0,No clear justification,0.38251514237883166,0.08997094272601204,0.20779747320570535,0.3197164416894509
HP3576,5d9b5e2d8465bf02e1190626|lt|1,5d9b5e2d8465bf02e1190626,lt,1,0.0,8,0,No clear justification,0.6940045489521988,0.11754937266866512,0.10921922705014962,0.07922685132898641
HP3577,65739900e4594000e0c7a2dc|lt|1,65739900e4594000e0c7a2dc,lt,1,9.0,8,0,No clear justification,0.3155993454535298,0.56498096170377,0.06977544623050079,0.049644246612199246
HP3578,5dce56cf1480fb0dfc4bfd2f|lt|1,5dce56cf1480fb0dfc4bfd2f,lt,1,6.5,8,0,No clear justification,0.34079423346708093,0.08607193179511229,0.07359275936122732,0.4995410753765795
HP3579,629b3553f9621f7c65de7f5a|lt|1,629b3553f9621f7c65de7f5a,lt,1,8.5,8,0,No clear justification,0.49386172651235877,0.10087246223452988,0.2271070844113603,0.17815872684175113
HP3580,6671e7169998ec67e708d8b7|lt|1,6671e7169998ec67e708d8b7,lt,1,10.0,8,0,No clear justification,0.6940045489521988,0.11754937266866512,0.10921922705014962,0.07922685132898641
HP3581,671877457b87685e1d42f63c|lt|1,671877457b87685e1d42f63c,lt,1,8.0,8,0,No clear justification,0.4937830051406385,0.2319757388137377,0.09138136996349591,0.18285988608212797
HP3582,6320a1395b4e05325c746101|lt|1,6320a1395b4e05325c746101,lt,1,10.0,8,3,Self-interest,0.445481771552643,0.09302150973835152,0.40158162733314484,0.05991509137586069
HP3583,63cfefc43323e05d2a6f554b|lt|1,63cfefc43323e05d2a6f554b,lt,1,9.0,8,3,Self-interest,0.30494051427582514,0.07463883014592393,0.5744671060598543,0.04595354951839647
HP3584,67aa74d967279f04eeb4b708|lt|1,67aa74d967279f04eeb4b708,lt,1,9.0,8,1,Moral,0.585934618431378,0.24080053772811275,0.10028647162106927,0.07297837221944
HP3585,66a424e1e9201c36707e1ff4|lt|1,66a424e1e9201c36707e1ff4,lt,1,8.0,8,1,Moral,0.27197917076622197,0.35942976149639577,0.06367089434199026,0.304920173395392
HP3586,62a33935e9d8352a774c285b|lt|1,62a33935e9d8352a774c285b,lt,1,10.0,8,2,Mutual Benefit / Cooperation,0.3407942334670816,0.08607193179511236,0.07359275936122742,0.4995410753765786
HP3587,5bf08e67d63d690001360a79|lt|1,5bf08e67d63d690001360a79,lt,1,12.0,8,0,No clear justification,0.3591139505472226,0.20147073210470184,0.38650599564577676,0.05290932170229874
HP3588,5e4fee53478084033f395903|lt|1,5e4fee53478084033f395903,lt,1,12.0,8,3,Self-interest,0.3049405142758247,0.07463883014592379,0.5744671060598552,0.045953549518396426
HP3589,5f0c8cfb134b8f1010cba857|lt|1,5f0c8cfb134b8f1010cba857,lt,1,11.0,8,0,No clear justification,0.40277508996010103,0.21612006742520887,0.2122653748624012,0.1688394677522888
HP3590,667da6ac378a8883e9c20227|lt|1,667da6ac378a8883e9c20227,lt,1,10.0,8,0,No clear justification,0.5859346184313778,0.24080053772811288,0.10028647162106935,0.07297837221943997
HP3591,5b6ee328bbc37000016a2e5c|lt|1,5b6ee328bbc37000016a2e5c,lt,1,10.5,8,1,Moral,0.45492699836415473,0.39474962625002236,0.08716173299171857,0.06316164239410436
HP3592,678d933aeecfeb40cd30b3a9|lt|1,678d933aeecfeb40cd30b3a9,lt,1,0.0,8,0,No clear justification,0.5962148745699787,0.1112222539862503,0.10112207505492767,0.1914407963888434
HP3593,6234b0c299240379091680f4|lt|1,6234b0c299240379091680f4,lt,1,9.5,8,1,Moral,0.49378300514063844,0.2319757388137377,0.09138136996349587,0.18285988608212797
HP3594,59e6585c2f63d30001c8f9b2|lt|1,59e6585c2f63d30001c8f9b2,lt,1,12.0,8,0,No clear justification,0.596214874569979,0.11122225398625035,0.10112207505492744,0.19144079638884323
HP3595,62ed040473cc253bdb75b3bf|lt|1,62ed040473cc253bdb75b3bf,lt,1,8.5,8,1,Moral,0.24347706246768175,0.5415237459274103,0.17385671916751688,0.04114247243739104
HP3596,5bc913d99427200001dd47f5|lt|1,5bc913d99427200001dd47f5,lt,1,9.5,8,0,No clear justification,0.5819503116121993,0.10754624123941138,0.23923165281746236,0.07127179433092681
HP3597,5a4ff22bacc75b000179b0e9|lt|1,5a4ff22bacc75b000179b0e9,lt,1,7.0,8,0,No clear justification,0.4937830051406385,0.2319757388137377,0.09138136996349591,0.18285988608212797
HP3598,6312d110fc7b2e75f0e609a7|lt|1,6312d110fc7b2e75f0e609a7,lt,1,12.0,8,1,Moral,0.3785130988544607,0.2164260196675249,0.07836847265566547,0.32669240882234885
HP3599,613713a660ee306c2817c891|lt|1,613713a660ee306c2817c891,lt,1,8.0,8,2,Mutual Benefit / Cooperation,0.40277508996010103,0.2161200674252088,0.2122653748624013,0.1688394677522889
HP3600,5dd61f689740545c506ee244|lt|1,5dd61f689740545c506ee244,lt,1,12.0,8,0,No clear justification,0.6940045489521988,0.11754937266866512,0.10921922705014962,0.07922685132898641
HP3601,5dbecb5e30c4d737494efe10|kw|1,5dbecb5e30c4d737494efe10,kw,1,10.5,8,2,Mutual Benefit / Cooperation,0.3704373951369268,0.08586062210242446,0.3863875551416043,0.15731442761904446
HP3602,5b52fb6cb3c9400001f23bb5|kw|1,5b52fb6cb3c9400001f23bb5,kw,1,10.0,8,2,Mutual Benefit / Cooperation,0.26078103989636886,0.19269754747830103,0.06207798094491785,0.4844434316804121
HP3603,5dc08036fd08d4033964f469|kw|1,5dc08036fd08d4033964f469,kw,1,10.0,8,3,Self-interest,0.445481771552643,0.09302150973835152,0.40158162733314484,0.05991509137586069
HP3604,66ef7a5b05edfd0f5bed68a6|kw|1,66ef7a5b05edfd0f5bed68a6,kw,1,12.0,8,0,No clear justification,0.6940045489521988,0.11754937266866512,0.10921922705014962,0.07922685132898641
HP3605,6698dc932afda97ccd9733be|kw|1,6698dc932afda97ccd9733be,kw,1,3.0,8,0,No clear justification,0.5859346184313778,0.24080053772811288,0.10028647162106935,0.07297837221943997
HP3606,5eff51c5bfbd094cb6252800|kw|1,5eff51c5bfbd094cb6252800,kw,1,4.5,8,0,No clear justification,0.6940045489521988,0.11754937266866512,0.10921922705014962,0.07922685132898641
HP3607,63e640530716cada35c239ea|kw|1,63e640530716cada35c239ea,kw,1,12.0,8,0,No clear justification,0.6940045489521988,0.11754937266866512,0.10921922705014962,0.07922685132898641
HP3608,5ce65c39baebc8001939a3ab|kw|1,5ce65c39baebc8001939a3ab,kw,1,8.0,8,1,Moral,0.585934618431378,0.24080053772811275,0.10028647162106927,0.07297837221944
HP3609,5c94d745f6a32b0015d323e8|kw|1,5c94d745f6a32b0015d323e8,kw,1,11.0,8,2,Mutual Benefit / Cooperation,0.3407942334670816,0.08607193179511236,0.07359275936122742,0.4995410753765786
HP3610,63468a615fe324360bedf63e|kw|1,63468a615fe324360bedf63e,kw,1,10.0,8,1,Moral,0.45492699836415473,0.39474962625002236,0.08716173299171857,0.06316164239410436
HP3611,62f6e81d42e7c4dea045f2fc|kw|1,62f6e81d42e7c4dea045f2fc,kw,1,12.0,8,0,No clear justification,0.6940045489521988,0.11754937266866512,0.10921922705014962,0.07922685132898641
HP3612,5f67d9a6db770f425d64de58|kw|1,5f67d9a6db770f425d64de58,kw,1,8.0,8,0,No clear justification,0.6940045489521988,0.11754937266866512,0.10921922705014962,0.07922685132898641
HP3613,5d04c56a0b54cc0001dad608|kw|1,5d04c56a0b54cc0001dad608,kw,1,0.0,8,0,No clear justification,0.6940045489521988,0.11754937266866512,0.10921922705014962,0.07922685132898641
HP3614,60c98cf01628dcd21551605b|kw|1,60c98cf01628dcd21551605b,kw,1,10.0,8,0,No clear justification,0.6940045489521988,0.11754937266866512,0.10921922705014962,0.07922685132898641
HP3615,5fba54733359979ab9a16056|kw|1,5fba54733359979ab9a16056,kw,1,12.0,8,3,Self-interest,0.23476099173141213,0.16886376398274525,0.5576795667653784,0.03869567752046419
HP3616,67ddd4f85ab870ffd90cc888|kw|1,67ddd4f85ab870ffd90cc888,kw,1,11.0,8,3,Self-interest,0.37043739513692675,0.08586062210242426,0.3863875551416041,0.15731442761904496
HP3617,62b0c2e6bbb517b6acd0d241|kw|1,62b0c2e6bbb517b6acd0d241,kw,1,12.0,8,0,No clear justification,0.5819503116121993,0.10754624123941138,0.23923165281746236,0.07127179433092681
HP3618,6787c508634bc22939b57be8|kw|1,6787c508634bc22939b57be8,kw,1,12.0,8,0,No clear justification,0.4833844174104158,0.22556362303828265,0.2263291986049586,0.06472276094634286
HP3619,651979733e35af04ce5fca4e|kw|1,651979733e35af04ce5fca4e,kw,1,6.0,8,1,Moral,0.45492699836415473,0.39474962625002236,0.08716173299171857,0.06316164239410436
HP3620,63ea43c4b693d4bd0ef6378d|kw|1,63ea43c4b693d4bd0ef6378d,kw,1,12.0,8,3,Self-interest,0.1790801042240908,0.05349720063651717,0.7367047434938234,0.030717951645568706
HP3621,676ed6c97f59dba5a786886d|kw|1,676ed6c97f59dba5a786886d,kw,1,8.0,8,1,Moral,0.25102886359417653,0.5466106239578669,0.0602272582521438,0.14213325419581266
HP3622,5f625539ecec8c13b04d83e3|kw|1,5f625539ecec8c13b04d83e3,kw,1,12.0,8,2,Mutual Benefit / Cooperation,0.47256161750920256,0.10089421297209031,0.08915914521117696,0.3373850243075302
HP3623,5f59c4de09a8be00087bb9d0|kw|1,5f59c4de09a8be00087bb9d0,kw,1,9.0,8,2,Mutual Benefit / Cooperation,0.5962148745699787,0.1112222539862503,0.10112207505492776,0.19144079638884315
HP3624,5e5c91241b530a000c03d815|kw|1,5e5c91241b530a000c03d815,kw,1,6.0,8,3,Self-interest,0.23476099173141213,0.16886376398274525,0.5576795667653784,0.03869567752046419
HP3625,61fa9085d42cb19beec4915d|kw|1,61fa9085d42cb19beec4915d,kw,1,6.0,8,3,Self-interest,0.2971063595507662,0.36185436143156424,0.1891082174508978,0.1519310615667716
HP3626,616802878b2577d953ddd763|kw|1,616802878b2577d953ddd763,kw,1,2.0,8,3,Self-interest,0.3591139505472224,0.20147073210470173,0.38650599564577726,0.052909321702298694
HP3627,5f91a0c5075eec02af730999|kw|1,5f91a0c5075eec02af730999,kw,1,5.5,8,1,Moral,0.18496356142406192,0.7330438276338292,0.04871829904354863,0.03327431189856008
HP3628,5b62baa92783fc0001132bef|kw|1,5b62baa92783fc0001132bef,kw,1,12.0,8,3,Self-interest,0.3049405142758247,0.07463883014592379,0.5744671060598552,0.045953549518396426
HP3629,57bc1180d50f410001e16ee9|kw|1,57bc1180d50f410001e16ee9,kw,1,12.0,8,0,No clear justification,0.6940045489521988,0.11754937266866512,0.10921922705014962,0.07922685132898641
HP3630,5cdc33f20a246d001e2d839a|kw|1,5cdc33f20a246d001e2d839a,kw,1,4.0,8,2,Mutual Benefit / Cooperation,0.27197917076622197,0.35942976149639577,0.06367089434199026,0.304920173395392
HP3631,66293dd4c51422edb482d223|kw|1,66293dd4c51422edb482d223,kw,1,7.0,8,0,No clear justification,0.4454817715526431,0.09302150973835156,0.4015816273331447,0.05991509137586069
HP3632,66619561132926a85baa3985|kw|1,66619561132926a85baa3985,kw,1,6.5,8,0,No clear justification,0.5962148745699787,0.1112222539862503,0.10112207505492767,0.1914407963888434
HP3633,67fb712344e93ae6c23a6805|kw|1,67fb712344e93ae6c23a6805,kw,1,8.0,8,2,Mutual Benefit / Cooperation,0.2719791707662221,0.35942976149639577,0.06367089434198996,0.304920173395392
HP3634,63e63f77c742a91baf498dd0|kw|1,63e63f77c742a91baf498dd0,kw,1,11.5,8,3,Self-interest,0.2468117441905411,0.0671708929916714,0.5566042516383953,0.12941311117939217
HP3635,6655f99ef74e844cb8404cfa|kw|1,6655f99ef74e844cb8404cfa,kw,1,8.0,8,0,No clear justification,0.585934618431378,0.24080053772811275,0.10028647162106927,0.07297837221944
HP3636,5b55f0867c0c5e0001635ee3|kw|1,5b55f0867c0c5e0001635ee3,kw,1,6.0,8,1,Moral,0.18496356142406192,0.7330438276338292,0.04871829904354863,0.03327431189856008
HP3637,60abbb05288f7eeb1312c3b7|kw|1,60abbb05288f7eeb1312c3b7,kw,1,8.0,8,1,Moral,0.24347706246768164,0.5415237459274106,0.1738567191675168,0.04114247243739104
HP3638,66c215f37fb5c5aced53c73e|kw|1,66c215f37fb5c5aced53c73e,kw,1,12.0,8,0,No clear justification,0.6940045489521988,0.11754937266866512,0.10921922705014962,0.07922685132898641
HP3639,5c9cb71960a25400174337a0|kw|1,5c9cb71960a25400174337a0,kw,1,12.0,8,0,No clear justification,0.6940045489521988,0.11754937266866512,0.10921922705014962,0.07922685132898641
HP3640,6667dbd3d056e51225c6522f|kw|1,6667dbd3d056e51225c6522f,kw,1,10.0,8,0,No clear justification,0.445481771552643,0.09302150973835152,0.40158162733314484,0.05991509137586069
HP3641,676055523b2e338c11c6d4f8|kw|1,676055523b2e338c11c6d4f8,kw,1,11.0,8,2,Mutual Benefit / Cooperation,0.5962148745699787,0.1112222539862503,0.10112207505492776,0.19144079638884315
HP3642,604e839302a74c2f2990f713|kw|1,604e839302a74c2f2990f713,kw,1,10.0,8,2,Mutual Benefit / Cooperation,0.3825151423788316,0.089970942726012,0.20779747320570527,0.31971644168945124
HP3643,63039577b518c6981e54da62|kw|1,63039577b518c6981e54da62,kw,1,12.0,8,0,No clear justification,0.5859346184313778,0.24080053772811275,0.10028647162106935,0.07297837221943997
HP3644,5dd3d566e05cad3b130de19a|kw|1,5dd3d566e05cad3b130de19a,kw,1,12.0,8,0,No clear justification,0.6940045489521988,0.11754937266866512,0.10921922705014962,0.07922685132898641
HP3645,5788e1834a84da00014c4199|kw|1,5788e1834a84da00014c4199,kw,1,12.0,8,0,No clear justification,0.38251514237883166,0.08997094272601204,0.20779747320570535,0.3197164416894509
HP3646,645e7b6f73146e7738e162e7|kw|1,645e7b6f73146e7738e162e7,kw,1,11.0,8,3,Self-interest,0.1790801042240908,0.05349720063651717,0.7367047434938234,0.030717951645568706
HP3647,6130bf45d26aace770c8a217|kw|1,6130bf45d26aace770c8a217,kw,1,9.0,8,0,No clear justification,0.6940045489521988,0.11754937266866512,0.10921922705014962,0.07922685132898641
HP3648,660460162a2b3e5c554cf140|kw|1,660460162a2b3e5c554cf140,kw,1,9.5,8,2,Mutual Benefit / Cooperation,0.47256161750920256,0.10089421297209031,0.08915914521117696,0.3373850243075302
HP3649,5bfd2d6b8acfed00011a5c89|kw|1,5bfd2d6b8acfed00011a5c89,kw,1,12.0,8,2,Mutual Benefit / Cooperation,0.2155098589273686,0.06642105402249793,0.05472740758752747,0.663341679462606
HP3650,5803cb9a3073510001231d82|kw|1,5803cb9a3073510001231d82,kw,1,9.0,8,0,No clear justification,0.6940045489521988,0.11754937266866512,0.10921922705014962,0.07922685132898641
HP3651,5a47c383e074d600013912cc|kw|1,5a47c383e074d600013912cc,kw,1,4.0,8,0,No clear justification,0.6940045489521988,0.11754937266866512,0.10921922705014962,0.07922685132898641
HP3652,5f218810dbe587339609aee4|kw|1,5f218810dbe587339609aee4,kw,1,11.0,8,2,Mutual Benefit / Cooperation,0.5962148745699787,0.1112222539862503,0.10112207505492776,0.19144079638884315
HP3653,634689b708cc8c54b0ac8f9d|kw|1,634689b708cc8c54b0ac8f9d,kw,1,7.0,8,1,Moral,0.26078103989636886,0.19269754747830103,0.06207798094491785,0.4844434316804121
HP3654,65c900c7a7dc9db70e311289|kw|1,65c900c7a7dc9db70e311289,kw,1,7.5,8,2,Mutual Benefit / Cooperation,0.47256161750920256,0.10089421297209031,0.08915914521117696,0.3373850243075302
HP3655,56c6e662b0b7a1000c5cdb21|kw|1,56c6e662b0b7a1000c5cdb21,kw,1,12.0,8,2,Mutual Benefit / Cooperation,0.40277508996010103,0.2161200674252088,0.2122653748624013,0.1688394677522889
HP3656,650d9240b7f9fcecaf1f9656|kw|1,650d9240b7f9fcecaf1f9656,kw,1,3.5,8,2,Mutual Benefit / Cooperation,0.5962148745699787,0.1112222539862503,0.10112207505492776,0.19144079638884315
HP3657,634689122e997b8299adeda5|kw|1,634689122e997b8299adeda5,kw,1,9.0,8,2,Mutual Benefit / Cooperation,0.5962148745699787,0.1112222539862503,0.10112207505492776,0.19144079638884315
HP3658,5c4d8307782a2500019f5bfb|kw|1,5c4d8307782a2500019f5bfb,kw,1,12.0,8,3,Self-interest,0.1790801042240908,0.05349720063651717,0.7367047434938234,0.030717951645568706
HP3659,5c3a4e759e794d000129a225|kw|1,5c3a4e759e794d000129a225,kw,1,10.0,8,2,Mutual Benefit / Cooperation,0.2155098589273686,0.06642105402249793,0.05472740758752747,0.663341679462606
HP3660,56aa90d5638440000c8b506f|kw|1,56aa90d5638440000c8b506f,kw,1,6.0,8,2,Mutual Benefit / Cooperation,0.3407942334670816,0.08607193179511236,0.07359275936122742,0.4995410753765786
HP3661,656ddcbf866b84025844f011|kw|1,656ddcbf866b84025844f011,kw,1,6.0,8,2,Mutual Benefit / Cooperation,0.2971063595507662,0.36185436143156424,0.18910821745089776,0.1519310615667717
HP3662,5d5a72b1f6a633000186827b|kw|1,5d5a72b1f6a633000186827b,kw,1,0.0,8,1,Moral,0.3591139505472226,0.20147073210470184,0.38650599564577676,0.05290932170229874
HP3663,65e1e4ec67a8ab131c6868f2|kw|1,65e1e4ec67a8ab131c6868f2,kw,1,12.0,8,3,Self-interest,0.3049405142758247,0.07463883014592379,0.5744671060598552,0.045953549518396426
HP3664,680d2d86e66d1e2a91357982|kw|1,680d2d86e66d1e2a91357982,kw,1,12.0,8,0,No clear justification,0.6940045489521988,0.11754937266866512,0.10921922705014962,0.07922685132898641
HP3665,65cbbb9b37abca7a65bc8f97|kw|1,65cbbb9b37abca7a65bc8f97,kw,1,11.0,8,0,No clear justification,0.5819503116121993,0.10754624123941138,0.23923165281746236,0.07127179433092681
HP3666,650c3ea3bb7f3b500e2db7a1|kw|1,650c3ea3bb7f3b500e2db7a1,kw,1,9.0,8,2,Mutual Benefit / Cooperation,0.26680933870603946,0.07462282805271929,0.1807869834676918,0.4777808497735494
HP3667,6140ce04fc55c3149baf0f8b|kw|1,6140ce04fc55c3149baf0f8b,kw,1,12.0,8,1,Moral,0.3785130988544607,0.2164260196675249,0.07836847265566547,0.32669240882234885
HP3668,59f22a9fd6380600018b2929|kw|1,59f22a9fd6380600018b2929,kw,1,12.0,8,0,No clear justification,0.36525365806490995,0.37509621226539247,0.20504541343273952,0.054604716236958145
HP3669,676aa8c77ae361d05e202994|kw|1,676aa8c77ae361d05e202994,kw,1,8.0,8,1,Moral,0.18496356142406192,0.7330438276338292,0.04871829904354863,0.03327431189856008
HP3670,6786abc3a98055356d70eb64|kw|1,6786abc3a98055356d70eb64,kw,1,4.0,8,1,Moral,0.49378300514063844,0.2319757388137376,0.09138136996349587,0.1828598860821282
HP3671,5fa2b9a3c1d67f3a311db672|kw|1,5fa2b9a3c1d67f3a311db672,kw,1,6.0,8,1,Moral,0.2971063595507661,0.3618543614315644,0.18910821745089784,0.15193106156677175
HP3672,66d85bf2a76bd30f73bf7d6a|kw|1,66d85bf2a76bd30f73bf7d6a,kw,1,10.0,8,0,No clear justification,0.5962148745699787,0.1112222539862503,0.10112207505492767,0.1914407963888434
HP3673,5a9ac3061eda410001366658|kw|1,5a9ac3061eda410001366658,kw,1,6.0,8,2,Mutual Benefit / Cooperation,0.3020638084521498,0.19947630610687986,0.19025693131100108,0.3082029541299692
HP3674,6914dc322c5412011be92338|kw|1,6914dc322c5412011be92338,kw,1,7.0,8,2,Mutual Benefit / Cooperation,0.3020638084521498,0.19947630610687986,0.19025693131100108,0.3082029541299692
HP3675,5f1c27b2554a0f483df235e7|kw|1,5f1c27b2554a0f483df235e7,kw,1,4.0,8,1,Moral,0.37851309885446105,0.2164260196675249,0.07836847265566554,0.3266924088223485
HP3676,61019bc7cffccb7dc8d612b2|kw|1,61019bc7cffccb7dc8d612b2,kw,1,11.0,8,0,No clear justification,0.596214874569979,0.11122225398625035,0.10112207505492744,0.19144079638884323
HP3677,60a2dc7661911b5c61c28b51|kw|1,60a2dc7661911b5c61c28b51,kw,1,11.0,8,3,Self-interest,0.3049405142758247,0.07463883014592379,0.5744671060598552,0.045953549518396426
HP3678,5ad0422dfb109b0001a30f35|kw|1,5ad0422dfb109b0001a30f35,kw,1,12.0,8,0,No clear justification,0.585934618431378,0.24080053772811275,0.10028647162106927,0.07297837221944
HP3679,6303d61b4d70a5c93f583475|kw|1,6303d61b4d70a5c93f583475,kw,1,9.0,8,0,No clear justification,0.5819503116121993,0.10754624123941138,0.23923165281746236,0.07127179433092681
HP3680,5ede22703409e1042973a050|kw|1,5ede22703409e1042973a050,kw,1,12.0,8,1,Moral,0.24347706246768175,0.5415237459274103,0.17385671916751688,0.04114247243739104
HP3681,5a4d194c87c6f8000137d680|kw|1,5a4d194c87c6f8000137d680,kw,1,12.0,8,0,No clear justification,0.6940045489521988,0.11754937266866512,0.10921922705014962,0.07922685132898641
HP3682,5d5ae10ebe4ce30015ee95e2|kw|1,5d5ae10ebe4ce30015ee95e2,kw,1,2.0,8,1,Moral,0.24347706246768164,0.5415237459274106,0.1738567191675168,0.04114247243739104
HP3683,6647e64e68a80c2df0ecede1|kw|1,6647e64e68a80c2df0ecede1,kw,1,9.0,8,2,Mutual Benefit / Cooperation,0.47256161750920256,0.10089421297209031,0.08915914521117696,0.3373850243075302
HP3684,6819f6ed2c103fe0803b1cb5|kw|1,6819f6ed2c103fe0803b1cb5,kw,1,12.0,8,2,Mutual Benefit / Cooperation,0.2155098589273686,0.06642105402249793,0.05472740758752747,0.663341679462606
HP3685,63e51bd9b573cd46809e1d56|kw|1,63e51bd9b573cd46809e1d56,kw,1,7.0,8,2,Mutual Benefit / Cooperation,0.27197917076622197,0.35942976149639577,0.06367089434199026,0.304920173395392
HP3686,6346ab31c7d314a6aad343d5|kw|1,6346ab31c7d314a6aad343d5,kw,1,12.0,8,3,Self-interest,0.37043739513692675,0.08586062210242446,0.38638755514160406,0.15731442761904482
HP3687,5e3d98be8ed4a5000e47cf4c|kw|1,5e3d98be8ed4a5000e47cf4c,kw,1,0.0,8,0,No clear justification,0.49386172651235877,0.10087246223452988,0.22710708441136024,0.17815872684175113
HP3688,5c5243d45acab700012608c7|kw|1,5c5243d45acab700012608c7,kw,1,12.0,8,0,No clear justification,0.6940045489521988,0.11754937266866512,0.10921922705014962,0.07922685132898641
HP3689,67ea369e95f5a4a14b11b557|kw|1,67ea369e95f5a4a14b11b557,kw,1,6.0,8,3,Self-interest,0.3652536580649098,0.3750962122653923,0.20504541343273958,0.05460471623695812
HP3690,614d9188dc315950026a6102|kw|1,614d9188dc315950026a6102,kw,1,12.0,8,1,Moral,0.45492699836415473,0.39474962625002236,0.08716173299171857,0.06316164239410436
HP3691,5ea7e9f15bc7011d31958608|kw|1,5ea7e9f15bc7011d31958608,kw,1,8.0,8,3,Self-interest,0.3825151423788311,0.08997094272601243,0.20779747320570527,0.31971644168945107
HP3692,5dfcf9a12e47259f5bdcd77f|kw|1,5dfcf9a12e47259f5bdcd77f,kw,1,10.5,8,2,Mutual Benefit / Cooperation,0.3407942334670816,0.08607193179511236,0.07359275936122742,0.4995410753765786
HP3693,5e15047894d5eeb157532e7f|kw|1,5e15047894d5eeb157532e7f,kw,1,4.0,8,0,No clear justification,0.5859346184313778,0.24080053772811288,0.10028647162106935,0.07297837221943997
HP3694,641571922d04f807e7157a04|kw|1,641571922d04f807e7157a04,kw,1,10.0,8,0,No clear justification,0.6940045489521988,0.11754937266866512,0.10921922705014962,0.07922685132898641
HP3695,5d0b6647e28fd700010c55ac|kw|1,5d0b6647e28fd700010c55ac,kw,1,6.0,8,0,No clear justification,0.585934618431378,0.24080053772811275,0.10028647162106927,0.07297837221944
HP3696,5f4738bfa043201203a27b4b|kw|1,5f4738bfa043201203a27b4b,kw,1,12.0,8,2,Mutual Benefit / Cooperation,0.2510288635941764,0.5466106239578669,0.060227258252143874,0.14213325419581282
HP3697,607de1d7c7cc25b639f63026|kw|1,607de1d7c7cc25b639f63026,kw,1,9.5,8,2,Mutual Benefit / Cooperation,0.5962148745699787,0.1112222539862503,0.10112207505492776,0.19144079638884315
HP3698,5f49645bf271be4ba2e83871|kw|1,5f49645bf271be4ba2e83871,kw,1,10.0,8,1,Moral,0.18496356142406192,0.7330438276338292,0.04871829904354863,0.03327431189856008
HP3699,5fb156d6e16ee65ed2558d7c|kw|1,5fb156d6e16ee65ed2558d7c,kw,1,8.0,8,1,Moral,0.3020638084521498,0.19947630610687994,0.1902569313110011,0.3082029541299692
HP3700,668bb93b4eb858cd5cc42786|kw|1,668bb93b4eb858cd5cc42786,kw,1,6.0,8,0,No clear justification,0.6940045489521988,0.11754937266866512,0.10921922705014962,0.07922685132898641
HP3701,58c508c1b101a700012938fa|kw|1,58c508c1b101a700012938fa,kw,1,7.5,8,2,Mutual Benefit / Cooperation,0.26078103989636886,0.19269754747830103,0.06207798094491785,0.4844434316804121
HP3702,6776aa5ebfd096ef2a2f19e5|kw|1,6776aa5ebfd096ef2a2f19e5,kw,1,6.0,8,0,No clear justification,0.47256161750920256,0.10089421297209031,0.08915914521117696,0.3373850243075302
HP3703,5f123d2f9926a1193a114e68|kw|1,5f123d2f9926a1193a114e68,kw,1,10.0,8,0,No clear justification,0.6940045489521988,0.11754937266866512,0.10921922705014962,0.07922685132898641
HP3704,5d6f8881a273800019397e62|kw|1,5d6f8881a273800019397e62,kw,1,12.0,8,1,Moral,0.2719791707662222,0.35942976149639566,0.06367089434198996,0.3049201733953923
HP3705,5eaefa172e29805e3fc8081c|kw|1,5eaefa172e29805e3fc8081c,kw,1,10.0,8,0,No clear justification,0.47256161750920256,0.10089421297209031,0.08915914521117696,0.3373850243075302
HP3706,597f662f89542d0001517d78|kw|1,597f662f89542d0001517d78,kw,1,11.0,8,0,No clear justification,0.34079423346708093,0.08607193179511229,0.07359275936122732,0.4995410753765795
HP3707,672e4d2388e1ccc770c60315|kw|1,672e4d2388e1ccc770c60315,kw,1,8.0,8,2,Mutual Benefit / Cooperation,0.30206380845215,0.19947630610688008,0.19025693131100127,0.3082029541299686
HP3708,5b12dd2630d562000155d420|kw|1,5b12dd2630d562000155d420,kw,1,12.0,8,3,Self-interest,0.258257293432254,0.3409707239137782,0.35826539296266574,0.04250658969130234
HP3709,5df967d2f6191f6e87b236e6|kw|1,5df967d2f6191f6e87b236e6,kw,1,4.5,8,3,Self-interest,0.258257293432254,0.3409707239137776,0.35826539296266585,0.042506589691302284
HP3710,5aa50441b5e2110001c72b89|kw|1,5aa50441b5e2110001c72b89,kw,1,12.0,8,2,Mutual Benefit / Cooperation,0.47256161750920256,0.10089421297209031,0.08915914521117696,0.3373850243075302
HP3711,66744f5894fa0c22d40a2fa9|kw|1,66744f5894fa0c22d40a2fa9,kw,1,11.5,8,1,Moral,0.3020638084521498,0.19947630610687994,0.1902569313110011,0.3082029541299692
HP3712,5c0558b8553fb80001191980|kw|1,5c0558b8553fb80001191980,kw,1,9.5,8,0,No clear justification,0.6940045489521988,0.11754937266866512,0.10921922705014962,0.07922685132898641
HP3713,678ff750175fa91b6ee9c424|kw|1,678ff750175fa91b6ee9c424,kw,1,12.0,8,3,Self-interest,0.3704373951369269,0.0858606221024245,0.3863875551416039,0.15731442761904468
HP3714,5c91658e319e1200014f6f9b|kw|1,5c91658e319e1200014f6f9b,kw,1,12.0,8,0,No clear justification,0.6940045489521988,0.11754937266866512,0.10921922705014962,0.07922685132898641
HP3715,5c8d1d7b88549d0012e849fd|kw|1,5c8d1d7b88549d0012e849fd,kw,1,7.5,8,3,Self-interest,0.23476099173141213,0.1688637639827452,0.5576795667653784,0.03869567752046419
HP3716,676edbd71b2d6c518eae7b45|kw|1,676edbd71b2d6c518eae7b45,kw,1,7.0,8,0,No clear justification,0.596214874569979,0.11122225398625035,0.10112207505492744,0.19144079638884323
HP3717,601d019311e8a602cf032726|kw|1,601d019311e8a602cf032726,kw,1,12.0,8,1,Moral,0.585934618431378,0.24080053772811275,0.10028647162106927,0.07297837221944
HP3718,64480f31061b43c4562401ce|kw|1,64480f31061b43c4562401ce,kw,1,3.0,8,0,No clear justification,0.596214874569979,0.11122225398625035,0.10112207505492744,0.19144079638884323
HP3719,6760558ca4f9e25054c4f224|kw|1,6760558ca4f9e25054c4f224,kw,1,9.0,8,3,Self-interest,0.1790801042240908,0.05349720063651717,0.7367047434938234,0.030717951645568706
HP3720,62e3f19b60ada5ae7dfbc177|kw|1,62e3f19b60ada5ae7dfbc177,kw,1,12.0,8,2,Mutual Benefit / Cooperation,0.37851309885446105,0.2164260196675249,0.07836847265566554,0.3266924088223485
HP3721,66620b7efcaa40d33955df12|kw|1,66620b7efcaa40d33955df12,kw,1,11.0,8,2,Mutual Benefit / Cooperation,0.24681174419054105,0.06717089299167146,0.5566042516383954,0.1294131111793921
HP3722,676075fb194ad11cc7649a1f|kw|1,676075fb194ad11cc7649a1f,kw,1,12.0,8,1,Moral,0.3785130988544607,0.2164260196675249,0.07836847265566547,0.32669240882234885
HP3723,5e2f2afece5e9a4ef7de8452|kw|1,5e2f2afece5e9a4ef7de8452,kw,1,12.0,8,2,Mutual Benefit / Cooperation,0.47256161750920256,0.10089421297209031,0.08915914521117696,0.3373850243075302
HP3724,62fb84d27e9d26a3b0e9cffc|kw|1,62fb84d27e9d26a3b0e9cffc,kw,1,12.0,8,0,No clear justification,0.6940045489521988,0.11754937266866512,0.10921922705014962,0.07922685132898641
HP3725,665d3b8935ef56ce74c4761f|kw|1,665d3b8935ef56ce74c4761f,kw,1,3.0,8,2,Mutual Benefit / Cooperation,0.27197917076622197,0.35942976149639577,0.06367089434199026,0.304920173395392
HP3726,55e56224c70c7a00112a6565|kw|1,55e56224c70c7a00112a6565,kw,1,12.0,8,0,No clear justification,0.6940045489521988,0.11754937266866512,0.10921922705014962,0.07922685132898641
HP3727,600628028f2211980fd1632c|kw|1,600628028f2211980fd1632c,kw,1,6.0,8,3,Self-interest,0.23476099173141213,0.16886376398274525,0.5576795667653784,0.03869567752046419
HP3728,55747e4afdf99b6752df4183|kw|1,55747e4afdf99b6752df4183,kw,1,6.0,8,0,No clear justification,0.6940045489521988,0.11754937266866512,0.10921922705014962,0.07922685132898641
HP3729,677f6f8ab8362a15598d29af|kw|1,677f6f8ab8362a15598d29af,kw,1,10.0,8,0,No clear justification,0.6940045489521988,0.11754937266866512,0.10921922705014962,0.07922685132898641
HP3730,6367e0db54b21863c92a66bc|kw|1,6367e0db54b21863c92a66bc,kw,1,8.0,8,2,Mutual Benefit / Cooperation,0.3704373951369266,0.0858606221024243,0.38638755514160467,0.1573144276190444
HP3731,5e9607da6b866106f5666075|kw|1,5e9607da6b866106f5666075,kw,1,10.0,8,1,Moral,0.40277508996010114,0.2161200674252089,0.2122653748624011,0.16883946775228884
HP3732,5eaaa1f09980ee025a0e1f12|kw|1,5eaaa1f09980ee025a0e1f12,kw,1,11.5,8,0,No clear justification,0.6940045489521988,0.11754937266866512,0.10921922705014962,0.07922685132898641
HP3733,66594968a8fca6ea85c9ac19|kw|1,66594968a8fca6ea85c9ac19,kw,1,12.0,8,2,Mutual Benefit / Cooperation,0.2155098589273686,0.06642105402249793,0.05472740758752747,0.663341679462606
HP3734,5c38dab0f0ae4c00011238c1|kw|1,5c38dab0f0ae4c00011238c1,kw,1,12.0,8,2,Mutual Benefit / Cooperation,0.27582898958568286,0.07421365539071285,0.3603218717333315,0.2896354832902728
HP3735,61015eeeac2c6fae4f3696c6|kw|1,61015eeeac2c6fae4f3696c6,kw,1,12.0,8,0,No clear justification,0.6940045489521988,0.11754937266866512,0.10921922705014962,0.07922685132898641
HP3736,652a96faf5b1e3aec0272277|kw|1,652a96faf5b1e3aec0272277,kw,1,12.0,8,0,No clear justification,0.49386172651235877,0.10087246223452988,0.22710708441136024,0.17815872684175113
HP3737,5e371378ce5a726a3e29ef7e|kw|1,5e371378ce5a726a3e29ef7e,kw,1,12.0,8,1,Moral,0.25102886359417653,0.5466106239578669,0.0602272582521438,0.14213325419581266
HP3738,66ecbaf732d7637a943c139f|kw|1,66ecbaf732d7637a943c139f,kw,1,7.0,8,0,No clear justification,0.445481771552643,0.09302150973835152,0.40158162733314484,0.05991509137586069
HP3739,67d7de6a1dfb7a9e45d11308|kw|1,67d7de6a1dfb7a9e45d11308,kw,1,6.0,8,0,No clear justification,0.6940045489521988,0.11754937266866512,0.10921922705014962,0.07922685132898641
HP3740,6722ae0741429fa41d8893db|kw|1,6722ae0741429fa41d8893db,kw,1,6.0,8,1,Moral,0.3155993454535298,0.56498096170377,0.06977544623050079,0.049644246612199246
HP3741,614e5092e08a3a2d3204ffd2|kw|1,614e5092e08a3a2d3204ffd2,kw,1,12.0,8,2,Mutual Benefit / Cooperation,0.4027750899601011,0.2161200674252088,0.2122653748624012,0.1688394677522889
HP3742,5e04b9be7adf4bf23f066a2a|kw|1,5e04b9be7adf4bf23f066a2a,kw,1,11.5,8,0,No clear justification,0.5962148745699787,0.1112222539862503,0.10112207505492767,0.1914407963888434
HP3743,58df4816aedfd50001526cb9|kw|1,58df4816aedfd50001526cb9,kw,1,12.0,8,0,No clear justification,0.6940045489521988,0.11754937266866512,0.10921922705014962,0.07922685132898641
HP3744,64d1362c539c9befa2bfc914|kw|1,64d1362c539c9befa2bfc914,kw,1,6.0,8,0,No clear justification,0.585934618431378,0.24080053772811275,0.10028647162106927,0.07297837221944
HP3745,612b5a2c55286e4cf74a63ee|kw|1,612b5a2c55286e4cf74a63ee,kw,1,3.0,8,2,Mutual Benefit / Cooperation,0.49386172651235877,0.10087246223452988,0.2271070844113603,0.17815872684175119
HP3746,6598124cb009a156ae665edf|kw|1,6598124cb009a156ae665edf,kw,1,4.5,8,3,Self-interest,0.3704373951369269,0.0858606221024245,0.3863875551416039,0.15731442761904468
HP3747,5d90f475c83a770017213e12|kw|1,5d90f475c83a770017213e12,kw,1,9.5,8,2,Mutual Benefit / Cooperation,0.47256161750920256,0.10089421297209031,0.08915914521117696,0.3373850243075302
HP3748,5ee91869ec57d2169fca4494|kw|1,5ee91869ec57d2169fca4494,kw,1,11.5,8,3,Self-interest,0.23476099173141213,0.16886376398274516,0.5576795667653784,0.03869567752046419
HP3749,6642bc68a8130f486d2ae4b0|kw|1,6642bc68a8130f486d2ae4b0,kw,1,0.0,8,2,Mutual Benefit / Cooperation,0.2719791707662221,0.35942976149639577,0.06367089434198996,0.304920173395392
HP3750,5f836c9938d2da4fb75631ef|kw|1,5f836c9938d2da4fb75631ef,kw,1,11.5,8,0,No clear justification,0.6940045489521988,0.11754937266866512,0.10921922705014962,0.07922685132898641
HP3751,68f92957a58d956e7451acb9|kw|1,68f92957a58d956e7451acb9,kw,1,12.0,8,3,Self-interest,0.23476099173141213,0.16886376398274516,0.5576795667653784,0.03869567752046419
HP3752,5e3d33b27525e7117bd31778|kw|1,5e3d33b27525e7117bd31778,kw,1,12.0,8,0,No clear justification,0.5819503116121993,0.10754624123941138,0.23923165281746236,0.07127179433092681
HP3753,66129825e6dad815d14d5b2b|kw|1,66129825e6dad815d14d5b2b,kw,1,11.0,8,0,No clear justification,0.45492699836415473,0.3947496262500224,0.08716173299171857,0.06316164239410436
HP3754,677ac5abfeff92f43b1755ba|kw|1,677ac5abfeff92f43b1755ba,kw,1,9.0,8,3,Self-interest,0.24347706246768147,0.5415237459274107,0.1738567191675168,0.041142472437391
HP3755,6544ff9e0fb2eaaf83e2de5c|kw|1,6544ff9e0fb2eaaf83e2de5c,kw,1,12.0,8,0,No clear justification,0.5819503116121993,0.10754624123941138,0.23923165281746236,0.07127179433092681
HP3756,59995d926c165e000113fb21|kw|1,59995d926c165e000113fb21,kw,1,9.0,8,3,Self-interest,0.445481771552643,0.09302150973835152,0.40158162733314484,0.05991509137586069
HP3757,593c25fc048d06000182f21b|kw|1,593c25fc048d06000182f21b,kw,1,8.5,8,1,Moral,0.29400522754774105,0.1911164874781978,0.3682817857480103,0.14659649922605095
HP3758,66aba3f6770ca5f663f7b9c7|kw|1,66aba3f6770ca5f663f7b9c7,kw,1,12.0,8,2,Mutual Benefit / Cooperation,0.47256161750920256,0.10089421297209031,0.08915914521117696,0.3373850243075302
HP3759,62e02660c3ef175825ab7655|kw|1,62e02660c3ef175825ab7655,kw,1,12.0,8,0,No clear justification,0.6940045489521988,0.11754937266866512,0.10921922705014962,0.07922685132898641
HP3760,5ea166af93435d0008a8a341|kw|1,5ea166af93435d0008a8a341,kw,1,10.0,8,3,Self-interest,0.3591139505472224,0.20147073210470173,0.38650599564577726,0.052909321702298694
HP3761,664151371b8b34f967a026d1|kw|1,664151371b8b34f967a026d1,kw,1,12.0,8,1,Moral,0.585934618431378,0.24080053772811275,0.10028647162106927,0.07297837221944
HP3762,671d15b4b59b2741dee8284a|kw|1,671d15b4b59b2741dee8284a,kw,1,6.0,8,2,Mutual Benefit / Cooperation,0.27197917076622197,0.35942976149639577,0.06367089434199026,0.304920173395392
HP3763,677539286f78d2ffd6438cb0|kw|1,677539286f78d2ffd6438cb0,kw,1,6.0,8,3,Self-interest,0.3591139505472224,0.20147073210470173,0.38650599564577726,0.052909321702298694
HP3764,5a01ddf3728b1b0001ad8ad0|kw|1,5a01ddf3728b1b0001ad8ad0,kw,1,12.0,8,2,Mutual Benefit / Cooperation,0.2971063595507662,0.36185436143156424,0.18910821745089776,0.1519310615667717
HP3765,6665aedc9ae0e1cd7ac623f0|kw|1,6665aedc9ae0e1cd7ac623f0,kw,1,11.0,8,1,Moral,0.37851309885446105,0.2164260196675249,0.07836847265566554,0.3266924088223485
HP3766,5e6e442f779df43f9b825868|kw|1,5e6e442f779df43f9b825868,kw,1,12.0,8,3,Self-interest,0.3049405142758247,0.07463883014592379,0.5744671060598552,0.045953549518396426
HP3767,64412176f816c39534d16bf0|kw|1,64412176f816c39534d16bf0,kw,1,9.5,8,2,Mutual Benefit / Cooperation,0.47256161750920256,0.10089421297209031,0.08915914521117696,0.3373850243075302
HP3768,5c5404c24831db000161c5e8|kw|1,5c5404c24831db000161c5e8,kw,1,12.0,8,3,Self-interest,0.3591139505472224,0.20147073210470173,0.38650599564577726,0.052909321702298694
HP3769,65bca238c27f6c4538c37172|kw|1,65bca238c27f6c4538c37172,kw,1,12.0,8,0,No clear justification,0.6940045489521988,0.11754937266866512,0.10921922705014962,0.07922685132898641
HP3770,5d3d9749607ede001a0712df|kw|1,5d3d9749607ede001a0712df,kw,1,12.0,8,3,Self-interest,0.258257293432254,0.3409707239137776,0.35826539296266585,0.042506589691302284
HP3771,64337cc5c12109dc730de8c6|kw|1,64337cc5c12109dc730de8c6,kw,1,9.0,8,0,No clear justification,0.40277508996010103,0.2161200674252089,0.21226537486240124,0.16883946775228895
HP3772,63f78c9346da47f7f8f3aef9|kw|1,63f78c9346da47f7f8f3aef9,kw,1,6.0,8,1,Moral,0.18496356142406192,0.7330438276338292,0.04871829904354863,0.03327431189856008
HP3773,6701f65ca63a3fae9d2e820e|kw|1,6701f65ca63a3fae9d2e820e,kw,1,3.0,8,3,Self-interest,0.24347706246768147,0.5415237459274107,0.1738567191675168,0.041142472437391
HP3774,63ea5f39871e9fdef021a53d|kw|1,63ea5f39871e9fdef021a53d,kw,1,12.0,8,0,No clear justification,0.5859346184313778,0.24080053772811288,0.10028647162106935,0.07297837221943997
HP3775,5d544c78ee3a4700164ee73f|kw|1,5d544c78ee3a4700164ee73f,kw,1,8.0,8,1,Moral,0.24347706246768175,0.5415237459274103,0.17385671916751688,0.04114247243739104
HP3776,5d150669b296b500187df8f9|kw|1,5d150669b296b500187df8f9,kw,1,12.0,8,0,No clear justification,0.4454817715526431,0.09302150973835156,0.4015816273331446,0.05991509137586075
HP3777,5efa4bdaca4722143101c0bc|kw|1,5efa4bdaca4722143101c0bc,kw,1,6.0,8,0,No clear justification,0.4833844174104157,0.22556362303828278,0.22632919860495865,0.06472276094634286
HP3778,65b2c1f20d8199c577778169|kw|1,65b2c1f20d8199c577778169,kw,1,12.0,8,1,Moral,0.4833844174104157,0.22556362303828278,0.22632919860495865,0.06472276094634286
HP3779,60aab5962c85a00f1bc9631c|kw|1,60aab5962c85a00f1bc9631c,kw,1,12.0,8,1,Moral,0.31559934545352925,0.5649809617037711,0.06977544623050044,0.049644246612199155
HP3780,5c7ecfbb4243370001ed2f0e|kw|1,5c7ecfbb4243370001ed2f0e,kw,1,10.0,8,2,Mutual Benefit / Cooperation,0.47256161750920256,0.10089421297209031,0.08915914521117696,0.3373850243075302
HP3781,6126086041dbfc8b499a693c|kw|1,6126086041dbfc8b499a693c,kw,1,12.0,8,0,No clear justification,0.5859346184313778,0.24080053772811288,0.10028647162106935,0.07297837221943997
HP3782,6346e221d4cea480a1a39b52|kw|1,6346e221d4cea480a1a39b52,kw,1,11.0,8,2,Mutual Benefit / Cooperation,0.3732161530582224,0.38219935066669514,0.07758739776952457,0.16699709850555794
HP3783,663b9c6e798074f8e71665c5|kw|1,663b9c6e798074f8e71665c5,kw,1,12.0,8,0,No clear justification,0.6940045489521988,0.11754937266866512,0.10921922705014962,0.07922685132898641
HP3784,5981b8259c83ca00012bddcb|kw|1,5981b8259c83ca00012bddcb,kw,1,10.0,8,0,No clear justification,0.6940045489521988,0.11754937266866512,0.10921922705014962,0.07922685132898641
HP3785,5f0766baa1aa2f12767758cd|kw|1,5f0766baa1aa2f12767758cd,kw,1,10.0,8,0,No clear justification,0.47256161750920256,0.10089421297209031,0.08915914521117696,0.3373850243075302
HP3786,5b14265d30d562000155ea04|kw|1,5b14265d30d562000155ea04,kw,1,9.0,8,2,Mutual Benefit / Cooperation,0.47256161750920256,0.10089421297209031,0.08915914521117696,0.3373850243075302
HP3787,6776a0c43e29f81f1d048d18|kw|1,6776a0c43e29f81f1d048d18,kw,1,12.0,8,3,Self-interest,0.2468117441905411,0.0671708929916714,0.5566042516383953,0.12941311117939217
HP3788,612384e91921ae1017430f38|kw|1,612384e91921ae1017430f38,kw,1,12.0,8,0,No clear justification,0.5819503116121993,0.10754624123941138,0.23923165281746236,0.07127179433092681
HP3789,6694ffb87c99948599fbd488|kw|1,6694ffb87c99948599fbd488,kw,1,12.0,8,0,No clear justification,0.6940045489521988,0.11754937266866512,0.10921922705014962,0.07922685132898641
HP3790,66e31654470ca1ff856bc466|kw|1,66e31654470ca1ff856bc466,kw,1,12.0,8,0,No clear justification,0.6940045489521988,0.11754937266866512,0.10921922705014962,0.07922685132898641
HP3791,671279a5cee9ddb1711049e7|kw|1,671279a5cee9ddb1711049e7,kw,1,8.0,8,0,No clear justification,0.5962148745699787,0.1112222539862503,0.10112207505492767,0.1914407963888434
HP3792,677650da17489eb0f07dec0d|kw|1,677650da17489eb0f07dec0d,kw,1,6.0,8,0,No clear justification,0.6940045489521988,0.11754937266866512,0.10921922705014962,0.07922685132898641
HP3793,67f0158b01e9ac80ef1ff943|kw|1,67f0158b01e9ac80ef1ff943,kw,1,7.0,8,0,No clear justification,0.6940045489521988,0.11754937266866512,0.10921922705014962,0.07922685132898641
HP3794,5c6071a1e1df700001ca8bf1|kw|1,5c6071a1e1df700001ca8bf1,kw,1,8.0,8,3,Self-interest,0.2971063595507662,0.36185436143156424,0.1891082174508978,0.1519310615667716
HP3795,6447b565df936347833ab73d|kw|1,6447b565df936347833ab73d,kw,1,6.0,8,1,Moral,0.37321615305822237,0.38219935066669464,0.07758739776952482,0.1669970985055582
HP3796,663e6fac2a7a46907d91ce30|kw|1,663e6fac2a7a46907d91ce30,kw,1,3.5,8,0,No clear justification,0.6940045489521988,0.11754937266866512,0.10921922705014962,0.07922685132898641
HP3797,5ed5742f3d96410f9b7e0c16|kw|1,5ed5742f3d96410f9b7e0c16,kw,1,9.5,8,0,No clear justification,0.45492699836415473,0.3947496262500224,0.08716173299171857,0.06316164239410436
HP3798,66786fd4594ab649c244de43|kw|1,66786fd4594ab649c244de43,kw,1,12.0,8,3,Self-interest,0.3049405142758247,0.07463883014592379,0.5744671060598552,0.045953549518396426
HP3799,669c13abec22054c1cce02e2|kw|1,669c13abec22054c1cce02e2,kw,1,6.0,8,0,No clear justification,0.596214874569979,0.11122225398625035,0.10112207505492744,0.19144079638884323
HP3800,628e6211ac6b1a941a2294f9|kw|1,628e6211ac6b1a941a2294f9,kw,1,6.0,8,0,No clear justification,0.6940045489521988,0.11754937266866512,0.10921922705014962,0.07922685132898641
HP3801,676142fa1f9c3ccacb08b548|kw|1,676142fa1f9c3ccacb08b548,kw,1,2.0,8,2,Mutual Benefit / Cooperation,0.4937830051406384,0.2319757388137377,0.09138136996349587,0.18285988608212814
HP3802,6784ea5cf89f784e621ac9fa|kw|1,6784ea5cf89f784e621ac9fa,kw,1,6.0,8,1,Moral,0.49378300514063844,0.2319757388137376,0.09138136996349587,0.1828598860821282
HP3803,671cdd2146a2a9d3d0535132|kw|1,671cdd2146a2a9d3d0535132,kw,1,12.0,8,2,Mutual Benefit / Cooperation,0.26078103989636886,0.19269754747830103,0.06207798094491785,0.4844434316804121
HP3804,5e76c87c0fd39b22d52eba04|kw|1,5e76c87c0fd39b22d52eba04,kw,1,12.0,8,1,Moral,0.37321615305822237,0.38219935066669464,0.07758739776952482,0.16699709850555816
HP3805,5f7894fb06b78643c9bcdd44|kw|1,5f7894fb06b78643c9bcdd44,kw,1,10.5,8,1,Moral,0.45492699836415473,0.39474962625002236,0.08716173299171857,0.06316164239410436
HP3806,66549dc5c1d9f3d7238ddda1|kw|1,66549dc5c1d9f3d7238ddda1,kw,1,10.5,8,0,No clear justification,0.6940045489521988,0.11754937266866512,0.10921922705014962,0.07922685132898641
HP3807,5483702ffdf99b24c654b810|kw|1,5483702ffdf99b24c654b810,kw,1,11.5,8,2,Mutual Benefit / Cooperation,0.30206380845215,0.19947630610688002,0.19025693131100127,0.3082029541299686
HP3808,614f39b82ccdbdd51c76cc50|kw|1,614f39b82ccdbdd51c76cc50,kw,1,6.0,8,1,Moral,0.37321615305822237,0.38219935066669464,0.07758739776952482,0.1669970985055582
HP3809,67605405bfd9f40dd7ca2a24|kw|1,67605405bfd9f40dd7ca2a24,kw,1,8.0,8,1,Moral,0.29710635955076614,0.3618543614315642,0.18910821745089784,0.1519310615667717
HP3810,6538fe8110063843a9f5c2b6|kw|1,6538fe8110063843a9f5c2b6,kw,1,9.5,8,0,No clear justification,0.6940045489521988,0.11754937266866512,0.10921922705014962,0.07922685132898641
HP3811,5e9adc3d7848b717401fb4c2|kw|1,5e9adc3d7848b717401fb4c2,kw,1,6.0,8,0,No clear justification,0.6940045489521988,0.11754937266866512,0.10921922705014962,0.07922685132898641
HP3812,60e0687e08d77efdaa4e9aa8|kw|1,60e0687e08d77efdaa4e9aa8,kw,1,0.0,8,3,Self-interest,0.24347706246768147,0.5415237459274107,0.1738567191675168,0.041142472437391
HP3813,67ed75fa0c2423e85f8b3c8b|kw|1,67ed75fa0c2423e85f8b3c8b,kw,1,8.0,8,1,Moral,0.37851309885446105,0.2164260196675249,0.07836847265566554,0.3266924088223485
HP3814,5ee1311e3348314f4f4a8d30|kw|1,5ee1311e3348314f4f4a8d30,kw,1,0.5,8,0,No clear justification,0.445481771552643,0.09302150973835152,0.40158162733314484,0.05991509137586069
HP3815,63251e479509813fab713ad2|kw|1,63251e479509813fab713ad2,kw,1,4.0,8,0,No clear justification,0.48338441741041566,0.22556362303828284,0.22632919860495865,0.06472276094634286
HP3816,691dd5fab1ccbfaa2d6d085a|kw|1,691dd5fab1ccbfaa2d6d085a,kw,1,6.5,8,1,Moral,0.45492699836415473,0.39474962625002236,0.08716173299171857,0.06316164239410436
HP3817,5d510396f6725b001a4fc025|kw|1,5d510396f6725b001a4fc025,kw,1,2.5,8,3,Self-interest,0.445481771552643,0.09302150973835152,0.40158162733314484,0.05991509137586069
HP3818,654e39528578beb912aee3a0|kw|1,654e39528578beb912aee3a0,kw,1,11.5,8,0,No clear justification,0.5859346184313778,0.24080053772811275,0.10028647162106935,0.07297837221943997
HP3819,68491eeead1c9115dbd5d603|kw|1,68491eeead1c9115dbd5d603,kw,1,6.0,8,1,Moral,0.36525365806490995,0.37509621226539247,0.20504541343273958,0.054604716236958145
HP3820,616d8ff5eeb9a8616afa647d|kw|1,616d8ff5eeb9a8616afa647d,kw,1,7.0,8,0,No clear justification,0.585934618431378,0.24080053772811275,0.10028647162106927,0.07297837221944
HP3821,582468295f4d1c0001c7c467|kw|1,582468295f4d1c0001c7c467,kw,1,11.0,8,2,Mutual Benefit / Cooperation,0.3407942334670816,0.08607193179511236,0.07359275936122742,0.4995410753765786
HP3822,67657279b0bce380fa33721e|kw|1,67657279b0bce380fa33721e,kw,1,6.0,8,1,Moral,0.37321615305822226,0.3821993506666951,0.07758739776952454,0.16699709850555816
HP3823,6662d218ea91c53879306d23|kw|1,6662d218ea91c53879306d23,kw,1,12.0,8,0,No clear justification,0.6940045489521988,0.11754937266866512,0.10921922705014962,0.07922685132898641
HP3824,6733d9a1dd373a1495f33f76|kw|1,6733d9a1dd373a1495f33f76,kw,1,12.0,8,0,No clear justification,0.5819503116121993,0.10754624123941138,0.23923165281746236,0.07127179433092681
HP3825,644289697a8b924fa0b34c10|kw|1,644289697a8b924fa0b34c10,kw,1,7.0,8,0,No clear justification,0.5819503116121993,0.10754624123941138,0.23923165281746236,0.07127179433092681
HP3826,5f07386c25b9522f898bac8f|kw|1,5f07386c25b9522f898bac8f,kw,1,11.5,8,0,No clear justification,0.5859346184313778,0.24080053772811288,0.10028647162106935,0.07297837221943997
HP3827,5dbe4c414d98b9351114504a|kw|1,5dbe4c414d98b9351114504a,kw,1,1.0,8,2,Mutual Benefit / Cooperation,0.2971063595507662,0.36185436143156424,0.18910821745089776,0.1519310615667717
HP3828,61058ec065679950ffada919|kw|1,61058ec065679950ffada919,kw,1,12.0,8,0,No clear justification,0.5819503116121993,0.10754624123941138,0.23923165281746236,0.07127179433092681
HP3829,5c7cfb5a1a8c170001397f4c|kw|1,5c7cfb5a1a8c170001397f4c,kw,1,3.5,8,3,Self-interest,0.30494051427582514,0.07463883014592393,0.5744671060598543,0.04595354951839647
HP3830,6294de1b341cd20e308d1a4a|kw|1,6294de1b341cd20e308d1a4a,kw,1,11.0,8,0,No clear justification,0.3155993454535298,0.56498096170377,0.06977544623050079,0.049644246612199246
HP3831,66f6f78c68246dd27f4dcc05|kw|1,66f6f78c68246dd27f4dcc05,kw,1,11.5,8,0,No clear justification,0.6940045489521988,0.11754937266866512,0.10921922705014962,0.07922685132898641
HP3832,63b0888e6716ff9bc2cda151|kw|1,63b0888e6716ff9bc2cda151,kw,1,11.0,8,1,Moral,0.4833844174104157,0.22556362303828278,0.22632919860495865,0.06472276094634286
HP3833,5ba2cd9ee671c60001236628|kw|1,5ba2cd9ee671c60001236628,kw,1,10.5,8,0,No clear justification,0.6940045489521988,0.11754937266866512,0.10921922705014962,0.07922685132898641
HP3834,5f4d968cacc80fa73143cdf3|kw|1,5f4d968cacc80fa73143cdf3,kw,1,6.0,8,1,Moral,0.2582572934322544,0.3409707239137784,0.35826539296266474,0.04250658969130234
HP3835,65a5920088672d869713f267|kw|1,65a5920088672d869713f267,kw,1,12.0,8,3,Self-interest,0.3049405142758247,0.07463883014592379,0.5744671060598552,0.045953549518396426
HP3836,5ee00b8630f30b34f2a5dc1c|kw|1,5ee00b8630f30b34f2a5dc1c,kw,1,12.0,8,1,Moral,0.36525365806490995,0.37509621226539247,0.20504541343273952,0.054604716236958145
HP3837,66aa6452750a59e377b0615b|kw|1,66aa6452750a59e377b0615b,kw,1,8.0,8,3,Self-interest,0.5819503116121993,0.10754624123941138,0.23923165281746236,0.07127179433092681
HP3838,634c48cd5280c359cf6f5721|kw|1,634c48cd5280c359cf6f5721,kw,1,12.0,8,3,Self-interest,0.2940052275477412,0.19111648747819762,0.36828178574801,0.14659649922605097
HP3839,5b405bb6c2e38100017612bb|kw|1,5b405bb6c2e38100017612bb,kw,1,12.0,8,0,No clear justification,0.6940045489521988,0.11754937266866512,0.10921922705014962,0.07922685132898641
HP3840,55ee11c37480920010aaac8b|kw|1,55ee11c37480920010aaac8b,kw,1,12.0,8,1,Moral,0.2510288635941763,0.5466106239578669,0.060227258252143825,0.14213325419581282
HP3841,62b2476fc924f1a048bd412b|kw|1,62b2476fc924f1a048bd412b,kw,1,12.0,8,2,Mutual Benefit / Cooperation,0.24681174419054105,0.06717089299167146,0.5566042516383954,0.1294131111793921
HP3842,5dd61a909ca8a35c14d8d610|kw|1,5dd61a909ca8a35c14d8d610,kw,1,12.0,8,3,Self-interest,0.1790801042240908,0.05349720063651717,0.7367047434938234,0.030717951645568706
HP3843,6643bc4b7c72a9f1bcb44c5d|kw|1,6643bc4b7c72a9f1bcb44c5d,kw,1,8.0,8,2,Mutual Benefit / Cooperation,0.4937830051406384,0.2319757388137377,0.09138136996349587,0.18285988608212814
HP3844,6675dbbeee7b1e2aa37a8eaa|kw|1,6675dbbeee7b1e2aa37a8eaa,kw,1,12.0,8,3,Self-interest,0.258257293432254,0.3409707239137776,0.35826539296266585,0.042506589691302284
HP3845,5b0739faa84dcf0001bef230|kw|1,5b0739faa84dcf0001bef230,kw,1,12.0,8,2,Mutual Benefit / Cooperation,0.2155098589273686,0.06642105402249793,0.05472740758752747,0.663341679462606
HP3846,67b8ac4a64ff597388f3fcc1|kw|1,67b8ac4a64ff597388f3fcc1,kw,1,4.0,8,3,Self-interest,0.4938617265123584,0.10087246223453014,0.22710708441136032,0.17815872684175113
HP3847,66620c13f3be060d78145a98|kw|1,66620c13f3be060d78145a98,kw,1,6.0,8,1,Moral,0.26078103989636886,0.19269754747830103,0.06207798094491785,0.4844434316804121
HP3848,606ee8f52a168c78fda80c23|kw|1,606ee8f52a168c78fda80c23,kw,1,0.0,8,0,No clear justification,0.5819503116121993,0.10754624123941138,0.23923165281746236,0.07127179433092681
HP3849,66c24e9899628532dd846326|kw|1,66c24e9899628532dd846326,kw,1,10.5,8,2,Mutual Benefit / Cooperation,0.3704373951369266,0.0858606221024243,0.3863875551416047,0.1573144276190444
HP3850,5731b7f35b8b0600097c2d66|kw|1,5731b7f35b8b0600097c2d66,kw,1,10.0,8,1,Moral,0.2510288635941763,0.5466106239578669,0.060227258252143846,0.1421332541958128
HP3851,60fe22572fbdc4993e5c2e50|kw|1,60fe22572fbdc4993e5c2e50,kw,1,12.0,8,0,No clear justification,0.6940045489521988,0.11754937266866512,0.10921922705014962,0.07922685132898641
HP3852,61693b21fbf953323ceadf35|kw|1,61693b21fbf953323ceadf35,kw,1,11.0,8,2,Mutual Benefit / Cooperation,0.3407942334670816,0.08607193179511236,0.07359275936122742,0.4995410753765786
HP3853,66d3755f3cb79a7b15921f8c|kw|1,66d3755f3cb79a7b15921f8c,kw,1,12.0,8,2,Mutual Benefit / Cooperation,0.26680933870603946,0.07462282805271929,0.1807869834676918,0.4777808497735494
HP3854,5ee2d96eac3291203650f16e|kw|1,5ee2d96eac3291203650f16e,kw,1,12.0,8,1,Moral,0.36525365806490995,0.37509621226539247,0.20504541343273952,0.054604716236958145
HP3855,5ef1e33a86d17508df13c097|kw|1,5ef1e33a86d17508df13c097,kw,1,12.0,8,3,Self-interest,0.445481771552643,0.09302150973835152,0.40158162733314484,0.05991509137586069
HP3856,66ef8c16db6307178a651f0a|kw|1,66ef8c16db6307178a651f0a,kw,1,6.0,8,0,No clear justification,0.6940045489521988,0.11754937266866512,0.10921922705014962,0.07922685132898641
HP3857,5a61207cc0d8360001078f07|kw|1,5a61207cc0d8360001078f07,kw,1,12.0,8,1,Moral,0.45492699836415473,0.39474962625002236,0.08716173299171857,0.06316164239410436
HP3858,674a8f27f27a3b62151660a9|kw|1,674a8f27f27a3b62151660a9,kw,1,12.0,8,0,No clear justification,0.6940045489521988,0.11754937266866512,0.10921922705014962,0.07922685132898641
HP3859,6658f92784cb793eeaa052d0|kw|1,6658f92784cb793eeaa052d0,kw,1,12.0,8,2,Mutual Benefit / Cooperation,0.3732161530582224,0.38219935066669514,0.07758739776952457,0.16699709850555794
HP3860,66fcd0716d928803a90f7537|kw|1,66fcd0716d928803a90f7537,kw,1,11.0,8,2,Mutual Benefit / Cooperation,0.3407942334670816,0.08607193179511236,0.07359275936122742,0.4995410753765786
HP3861,60affbb6c7f40f915c003533|kw|1,60affbb6c7f40f915c003533,kw,1,7.0,8,0,No clear justification,0.6940045489521988,0.11754937266866512,0.10921922705014962,0.07922685132898641
HP3862,63792c65e92e706fdb44c08a|kw|1,63792c65e92e706fdb44c08a,kw,1,12.0,8,2,Mutual Benefit / Cooperation,0.2971063595507662,0.36185436143156424,0.18910821745089776,0.1519310615667717
HP3863,662fb42cc3458e96dee33181|kw|1,662fb42cc3458e96dee33181,kw,1,10.0,8,1,Moral,0.29400522754774133,0.1911164874781977,0.3682817857480098,0.14659649922605109
HP3864,63469c570cfe46f801523b66|kw|1,63469c570cfe46f801523b66,kw,1,12.0,8,2,Mutual Benefit / Cooperation,0.38251514237883166,0.08997094272601204,0.20779747320570535,0.3197164416894509
HP3865,65fcff541a582fbad48a2d2e|kw|1,65fcff541a582fbad48a2d2e,kw,1,9.0,8,3,Self-interest,0.2971063595507662,0.36185436143156424,0.1891082174508978,0.1519310615667716
HP3866,6457abf2901da540ba46b6fd|kw|1,6457abf2901da540ba46b6fd,kw,1,9.0,8,0,No clear justification,0.6940045489521988,0.11754937266866512,0.10921922705014962,0.07922685132898641
HP3867,6605e2b8ed85746d2f6aed25|kw|1,6605e2b8ed85746d2f6aed25,kw,1,12.0,8,1,Moral,0.3020638084521498,0.19947630610687994,0.1902569313110011,0.3082029541299692
HP3868,6384704a7b906e6298d5087f|kw|1,6384704a7b906e6298d5087f,kw,1,12.0,8,0,No clear justification,0.3591139505472226,0.20147073210470184,0.38650599564577676,0.05290932170229874
HP3869,671a65c94ef5a96c18488902|kw|1,671a65c94ef5a96c18488902,kw,1,9.0,8,0,No clear justification,0.5819503116121993,0.10754624123941138,0.23923165281746236,0.07127179433092681
HP3870,662ee0b0f3785c3fe59e191f|kw|1,662ee0b0f3785c3fe59e191f,kw,1,9.0,8,1,Moral,0.2971063595507661,0.3618543614315644,0.18910821745089784,0.15193106156677175
HP3871,67180c619687ce86be82b29f|kw|1,67180c619687ce86be82b29f,kw,1,12.0,8,0,No clear justification,0.5859346184313778,0.24080053772811275,0.10028647162106935,0.07297837221943997
HP3872,692bcf3bae7933fd836c696d|kw|1,692bcf3bae7933fd836c696d,kw,1,4.5,8,3,Self-interest,0.258257293432254,0.3409707239137776,0.35826539296266585,0.042506589691302284
HP3873,6346f29c47d00fd118ae60ba|kw|1,6346f29c47d00fd118ae60ba,kw,1,12.0,8,0,No clear justification,0.6940045489521988,0.11754937266866512,0.10921922705014962,0.07922685132898641
HP3874,6643da4813f1eb4877d52fbf|kw|1,6643da4813f1eb4877d52fbf,kw,1,12.0,8,3,Self-interest,0.30494051427582514,0.07463883014592393,0.5744671060598543,0.04595354951839647
HP3875,691c9fe1c722dece45e6d6c9|kw|1,691c9fe1c722dece45e6d6c9,kw,1,10.0,8,1,Moral,0.31559934545352925,0.5649809617037711,0.06977544623050044,0.049644246612199155
HP3876,67325d10b9e0c58d803cd7ba|kw|1,67325d10b9e0c58d803cd7ba,kw,1,8.0,8,2,Mutual Benefit / Cooperation,0.37851309885446105,0.2164260196675249,0.07836847265566554,0.3266924088223485
HP3877,668d8ad2b98a8ddbe56ac935|kw|1,668d8ad2b98a8ddbe56ac935,kw,1,6.0,8,0,No clear justification,0.596214874569979,0.11122225398625035,0.10112207505492744,0.19144079638884323
HP3878,5ed856266cb96135ff953e31|kw|1,5ed856266cb96135ff953e31,kw,1,7.0,8,2,Mutual Benefit / Cooperation,0.37851309885446105,0.2164260196675249,0.07836847265566554,0.3266924088223485
HP3879,5f75285712d5ca1a99723b3a|kw|1,5f75285712d5ca1a99723b3a,kw,1,0.0,8,0,No clear justification,0.6940045489521988,0.11754937266866512,0.10921922705014962,0.07922685132898641
HP3880,67722f8e3a4f08a288a1f640|kw|1,67722f8e3a4f08a288a1f640,kw,1,11.0,8,1,Moral,0.45492699836415473,0.39474962625002236,0.08716173299171857,0.06316164239410436
HP3881,66aa52de62c06e01a958d91c|kw|1,66aa52de62c06e01a958d91c,kw,1,6.0,8,3,Self-interest,0.24347706246768147,0.5415237459274107,0.1738567191675168,0.041142472437391
HP3882,662e86c0ca96b47a056ccd7b|kw|1,662e86c0ca96b47a056ccd7b,kw,1,10.0,8,0,No clear justification,0.3591139505472226,0.20147073210470184,0.38650599564577676,0.05290932170229874
HP3883,5a78e410ae9a0b0001a97274|kw|1,5a78e410ae9a0b0001a97274,kw,1,12.0,8,3,Self-interest,0.24347706246768147,0.5415237459274107,0.1738567191675168,0.041142472437391
HP3884,6771d6ffa3daf824eede3f33|kw|1,6771d6ffa3daf824eede3f33,kw,1,9.0,8,1,Moral,0.45492699836415473,0.39474962625002236,0.08716173299171857,0.06316164239410436
HP3885,5f7b79a3e087e414513eb8c9|kw|1,5f7b79a3e087e414513eb8c9,kw,1,12.0,8,1,Moral,0.3591139505472226,0.20147073210470184,0.38650599564577676,0.05290932170229874
HP3886,655f94a8e52c55fdec3da167|kw|1,655f94a8e52c55fdec3da167,kw,1,12.0,8,2,Mutual Benefit / Cooperation,0.3407942334670816,0.08607193179511236,0.07359275936122742,0.4995410753765786
HP3887,5d544c49318f5300168b8f04|kw|1,5d544c49318f5300168b8f04,kw,1,8.0,8,3,Self-interest,0.24347706246768147,0.5415237459274107,0.1738567191675168,0.041142472437391
HP3888,64517c6577e0f1230f87f59d|kw|1,64517c6577e0f1230f87f59d,kw,1,12.0,8,3,Self-interest,0.3049405142758247,0.07463883014592379,0.5744671060598552,0.045953549518396426
HP3889,67dde7aad55fd4bb6c2dd4aa|kw|1,67dde7aad55fd4bb6c2dd4aa,kw,1,12.0,8,2,Mutual Benefit / Cooperation,0.29400522754774105,0.19111648747819762,0.36828178574801,0.14659649922605117
HP3890,5ea03adbaf097905ae0ecdd6|kw|1,5ea03adbaf097905ae0ecdd6,kw,1,3.0,8,3,Self-interest,0.5819503116121993,0.10754624123941138,0.23923165281746236,0.07127179433092681
HP3891,60e37439f7c69f9e2d4466eb|kw|1,60e37439f7c69f9e2d4466eb,kw,1,2.0,8,0,No clear justification,0.6940045489521988,0.11754937266866512,0.10921922705014962,0.07922685132898641
HP3892,5e58333d4b439f04b1069026|kw|1,5e58333d4b439f04b1069026,kw,1,12.0,8,1,Moral,0.585934618431378,0.24080053772811275,0.10028647162106927,0.07297837221944
HP3893,5e8eee2c7925131a62e2262b|kw|1,5e8eee2c7925131a62e2262b,kw,1,8.0,8,0,No clear justification,0.5962148745699787,0.1112222539862503,0.10112207505492767,0.1914407963888434
HP3894,6604553b209208bb096e10ac|kw|1,6604553b209208bb096e10ac,kw,1,9.5,8,0,No clear justification,0.585934618431378,0.24080053772811275,0.10028647162106927,0.07297837221944
HP3895,5ce5bcf74caf470001da7c33|kw|1,5ce5bcf74caf470001da7c33,kw,1,9.0,8,0,No clear justification,0.445481771552643,0.09302150973835152,0.40158162733314484,0.05991509137586069
HP3896,5e5e9ac3f6e6231c65079fba|kw|1,5e5e9ac3f6e6231c65079fba,kw,1,10.0,8,0,No clear justification,0.6940045489521988,0.11754937266866512,0.10921922705014962,0.07922685132898641
HP3897,5db1dbb351eb21000c443e58|kw|1,5db1dbb351eb21000c443e58,kw,1,12.0,8,3,Self-interest,0.3049405142758247,0.07463883014592379,0.5744671060598552,0.045953549518396426
HP3898,676059a89a0c103ec2d1f45e|kw|1,676059a89a0c103ec2d1f45e,kw,1,12.0,8,0,No clear justification,0.6940045489521988,0.11754937266866512,0.10921922705014962,0.07922685132898641
HP3899,605fbc12c61d8d10250f6e51|kw|1,605fbc12c61d8d10250f6e51,kw,1,11.0,8,0,No clear justification,0.5819503116121993,0.10754624123941138,0.23923165281746236,0.07127179433092681
HP3900,6772f150498bef722006ff15|kw|1,6772f150498bef722006ff15,kw,1,12.0,8,0,No clear justification,0.5859346184313778,0.24080053772811275,0.10028647162106935,0.07297837221943997
HP3901,665e406a0f22e57ff8be5cde|kw|1,665e406a0f22e57ff8be5cde,kw,1,8.0,8,2,Mutual Benefit / Cooperation,0.26078103989636886,0.19269754747830103,0.06207798094491785,0.4844434316804121
HP3902,646ba54cb721ef9332b21599|kw|1,646ba54cb721ef9332b21599,kw,1,12.0,8,2,Mutual Benefit / Cooperation,0.2155098589273686,0.06642105402249793,0.05472740758752747,0.663341679462606
HP3903,6109e5a0f7755d8fcba8b50c|kw|1,6109e5a0f7755d8fcba8b50c,kw,1,12.0,8,2,Mutual Benefit / Cooperation,0.3407942334670816,0.08607193179511236,0.07359275936122742,0.4995410753765786
HP3904,67282bd83f8d0606edf4b368|kw|1,67282bd83f8d0606edf4b368,kw,1,10.0,8,1,Moral,0.3591139505472226,0.20147073210470184,0.38650599564577676,0.05290932170229874
HP3905,6064fef22d11e88491d1ac57|kw|1,6064fef22d11e88491d1ac57,kw,1,11.5,8,3,Self-interest,0.3049405142758247,0.07463883014592379,0.5744671060598552,0.045953549518396426
HP3906,644af3263650e8dd9d942487|kw|1,644af3263650e8dd9d942487,kw,1,12.0,8,0,No clear justification,0.37851309885446105,0.2164260196675249,0.07836847265566554,0.3266924088223485
HP3907,5fc1fdd411437431e95276d2|kw|1,5fc1fdd411437431e95276d2,kw,1,12.0,8,0,No clear justification,0.5962148745699787,0.1112222539862503,0.10112207505492767,0.1914407963888434
HP3908,6658b2faa759210bfe72333e|kw|1,6658b2faa759210bfe72333e,kw,1,6.0,8,2,Mutual Benefit / Cooperation,0.3407942334670816,0.08607193179511236,0.07359275936122742,0.4995410753765786
HP3909,5f2abe80f40fa7364aad029d|kw|1,5f2abe80f40fa7364aad029d,kw,1,10.0,8,2,Mutual Benefit / Cooperation,0.5962148745699787,0.1112222539862503,0.10112207505492776,0.19144079638884315
HP3910,63f7797962ef60aa14774fa3|kw|1,63f7797962ef60aa14774fa3,kw,1,10.0,8,0,No clear justification,0.47256161750920256,0.10089421297209031,0.08915914521117696,0.3373850243075302
HP3911,5ef329d8cfbdc00379011819|kw|1,5ef329d8cfbdc00379011819,kw,1,6.0,8,2,Mutual Benefit / Cooperation,0.2971063595507662,0.36185436143156424,0.18910821745089776,0.1519310615667717
HP3912,5f2f1f80314d56309186caa1|kw|1,5f2f1f80314d56309186caa1,kw,1,10.0,8,3,Self-interest,0.3652536580649098,0.3750962122653923,0.20504541343273958,0.05460471623695812
HP3913,5e90cc485905f23f088be0b5|kw|1,5e90cc485905f23f088be0b5,kw,1,12.0,8,0,No clear justification,0.36525365806490995,0.37509621226539247,0.20504541343273958,0.054604716236958145
HP3914,58df90cecc6d9800018c5d58|kw|1,58df90cecc6d9800018c5d58,kw,1,6.0,8,0,No clear justification,0.596214874569979,0.11122225398625035,0.10112207505492744,0.19144079638884323
HP3915,64badb09518eb5b219132eea|kw|1,64badb09518eb5b219132eea,kw,1,6.0,8,2,Mutual Benefit / Cooperation,0.3020638084521498,0.19947630610687989,0.1902569313110011,0.3082029541299692
HP3916,6674d66310b6684b86ddf7b9|kw|1,6674d66310b6684b86ddf7b9,kw,1,6.0,8,0,No clear justification,0.45492699836415473,0.3947496262500224,0.08716173299171857,0.06316164239410436
HP3917,5b9095901e21c10001e9e8ee|kw|1,5b9095901e21c10001e9e8ee,kw,1,10.0,8,0,No clear justification,0.6940045489521988,0.11754937266866512,0.10921922705014962,0.07922685132898641
HP3918,6761f674139fa42fb916e2cd|kw|1,6761f674139fa42fb916e2cd,kw,1,11.5,8,0,No clear justification,0.3155993454535298,0.56498096170377,0.06977544623050079,0.049644246612199246
HP3919,63d1a9e2d0149d86842dfaec|kw|1,63d1a9e2d0149d86842dfaec,kw,1,8.0,8,0,No clear justification,0.6940045489521988,0.11754937266866512,0.10921922705014962,0.07922685132898641
HP3920,681b72a2c71900147281b597|kw|1,681b72a2c71900147281b597,kw,1,6.0,8,0,No clear justification,0.5962148745699787,0.1112222539862503,0.10112207505492767,0.1914407963888434
HP3921,62b1d2b897646fe6bb832b1f|kw|1,62b1d2b897646fe6bb832b1f,kw,1,10.0,8,2,Mutual Benefit / Cooperation,0.47256161750920256,0.10089421297209031,0.08915914521117696,0.3373850243075302
HP3922,6740d9355c7dd3559c352450|kw|1,6740d9355c7dd3559c352450,kw,1,12.0,8,0,No clear justification,0.6940045489521988,0.11754937266866512,0.10921922705014962,0.07922685132898641
HP3923,62ebdec52d1d02eb574af604|kw|1,62ebdec52d1d02eb574af604,kw,1,6.0,8,3,Self-interest,0.23476099173141213,0.1688637639827452,0.5576795667653784,0.03869567752046419
HP3924,596e000bfb7959000162f52f|kw|1,596e000bfb7959000162f52f,kw,1,12.0,8,0,No clear justification,0.596214874569979,0.11122225398625035,0.10112207505492744,0.19144079638884323
HP3925,666f6b8954f3cb859fcd99d9|kw|1,666f6b8954f3cb859fcd99d9,kw,1,11.5,8,0,No clear justification,0.6940045489521988,0.11754937266866512,0.10921922705014962,0.07922685132898641
HP3926,5e7e72de99b9e6553dc28dcf|kw|1,5e7e72de99b9e6553dc28dcf,kw,1,7.5,8,2,Mutual Benefit / Cooperation,0.5962148745699787,0.1112222539862503,0.10112207505492776,0.19144079638884315
HP3927,63d404714ce0efcd04fe331f|kw|1,63d404714ce0efcd04fe331f,kw,1,12.0,8,0,No clear justification,0.6940045489521988,0.11754937266866512,0.10921922705014962,0.07922685132898641
HP3928,5e70bf61017e070009a8a738|kw|1,5e70bf61017e070009a8a738,kw,1,7.5,8,0,No clear justification,0.6940045489521988,0.11754937266866512,0.10921922705014962,0.07922685132898641
HP3929,663a600c0eee049c542fe178|kw|1,663a600c0eee049c542fe178,kw,1,11.0,8,2,Mutual Benefit / Cooperation,0.5962148745699787,0.1112222539862503,0.10112207505492776,0.19144079638884315
HP3930,5a21aabb2b98bc0001a67c65|kw|1,5a21aabb2b98bc0001a67c65,kw,1,8.0,8,2,Mutual Benefit / Cooperation,0.3704373951369266,0.0858606221024243,0.3863875551416047,0.1573144276190444
HP3931,63ea46ac57c552d3b4ff83bc|kw|1,63ea46ac57c552d3b4ff83bc,kw,1,12.0,8,3,Self-interest,0.3825151423788311,0.08997094272601243,0.20779747320570527,0.31971644168945107
HP3932,5e170b9ad51cf301722d91d2|kw|1,5e170b9ad51cf301722d91d2,kw,1,8.0,8,0,No clear justification,0.6940045489521988,0.11754937266866512,0.10921922705014962,0.07922685132898641
HP3933,60a07dab2b21a84ed893146f|kw|1,60a07dab2b21a84ed893146f,kw,1,6.0,8,0,No clear justification,0.596214874569979,0.11122225398625035,0.10112207505492744,0.19144079638884323
HP3934,623478aa93ccbf5fc88ad4f7|kw|1,623478aa93ccbf5fc88ad4f7,kw,1,12.0,8,0,No clear justification,0.6940045489521988,0.11754937266866512,0.10921922705014962,0.07922685132898641
HP3935,5b0e8d65d282ff00015bb9d1|kw|1,5b0e8d65d282ff00015bb9d1,kw,1,1.0,8,0,No clear justification,0.6940045489521988,0.11754937266866512,0.10921922705014962,0.07922685132898641
HP3936,5d4b60dc00652c0015664282|kw|1,5d4b60dc00652c0015664282,kw,1,8.0,8,0,No clear justification,0.6940045489521988,0.11754937266866512,0.10921922705014962,0.07922685132898641
HP3937,623e8acb225d566928a597e1|kw|1,623e8acb225d566928a597e1,kw,1,6.0,8,3,Self-interest,0.2971063595507662,0.36185436143156424,0.1891082174508978,0.1519310615667716
HP3938,63deeebc2822414d8f9e5958|kw|1,63deeebc2822414d8f9e5958,kw,1,6.5,8,1,Moral,0.45492699836415473,0.39474962625002236,0.08716173299171857,0.06316164239410436
HP3939,66484cfc664a1d8dd22f2fcf|kw|1,66484cfc664a1d8dd22f2fcf,kw,1,10.0,8,3,Self-interest,0.3049405142758247,0.07463883014592379,0.5744671060598552,0.045953549518396426
HP3940,67a7d4e19fee63cbe222ae02|kw|1,67a7d4e19fee63cbe222ae02,kw,1,10.0,8,0,No clear justification,0.5819503116121993,0.10754624123941138,0.23923165281746236,0.07127179433092681
HP3941,6385176faa1fd90c21cd7cb0|kw|1,6385176faa1fd90c21cd7cb0,kw,1,5.0,8,0,No clear justification,0.445481771552643,0.09302150973835152,0.40158162733314484,0.05991509137586069
HP3942,5e3ec7559b43781188725eea|kw|1,5e3ec7559b43781188725eea,kw,1,7.0,8,2,Mutual Benefit / Cooperation,0.2971063595507662,0.36185436143156424,0.18910821745089776,0.1519310615667717
HP3943,5c6b646349b7f0000120b659|kw|1,5c6b646349b7f0000120b659,kw,1,6.0,8,3,Self-interest,0.24347706246768147,0.5415237459274107,0.1738567191675168,0.041142472437391
HP3944,5de398993cf27939a25abc5f|kw|1,5de398993cf27939a25abc5f,kw,1,12.0,8,0,No clear justification,0.596214874569979,0.11122225398625035,0.10112207505492744,0.19144079638884323
HP3945,67790b473a8122e8a6d74a2e|kw|1,67790b473a8122e8a6d74a2e,kw,1,9.0,8,0,No clear justification,0.4833844174104158,0.22556362303828284,0.2263291986049585,0.06472276094634286
HP3946,5c4338d8a04c050001a0a876|kw|1,5c4338d8a04c050001a0a876,kw,1,1.0,8,1,Moral,0.45492699836415473,0.39474962625002236,0.08716173299171857,0.06316164239410436
HP3947,5e0a4154deea2b2c63fb1062|kw|1,5e0a4154deea2b2c63fb1062,kw,1,10.0,8,2,Mutual Benefit / Cooperation,0.3020638084521498,0.19947630610687986,0.19025693131100108,0.3082029541299692
HP3948,66debd6416b5185254e88395|kw|1,66debd6416b5185254e88395,kw,1,9.0,8,2,Mutual Benefit / Cooperation,0.5962148745699787,0.1112222539862503,0.10112207505492776,0.19144079638884315
HP3949,66e18dd39ec0f599d774111a|kw|1,66e18dd39ec0f599d774111a,kw,1,10.0,8,0,No clear justification,0.6940045489521988,0.11754937266866512,0.10921922705014962,0.07922685132898641
HP3950,62fcd411235f5eb27a9c02c5|kw|1,62fcd411235f5eb27a9c02c5,kw,1,6.0,8,0,No clear justification,0.4833844174104157,0.22556362303828278,0.22632919860495865,0.06472276094634286
HP3951,5bc0c8bb1526430001e61bad|kw|1,5bc0c8bb1526430001e61bad,kw,1,4.0,8,0,No clear justification,0.6940045489521988,0.11754937266866512,0.10921922705014962,0.07922685132898641
HP3952,5b1200ffd282ff00015c0154|kw|1,5b1200ffd282ff00015c0154,kw,1,10.0,8,0,No clear justification,0.6940045489521988,0.11754937266866512,0.10921922705014962,0.07922685132898641
HP3953,62ba066a4093b931382ec48f|kw|1,62ba066a4093b931382ec48f,kw,1,12.0,8,0,No clear justification,0.5819503116121993,0.10754624123941138,0.23923165281746236,0.07127179433092681
HP3954,55d7805c69dbc30012b67f32|kw|1,55d7805c69dbc30012b67f32,kw,1,6.0,8,3,Self-interest,0.2971063595507662,0.36185436143156424,0.1891082174508978,0.1519310615667716
HP3955,5e36f262185582000ae281b4|kw|1,5e36f262185582000ae281b4,kw,1,10.0,8,0,No clear justification,0.6940045489521988,0.11754937266866512,0.10921922705014962,0.07922685132898641
HP3956,666e0c9327fd060cb231509e|kw|1,666e0c9327fd060cb231509e,kw,1,12.0,8,3,Self-interest,0.1790801042240908,0.05349720063651717,0.7367047434938234,0.030717951645568706
HP3957,5e505dcdad88cd0b518342d9|kw|1,5e505dcdad88cd0b518342d9,kw,1,11.0,8,2,Mutual Benefit / Cooperation,0.5962148745699787,0.1112222539862503,0.10112207505492776,0.19144079638884315
HP3958,5b8011a80a67ca0001cc3f9b|kw|1,5b8011a80a67ca0001cc3f9b,kw,1,10.0,8,2,Mutual Benefit / Cooperation,0.49386172651235877,0.10087246223452988,0.2271070844113603,0.17815872684175119
HP3959,59607e59aba046000124bf07|kw|1,59607e59aba046000124bf07,kw,1,12.0,8,2,Mutual Benefit / Cooperation,0.3825151423788316,0.089970942726012,0.20779747320570527,0.31971644168945124
HP3960,640349ae900739316aca0f9f|kw|1,640349ae900739316aca0f9f,kw,1,6.5,8,1,Moral,0.585934618431378,0.24080053772811275,0.10028647162106927,0.07297837221944
HP3961,666272fcedf2850ab9824b47|kw|1,666272fcedf2850ab9824b47,kw,1,10.0,8,2,Mutual Benefit / Cooperation,0.3407942334670816,0.08607193179511236,0.07359275936122742,0.4995410753765786
HP3962,66621659860c05fcca83a646|kw|1,66621659860c05fcca83a646,kw,1,4.0,8,0,No clear justification,0.5819503116121993,0.10754624123941138,0.23923165281746236,0.07127179433092681
HP3963,5e13859753e8469d270982c0|kw|1,5e13859753e8469d270982c0,kw,1,6.0,8,0,No clear justification,0.45492699836415473,0.3947496262500224,0.08716173299171857,0.06316164239410436
HP3964,614e3f7def73ee04e730819e|kw|1,614e3f7def73ee04e730819e,kw,1,6.0,8,1,Moral,0.24347706246768164,0.5415237459274106,0.1738567191675168,0.04114247243739104
HP3965,672a7e2aad8ecc9a5a2128dd|kw|1,672a7e2aad8ecc9a5a2128dd,kw,1,12.0,8,2,Mutual Benefit / Cooperation,0.47256161750920256,0.10089421297209031,0.08915914521117696,0.3373850243075302
HP3966,653ab786a5162b73aac38bc9|kw|1,653ab786a5162b73aac38bc9,kw,1,12.0,8,3,Self-interest,0.1790801042240908,0.05349720063651717,0.7367047434938234,0.030717951645568706
HP3967,612f86f8af34e91afac0451d|kw|1,612f86f8af34e91afac0451d,kw,1,12.0,8,0,No clear justification,0.5962148745699787,0.1112222539862503,0.10112207505492767,0.1914407963888434
HP3968,5eb6cf3ef3a1805c660fd56c|kw|1,5eb6cf3ef3a1805c660fd56c,kw,1,9.0,8,1,Moral,0.24347706246768164,0.5415237459274106,0.1738567191675168,0.04114247243739104
HP3969,6788199a271759466f1eb944|kw|1,6788199a271759466f1eb944,kw,1,12.0,8,2,Mutual Benefit / Cooperation,0.3407942334670816,0.08607193179511236,0.07359275936122742,0.4995410753765786
HP3970,676057f153989704c62cdc7a|kw|1,676057f153989704c62cdc7a,kw,1,12.0,8,0,No clear justification,0.6940045489521988,0.11754937266866512,0.10921922705014962,0.07922685132898641
HP3971,67838f3e71616a9dcc042173|kw|1,67838f3e71616a9dcc042173,kw,1,8.0,8,2,Mutual Benefit / Cooperation,0.4938617265123584,0.10087246223453014,0.22710708441136024,0.1781587268417512
HP3972,60f8ecf62fd4924ff8ea9300|kw|1,60f8ecf62fd4924ff8ea9300,kw,1,9.0,8,0,No clear justification,0.3155993454535298,0.56498096170377,0.06977544623050079,0.049644246612199246
HP3973,691cae7c882b7b58261d3dab|kw|1,691cae7c882b7b58261d3dab,kw,1,12.0,8,0,No clear justification,0.6940045489521988,0.11754937266866512,0.10921922705014962,0.07922685132898641
HP3974,663502026e662c1124df1b0b|kw|1,663502026e662c1124df1b0b,kw,1,11.5,8,0,No clear justification,0.596214874569979,0.11122225398625035,0.10112207505492744,0.19144079638884323
HP3975,5fdbae0584b3a90525410347|kw|1,5fdbae0584b3a90525410347,kw,1,7.0,8,2,Mutual Benefit / Cooperation,0.27197917076622197,0.35942976149639577,0.06367089434199026,0.304920173395392
HP3976,6772eeb04cc894a8827b1ed1|kw|1,6772eeb04cc894a8827b1ed1,kw,1,7.5,8,0,No clear justification,0.6940045489521988,0.11754937266866512,0.10921922705014962,0.07922685132898641
HP3977,5d2466b24813f6000188f4b4|kw|1,5d2466b24813f6000188f4b4,kw,1,10.0,8,2,Mutual Benefit / Cooperation,0.4938617265123584,0.10087246223453014,0.22710708441136024,0.1781587268417512
HP3978,674bfd855d300ddd3a4628ab|kw|1,674bfd855d300ddd3a4628ab,kw,1,8.0,8,0,No clear justification,0.4454817715526431,0.09302150973835156,0.4015816273331446,0.05991509137586075
HP3979,6613eaa8e44e25e801f85215|kw|1,6613eaa8e44e25e801f85215,kw,1,10.0,8,0,No clear justification,0.5962148745699787,0.1112222539862503,0.10112207505492767,0.1914407963888434
HP3980,5a36d2890006450001bf1d34|kw|1,5a36d2890006450001bf1d34,kw,1,12.0,8,2,Mutual Benefit / Cooperation,0.4938617265123584,0.10087246223453014,0.22710708441136024,0.1781587268417512
HP3981,66c290bb20faa822520e73e3|kw|1,66c290bb20faa822520e73e3,kw,1,12.0,8,1,Moral,0.29710635955076614,0.3618543614315642,0.18910821745089784,0.1519310615667717
HP3982,663e2e8a4c7d721dca2aa866|kw|1,663e2e8a4c7d721dca2aa866,kw,1,6.0,8,2,Mutual Benefit / Cooperation,0.26078103989636886,0.19269754747830103,0.06207798094491785,0.4844434316804121
HP3983,6612fd1462232a5cbec549e3|kw|1,6612fd1462232a5cbec549e3,kw,1,8.0,8,0,No clear justification,0.5859346184313778,0.24080053772811275,0.10028647162106935,0.07297837221943997
HP3984,63d7cc044d54f16580fa7005|kw|1,63d7cc044d54f16580fa7005,kw,1,12.0,8,1,Moral,0.4937830051406385,0.2319757388137377,0.09138136996349591,0.18285988608212797
HP3985,63ced9adadc38e1acc2b58b6|kw|1,63ced9adadc38e1acc2b58b6,kw,1,10.5,8,0,No clear justification,0.49378300514063844,0.2319757388137377,0.09138136996349587,0.18285988608212797
HP3986,6750e0068ca44f6ecff8b70d|kw|1,6750e0068ca44f6ecff8b70d,kw,1,9.0,8,2,Mutual Benefit / Cooperation,0.47256161750920256,0.10089421297209031,0.08915914521117696,0.3373850243075302
HP3987,672ed285dbe86b0a33526edd|kw|1,672ed285dbe86b0a33526edd,kw,1,12.0,8,1,Moral,0.4833844174104157,0.22556362303828278,0.22632919860495865,0.06472276094634286
HP3988,663e721c25f558c476b26fa6|kw|1,663e721c25f558c476b26fa6,kw,1,11.0,8,0,No clear justification,0.49386172651235877,0.10087246223452988,0.2271070844113603,0.17815872684175113
HP3989,67d94f701307ac0887c44909|kw|1,67d94f701307ac0887c44909,kw,1,7.0,8,1,Moral,0.36525365806490995,0.37509621226539247,0.20504541343273958,0.054604716236958145
HP3990,5edbaa3a56e98e05e908d8dd|kw|1,5edbaa3a56e98e05e908d8dd,kw,1,0.0,8,1,Moral,0.24347706246768164,0.5415237459274106,0.1738567191675168,0.04114247243739104
HP3991,667987c18f34110073ae20b7|kw|1,667987c18f34110073ae20b7,kw,1,12.0,8,2,Mutual Benefit / Cooperation,0.3020638084521498,0.19947630610687986,0.19025693131100108,0.3082029541299692
HP3992,5efec43017f2363e1bf47368|kw|1,5efec43017f2363e1bf47368,kw,1,12.0,8,0,No clear justification,0.6940045489521988,0.11754937266866512,0.10921922705014962,0.07922685132898641
HP3993,64d542239dcf23c895827837|kw|1,64d542239dcf23c895827837,kw,1,8.0,8,0,No clear justification,0.5859346184313778,0.24080053772811288,0.10028647162106935,0.07297837221943997
HP3994,652d611038c822d956559d74|kw|1,652d611038c822d956559d74,kw,1,6.0,8,1,Moral,0.24347706246768175,0.5415237459274103,0.17385671916751688,0.04114247243739104
HP3995,671fbc862b5c7b635c9980de|kw|1,671fbc862b5c7b635c9980de,kw,1,8.0,8,2,Mutual Benefit / Cooperation,0.26680933870603946,0.07462282805271929,0.1807869834676918,0.4777808497735494
HP3996,669596ba18d75e2e696b992e|kw|1,669596ba18d75e2e696b992e,kw,1,10.0,8,0,No clear justification,0.6940045489521988,0.11754937266866512,0.10921922705014962,0.07922685132898641
HP3997,5ff7ee108c6cb45141fe8c61|kw|1,5ff7ee108c6cb45141fe8c61,kw,1,8.0,8,2,Mutual Benefit / Cooperation,0.5962148745699787,0.1112222539862503,0.10112207505492776,0.19144079638884315
HP3998,63d5438c43c3c41d0ffd96c0|kw|1,63d5438c43c3c41d0ffd96c0,kw,1,12.0,8,2,Mutual Benefit / Cooperation,0.40277508996010103,0.2161200674252088,0.21226537486240116,0.1688394677522889
HP3999,60d6355b141b39035fda0e50|kw|1,60d6355b141b39035fda0e50,kw,1,6.0,8,2,Mutual Benefit / Cooperation,0.26680933870604073,0.07462282805271953,0.18078698346769226,0.4777808497735475
HP4000,59ce5e24aeef3b0001021a58|kw|1,59ce5e24aeef3b0001021a58,kw,1,12.0,8,0,No clear justification,0.6940045489521988,0.11754937266866512,0.10921922705014962,0.07922685132898641
HP4001,6148a744a4927f58c507b905|lt|1,6148a744a4927f58c507b905,lt,1,8.0,12,1,Moral,0.3226403984711496,0.23427309746967054,0.4006150215774199,0.04247148248176006
HP4002,676cda38d41e0a0ffae1fa4a|lt|1,676cda38d41e0a0ffae1fa4a,lt,1,10.0,12,3,Self-interest,0.3221822780645608,0.0535810052009482,0.3871205958516228,0.23711612088286813
HP4003,6695700163bdc868081f582c|lt|1,6695700163bdc868081f582c,lt,1,7.0,12,2,Mutual Benefit / Cooperation,0.2713919728628931,0.1417923310702475,0.14289320189890084,0.44392249416795865
HP4004,5ea7f2a576434f0008303441|lt|1,5ea7f2a576434f0008303441,lt,1,11.0,12,2,Mutual Benefit / Cooperation,0.3813583998590425,0.15417623837580485,0.17464123158205627,0.28982413018309633
HP4005,5edf3a73f4a50b1de157ff46|lt|1,5edf3a73f4a50b1de157ff46,lt,1,8.0,12,1,Moral,0.28020370755084273,0.4314036900609294,0.14869498099152917,0.13969762139669872
HP4006,6650ecda2657647b60a302eb|lt|1,6650ecda2657647b60a302eb,lt,1,10.0,12,2,Mutual Benefit / Cooperation,0.32218227806456035,0.05358100520094846,0.3871205958516228,0.2371161208828683
HP4007,5fad44ce8b587c0008f18de1|lt|1,5fad44ce8b587c0008f18de1,lt,1,8.0,12,0,No clear justification,0.4551818129120474,0.06871448305045794,0.18995264805449577,0.28615105598299895
HP4008,578bb26f6cc44500010448c8|lt|1,578bb26f6cc44500010448c8,lt,1,10.5,12,0,No clear justification,0.46305769050157997,0.284099642475741,0.19623309141858092,0.05660957560409809
HP4009,665ac7e640ab88f807fbb0c6|lt|1,665ac7e640ab88f807fbb0c6,lt,1,10.5,12,3,Self-interest,0.4033559421741594,0.05825205897775962,0.4102671741794488,0.12812482466863212
HP4010,66a8eda4f49a5a822db402ef|lt|1,66a8eda4f49a5a822db402ef,lt,1,8.0,12,3,Self-interest,0.1942958211554197,0.1813775478931521,0.5961680851718714,0.028158545779556825
HP4011,673e0f21862638c66615b402|lt|1,673e0f21862638c66615b402,lt,1,8.0,12,1,Moral,0.29075077542285954,0.2716782310623906,0.15054945433173278,0.2870215391830171
HP4012,55a47692fdf99b126e625257|lt|1,55a47692fdf99b126e625257,lt,1,12.0,12,0,No clear justification,0.4656012558037631,0.060838576522073834,0.4233503059561537,0.050209861718009396
HP4013,6776856f2c66987268831c12|lt|1,6776856f2c66987268831c12,lt,1,6.5,12,3,Self-interest,0.4033559421741594,0.05825205897775962,0.4102671741794488,0.12812482466863212
HP4014,5bf1c9d332cb3b0001f6f1c3|lt|1,5bf1c9d332cb3b0001f6f1c3,lt,1,10.0,12,0,No clear justification,0.5587297029701813,0.07369639005112955,0.20960320794269774,0.15797069903599142
HP4015,5f25681567da711e51c043ab|lt|1,5f25681567da711e51c043ab,lt,1,9.0,12,1,Moral,0.3879142970549455,0.2808800339594479,0.17836906662510743,0.15283660236049915
HP4016,5f05ef4bd552bc0009e5566c|lt|1,5f05ef4bd552bc0009e5566c,lt,1,9.0,12,0,No clear justification,0.562170799214523,0.16335489303374534,0.21282099851339903,0.06165330923833254
HP4017,677536fb35bfe170ef2d8f1e|lt|1,677536fb35bfe170ef2d8f1e,lt,1,10.5,12,0,No clear justification,0.4656012558037631,0.060838576522073834,0.4233503059561537,0.050209861718009396
HP4018,6763dc05af46629317e23da3|lt|1,6763dc05af46629317e23da3,lt,1,10.0,12,0,No clear justification,0.562170799214523,0.16335489303374534,0.21282099851339903,0.06165330923833254
HP4019,676fac42c5d67b8d23097ec2|lt|1,676fac42c5d67b8d23097ec2,lt,1,12.0,12,3,Self-interest,0.2688709663924994,0.23153750095449152,0.37852569055486335,0.12106584209814557
HP4020,60dc63cf94238618c443b2d9|lt|1,60dc63cf94238618c443b2d9,lt,1,9.0,12,3,Self-interest,0.4656012558037631,0.060838576522073834,0.4233503059561537,0.050209861718009396
HP4021,676766f61c9f4c0f0bdee598|lt|1,676766f61c9f4c0f0bdee598,lt,1,12.0,12,0,No clear justification,0.6376049573656807,0.07635988285421533,0.22194300705032713,0.06409215272977689
HP4022,5d4bf8571348c800174c6ecb|lt|1,5d4bf8571348c800174c6ecb,lt,1,11.0,12,2,Mutual Benefit / Cooperation,0.2713919728628931,0.14179233107024747,0.14289320189890084,0.44392249416795865
HP4023,5c2d0d21e263990001799ef3|lt|1,5c2d0d21e263990001799ef3,lt,1,6.0,12,1,Moral,0.1942958211554197,0.1813775478931518,0.5961680851718717,0.028158545779556787
HP4024,60170c02d3a5ad927c5ccb77|lt|1,60170c02d3a5ad927c5ccb77,lt,1,10.0,12,0,No clear justification,0.6376049573656807,0.07635988285421533,0.22194300705032713,0.06409215272977689
HP4025,6773d37facb21b017a209893|lt|1,6773d37facb21b017a209893,lt,1,8.0,12,1,Moral,0.23251714881317773,0.36565373218091846,0.3672327582544494,0.034596360751454586
HP4026,5d3f7902e945e000191de6e4|lt|1,5d3f7902e945e000191de6e4,lt,1,10.0,12,0,No clear justification,0.6376049573656807,0.07635988285421533,0.22194300705032713,0.06409215272977689
HP4027,5eaeeae9cde8075d1f14c369|lt|1,5eaeeae9cde8075d1f14c369,lt,1,12.0,12,3,Self-interest,0.4033559421741594,0.05825205897775962,0.4102671741794488,0.12812482466863212
HP4028,5a28bf2b8766a40001900b24|lt|1,5a28bf2b8766a40001900b24,lt,1,11.0,12,2,Mutual Benefit / Cooperation,0.3393394425446921,0.060598130311554047,0.16208028472077657,0.43798214242297734
HP4029,662613a0c132844f74a62143|lt|1,662613a0c132844f74a62143,lt,1,12.0,12,2,Mutual Benefit / Cooperation,0.5587297029701818,0.07369639005112959,0.20960320794269718,0.15797069903599148
HP4030,65181d02b39c0df9f861bdf7|lt|1,65181d02b39c0df9f861bdf7,lt,1,9.0,12,3,Self-interest,0.2340139986316789,0.04627730769359521,0.3507203523185842,0.3689883413561418
HP4031,672539aa74aa5a08ab440626|lt|1,672539aa74aa5a08ab440626,lt,1,11.5,12,0,No clear justification,0.46305769050157997,0.284099642475741,0.19623309141858092,0.05660957560409809
HP4032,65dca5938d478475cf3fe47f|lt|1,65dca5938d478475cf3fe47f,lt,1,12.0,12,2,Mutual Benefit / Cooperation,0.40335594217415943,0.05825205897775964,0.4102671741794488,0.12812482466863218
HP4033,5c61c7c590c46f00016a3598|lt|1,5c61c7c590c46f00016a3598,lt,1,8.0,12,0,No clear justification,0.562170799214523,0.16335489303374534,0.21282099851339903,0.06165330923833254
HP4034,59b73df56039190001eaa9e7|lt|1,59b73df56039190001eaa9e7,lt,1,10.0,12,0,No clear justification,0.3456277793564649,0.4374837544535208,0.16901613612027594,0.04787233006973837
HP4035,5d403b7d4e509a0019f664f0|lt|1,5d403b7d4e509a0019f664f0,lt,1,5.5,12,0,No clear justification,0.5587297029701818,0.07369639005112959,0.20960320794269718,0.15797069903599148
HP4036,5d59cb467ca41f0001e97e1f|lt|1,5d59cb467ca41f0001e97e1f,lt,1,9.0,12,1,Moral,0.3879142970549455,0.280880033959448,0.17836906662510774,0.1528366023604988
HP4037,67ace3fc5892a4d45463156b|lt|1,67ace3fc5892a4d45463156b,lt,1,12.0,12,0,No clear justification,0.4656012558037631,0.060838576522073834,0.4233503059561537,0.050209861718009396
HP4038,6656119c51d601a4abe8d5e9|lt|1,6656119c51d601a4abe8d5e9,lt,1,12.0,12,0,No clear justification,0.6376049573656807,0.07635988285421533,0.22194300705032713,0.06409215272977689
HP4039,631a030ace0fd33c62501d10|lt|1,631a030ace0fd33c62501d10,lt,1,9.0,12,0,No clear justification,0.26008534311106046,0.04262365201831846,0.6000358329106389,0.0972551719599822
HP4040,67d1926649cf8a4fd2b27d37|lt|1,67d1926649cf8a4fd2b27d37,lt,1,12.0,12,3,Self-interest,0.3221822780645608,0.0535810052009482,0.3871205958516228,0.23711612088286813
HP4041,5975b75a2356570001085d0c|lt|1,5975b75a2356570001085d0c,lt,1,9.0,12,3,Self-interest,0.26887096639249936,0.2315375009544914,0.3785256905548635,0.12106584209814557
HP4042,672d2977ae54935ef84a2b74|lt|1,672d2977ae54935ef84a2b74,lt,1,11.0,12,3,Self-interest,0.1942958211554197,0.1813775478931521,0.5961680851718714,0.028158545779556825
HP4043,60cb9d680909d3c4756c8a10|lt|1,60cb9d680909d3c4756c8a10,lt,1,10.0,12,0,No clear justification,0.6376049573656807,0.07635988285421533,0.22194300705032713,0.06409215272977689
HP4044,67722aa65639cba87301c81c|lt|1,67722aa65639cba87301c81c,lt,1,8.5,12,0,No clear justification,0.46305769050157997,0.284099642475741,0.19623309141858092,0.05660957560409809
HP4045,683cbc0c0c2d722831c8bc17|lt|1,683cbc0c0c2d722831c8bc17,lt,1,12.0,12,2,Mutual Benefit / Cooperation,0.2907507754228592,0.2716782310623906,0.15054945433173345,0.2870215391830168
HP4046,67add383589c14add2318b76|lt|1,67add383589c14add2318b76,lt,1,6.0,12,0,No clear justification,0.6376049573656807,0.07635988285421533,0.22194300705032713,0.06409215272977689
HP4047,67769241493edf11292d6766|lt|1,67769241493edf11292d6766,lt,1,9.0,12,0,No clear justification,0.6376049573656807,0.07635988285421533,0.22194300705032713,0.06409215272977689
HP4048,6701db7d27bdd24afded38f2|lt|1,6701db7d27bdd24afded38f2,lt,1,8.0,12,3,Self-interest,0.4033559421741594,0.05825205897775962,0.4102671741794488,0.12812482466863212
HP4049,5ff96b0f4c41e2257cad88a9|lt|1,5ff96b0f4c41e2257cad88a9,lt,1,10.0,12,1,Moral,0.3456277793564653,0.4374837544535197,0.16901613612027663,0.047872330069738435
HP4050,666450bcded6c84b0806511a|lt|1,666450bcded6c84b0806511a,lt,1,9.5,12,0,No clear justification,0.562170799214523,0.16335489303374534,0.21282099851339903,0.06165330923833254
HP4051,60a2c2ea04fc6b2de2f14da9|lt|1,60a2c2ea04fc6b2de2f14da9,lt,1,12.0,12,1,Moral,0.40266447400725497,0.1328542034794403,0.4170078720422523,0.047473450471052336
HP4052,5e7a6846f0f631000a4e2b9d|lt|1,5e7a6846f0f631000a4e2b9d,lt,1,10.0,12,1,Moral,0.2713919728628931,0.1417923310702475,0.14289320189890084,0.44392249416795865
HP4053,6670cffc0b0b33d080d23092|lt|1,6670cffc0b0b33d080d23092,lt,1,12.0,12,0,No clear justification,0.4551818129120474,0.06871448305045794,0.18995264805449577,0.28615105598299895
HP4054,5cdfb5e4b5dcb500011d0d07|lt|1,5cdfb5e4b5dcb500011d0d07,lt,1,12.0,12,0,No clear justification,0.6376049573656807,0.07635988285421533,0.22194300705032713,0.06409215272977689
HP4055,60fcc9bd0941136df8103299|lt|1,60fcc9bd0941136df8103299,lt,1,10.0,12,2,Mutual Benefit / Cooperation,0.5587297029701818,0.07369639005112959,0.20960320794269718,0.15797069903599148
HP4056,5fb4f7b816ba5b1868ac6bd2|lt|1,5fb4f7b816ba5b1868ac6bd2,lt,1,12.0,12,2,Mutual Benefit / Cooperation,0.3393394425446921,0.060598130311554047,0.16208028472077657,0.43798214242297734
HP4057,673928131ab7d604bcf2c23a|lt|1,673928131ab7d604bcf2c23a,lt,1,12.0,12,0,No clear justification,0.6376049573656807,0.07635988285421533,0.22194300705032713,0.06409215272977689
HP4058,5f512e03b3a4953287604eed|lt|1,5f512e03b3a4953287604eed,lt,1,10.0,12,1,Moral,0.3879142970549455,0.2808800339594479,0.17836906662510743,0.15283660236049915
HP4059,6286737e656f5b75009aae55|lt|1,6286737e656f5b75009aae55,lt,1,8.0,12,1,Moral,0.4836565107064726,0.1606567718665575,0.1979755525640671,0.15771116486290282
HP4060,67375e9176409bd468c25d2d|lt|1,67375e9176409bd468c25d2d,lt,1,10.0,12,0,No clear justification,0.6376049573656807,0.07635988285421533,0.22194300705032713,0.06409215272977689
HP4061,66d045a6b838b2a1ff99653a|lt|1,66d045a6b838b2a1ff99653a,lt,1,10.0,12,0,No clear justification,0.46305769050157997,0.284099642475741,0.19623309141858092,0.05660957560409809
HP4062,5af3c4e197a14300017d3f49|lt|1,5af3c4e197a14300017d3f49,lt,1,10.5,12,2,Mutual Benefit / Cooperation,0.34315270764656686,0.13018935964505737,0.3999972292226042,0.12666070348577158
HP4063,5ceae0b53060280001a063a0|lt|1,5ceae0b53060280001a063a0,lt,1,7.0,12,1,Moral,0.22010966959486233,0.6167916048211656,0.1282324851498091,0.034866240434163
HP4064,616ad0257b1caa4a86077d01|lt|1,616ad0257b1caa4a86077d01,lt,1,9.0,12,2,Mutual Benefit / Cooperation,0.3393394425446927,0.060598130311554074,0.16208028472077673,0.43798214242297645
HP4065,6102d892986a0f83785e2470|lt|1,6102d892986a0f83785e2470,lt,1,8.0,12,3,Self-interest,0.402664474007255,0.13285420347944024,0.4170078720422523,0.04747345047105236
HP4066,5de81d685a8f94795b893d45|lt|1,5de81d685a8f94795b893d45,lt,1,9.0,12,3,Self-interest,0.2600853431110605,0.042623652018318484,0.6000358329106389,0.09725517195998225
HP4067,664b530d4cf8b88b68548a11|lt|1,664b530d4cf8b88b68548a11,lt,1,12.0,12,2,Mutual Benefit / Cooperation,0.2713919728628929,0.14179233107024675,0.1428932018989007,0.44392249416795965
HP4068,659c01027a942e6d4d2bd6a4|lt|1,659c01027a942e6d4d2bd6a4,lt,1,10.0,12,1,Moral,0.23251714881317753,0.36565373218091846,0.3672327582544494,0.03459636075145456
HP4069,5f147c831589684ed6fd4cb8|lt|1,5f147c831589684ed6fd4cb8,lt,1,6.0,12,3,Self-interest,0.25595385467441073,0.10153059522356363,0.6093104582087867,0.03320509189323909
HP4070,6095ed23bec8c0d7681c5d28|lt|1,6095ed23bec8c0d7681c5d28,lt,1,12.0,12,1,Moral,0.3226403984711496,0.23427309746967054,0.4006150215774199,0.04247148248176006
HP4071,5c8fa44e045ff10012b60821|lt|1,5c8fa44e045ff10012b60821,lt,1,12.0,12,1,Moral,0.5621707992145228,0.16335489303374545,0.21282099851339917,0.06165330923833254
HP4072,67d89d92eb4323537c13b656|lt|1,67d89d92eb4323537c13b656,lt,1,9.0,12,1,Moral,0.3879142970549455,0.280880033959448,0.17836906662510774,0.1528366023604988
HP4073,676ab6e8d3d98bb7f5865d13|lt|1,676ab6e8d3d98bb7f5865d13,lt,1,10.0,12,3,Self-interest,0.4656012558037631,0.060838576522073834,0.4233503059561537,0.050209861718009396
HP4074,5cbd8e0cb7cea800156a9d31|lt|1,5cbd8e0cb7cea800156a9d31,lt,1,12.0,12,1,Moral,0.5621707992145228,0.16335489303374545,0.21282099851339917,0.06165330923833254
HP4075,596de39c9fd5ee0001b704c3|lt|1,596de39c9fd5ee0001b704c3,lt,1,12.0,12,2,Mutual Benefit / Cooperation,0.2713919728628931,0.1417923310702475,0.14289320189890084,0.44392249416795865
HP4076,62fe13bf9032439ae4505fc0|lt|1,62fe13bf9032439ae4505fc0,lt,1,12.0,12,3,Self-interest,0.26008534311106074,0.04262365201831858,0.6000358329106383,0.09725517195998229
HP4077,62e301547b1843587f6b0827|lt|1,62e301547b1843587f6b0827,lt,1,10.0,12,3,Self-interest,0.4026644740072552,0.13285420347944024,0.4170078720422523,0.04747345047105238
HP4078,66047d18ebfced908bcde49d|lt|1,66047d18ebfced908bcde49d,lt,1,11.0,12,2,Mutual Benefit / Cooperation,0.2600853431110606,0.04262365201831856,0.6000358329106384,0.09725517195998237
HP4079,664413a1fae91cf971a208f7|lt|1,664413a1fae91cf971a208f7,lt,1,12.0,12,0,No clear justification,0.6376049573656807,0.07635988285421533,0.22194300705032713,0.06409215272977689
HP4080,666344916bdba2e2c980dcd0|lt|1,666344916bdba2e2c980dcd0,lt,1,6.0,12,0,No clear justification,0.25595385467441073,0.10153059522356363,0.6093104582087867,0.03320509189323909
HP4081,691dfb0644251a1bff8b8fc0|lt|1,691dfb0644251a1bff8b8fc0,lt,1,12.0,12,2,Mutual Benefit / Cooperation,0.5587297029701818,0.07369639005112959,0.20960320794269718,0.15797069903599148
HP4082,5ba9875fc16a9c000149a54e|lt|1,5ba9875fc16a9c000149a54e,lt,1,12.0,12,2,Mutual Benefit / Cooperation,0.4836565107064727,0.1606567718665574,0.1979755525640671,0.15771116486290268
HP4083,691f7251736800a19a923c4d|lt|1,691f7251736800a19a923c4d,lt,1,6.0,12,3,Self-interest,0.14475994314119014,0.07362316841864823,0.7606067933431959,0.021010095096965744
HP4084,5dfedfbb557425b599c8c523|lt|1,5dfedfbb557425b599c8c523,lt,1,8.0,12,0,No clear justification,0.4656012558037631,0.060838576522073834,0.4233503059561537,0.050209861718009396
HP4085,5c1ae3a0b39cf30001b5b03a|lt|1,5c1ae3a0b39cf30001b5b03a,lt,1,10.0,12,0,No clear justification,0.6376049573656807,0.07635988285421533,0.22194300705032713,0.06409215272977689
HP4086,674cb1e5dd135ab435dece3f|lt|1,674cb1e5dd135ab435dece3f,lt,1,12.0,12,3,Self-interest,0.34315270764656686,0.13018935964505737,0.39999722922260417,0.12666070348577163
HP4087,67c0ee3c27278be601aa384d|lt|1,67c0ee3c27278be601aa384d,lt,1,12.0,12,3,Self-interest,0.26606430115584073,0.12423237874757379,0.3706648472156473,0.2390384728809382
HP4088,5c65739723f6300001380c2c|lt|1,5c65739723f6300001380c2c,lt,1,8.0,12,0,No clear justification,0.6376049573656807,0.07635988285421533,0.22194300705032713,0.06409215272977689
HP4089,6554d04c73158a94d70192dd|lt|1,6554d04c73158a94d70192dd,lt,1,9.0,12,3,Self-interest,0.18272984518080493,0.03162385073934382,0.7613993876789305,0.024246916400920925
HP4090,661124ea6eb49e5f25077328|lt|1,661124ea6eb49e5f25077328,lt,1,11.0,12,0,No clear justification,0.6376049573656807,0.07635988285421533,0.22194300705032713,0.06409215272977689
HP4091,5ceac2dd06aa230001363420|lt|1,5ceac2dd06aa230001363420,lt,1,8.5,12,0,No clear justification,0.6376049573656807,0.07635988285421533,0.22194300705032713,0.06409215272977689
HP4092,6648c20d6429196c77d342d9|lt|1,6648c20d6429196c77d342d9,lt,1,10.0,12,3,Self-interest,0.18272984518080493,0.03162385073934382,0.7613993876789305,0.024246916400920925
HP4093,5b75532d2aef0d0001c22f5c|lt|1,5b75532d2aef0d0001c22f5c,lt,1,8.0,12,2,Mutual Benefit / Cooperation,0.2600853431110606,0.04262365201831856,0.6000358329106384,0.09725517195998237
HP4094,5e8753cc28aacd3abe3bc37a|lt|1,5e8753cc28aacd3abe3bc37a,lt,1,12.0,12,0,No clear justification,0.5587297029701818,0.07369639005112959,0.20960320794269718,0.15797069903599148
HP4095,5f0736cfad4f1e0c3c838655|lt|1,5f0736cfad4f1e0c3c838655,lt,1,9.5,12,0,No clear justification,0.6376049573656807,0.07635988285421533,0.22194300705032713,0.06409215272977689
HP4096,6315fdca8c4637cea9f114cf|lt|1,6315fdca8c4637cea9f114cf,lt,1,8.0,12,3,Self-interest,0.26606430115584073,0.12423237874757379,0.3706648472156473,0.2390384728809382
HP4097,67606c975d33dc79c280063e|lt|1,67606c975d33dc79c280063e,lt,1,12.0,12,3,Self-interest,0.26606430115584073,0.12423237874757379,0.3706648472156473,0.2390384728809382
HP4098,5b35824a975e260001e9b7a6|lt|1,5b35824a975e260001e9b7a6,lt,1,8.0,12,0,No clear justification,0.4656012558037631,0.060838576522073834,0.4233503059561537,0.050209861718009396
HP4099,6659056212616c7213f702c5|lt|1,6659056212616c7213f702c5,lt,1,6.0,12,3,Self-interest,0.3221822780645608,0.0535810052009482,0.3871205958516228,0.23711612088286813
HP4100,660452d6f4aa3a41d687885b|lt|1,660452d6f4aa3a41d687885b,lt,1,9.0,12,0,No clear justification,0.4656012558037631,0.060838576522073834,0.4233503059561537,0.050209861718009396
HP4101,5c8808098d2bbf0017e4b527|lt|1,5c8808098d2bbf0017e4b527,lt,1,5.5,12,0,No clear justification,0.6376049573656807,0.07635988285421533,0.22194300705032713,0.06409215272977689
HP4102,5d853d4eecc7dc001850467f|lt|1,5d853d4eecc7dc001850467f,lt,1,9.0,12,3,Self-interest,0.2340139986316789,0.04627730769359521,0.3507203523185842,0.3689883413561418
HP4103,576fc3462984e70001a97fc3|lt|1,576fc3462984e70001a97fc3,lt,1,8.0,12,1,Moral,0.23251714881317753,0.36565373218091846,0.3672327582544494,0.03459636075145456
HP4104,611ec117c0e26bf092778d95|lt|1,611ec117c0e26bf092778d95,lt,1,8.0,12,0,No clear justification,0.6376049573656807,0.07635988285421533,0.22194300705032713,0.06409215272977689
HP4105,63f8c03565ab09c02469ccd3|lt|1,63f8c03565ab09c02469ccd3,lt,1,10.0,12,0,No clear justification,0.6376049573656807,0.07635988285421533,0.22194300705032713,0.06409215272977689
HP4106,5d37ad921c16bb0015281337|lt|1,5d37ad921c16bb0015281337,lt,1,8.0,12,0,No clear justification,0.5587297029701818,0.07369639005112959,0.20960320794269718,0.15797069903599148
HP4107,5a01d6877542890001aa63ad|lt|1,5a01d6877542890001aa63ad,lt,1,8.0,12,2,Mutual Benefit / Cooperation,0.4836565107064727,0.1606567718665574,0.1979755525640671,0.15771116486290268
HP4108,65f8caa8238a933fdf42f4c3|lt|1,65f8caa8238a933fdf42f4c3,lt,1,10.0,12,0,No clear justification,0.4551818129120474,0.06871448305045794,0.18995264805449577,0.28615105598299895
HP4109,62b058e8e1cfcf6b53124931|lt|1,62b058e8e1cfcf6b53124931,lt,1,12.0,12,0,No clear justification,0.30675424471882484,0.045289715918476525,0.6116281669498328,0.03632787241286571
HP4110,55a1321efdf99b6ec83c214e|lt|1,55a1321efdf99b6ec83c214e,lt,1,6.5,12,1,Moral,0.1942958211554197,0.1813775478931518,0.5961680851718717,0.028158545779556787
HP4111,63f0e61bbeb61d5ced623832|lt|1,63f0e61bbeb61d5ced623832,lt,1,11.0,12,0,No clear justification,0.6376049573656807,0.07635988285421533,0.22194300705032713,0.06409215272977689
HP4112,61f2abdca09e72f23cbaf4c4|lt|1,61f2abdca09e72f23cbaf4c4,lt,1,8.0,12,0,No clear justification,0.26008534311106046,0.04262365201831846,0.6000358329106389,0.0972551719599822
HP4113,662ac5849e0f931cc08e32b7|lt|1,662ac5849e0f931cc08e32b7,lt,1,10.5,12,2,Mutual Benefit / Cooperation,0.5587297029701818,0.07369639005112959,0.20960320794269718,0.15797069903599148
HP4114,63bd81465a7246c0da98e4bd|lt|1,63bd81465a7246c0da98e4bd,lt,1,9.0,12,3,Self-interest,0.21416508557691644,0.09843450084914732,0.5933717393668064,0.09402867420712982
HP4115,610bff0262daf619c12a7cec|lt|1,610bff0262daf619c12a7cec,lt,1,9.0,12,0,No clear justification,0.30675424471882484,0.045289715918476525,0.6116281669498328,0.03632787241286571
HP4116,66e9b926c782e4f47a05ec7c|lt|1,66e9b926c782e4f47a05ec7c,lt,1,9.0,12,1,Moral,0.22010966959486233,0.6167916048211656,0.1282324851498091,0.034866240434163
HP4117,66452f8e6f5cff92c469b400|lt|1,66452f8e6f5cff92c469b400,lt,1,12.0,12,2,Mutual Benefit / Cooperation,0.5587297029701818,0.07369639005112959,0.20960320794269718,0.15797069903599148
HP4118,664a375e07e464189e4b25f4|lt|1,664a375e07e464189e4b25f4,lt,1,12.0,12,2,Mutual Benefit / Cooperation,0.22272334567598517,0.04853554739156387,0.12509975949600977,0.6036413474364413
HP4119,60369ae814f750ef3d063c3e|lt|1,60369ae814f750ef3d063c3e,lt,1,12.0,12,2,Mutual Benefit / Cooperation,0.3813583998590425,0.15417623837580485,0.17464123158205627,0.28982413018309633
HP4120,66f480695684a9ff1f525bf8|lt|1,66f480695684a9ff1f525bf8,lt,1,11.5,12,2,Mutual Benefit / Cooperation,0.5587297029701818,0.07369639005112959,0.20960320794269718,0.15797069903599148
HP4121,5e1465b599b282a6feec000b|lt|1,5e1465b599b282a6feec000b,lt,1,12.0,12,3,Self-interest,0.23251714881317773,0.3656537321809181,0.3672327582544494,0.034596360751454586
HP4122,5eeb621a7c83c62d2473afb1|lt|1,5eeb621a7c83c62d2473afb1,lt,1,9.0,12,0,No clear justification,0.255953854674411,0.10153059522356367,0.609310458208786,0.03320509189323912
HP4123,5c9034a2eedbd9001573ca14|lt|1,5c9034a2eedbd9001573ca14,lt,1,10.0,12,2,Mutual Benefit / Cooperation,0.2713919728628931,0.14179233107024747,0.14289320189890084,0.44392249416795865
HP4124,63ea42db4a818f990ef95828|lt|1,63ea42db4a818f990ef95828,lt,1,10.0,12,3,Self-interest,0.15055234965626643,0.02897066128457287,0.7509676611204319,0.0695093279387289
HP4125,6760549abba4d747ab270c17|lt|1,6760549abba4d747ab270c17,lt,1,6.0,12,3,Self-interest,0.4656012558037631,0.060838576522073834,0.4233503059561537,0.050209861718009396
HP4126,5727d93522e522000e7a0a3c|lt|1,5727d93522e522000e7a0a3c,lt,1,10.0,12,3,Self-interest,0.26606430115584073,0.12423237874757379,0.3706648472156473,0.2390384728809382
HP4127,65de2dd9077f463fedd79272|lt|1,65de2dd9077f463fedd79272,lt,1,10.5,12,0,No clear justification,0.6376049573656807,0.07635988285421533,0.22194300705032713,0.06409215272977689
HP4128,57e028b7ccd0230001fc2462|lt|1,57e028b7ccd0230001fc2462,lt,1,9.0,12,0,No clear justification,0.5621707992145228,0.16335489303374534,0.21282099851339922,0.06165330923833254
HP4129,57ff671cb80310000163ef44|lt|1,57ff671cb80310000163ef44,lt,1,12.0,12,0,No clear justification,0.5587297029701818,0.07369639005112959,0.20960320794269718,0.15797069903599148
HP4130,655f8e46111e1df6951e1ede|lt|1,655f8e46111e1df6951e1ede,lt,1,12.0,12,3,Self-interest,0.34315270764656686,0.13018935964505737,0.3999972292226042,0.12666070348577152
HP4131,59bb9e3a178f1b0001828b12|lt|1,59bb9e3a178f1b0001828b12,lt,1,9.0,12,2,Mutual Benefit / Cooperation,0.3393394425446921,0.060598130311554047,0.16208028472077657,0.43798214242297734
HP4132,66bcad01dafba28daa9de5f5|lt|1,66bcad01dafba28daa9de5f5,lt,1,10.0,12,0,No clear justification,0.6376049573656807,0.07635988285421533,0.22194300705032713,0.06409215272977689
HP4133,6661c9ae13d2c1b196d73a43|lt|1,6661c9ae13d2c1b196d73a43,lt,1,8.0,12,0,No clear justification,0.6376049573656807,0.07635988285421533,0.22194300705032713,0.06409215272977689
HP4134,57a36f499bd3d70001e5230e|lt|1,57a36f499bd3d70001e5230e,lt,1,9.0,12,1,Moral,0.3456277793564653,0.4374837544535197,0.16901613612027663,0.047872330069738435
HP4135,677fe8f15da513719cd02875|lt|1,677fe8f15da513719cd02875,lt,1,12.0,12,3,Self-interest,0.23251714881317773,0.3656537321809181,0.3672327582544494,0.034596360751454586
HP4136,61659faa6b39511ab186acf1|lt|1,61659faa6b39511ab186acf1,lt,1,10.0,12,0,No clear justification,0.562170799214523,0.16335489303374534,0.21282099851339903,0.06165330923833254
HP4137,66951e2884e437c69d8a2fe1|lt|1,66951e2884e437c69d8a2fe1,lt,1,8.0,12,0,No clear justification,0.5587297029701813,0.07369639005112952,0.20960320794269754,0.15797069903599156
HP4138,655b67877536d232728dfa6c|lt|1,655b67877536d232728dfa6c,lt,1,8.0,12,3,Self-interest,0.3221822780645608,0.0535810052009482,0.3871205958516228,0.23711612088286813
HP4139,5e94acdc3d1b5780b00d12ff|lt|1,5e94acdc3d1b5780b00d12ff,lt,1,8.0,12,3,Self-interest,0.4033559421741594,0.05825205897775962,0.4102671741794488,0.12812482466863212
HP4140,5e63f5da8a25da181c011cad|lt|1,5e63f5da8a25da181c011cad,lt,1,9.0,12,0,No clear justification,0.5587297029701813,0.07369639005112955,0.20960320794269774,0.15797069903599142
HP4141,6760acee7b448e51215b1910|lt|1,6760acee7b448e51215b1910,lt,1,12.0,12,0,No clear justification,0.4033559421741593,0.05825205897775962,0.4102671741794488,0.12812482466863212
HP4142,6392360efb6e254ffd31e722|lt|1,6392360efb6e254ffd31e722,lt,1,10.0,12,2,Mutual Benefit / Cooperation,0.3879142970549455,0.2808800339594481,0.17836906662510743,0.152836602360499
HP4143,66ec9f0832d1bc82239af5a1|lt|1,66ec9f0832d1bc82239af5a1,lt,1,12.0,12,0,No clear justification,0.4656012558037631,0.060838576522073834,0.4233503059561537,0.050209861718009396
HP4144,60f8658bf9d1627d3bc87a3d|lt|1,60f8658bf9d1627d3bc87a3d,lt,1,12.0,12,0,No clear justification,0.6376049573656807,0.07635988285421533,0.22194300705032713,0.06409215272977689
HP4145,63bc41d60e8e60fdcb423208|lt|1,63bc41d60e8e60fdcb423208,lt,1,8.0,12,0,No clear justification,0.40335594217415904,0.0582520589777598,0.4102671741794489,0.12812482466863218
HP4146,5b52f4933234ab00014ca442|lt|1,5b52f4933234ab00014ca442,lt,1,6.0,12,1,Moral,0.23251714881317753,0.36565373218091846,0.3672327582544494,0.03459636075145456
HP4147,671a9506b90ee5e2d532c12d|lt|1,671a9506b90ee5e2d532c12d,lt,1,10.5,12,0,No clear justification,0.5587297029701818,0.07369639005112959,0.20960320794269718,0.15797069903599148
HP4148,5e8d96efe32229018dec69dd|lt|1,5e8d96efe32229018dec69dd,lt,1,8.0,12,0,No clear justification,0.562170799214523,0.16335489303374534,0.21282099851339903,0.06165330923833254
HP4149,66d87a86976e6622bb873a30|lt|1,66d87a86976e6622bb873a30,lt,1,9.0,12,2,Mutual Benefit / Cooperation,0.5587297029701818,0.07369639005112959,0.20960320794269718,0.15797069903599148
HP4150,5ed62b33b663bd01d5aaa248|lt|1,5ed62b33b663bd01d5aaa248,lt,1,10.0,12,0,No clear justification,0.562170799214523,0.16335489303374534,0.21282099851339903,0.06165330923833254
HP4151,5c3cb9759883d4000141f800|lt|1,5c3cb9759883d4000141f800,lt,1,9.5,12,3,Self-interest,0.2688709663924991,0.23153750095449166,0.3785256905548636,0.12106584209814557
HP4152,60318abd5f6c24103dd02a1f|lt|1,60318abd5f6c24103dd02a1f,lt,1,6.0,12,3,Self-interest,0.4656012558037631,0.060838576522073834,0.4233503059561537,0.050209861718009396
HP4153,5defac7e56b506000cdd3b32|lt|1,5defac7e56b506000cdd3b32,lt,1,10.5,12,2,Mutual Benefit / Cooperation,0.2340139986316788,0.046277307693595254,0.35072035231858434,0.3689883413561418
HP4154,5d8998025e8a740001d6e2f1|lt|1,5d8998025e8a740001d6e2f1,lt,1,12.0,12,2,Mutual Benefit / Cooperation,0.3393394425446927,0.060598130311554074,0.16208028472077673,0.43798214242297645
HP4155,6268f4810cd59e084565cfef|lt|1,6268f4810cd59e084565cfef,lt,1,10.0,12,3,Self-interest,0.32264039847114956,0.23427309746967054,0.40061502157741974,0.04247148248176006
HP4156,672da8c47dddf2de17d21700|lt|1,672da8c47dddf2de17d21700,lt,1,12.0,12,0,No clear justification,0.3813583998590428,0.15417623837580482,0.17464123158205638,0.2898241301830961
HP4157,63b5eb0ec316229203f1ddae|lt|1,63b5eb0ec316229203f1ddae,lt,1,12.0,12,2,Mutual Benefit / Cooperation,0.5587297029701818,0.07369639005112959,0.20960320794269718,0.15797069903599148
HP4158,5f562fc05e6f8a000965cbd5|lt|1,5f562fc05e6f8a000965cbd5,lt,1,12.0,12,2,Mutual Benefit / Cooperation,0.4551818129120474,0.06871448305045794,0.18995264805449577,0.28615105598299895
HP4159,5f9feb9ec2db9f03550e62a9|lt|1,5f9feb9ec2db9f03550e62a9,lt,1,9.0,12,0,No clear justification,0.6376049573656807,0.07635988285421533,0.22194300705032713,0.06409215272977689
HP4160,596a3b32670f410001fe95d9|lt|1,596a3b32670f410001fe95d9,lt,1,12.0,12,0,No clear justification,0.5621707992145228,0.16335489303374534,0.21282099851339922,0.06165330923833254
HP4161,64403633e042e91beabe9645|lt|1,64403633e042e91beabe9645,lt,1,12.0,12,3,Self-interest,0.2600853431110605,0.042623652018318484,0.6000358329106389,0.09725517195998225
HP4162,66736ce8318acf5878cae8c6|lt|1,66736ce8318acf5878cae8c6,lt,1,11.0,12,0,No clear justification,0.6376049573656807,0.07635988285421533,0.22194300705032713,0.06409215272977689
HP4163,6047a75fb0f5940008f35cc5|lt|1,6047a75fb0f5940008f35cc5,lt,1,12.0,12,3,Self-interest,0.2340139986316789,0.04627730769359521,0.3507203523185842,0.3689883413561418
HP4164,5f032c613963d04d69c9327b|lt|1,5f032c613963d04d69c9327b,lt,1,10.0,12,0,No clear justification,0.6376049573656807,0.07635988285421533,0.22194300705032713,0.06409215272977689
HP4165,5e3c4d1621c442033da7bcd8|lt|1,5e3c4d1621c442033da7bcd8,lt,1,7.0,12,3,Self-interest,0.4033559421741594,0.05825205897775962,0.4102671741794488,0.12812482466863212
HP4166,5da742be98c680001539f67f|lt|1,5da742be98c680001539f67f,lt,1,12.0,12,1,Moral,0.46305769050157997,0.284099642475741,0.19623309141858092,0.05660957560409809
HP4167,67fbe9a435667f13b9bb1371|lt|1,67fbe9a435667f13b9bb1371,lt,1,10.5,12,1,Moral,0.40266447400725514,0.1328542034794403,0.41700787204225215,0.04747345047105238
HP4168,6755651ef09a9d6e99e56659|lt|1,6755651ef09a9d6e99e56659,lt,1,10.0,12,2,Mutual Benefit / Cooperation,0.40335594217415943,0.05825205897775964,0.4102671741794488,0.12812482466863218
HP4169,6158593456f99ff86a8b4187|lt|1,6158593456f99ff86a8b4187,lt,1,8.0,12,3,Self-interest,0.4656012558037631,0.060838576522073834,0.4233503059561537,0.050209861718009396
HP4170,68852bb3841485125559a020|lt|1,68852bb3841485125559a020,lt,1,10.0,12,2,Mutual Benefit / Cooperation,0.38791429705494535,0.28088003395944816,0.17836906662510774,0.15283660236049876
HP4171,5ea95b611389ca0385877dcb|lt|1,5ea95b611389ca0385877dcb,lt,1,10.0,12,0,No clear justification,0.182729845180805,0.0316238507393438,0.7613993876789301,0.024246916400920946
HP4172,6727d409f712a40c69603853|lt|1,6727d409f712a40c69603853,lt,1,9.0,12,0,No clear justification,0.562170799214523,0.16335489303374534,0.21282099851339903,0.06165330923833254
HP4173,668c893a3a9a1a960c28e9ad|lt|1,668c893a3a9a1a960c28e9ad,lt,1,12.0,12,0,No clear justification,0.4551818129120474,0.06871448305045794,0.18995264805449577,0.28615105598299895
HP4174,67ebfee1b828dce41616f576|lt|1,67ebfee1b828dce41616f576,lt,1,8.0,12,2,Mutual Benefit / Cooperation,0.4836565107064727,0.1606567718665574,0.1979755525640671,0.15771116486290268
HP4175,5e306c4316d4ec06c0287a80|lt|1,5e306c4316d4ec06c0287a80,lt,1,10.0,12,0,No clear justification,0.4026644740072551,0.13285420347944019,0.41700787204225226,0.04747345047105236
HP4176,6061ea5fba199ba84a255ee5|lt|1,6061ea5fba199ba84a255ee5,lt,1,10.0,12,0,No clear justification,0.6376049573656807,0.07635988285421533,0.22194300705032713,0.06409215272977689
HP4177,5f6cdb4fc534270f82e4d8ca|lt|1,5f6cdb4fc534270f82e4d8ca,lt,1,8.0,12,3,Self-interest,0.4033559421741594,0.05825205897775962,0.4102671741794488,0.12812482466863212
HP4178,6683fb1074d2f32d21b99da2|lt|1,6683fb1074d2f32d21b99da2,lt,1,10.0,12,0,No clear justification,0.4836565107064726,0.1606567718665574,0.1979755525640671,0.1577111648629029
HP4179,67ace31300abf1fb686b8ce1|lt|1,67ace31300abf1fb686b8ce1,lt,1,10.0,12,1,Moral,0.5621707992145228,0.16335489303374545,0.21282099851339917,0.06165330923833254
HP4180,5fa18024e8db28293edae14e|lt|1,5fa18024e8db28293edae14e,lt,1,0.0,12,1,Moral,0.5621707992145228,0.16335489303374545,0.21282099851339917,0.06165330923833254
HP4181,670d2af9c00f086b201e9f70|lt|1,670d2af9c00f086b201e9f70,lt,1,9.0,12,0,No clear justification,0.562170799214523,0.16335489303374534,0.21282099851339903,0.06165330923833254
HP4182,67542e9190f072ebdb98befb|lt|1,67542e9190f072ebdb98befb,lt,1,12.0,12,0,No clear justification,0.30675424471882484,0.045289715918476525,0.6116281669498328,0.03632787241286571
HP4183,5ea29c5cad06661b01230684|lt|1,5ea29c5cad06661b01230684,lt,1,10.0,12,0,No clear justification,0.32218227806456035,0.05358100520094846,0.3871205958516228,0.2371161208828683
HP4184,6667015e358c1fe41b8a3d7f|lt|1,6667015e358c1fe41b8a3d7f,lt,1,10.0,12,1,Moral,0.3879142970549455,0.2808800339594479,0.17836906662510743,0.15283660236049915
HP4185,62ea1958011121255c2af25b|lt|1,62ea1958011121255c2af25b,lt,1,8.0,12,1,Moral,0.255953854674411,0.10153059522356367,0.609310458208786,0.03320509189323912
HP4186,691dfaf764d87fff5030d0ca|lt|1,691dfaf764d87fff5030d0ca,lt,1,12.0,12,0,No clear justification,0.6376049573656807,0.07635988285421533,0.22194300705032713,0.06409215272977689
HP4187,5f4929f20aa4ce437e659be0|lt|1,5f4929f20aa4ce437e659be0,lt,1,8.0,12,3,Self-interest,0.32264039847114956,0.23427309746967054,0.40061502157741974,0.04247148248176006
HP4188,5cd801d431d19f0019425e2e|lt|1,5cd801d431d19f0019425e2e,lt,1,6.0,12,2,Mutual Benefit / Cooperation,0.2688709663924994,0.23153750095449152,0.3785256905548634,0.12106584209814562
HP4189,664ebfd573450db2596c40a8|lt|1,664ebfd573450db2596c40a8,lt,1,10.0,12,1,Moral,0.5621707992145228,0.16335489303374545,0.21282099851339917,0.06165330923833254
HP4190,5e40458fee95202846ccf7f3|lt|1,5e40458fee95202846ccf7f3,lt,1,10.0,12,3,Self-interest,0.4656012558037631,0.060838576522073834,0.4233503059561537,0.050209861718009396
HP4191,5c2a799737ae5200017c7712|lt|1,5c2a799737ae5200017c7712,lt,1,12.0,12,0,No clear justification,0.4656012558037631,0.060838576522073834,0.4233503059561537,0.050209861718009396
HP4192,673b834c1ca9feb154a86523|lt|1,673b834c1ca9feb154a86523,lt,1,10.0,12,1,Moral,0.22010966959486233,0.6167916048211656,0.1282324851498091,0.034866240434163
HP4193,6727af89081bd9f0e0d0973d|lt|1,6727af89081bd9f0e0d0973d,lt,1,7.0,12,1,Moral,0.26887096639249924,0.23153750095449152,0.37852569055486346,0.12106584209814562
HP4194,644012a89ef81bc3c9412c6e|lt|1,644012a89ef81bc3c9412c6e,lt,1,12.0,12,2,Mutual Benefit / Cooperation,0.4836565107064727,0.1606567718665574,0.1979755525640671,0.15771116486290268
HP4195,5661bce973ac87001180413a|lt|1,5661bce973ac87001180413a,lt,1,10.0,12,3,Self-interest,0.4656012558037631,0.060838576522073834,0.4233503059561537,0.050209861718009396
HP4196,60bbea726dc12dd57d5f1b94|lt|1,60bbea726dc12dd57d5f1b94,lt,1,6.0,12,0,No clear justification,0.5587297029701813,0.07369639005112952,0.20960320794269754,0.15797069903599156
HP4197,5a1e86ce8671dc00018fd021|lt|1,5a1e86ce8671dc00018fd021,lt,1,10.0,12,2,Mutual Benefit / Cooperation,0.4836565107064726,0.1606567718665574,0.1979755525640671,0.1577111648629029
HP4198,678d789825b7bb6a61559cd4|lt|1,678d789825b7bb6a61559cd4,lt,1,10.0,12,1,Moral,0.3879142970549455,0.280880033959448,0.17836906662510774,0.1528366023604988
HP4199,5ee4c4b42c280d1cd26cfe3d|lt|1,5ee4c4b42c280d1cd26cfe3d,lt,1,6.0,12,1,Moral,0.3456277793564653,0.4374837544535197,0.16901613612027663,0.047872330069738435
HP4200,60dc2e4561212c8a723d6425|lt|1,60dc2e4561212c8a723d6425,lt,1,12.0,12,2,Mutual Benefit / Cooperation,0.2600853431110606,0.04262365201831856,0.6000358329106384,0.09725517195998237
HP4201,5ca76940b73600000157b4f1|lt|1,5ca76940b73600000157b4f1,lt,1,10.0,12,2,Mutual Benefit / Cooperation,0.22272334567598517,0.04853554739156387,0.12509975949600977,0.6036413474364413
HP4202,65c6762ea86de7fbe4ac9406|lt|1,65c6762ea86de7fbe4ac9406,lt,1,8.0,12,1,Moral,0.23251714881317773,0.36565373218091846,0.3672327582544494,0.034596360751454586
HP4203,6581664bd74bbb952b06c79d|lt|1,6581664bd74bbb952b06c79d,lt,1,6.0,12,0,No clear justification,0.5587297029701818,0.07369639005112959,0.20960320794269718,0.15797069903599148
HP4204,5dcedfe8dfe9da02dbb08f4f|lt|1,5dcedfe8dfe9da02dbb08f4f,lt,1,10.0,12,1,Moral,0.4836565107064727,0.1606567718665574,0.1979755525640671,0.15771116486290268
HP4205,6266aa7132e3a5bf1631ac1b|lt|1,6266aa7132e3a5bf1631ac1b,lt,1,10.0,12,3,Self-interest,0.23251714881317773,0.3656537321809181,0.3672327582544494,0.034596360751454586
HP4206,5db6553837647d000bb049ab|lt|1,5db6553837647d000bb049ab,lt,1,12.0,12,2,Mutual Benefit / Cooperation,0.5587297029701818,0.07369639005112959,0.20960320794269718,0.15797069903599148
HP4207,645bd48e67d52bbdcad03398|lt|1,645bd48e67d52bbdcad03398,lt,1,11.0,12,0,No clear justification,0.4551818129120474,0.06871448305045794,0.18995264805449577,0.28615105598299895
HP4208,5a6df612e70ca900017ae25e|lt|1,5a6df612e70ca900017ae25e,lt,1,10.5,12,2,Mutual Benefit / Cooperation,0.4551818129120474,0.06871448305045794,0.18995264805449577,0.28615105598299895
HP4209,5865bdf7a3462300010673e3|lt|1,5865bdf7a3462300010673e3,lt,1,8.0,12,1,Moral,0.22010966959486233,0.6167916048211656,0.1282324851498091,0.034866240434163
HP4210,5ea179b1b5b2e50258b36349|lt|1,5ea179b1b5b2e50258b36349,lt,1,10.0,12,2,Mutual Benefit / Cooperation,0.2907507754228592,0.2716782310623906,0.15054945433173345,0.2870215391830168
HP4211,6742189e9fd5fe9de0d9b729|lt|1,6742189e9fd5fe9de0d9b729,lt,1,6.0,12,0,No clear justification,0.6376049573656807,0.07635988285421533,0.22194300705032713,0.06409215272977689
HP4212,5ef66e81cf5fa435ea9a4e8d|lt|1,5ef66e81cf5fa435ea9a4e8d,lt,1,11.0,12,0,No clear justification,0.4656012558037631,0.060838576522073834,0.4233503059561537,0.050209861718009396
HP4213,67d0adc35dda5bdeb6a0c22a|lt|1,67d0adc35dda5bdeb6a0c22a,lt,1,12.0,12,2,Mutual Benefit / Cooperation,0.4551818129120474,0.06871448305045794,0.18995264805449577,0.28615105598299895
HP4214,5ff0b6331d6cb44a1b7a07dd|lt|1,5ff0b6331d6cb44a1b7a07dd,lt,1,9.5,12,0,No clear justification,0.562170799214523,0.16335489303374534,0.21282099851339903,0.06165330923833254
HP4215,599364c1fc37790001fa4e1d|lt|1,599364c1fc37790001fa4e1d,lt,1,11.0,12,2,Mutual Benefit / Cooperation,0.2907507754228592,0.2716782310623906,0.15054945433173345,0.2870215391830168
HP4216,63e69728da28e991114aad46|lt|1,63e69728da28e991114aad46,lt,1,10.0,12,0,No clear justification,0.4551818129120474,0.06871448305045794,0.18995264805449577,0.28615105598299895
HP4217,66790e08c1c5767636feee8d|lt|1,66790e08c1c5767636feee8d,lt,1,10.0,12,3,Self-interest,0.2340139986316789,0.04627730769359521,0.3507203523185842,0.3689883413561418
HP4218,5bb3e443951bd40001f1e0fd|lt|1,5bb3e443951bd40001f1e0fd,lt,1,10.0,12,3,Self-interest,0.2340139986316789,0.04627730769359521,0.3507203523185842,0.3689883413561418
HP4219,5a6d5ae19d65ec00017e9bae|lt|1,5a6d5ae19d65ec00017e9bae,lt,1,6.0,12,1,Moral,0.2713919728628931,0.1417923310702475,0.14289320189890084,0.44392249416795865
HP4220,5e5fc624b333b2022aeb064f|lt|1,5e5fc624b333b2022aeb064f,lt,1,10.5,12,0,No clear justification,0.25595385467441073,0.10153059522356363,0.6093104582087867,0.03320509189323909
HP4221,6658b6838e28e3383feae335|lt|1,6658b6838e28e3383feae335,lt,1,12.0,12,0,No clear justification,0.6376049573656807,0.07635988285421533,0.22194300705032713,0.06409215272977689
HP4222,660158b9a05b9c4adc616ff8|lt|1,660158b9a05b9c4adc616ff8,lt,1,10.0,12,1,Moral,0.3456277793564653,0.4374837544535197,0.16901613612027663,0.047872330069738435
HP4223,67dfdf77fa31c86fb35030aa|lt|1,67dfdf77fa31c86fb35030aa,lt,1,12.0,12,2,Mutual Benefit / Cooperation,0.5587297029701818,0.07369639005112959,0.20960320794269718,0.15797069903599148
HP4224,661fc8bb0644ba960f0e3b65|lt|1,661fc8bb0644ba960f0e3b65,lt,1,10.0,12,3,Self-interest,0.4026644740072552,0.13285420347944024,0.4170078720422523,0.04747345047105238
HP4225,62fb7acaf60ed51dd71d3bfb|lt|1,62fb7acaf60ed51dd71d3bfb,lt,1,10.0,12,3,Self-interest,0.30675424471882495,0.04528971591847657,0.6116281669498327,0.036327872412865746
HP4226,5ff8b291840bed124061d389|lt|1,5ff8b291840bed124061d389,lt,1,10.0,12,2,Mutual Benefit / Cooperation,0.22272334567598517,0.04853554739156387,0.12509975949600977,0.6036413474364413
HP4227,6063c0526a66097dcb055955|lt|1,6063c0526a66097dcb055955,lt,1,10.0,12,2,Mutual Benefit / Cooperation,0.3393394425446921,0.060598130311554047,0.16208028472077657,0.43798214242297734
HP4228,66700eaced9693634024629b|lt|1,66700eaced9693634024629b,lt,1,12.0,12,0,No clear justification,0.6376049573656807,0.07635988285421533,0.22194300705032713,0.06409215272977689
HP4229,5ac70920a3ba7a0001b4ba8c|lt|1,5ac70920a3ba7a0001b4ba8c,lt,1,9.0,12,3,Self-interest,0.32264039847114956,0.23427309746967054,0.40061502157741974,0.04247148248176006
HP4230,666db47c26bc80222f8b15ba|lt|1,666db47c26bc80222f8b15ba,lt,1,8.0,12,1,Moral,0.4836565107064727,0.1606567718665574,0.1979755525640671,0.15771116486290268
HP4231,663f6d9dbe5335a23d60081a|lt|1,663f6d9dbe5335a23d60081a,lt,1,10.0,12,3,Self-interest,0.3221822780645608,0.0535810052009482,0.3871205958516228,0.23711612088286813
HP4232,66524aa2a82e242800be156b|lt|1,66524aa2a82e242800be156b,lt,1,12.0,12,1,Moral,0.22010966959486233,0.6167916048211656,0.1282324851498091,0.034866240434163
HP4233,688ba4bbe01569516b9737b3|lt|1,688ba4bbe01569516b9737b3,lt,1,10.0,12,3,Self-interest,0.2660643011558408,0.12423237874757379,0.37066484721564724,0.23903847288093827
HP4234,6530fed5b3281d288757fca9|lt|1,6530fed5b3281d288757fca9,lt,1,8.5,12,0,No clear justification,0.5587297029701813,0.07369639005112952,0.20960320794269754,0.15797069903599156
HP4235,67283913f11cbfde51b17706|lt|1,67283913f11cbfde51b17706,lt,1,10.5,12,2,Mutual Benefit / Cooperation,0.3393394425446921,0.060598130311554047,0.16208028472077657,0.43798214242297734
HP4236,6661ffc5427a871210871122|lt|1,6661ffc5427a871210871122,lt,1,6.0,12,2,Mutual Benefit / Cooperation,0.22272334567598517,0.04853554739156387,0.12509975949600977,0.6036413474364413
HP4237,66b3dc1490445aa410abd41e|lt|1,66b3dc1490445aa410abd41e,lt,1,6.0,12,3,Self-interest,0.19983154462407457,0.03801574710322655,0.5773880097385596,0.18476469853413935
HP4238,64784c2bc85267b924936813|lt|1,64784c2bc85267b924936813,lt,1,10.0,12,2,Mutual Benefit / Cooperation,0.266064301155841,0.1242323787475739,0.37066484721564724,0.23903847288093796
HP4239,65612a45629022b7c905ef6c|lt|1,65612a45629022b7c905ef6c,lt,1,12.0,12,1,Moral,0.22010966959486233,0.6167916048211656,0.1282324851498091,0.034866240434163
HP4240,5f1dea279f4818757f07f087|lt|1,5f1dea279f4818757f07f087,lt,1,9.0,12,0,No clear justification,0.562170799214523,0.16335489303374534,0.21282099851339903,0.06165330923833254
HP4241,643c8b9e084ad254bf9a0645|lt|1,643c8b9e084ad254bf9a0645,lt,1,6.0,12,2,Mutual Benefit / Cooperation,0.2713919728628931,0.1417923310702475,0.14289320189890084,0.44392249416795865
HP4242,66660d297864801db6a10af4|lt|1,66660d297864801db6a10af4,lt,1,8.0,12,1,Moral,0.22010966959486233,0.6167916048211656,0.1282324851498091,0.034866240434163
HP4243,61453d979fbdb8e800b8f0eb|lt|1,61453d979fbdb8e800b8f0eb,lt,1,6.0,12,3,Self-interest,0.32264039847114956,0.23427309746967054,0.40061502157741974,0.04247148248176006
HP4244,5fbc110869611208d6fd29da|lt|1,5fbc110869611208d6fd29da,lt,1,10.0,12,3,Self-interest,0.18272984518080493,0.03162385073934382,0.7613993876789305,0.024246916400920925
HP4245,63d7a35134c4f6e440e9468f|lt|1,63d7a35134c4f6e440e9468f,lt,1,8.0,12,0,No clear justification,0.6376049573656807,0.07635988285421533,0.22194300705032713,0.06409215272977689
HP4246,5e1b307333e83535d72af1e5|lt|1,5e1b307333e83535d72af1e5,lt,1,12.0,12,1,Moral,0.19429582115541966,0.18137754789315189,0.5961680851718716,0.02815854577955681
HP4247,56e225c2ec0fdd000641e72d|lt|1,56e225c2ec0fdd000641e72d,lt,1,10.0,12,2,Mutual Benefit / Cooperation,0.21416508557691646,0.09843450084914754,0.593371739366806,0.09402867420713007
HP4248,6772ea24ce9c71ea7bc07b6b|lt|1,6772ea24ce9c71ea7bc07b6b,lt,1,9.5,12,0,No clear justification,0.562170799214523,0.16335489303374534,0.21282099851339903,0.06165330923833254
HP4249,5e1ee2050c0b3120e01eeec1|lt|1,5e1ee2050c0b3120e01eeec1,lt,1,10.0,12,3,Self-interest,0.14475994314119014,0.07362316841864823,0.7606067933431959,0.021010095096965744
HP4250,6465c08185f626e6500faef8|lt|1,6465c08185f626e6500faef8,lt,1,12.0,12,3,Self-interest,0.4656012558037631,0.060838576522073834,0.4233503059561537,0.050209861718009396
HP4251,60b2a61a5f5fc41e13e6ed15|lt|1,60b2a61a5f5fc41e13e6ed15,lt,1,12.0,12,2,Mutual Benefit / Cooperation,0.2600853431110606,0.04262365201831856,0.6000358329106384,0.09725517195998237
HP4252,629e11c0d89e0c18f21e687a|lt|1,629e11c0d89e0c18f21e687a,lt,1,12.0,12,0,No clear justification,0.4836565107064726,0.1606567718665574,0.1979755525640671,0.1577111648629029
HP4253,66ea245a0dcc3d4695c49d9a|lt|1,66ea245a0dcc3d4695c49d9a,lt,1,8.0,12,1,Moral,0.4836565107064726,0.1606567718665575,0.1979755525640671,0.15771116486290282
HP4254,5f68c02bfe85b202e0f00cc7|lt|1,5f68c02bfe85b202e0f00cc7,lt,1,10.0,12,2,Mutual Benefit / Cooperation,0.5587297029701818,0.07369639005112959,0.20960320794269718,0.15797069903599148
HP4255,613b94b83b5cb4c72904f8b3|lt|1,613b94b83b5cb4c72904f8b3,lt,1,6.0,12,1,Moral,0.255953854674411,0.10153059522356367,0.609310458208786,0.03320509189323912
HP4256,65f0e572d1ca00e646860bff|lt|1,65f0e572d1ca00e646860bff,lt,1,12.0,12,2,Mutual Benefit / Cooperation,0.3879142970549455,0.2808800339594481,0.17836906662510743,0.152836602360499
HP4257,69156cb681f0e747e992b388|lt|1,69156cb681f0e747e992b388,lt,1,7.0,12,3,Self-interest,0.21416508557691624,0.09843450084914737,0.5933717393668066,0.09402867420712994
HP4258,66463e10a23c0e7c4e43bce7|lt|1,66463e10a23c0e7c4e43bce7,lt,1,12.0,12,0,No clear justification,0.6376049573656807,0.07635988285421533,0.22194300705032713,0.06409215272977689
HP4259,691dcf9bf03c4a71c02b9344|lt|1,691dcf9bf03c4a71c02b9344,lt,1,12.0,12,0,No clear justification,0.40335594217415943,0.05825205897775964,0.4102671741794488,0.12812482466863218
HP4260,641868f023b03518217272df|lt|1,641868f023b03518217272df,lt,1,11.0,12,2,Mutual Benefit / Cooperation,0.40335594217415943,0.05825205897775964,0.4102671741794488,0.12812482466863218
HP4261,66ede5bbe36caed7269bd7e2|lt|1,66ede5bbe36caed7269bd7e2,lt,1,8.0,12,0,No clear justification,0.26008534311106046,0.04262365201831846,0.6000358329106389,0.0972551719599822
HP4262,6008bb26b4bbfe568fa29d80|lt|1,6008bb26b4bbfe568fa29d80,lt,1,5.0,12,0,No clear justification,0.4026644740072551,0.1328542034794403,0.41700787204225226,0.04747345047105236
HP4263,5e87b4d3e28032100ce68eec|lt|1,5e87b4d3e28032100ce68eec,lt,1,12.0,12,3,Self-interest,0.2340139986316789,0.04627730769359521,0.3507203523185842,0.3689883413561418
HP4264,5a8b1ee2000dab00018cc7cd|lt|1,5a8b1ee2000dab00018cc7cd,lt,1,12.0,12,2,Mutual Benefit / Cooperation,0.3879142970549455,0.2808800339594481,0.17836906662510743,0.152836602360499
HP4265,63f9c81dc81ca7c373e0a7c0|lt|1,63f9c81dc81ca7c373e0a7c0,lt,1,10.5,12,0,No clear justification,0.30675424471882484,0.045289715918476525,0.6116281669498328,0.03632787241286571
HP4266,6297d4ad03a1830f21d22cb1|lt|1,6297d4ad03a1830f21d22cb1,lt,1,8.0,12,2,Mutual Benefit / Cooperation,0.3393394425446921,0.060598130311554047,0.16208028472077657,0.43798214242297734
HP4267,65f21f8caad4fa6eb9cb0c3e|lt|1,65f21f8caad4fa6eb9cb0c3e,lt,1,12.0,12,2,Mutual Benefit / Cooperation,0.5587297029701818,0.07369639005112959,0.20960320794269718,0.15797069903599148
HP4268,5d29d6bd30fa6f0015cd4a75|lt|1,5d29d6bd30fa6f0015cd4a75,lt,1,10.0,12,0,No clear justification,0.6376049573656807,0.07635988285421533,0.22194300705032713,0.06409215272977689
HP4269,671ba65a14a83896384598a0|lt|1,671ba65a14a83896384598a0,lt,1,10.0,12,0,No clear justification,0.6376049573656807,0.07635988285421533,0.22194300705032713,0.06409215272977689
HP4270,663a5db9ced6c4bf9bd77d3e|lt|1,663a5db9ced6c4bf9bd77d3e,lt,1,12.0,12,2,Mutual Benefit / Cooperation,0.3813583998590428,0.15417623837580477,0.17464123158205638,0.2898241301830961
HP4271,5e999e7c295393016b7c2577|lt|1,5e999e7c295393016b7c2577,lt,1,12.0,12,3,Self-interest,0.30675424471882484,0.045289715918476525,0.6116281669498328,0.03632787241286571
HP4272,66978d4442338018ab249fe6|lt|1,66978d4442338018ab249fe6,lt,1,6.0,12,2,Mutual Benefit / Cooperation,0.22272334567598517,0.04853554739156387,0.12509975949600977,0.6036413474364413
HP4273,56504ecf1b3cda000f544e92|lt|1,56504ecf1b3cda000f544e92,lt,1,9.0,12,3,Self-interest,0.4656012558037631,0.060838576522073834,0.4233503059561537,0.050209861718009396
HP4274,66e1961788c0c89fa75ecb42|lt|1,66e1961788c0c89fa75ecb42,lt,1,10.0,12,3,Self-interest,0.09558972776176956,0.020190659891552526,0.869781871789857,0.014437740556820896
HP4275,6448f68c3ba5a3f969d1e90d|lt|1,6448f68c3ba5a3f969d1e90d,lt,1,10.0,12,1,Moral,0.3431527076465668,0.13018935964505737,0.3999972292226043,0.12666070348577158
HP4276,5c0ea3b7481b47000182320a|lt|1,5c0ea3b7481b47000182320a,lt,1,12.0,12,3,Self-interest,0.4656012558037631,0.060838576522073834,0.4233503059561537,0.050209861718009396
HP4277,66a608dc0a4f33f35327e273|lt|1,66a608dc0a4f33f35327e273,lt,1,9.0,12,3,Self-interest,0.3221822780645608,0.0535810052009482,0.3871205958516228,0.23711612088286813
HP4278,6632687cb045de5ac33ceea3|lt|1,6632687cb045de5ac33ceea3,lt,1,8.0,12,3,Self-interest,0.23251714881317773,0.3656537321809181,0.3672327582544494,0.034596360751454586
HP4279,634d72a4b1dc5f197ac4b8c6|lt|1,634d72a4b1dc5f197ac4b8c6,lt,1,8.0,12,3,Self-interest,0.18272984518080493,0.03162385073934382,0.7613993876789305,0.024246916400920925
HP4280,6150a7aff22eb4723de2341a|lt|1,6150a7aff22eb4723de2341a,lt,1,12.0,12,0,No clear justification,0.6376049573656807,0.07635988285421533,0.22194300705032713,0.06409215272977689
HP4281,663554ada85eb670f3c6262c|lt|1,663554ada85eb670f3c6262c,lt,1,6.0,12,3,Self-interest,0.30675424471882495,0.04528971591847657,0.6116281669498327,0.036327872412865746
HP4282,6720378a683a5d8a933493fb|lt|1,6720378a683a5d8a933493fb,lt,1,8.0,12,2,Mutual Benefit / Cooperation,0.3813583998590428,0.15417623837580477,0.17464123158205638,0.2898241301830961
HP4283,5bb9807fe04fca0001436211|lt|1,5bb9807fe04fca0001436211,lt,1,6.0,12,1,Moral,0.26887096639249947,0.23153750095449152,0.3785256905548635,0.12106584209814562
HP4284,662f93c33fe9ba41a6319363|lt|1,662f93c33fe9ba41a6319363,lt,1,10.0,12,0,No clear justification,0.6376049573656807,0.07635988285421533,0.22194300705032713,0.06409215272977689
HP4285,5f7cca7022f65316cfa16574|lt|1,5f7cca7022f65316cfa16574,lt,1,12.0,12,0,No clear justification,0.255953854674411,0.10153059522356367,0.609310458208786,0.03320509189323912
HP4286,5d0109187c9f320015f4af37|lt|1,5d0109187c9f320015f4af37,lt,1,10.0,12,0,No clear justification,0.4656012558037631,0.060838576522073834,0.4233503059561537,0.050209861718009396
HP4287,663ae3f35b81791c40865be5|lt|1,663ae3f35b81791c40865be5,lt,1,10.0,12,0,No clear justification,0.6376049573656807,0.07635988285421533,0.22194300705032713,0.06409215272977689
HP4288,5e9717fa30881a0645f99bb0|lt|1,5e9717fa30881a0645f99bb0,lt,1,10.0,12,3,Self-interest,0.1505523496562665,0.02897066128457282,0.7509676611204318,0.06950932793872898
HP4289,60579bed377c47163f70931a|lt|1,60579bed377c47163f70931a,lt,1,9.5,12,3,Self-interest,0.4033559421741594,0.05825205897775962,0.4102671741794488,0.12812482466863212
HP4290,5dea96a5770a431bbed1efb2|lt|1,5dea96a5770a431bbed1efb2,lt,1,6.0,12,1,Moral,0.22010966959486233,0.6167916048211656,0.1282324851498091,0.034866240434163
HP4291,66a5710d1ae7a2b50c5e8218|lt|1,66a5710d1ae7a2b50c5e8218,lt,1,12.0,12,2,Mutual Benefit / Cooperation,0.4836565107064726,0.1606567718665574,0.1979755525640671,0.1577111648629029
HP4292,6609a32585722d1e798dcf51|lt|1,6609a32585722d1e798dcf51,lt,1,10.0,12,0,No clear justification,0.5587297029701818,0.07369639005112959,0.20960320794269718,0.15797069903599148
HP4293,66b2043f65c48323e4769a1b|lt|1,66b2043f65c48323e4769a1b,lt,1,12.0,12,0,No clear justification,0.4656012558037631,0.060838576522073834,0.4233503059561537,0.050209861718009396
HP4294,676469d83816f597b2652c91|lt|1,676469d83816f597b2652c91,lt,1,12.0,12,1,Moral,0.5621707992145228,0.16335489303374545,0.21282099851339917,0.06165330923833254
HP4295,5dab79a5525a7600139cd31e|lt|1,5dab79a5525a7600139cd31e,lt,1,3.0,12,0,No clear justification,0.5621707992145228,0.16335489303374534,0.21282099851339922,0.06165330923833254
HP4296,62fb93ed161d9d75987ec48e|lt|1,62fb93ed161d9d75987ec48e,lt,1,12.0,12,0,No clear justification,0.5587297029701818,0.07369639005112959,0.20960320794269718,0.15797069903599148
HP4297,5ea98852cb0af2098caf14a4|lt|1,5ea98852cb0af2098caf14a4,lt,1,12.0,12,2,Mutual Benefit / Cooperation,0.26008534311106074,0.042623652018318484,0.6000358329106382,0.09725517195998264
HP4298,60abdfdf021799f116d9707e|lt|1,60abdfdf021799f116d9707e,lt,1,10.0,12,2,Mutual Benefit / Cooperation,0.32218227806456035,0.05358100520094846,0.3871205958516228,0.2371161208828683
HP4299,5e299d8c2e9dc4000be0fde0|lt|1,5e299d8c2e9dc4000be0fde0,lt,1,8.0,12,3,Self-interest,0.32218227806456073,0.053581005200948176,0.38712059585162273,0.2371161208828683
HP4300,633dbb46887d82536a9ee265|lt|1,633dbb46887d82536a9ee265,lt,1,12.0,12,3,Self-interest,0.4656012558037631,0.060838576522073834,0.4233503059561537,0.050209861718009396
HP4301,5decc61a488cde39be161a91|lt|1,5decc61a488cde39be161a91,lt,1,8.5,12,0,No clear justification,0.6376049573656807,0.07635988285421533,0.22194300705032713,0.06409215272977689
HP4302,672ede539bd39a8deecc501d|lt|1,672ede539bd39a8deecc501d,lt,1,9.0,12,3,Self-interest,0.3221822780645608,0.0535810052009482,0.3871205958516228,0.23711612088286813
HP4303,5d163efd53b9bb0017117638|lt|1,5d163efd53b9bb0017117638,lt,1,10.0,12,0,No clear justification,0.6376049573656807,0.07635988285421533,0.22194300705032713,0.06409215272977689
HP4304,62861bcc5f0edf6340c914df|lt|1,62861bcc5f0edf6340c914df,lt,1,6.0,12,1,Moral,0.26887096639249947,0.23153750095449152,0.3785256905548635,0.12106584209814562
HP4305,5f4a835e9e84256238129995|lt|1,5f4a835e9e84256238129995,lt,1,12.0,12,2,Mutual Benefit / Cooperation,0.1998315446240745,0.03801574710322655,0.5773880097385596,0.18476469853413927
HP4306,642ef01a04c9f327767cde23|lt|1,642ef01a04c9f327767cde23,lt,1,10.0,12,0,No clear justification,0.30675424471882484,0.045289715918476525,0.6116281669498328,0.03632787241286571
HP4307,55d06fd334e9060012e5781c|lt|1,55d06fd334e9060012e5781c,lt,1,12.0,12,3,Self-interest,0.09558972776176956,0.020190659891552526,0.869781871789857,0.014437740556820896
HP4308,6736485fd762ccba28f44a81|lt|1,6736485fd762ccba28f44a81,lt,1,12.0,12,0,No clear justification,0.6376049573656807,0.07635988285421533,0.22194300705032713,0.06409215272977689
HP4309,5fa3dc44bc91850202c76749|lt|1,5fa3dc44bc91850202c76749,lt,1,10.5,12,3,Self-interest,0.26606430115584073,0.12423237874757379,0.3706648472156473,0.2390384728809382
HP4310,63eda5a4a87d8bd73853fa8e|lt|1,63eda5a4a87d8bd73853fa8e,lt,1,10.0,12,0,No clear justification,0.4033559421741591,0.0582520589777598,0.4102671741794488,0.12812482466863223
HP4311,5f763e6e7632050c3712feac|lt|1,5f763e6e7632050c3712feac,lt,1,8.0,12,1,Moral,0.23251714881317773,0.36565373218091846,0.3672327582544494,0.034596360751454586
HP4312,62aa4aba6960dfb1b61f7583|lt|1,62aa4aba6960dfb1b61f7583,lt,1,12.0,12,0,No clear justification,0.182729845180805,0.0316238507393438,0.7613993876789301,0.024246916400920946
HP4313,5fd3092b225c4e13301ac0ee|lt|1,5fd3092b225c4e13301ac0ee,lt,1,6.0,12,1,Moral,0.22010966959486233,0.6167916048211656,0.1282324851498091,0.034866240434163
HP4314,628bdbc77a9dddcd7f4ed538|lt|1,628bdbc77a9dddcd7f4ed538,lt,1,12.0,12,2,Mutual Benefit / Cooperation,0.22272334567598517,0.04853554739156387,0.12509975949600977,0.6036413474364413
HP4315,63225dd98b2a68d9be44f266|lt|1,63225dd98b2a68d9be44f266,lt,1,8.0,12,3,Self-interest,0.3221822780645608,0.0535810052009482,0.3871205958516228,0.23711612088286813
HP4316,659564aceb34fc083308364d|lt|1,659564aceb34fc083308364d,lt,1,9.0,12,0,No clear justification,0.6376049573656807,0.07635988285421533,0.22194300705032713,0.06409215272977689
HP4317,664493c2f8a40a43beacc839|lt|1,664493c2f8a40a43beacc839,lt,1,6.5,12,0,No clear justification,0.6376049573656807,0.07635988285421533,0.22194300705032713,0.06409215272977689
HP4318,63ea8aff233fcaa71a940e32|lt|1,63ea8aff233fcaa71a940e32,lt,1,7.0,12,3,Self-interest,0.3221822780645608,0.0535810052009482,0.3871205958516228,0.23711612088286813
HP4319,631123376033bb148edc0ebb|lt|1,631123376033bb148edc0ebb,lt,1,9.0,12,3,Self-interest,0.18272984518080493,0.03162385073934382,0.7613993876789305,0.024246916400920925
HP4320,65a2ed2dd066aa3cf8568a21|lt|1,65a2ed2dd066aa3cf8568a21,lt,1,12.0,12,0,No clear justification,0.5587297029701813,0.07369639005112952,0.20960320794269754,0.15797069903599156
HP4321,667e6da95ae0a25f225ae6e6|lt|1,667e6da95ae0a25f225ae6e6,lt,1,12.0,12,2,Mutual Benefit / Cooperation,0.21416508557691646,0.09843450084914754,0.593371739366806,0.09402867420713007
HP4322,6619cb1e30cb95691a6dd425|lt|1,6619cb1e30cb95691a6dd425,lt,1,8.0,12,1,Moral,0.280203707550843,0.4314036900609294,0.14869498099152897,0.13969762139669856
HP4323,6446b4a6eb2ba64c1505307d|lt|1,6446b4a6eb2ba64c1505307d,lt,1,7.5,12,3,Self-interest,0.4033559421741594,0.05825205897775962,0.4102671741794488,0.12812482466863212
HP4324,60f32446bc4e09f52b37a56d|lt|1,60f32446bc4e09f52b37a56d,lt,1,8.0,12,1,Moral,0.3226403984711496,0.23427309746967054,0.4006150215774199,0.04247148248176006
HP4325,60fd8570f92207ceba5fe86e|lt|1,60fd8570f92207ceba5fe86e,lt,1,10.0,12,3,Self-interest,0.4656012558037631,0.060838576522073834,0.4233503059561537,0.050209861718009396
HP4326,66bb7d98f671be44c2871236|lt|1,66bb7d98f671be44c2871236,lt,1,10.0,12,3,Self-interest,0.3221822780645608,0.0535810052009482,0.3871205958516228,0.23711612088286813
HP4327,5c8b65c3e65fc600177b4a1a|lt|1,5c8b65c3e65fc600177b4a1a,lt,1,10.0,12,2,Mutual Benefit / Cooperation,0.2600853431110606,0.04262365201831856,0.6000358329106384,0.09725517195998237
HP4328,60cf6ac511be7d68ef982d47|lt|1,60cf6ac511be7d68ef982d47,lt,1,10.5,12,2,Mutual Benefit / Cooperation,0.4551818129120474,0.06871448305045794,0.18995264805449577,0.28615105598299895
HP4329,5dd06140c6588f1477daab8b|lt|1,5dd06140c6588f1477daab8b,lt,1,10.0,12,2,Mutual Benefit / Cooperation,0.3221822780645605,0.05358100520094848,0.3871205958516226,0.2371161208828684
HP4330,5883d68d300c0b000113db56|lt|1,5883d68d300c0b000113db56,lt,1,5.0,12,0,No clear justification,0.5587297029701818,0.07369639005112959,0.20960320794269718,0.15797069903599148
HP4331,68c92222ed786d8ff06e7eb8|lt|1,68c92222ed786d8ff06e7eb8,lt,1,8.0,12,3,Self-interest,0.4656012558037631,0.060838576522073834,0.4233503059561537,0.050209861718009396
HP4332,6005fd9c8bbd67931607e518|lt|1,6005fd9c8bbd67931607e518,lt,1,4.0,12,1,Moral,0.5621707992145228,0.16335489303374545,0.21282099851339917,0.06165330923833254
HP4333,6337875a4d0587706d8f2543|lt|1,6337875a4d0587706d8f2543,lt,1,12.0,12,2,Mutual Benefit / Cooperation,0.34315270764656697,0.13018935964505737,0.3999972292226042,0.12666070348577158
HP4334,58eb2509a0fa07000146e231|lt|1,58eb2509a0fa07000146e231,lt,1,10.0,12,2,Mutual Benefit / Cooperation,0.4551818129120474,0.06871448305045794,0.18995264805449577,0.28615105598299895
HP4335,6712fe1173dfa2bfa2d6294b|lt|1,6712fe1173dfa2bfa2d6294b,lt,1,5.0,12,0,No clear justification,0.40266447400725525,0.13285420347944024,0.41700787204225226,0.04747345047105238
HP4336,67a354e4a190bfc467c9b5c1|lt|1,67a354e4a190bfc467c9b5c1,lt,1,9.0,12,1,Moral,0.5621707992145228,0.16335489303374545,0.21282099851339917,0.06165330923833254
HP4337,6003ef9269c7814f0ca7b46a|lt|1,6003ef9269c7814f0ca7b46a,lt,1,11.0,12,2,Mutual Benefit / Cooperation,0.4836565107064727,0.1606567718665574,0.1979755525640671,0.15771116486290268
HP4338,6578ce2ea5495aafe33b815c|lt|1,6578ce2ea5495aafe33b815c,lt,1,12.0,12,2,Mutual Benefit / Cooperation,0.4551818129120474,0.06871448305045794,0.18995264805449577,0.28615105598299895
HP4339,565e0169998e44000a4bdab1|lt|1,565e0169998e44000a4bdab1,lt,1,10.0,12,3,Self-interest,0.4033559421741594,0.05825205897775962,0.4102671741794488,0.12812482466863212
HP4340,5ca8eaf9bd0f9e0001c7d7fa|lt|1,5ca8eaf9bd0f9e0001c7d7fa,lt,1,9.0,12,3,Self-interest,0.2340139986316789,0.04627730769359521,0.3507203523185842,0.3689883413561418
HP4341,6774738db19b119861c727c9|lt|1,6774738db19b119861c727c9,lt,1,6.0,12,3,Self-interest,0.25595385467441073,0.10153059522356363,0.6093104582087867,0.03320509189323909
HP4342,60fc7610b3fa521881e8f9f8|lt|1,60fc7610b3fa521881e8f9f8,lt,1,10.0,12,0,No clear justification,0.4656012558037631,0.060838576522073834,0.4233503059561537,0.050209861718009396
HP4343,676ed8014625d5ebd417b5f2|lt|1,676ed8014625d5ebd417b5f2,lt,1,10.0,12,1,Moral,0.3813583998590428,0.15417623837580482,0.17464123158205638,0.2898241301830961
HP4344,66bebe02e300bb97421dc376|lt|1,66bebe02e300bb97421dc376,lt,1,9.0,12,1,Moral,0.19429582115541966,0.18137754789315189,0.5961680851718716,0.02815854577955681
HP4345,5f650058c1e0bf000976f01f|lt|1,5f650058c1e0bf000976f01f,lt,1,10.5,12,0,No clear justification,0.562170799214523,0.16335489303374534,0.21282099851339903,0.06165330923833254
HP4346,64413c375a0ded04a4e99a3f|lt|1,64413c375a0ded04a4e99a3f,lt,1,11.0,12,3,Self-interest,0.4656012558037631,0.060838576522073834,0.4233503059561537,0.050209861718009396
HP4347,5cc09f7c742632001a7a6e88|lt|1,5cc09f7c742632001a7a6e88,lt,1,5.5,12,0,No clear justification,0.6376049573656807,0.07635988285421533,0.22194300705032713,0.06409215272977689
HP4348,5f81b5dddf03dd0754915ca6|lt|1,5f81b5dddf03dd0754915ca6,lt,1,10.0,12,1,Moral,0.28020370755084273,0.4314036900609294,0.14869498099152917,0.13969762139669872
HP4349,5d869111a231d2001993a4cb|lt|1,5d869111a231d2001993a4cb,lt,1,12.0,12,0,No clear justification,0.6376049573656807,0.07635988285421533,0.22194300705032713,0.06409215272977689
HP4350,5e589bf82e08c90a78a29bbe|lt|1,5e589bf82e08c90a78a29bbe,lt,1,10.0,12,3,Self-interest,0.26008534311106074,0.04262365201831858,0.6000358329106383,0.09725517195998229
HP4351,5c36701dbef9a20001e36b89|lt|1,5c36701dbef9a20001e36b89,lt,1,9.5,12,0,No clear justification,0.40266447400725497,0.13285420347944024,0.41700787204225226,0.047473450471052336
HP4352,54f4e2d1fdf99b4e913fdf01|lt|1,54f4e2d1fdf99b4e913fdf01,lt,1,12.0,12,3,Self-interest,0.09558972776176956,0.020190659891552526,0.869781871789857,0.014437740556820896
HP4353,5fba520e6c3b2e9c74d36273|lt|1,5fba520e6c3b2e9c74d36273,lt,1,12.0,12,3,Self-interest,0.14475994314119014,0.07362316841864823,0.7606067933431959,0.021010095096965744
HP4354,67a929fca6f522114c6bdec7|lt|1,67a929fca6f522114c6bdec7,lt,1,10.0,12,0,No clear justification,0.4836565107064727,0.1606567718665575,0.1979755525640671,0.15771116486290268
HP4355,5b06efd1732c5d000154de23|lt|1,5b06efd1732c5d000154de23,lt,1,12.0,12,3,Self-interest,0.18272984518080493,0.03162385073934382,0.7613993876789305,0.024246916400920925
HP4356,6522fa3ac0163b9e739d097d|lt|1,6522fa3ac0163b9e739d097d,lt,1,6.0,12,0,No clear justification,0.6376049573656807,0.07635988285421533,0.22194300705032713,0.06409215272977689
HP4357,66edc72a30ec9b38153f1b50|lt|1,66edc72a30ec9b38153f1b50,lt,1,9.0,12,1,Moral,0.22010966959486233,0.6167916048211656,0.1282324851498091,0.034866240434163
HP4358,60e7044ddc2523fab6cbc0cd|lt|1,60e7044ddc2523fab6cbc0cd,lt,1,9.5,12,0,No clear justification,0.6376049573656807,0.07635988285421533,0.22194300705032713,0.06409215272977689
HP4359,66b61fbd217f905382984b89|lt|1,66b61fbd217f905382984b89,lt,1,12.0,12,2,Mutual Benefit / Cooperation,0.28020370755084284,0.4314036900609295,0.14869498099152909,0.13969762139669875
HP4360,603307b722a1fb3938b8d740|lt|1,603307b722a1fb3938b8d740,lt,1,12.0,12,3,Self-interest,0.4656012558037631,0.060838576522073834,0.4233503059561537,0.050209861718009396
HP4361,650c409b6112d165091bb2cc|lt|1,650c409b6112d165091bb2cc,lt,1,12.0,12,0,No clear justification,0.5587297029701818,0.07369639005112959,0.20960320794269718,0.15797069903599148
HP4362,67047fbe4a73fb7c0e482271|lt|1,67047fbe4a73fb7c0e482271,lt,1,10.0,12,0,No clear justification,0.6376049573656807,0.07635988285421533,0.22194300705032713,0.06409215272977689
HP4363,60a6b2ed58d0aaed52f1dcf4|lt|1,60a6b2ed58d0aaed52f1dcf4,lt,1,12.0,12,0,No clear justification,0.46305769050157997,0.284099642475741,0.19623309141858092,0.05660957560409809
HP4364,66129913cfb0d4d6869dffd8|lt|1,66129913cfb0d4d6869dffd8,lt,1,10.0,12,0,No clear justification,0.3456277793564649,0.4374837544535208,0.16901613612027594,0.04787233006973837
HP4365,64f386a35e66f7ad22b38ccf|lt|1,64f386a35e66f7ad22b38ccf,lt,1,10.0,12,3,Self-interest,0.18272984518080493,0.03162385073934382,0.7613993876789305,0.024246916400920925
HP4366,652fbe161a35986b7fbfc940|lt|1,652fbe161a35986b7fbfc940,lt,1,10.0,12,3,Self-interest,0.32264039847114956,0.23427309746967054,0.40061502157741974,0.04247148248176006
HP4367,5af8641de19f8c00019e7235|lt|1,5af8641de19f8c00019e7235,lt,1,10.0,12,0,No clear justification,0.6376049573656807,0.07635988285421533,0.22194300705032713,0.06409215272977689
HP4368,6318aed60b7ae5e0c899d3ee|lt|1,6318aed60b7ae5e0c899d3ee,lt,1,10.0,12,3,Self-interest,0.1998315446240745,0.03801574710322655,0.5773880097385596,0.18476469853413927
HP4369,677edcc906221d9231bd83d7|lt|1,677edcc906221d9231bd83d7,lt,1,6.0,12,0,No clear justification,0.4656012558037631,0.060838576522073834,0.4233503059561537,0.050209861718009396
HP4370,664647d420183b9017337dfa|lt|1,664647d420183b9017337dfa,lt,1,8.0,12,2,Mutual Benefit / Cooperation,0.2340139986316788,0.046277307693595254,0.35072035231858434,0.3689883413561418
HP4371,66e9d794bd67a9a02ca66a8f|lt|1,66e9d794bd67a9a02ca66a8f,lt,1,10.0,12,0,No clear justification,0.562170799214523,0.16335489303374534,0.21282099851339903,0.06165330923833254
HP4372,67380a0419c95d7829fc2144|lt|1,67380a0419c95d7829fc2144,lt,1,11.0,12,0,No clear justification,0.3813583998590428,0.15417623837580477,0.17464123158205638,0.2898241301830961
HP4373,62b2510090c080a481c2c8ef|lt|1,62b2510090c080a481c2c8ef,lt,1,10.0,12,3,Self-interest,0.4026644740072552,0.13285420347944024,0.4170078720422523,0.04747345047105238
HP4374,6313025a14dc3855afaf69d2|lt|1,6313025a14dc3855afaf69d2,lt,1,8.5,12,0,No clear justification,0.4656012558037631,0.060838576522073834,0.4233503059561537,0.050209861718009396
HP4375,614b44224f28be10f5b5d4ed|lt|1,614b44224f28be10f5b5d4ed,lt,1,10.0,12,3,Self-interest,0.3221822780645608,0.0535810052009482,0.3871205958516228,0.23711612088286813
HP4376,5d9b5e2d8465bf02e1190626|lt|1,5d9b5e2d8465bf02e1190626,lt,1,0.0,12,0,No clear justification,0.6376049573656807,0.07635988285421533,0.22194300705032713,0.06409215272977689
HP4377,65739900e4594000e0c7a2dc|lt|1,65739900e4594000e0c7a2dc,lt,1,9.0,12,1,Moral,0.3456277793564653,0.4374837544535197,0.16901613612027663,0.047872330069738435
HP4378,5dce56cf1480fb0dfc4bfd2f|lt|1,5dce56cf1480fb0dfc4bfd2f,lt,1,6.5,12,2,Mutual Benefit / Cooperation,0.3393394425446921,0.060598130311554047,0.16208028472077657,0.43798214242297734
HP4379,629b3553f9621f7c65de7f5a|lt|1,629b3553f9621f7c65de7f5a,lt,1,8.5,12,3,Self-interest,0.4033559421741594,0.05825205897775962,0.4102671741794488,0.12812482466863212
HP4380,6671e7169998ec67e708d8b7|lt|1,6671e7169998ec67e708d8b7,lt,1,10.0,12,0,No clear justification,0.6376049573656807,0.07635988285421533,0.22194300705032713,0.06409215272977689
HP4381,671877457b87685e1d42f63c|lt|1,671877457b87685e1d42f63c,lt,1,8.0,12,1,Moral,0.4836565107064727,0.1606567718665574,0.1979755525640671,0.15771116486290268
HP4382,6320a1395b4e05325c746101|lt|1,6320a1395b4e05325c746101,lt,1,10.0,12,0,No clear justification,0.30675424471882484,0.045289715918476525,0.6116281669498328,0.03632787241286571
HP4383,63cfefc43323e05d2a6f554b|lt|1,63cfefc43323e05d2a6f554b,lt,1,9.0,12,3,Self-interest,0.18272984518080543,0.0316238507393439,0.7613993876789298,0.024246916400920998
HP4384,67aa74d967279f04eeb4b708|lt|1,67aa74d967279f04eeb4b708,lt,1,9.0,12,0,No clear justification,0.562170799214523,0.16335489303374534,0.21282099851339903,0.06165330923833254
HP4385,66a424e1e9201c36707e1ff4|lt|1,66a424e1e9201c36707e1ff4,lt,1,8.0,12,2,Mutual Benefit / Cooperation,0.2907507754228592,0.2716782310623906,0.15054945433173345,0.2870215391830168
HP4386,62a33935e9d8352a774c285b|lt|1,62a33935e9d8352a774c285b,lt,1,10.0,12,2,Mutual Benefit / Cooperation,0.3393394425446927,0.060598130311554074,0.16208028472077673,0.43798214242297645
HP4387,5bf08e67d63d690001360a79|lt|1,5bf08e67d63d690001360a79,lt,1,12.0,12,1,Moral,0.255953854674411,0.10153059522356367,0.609310458208786,0.03320509189323912
HP4388,5e4fee53478084033f395903|lt|1,5e4fee53478084033f395903,lt,1,12.0,12,0,No clear justification,0.182729845180805,0.0316238507393438,0.7613993876789301,0.024246916400920946
HP4389,5f0c8cfb134b8f1010cba857|lt|1,5f0c8cfb134b8f1010cba857,lt,1,11.0,12,3,Self-interest,0.34315270764656686,0.13018935964505737,0.3999972292226042,0.12666070348577152
HP4390,667da6ac378a8883e9c20227|lt|1,667da6ac378a8883e9c20227,lt,1,10.0,12,1,Moral,0.5621707992145228,0.16335489303374545,0.21282099851339917,0.06165330923833254
HP4391,5b6ee328bbc37000016a2e5c|lt|1,5b6ee328bbc37000016a2e5c,lt,1,10.5,12,1,Moral,0.46305769050157997,0.284099642475741,0.19623309141858092,0.05660957560409809
HP4392,678d933aeecfeb40cd30b3a9|lt|1,678d933aeecfeb40cd30b3a9,lt,1,0.0,12,0,No clear justification,0.5587297029701813,0.07369639005112952,0.20960320794269754,0.15797069903599156
HP4393,6234b0c299240379091680f4|lt|1,6234b0c299240379091680f4,lt,1,9.5,12,0,No clear justification,0.4836565107064727,0.1606567718665575,0.1979755525640671,0.15771116486290268
HP4394,59e6585c2f63d30001c8f9b2|lt|1,59e6585c2f63d30001c8f9b2,lt,1,12.0,12,2,Mutual Benefit / Cooperation,0.5587297029701818,0.07369639005112959,0.20960320794269718,0.15797069903599148
HP4395,62ed040473cc253bdb75b3bf|lt|1,62ed040473cc253bdb75b3bf,lt,1,8.5,12,3,Self-interest,0.23251714881317773,0.3656537321809181,0.3672327582544494,0.034596360751454586
HP4396,5bc913d99427200001dd47f5|lt|1,5bc913d99427200001dd47f5,lt,1,9.5,12,0,No clear justification,0.4656012558037631,0.060838576522073834,0.4233503059561537,0.050209861718009396
HP4397,5a4ff22bacc75b000179b0e9|lt|1,5a4ff22bacc75b000179b0e9,lt,1,7.0,12,1,Moral,0.4836565107064727,0.1606567718665574,0.1979755525640671,0.15771116486290268
HP4398,6312d110fc7b2e75f0e609a7|lt|1,6312d110fc7b2e75f0e609a7,lt,1,12.0,12,2,Mutual Benefit / Cooperation,0.3813583998590425,0.15417623837580485,0.17464123158205627,0.28982413018309633
HP4399,613713a660ee306c2817c891|lt|1,613713a660ee306c2817c891,lt,1,8.0,12,1,Moral,0.3431527076465668,0.13018935964505732,0.3999972292226043,0.12666070348577158
HP4400,5dd61f689740545c506ee244|lt|1,5dd61f689740545c506ee244,lt,1,12.0,12,0,No clear justification,0.6376049573656807,0.07635988285421533,0.22194300705032713,0.06409215272977689
HP4401,5dbecb5e30c4d737494efe10|kw|1,5dbecb5e30c4d737494efe10,kw,1,10.5,12,3,Self-interest,0.26008534311106074,0.04262365201831858,0.6000358329106383,0.09725517195998229
HP4402,5b52fb6cb3c9400001f23bb5|kw|1,5b52fb6cb3c9400001f23bb5,kw,1,10.0,12,1,Moral,0.2713919728628931,0.1417923310702475,0.14289320189890084,0.44392249416795865
HP4403,5dc08036fd08d4033964f469|kw|1,5dc08036fd08d4033964f469,kw,1,10.0,12,0,No clear justification,0.30675424471882484,0.045289715918476525,0.6116281669498328,0.03632787241286571
HP4404,66ef7a5b05edfd0f5bed68a6|kw|1,66ef7a5b05edfd0f5bed68a6,kw,1,12.0,12,0,No clear justification,0.6376049573656807,0.07635988285421533,0.22194300705032713,0.06409215272977689
HP4405,6698dc932afda97ccd9733be|kw|1,6698dc932afda97ccd9733be,kw,1,3.0,12,1,Moral,0.5621707992145228,0.16335489303374545,0.21282099851339917,0.06165330923833254
HP4406,5eff51c5bfbd094cb6252800|kw|1,5eff51c5bfbd094cb6252800,kw,1,4.5,12,0,No clear justification,0.6376049573656807,0.07635988285421533,0.22194300705032713,0.06409215272977689
HP4407,63e640530716cada35c239ea|kw|1,63e640530716cada35c239ea,kw,1,12.0,12,0,No clear justification,0.6376049573656807,0.07635988285421533,0.22194300705032713,0.06409215272977689
HP4408,5ce65c39baebc8001939a3ab|kw|1,5ce65c39baebc8001939a3ab,kw,1,8.0,12,0,No clear justification,0.562170799214523,0.16335489303374534,0.21282099851339903,0.06165330923833254
HP4409,5c94d745f6a32b0015d323e8|kw|1,5c94d745f6a32b0015d323e8,kw,1,11.0,12,2,Mutual Benefit / Cooperation,0.3393394425446927,0.060598130311554074,0.16208028472077673,0.43798214242297645
HP4410,63468a615fe324360bedf63e|kw|1,63468a615fe324360bedf63e,kw,1,10.0,12,0,No clear justification,0.46305769050157997,0.284099642475741,0.19623309141858092,0.05660957560409809
HP4411,62f6e81d42e7c4dea045f2fc|kw|1,62f6e81d42e7c4dea045f2fc,kw,1,12.0,12,0,No clear justification,0.6376049573656807,0.07635988285421533,0.22194300705032713,0.06409215272977689
HP4412,5f67d9a6db770f425d64de58|kw|1,5f67d9a6db770f425d64de58,kw,1,8.0,12,0,No clear justification,0.6376049573656807,0.07635988285421533,0.22194300705032713,0.06409215272977689
HP4413,5d04c56a0b54cc0001dad608|kw|1,5d04c56a0b54cc0001dad608,kw,1,0.0,12,0,No clear justification,0.6376049573656807,0.07635988285421533,0.22194300705032713,0.06409215272977689
HP4414,60c98cf01628dcd21551605b|kw|1,60c98cf01628dcd21551605b,kw,1,10.0,12,0,No clear justification,0.6376049573656807,0.07635988285421533,0.22194300705032713,0.06409215272977689
HP4415,5fba54733359979ab9a16056|kw|1,5fba54733359979ab9a16056,kw,1,12.0,12,3,Self-interest,0.14475994314119014,0.07362316841864823,0.7606067933431959,0.021010095096965744
HP4416,67ddd4f85ab870ffd90cc888|kw|1,67ddd4f85ab870ffd90cc888,kw,1,11.0,12,2,Mutual Benefit / Cooperation,0.26008534311106074,0.042623652018318484,0.6000358329106382,0.09725517195998264
HP4417,62b0c2e6bbb517b6acd0d241|kw|1,62b0c2e6bbb517b6acd0d241,kw,1,12.0,12,0,No clear justification,0.4656012558037631,0.060838576522073834,0.4233503059561537,0.050209861718009396
HP4418,6787c508634bc22939b57be8|kw|1,6787c508634bc22939b57be8,kw,1,12.0,12,3,Self-interest,0.4026644740072552,0.13285420347944024,0.4170078720422523,0.04747345047105238
HP4419,651979733e35af04ce5fca4e|kw|1,651979733e35af04ce5fca4e,kw,1,6.0,12,0,No clear justification,0.46305769050157997,0.284099642475741,0.19623309141858092,0.05660957560409809
HP4420,63ea43c4b693d4bd0ef6378d|kw|1,63ea43c4b693d4bd0ef6378d,kw,1,12.0,12,3,Self-interest,0.09558972776176956,0.020190659891552526,0.869781871789857,0.014437740556820896
HP4421,676ed6c97f59dba5a786886d|kw|1,676ed6c97f59dba5a786886d,kw,1,8.0,12,1,Moral,0.280203707550843,0.4314036900609294,0.14869498099152897,0.13969762139669856
HP4422,5f625539ecec8c13b04d83e3|kw|1,5f625539ecec8c13b04d83e3,kw,1,12.0,12,0,No clear justification,0.4551818129120474,0.06871448305045794,0.18995264805449577,0.28615105598299895
HP4423,5f59c4de09a8be00087bb9d0|kw|1,5f59c4de09a8be00087bb9d0,kw,1,9.0,12,0,No clear justification,0.5587297029701813,0.07369639005112955,0.20960320794269774,0.15797069903599142
HP4424,5e5c91241b530a000c03d815|kw|1,5e5c91241b530a000c03d815,kw,1,6.0,12,3,Self-interest,0.14475994314119014,0.07362316841864823,0.7606067933431959,0.021010095096965744
HP4425,61fa9085d42cb19beec4915d|kw|1,61fa9085d42cb19beec4915d,kw,1,6.0,12,1,Moral,0.26887096639249947,0.23153750095449152,0.3785256905548635,0.12106584209814557
HP4426,616802878b2577d953ddd763|kw|1,616802878b2577d953ddd763,kw,1,2.0,12,0,No clear justification,0.25595385467441073,0.10153059522356363,0.6093104582087867,0.03320509189323909
HP4427,5f91a0c5075eec02af730999|kw|1,5f91a0c5075eec02af730999,kw,1,5.5,12,1,Moral,0.22010966959486233,0.6167916048211656,0.1282324851498091,0.034866240434163
HP4428,5b62baa92783fc0001132bef|kw|1,5b62baa92783fc0001132bef,kw,1,12.0,12,0,No clear justification,0.182729845180805,0.0316238507393438,0.7613993876789301,0.024246916400920946
HP4429,57bc1180d50f410001e16ee9|kw|1,57bc1180d50f410001e16ee9,kw,1,12.0,12,0,No clear justification,0.6376049573656807,0.07635988285421533,0.22194300705032713,0.06409215272977689
HP4430,5cdc33f20a246d001e2d839a|kw|1,5cdc33f20a246d001e2d839a,kw,1,4.0,12,1,Moral,0.2907507754228592,0.2716782310623906,0.15054945433173345,0.2870215391830168
HP4431,66293dd4c51422edb482d223|kw|1,66293dd4c51422edb482d223,kw,1,7.0,12,3,Self-interest,0.30675424471882495,0.04528971591847657,0.6116281669498327,0.036327872412865746
HP4432,66619561132926a85baa3985|kw|1,66619561132926a85baa3985,kw,1,6.5,12,0,No clear justification,0.5587297029701813,0.07369639005112952,0.20960320794269754,0.15797069903599156
HP4433,67fb712344e93ae6c23a6805|kw|1,67fb712344e93ae6c23a6805,kw,1,8.0,12,1,Moral,0.2907507754228595,0.27167823106239075,0.15054945433173278,0.2870215391830169
HP4434,63e63f77c742a91baf498dd0|kw|1,63e63f77c742a91baf498dd0,kw,1,11.5,12,2,Mutual Benefit / Cooperation,0.1505523496562665,0.028970661284572846,0.7509676611204318,0.0695093279387289
HP4435,6655f99ef74e844cb8404cfa|kw|1,6655f99ef74e844cb8404cfa,kw,1,8.0,12,0,No clear justification,0.562170799214523,0.16335489303374534,0.21282099851339903,0.06165330923833254
HP4436,5b55f0867c0c5e0001635ee3|kw|1,5b55f0867c0c5e0001635ee3,kw,1,6.0,12,1,Moral,0.22010966959486233,0.6167916048211656,0.1282324851498091,0.034866240434163
HP4437,60abbb05288f7eeb1312c3b7|kw|1,60abbb05288f7eeb1312c3b7,kw,1,8.0,12,1,Moral,0.23251714881317773,0.36565373218091846,0.3672327582544494,0.034596360751454586
HP4438,66c215f37fb5c5aced53c73e|kw|1,66c215f37fb5c5aced53c73e,kw,1,12.0,12,0,No clear justification,0.6376049573656807,0.07635988285421533,0.22194300705032713,0.06409215272977689
HP4439,5c9cb71960a25400174337a0|kw|1,5c9cb71960a25400174337a0,kw,1,12.0,12,0,No clear justification,0.6376049573656807,0.07635988285421533,0.22194300705032713,0.06409215272977689
HP4440,6667dbd3d056e51225c6522f|kw|1,6667dbd3d056e51225c6522f,kw,1,10.0,12,0,No clear justification,0.30675424471882484,0.045289715918476525,0.6116281669498328,0.03632787241286571
HP4441,676055523b2e338c11c6d4f8|kw|1,676055523b2e338c11c6d4f8,kw,1,11.0,12,0,No clear justification,0.5587297029701813,0.07369639005112955,0.20960320794269774,0.15797069903599142
HP4442,604e839302a74c2f2990f713|kw|1,604e839302a74c2f2990f713,kw,1,10.0,12,0,No clear justification,0.32218227806456073,0.053581005200948176,0.38712059585162273,0.2371161208828683
HP4443,63039577b518c6981e54da62|kw|1,63039577b518c6981e54da62,kw,1,12.0,12,0,No clear justification,0.5621707992145228,0.16335489303374534,0.21282099851339922,0.06165330923833254
HP4444,5dd3d566e05cad3b130de19a|kw|1,5dd3d566e05cad3b130de19a,kw,1,12.0,12,0,No clear justification,0.6376049573656807,0.07635988285421533,0.22194300705032713,0.06409215272977689
HP4445,5788e1834a84da00014c4199|kw|1,5788e1834a84da00014c4199,kw,1,12.0,12,2,Mutual Benefit / Cooperation,0.3221822780645608,0.0535810052009482,0.3871205958516228,0.23711612088286813
HP4446,645e7b6f73146e7738e162e7|kw|1,645e7b6f73146e7738e162e7,kw,1,11.0,12,3,Self-interest,0.09558972776176956,0.020190659891552526,0.869781871789857,0.014437740556820896
HP4447,6130bf45d26aace770c8a217|kw|1,6130bf45d26aace770c8a217,kw,1,9.0,12,0,No clear justification,0.6376049573656807,0.07635988285421533,0.22194300705032713,0.06409215272977689
HP4448,660460162a2b3e5c554cf140|kw|1,660460162a2b3e5c554cf140,kw,1,9.5,12,0,No clear justification,0.4551818129120474,0.06871448305045794,0.18995264805449577,0.28615105598299895
HP4449,5bfd2d6b8acfed00011a5c89|kw|1,5bfd2d6b8acfed00011a5c89,kw,1,12.0,12,2,Mutual Benefit / Cooperation,0.22272334567598517,0.04853554739156387,0.12509975949600977,0.6036413474364413
HP4450,5803cb9a3073510001231d82|kw|1,5803cb9a3073510001231d82,kw,1,9.0,12,0,No clear justification,0.6376049573656807,0.07635988285421533,0.22194300705032713,0.06409215272977689
HP4451,5a47c383e074d600013912cc|kw|1,5a47c383e074d600013912cc,kw,1,4.0,12,0,No clear justification,0.6376049573656807,0.07635988285421533,0.22194300705032713,0.06409215272977689
HP4452,5f218810dbe587339609aee4|kw|1,5f218810dbe587339609aee4,kw,1,11.0,12,0,No clear justification,0.5587297029701813,0.07369639005112955,0.20960320794269774,0.15797069903599142
HP4453,634689b708cc8c54b0ac8f9d|kw|1,634689b708cc8c54b0ac8f9d,kw,1,7.0,12,2,Mutual Benefit / Cooperation,0.2713919728628931,0.1417923310702475,0.14289320189890084,0.44392249416795865
HP4454,65c900c7a7dc9db70e311289|kw|1,65c900c7a7dc9db70e311289,kw,1,7.5,12,0,No clear justification,0.4551818129120474,0.06871448305045794,0.18995264805449577,0.28615105598299895
HP4455,56c6e662b0b7a1000c5cdb21|kw|1,56c6e662b0b7a1000c5cdb21,kw,1,12.0,12,1,Moral,0.3431527076465668,0.13018935964505732,0.3999972292226043,0.12666070348577158
HP4456,650d9240b7f9fcecaf1f9656|kw|1,650d9240b7f9fcecaf1f9656,kw,1,3.5,12,0,No clear justification,0.5587297029701813,0.07369639005112955,0.20960320794269774,0.15797069903599142
HP4457,634689122e997b8299adeda5|kw|1,634689122e997b8299adeda5,kw,1,9.0,12,0,No clear justification,0.5587297029701813,0.07369639005112955,0.20960320794269774,0.15797069903599142
HP4458,5c4d8307782a2500019f5bfb|kw|1,5c4d8307782a2500019f5bfb,kw,1,12.0,12,3,Self-interest,0.09558972776176956,0.020190659891552526,0.869781871789857,0.014437740556820896
HP4459,5c3a4e759e794d000129a225|kw|1,5c3a4e759e794d000129a225,kw,1,10.0,12,2,Mutual Benefit / Cooperation,0.22272334567598517,0.04853554739156387,0.12509975949600977,0.6036413474364413
HP4460,56aa90d5638440000c8b506f|kw|1,56aa90d5638440000c8b506f,kw,1,6.0,12,0,No clear justification,0.3393394425446927,0.060598130311554074,0.16208028472077673,0.43798214242297645
HP4461,656ddcbf866b84025844f011|kw|1,656ddcbf866b84025844f011,kw,1,6.0,12,1,Moral,0.26887096639249947,0.23153750095449152,0.3785256905548635,0.12106584209814562
HP4462,5d5a72b1f6a633000186827b|kw|1,5d5a72b1f6a633000186827b,kw,1,0.0,12,0,No clear justification,0.255953854674411,0.10153059522356367,0.609310458208786,0.03320509189323912
HP4463,65e1e4ec67a8ab131c6868f2|kw|1,65e1e4ec67a8ab131c6868f2,kw,1,12.0,12,0,No clear justification,0.182729845180805,0.0316238507393438,0.7613993876789301,0.024246916400920946
HP4464,680d2d86e66d1e2a91357982|kw|1,680d2d86e66d1e2a91357982,kw,1,12.0,12,0,No clear justification,0.6376049573656807,0.07635988285421533,0.22194300705032713,0.06409215272977689
HP4465,65cbbb9b37abca7a65bc8f97|kw|1,65cbbb9b37abca7a65bc8f97,kw,1,11.0,12,0,No clear justification,0.4656012558037631,0.060838576522073834,0.4233503059561537,0.050209861718009396
HP4466,650c3ea3bb7f3b500e2db7a1|kw|1,650c3ea3bb7f3b500e2db7a1,kw,1,9.0,12,3,Self-interest,0.2340139986316789,0.04627730769359521,0.3507203523185842,0.3689883413561418
HP4467,6140ce04fc55c3149baf0f8b|kw|1,6140ce04fc55c3149baf0f8b,kw,1,12.0,12,2,Mutual Benefit / Cooperation,0.3813583998590425,0.15417623837580485,0.17464123158205627,0.28982413018309633
HP4468,59f22a9fd6380600018b2929|kw|1,59f22a9fd6380600018b2929,kw,1,12.0,12,3,Self-interest,0.32264039847114956,0.23427309746967054,0.40061502157741974,0.04247148248176006
HP4469,676aa8c77ae361d05e202994|kw|1,676aa8c77ae361d05e202994,kw,1,8.0,12,1,Moral,0.22010966959486233,0.6167916048211656,0.1282324851498091,0.034866240434163
HP4470,6786abc3a98055356d70eb64|kw|1,6786abc3a98055356d70eb64,kw,1,4.0,12,0,No clear justification,0.4836565107064726,0.1606567718665574,0.1979755525640671,0.1577111648629029
HP4471,5fa2b9a3c1d67f3a311db672|kw|1,5fa2b9a3c1d67f3a311db672,kw,1,6.0,12,1,Moral,0.26887096639249924,0.23153750095449152,0.37852569055486346,0.12106584209814562
HP4472,66d85bf2a76bd30f73bf7d6a|kw|1,66d85bf2a76bd30f73bf7d6a,kw,1,10.0,12,0,No clear justification,0.5587297029701813,0.07369639005112952,0.20960320794269754,0.15797069903599156
HP4473,5a9ac3061eda410001366658|kw|1,5a9ac3061eda410001366658,kw,1,6.0,12,3,Self-interest,0.2660643011558408,0.12423237874757379,0.37066484721564724,0.23903847288093827
HP4474,6914dc322c5412011be92338|kw|1,6914dc322c5412011be92338,kw,1,7.0,12,3,Self-interest,0.2660643011558408,0.12423237874757379,0.37066484721564724,0.23903847288093827
HP4475,5f1c27b2554a0f483df235e7|kw|1,5f1c27b2554a0f483df235e7,kw,1,4.0,12,0,No clear justification,0.3813583998590428,0.15417623837580482,0.17464123158205638,0.2898241301830961
HP4476,61019bc7cffccb7dc8d612b2|kw|1,61019bc7cffccb7dc8d612b2,kw,1,11.0,12,2,Mutual Benefit / Cooperation,0.5587297029701818,0.07369639005112959,0.20960320794269718,0.15797069903599148
HP4477,60a2dc7661911b5c61c28b51|kw|1,60a2dc7661911b5c61c28b51,kw,1,11.0,12,0,No clear justification,0.182729845180805,0.0316238507393438,0.7613993876789301,0.024246916400920946
HP4478,5ad0422dfb109b0001a30f35|kw|1,5ad0422dfb109b0001a30f35,kw,1,12.0,12,0,No clear justification,0.562170799214523,0.16335489303374534,0.21282099851339903,0.06165330923833254
HP4479,6303d61b4d70a5c93f583475|kw|1,6303d61b4d70a5c93f583475,kw,1,9.0,12,0,No clear justification,0.4656012558037631,0.060838576522073834,0.4233503059561537,0.050209861718009396
HP4480,5ede22703409e1042973a050|kw|1,5ede22703409e1042973a050,kw,1,12.0,12,3,Self-interest,0.23251714881317773,0.3656537321809181,0.3672327582544494,0.034596360751454586
HP4481,5a4d194c87c6f8000137d680|kw|1,5a4d194c87c6f8000137d680,kw,1,12.0,12,0,No clear justification,0.6376049573656807,0.07635988285421533,0.22194300705032713,0.06409215272977689
HP4482,5d5ae10ebe4ce30015ee95e2|kw|1,5d5ae10ebe4ce30015ee95e2,kw,1,2.0,12,1,Moral,0.23251714881317773,0.36565373218091846,0.3672327582544494,0.034596360751454586
HP4483,6647e64e68a80c2df0ecede1|kw|1,6647e64e68a80c2df0ecede1,kw,1,9.0,12,0,No clear justification,0.4551818129120474,0.06871448305045794,0.18995264805449577,0.28615105598299895
HP4484,6819f6ed2c103fe0803b1cb5|kw|1,6819f6ed2c103fe0803b1cb5,kw,1,12.0,12,2,Mutual Benefit / Cooperation,0.22272334567598517,0.04853554739156387,0.12509975949600977,0.6036413474364413
HP4485,63e51bd9b573cd46809e1d56|kw|1,63e51bd9b573cd46809e1d56,kw,1,7.0,12,1,Moral,0.2907507754228592,0.2716782310623906,0.15054945433173345,0.2870215391830168
HP4486,6346ab31c7d314a6aad343d5|kw|1,6346ab31c7d314a6aad343d5,kw,1,12.0,12,2,Mutual Benefit / Cooperation,0.26008534311106074,0.04262365201831858,0.6000358329106381,0.0972551719599825
HP4487,5e3d98be8ed4a5000e47cf4c|kw|1,5e3d98be8ed4a5000e47cf4c,kw,1,0.0,12,0,No clear justification,0.40335594217415943,0.05825205897775964,0.4102671741794488,0.12812482466863218
HP4488,5c5243d45acab700012608c7|kw|1,5c5243d45acab700012608c7,kw,1,12.0,12,0,No clear justification,0.6376049573656807,0.07635988285421533,0.22194300705032713,0.06409215272977689
HP4489,67ea369e95f5a4a14b11b557|kw|1,67ea369e95f5a4a14b11b557,kw,1,6.0,12,1,Moral,0.3226403984711495,0.23427309746967045,0.40061502157741996,0.04247148248176004
HP4490,614d9188dc315950026a6102|kw|1,614d9188dc315950026a6102,kw,1,12.0,12,1,Moral,0.46305769050157997,0.284099642475741,0.19623309141858092,0.05660957560409809
HP4491,5ea7e9f15bc7011d31958608|kw|1,5ea7e9f15bc7011d31958608,kw,1,8.0,12,0,No clear justification,0.32218227806456035,0.05358100520094846,0.3871205958516228,0.2371161208828683
HP4492,5dfcf9a12e47259f5bdcd77f|kw|1,5dfcf9a12e47259f5bdcd77f,kw,1,10.5,12,0,No clear justification,0.3393394425446927,0.060598130311554074,0.16208028472077673,0.43798214242297645
HP4493,5e15047894d5eeb157532e7f|kw|1,5e15047894d5eeb157532e7f,kw,1,4.0,12,1,Moral,0.5621707992145228,0.16335489303374545,0.21282099851339917,0.06165330923833254
HP4494,641571922d04f807e7157a04|kw|1,641571922d04f807e7157a04,kw,1,10.0,12,0,No clear justification,0.6376049573656807,0.07635988285421533,0.22194300705032713,0.06409215272977689
HP4495,5d0b6647e28fd700010c55ac|kw|1,5d0b6647e28fd700010c55ac,kw,1,6.0,12,0,No clear justification,0.562170799214523,0.16335489303374534,0.21282099851339903,0.06165330923833254
HP4496,5f4738bfa043201203a27b4b|kw|1,5f4738bfa043201203a27b4b,kw,1,12.0,12,1,Moral,0.28020370755084284,0.4314036900609293,0.14869498099152917,0.13969762139669875
HP4497,607de1d7c7cc25b639f63026|kw|1,607de1d7c7cc25b639f63026,kw,1,9.5,12,0,No clear justification,0.5587297029701813,0.07369639005112955,0.20960320794269774,0.15797069903599142
HP4498,5f49645bf271be4ba2e83871|kw|1,5f49645bf271be4ba2e83871,kw,1,10.0,12,1,Moral,0.22010966959486233,0.6167916048211656,0.1282324851498091,0.034866240434163
HP4499,5fb156d6e16ee65ed2558d7c|kw|1,5fb156d6e16ee65ed2558d7c,kw,1,8.0,12,3,Self-interest,0.26606430115584073,0.12423237874757379,0.3706648472156473,0.2390384728809382
HP4500,668bb93b4eb858cd5cc42786|kw|1,668bb93b4eb858cd5cc42786,kw,1,6.0,12,0,No clear justification,0.6376049573656807,0.07635988285421533,0.22194300705032713,0.06409215272977689
HP4501,58c508c1b101a700012938fa|kw|1,58c508c1b101a700012938fa,kw,1,7.5,12,1,Moral,0.2713919728628931,0.1417923310702475,0.14289320189890084,0.44392249416795865
HP4502,6776aa5ebfd096ef2a2f19e5|kw|1,6776aa5ebfd096ef2a2f19e5,kw,1,6.0,12,0,No clear justification,0.4551818129120474,0.06871448305045794,0.18995264805449577,0.28615105598299895
HP4503,5f123d2f9926a1193a114e68|kw|1,5f123d2f9926a1193a114e68,kw,1,10.0,12,0,No clear justification,0.6376049573656807,0.07635988285421533,0.22194300705032713,0.06409215272977689
HP4504,5d6f8881a273800019397e62|kw|1,5d6f8881a273800019397e62,kw,1,12.0,12,1,Moral,0.29075077542285954,0.2716782310623906,0.15054945433173278,0.2870215391830171
HP4505,5eaefa172e29805e3fc8081c|kw|1,5eaefa172e29805e3fc8081c,kw,1,10.0,12,0,No clear justification,0.4551818129120474,0.06871448305045794,0.18995264805449577,0.28615105598299895
HP4506,597f662f89542d0001517d78|kw|1,597f662f89542d0001517d78,kw,1,11.0,12,2,Mutual Benefit / Cooperation,0.3393394425446921,0.060598130311554047,0.16208028472077657,0.43798214242297734
HP4507,672e4d2388e1ccc770c60315|kw|1,672e4d2388e1ccc770c60315,kw,1,8.0,12,1,Moral,0.2660643011558408,0.12423237874757384,0.3706648472156475,0.23903847288093774
HP4508,5b12dd2630d562000155d420|kw|1,5b12dd2630d562000155d420,kw,1,12.0,12,3,Self-interest,0.1942958211554197,0.1813775478931521,0.5961680851718714,0.028158545779556825
HP4509,5df967d2f6191f6e87b236e6|kw|1,5df967d2f6191f6e87b236e6,kw,1,4.5,12,1,Moral,0.1942958211554197,0.1813775478931518,0.5961680851718717,0.028158545779556787
HP4510,5aa50441b5e2110001c72b89|kw|1,5aa50441b5e2110001c72b89,kw,1,12.0,12,0,No clear justification,0.4551818129120474,0.06871448305045794,0.18995264805449577,0.28615105598299895
HP4511,66744f5894fa0c22d40a2fa9|kw|1,66744f5894fa0c22d40a2fa9,kw,1,11.5,12,3,Self-interest,0.26606430115584073,0.12423237874757379,0.3706648472156473,0.2390384728809382
HP4512,5c0558b8553fb80001191980|kw|1,5c0558b8553fb80001191980,kw,1,9.5,12,0,No clear justification,0.6376049573656807,0.07635988285421533,0.22194300705032713,0.06409215272977689
HP4513,678ff750175fa91b6ee9c424|kw|1,678ff750175fa91b6ee9c424,kw,1,12.0,12,0,No clear justification,0.2600853431110609,0.042623652018318595,0.600035832910638,0.09725517195998246
HP4514,5c91658e319e1200014f6f9b|kw|1,5c91658e319e1200014f6f9b,kw,1,12.0,12,0,No clear justification,0.6376049573656807,0.07635988285421533,0.22194300705032713,0.06409215272977689
HP4515,5c8d1d7b88549d0012e849fd|kw|1,5c8d1d7b88549d0012e849fd,kw,1,7.5,12,3,Self-interest,0.14475994314119014,0.07362316841864823,0.7606067933431959,0.021010095096965744
HP4516,676edbd71b2d6c518eae7b45|kw|1,676edbd71b2d6c518eae7b45,kw,1,7.0,12,0,No clear justification,0.5587297029701818,0.07369639005112959,0.20960320794269718,0.15797069903599148
HP4517,601d019311e8a602cf032726|kw|1,601d019311e8a602cf032726,kw,1,12.0,12,0,No clear justification,0.562170799214523,0.16335489303374534,0.21282099851339903,0.06165330923833254
HP4518,64480f31061b43c4562401ce|kw|1,64480f31061b43c4562401ce,kw,1,3.0,12,0,No clear justification,0.5587297029701818,0.07369639005112959,0.20960320794269718,0.15797069903599148
HP4519,6760558ca4f9e25054c4f224|kw|1,6760558ca4f9e25054c4f224,kw,1,9.0,12,3,Self-interest,0.09558972776176956,0.020190659891552526,0.869781871789857,0.014437740556820896
HP4520,62e3f19b60ada5ae7dfbc177|kw|1,62e3f19b60ada5ae7dfbc177,kw,1,12.0,12,0,No clear justification,0.3813583998590428,0.15417623837580482,0.17464123158205638,0.2898241301830961
HP4521,66620b7efcaa40d33955df12|kw|1,66620b7efcaa40d33955df12,kw,1,11.0,12,3,Self-interest,0.15055234965626643,0.02897066128457287,0.7509676611204319,0.0695093279387289
HP4522,676075fb194ad11cc7649a1f|kw|1,676075fb194ad11cc7649a1f,kw,1,12.0,12,2,Mutual Benefit / Cooperation,0.3813583998590425,0.15417623837580485,0.17464123158205627,0.28982413018309633
HP4523,5e2f2afece5e9a4ef7de8452|kw|1,5e2f2afece5e9a4ef7de8452,kw,1,12.0,12,2,Mutual Benefit / Cooperation,0.4551818129120474,0.06871448305045794,0.18995264805449577,0.28615105598299895
HP4524,62fb84d27e9d26a3b0e9cffc|kw|1,62fb84d27e9d26a3b0e9cffc,kw,1,12.0,12,0,No clear justification,0.6376049573656807,0.07635988285421533,0.22194300705032713,0.06409215272977689
HP4525,665d3b8935ef56ce74c4761f|kw|1,665d3b8935ef56ce74c4761f,kw,1,3.0,12,1,Moral,0.2907507754228592,0.2716782310623906,0.15054945433173345,0.2870215391830168
HP4526,55e56224c70c7a00112a6565|kw|1,55e56224c70c7a00112a6565,kw,1,12.0,12,0,No clear justification,0.6376049573656807,0.07635988285421533,0.22194300705032713,0.06409215272977689
HP4527,600628028f2211980fd1632c|kw|1,600628028f2211980fd1632c,kw,1,6.0,12,3,Self-interest,0.14475994314119014,0.07362316841864823,0.7606067933431959,0.021010095096965744
HP4528,55747e4afdf99b6752df4183|kw|1,55747e4afdf99b6752df4183,kw,1,6.0,12,0,No clear justification,0.6376049573656807,0.07635988285421533,0.22194300705032713,0.06409215272977689
HP4529,677f6f8ab8362a15598d29af|kw|1,677f6f8ab8362a15598d29af,kw,1,10.0,12,0,No clear justification,0.6376049573656807,0.07635988285421533,0.22194300705032713,0.06409215272977689
HP4530,6367e0db54b21863c92a66bc|kw|1,6367e0db54b21863c92a66bc,kw,1,8.0,12,3,Self-interest,0.2600853431110605,0.042623652018318484,0.6000358329106389,0.09725517195998225
HP4531,5e9607da6b866106f5666075|kw|1,5e9607da6b866106f5666075,kw,1,10.0,12,2,Mutual Benefit / Cooperation,0.34315270764656697,0.13018935964505737,0.39999722922260406,0.12666070348577152
HP4532,5eaaa1f09980ee025a0e1f12|kw|1,5eaaa1f09980ee025a0e1f12,kw,1,11.5,12,0,No clear justification,0.6376049573656807,0.07635988285421533,0.22194300705032713,0.06409215272977689
HP4533,66594968a8fca6ea85c9ac19|kw|1,66594968a8fca6ea85c9ac19,kw,1,12.0,12,2,Mutual Benefit / Cooperation,0.22272334567598517,0.04853554739156387,0.12509975949600977,0.6036413474364413
HP4534,5c38dab0f0ae4c00011238c1|kw|1,5c38dab0f0ae4c00011238c1,kw,1,12.0,12,3,Self-interest,0.1998315446240745,0.03801574710322655,0.5773880097385596,0.18476469853413927
HP4535,61015eeeac2c6fae4f3696c6|kw|1,61015eeeac2c6fae4f3696c6,kw,1,12.0,12,0,No clear justification,0.6376049573656807,0.07635988285421533,0.22194300705032713,0.06409215272977689
HP4536,652a96faf5b1e3aec0272277|kw|1,652a96faf5b1e3aec0272277,kw,1,12.0,12,2,Mutual Benefit / Cooperation,0.40335594217415943,0.05825205897775964,0.4102671741794488,0.12812482466863218
HP4537,5e371378ce5a726a3e29ef7e|kw|1,5e371378ce5a726a3e29ef7e,kw,1,12.0,12,1,Moral,0.280203707550843,0.4314036900609294,0.14869498099152897,0.13969762139669856
HP4538,66ecbaf732d7637a943c139f|kw|1,66ecbaf732d7637a943c139f,kw,1,7.0,12,0,No clear justification,0.30675424471882484,0.045289715918476525,0.6116281669498328,0.03632787241286571
HP4539,67d7de6a1dfb7a9e45d11308|kw|1,67d7de6a1dfb7a9e45d11308,kw,1,6.0,12,0,No clear justification,0.6376049573656807,0.07635988285421533,0.22194300705032713,0.06409215272977689
HP4540,6722ae0741429fa41d8893db|kw|1,6722ae0741429fa41d8893db,kw,1,6.0,12,1,Moral,0.3456277793564653,0.4374837544535197,0.16901613612027663,0.047872330069738435
HP4541,614e5092e08a3a2d3204ffd2|kw|1,614e5092e08a3a2d3204ffd2,kw,1,12.0,12,0,No clear justification,0.34315270764656686,0.13018935964505732,0.39999722922260417,0.12666070348577158
HP4542,5e04b9be7adf4bf23f066a2a|kw|1,5e04b9be7adf4bf23f066a2a,kw,1,11.5,12,0,No clear justification,0.5587297029701813,0.07369639005112952,0.20960320794269754,0.15797069903599156
HP4543,58df4816aedfd50001526cb9|kw|1,58df4816aedfd50001526cb9,kw,1,12.0,12,0,No clear justification,0.6376049573656807,0.07635988285421533,0.22194300705032713,0.06409215272977689
HP4544,64d1362c539c9befa2bfc914|kw|1,64d1362c539c9befa2bfc914,kw,1,6.0,12,0,No clear justification,0.562170799214523,0.16335489303374534,0.21282099851339903,0.06165330923833254
HP4545,612b5a2c55286e4cf74a63ee|kw|1,612b5a2c55286e4cf74a63ee,kw,1,3.0,12,3,Self-interest,0.4033559421741594,0.05825205897775962,0.4102671741794488,0.12812482466863212
HP4546,6598124cb009a156ae665edf|kw|1,6598124cb009a156ae665edf,kw,1,4.5,12,0,No clear justification,0.2600853431110609,0.042623652018318595,0.600035832910638,0.09725517195998246
HP4547,5d90f475c83a770017213e12|kw|1,5d90f475c83a770017213e12,kw,1,9.5,12,0,No clear justification,0.4551818129120474,0.06871448305045794,0.18995264805449577,0.28615105598299895
HP4548,5ee91869ec57d2169fca4494|kw|1,5ee91869ec57d2169fca4494,kw,1,11.5,12,1,Moral,0.14475994314119014,0.0736231684186482,0.7606067933431959,0.021010095096965744
HP4549,6642bc68a8130f486d2ae4b0|kw|1,6642bc68a8130f486d2ae4b0,kw,1,0.0,12,1,Moral,0.2907507754228595,0.27167823106239075,0.15054945433173278,0.2870215391830169
HP4550,5f836c9938d2da4fb75631ef|kw|1,5f836c9938d2da4fb75631ef,kw,1,11.5,12,0,No clear justification,0.6376049573656807,0.07635988285421533,0.22194300705032713,0.06409215272977689
HP4551,68f92957a58d956e7451acb9|kw|1,68f92957a58d956e7451acb9,kw,1,12.0,12,1,Moral,0.14475994314119014,0.0736231684186482,0.7606067933431959,0.021010095096965744
HP4552,5e3d33b27525e7117bd31778|kw|1,5e3d33b27525e7117bd31778,kw,1,12.0,12,0,No clear justification,0.4656012558037631,0.060838576522073834,0.4233503059561537,0.050209861718009396
HP4553,66129825e6dad815d14d5b2b|kw|1,66129825e6dad815d14d5b2b,kw,1,11.0,12,1,Moral,0.46305769050157997,0.284099642475741,0.19623309141858092,0.05660957560409809
HP4554,677ac5abfeff92f43b1755ba|kw|1,677ac5abfeff92f43b1755ba,kw,1,9.0,12,1,Moral,0.23251714881317753,0.36565373218091846,0.3672327582544494,0.03459636075145456
HP4555,6544ff9e0fb2eaaf83e2de5c|kw|1,6544ff9e0fb2eaaf83e2de5c,kw,1,12.0,12,3,Self-interest,0.4656012558037631,0.060838576522073834,0.4233503059561537,0.050209861718009396
HP4556,59995d926c165e000113fb21|kw|1,59995d926c165e000113fb21,kw,1,9.0,12,0,No clear justification,0.30675424471882484,0.045289715918476525,0.6116281669498328,0.03632787241286571
HP4557,593c25fc048d06000182f21b|kw|1,593c25fc048d06000182f21b,kw,1,8.5,12,3,Self-interest,0.21416508557691613,0.09843450084914732,0.5933717393668069,0.0940286742071297
HP4558,66aba3f6770ca5f663f7b9c7|kw|1,66aba3f6770ca5f663f7b9c7,kw,1,12.0,12,0,No clear justification,0.4551818129120474,0.06871448305045794,0.18995264805449577,0.28615105598299895
HP4559,62e02660c3ef175825ab7655|kw|1,62e02660c3ef175825ab7655,kw,1,12.0,12,0,No clear justification,0.6376049573656807,0.07635988285421533,0.22194300705032713,0.06409215272977689
HP4560,5ea166af93435d0008a8a341|kw|1,5ea166af93435d0008a8a341,kw,1,10.0,12,1,Moral,0.25595385467441073,0.10153059522356363,0.6093104582087867,0.03320509189323909
HP4561,664151371b8b34f967a026d1|kw|1,664151371b8b34f967a026d1,kw,1,12.0,12,0,No clear justification,0.562170799214523,0.16335489303374534,0.21282099851339903,0.06165330923833254
HP4562,671d15b4b59b2741dee8284a|kw|1,671d15b4b59b2741dee8284a,kw,1,6.0,12,1,Moral,0.2907507754228592,0.2716782310623906,0.15054945433173345,0.2870215391830168
HP4563,677539286f78d2ffd6438cb0|kw|1,677539286f78d2ffd6438cb0,kw,1,6.0,12,0,No clear justification,0.25595385467441073,0.10153059522356363,0.6093104582087867,0.03320509189323909
HP4564,5a01ddf3728b1b0001ad8ad0|kw|1,5a01ddf3728b1b0001ad8ad0,kw,1,12.0,12,1,Moral,0.26887096639249947,0.23153750095449152,0.3785256905548635,0.12106584209814562
HP4565,6665aedc9ae0e1cd7ac623f0|kw|1,6665aedc9ae0e1cd7ac623f0,kw,1,11.0,12,0,No clear justification,0.3813583998590428,0.15417623837580482,0.17464123158205638,0.2898241301830961
HP4566,5e6e442f779df43f9b825868|kw|1,5e6e442f779df43f9b825868,kw,1,12.0,12,0,No clear justification,0.182729845180805,0.0316238507393438,0.7613993876789301,0.024246916400920946
HP4567,64412176f816c39534d16bf0|kw|1,64412176f816c39534d16bf0,kw,1,9.5,12,0,No clear justification,0.4551818129120474,0.06871448305045794,0.18995264805449577,0.28615105598299895
HP4568,5c5404c24831db000161c5e8|kw|1,5c5404c24831db000161c5e8,kw,1,12.0,12,3,Self-interest,0.25595385467441073,0.10153059522356363,0.6093104582087867,0.03320509189323909
HP4569,65bca238c27f6c4538c37172|kw|1,65bca238c27f6c4538c37172,kw,1,12.0,12,0,No clear justification,0.6376049573656807,0.07635988285421533,0.22194300705032713,0.06409215272977689
HP4570,5d3d9749607ede001a0712df|kw|1,5d3d9749607ede001a0712df,kw,1,12.0,12,1,Moral,0.1942958211554197,0.1813775478931518,0.5961680851718717,0.028158545779556787
HP4571,64337cc5c12109dc730de8c6|kw|1,64337cc5c12109dc730de8c6,kw,1,9.0,12,3,Self-interest,0.3431527076465668,0.13018935964505737,0.3999972292226042,0.12666070348577158
HP4572,63f78c9346da47f7f8f3aef9|kw|1,63f78c9346da47f7f8f3aef9,kw,1,6.0,12,1,Moral,0.22010966959486233,0.6167916048211656,0.1282324851498091,0.034866240434163
HP4573,6701f65ca63a3fae9d2e820e|kw|1,6701f65ca63a3fae9d2e820e,kw,1,3.0,12,1,Moral,0.23251714881317753,0.36565373218091846,0.3672327582544494,0.03459636075145456
HP4574,63ea5f39871e9fdef021a53d|kw|1,63ea5f39871e9fdef021a53d,kw,1,12.0,12,1,Moral,0.5621707992145228,0.16335489303374545,0.21282099851339917,0.06165330923833254
HP4575,5d544c78ee3a4700164ee73f|kw|1,5d544c78ee3a4700164ee73f,kw,1,8.0,12,3,Self-interest,0.23251714881317773,0.3656537321809181,0.3672327582544494,0.034596360751454586
HP4576,5d150669b296b500187df8f9|kw|1,5d150669b296b500187df8f9,kw,1,12.0,12,3,Self-interest,0.30675424471882495,0.04528971591847657,0.6116281669498327,0.036327872412865746
HP4577,5efa4bdaca4722143101c0bc|kw|1,5efa4bdaca4722143101c0bc,kw,1,6.0,12,3,Self-interest,0.402664474007255,0.13285420347944024,0.4170078720422523,0.04747345047105236
HP4578,65b2c1f20d8199c577778169|kw|1,65b2c1f20d8199c577778169,kw,1,12.0,12,3,Self-interest,0.402664474007255,0.13285420347944024,0.4170078720422523,0.04747345047105236
HP4579,60aab5962c85a00f1bc9631c|kw|1,60aab5962c85a00f1bc9631c,kw,1,12.0,12,0,No clear justification,0.3456277793564649,0.4374837544535208,0.16901613612027594,0.04787233006973837
HP4580,5c7ecfbb4243370001ed2f0e|kw|1,5c7ecfbb4243370001ed2f0e,kw,1,10.0,12,0,No clear justification,0.4551818129120474,0.06871448305045794,0.18995264805449577,0.28615105598299895
HP4581,6126086041dbfc8b499a693c|kw|1,6126086041dbfc8b499a693c,kw,1,12.0,12,1,Moral,0.5621707992145228,0.16335489303374545,0.21282099851339917,0.06165330923833254
HP4582,6346e221d4cea480a1a39b52|kw|1,6346e221d4cea480a1a39b52,kw,1,11.0,12,0,No clear justification,0.3879142970549456,0.28088003395944816,0.17836906662510751,0.15283660236049867
HP4583,663b9c6e798074f8e71665c5|kw|1,663b9c6e798074f8e71665c5,kw,1,12.0,12,0,No clear justification,0.6376049573656807,0.07635988285421533,0.22194300705032713,0.06409215272977689
HP4584,5981b8259c83ca00012bddcb|kw|1,5981b8259c83ca00012bddcb,kw,1,10.0,12,0,No clear justification,0.6376049573656807,0.07635988285421533,0.22194300705032713,0.06409215272977689
HP4585,5f0766baa1aa2f12767758cd|kw|1,5f0766baa1aa2f12767758cd,kw,1,10.0,12,2,Mutual Benefit / Cooperation,0.4551818129120474,0.06871448305045794,0.18995264805449577,0.28615105598299895
HP4586,5b14265d30d562000155ea04|kw|1,5b14265d30d562000155ea04,kw,1,9.0,12,2,Mutual Benefit / Cooperation,0.4551818129120474,0.06871448305045794,0.18995264805449577,0.28615105598299895
HP4587,6776a0c43e29f81f1d048d18|kw|1,6776a0c43e29f81f1d048d18,kw,1,12.0,12,2,Mutual Benefit / Cooperation,0.1505523496562665,0.028970661284572846,0.7509676611204318,0.0695093279387289
HP4588,612384e91921ae1017430f38|kw|1,612384e91921ae1017430f38,kw,1,12.0,12,3,Self-interest,0.4656012558037631,0.060838576522073834,0.4233503059561537,0.050209861718009396
HP4589,6694ffb87c99948599fbd488|kw|1,6694ffb87c99948599fbd488,kw,1,12.0,12,0,No clear justification,0.6376049573656807,0.07635988285421533,0.22194300705032713,0.06409215272977689
HP4590,66e31654470ca1ff856bc466|kw|1,66e31654470ca1ff856bc466,kw,1,12.0,12,0,No clear justification,0.6376049573656807,0.07635988285421533,0.22194300705032713,0.06409215272977689
HP4591,671279a5cee9ddb1711049e7|kw|1,671279a5cee9ddb1711049e7,kw,1,8.0,12,0,No clear justification,0.5587297029701813,0.07369639005112952,0.20960320794269754,0.15797069903599156
HP4592,677650da17489eb0f07dec0d|kw|1,677650da17489eb0f07dec0d,kw,1,6.0,12,0,No clear justification,0.6376049573656807,0.07635988285421533,0.22194300705032713,0.06409215272977689
HP4593,67f0158b01e9ac80ef1ff943|kw|1,67f0158b01e9ac80ef1ff943,kw,1,7.0,12,0,No clear justification,0.6376049573656807,0.07635988285421533,0.22194300705032713,0.06409215272977689
HP4594,5c6071a1e1df700001ca8bf1|kw|1,5c6071a1e1df700001ca8bf1,kw,1,8.0,12,1,Moral,0.26887096639249947,0.23153750095449152,0.3785256905548635,0.12106584209814557
HP4595,6447b565df936347833ab73d|kw|1,6447b565df936347833ab73d,kw,1,6.0,12,0,No clear justification,0.38791429705494546,0.2808800339594477,0.1783690666251079,0.15283660236049887
HP4596,663e6fac2a7a46907d91ce30|kw|1,663e6fac2a7a46907d91ce30,kw,1,3.5,12,0,No clear justification,0.6376049573656807,0.07635988285421533,0.22194300705032713,0.06409215272977689
HP4597,5ed5742f3d96410f9b7e0c16|kw|1,5ed5742f3d96410f9b7e0c16,kw,1,9.5,12,1,Moral,0.46305769050157997,0.284099642475741,0.19623309141858092,0.05660957560409809
HP4598,66786fd4594ab649c244de43|kw|1,66786fd4594ab649c244de43,kw,1,12.0,12,0,No clear justification,0.182729845180805,0.0316238507393438,0.7613993876789301,0.024246916400920946
HP4599,669c13abec22054c1cce02e2|kw|1,669c13abec22054c1cce02e2,kw,1,6.0,12,0,No clear justification,0.5587297029701818,0.07369639005112959,0.20960320794269718,0.15797069903599148
HP4600,628e6211ac6b1a941a2294f9|kw|1,628e6211ac6b1a941a2294f9,kw,1,6.0,12,0,No clear justification,0.6376049573656807,0.07635988285421533,0.22194300705032713,0.06409215272977689
HP4601,676142fa1f9c3ccacb08b548|kw|1,676142fa1f9c3ccacb08b548,kw,1,2.0,12,1,Moral,0.4836565107064726,0.1606567718665575,0.1979755525640671,0.15771116486290282
HP4602,6784ea5cf89f784e621ac9fa|kw|1,6784ea5cf89f784e621ac9fa,kw,1,6.0,12,0,No clear justification,0.4836565107064726,0.1606567718665574,0.1979755525640671,0.1577111648629029
HP4603,671cdd2146a2a9d3d0535132|kw|1,671cdd2146a2a9d3d0535132,kw,1,12.0,12,1,Moral,0.2713919728628931,0.1417923310702475,0.14289320189890084,0.44392249416795865
HP4604,5e76c87c0fd39b22d52eba04|kw|1,5e76c87c0fd39b22d52eba04,kw,1,12.0,12,0,No clear justification,0.3879142970549455,0.2808800339594478,0.17836906662510793,0.15283660236049887
HP4605,5f7894fb06b78643c9bcdd44|kw|1,5f7894fb06b78643c9bcdd44,kw,1,10.5,12,0,No clear justification,0.46305769050157997,0.284099642475741,0.19623309141858092,0.05660957560409809
HP4606,66549dc5c1d9f3d7238ddda1|kw|1,66549dc5c1d9f3d7238ddda1,kw,1,10.5,12,0,No clear justification,0.6376049573656807,0.07635988285421533,0.22194300705032713,0.06409215272977689
HP4607,5483702ffdf99b24c654b810|kw|1,5483702ffdf99b24c654b810,kw,1,11.5,12,2,Mutual Benefit / Cooperation,0.2660643011558408,0.12423237874757379,0.3706648472156475,0.23903847288093774
HP4608,614f39b82ccdbdd51c76cc50|kw|1,614f39b82ccdbdd51c76cc50,kw,1,6.0,12,0,No clear justification,0.38791429705494546,0.2808800339594477,0.1783690666251079,0.15283660236049887
HP4609,67605405bfd9f40dd7ca2a24|kw|1,67605405bfd9f40dd7ca2a24,kw,1,8.0,12,3,Self-interest,0.26887096639249936,0.2315375009544914,0.3785256905548635,0.12106584209814557
HP4610,6538fe8110063843a9f5c2b6|kw|1,6538fe8110063843a9f5c2b6,kw,1,9.5,12,0,No clear justification,0.6376049573656807,0.07635988285421533,0.22194300705032713,0.06409215272977689
HP4611,5e9adc3d7848b717401fb4c2|kw|1,5e9adc3d7848b717401fb4c2,kw,1,6.0,12,0,No clear justification,0.6376049573656807,0.07635988285421533,0.22194300705032713,0.06409215272977689
HP4612,60e0687e08d77efdaa4e9aa8|kw|1,60e0687e08d77efdaa4e9aa8,kw,1,0.0,12,1,Moral,0.23251714881317753,0.36565373218091846,0.3672327582544494,0.03459636075145456
HP4613,67ed75fa0c2423e85f8b3c8b|kw|1,67ed75fa0c2423e85f8b3c8b,kw,1,8.0,12,0,No clear justification,0.3813583998590428,0.15417623837580482,0.17464123158205638,0.2898241301830961
HP4614,5ee1311e3348314f4f4a8d30|kw|1,5ee1311e3348314f4f4a8d30,kw,1,0.5,12,0,No clear justification,0.30675424471882484,0.045289715918476525,0.6116281669498328,0.03632787241286571
HP4615,63251e479509813fab713ad2|kw|1,63251e479509813fab713ad2,kw,1,4.0,12,1,Moral,0.40266447400725497,0.1328542034794403,0.4170078720422523,0.047473450471052336
HP4616,691dd5fab1ccbfaa2d6d085a|kw|1,691dd5fab1ccbfaa2d6d085a,kw,1,6.5,12,0,No clear justification,0.46305769050157997,0.284099642475741,0.19623309141858092,0.05660957560409809
HP4617,5d510396f6725b001a4fc025|kw|1,5d510396f6725b001a4fc025,kw,1,2.5,12,0,No clear justification,0.30675424471882484,0.045289715918476525,0.6116281669498328,0.03632787241286571
HP4618,654e39528578beb912aee3a0|kw|1,654e39528578beb912aee3a0,kw,1,11.5,12,0,No clear justification,0.5621707992145228,0.16335489303374534,0.21282099851339922,0.06165330923833254
HP4619,68491eeead1c9115dbd5d603|kw|1,68491eeead1c9115dbd5d603,kw,1,6.0,12,0,No clear justification,0.3226403984711496,0.23427309746967054,0.4006150215774199,0.04247148248176006
HP4620,616d8ff5eeb9a8616afa647d|kw|1,616d8ff5eeb9a8616afa647d,kw,1,7.0,12,0,No clear justification,0.562170799214523,0.16335489303374534,0.21282099851339903,0.06165330923833254
HP4621,582468295f4d1c0001c7c467|kw|1,582468295f4d1c0001c7c467,kw,1,11.0,12,0,No clear justification,0.3393394425446927,0.060598130311554074,0.16208028472077673,0.43798214242297645
HP4622,67657279b0bce380fa33721e|kw|1,67657279b0bce380fa33721e,kw,1,6.0,12,1,Moral,0.3879142970549455,0.28088003395944816,0.17836906662510743,0.15283660236049887
HP4623,6662d218ea91c53879306d23|kw|1,6662d218ea91c53879306d23,kw,1,12.0,12,0,No clear justification,0.6376049573656807,0.07635988285421533,0.22194300705032713,0.06409215272977689
HP4624,6733d9a1dd373a1495f33f76|kw|1,6733d9a1dd373a1495f33f76,kw,1,12.0,12,0,No clear justification,0.4656012558037631,0.060838576522073834,0.4233503059561537,0.050209861718009396
HP4625,644289697a8b924fa0b34c10|kw|1,644289697a8b924fa0b34c10,kw,1,7.0,12,0,No clear justification,0.4656012558037631,0.060838576522073834,0.4233503059561537,0.050209861718009396
HP4626,5f07386c25b9522f898bac8f|kw|1,5f07386c25b9522f898bac8f,kw,1,11.5,12,1,Moral,0.5621707992145228,0.16335489303374545,0.21282099851339917,0.06165330923833254
HP4627,5dbe4c414d98b9351114504a|kw|1,5dbe4c414d98b9351114504a,kw,1,1.0,12,1,Moral,0.26887096639249947,0.23153750095449152,0.3785256905548635,0.12106584209814562
HP4628,61058ec065679950ffada919|kw|1,61058ec065679950ffada919,kw,1,12.0,12,0,No clear justification,0.4656012558037631,0.060838576522073834,0.4233503059561537,0.050209861718009396
HP4629,5c7cfb5a1a8c170001397f4c|kw|1,5c7cfb5a1a8c170001397f4c,kw,1,3.5,12,3,Self-interest,0.18272984518080543,0.0316238507393439,0.7613993876789298,0.024246916400920998
HP4630,6294de1b341cd20e308d1a4a|kw|1,6294de1b341cd20e308d1a4a,kw,1,11.0,12,1,Moral,0.3456277793564653,0.4374837544535197,0.16901613612027663,0.047872330069738435
HP4631,66f6f78c68246dd27f4dcc05|kw|1,66f6f78c68246dd27f4dcc05,kw,1,11.5,12,0,No clear justification,0.6376049573656807,0.07635988285421533,0.22194300705032713,0.06409215272977689
HP4632,63b0888e6716ff9bc2cda151|kw|1,63b0888e6716ff9bc2cda151,kw,1,11.0,12,0,No clear justification,0.40266447400725497,0.13285420347944024,0.41700787204225226,0.047473450471052336
HP4633,5ba2cd9ee671c60001236628|kw|1,5ba2cd9ee671c60001236628,kw,1,10.5,12,0,No clear justification,0.6376049573656807,0.07635988285421533,0.22194300705032713,0.06409215272977689
HP4634,5f4d968cacc80fa73143cdf3|kw|1,5f4d968cacc80fa73143cdf3,kw,1,6.0,12,3,Self-interest,0.19429582115542018,0.18137754789315244,0.5961680851718705,0.028158545779556864
HP4635,65a5920088672d869713f267|kw|1,65a5920088672d869713f267,kw,1,12.0,12,0,No clear justification,0.182729845180805,0.0316238507393438,0.7613993876789301,0.024246916400920946
HP4636,5ee00b8630f30b34f2a5dc1c|kw|1,5ee00b8630f30b34f2a5dc1c,kw,1,12.0,12,3,Self-interest,0.32264039847114956,0.23427309746967054,0.40061502157741974,0.04247148248176006
HP4637,66aa6452750a59e377b0615b|kw|1,66aa6452750a59e377b0615b,kw,1,8.0,12,0,No clear justification,0.4656012558037631,0.060838576522073834,0.4233503059561537,0.050209861718009396
HP4638,634c48cd5280c359cf6f5721|kw|1,634c48cd5280c359cf6f5721,kw,1,12.0,12,1,Moral,0.21416508557691633,0.09843450084914727,0.5933717393668066,0.09402867420712978
HP4639,5b405bb6c2e38100017612bb|kw|1,5b405bb6c2e38100017612bb,kw,1,12.0,12,0,No clear justification,0.6376049573656807,0.07635988285421533,0.22194300705032713,0.06409215272977689
HP4640,55ee11c37480920010aaac8b|kw|1,55ee11c37480920010aaac8b,kw,1,12.0,12,2,Mutual Benefit / Cooperation,0.28020370755084284,0.4314036900609295,0.14869498099152909,0.13969762139669875
HP4641,62b2476fc924f1a048bd412b|kw|1,62b2476fc924f1a048bd412b,kw,1,12.0,12,3,Self-interest,0.15055234965626643,0.02897066128457287,0.7509676611204319,0.0695093279387289
HP4642,5dd61a909ca8a35c14d8d610|kw|1,5dd61a909ca8a35c14d8d610,kw,1,12.0,12,3,Self-interest,0.09558972776176956,0.020190659891552526,0.869781871789857,0.014437740556820896
HP4643,6643bc4b7c72a9f1bcb44c5d|kw|1,6643bc4b7c72a9f1bcb44c5d,kw,1,8.0,12,0,No clear justification,0.4836565107064726,0.1606567718665575,0.1979755525640671,0.15771116486290282
HP4644,6675dbbeee7b1e2aa37a8eaa|kw|1,6675dbbeee7b1e2aa37a8eaa,kw,1,12.0,12,1,Moral,0.1942958211554197,0.1813775478931518,0.5961680851718717,0.028158545779556787
HP4645,5b0739faa84dcf0001bef230|kw|1,5b0739faa84dcf0001bef230,kw,1,12.0,12,2,Mutual Benefit / Cooperation,0.22272334567598517,0.04853554739156387,0.12509975949600977,0.6036413474364413
HP4646,67b8ac4a64ff597388f3fcc1|kw|1,67b8ac4a64ff597388f3fcc1,kw,1,4.0,12,0,No clear justification,0.40335594217415904,0.0582520589777598,0.4102671741794489,0.12812482466863218
HP4647,66620c13f3be060d78145a98|kw|1,66620c13f3be060d78145a98,kw,1,6.0,12,2,Mutual Benefit / Cooperation,0.2713919728628931,0.1417923310702475,0.14289320189890084,0.44392249416795865
HP4648,606ee8f52a168c78fda80c23|kw|1,606ee8f52a168c78fda80c23,kw,1,0.0,12,0,No clear justification,0.4656012558037631,0.060838576522073834,0.4233503059561537,0.050209861718009396
HP4649,66c24e9899628532dd846326|kw|1,66c24e9899628532dd846326,kw,1,10.5,12,0,No clear justification,0.26008534311106046,0.04262365201831846,0.6000358329106389,0.0972551719599822
HP4650,5731b7f35b8b0600097c2d66|kw|1,5731b7f35b8b0600097c2d66,kw,1,10.0,12,1,Moral,0.28020370755084273,0.4314036900609294,0.14869498099152917,0.13969762139669872
HP4651,60fe22572fbdc4993e5c2e50|kw|1,60fe22572fbdc4993e5c2e50,kw,1,12.0,12,0,No clear justification,0.6376049573656807,0.07635988285421533,0.22194300705032713,0.06409215272977689
HP4652,61693b21fbf953323ceadf35|kw|1,61693b21fbf953323ceadf35,kw,1,11.0,12,2,Mutual Benefit / Cooperation,0.3393394425446927,0.060598130311554074,0.16208028472077673,0.43798214242297645
HP4653,66d3755f3cb79a7b15921f8c|kw|1,66d3755f3cb79a7b15921f8c,kw,1,12.0,12,3,Self-interest,0.2340139986316789,0.04627730769359521,0.3507203523185842,0.3689883413561418
HP4654,5ee2d96eac3291203650f16e|kw|1,5ee2d96eac3291203650f16e,kw,1,12.0,12,3,Self-interest,0.32264039847114956,0.23427309746967054,0.40061502157741974,0.04247148248176006
HP4655,5ef1e33a86d17508df13c097|kw|1,5ef1e33a86d17508df13c097,kw,1,12.0,12,0,No clear justification,0.30675424471882484,0.045289715918476525,0.6116281669498328,0.03632787241286571
HP4656,66ef8c16db6307178a651f0a|kw|1,66ef8c16db6307178a651f0a,kw,1,6.0,12,0,No clear justification,0.6376049573656807,0.07635988285421533,0.22194300705032713,0.06409215272977689
HP4657,5a61207cc0d8360001078f07|kw|1,5a61207cc0d8360001078f07,kw,1,12.0,12,0,No clear justification,0.46305769050157997,0.284099642475741,0.19623309141858092,0.05660957560409809
HP4658,674a8f27f27a3b62151660a9|kw|1,674a8f27f27a3b62151660a9,kw,1,12.0,12,0,No clear justification,0.6376049573656807,0.07635988285421533,0.22194300705032713,0.06409215272977689
HP4659,6658f92784cb793eeaa052d0|kw|1,6658f92784cb793eeaa052d0,kw,1,12.0,12,0,No clear justification,0.3879142970549456,0.28088003395944816,0.17836906662510751,0.15283660236049867
HP4660,66fcd0716d928803a90f7537|kw|1,66fcd0716d928803a90f7537,kw,1,11.0,12,0,No clear justification,0.3393394425446927,0.060598130311554074,0.16208028472077673,0.43798214242297645
HP4661,60affbb6c7f40f915c003533|kw|1,60affbb6c7f40f915c003533,kw,1,7.0,12,0,No clear justification,0.6376049573656807,0.07635988285421533,0.22194300705032713,0.06409215272977689
HP4662,63792c65e92e706fdb44c08a|kw|1,63792c65e92e706fdb44c08a,kw,1,12.0,12,1,Moral,0.26887096639249947,0.23153750095449152,0.3785256905548635,0.12106584209814562
HP4663,662fb42cc3458e96dee33181|kw|1,662fb42cc3458e96dee33181,kw,1,10.0,12,3,Self-interest,0.21416508557691644,0.09843450084914732,0.5933717393668064,0.09402867420712982
HP4664,63469c570cfe46f801523b66|kw|1,63469c570cfe46f801523b66,kw,1,12.0,12,3,Self-interest,0.3221822780645608,0.0535810052009482,0.3871205958516228,0.23711612088286813
HP4665,65fcff541a582fbad48a2d2e|kw|1,65fcff541a582fbad48a2d2e,kw,1,9.0,12,1,Moral,0.26887096639249947,0.23153750095449152,0.3785256905548635,0.12106584209814557
HP4666,6457abf2901da540ba46b6fd|kw|1,6457abf2901da540ba46b6fd,kw,1,9.0,12,0,No clear justification,0.6376049573656807,0.07635988285421533,0.22194300705032713,0.06409215272977689
HP4667,6605e2b8ed85746d2f6aed25|kw|1,6605e2b8ed85746d2f6aed25,kw,1,12.0,12,3,Self-interest,0.26606430115584073,0.12423237874757379,0.3706648472156473,0.2390384728809382
HP4668,6384704a7b906e6298d5087f|kw|1,6384704a7b906e6298d5087f,kw,1,12.0,12,1,Moral,0.255953854674411,0.10153059522356367,0.609310458208786,0.03320509189323912
HP4669,671a65c94ef5a96c18488902|kw|1,671a65c94ef5a96c18488902,kw,1,9.0,12,0,No clear justification,0.4656012558037631,0.060838576522073834,0.4233503059561537,0.050209861718009396
HP4670,662ee0b0f3785c3fe59e191f|kw|1,662ee0b0f3785c3fe59e191f,kw,1,9.0,12,1,Moral,0.26887096639249924,0.23153750095449152,0.37852569055486346,0.12106584209814562
HP4671,67180c619687ce86be82b29f|kw|1,67180c619687ce86be82b29f,kw,1,12.0,12,0,No clear justification,0.5621707992145228,0.16335489303374534,0.21282099851339922,0.06165330923833254
HP4672,692bcf3bae7933fd836c696d|kw|1,692bcf3bae7933fd836c696d,kw,1,4.5,12,1,Moral,0.1942958211554197,0.1813775478931518,0.5961680851718717,0.028158545779556787
HP4673,6346f29c47d00fd118ae60ba|kw|1,6346f29c47d00fd118ae60ba,kw,1,12.0,12,0,No clear justification,0.6376049573656807,0.07635988285421533,0.22194300705032713,0.06409215272977689
HP4674,6643da4813f1eb4877d52fbf|kw|1,6643da4813f1eb4877d52fbf,kw,1,12.0,12,3,Self-interest,0.18272984518080543,0.0316238507393439,0.7613993876789298,0.024246916400920998
HP4675,691c9fe1c722dece45e6d6c9|kw|1,691c9fe1c722dece45e6d6c9,kw,1,10.0,12,0,No clear justification,0.3456277793564649,0.4374837544535208,0.16901613612027594,0.04787233006973837
HP4676,67325d10b9e0c58d803cd7ba|kw|1,67325d10b9e0c58d803cd7ba,kw,1,8.0,12,1,Moral,0.3813583998590428,0.15417623837580482,0.17464123158205638,0.2898241301830961
HP4677,668d8ad2b98a8ddbe56ac935|kw|1,668d8ad2b98a8ddbe56ac935,kw,1,6.0,12,0,No clear justification,0.5587297029701818,0.07369639005112959,0.20960320794269718,0.15797069903599148
HP4678,5ed856266cb96135ff953e31|kw|1,5ed856266cb96135ff953e31,kw,1,7.0,12,2,Mutual Benefit / Cooperation,0.3813583998590428,0.15417623837580477,0.17464123158205638,0.2898241301830961
HP4679,5f75285712d5ca1a99723b3a|kw|1,5f75285712d5ca1a99723b3a,kw,1,0.0,12,0,No clear justification,0.6376049573656807,0.07635988285421533,0.22194300705032713,0.06409215272977689
HP4680,67722f8e3a4f08a288a1f640|kw|1,67722f8e3a4f08a288a1f640,kw,1,11.0,12,0,No clear justification,0.46305769050157997,0.284099642475741,0.19623309141858092,0.05660957560409809
HP4681,66aa52de62c06e01a958d91c|kw|1,66aa52de62c06e01a958d91c,kw,1,6.0,12,1,Moral,0.23251714881317753,0.36565373218091846,0.3672327582544494,0.03459636075145456
HP4682,662e86c0ca96b47a056ccd7b|kw|1,662e86c0ca96b47a056ccd7b,kw,1,10.0,12,1,Moral,0.255953854674411,0.10153059522356367,0.609310458208786,0.03320509189323912
HP4683,5a78e410ae9a0b0001a97274|kw|1,5a78e410ae9a0b0001a97274,kw,1,12.0,12,1,Moral,0.23251714881317753,0.36565373218091846,0.3672327582544494,0.03459636075145456
HP4684,6771d6ffa3daf824eede3f33|kw|1,6771d6ffa3daf824eede3f33,kw,1,9.0,12,0,No clear justification,0.46305769050157997,0.284099642475741,0.19623309141858092,0.05660957560409809
HP4685,5f7b79a3e087e414513eb8c9|kw|1,5f7b79a3e087e414513eb8c9,kw,1,12.0,12,0,No clear justification,0.255953854674411,0.10153059522356367,0.609310458208786,0.03320509189323912
HP4686,655f94a8e52c55fdec3da167|kw|1,655f94a8e52c55fdec3da167,kw,1,12.0,12,0,No clear justification,0.3393394425446927,0.060598130311554074,0.16208028472077673,0.43798214242297645
HP4687,5d544c49318f5300168b8f04|kw|1,5d544c49318f5300168b8f04,kw,1,8.0,12,1,Moral,0.23251714881317753,0.36565373218091846,0.3672327582544494,0.03459636075145456
HP4688,64517c6577e0f1230f87f59d|kw|1,64517c6577e0f1230f87f59d,kw,1,12.0,12,0,No clear justification,0.182729845180805,0.0316238507393438,0.7613993876789301,0.024246916400920946
HP4689,67dde7aad55fd4bb6c2dd4aa|kw|1,67dde7aad55fd4bb6c2dd4aa,kw,1,12.0,12,3,Self-interest,0.21416508557691624,0.09843450084914727,0.5933717393668066,0.0940286742071299
HP4690,5ea03adbaf097905ae0ecdd6|kw|1,5ea03adbaf097905ae0ecdd6,kw,1,3.0,12,0,No clear justification,0.4656012558037631,0.060838576522073834,0.4233503059561537,0.050209861718009396
HP4691,60e37439f7c69f9e2d4466eb|kw|1,60e37439f7c69f9e2d4466eb,kw,1,2.0,12,0,No clear justification,0.6376049573656807,0.07635988285421533,0.22194300705032713,0.06409215272977689
HP4692,5e58333d4b439f04b1069026|kw|1,5e58333d4b439f04b1069026,kw,1,12.0,12,0,No clear justification,0.562170799214523,0.16335489303374534,0.21282099851339903,0.06165330923833254
HP4693,5e8eee2c7925131a62e2262b|kw|1,5e8eee2c7925131a62e2262b,kw,1,8.0,12,0,No clear justification,0.5587297029701813,0.07369639005112952,0.20960320794269754,0.15797069903599156
HP4694,6604553b209208bb096e10ac|kw|1,6604553b209208bb096e10ac,kw,1,9.5,12,0,No clear justification,0.562170799214523,0.16335489303374534,0.21282099851339903,0.06165330923833254
HP4695,5ce5bcf74caf470001da7c33|kw|1,5ce5bcf74caf470001da7c33,kw,1,9.0,12,0,No clear justification,0.30675424471882484,0.045289715918476525,0.6116281669498328,0.03632787241286571
HP4696,5e5e9ac3f6e6231c65079fba|kw|1,5e5e9ac3f6e6231c65079fba,kw,1,10.0,12,0,No clear justification,0.6376049573656807,0.07635988285421533,0.22194300705032713,0.06409215272977689
HP4697,5db1dbb351eb21000c443e58|kw|1,5db1dbb351eb21000c443e58,kw,1,12.0,12,0,No clear justification,0.182729845180805,0.0316238507393438,0.7613993876789301,0.024246916400920946
HP4698,676059a89a0c103ec2d1f45e|kw|1,676059a89a0c103ec2d1f45e,kw,1,12.0,12,0,No clear justification,0.6376049573656807,0.07635988285421533,0.22194300705032713,0.06409215272977689
HP4699,605fbc12c61d8d10250f6e51|kw|1,605fbc12c61d8d10250f6e51,kw,1,11.0,12,3,Self-interest,0.4656012558037631,0.060838576522073834,0.4233503059561537,0.050209861718009396
HP4700,6772f150498bef722006ff15|kw|1,6772f150498bef722006ff15,kw,1,12.0,12,0,No clear justification,0.5621707992145228,0.16335489303374534,0.21282099851339922,0.06165330923833254
HP4701,665e406a0f22e57ff8be5cde|kw|1,665e406a0f22e57ff8be5cde,kw,1,8.0,12,1,Moral,0.2713919728628931,0.1417923310702475,0.14289320189890084,0.44392249416795865
HP4702,646ba54cb721ef9332b21599|kw|1,646ba54cb721ef9332b21599,kw,1,12.0,12,2,Mutual Benefit / Cooperation,0.22272334567598517,0.04853554739156387,0.12509975949600977,0.6036413474364413
HP4703,6109e5a0f7755d8fcba8b50c|kw|1,6109e5a0f7755d8fcba8b50c,kw,1,12.0,12,0,No clear justification,0.3393394425446927,0.060598130311554074,0.16208028472077673,0.43798214242297645
HP4704,67282bd83f8d0606edf4b368|kw|1,67282bd83f8d0606edf4b368,kw,1,10.0,12,0,No clear justification,0.255953854674411,0.10153059522356367,0.609310458208786,0.03320509189323912
HP4705,6064fef22d11e88491d1ac57|kw|1,6064fef22d11e88491d1ac57,kw,1,11.5,12,0,No clear justification,0.182729845180805,0.0316238507393438,0.7613993876789301,0.024246916400920946
HP4706,644af3263650e8dd9d942487|kw|1,644af3263650e8dd9d942487,kw,1,12.0,12,1,Moral,0.3813583998590428,0.15417623837580482,0.17464123158205638,0.2898241301830961
HP4707,5fc1fdd411437431e95276d2|kw|1,5fc1fdd411437431e95276d2,kw,1,12.0,12,0,No clear justification,0.5587297029701813,0.07369639005112952,0.20960320794269754,0.15797069903599156
HP4708,6658b2faa759210bfe72333e|kw|1,6658b2faa759210bfe72333e,kw,1,6.0,12,0,No clear justification,0.3393394425446927,0.060598130311554074,0.16208028472077673,0.43798214242297645
HP4709,5f2abe80f40fa7364aad029d|kw|1,5f2abe80f40fa7364aad029d,kw,1,10.0,12,0,No clear justification,0.5587297029701813,0.07369639005112955,0.20960320794269774,0.15797069903599142
HP4710,63f7797962ef60aa14774fa3|kw|1,63f7797962ef60aa14774fa3,kw,1,10.0,12,0,No clear justification,0.4551818129120474,0.06871448305045794,0.18995264805449577,0.28615105598299895
HP4711,5ef329d8cfbdc00379011819|kw|1,5ef329d8cfbdc00379011819,kw,1,6.0,12,1,Moral,0.26887096639249947,0.23153750095449152,0.3785256905548635,0.12106584209814562
HP4712,5f2f1f80314d56309186caa1|kw|1,5f2f1f80314d56309186caa1,kw,1,10.0,12,0,No clear justification,0.3226403984711495,0.23427309746967045,0.40061502157741996,0.04247148248176004
HP4713,5e90cc485905f23f088be0b5|kw|1,5e90cc485905f23f088be0b5,kw,1,12.0,12,1,Moral,0.3226403984711496,0.23427309746967054,0.4006150215774199,0.04247148248176006
HP4714,58df90cecc6d9800018c5d58|kw|1,58df90cecc6d9800018c5d58,kw,1,6.0,12,0,No clear justification,0.5587297029701818,0.07369639005112959,0.20960320794269718,0.15797069903599148
HP4715,64badb09518eb5b219132eea|kw|1,64badb09518eb5b219132eea,kw,1,6.0,12,3,Self-interest,0.26606430115584073,0.12423237874757379,0.3706648472156473,0.2390384728809382
HP4716,6674d66310b6684b86ddf7b9|kw|1,6674d66310b6684b86ddf7b9,kw,1,6.0,12,1,Moral,0.46305769050157997,0.284099642475741,0.19623309141858092,0.05660957560409809
HP4717,5b9095901e21c10001e9e8ee|kw|1,5b9095901e21c10001e9e8ee,kw,1,10.0,12,0,No clear justification,0.6376049573656807,0.07635988285421533,0.22194300705032713,0.06409215272977689
HP4718,6761f674139fa42fb916e2cd|kw|1,6761f674139fa42fb916e2cd,kw,1,11.5,12,1,Moral,0.3456277793564653,0.4374837544535197,0.16901613612027663,0.047872330069738435
HP4719,63d1a9e2d0149d86842dfaec|kw|1,63d1a9e2d0149d86842dfaec,kw,1,8.0,12,0,No clear justification,0.6376049573656807,0.07635988285421533,0.22194300705032713,0.06409215272977689
HP4720,681b72a2c71900147281b597|kw|1,681b72a2c71900147281b597,kw,1,6.0,12,0,No clear justification,0.5587297029701813,0.07369639005112952,0.20960320794269754,0.15797069903599156
HP4721,62b1d2b897646fe6bb832b1f|kw|1,62b1d2b897646fe6bb832b1f,kw,1,10.0,12,0,No clear justification,0.4551818129120474,0.06871448305045794,0.18995264805449577,0.28615105598299895
HP4722,6740d9355c7dd3559c352450|kw|1,6740d9355c7dd3559c352450,kw,1,12.0,12,0,No clear justification,0.6376049573656807,0.07635988285421533,0.22194300705032713,0.06409215272977689
HP4723,62ebdec52d1d02eb574af604|kw|1,62ebdec52d1d02eb574af604,kw,1,6.0,12,3,Self-interest,0.14475994314119014,0.07362316841864823,0.7606067933431959,0.021010095096965744
HP4724,596e000bfb7959000162f52f|kw|1,596e000bfb7959000162f52f,kw,1,12.0,12,2,Mutual Benefit / Cooperation,0.5587297029701818,0.07369639005112959,0.20960320794269718,0.15797069903599148
HP4725,666f6b8954f3cb859fcd99d9|kw|1,666f6b8954f3cb859fcd99d9,kw,1,11.5,12,0,No clear justification,0.6376049573656807,0.07635988285421533,0.22194300705032713,0.06409215272977689
HP4726,5e7e72de99b9e6553dc28dcf|kw|1,5e7e72de99b9e6553dc28dcf,kw,1,7.5,12,0,No clear justification,0.5587297029701813,0.07369639005112955,0.20960320794269774,0.15797069903599142
HP4727,63d404714ce0efcd04fe331f|kw|1,63d404714ce0efcd04fe331f,kw,1,12.0,12,0,No clear justification,0.6376049573656807,0.07635988285421533,0.22194300705032713,0.06409215272977689
HP4728,5e70bf61017e070009a8a738|kw|1,5e70bf61017e070009a8a738,kw,1,7.5,12,0,No clear justification,0.6376049573656807,0.07635988285421533,0.22194300705032713,0.06409215272977689
HP4729,663a600c0eee049c542fe178|kw|1,663a600c0eee049c542fe178,kw,1,11.0,12,0,No clear justification,0.5587297029701813,0.07369639005112955,0.20960320794269774,0.15797069903599142
HP4730,5a21aabb2b98bc0001a67c65|kw|1,5a21aabb2b98bc0001a67c65,kw,1,8.0,12,0,No clear justification,0.26008534311106046,0.04262365201831846,0.6000358329106389,0.0972551719599822
HP4731,63ea46ac57c552d3b4ff83bc|kw|1,63ea46ac57c552d3b4ff83bc,kw,1,12.0,12,2,Mutual Benefit / Cooperation,0.32218227806456035,0.05358100520094846,0.3871205958516228,0.2371161208828683
HP4732,5e170b9ad51cf301722d91d2|kw|1,5e170b9ad51cf301722d91d2,kw,1,8.0,12,0,No clear justification,0.6376049573656807,0.07635988285421533,0.22194300705032713,0.06409215272977689
HP4733,60a07dab2b21a84ed893146f|kw|1,60a07dab2b21a84ed893146f,kw,1,6.0,12,0,No clear justification,0.5587297029701818,0.07369639005112959,0.20960320794269718,0.15797069903599148
HP4734,623478aa93ccbf5fc88ad4f7|kw|1,623478aa93ccbf5fc88ad4f7,kw,1,12.0,12,0,No clear justification,0.6376049573656807,0.07635988285421533,0.22194300705032713,0.06409215272977689
HP4735,5b0e8d65d282ff00015bb9d1|kw|1,5b0e8d65d282ff00015bb9d1,kw,1,1.0,12,0,No clear justification,0.6376049573656807,0.07635988285421533,0.22194300705032713,0.06409215272977689
HP4736,5d4b60dc00652c0015664282|kw|1,5d4b60dc00652c0015664282,kw,1,8.0,12,0,No clear justification,0.6376049573656807,0.07635988285421533,0.22194300705032713,0.06409215272977689
HP4737,623e8acb225d566928a597e1|kw|1,623e8acb225d566928a597e1,kw,1,6.0,12,1,Moral,0.26887096639249947,0.23153750095449152,0.3785256905548635,0.12106584209814557
HP4738,63deeebc2822414d8f9e5958|kw|1,63deeebc2822414d8f9e5958,kw,1,6.5,12,0,No clear justification,0.46305769050157997,0.284099642475741,0.19623309141858092,0.05660957560409809
HP4739,66484cfc664a1d8dd22f2fcf|kw|1,66484cfc664a1d8dd22f2fcf,kw,1,10.0,12,0,No clear justification,0.182729845180805,0.0316238507393438,0.7613993876789301,0.024246916400920946
HP4740,67a7d4e19fee63cbe222ae02|kw|1,67a7d4e19fee63cbe222ae02,kw,1,10.0,12,3,Self-interest,0.4656012558037631,0.060838576522073834,0.4233503059561537,0.050209861718009396
HP4741,6385176faa1fd90c21cd7cb0|kw|1,6385176faa1fd90c21cd7cb0,kw,1,5.0,12,0,No clear justification,0.30675424471882484,0.045289715918476525,0.6116281669498328,0.03632787241286571
HP4742,5e3ec7559b43781188725eea|kw|1,5e3ec7559b43781188725eea,kw,1,7.0,12,1,Moral,0.26887096639249947,0.23153750095449152,0.3785256905548635,0.12106584209814562
HP4743,5c6b646349b7f0000120b659|kw|1,5c6b646349b7f0000120b659,kw,1,6.0,12,1,Moral,0.23251714881317753,0.36565373218091846,0.3672327582544494,0.03459636075145456
HP4744,5de398993cf27939a25abc5f|kw|1,5de398993cf27939a25abc5f,kw,1,12.0,12,2,Mutual Benefit / Cooperation,0.5587297029701818,0.07369639005112959,0.20960320794269718,0.15797069903599148
HP4745,67790b473a8122e8a6d74a2e|kw|1,67790b473a8122e8a6d74a2e,kw,1,9.0,12,1,Moral,0.40266447400725514,0.1328542034794403,0.41700787204225215,0.04747345047105238
HP4746,5c4338d8a04c050001a0a876|kw|1,5c4338d8a04c050001a0a876,kw,1,1.0,12,1,Moral,0.46305769050157997,0.284099642475741,0.19623309141858092,0.05660957560409809
HP4747,5e0a4154deea2b2c63fb1062|kw|1,5e0a4154deea2b2c63fb1062,kw,1,10.0,12,3,Self-interest,0.2660643011558408,0.12423237874757379,0.37066484721564724,0.23903847288093827
HP4748,66debd6416b5185254e88395|kw|1,66debd6416b5185254e88395,kw,1,9.0,12,0,No clear justification,0.5587297029701813,0.07369639005112955,0.20960320794269774,0.15797069903599142
HP4749,66e18dd39ec0f599d774111a|kw|1,66e18dd39ec0f599d774111a,kw,1,10.0,12,0,No clear justification,0.6376049573656807,0.07635988285421533,0.22194300705032713,0.06409215272977689
HP4750,62fcd411235f5eb27a9c02c5|kw|1,62fcd411235f5eb27a9c02c5,kw,1,6.0,12,3,Self-interest,0.402664474007255,0.13285420347944024,0.4170078720422523,0.04747345047105236
HP4751,5bc0c8bb1526430001e61bad|kw|1,5bc0c8bb1526430001e61bad,kw,1,4.0,12,0,No clear justification,0.6376049573656807,0.07635988285421533,0.22194300705032713,0.06409215272977689
HP4752,5b1200ffd282ff00015c0154|kw|1,5b1200ffd282ff00015c0154,kw,1,10.0,12,0,No clear justification,0.6376049573656807,0.07635988285421533,0.22194300705032713,0.06409215272977689
HP4753,62ba066a4093b931382ec48f|kw|1,62ba066a4093b931382ec48f,kw,1,12.0,12,0,No clear justification,0.4656012558037631,0.060838576522073834,0.4233503059561537,0.050209861718009396
HP4754,55d7805c69dbc30012b67f32|kw|1,55d7805c69dbc30012b67f32,kw,1,6.0,12,1,Moral,0.26887096639249947,0.23153750095449152,0.3785256905548635,0.12106584209814557
HP4755,5e36f262185582000ae281b4|kw|1,5e36f262185582000ae281b4,kw,1,10.0,12,0,No clear justification,0.6376049573656807,0.07635988285421533,0.22194300705032713,0.06409215272977689
HP4756,666e0c9327fd060cb231509e|kw|1,666e0c9327fd060cb231509e,kw,1,12.0,12,3,Self-interest,0.09558972776176956,0.020190659891552526,0.869781871789857,0.014437740556820896
HP4757,5e505dcdad88cd0b518342d9|kw|1,5e505dcdad88cd0b518342d9,kw,1,11.0,12,0,No clear justification,0.5587297029701813,0.07369639005112955,0.20960320794269774,0.15797069903599142
HP4758,5b8011a80a67ca0001cc3f9b|kw|1,5b8011a80a67ca0001cc3f9b,kw,1,10.0,12,3,Self-interest,0.4033559421741594,0.05825205897775962,0.4102671741794488,0.12812482466863212
HP4759,59607e59aba046000124bf07|kw|1,59607e59aba046000124bf07,kw,1,12.0,12,0,No clear justification,0.32218227806456073,0.053581005200948176,0.38712059585162273,0.2371161208828683
HP4760,640349ae900739316aca0f9f|kw|1,640349ae900739316aca0f9f,kw,1,6.5,12,0,No clear justification,0.562170799214523,0.16335489303374534,0.21282099851339903,0.06165330923833254
HP4761,666272fcedf2850ab9824b47|kw|1,666272fcedf2850ab9824b47,kw,1,10.0,12,0,No clear justification,0.3393394425446927,0.060598130311554074,0.16208028472077673,0.43798214242297645
HP4762,66621659860c05fcca83a646|kw|1,66621659860c05fcca83a646,kw,1,4.0,12,0,No clear justification,0.4656012558037631,0.060838576522073834,0.4233503059561537,0.050209861718009396
HP4763,5e13859753e8469d270982c0|kw|1,5e13859753e8469d270982c0,kw,1,6.0,12,0,No clear justification,0.46305769050157997,0.284099642475741,0.19623309141858092,0.05660957560409809
HP4764,614e3f7def73ee04e730819e|kw|1,614e3f7def73ee04e730819e,kw,1,6.0,12,1,Moral,0.23251714881317773,0.36565373218091846,0.3672327582544494,0.034596360751454586
HP4765,672a7e2aad8ecc9a5a2128dd|kw|1,672a7e2aad8ecc9a5a2128dd,kw,1,12.0,12,0,No clear justification,0.4551818129120474,0.06871448305045794,0.18995264805449577,0.28615105598299895
HP4766,653ab786a5162b73aac38bc9|kw|1,653ab786a5162b73aac38bc9,kw,1,12.0,12,3,Self-interest,0.09558972776176956,0.020190659891552526,0.869781871789857,0.014437740556820896
HP4767,612f86f8af34e91afac0451d|kw|1,612f86f8af34e91afac0451d,kw,1,12.0,12,0,No clear justification,0.5587297029701813,0.07369639005112952,0.20960320794269754,0.15797069903599156
HP4768,5eb6cf3ef3a1805c660fd56c|kw|1,5eb6cf3ef3a1805c660fd56c,kw,1,9.0,12,1,Moral,0.23251714881317773,0.36565373218091846,0.3672327582544494,0.034596360751454586
HP4769,6788199a271759466f1eb944|kw|1,6788199a271759466f1eb944,kw,1,12.0,12,0,No clear justification,0.3393394425446927,0.060598130311554074,0.16208028472077673,0.43798214242297645
HP4770,676057f153989704c62cdc7a|kw|1,676057f153989704c62cdc7a,kw,1,12.0,12,0,No clear justification,0.6376049573656807,0.07635988285421533,0.22194300705032713,0.06409215272977689
HP4771,67838f3e71616a9dcc042173|kw|1,67838f3e71616a9dcc042173,kw,1,8.0,12,0,No clear justification,0.4033559421741591,0.0582520589777598,0.4102671741794488,0.12812482466863223
HP4772,60f8ecf62fd4924ff8ea9300|kw|1,60f8ecf62fd4924ff8ea9300,kw,1,9.0,12,1,Moral,0.3456277793564653,0.4374837544535197,0.16901613612027663,0.047872330069738435
HP4773,691cae7c882b7b58261d3dab|kw|1,691cae7c882b7b58261d3dab,kw,1,12.0,12,0,No clear justification,0.6376049573656807,0.07635988285421533,0.22194300705032713,0.06409215272977689
HP4774,663502026e662c1124df1b0b|kw|1,663502026e662c1124df1b0b,kw,1,11.5,12,2,Mutual Benefit / Cooperation,0.5587297029701818,0.07369639005112959,0.20960320794269718,0.15797069903599148
HP4775,5fdbae0584b3a90525410347|kw|1,5fdbae0584b3a90525410347,kw,1,7.0,12,1,Moral,0.2907507754228592,0.2716782310623906,0.15054945433173345,0.2870215391830168
HP4776,6772eeb04cc894a8827b1ed1|kw|1,6772eeb04cc894a8827b1ed1,kw,1,7.5,12,0,No clear justification,0.6376049573656807,0.07635988285421533,0.22194300705032713,0.06409215272977689
HP4777,5d2466b24813f6000188f4b4|kw|1,5d2466b24813f6000188f4b4,kw,1,10.0,12,0,No clear justification,0.4033559421741591,0.0582520589777598,0.4102671741794488,0.12812482466863223
HP4778,674bfd855d300ddd3a4628ab|kw|1,674bfd855d300ddd3a4628ab,kw,1,8.0,12,3,Self-interest,0.30675424471882495,0.04528971591847657,0.6116281669498327,0.036327872412865746
HP4779,6613eaa8e44e25e801f85215|kw|1,6613eaa8e44e25e801f85215,kw,1,10.0,12,0,No clear justification,0.5587297029701813,0.07369639005112952,0.20960320794269754,0.15797069903599156
HP4780,5a36d2890006450001bf1d34|kw|1,5a36d2890006450001bf1d34,kw,1,12.0,12,0,No clear justification,0.4033559421741591,0.0582520589777598,0.4102671741794488,0.12812482466863223
HP4781,66c290bb20faa822520e73e3|kw|1,66c290bb20faa822520e73e3,kw,1,12.0,12,3,Self-interest,0.26887096639249936,0.2315375009544914,0.3785256905548635,0.12106584209814557
HP4782,663e2e8a4c7d721dca2aa866|kw|1,663e2e8a4c7d721dca2aa866,kw,1,6.0,12,1,Moral,0.2713919728628931,0.1417923310702475,0.14289320189890084,0.44392249416795865
HP4783,6612fd1462232a5cbec549e3|kw|1,6612fd1462232a5cbec549e3,kw,1,8.0,12,0,No clear justification,0.5621707992145228,0.16335489303374534,0.21282099851339922,0.06165330923833254
HP4784,63d7cc044d54f16580fa7005|kw|1,63d7cc044d54f16580fa7005,kw,1,12.0,12,2,Mutual Benefit / Cooperation,0.4836565107064727,0.1606567718665574,0.1979755525640671,0.15771116486290268
HP4785,63ced9adadc38e1acc2b58b6|kw|1,63ced9adadc38e1acc2b58b6,kw,1,10.5,12,0,No clear justification,0.4836565107064727,0.1606567718665575,0.1979755525640671,0.15771116486290268
HP4786,6750e0068ca44f6ecff8b70d|kw|1,6750e0068ca44f6ecff8b70d,kw,1,9.0,12,0,No clear justification,0.4551818129120474,0.06871448305045794,0.18995264805449577,0.28615105598299895
HP4787,672ed285dbe86b0a33526edd|kw|1,672ed285dbe86b0a33526edd,kw,1,12.0,12,3,Self-interest,0.402664474007255,0.13285420347944024,0.4170078720422523,0.04747345047105236
HP4788,663e721c25f558c476b26fa6|kw|1,663e721c25f558c476b26fa6,kw,1,11.0,12,3,Self-interest,0.4033559421741594,0.05825205897775962,0.4102671741794488,0.12812482466863212
HP4789,67d94f701307ac0887c44909|kw|1,67d94f701307ac0887c44909,kw,1,7.0,12,0,No clear justification,0.3226403984711496,0.23427309746967054,0.4006150215774199,0.04247148248176006
HP4790,5edbaa3a56e98e05e908d8dd|kw|1,5edbaa3a56e98e05e908d8dd,kw,1,0.0,12,1,Moral,0.23251714881317773,0.36565373218091846,0.3672327582544494,0.034596360751454586
HP4791,667987c18f34110073ae20b7|kw|1,667987c18f34110073ae20b7,kw,1,12.0,12,3,Self-interest,0.2660643011558408,0.12423237874757379,0.37066484721564724,0.23903847288093827
HP4792,5efec43017f2363e1bf47368|kw|1,5efec43017f2363e1bf47368,kw,1,12.0,12,0,No clear justification,0.6376049573656807,0.07635988285421533,0.22194300705032713,0.06409215272977689
HP4793,64d542239dcf23c895827837|kw|1,64d542239dcf23c895827837,kw,1,8.0,12,1,Moral,0.5621707992145228,0.16335489303374545,0.21282099851339917,0.06165330923833254
HP4794,652d611038c822d956559d74|kw|1,652d611038c822d956559d74,kw,1,6.0,12,3,Self-interest,0.23251714881317773,0.3656537321809181,0.3672327582544494,0.034596360751454586
HP4795,671fbc862b5c7b635c9980de|kw|1,671fbc862b5c7b635c9980de,kw,1,8.0,12,3,Self-interest,0.2340139986316789,0.04627730769359521,0.3507203523185842,0.3689883413561418
HP4796,669596ba18d75e2e696b992e|kw|1,669596ba18d75e2e696b992e,kw,1,10.0,12,0,No clear justification,0.6376049573656807,0.07635988285421533,0.22194300705032713,0.06409215272977689
HP4797,5ff7ee108c6cb45141fe8c61|kw|1,5ff7ee108c6cb45141fe8c61,kw,1,8.0,12,0,No clear justification,0.5587297029701813,0.07369639005112955,0.20960320794269774,0.15797069903599142
HP4798,63d5438c43c3c41d0ffd96c0|kw|1,63d5438c43c3c41d0ffd96c0,kw,1,12.0,12,0,No clear justification,0.34315270764656697,0.13018935964505737,0.3999972292226042,0.12666070348577158
HP4799,60d6355b141b39035fda0e50|kw|1,60d6355b141b39035fda0e50,kw,1,6.0,12,2,Mutual Benefit / Cooperation,0.23401399863167982,0.04627730769359532,0.3507203523185849,0.36898834135614
HP4800,59ce5e24aeef3b0001021a58|kw|1,59ce5e24aeef3b0001021a58,kw,1,12.0,12,0,No clear justification,0.6376049573656807,0.07635988285421533,0.22194300705032713,0.06409215272977689
