frame_id,PROLIFIC_PID,treatment,Market,allocation_kept,share_sent,cell,substantive_classifications,hp,fitted_probability_M,fitted_probability_S,fitted_probability_C
547272b4fdf99b44c5647418|kw|0,547272b4fdf99b44c5647418,kw,0,11.0,0.08333333333333333,kw_control,4,4.0,0.7967830643922639,0.0863610139892806,0.11685592161845557
547272b4fdf99b44c5647418|kw|0,547272b4fdf99b44c5647418,kw,0,11.0,0.08333333333333333,kw_control,4,6.0,0.8488753979574292,0.04192966165494564,0.10919494038762523
547272b4fdf99b44c5647418|kw|0,547272b4fdf99b44c5647418,kw,0,11.0,0.08333333333333333,kw_control,4,8.0,0.734725594349773,0.14373266181188782,0.12154174383833914
547272b4fdf99b44c5647418|kw|0,547272b4fdf99b44c5647418,kw,0,11.0,0.08333333333333333,kw_control,4,12.0,0.5552408647390824,0.3416544516522735,0.10310468360864405
5483702ffdf99b24c654b810|kw|1,5483702ffdf99b24c654b810,kw,1,11.5,0.041666666666666664,kw_market,4,4.0,0.42556696638651054,0.161775867593433,0.41265716602005653
5483702ffdf99b24c654b810|kw|1,5483702ffdf99b24c654b810,kw,1,11.5,0.041666666666666664,kw_market,4,6.0,0.49413721489238593,0.08560382366663097,0.42025896144098307
5483702ffdf99b24c654b810|kw|1,5483702ffdf99b24c654b810,kw,1,11.5,0.041666666666666664,kw_market,4,8.0,0.35973163239707345,0.2468181642258094,0.3934502033771172
5483702ffdf99b24c654b810|kw|1,5483702ffdf99b24c654b810,kw,1,11.5,0.041666666666666664,kw_market,4,12.0,0.22800569444991042,0.49206168032543507,0.2799326252246543
54ab0771fdf99b55c3f55227|lt|0,54ab0771fdf99b55c3f55227,lt,0,7.0,0.4166666666666667,lt_control,4,4.0,0.558660691924327,0.34065656275237055,0.10068274532330242
54ab0771fdf99b55c3f55227|lt|0,54ab0771fdf99b55c3f55227,lt,0,7.0,0.4166666666666667,lt_control,4,6.0,0.6963986685899355,0.193520220348297,0.11008111106176757
54ab0771fdf99b55c3f55227|lt|0,54ab0771fdf99b55c3f55227,lt,0,7.0,0.4166666666666667,lt_control,4,8.0,0.4340541290144629,0.47771095228569643,0.08823491869984058
54ab0771fdf99b55c3f55227|lt|0,54ab0771fdf99b55c3f55227,lt,0,7.0,0.4166666666666667,lt_control,4,12.0,0.21322207286148814,0.7381231557018059,0.048654771436706115
54f4e2d1fdf99b4e913fdf01|lt|1,54f4e2d1fdf99b4e913fdf01,lt,1,12.0,0.0,lt_market,4,4.0,0.23885324505544323,0.7032627233521233,0.05788403159243351
54f4e2d1fdf99b4e913fdf01|lt|1,54f4e2d1fdf99b4e913fdf01,lt,1,12.0,0.0,lt_market,4,6.0,0.3914886842868674,0.5252976262956702,0.08321368941746228
54f4e2d1fdf99b4e913fdf01|lt|1,54f4e2d1fdf99b4e913fdf01,lt,1,12.0,0.0,lt_market,4,8.0,0.15180118674477575,0.806704129730041,0.04149468352518311
54f4e2d1fdf99b4e913fdf01|lt|1,54f4e2d1fdf99b4e913fdf01,lt,1,12.0,0.0,lt_market,4,12.0,0.055487266258220855,0.9274869428138329,0.017025790927946243
558955ebfdf99b6bd06016c9|kw|0,558955ebfdf99b6bd06016c9,kw,0,8.0,0.3333333333333333,kw_control,4,4.0,0.6968665492495063,0.1911689023050412,0.11196454844545256
558955ebfdf99b6bd06016c9|kw|0,558955ebfdf99b6bd06016c9,kw,0,8.0,0.3333333333333333,kw_control,4,6.0,0.7899277660422191,0.09875401929139141,0.11131821466638946
558955ebfdf99b6bd06016c9|kw|0,558955ebfdf99b6bd06016c9,kw,0,8.0,0.3333333333333333,kw_control,4,8.0,0.5965315652298586,0.295361386949424,0.10810704782071744
558955ebfdf99b6bd06016c9|kw|0,558955ebfdf99b6bd06016c9,kw,0,8.0,0.3333333333333333,kw_control,4,12.0,0.3622119022415662,0.5641029475043086,0.07368515025412525
558965bffdf99b74158d77dd|lt|0,558965bffdf99b74158d77dd,lt,0,8.0,0.3333333333333333,lt_control,3,4.0,0.5991152191771398,0.2892181773880015,0.11166660343485872
558965bffdf99b74158d77dd|lt|0,558965bffdf99b74158d77dd,lt,0,8.0,0.3333333333333333,lt_control,3,6.0,0.7228176966811188,0.15901708292873432,0.1181652203901469
558965bffdf99b74158d77dd|lt|0,558965bffdf99b74158d77dd,lt,0,8.0,0.3333333333333333,lt_control,3,8.0,0.48041487877449995,0.41858565753864974,0.10099946368685034
558965bffdf99b74158d77dd|lt|0,558965bffdf99b74158d77dd,lt,0,8.0,0.3333333333333333,lt_control,3,12.0,0.2514724991166311,0.6891817275088895,0.059345773374479334
5589ce75fdf99b18be3203d2|lt|0,5589ce75fdf99b18be3203d2,lt,0,6.0,0.5,lt_control,4,4.0,0.6968665492495063,0.1911689023050412,0.11196454844545256
5589ce75fdf99b18be3203d2|lt|0,5589ce75fdf99b18be3203d2,lt,0,6.0,0.5,lt_control,4,6.0,0.7899277660422191,0.09875401929139141,0.11131821466638946
5589ce75fdf99b18be3203d2|lt|0,5589ce75fdf99b18be3203d2,lt,0,6.0,0.5,lt_control,4,8.0,0.5965315652298586,0.295361386949424,0.10810704782071744
5589ce75fdf99b18be3203d2|lt|0,5589ce75fdf99b18be3203d2,lt,0,6.0,0.5,lt_control,4,12.0,0.3622119022415662,0.5641029475043086,0.07368515025412525
55a1321efdf99b6ec83c214e|lt|1,55a1321efdf99b6ec83c214e,lt,1,6.5,0.4583333333333333,lt_market,4,4.0,0.5586606919243268,0.34065656275237094,0.10068274532330232
55a1321efdf99b6ec83c214e|lt|1,55a1321efdf99b6ec83c214e,lt,1,6.5,0.4583333333333333,lt_market,4,6.0,0.6963986685899353,0.1935202203482972,0.11008111106176753
55a1321efdf99b6ec83c214e|lt|1,55a1321efdf99b6ec83c214e,lt,1,6.5,0.4583333333333333,lt_market,4,8.0,0.4340541290144626,0.4777109522856969,0.0882349186998405
55a1321efdf99b6ec83c214e|lt|1,55a1321efdf99b6ec83c214e,lt,1,6.5,0.4583333333333333,lt_market,4,12.0,0.21322207286148784,0.738123155701806,0.04865477143670605
55a47692fdf99b126e625257|lt|1,55a47692fdf99b126e625257,lt,1,12.0,0.0,lt_market,1,4.0,0.4210450142880932,0.4592488024107363,0.11970618330117044
55a47692fdf99b126e625257|lt|1,55a47692fdf99b126e625257,lt,1,12.0,0.0,lt_market,1,6.0,0.5725942893215868,0.2846205727639184,0.1427851379144948
55a47692fdf99b126e625257|lt|1,55a47692fdf99b126e625257,lt,1,12.0,0.0,lt_market,1,8.0,0.3040113498375792,0.598496978645627,0.0974916715167939
55a47692fdf99b126e625257|lt|1,55a47692fdf99b126e625257,lt,1,12.0,0.0,lt_market,1,12.0,0.13241151806855378,0.8199234200488826,0.047665061882563586
55d06fd334e9060012e5781c|lt|1,55d06fd334e9060012e5781c,lt,1,12.0,0.0,lt_market,4,4.0,0.23885324505544323,0.7032627233521233,0.05788403159243351
55d06fd334e9060012e5781c|lt|1,55d06fd334e9060012e5781c,lt,1,12.0,0.0,lt_market,4,6.0,0.3914886842868674,0.5252976262956702,0.08321368941746228
55d06fd334e9060012e5781c|lt|1,55d06fd334e9060012e5781c,lt,1,12.0,0.0,lt_market,4,8.0,0.15180118674477575,0.806704129730041,0.04149468352518311
55d06fd334e9060012e5781c|lt|1,55d06fd334e9060012e5781c,lt,1,12.0,0.0,lt_market,4,12.0,0.055487266258220855,0.9274869428138329,0.017025790927946243
55d7805c69dbc30012b67f32|kw|1,55d7805c69dbc30012b67f32,kw,1,6.0,0.5,kw_market,4,4.0,0.5713387704405489,0.1792504806010859,0.2494107489583651
55d7805c69dbc30012b67f32|kw|1,55d7805c69dbc30012b67f32,kw,1,6.0,0.5,kw_market,4,6.0,0.6553668294832129,0.09370243177759467,0.25093073873919247
55d7805c69dbc30012b67f32|kw|1,55d7805c69dbc30012b67f32,kw,1,6.0,0.5,kw_market,4,8.0,0.48575366787007596,0.2750650314776105,0.23918130065231363
55d7805c69dbc30012b67f32|kw|1,55d7805c69dbc30012b67f32,kw,1,6.0,0.5,kw_market,4,12.0,0.29995356075341156,0.5342551021496966,0.16579133709689176
55d7805c69dbc30012b67f32|lt|0,55d7805c69dbc30012b67f32,lt,0,6.0,0.5,lt_control,4,4.0,0.6968665492495063,0.1911689023050412,0.11196454844545256
55d7805c69dbc30012b67f32|lt|0,55d7805c69dbc30012b67f32,lt,0,6.0,0.5,lt_control,4,6.0,0.7899277660422191,0.09875401929139141,0.11131821466638946
55d7805c69dbc30012b67f32|lt|0,55d7805c69dbc30012b67f32,lt,0,6.0,0.5,lt_control,4,8.0,0.5965315652298586,0.295361386949424,0.10810704782071744
55d7805c69dbc30012b67f32|lt|0,55d7805c69dbc30012b67f32,lt,0,6.0,0.5,lt_control,4,12.0,0.3622119022415662,0.5641029475043086,0.07368515025412525
55ee11c37480920010aaac8b|kw|1,55ee11c37480920010aaac8b,kw,1,12.0,0.0,kw_market,4,4.0,0.6671876269510717,0.0797605109321789,0.25305186211674935
55ee11c37480920010aaac8b|kw|1,55ee11c37480920010aaac8b,kw,1,12.0,0.0,kw_market,4,6.0,0.7209040499797946,0.03927508933948643,0.239820860680719
55ee11c37480920010aaac8b|kw|1,55ee11c37480920010aaac8b,kw,1,12.0,0.0,kw_market,4,8.0,0.6084275558032348,0.13128088025458837,0.26029156394217684
55ee11c37480920010aaac8b|kw|1,55ee11c37480920010aaac8b,kw,1,12.0,0.0,kw_market,4,12.0,0.46319605816528536,0.3143640115691069,0.2224399302656077
56114aa67ffc8a000f81148d|lt|0,56114aa67ffc8a000f81148d,lt,0,6.0,0.5,lt_control,4,4.0,0.558660691924327,0.34065656275237055,0.10068274532330242
56114aa67ffc8a000f81148d|lt|0,56114aa67ffc8a000f81148d,lt,0,6.0,0.5,lt_control,4,6.0,0.6963986685899355,0.193520220348297,0.11008111106176757
56114aa67ffc8a000f81148d|lt|0,56114aa67ffc8a000f81148d,lt,0,6.0,0.5,lt_control,4,8.0,0.4340541290144629,0.47771095228569643,0.08823491869984058
56114aa67ffc8a000f81148d|lt|0,56114aa67ffc8a000f81148d,lt,0,6.0,0.5,lt_control,4,12.0,0.21322207286148814,0.7381231557018059,0.048654771436706115
561bbdf9811d22000df3138a|kw|0,561bbdf9811d22000df3138a,kw,0,6.0,0.5,kw_control,4,4.0,0.558660691924327,0.34065656275237055,0.10068274532330242
561bbdf9811d22000df3138a|kw|0,561bbdf9811d22000df3138a,kw,0,6.0,0.5,kw_control,4,6.0,0.6963986685899355,0.193520220348297,0.11008111106176757
561bbdf9811d22000df3138a|kw|0,561bbdf9811d22000df3138a,kw,0,6.0,0.5,kw_control,4,8.0,0.4340541290144629,0.47771095228569643,0.08823491869984058
561bbdf9811d22000df3138a|kw|0,561bbdf9811d22000df3138a,kw,0,6.0,0.5,kw_control,4,12.0,0.21322207286148814,0.7381231557018059,0.048654771436706115
56504ecf1b3cda000f544e92|lt|1,56504ecf1b3cda000f544e92,lt,1,9.0,0.25,lt_market,1,4.0,0.5123610570563009,0.3292019650012901,0.15843697794240902
56504ecf1b3cda000f544e92|lt|1,56504ecf1b3cda000f544e92,lt,1,9.0,0.25,lt_market,1,6.0,0.6393721759462824,0.18721464178974315,0.17341318226397448
56504ecf1b3cda000f544e92|lt|1,56504ecf1b3cda000f544e92,lt,1,9.0,0.25,lt_market,1,8.0,0.3986482609986703,0.4623052667384717,0.13904647226285796
56504ecf1b3cda000f544e92|lt|1,56504ecf1b3cda000f544e92,lt,1,9.0,0.25,lt_market,1,12.0,0.19844453675993695,0.7238581635006992,0.07769729973936387
565c931eba63db00051cd52d|lt|0,565c931eba63db00051cd52d,lt,0,6.5,0.4583333333333333,lt_control,1,4.0,0.4164008745007025,0.1338833199922762,0.44971580550702134
565c931eba63db00051cd52d|lt|0,565c931eba63db00051cd52d,lt,0,6.5,0.4583333333333333,lt_control,1,6.0,0.4776011186675175,0.06998096845771834,0.45241791287476424
565c931eba63db00051cd52d|lt|0,565c931eba63db00051cd52d,lt,0,6.5,0.4583333333333333,lt_control,1,8.0,0.35733260289200547,0.20736723865446208,0.4353001584535324
565c931eba63db00051cd52d|lt|0,565c931eba63db00051cd52d,lt,0,6.5,0.4583333333333333,lt_control,1,12.0,0.23850463638782385,0.43535114386867885,0.3261442197434974
565e0169998e44000a4bdab1|lt|1,565e0169998e44000a4bdab1,lt,1,10.0,0.16666666666666666,lt_market,2,4.0,0.40669953307889495,0.2448137797666282,0.3484866871544769
565e0169998e44000a4bdab1|lt|1,565e0169998e44000a4bdab1,lt,1,10.0,0.16666666666666666,lt_market,2,6.0,0.4936133118220561,0.13540940234650423,0.3709772858314397
565e0169998e44000a4bdab1|lt|1,565e0169998e44000a4bdab1,lt,1,10.0,0.16666666666666666,lt_market,2,8.0,0.3275505930511745,0.35587152283672,0.3165778841121053
565e0169998e44000a4bdab1|lt|1,565e0169998e44000a4bdab1,lt,1,10.0,0.16666666666666666,lt_market,2,12.0,0.18174288258460922,0.6210801096663144,0.1971770077490762
5661bce973ac87001180413a|lt|1,5661bce973ac87001180413a,lt,1,10.0,0.16666666666666666,lt_market,1,4.0,0.5123610570563009,0.3292019650012901,0.15843697794240902
5661bce973ac87001180413a|lt|1,5661bce973ac87001180413a,lt,1,10.0,0.16666666666666666,lt_market,1,6.0,0.6393721759462824,0.18721464178974315,0.17341318226397448
5661bce973ac87001180413a|lt|1,5661bce973ac87001180413a,lt,1,10.0,0.16666666666666666,lt_market,1,8.0,0.3986482609986703,0.4623052667384717,0.13904647226285796
5661bce973ac87001180413a|lt|1,5661bce973ac87001180413a,lt,1,10.0,0.16666666666666666,lt_market,1,12.0,0.19844453675993695,0.7238581635006992,0.07769729973936387
56a68bb49ce1c0000df89344|kw|0,56a68bb49ce1c0000df89344,kw,0,12.0,0.0,kw_control,4,4.0,0.558660691924327,0.34065656275237055,0.10068274532330242
56a68bb49ce1c0000df89344|kw|0,56a68bb49ce1c0000df89344,kw,0,12.0,0.0,kw_control,4,6.0,0.6963986685899355,0.193520220348297,0.11008111106176757
56a68bb49ce1c0000df89344|kw|0,56a68bb49ce1c0000df89344,kw,0,12.0,0.0,kw_control,4,8.0,0.4340541290144629,0.47771095228569643,0.08823491869984058
56a68bb49ce1c0000df89344|kw|0,56a68bb49ce1c0000df89344,kw,0,12.0,0.0,kw_control,4,12.0,0.21322207286148814,0.7381231557018059,0.048654771436706115
56aa90d5638440000c8b506f|kw|0,56aa90d5638440000c8b506f,kw,0,6.0,0.5,kw_control,3,4.0,0.6395013160788713,0.2384759243015463,0.1220227596195825
56aa90d5638440000c8b506f|kw|0,56aa90d5638440000c8b506f,kw,0,6.0,0.5,kw_control,3,6.0,0.7477747132767695,0.12707895817734013,0.12514632854589033
56aa90d5638440000c8b506f|kw|0,56aa90d5638440000c8b506f,kw,0,6.0,0.5,kw_control,3,8.0,0.5295807226969695,0.35644122485060925,0.11397805245242122
56aa90d5638440000c8b506f|kw|0,56aa90d5638440000c8b506f,kw,0,6.0,0.5,kw_control,3,12.0,0.2977392236810803,0.6303288330170002,0.07193194330191957
56aa90d5638440000c8b506f|kw|1,56aa90d5638440000c8b506f,kw,1,6.0,0.5,kw_market,3,4.0,0.260519950029666,0.06455573819099836,0.6749243117793358
56aa90d5638440000c8b506f|kw|1,56aa90d5638440000c8b506f,kw,1,6.0,0.5,kw_market,3,6.0,0.29540292318457784,0.033358646917398746,0.6712384298980234
56aa90d5638440000c8b506f|kw|1,56aa90d5638440000c8b506f,kw,1,6.0,0.5,kw_market,3,8.0,0.22886414249464815,0.10235858679831353,0.6687772707070385
56aa90d5638440000c8b506f|kw|1,56aa90d5638440000c8b506f,kw,1,6.0,0.5,kw_market,3,12.0,0.1758406587839122,0.2473666748297031,0.5767926663863848
56abcb46f209e0000adab961|lt|0,56abcb46f209e0000adab961,lt,0,6.0,0.5,lt_control,4,4.0,0.6968665492495063,0.1911689023050412,0.11196454844545256
56abcb46f209e0000adab961|lt|0,56abcb46f209e0000adab961,lt,0,6.0,0.5,lt_control,4,6.0,0.7899277660422191,0.09875401929139141,0.11131821466638946
56abcb46f209e0000adab961|lt|0,56abcb46f209e0000adab961,lt,0,6.0,0.5,lt_control,4,8.0,0.5965315652298586,0.295361386949424,0.10810704782071744
56abcb46f209e0000adab961|lt|0,56abcb46f209e0000adab961,lt,0,6.0,0.5,lt_control,4,12.0,0.3622119022415662,0.5641029475043086,0.07368515025412525
56c6e662b0b7a1000c5cdb21|kw|1,56c6e662b0b7a1000c5cdb21,kw,1,12.0,0.0,kw_market,3,4.0,0.5172647574480135,0.18653467442414556,0.296200568127841
56c6e662b0b7a1000c5cdb21|kw|1,56c6e662b0b7a1000c5cdb21,kw,1,12.0,0.0,kw_market,3,6.0,0.600026756682938,0.09860911777291588,0.30136412554414616
56c6e662b0b7a1000c5cdb21|kw|1,56c6e662b0b7a1000c5cdb21,kw,1,12.0,0.0,kw_market,3,8.0,0.4353933467416073,0.2833877892439614,0.2812188640144313
56c6e662b0b7a1000c5cdb21|kw|1,56c6e662b0b7a1000c5cdb21,kw,1,12.0,0.0,kw_market,3,12.0,0.26509000637104535,0.5427102984656429,0.1921996951633117
56c6e662b0b7a1000c5cdb21|lt|0,56c6e662b0b7a1000c5cdb21,lt,0,8.0,0.3333333333333333,lt_control,4,4.0,0.6968665492495063,0.1911689023050412,0.11196454844545256
56c6e662b0b7a1000c5cdb21|lt|0,56c6e662b0b7a1000c5cdb21,lt,0,8.0,0.3333333333333333,lt_control,4,6.0,0.7899277660422191,0.09875401929139141,0.11131821466638946
56c6e662b0b7a1000c5cdb21|lt|0,56c6e662b0b7a1000c5cdb21,lt,0,8.0,0.3333333333333333,lt_control,4,8.0,0.5965315652298586,0.295361386949424,0.10810704782071744
56c6e662b0b7a1000c5cdb21|lt|0,56c6e662b0b7a1000c5cdb21,lt,0,8.0,0.3333333333333333,lt_control,4,12.0,0.3622119022415662,0.5641029475043086,0.07368515025412525
56e225c2ec0fdd000641e72d|lt|1,56e225c2ec0fdd000641e72d,lt,1,10.0,0.16666666666666666,lt_market,4,4.0,0.4448765755676009,0.32112232813300595,0.23400109629939306
56e225c2ec0fdd000641e72d|lt|1,56e225c2ec0fdd000641e72d,lt,1,10.0,0.16666666666666666,lt_market,4,6.0,0.5585668067081485,0.183740909220585,0.2576922840712665
56e225c2ec0fdd000641e72d|lt|1,56e225c2ec0fdd000641e72d,lt,1,10.0,0.16666666666666666,lt_market,4,8.0,0.345290873950168,0.4498510371046928,0.2048580889451391
56e225c2ec0fdd000641e72d|lt|1,56e225c2ec0fdd000641e72d,lt,1,10.0,0.16666666666666666,lt_market,4,12.0,0.17349475409415635,0.7109602764015301,0.11554496950431344
56f2a152ed0cf6000c913b6c|lt|0,56f2a152ed0cf6000c913b6c,lt,0,6.0,0.5,lt_control,4,4.0,0.558660691924327,0.34065656275237055,0.10068274532330242
56f2a152ed0cf6000c913b6c|lt|0,56f2a152ed0cf6000c913b6c,lt,0,6.0,0.5,lt_control,4,6.0,0.6963986685899355,0.193520220348297,0.11008111106176757
56f2a152ed0cf6000c913b6c|lt|0,56f2a152ed0cf6000c913b6c,lt,0,6.0,0.5,lt_control,4,8.0,0.4340541290144629,0.47771095228569643,0.08823491869984058
56f2a152ed0cf6000c913b6c|lt|0,56f2a152ed0cf6000c913b6c,lt,0,6.0,0.5,lt_control,4,12.0,0.21322207286148814,0.7381231557018059,0.048654771436706115
570570eb61ab6a0010d484d0|lt|0,570570eb61ab6a0010d484d0,lt,0,7.0,0.4166666666666667,lt_control,4,4.0,0.696866549249506,0.19116890230504152,0.1119645484454525
570570eb61ab6a0010d484d0|lt|0,570570eb61ab6a0010d484d0,lt,0,7.0,0.4166666666666667,lt_control,4,6.0,0.789927766042219,0.09875401929139162,0.1113182146663894
570570eb61ab6a0010d484d0|lt|0,570570eb61ab6a0010d484d0,lt,0,7.0,0.4166666666666667,lt_control,4,8.0,0.5965315652298582,0.2953613869494245,0.10810704782071738
570570eb61ab6a0010d484d0|lt|0,570570eb61ab6a0010d484d0,lt,0,7.0,0.4166666666666667,lt_control,4,12.0,0.36221190224156563,0.5641029475043091,0.07368515025412516
571fdcb14b8ecc0013c24fcb|kw|0,571fdcb14b8ecc0013c24fcb,kw,0,6.0,0.5,kw_control,4,4.0,0.7967830643922639,0.0863610139892806,0.11685592161845557
571fdcb14b8ecc0013c24fcb|kw|0,571fdcb14b8ecc0013c24fcb,kw,0,6.0,0.5,kw_control,4,6.0,0.8488753979574292,0.04192966165494564,0.10919494038762523
571fdcb14b8ecc0013c24fcb|kw|0,571fdcb14b8ecc0013c24fcb,kw,0,6.0,0.5,kw_control,4,8.0,0.734725594349773,0.14373266181188782,0.12154174383833914
571fdcb14b8ecc0013c24fcb|kw|0,571fdcb14b8ecc0013c24fcb,kw,0,6.0,0.5,kw_control,4,12.0,0.5552408647390824,0.3416544516522735,0.10310468360864405
572041d6fd3a5200093c1295|lt|0,572041d6fd3a5200093c1295,lt,0,5.0,0.5833333333333334,lt_control,3,4.0,0.42130818632424755,0.48971733039762366,0.08897448327812882
572041d6fd3a5200093c1295|lt|0,572041d6fd3a5200093c1295,lt,0,5.0,0.5833333333333334,lt_control,3,6.0,0.5831074858897167,0.3088829703369596,0.10800954377332375
572041d6fd3a5200093c1295|lt|0,572041d6fd3a5200093c1295,lt,0,5.0,0.5833333333333334,lt_control,3,8.0,0.29974470266593234,0.628853892412377,0.07140140492169056
572041d6fd3a5200093c1295|lt|0,572041d6fd3a5200093c1295,lt,0,5.0,0.5833333333333334,lt_control,3,12.0,0.1271241598613032,0.8388835821665274,0.03399225797216935
5727d93522e522000e7a0a3c|kw|0,5727d93522e522000e7a0a3c,kw,0,8.0,0.3333333333333333,kw_control,4,4.0,0.6968665492495063,0.1911689023050412,0.11196454844545256
5727d93522e522000e7a0a3c|kw|0,5727d93522e522000e7a0a3c,kw,0,8.0,0.3333333333333333,kw_control,4,6.0,0.7899277660422191,0.09875401929139141,0.11131821466638946
5727d93522e522000e7a0a3c|kw|0,5727d93522e522000e7a0a3c,kw,0,8.0,0.3333333333333333,kw_control,4,8.0,0.5965315652298586,0.295361386949424,0.10810704782071744
5727d93522e522000e7a0a3c|kw|0,5727d93522e522000e7a0a3c,kw,0,8.0,0.3333333333333333,kw_control,4,12.0,0.3622119022415662,0.5641029475043086,0.07368515025412525
5727d93522e522000e7a0a3c|lt|1,5727d93522e522000e7a0a3c,lt,1,10.0,0.16666666666666666,lt_market,4,4.0,0.4255669663865105,0.161775867593433,0.41265716602005653
5727d93522e522000e7a0a3c|lt|1,5727d93522e522000e7a0a3c,lt,1,10.0,0.16666666666666666,lt_market,4,6.0,0.4941372148923859,0.08560382366663097,0.4202589614409831
5727d93522e522000e7a0a3c|lt|1,5727d93522e522000e7a0a3c,lt,1,10.0,0.16666666666666666,lt_market,4,8.0,0.35973163239707334,0.2468181642258094,0.3934502033771172
5727d93522e522000e7a0a3c|lt|1,5727d93522e522000e7a0a3c,lt,1,10.0,0.16666666666666666,lt_market,4,12.0,0.22800569444991042,0.4920616803254352,0.27993262522465434
5731b7f35b8b0600097c2d66|kw|0,5731b7f35b8b0600097c2d66,kw,0,6.0,0.5,kw_control,4,4.0,0.7967830643922639,0.0863610139892806,0.11685592161845557
5731b7f35b8b0600097c2d66|kw|0,5731b7f35b8b0600097c2d66,kw,0,6.0,0.5,kw_control,4,6.0,0.8488753979574292,0.04192966165494564,0.10919494038762523
5731b7f35b8b0600097c2d66|kw|0,5731b7f35b8b0600097c2d66,kw,0,6.0,0.5,kw_control,4,8.0,0.734725594349773,0.14373266181188782,0.12154174383833914
5731b7f35b8b0600097c2d66|kw|0,5731b7f35b8b0600097c2d66,kw,0,6.0,0.5,kw_control,4,12.0,0.5552408647390824,0.3416544516522735,0.10310468360864405
5731b7f35b8b0600097c2d66|kw|1,5731b7f35b8b0600097c2d66,kw,1,10.0,0.16666666666666666,kw_market,4,4.0,0.6671876269510717,0.0797605109321789,0.25305186211674935
5731b7f35b8b0600097c2d66|kw|1,5731b7f35b8b0600097c2d66,kw,1,10.0,0.16666666666666666,kw_market,4,6.0,0.7209040499797946,0.03927508933948643,0.239820860680719
5731b7f35b8b0600097c2d66|kw|1,5731b7f35b8b0600097c2d66,kw,1,10.0,0.16666666666666666,kw_market,4,8.0,0.6084275558032348,0.13128088025458837,0.26029156394217673
5731b7f35b8b0600097c2d66|kw|1,5731b7f35b8b0600097c2d66,kw,1,10.0,0.16666666666666666,kw_market,4,12.0,0.4631960581652854,0.31436401156910687,0.2224399302656077
574cca765e5491000f3c89e0|lt|0,574cca765e5491000f3c89e0,lt,0,4.0,0.6666666666666666,lt_control,4,4.0,0.6968665492495063,0.1911689023050412,0.11196454844545256
574cca765e5491000f3c89e0|lt|0,574cca765e5491000f3c89e0,lt,0,4.0,0.6666666666666666,lt_control,4,6.0,0.7899277660422191,0.09875401929139141,0.11131821466638946
574cca765e5491000f3c89e0|lt|0,574cca765e5491000f3c89e0,lt,0,4.0,0.6666666666666666,lt_control,4,8.0,0.5965315652298586,0.295361386949424,0.10810704782071744
574cca765e5491000f3c89e0|lt|0,574cca765e5491000f3c89e0,lt,0,4.0,0.6666666666666666,lt_control,4,12.0,0.3622119022415662,0.5641029475043086,0.07368515025412525
57541379f5000a0006b06ab4|kw|0,57541379f5000a0006b06ab4,kw,0,6.0,0.5,kw_control,3,4.0,0.48458463988273437,0.41017899115382966,0.10523636896343587
57541379f5000a0006b06ab4|kw|0,57541379f5000a0006b06ab4,kw,0,6.0,0.5,kw_control,3,6.0,0.6344269586152581,0.24472885051053575,0.12084419087420617
57541379f5000a0006b06ab4|kw|0,57541379f5000a0006b06ab4,kw,0,6.0,0.5,kw_control,3,8.0,0.3606567734049984,0.5509986349024026,0.08834459169259883
57541379f5000a0006b06ab4|kw|0,57541379f5000a0006b06ab4,kw,0,6.0,0.5,kw_control,3,12.0,0.1644630501653367,0.7903148324386078,0.04522211739605556
576fc3462984e70001a97fc3|lt|1,576fc3462984e70001a97fc3,lt,1,8.0,0.3333333333333333,lt_market,4,4.0,0.696866549249506,0.19116890230504152,0.1119645484454525
576fc3462984e70001a97fc3|lt|1,576fc3462984e70001a97fc3,lt,1,8.0,0.3333333333333333,lt_market,4,6.0,0.789927766042219,0.09875401929139162,0.1113182146663894
576fc3462984e70001a97fc3|lt|1,576fc3462984e70001a97fc3,lt,1,8.0,0.3333333333333333,lt_market,4,8.0,0.5965315652298582,0.2953613869494245,0.10810704782071738
576fc3462984e70001a97fc3|lt|1,576fc3462984e70001a97fc3,lt,1,8.0,0.3333333333333333,lt_market,4,12.0,0.36221190224156563,0.5641029475043091,0.07368515025412516
5788e1834a84da00014c4199|kw|1,5788e1834a84da00014c4199,kw,1,12.0,0.0,kw_market,3,4.0,0.33239020215456433,0.18225153614373252,0.48535826170170315
5788e1834a84da00014c4199|kw|1,5788e1834a84da00014c4199,kw,1,12.0,0.0,kw_market,3,6.0,0.39516032246515914,0.09874067406802775,0.5060990034668131
5788e1834a84da00014c4199|kw|1,5788e1834a84da00014c4199,kw,1,12.0,0.0,kw_market,3,8.0,0.2749764293160344,0.2721266738356639,0.45289689684830176
5788e1834a84da00014c4199|kw|1,5788e1834a84da00014c4199,kw,1,12.0,0.0,kw_market,3,12.0,0.16773897407471844,0.5221376257114091,0.3101234002138723
578bb26f6cc44500010448c8|lt|0,578bb26f6cc44500010448c8,lt,0,6.0,0.5,lt_control,4,4.0,0.5586606919243272,0.3406565627523705,0.10068274532330242
578bb26f6cc44500010448c8|lt|0,578bb26f6cc44500010448c8,lt,0,6.0,0.5,lt_control,4,6.0,0.6963986685899356,0.19352022034829683,0.11008111106176763
578bb26f6cc44500010448c8|lt|0,578bb26f6cc44500010448c8,lt,0,6.0,0.5,lt_control,4,8.0,0.4340541290144631,0.4777109522856963,0.08823491869984063
578bb26f6cc44500010448c8|lt|0,578bb26f6cc44500010448c8,lt,0,6.0,0.5,lt_control,4,12.0,0.21322207286148823,0.7381231557018055,0.048654771436706136
578bb26f6cc44500010448c8|lt|1,578bb26f6cc44500010448c8,lt,1,10.5,0.125,lt_market,2,4.0,0.6975282686655849,0.15944182314185928,0.1430299081925558
578bb26f6cc44500010448c8|lt|1,578bb26f6cc44500010448c8,lt,1,10.5,0.125,lt_market,2,6.0,0.7788037865880962,0.08112753225543877,0.140068681156465
578bb26f6cc44500010448c8|lt|1,578bb26f6cc44500010448c8,lt,1,10.5,0.125,lt_market,2,8.0,0.6083263304308875,0.2509745675975255,0.140699101971587
578bb26f6cc44500010448c8|lt|1,578bb26f6cc44500010448c8,lt,1,10.5,0.125,lt_market,2,12.0,0.3910358228744681,0.5074403610624462,0.10152381606308578
57a36f499bd3d70001e5230e|lt|1,57a36f499bd3d70001e5230e,lt,1,9.0,0.25,lt_market,3,4.0,0.7680020861795249,0.09947550018786594,0.13252241363260917
57a36f499bd3d70001e5230e|lt|1,57a36f499bd3d70001e5230e,lt,1,9.0,0.25,lt_market,3,6.0,0.8261904019114487,0.04876785451937923,0.12504174356917203
57a36f499bd3d70001e5230e|lt|1,57a36f499bd3d70001e5230e,lt,1,9.0,0.25,lt_market,3,8.0,0.7000778648364742,0.16366384102191114,0.13625829414161464
57a36f499bd3d70001e5230e|lt|1,57a36f499bd3d70001e5230e,lt,1,9.0,0.25,lt_market,3,12.0,0.5118205192752519,0.3763565238072113,0.11182295691753694
57aa96584cda6e0001842142|kw|0,57aa96584cda6e0001842142,kw,0,6.0,0.5,kw_control,4,4.0,0.6968665492495063,0.1911689023050412,0.11196454844545256
57aa96584cda6e0001842142|kw|0,57aa96584cda6e0001842142,kw,0,6.0,0.5,kw_control,4,6.0,0.7899277660422191,0.09875401929139141,0.11131821466638946
57aa96584cda6e0001842142|kw|0,57aa96584cda6e0001842142,kw,0,6.0,0.5,kw_control,4,8.0,0.5965315652298586,0.295361386949424,0.10810704782071744
57aa96584cda6e0001842142|kw|0,57aa96584cda6e0001842142,kw,0,6.0,0.5,kw_control,4,12.0,0.3622119022415662,0.5641029475043086,0.07368515025412525
57d0a0bee3221e00015fe385|kw|0,57d0a0bee3221e00015fe385,kw,0,12.0,0.0,kw_control,4,4.0,0.7967830643922639,0.0863610139892806,0.11685592161845557
57d0a0bee3221e00015fe385|kw|0,57d0a0bee3221e00015fe385,kw,0,12.0,0.0,kw_control,4,6.0,0.8488753979574292,0.04192966165494564,0.10919494038762523
57d0a0bee3221e00015fe385|kw|0,57d0a0bee3221e00015fe385,kw,0,12.0,0.0,kw_control,4,8.0,0.734725594349773,0.14373266181188782,0.12154174383833914
57d0a0bee3221e00015fe385|kw|0,57d0a0bee3221e00015fe385,kw,0,12.0,0.0,kw_control,4,12.0,0.5552408647390824,0.3416544516522735,0.10310468360864405
57e028b7ccd0230001fc2462|lt|1,57e028b7ccd0230001fc2462,lt,1,9.0,0.25,lt_market,1,4.0,0.6581622492398861,0.17242164747245606,0.16941610328765785
57e028b7ccd0230001fc2462|lt|1,57e028b7ccd0230001fc2462,lt,1,9.0,0.25,lt_market,1,6.0,0.7434064265380043,0.0887533808905588,0.16784019257143692
57e028b7ccd0230001fc2462|lt|1,57e028b7ccd0230001fc2462,lt,1,9.0,0.25,lt_market,1,8.0,0.5671570528192297,0.2681728579214787,0.16467008925929158
57e028b7ccd0230001fc2462|lt|1,57e028b7ccd0230001fc2462,lt,1,9.0,0.25,lt_market,1,12.0,0.3554699132209153,0.5286761196575392,0.11585396712154535
57ea425e5b88f5000106bb9f|kw|0,57ea425e5b88f5000106bb9f,kw,0,12.0,0.0,kw_control,4,4.0,0.6968665492495063,0.1911689023050412,0.11196454844545256
57ea425e5b88f5000106bb9f|kw|0,57ea425e5b88f5000106bb9f,kw,0,12.0,0.0,kw_control,4,6.0,0.7899277660422191,0.09875401929139141,0.11131821466638946
57ea425e5b88f5000106bb9f|kw|0,57ea425e5b88f5000106bb9f,kw,0,12.0,0.0,kw_control,4,8.0,0.5965315652298586,0.295361386949424,0.10810704782071744
57ea425e5b88f5000106bb9f|kw|0,57ea425e5b88f5000106bb9f,kw,0,12.0,0.0,kw_control,4,12.0,0.3622119022415662,0.5641029475043086,0.07368515025412525
57ff671cb80310000163ef44|lt|1,57ff671cb80310000163ef44,lt,1,12.0,0.0,lt_market,1,4.0,0.4164008745007025,0.1338833199922762,0.44971580550702134
57ff671cb80310000163ef44|lt|1,57ff671cb80310000163ef44,lt,1,12.0,0.0,lt_market,1,6.0,0.4776011186675175,0.06998096845771834,0.45241791287476424
57ff671cb80310000163ef44|lt|1,57ff671cb80310000163ef44,lt,1,12.0,0.0,lt_market,1,8.0,0.35733260289200547,0.20736723865446208,0.4353001584535324
57ff671cb80310000163ef44|lt|1,57ff671cb80310000163ef44,lt,1,12.0,0.0,lt_market,1,12.0,0.23850463638782385,0.43535114386867885,0.3261442197434974
582468295f4d1c0001c7c467|kw|1,582468295f4d1c0001c7c467,kw,1,11.0,0.08333333333333333,kw_market,3,4.0,0.260519950029666,0.06455573819099836,0.6749243117793358
582468295f4d1c0001c7c467|kw|1,582468295f4d1c0001c7c467,kw,1,11.0,0.08333333333333333,kw_market,3,6.0,0.29540292318457784,0.033358646917398746,0.6712384298980234
582468295f4d1c0001c7c467|kw|1,582468295f4d1c0001c7c467,kw,1,11.0,0.08333333333333333,kw_market,3,8.0,0.22886414249464815,0.10235858679831353,0.6687772707070385
582468295f4d1c0001c7c467|kw|1,582468295f4d1c0001c7c467,kw,1,11.0,0.08333333333333333,kw_market,3,12.0,0.1758406587839122,0.2473666748297031,0.5767926663863848
5855b0d59fcc070001dfe2a7|lt|0,5855b0d59fcc070001dfe2a7,lt,0,6.0,0.5,lt_control,2,4.0,0.6975282686655849,0.15944182314185928,0.1430299081925558
5855b0d59fcc070001dfe2a7|lt|0,5855b0d59fcc070001dfe2a7,lt,0,6.0,0.5,lt_control,2,6.0,0.7788037865880962,0.08112753225543877,0.140068681156465
5855b0d59fcc070001dfe2a7|lt|0,5855b0d59fcc070001dfe2a7,lt,0,6.0,0.5,lt_control,2,8.0,0.6083263304308875,0.2509745675975255,0.140699101971587
5855b0d59fcc070001dfe2a7|lt|0,5855b0d59fcc070001dfe2a7,lt,0,6.0,0.5,lt_control,2,12.0,0.3910358228744681,0.5074403610624462,0.10152381606308578
5865bdf7a3462300010673e3|lt|1,5865bdf7a3462300010673e3,lt,1,8.0,0.3333333333333333,lt_market,4,4.0,0.7967830643922639,0.0863610139892806,0.11685592161845557
5865bdf7a3462300010673e3|lt|1,5865bdf7a3462300010673e3,lt,1,8.0,0.3333333333333333,lt_market,4,6.0,0.8488753979574292,0.04192966165494564,0.10919494038762523
5865bdf7a3462300010673e3|lt|1,5865bdf7a3462300010673e3,lt,1,8.0,0.3333333333333333,lt_market,4,8.0,0.734725594349773,0.14373266181188782,0.12154174383833914
5865bdf7a3462300010673e3|lt|1,5865bdf7a3462300010673e3,lt,1,8.0,0.3333333333333333,lt_market,4,12.0,0.5552408647390824,0.3416544516522735,0.10310468360864405
5883d68d300c0b000113db56|lt|1,5883d68d300c0b000113db56,lt,1,5.0,0.5833333333333334,lt_market,1,4.0,0.4164008745007025,0.1338833199922762,0.44971580550702134
5883d68d300c0b000113db56|lt|1,5883d68d300c0b000113db56,lt,1,5.0,0.5833333333333334,lt_market,1,6.0,0.4776011186675175,0.06998096845771834,0.45241791287476424
5883d68d300c0b000113db56|lt|1,5883d68d300c0b000113db56,lt,1,5.0,0.5833333333333334,lt_market,1,8.0,0.35733260289200547,0.20736723865446208,0.4353001584535324
5883d68d300c0b000113db56|lt|1,5883d68d300c0b000113db56,lt,1,5.0,0.5833333333333334,lt_market,1,12.0,0.23850463638782385,0.43535114386867885,0.3261442197434974
58c508c1b101a700012938fa|kw|1,58c508c1b101a700012938fa,kw,1,7.5,0.375,kw_market,4,4.0,0.36015072619270216,0.058265909509683564,0.5815833642976143
58c508c1b101a700012938fa|kw|1,58c508c1b101a700012938fa,kw,1,7.5,0.375,kw_market,4,6.0,0.40159126602600953,0.029608354153649565,0.5688003798203409
58c508c1b101a700012938fa|kw|1,58c508c1b101a700012938fa,kw,1,7.5,0.375,kw_market,4,8.0,0.3211870652861515,0.09378663279450476,0.5850263019193436
58c508c1b101a700012938fa|kw|1,58c508c1b101a700012938fa,kw,1,7.5,0.375,kw_market,4,12.0,0.2523288394351154,0.2317528849069818,0.5159182756579028
58daa58731506e0001448ccf|kw|0,58daa58731506e0001448ccf,kw,0,9.0,0.25,kw_control,4,4.0,0.7967830643922639,0.0863610139892806,0.11685592161845557
58daa58731506e0001448ccf|kw|0,58daa58731506e0001448ccf,kw,0,9.0,0.25,kw_control,4,6.0,0.8488753979574292,0.04192966165494564,0.10919494038762523
58daa58731506e0001448ccf|kw|0,58daa58731506e0001448ccf,kw,0,9.0,0.25,kw_control,4,8.0,0.734725594349773,0.14373266181188782,0.12154174383833914
58daa58731506e0001448ccf|kw|0,58daa58731506e0001448ccf,kw,0,9.0,0.25,kw_control,4,12.0,0.5552408647390824,0.3416544516522735,0.10310468360864405
58df90cecc6d9800018c5d58|kw|1,58df90cecc6d9800018c5d58,kw,1,6.0,0.5,kw_market,1,4.0,0.4164008745007025,0.1338833199922762,0.44971580550702134
58df90cecc6d9800018c5d58|kw|1,58df90cecc6d9800018c5d58,kw,1,6.0,0.5,kw_market,1,6.0,0.4776011186675175,0.06998096845771834,0.45241791287476424
58df90cecc6d9800018c5d58|kw|1,58df90cecc6d9800018c5d58,kw,1,6.0,0.5,kw_market,1,8.0,0.35733260289200547,0.20736723865446208,0.4353001584535324
58df90cecc6d9800018c5d58|kw|1,58df90cecc6d9800018c5d58,kw,1,6.0,0.5,kw_market,1,12.0,0.23850463638782385,0.43535114386867885,0.3261442197434974
58eb2509a0fa07000146e231|lt|1,58eb2509a0fa07000146e231,lt,1,10.0,0.16666666666666666,lt_market,2,4.0,0.3132349529818475,0.06539637658326496,0.6213686704348876
58eb2509a0fa07000146e231|lt|1,58eb2509a0fa07000146e231,lt,1,10.0,0.16666666666666666,lt_market,2,6.0,0.35272677369250643,0.03355997795534503,0.6137132483521485
58eb2509a0fa07000146e231|lt|1,58eb2509a0fa07000146e231,lt,1,10.0,0.16666666666666666,lt_market,2,8.0,0.2766748027265136,0.10425712353787346,0.6190680737356129
58eb2509a0fa07000146e231|lt|1,58eb2509a0fa07000146e231,lt,1,10.0,0.16666666666666666,lt_market,2,12.0,0.21290452981136437,0.25234598174912815,0.5347494884395073
5919adda0329e90001578e5f|lt|0,5919adda0329e90001578e5f,lt,0,6.0,0.5,lt_control,4,4.0,0.696866549249506,0.19116890230504152,0.1119645484454525
5919adda0329e90001578e5f|lt|0,5919adda0329e90001578e5f,lt,0,6.0,0.5,lt_control,4,6.0,0.789927766042219,0.09875401929139162,0.1113182146663894
5919adda0329e90001578e5f|lt|0,5919adda0329e90001578e5f,lt,0,6.0,0.5,lt_control,4,8.0,0.5965315652298582,0.2953613869494245,0.10810704782071738
5919adda0329e90001578e5f|lt|0,5919adda0329e90001578e5f,lt,0,6.0,0.5,lt_control,4,12.0,0.36221190224156563,0.5641029475043091,0.07368515025412516
593c25fc048d06000182f21b|kw|1,593c25fc048d06000182f21b,kw,1,8.5,0.2916666666666667,kw_market,4,4.0,0.44487657556760063,0.3211223281330064,0.23400109629939295
593c25fc048d06000182f21b|kw|1,593c25fc048d06000182f21b,kw,1,8.5,0.2916666666666667,kw_market,4,6.0,0.5585668067081483,0.18374090922058522,0.2576922840712665
593c25fc048d06000182f21b|kw|1,593c25fc048d06000182f21b,kw,1,8.5,0.2916666666666667,kw_market,4,8.0,0.34529087395016766,0.4498510371046932,0.20485808894513896
593c25fc048d06000182f21b|kw|1,593c25fc048d06000182f21b,kw,1,8.5,0.2916666666666667,kw_market,4,12.0,0.17349475409415616,0.7109602764015306,0.11554496950431334
59607e59aba046000124bf07|kw|1,59607e59aba046000124bf07,kw,1,12.0,0.0,kw_market,3,4.0,0.325655707183073,0.22694915163501905,0.4473951411819078
59607e59aba046000124bf07|kw|1,59607e59aba046000124bf07,kw,1,12.0,0.0,kw_market,3,6.0,0.3964204940526827,0.1259000031573679,0.4776795027899494
59607e59aba046000124bf07|kw|1,59607e59aba046000124bf07,kw,1,12.0,0.0,kw_market,3,8.0,0.26264359321970804,0.33036143399698903,0.4069949727833031
59607e59aba046000124bf07|kw|1,59607e59aba046000124bf07,kw,1,12.0,0.0,kw_market,3,12.0,0.14934608219753476,0.5908697109109926,0.25978420689147275
596214729955ee00015bce36|lt|0,596214729955ee00015bce36,lt,0,6.0,0.5,lt_control,4,4.0,0.6968665492495063,0.1911689023050412,0.11196454844545256
596214729955ee00015bce36|lt|0,596214729955ee00015bce36,lt,0,6.0,0.5,lt_control,4,6.0,0.7899277660422191,0.09875401929139141,0.11131821466638946
596214729955ee00015bce36|lt|0,596214729955ee00015bce36,lt,0,6.0,0.5,lt_control,4,8.0,0.5965315652298586,0.295361386949424,0.10810704782071744
596214729955ee00015bce36|lt|0,596214729955ee00015bce36,lt,0,6.0,0.5,lt_control,4,12.0,0.3622119022415662,0.5641029475043086,0.07368515025412525
596a3b32670f410001fe95d9|lt|1,596a3b32670f410001fe95d9,lt,1,12.0,0.0,lt_market,1,4.0,0.6581622492398861,0.17242164747245606,0.16941610328765785
596a3b32670f410001fe95d9|lt|1,596a3b32670f410001fe95d9,lt,1,12.0,0.0,lt_market,1,6.0,0.7434064265380043,0.0887533808905588,0.16784019257143692
596a3b32670f410001fe95d9|lt|1,596a3b32670f410001fe95d9,lt,1,12.0,0.0,lt_market,1,8.0,0.5671570528192297,0.2681728579214787,0.16467008925929158
596a3b32670f410001fe95d9|lt|1,596a3b32670f410001fe95d9,lt,1,12.0,0.0,lt_market,1,12.0,0.3554699132209153,0.5286761196575392,0.11585396712154535
596de39c9fd5ee0001b704c3|kw|0,596de39c9fd5ee0001b704c3,kw,0,6.0,0.5,kw_control,4,4.0,0.6671876269510717,0.0797605109321789,0.25305186211674935
596de39c9fd5ee0001b704c3|kw|0,596de39c9fd5ee0001b704c3,kw,0,6.0,0.5,kw_control,4,6.0,0.7209040499797946,0.03927508933948643,0.23982086068071895
596de39c9fd5ee0001b704c3|kw|0,596de39c9fd5ee0001b704c3,kw,0,6.0,0.5,kw_control,4,8.0,0.6084275558032348,0.13128088025458837,0.2602915639421767
596de39c9fd5ee0001b704c3|kw|0,596de39c9fd5ee0001b704c3,kw,0,6.0,0.5,kw_control,4,12.0,0.4631960581652854,0.31436401156910687,0.22243993026560768
596de39c9fd5ee0001b704c3|lt|1,596de39c9fd5ee0001b704c3,lt,1,12.0,0.0,lt_market,4,4.0,0.36015072619270194,0.058265909509683536,0.5815833642976144
596de39c9fd5ee0001b704c3|lt|1,596de39c9fd5ee0001b704c3,lt,1,12.0,0.0,lt_market,4,6.0,0.40159126602600936,0.02960835415364955,0.5688003798203412
596de39c9fd5ee0001b704c3|lt|1,596de39c9fd5ee0001b704c3,lt,1,12.0,0.0,lt_market,4,8.0,0.3211870652861514,0.09378663279450472,0.5850263019193439
596de39c9fd5ee0001b704c3|lt|1,596de39c9fd5ee0001b704c3,lt,1,12.0,0.0,lt_market,4,12.0,0.25232883943511525,0.23175288490698162,0.5159182756579029
596e000bfb7959000162f52f|kw|1,596e000bfb7959000162f52f,kw,1,12.0,0.0,kw_market,1,4.0,0.4217863885520073,0.08362403817848542,0.4945895732695073
596e000bfb7959000162f52f|kw|1,596e000bfb7959000162f52f,kw,1,12.0,0.0,kw_market,1,6.0,0.4719557437340868,0.042642202044685724,0.4854020542212275
596e000bfb7959000162f52f|kw|1,596e000bfb7959000162f52f,kw,1,12.0,0.0,kw_market,1,8.0,0.3730670680706269,0.13349904239715915,0.49343388953221384
596e000bfb7959000162f52f|kw|1,596e000bfb7959000162f52f,kw,1,12.0,0.0,kw_market,1,12.0,0.27698876136268313,0.3117659971355975,0.41124524150171937
5975b75a2356570001085d0c|lt|0,5975b75a2356570001085d0c,lt,0,8.0,0.3333333333333333,lt_control,3,4.0,0.6395013160788713,0.2384759243015463,0.1220227596195825
5975b75a2356570001085d0c|lt|0,5975b75a2356570001085d0c,lt,0,8.0,0.3333333333333333,lt_control,3,6.0,0.7477747132767695,0.12707895817734013,0.12514632854589033
5975b75a2356570001085d0c|lt|0,5975b75a2356570001085d0c,lt,0,8.0,0.3333333333333333,lt_control,3,8.0,0.5295807226969695,0.35644122485060925,0.11397805245242122
5975b75a2356570001085d0c|lt|0,5975b75a2356570001085d0c,lt,0,8.0,0.3333333333333333,lt_control,3,12.0,0.2977392236810803,0.6303288330170002,0.07193194330191957
5975b75a2356570001085d0c|lt|1,5975b75a2356570001085d0c,lt,1,9.0,0.25,lt_market,4,4.0,0.571338770440549,0.17925048060108595,0.24941074895836493
5975b75a2356570001085d0c|lt|1,5975b75a2356570001085d0c,lt,1,9.0,0.25,lt_market,4,6.0,0.655366829483213,0.09370243177759471,0.2509307387391923
5975b75a2356570001085d0c|lt|1,5975b75a2356570001085d0c,lt,1,9.0,0.25,lt_market,4,8.0,0.485753667870076,0.2750650314776106,0.23918130065231344
5975b75a2356570001085d0c|lt|1,5975b75a2356570001085d0c,lt,1,9.0,0.25,lt_market,4,12.0,0.2999535607534116,0.5342551021496968,0.16579133709689164
597f662f89542d0001517d78|kw|0,597f662f89542d0001517d78,kw,0,12.0,0.0,kw_control,4,4.0,0.6968665492495063,0.1911689023050412,0.11196454844545256
597f662f89542d0001517d78|kw|0,597f662f89542d0001517d78,kw,0,12.0,0.0,kw_control,4,6.0,0.7899277660422191,0.09875401929139141,0.11131821466638946
597f662f89542d0001517d78|kw|0,597f662f89542d0001517d78,kw,0,12.0,0.0,kw_control,4,8.0,0.5965315652298586,0.295361386949424,0.10810704782071744
597f662f89542d0001517d78|kw|0,597f662f89542d0001517d78,kw,0,12.0,0.0,kw_control,4,12.0,0.3622119022415662,0.5641029475043086,0.07368515025412525
597f662f89542d0001517d78|kw|1,597f662f89542d0001517d78,kw,1,11.0,0.08333333333333333,kw_market,3,4.0,0.2546544133044559,0.052801129266621366,0.6925444574289227
597f662f89542d0001517d78|kw|1,597f662f89542d0001517d78,kw,1,11.0,0.08333333333333333,kw_market,3,6.0,0.2873729306121163,0.027154238822804128,0.6854728305650797
597f662f89542d0001517d78|kw|1,597f662f89542d0001517d78,kw,1,11.0,0.08333333333333333,kw_market,3,8.0,0.2251366853022613,0.08425407845376943,0.6906092362439693
597f662f89542d0001517d78|kw|1,597f662f89542d0001517d78,kw,1,11.0,0.08333333333333333,kw_market,3,12.0,0.17792071710543314,0.2094336915213668,0.6126455913732
599364c1fc37790001fa4e1d|lt|1,599364c1fc37790001fa4e1d,lt,1,11.0,0.08333333333333333,lt_market,4,4.0,0.5151051505452526,0.07039878187562129,0.41449606757912616
599364c1fc37790001fa4e1d|lt|1,599364c1fc37790001fa4e1d,lt,1,11.0,0.08333333333333333,lt_market,4,6.0,0.5655891103243016,0.03522654612652271,0.39918434354917565
599364c1fc37790001fa4e1d|lt|1,599364c1fc37790001fa4e1d,lt,1,11.0,0.08333333333333333,lt_market,4,8.0,0.4641848139915376,0.11450193911646805,0.4213132468919943
599364c1fc37790001fa4e1d|lt|1,599364c1fc37790001fa4e1d,lt,1,11.0,0.08333333333333333,lt_market,4,12.0,0.3578155122977444,0.2776236375456078,0.3645608501566478
59995d926c165e000113fb21|kw|1,59995d926c165e000113fb21,kw,1,9.0,0.25,kw_market,2,4.0,0.3456508052931933,0.5637463174184143,0.09060287728839257
59995d926c165e000113fb21|kw|1,59995d926c165e000113fb21,kw,1,9.0,0.25,kw_market,2,6.0,0.5067971867022574,0.37668654944871244,0.1165162638490302
59995d926c165e000113fb21|kw|1,59995d926c165e000113fb21,kw,1,9.0,0.25,kw_market,2,8.0,0.23588262155434833,0.6943760803653167,0.06974129808033508
59995d926c165e000113fb21|kw|1,59995d926c165e000113fb21,kw,1,9.0,0.25,kw_market,2,12.0,0.09441887754561487,0.8742446871402849,0.03133643531410031
59ae654b5e7f4800010ef039|lt|0,59ae654b5e7f4800010ef039,lt,0,6.0,0.5,lt_control,4,4.0,0.558660691924327,0.34065656275237055,0.10068274532330242
59ae654b5e7f4800010ef039|lt|0,59ae654b5e7f4800010ef039,lt,0,6.0,0.5,lt_control,4,6.0,0.6963986685899355,0.193520220348297,0.11008111106176757
59ae654b5e7f4800010ef039|lt|0,59ae654b5e7f4800010ef039,lt,0,6.0,0.5,lt_control,4,8.0,0.4340541290144629,0.47771095228569643,0.08823491869984058
59ae654b5e7f4800010ef039|lt|0,59ae654b5e7f4800010ef039,lt,0,6.0,0.5,lt_control,4,12.0,0.21322207286148814,0.7381231557018059,0.048654771436706115
59b73df56039190001eaa9e7|lt|1,59b73df56039190001eaa9e7,lt,1,10.0,0.16666666666666666,lt_market,3,4.0,0.7469537774739156,0.1260492290024411,0.12699699352364338
59b73df56039190001eaa9e7|lt|1,59b73df56039190001eaa9e7,lt,1,10.0,0.16666666666666666,lt_market,3,6.0,0.8156423500109986,0.06272577061652274,0.12163187937247864
59b73df56039190001eaa9e7|lt|1,59b73df56039190001eaa9e7,lt,1,10.0,0.16666666666666666,lt_market,3,8.0,0.6682918351132063,0.2035472700851669,0.12816089480162682
59b73df56039190001eaa9e7|lt|1,59b73df56039190001eaa9e7,lt,1,10.0,0.16666666666666666,lt_market,3,12.0,0.46013164729019995,0.44081523307752585,0.09905311963227426
59bb9e3a178f1b0001828b12|lt|1,59bb9e3a178f1b0001828b12,lt,1,9.0,0.25,lt_market,3,4.0,0.2546544133044559,0.052801129266621366,0.6925444574289227
59bb9e3a178f1b0001828b12|lt|1,59bb9e3a178f1b0001828b12,lt,1,9.0,0.25,lt_market,3,6.0,0.2873729306121163,0.027154238822804128,0.6854728305650797
59bb9e3a178f1b0001828b12|lt|1,59bb9e3a178f1b0001828b12,lt,1,9.0,0.25,lt_market,3,8.0,0.2251366853022613,0.08425407845376943,0.6906092362439693
59bb9e3a178f1b0001828b12|lt|1,59bb9e3a178f1b0001828b12,lt,1,9.0,0.25,lt_market,3,12.0,0.17792071710543314,0.2094336915213668,0.6126455913732
59d44f0a078dbe00019511a9|lt|0,59d44f0a078dbe00019511a9,lt,0,12.0,0.0,lt_control,4,4.0,0.558660691924327,0.34065656275237055,0.10068274532330242
59d44f0a078dbe00019511a9|lt|0,59d44f0a078dbe00019511a9,lt,0,12.0,0.0,lt_control,4,6.0,0.6963986685899355,0.193520220348297,0.11008111106176757
59d44f0a078dbe00019511a9|lt|0,59d44f0a078dbe00019511a9,lt,0,12.0,0.0,lt_control,4,8.0,0.4340541290144629,0.47771095228569643,0.08823491869984058
59d44f0a078dbe00019511a9|lt|0,59d44f0a078dbe00019511a9,lt,0,12.0,0.0,lt_control,4,12.0,0.21322207286148814,0.7381231557018059,0.048654771436706115
59e6585c2f63d30001c8f9b2|lt|1,59e6585c2f63d30001c8f9b2,lt,1,12.0,0.0,lt_market,1,4.0,0.4217863885520073,0.08362403817848542,0.4945895732695073
59e6585c2f63d30001c8f9b2|lt|1,59e6585c2f63d30001c8f9b2,lt,1,12.0,0.0,lt_market,1,6.0,0.4719557437340868,0.042642202044685724,0.4854020542212275
59e6585c2f63d30001c8f9b2|lt|1,59e6585c2f63d30001c8f9b2,lt,1,12.0,0.0,lt_market,1,8.0,0.3730670680706269,0.13349904239715915,0.49343388953221384
59e6585c2f63d30001c8f9b2|lt|1,59e6585c2f63d30001c8f9b2,lt,1,12.0,0.0,lt_market,1,12.0,0.27698876136268313,0.3117659971355975,0.41124524150171937
59f22a9fd6380600018b2929|kw|1,59f22a9fd6380600018b2929,kw,1,12.0,0.0,kw_market,3,4.0,0.6395013160788713,0.2384759243015463,0.1220227596195825
59f22a9fd6380600018b2929|kw|1,59f22a9fd6380600018b2929,kw,1,12.0,0.0,kw_market,3,6.0,0.7477747132767695,0.12707895817734013,0.12514632854589033
59f22a9fd6380600018b2929|kw|1,59f22a9fd6380600018b2929,kw,1,12.0,0.0,kw_market,3,8.0,0.5295807226969695,0.35644122485060925,0.11397805245242122
59f22a9fd6380600018b2929|kw|1,59f22a9fd6380600018b2929,kw,1,12.0,0.0,kw_market,3,12.0,0.2977392236810803,0.6303288330170002,0.07193194330191957
59f38493da08940001d4e599|lt|0,59f38493da08940001d4e599,lt,0,6.0,0.5,lt_control,4,4.0,0.6968665492495063,0.1911689023050412,0.11196454844545256
59f38493da08940001d4e599|lt|0,59f38493da08940001d4e599,lt,0,6.0,0.5,lt_control,4,6.0,0.7899277660422191,0.09875401929139141,0.11131821466638946
59f38493da08940001d4e599|lt|0,59f38493da08940001d4e599,lt,0,6.0,0.5,lt_control,4,8.0,0.5965315652298586,0.295361386949424,0.10810704782071744
59f38493da08940001d4e599|lt|0,59f38493da08940001d4e599,lt,0,6.0,0.5,lt_control,4,12.0,0.3622119022415662,0.5641029475043086,0.07368515025412525
59fc2094087f2e0001ead5fa|kw|0,59fc2094087f2e0001ead5fa,kw,0,6.0,0.5,kw_control,4,4.0,0.6968665492495063,0.1911689023050412,0.11196454844545256
59fc2094087f2e0001ead5fa|kw|0,59fc2094087f2e0001ead5fa,kw,0,6.0,0.5,kw_control,4,6.0,0.7899277660422191,0.09875401929139141,0.11131821466638946
59fc2094087f2e0001ead5fa|kw|0,59fc2094087f2e0001ead5fa,kw,0,6.0,0.5,kw_control,4,8.0,0.5965315652298586,0.295361386949424,0.10810704782071744
59fc2094087f2e0001ead5fa|kw|0,59fc2094087f2e0001ead5fa,kw,0,6.0,0.5,kw_control,4,12.0,0.3622119022415662,0.5641029475043086,0.07368515025412525
59ff8226ab721b0001ef6e61|lt|0,59ff8226ab721b0001ef6e61,lt,0,6.0,0.5,lt_control,3,4.0,0.6395013160788713,0.2384759243015463,0.1220227596195825
59ff8226ab721b0001ef6e61|lt|0,59ff8226ab721b0001ef6e61,lt,0,6.0,0.5,lt_control,3,6.0,0.7477747132767695,0.12707895817734013,0.12514632854589033
59ff8226ab721b0001ef6e61|lt|0,59ff8226ab721b0001ef6e61,lt,0,6.0,0.5,lt_control,3,8.0,0.5295807226969695,0.35644122485060925,0.11397805245242122
59ff8226ab721b0001ef6e61|lt|0,59ff8226ab721b0001ef6e61,lt,0,6.0,0.5,lt_control,3,12.0,0.2977392236810803,0.6303288330170002,0.07193194330191957
5a01d6877542890001aa63ad|lt|1,5a01d6877542890001aa63ad,lt,1,8.0,0.3333333333333333,lt_market,2,4.0,0.5483283547842654,0.08253657462294847,0.3691350705927861
5a01d6877542890001aa63ad|lt|1,5a01d6877542890001aa63ad,lt,1,8.0,0.3333333333333333,lt_market,2,6.0,0.6027510056242855,0.04134694752832732,0.35590204684738724
5a01d6877542890001aa63ad|lt|1,5a01d6877542890001aa63ad,lt,1,8.0,0.3333333333333333,lt_market,2,8.0,0.49236418435572293,0.13376572627928912,0.37387008936498795
5a01d6877542890001aa63ad|lt|1,5a01d6877542890001aa63ad,lt,1,8.0,0.3333333333333333,lt_market,2,12.0,0.3694238027271852,0.3156884078678759,0.31488778940493883
5a01ddf3728b1b0001ad8ad0|kw|1,5a01ddf3728b1b0001ad8ad0,kw,1,12.0,0.0,kw_market,4,4.0,0.5713387704405489,0.1792504806010861,0.24941074895836493
5a01ddf3728b1b0001ad8ad0|kw|1,5a01ddf3728b1b0001ad8ad0,kw,1,12.0,0.0,kw_market,4,6.0,0.6553668294832129,0.0937024317775948,0.2509307387391923
5a01ddf3728b1b0001ad8ad0|kw|1,5a01ddf3728b1b0001ad8ad0,kw,1,12.0,0.0,kw_market,4,8.0,0.48575366787007584,0.2750650314776108,0.23918130065231333
5a01ddf3728b1b0001ad8ad0|kw|1,5a01ddf3728b1b0001ad8ad0,kw,1,12.0,0.0,kw_market,4,12.0,0.2999535607534114,0.5342551021496968,0.1657913370968915
5a01ddf3728b1b0001ad8ad0|lt|0,5a01ddf3728b1b0001ad8ad0,lt,0,8.0,0.3333333333333333,lt_control,3,4.0,0.5991152191771398,0.2892181773880015,0.11166660343485872
5a01ddf3728b1b0001ad8ad0|lt|0,5a01ddf3728b1b0001ad8ad0,lt,0,8.0,0.3333333333333333,lt_control,3,6.0,0.7228176966811188,0.15901708292873432,0.1181652203901469
5a01ddf3728b1b0001ad8ad0|lt|0,5a01ddf3728b1b0001ad8ad0,lt,0,8.0,0.3333333333333333,lt_control,3,8.0,0.48041487877449995,0.41858565753864974,0.10099946368685034
5a01ddf3728b1b0001ad8ad0|lt|0,5a01ddf3728b1b0001ad8ad0,lt,0,8.0,0.3333333333333333,lt_control,3,12.0,0.2514724991166311,0.6891817275088895,0.059345773374479334
5a1e86ce8671dc00018fd021|lt|1,5a1e86ce8671dc00018fd021,lt,1,10.0,0.16666666666666666,lt_market,2,4.0,0.5353561100298982,0.09146678574589417,0.3731771042242076
5a1e86ce8671dc00018fd021|lt|1,5a1e86ce8671dc00018fd021,lt,1,10.0,0.16666666666666666,lt_market,2,6.0,0.5919774054330704,0.04609200046226272,0.36193059410466694
5a1e86ce8671dc00018fd021|lt|1,5a1e86ce8671dc00018fd021,lt,1,10.0,0.16666666666666666,lt_market,2,8.0,0.4774128625091339,0.14722020935868366,0.37536692813218253
5a1e86ce8671dc00018fd021|lt|1,5a1e86ce8671dc00018fd021,lt,1,10.0,0.16666666666666666,lt_market,2,12.0,0.35056505207350097,0.340030047926627,0.30940489999987214
5a21aabb2b98bc0001a67c65|kw|1,5a21aabb2b98bc0001a67c65,kw,1,8.0,0.3333333333333333,kw_market,3,4.0,0.3218465209456064,0.4549322943538711,0.2232211847005224
5a21aabb2b98bc0001a67c65|kw|1,5a21aabb2b98bc0001a67c65,kw,1,8.0,0.3333333333333333,kw_market,3,6.0,0.44395327571588267,0.28597955479580506,0.2700671694883122
5a21aabb2b98bc0001a67c65|kw|1,5a21aabb2b98bc0001a67c65,kw,1,8.0,0.3333333333333333,kw_market,3,8.0,0.23075816573732882,0.588718505992852,0.18052332826981912
5a21aabb2b98bc0001a67c65|kw|1,5a21aabb2b98bc0001a67c65,kw,1,8.0,0.3333333333333333,kw_market,3,12.0,0.10098147746682877,0.8103407752495665,0.0886777472836049
5a22d662d6fdbc00011c92ce|kw|0,5a22d662d6fdbc00011c92ce,kw,0,7.0,0.4166666666666667,kw_control,1,4.0,0.5123610570563009,0.3292019650012901,0.15843697794240902
5a22d662d6fdbc00011c92ce|kw|0,5a22d662d6fdbc00011c92ce,kw,0,7.0,0.4166666666666667,kw_control,1,6.0,0.6393721759462824,0.18721464178974315,0.17341318226397448
5a22d662d6fdbc00011c92ce|kw|0,5a22d662d6fdbc00011c92ce,kw,0,7.0,0.4166666666666667,kw_control,1,8.0,0.3986482609986703,0.4623052667384717,0.13904647226285796
5a22d662d6fdbc00011c92ce|kw|0,5a22d662d6fdbc00011c92ce,kw,0,7.0,0.4166666666666667,kw_control,1,12.0,0.19844453675993695,0.7238581635006992,0.07769729973936387
5a28bf2b8766a40001900b24|lt|1,5a28bf2b8766a40001900b24,lt,1,11.0,0.08333333333333333,lt_market,3,4.0,0.2546544133044559,0.052801129266621366,0.6925444574289227
5a28bf2b8766a40001900b24|lt|1,5a28bf2b8766a40001900b24,lt,1,11.0,0.08333333333333333,lt_market,3,6.0,0.2873729306121163,0.027154238822804128,0.6854728305650797
5a28bf2b8766a40001900b24|lt|1,5a28bf2b8766a40001900b24,lt,1,11.0,0.08333333333333333,lt_market,3,8.0,0.2251366853022613,0.08425407845376943,0.6906092362439693
5a28bf2b8766a40001900b24|lt|1,5a28bf2b8766a40001900b24,lt,1,11.0,0.08333333333333333,lt_market,3,12.0,0.17792071710543314,0.2094336915213668,0.6126455913732
5a2c51740a1e6b00016952c8|kw|0,5a2c51740a1e6b00016952c8,kw,0,12.0,0.0,kw_control,4,4.0,0.558660691924327,0.34065656275237055,0.10068274532330242
5a2c51740a1e6b00016952c8|kw|0,5a2c51740a1e6b00016952c8,kw,0,12.0,0.0,kw_control,4,6.0,0.6963986685899355,0.193520220348297,0.11008111106176757
5a2c51740a1e6b00016952c8|kw|0,5a2c51740a1e6b00016952c8,kw,0,12.0,0.0,kw_control,4,8.0,0.4340541290144629,0.47771095228569643,0.08823491869984058
5a2c51740a1e6b00016952c8|kw|0,5a2c51740a1e6b00016952c8,kw,0,12.0,0.0,kw_control,4,12.0,0.21322207286148814,0.7381231557018059,0.048654771436706115
5a36d2890006450001bf1d34|kw|1,5a36d2890006450001bf1d34,kw,1,12.0,0.0,kw_market,2,4.0,0.4001417668548717,0.28052799471561857,0.3193302384295097
5a36d2890006450001bf1d34|kw|1,5a36d2890006450001bf1d34,kw,1,12.0,0.0,kw_market,2,6.0,0.4951831160102514,0.15820781143504398,0.34660907255470474
5a36d2890006450001bf1d34|kw|1,5a36d2890006450001bf1d34,kw,1,12.0,0.0,kw_market,2,8.0,0.3159044117831512,0.39973361783917033,0.28436197037767835
5a36d2890006450001bf1d34|kw|1,5a36d2890006450001bf1d34,kw,1,12.0,0.0,kw_market,2,12.0,0.16693066077214383,0.6643951567638166,0.16867418246403978
5a4ff22bacc75b000179b0e9|lt|1,5a4ff22bacc75b000179b0e9,lt,1,7.0,0.4166666666666667,lt_market,2,4.0,0.5353561100298982,0.09146678574589417,0.3731771042242077
5a4ff22bacc75b000179b0e9|lt|1,5a4ff22bacc75b000179b0e9,lt,1,7.0,0.4166666666666667,lt_market,2,6.0,0.5919774054330703,0.04609200046226272,0.36193059410466694
5a4ff22bacc75b000179b0e9|lt|1,5a4ff22bacc75b000179b0e9,lt,1,7.0,0.4166666666666667,lt_market,2,8.0,0.47741286250913384,0.14722020935868363,0.37536692813218253
5a4ff22bacc75b000179b0e9|lt|1,5a4ff22bacc75b000179b0e9,lt,1,7.0,0.4166666666666667,lt_market,2,12.0,0.35056505207350097,0.340030047926627,0.30940489999987214
5a61207cc0d8360001078f07|kw|1,5a61207cc0d8360001078f07,kw,1,12.0,0.0,kw_market,2,4.0,0.7109567691393482,0.1438766614557014,0.1451665694049503
5a61207cc0d8360001078f07|kw|1,5a61207cc0d8360001078f07,kw,1,12.0,0.0,kw_market,2,6.0,0.7865873386490685,0.07254272782259659,0.14086993352833493
5a61207cc0d8360001078f07|kw|1,5a61207cc0d8360001078f07,kw,1,12.0,0.0,kw_market,2,8.0,0.6267359714057945,0.22892037106876448,0.14434365752544095
5a61207cc0d8360001078f07|kw|1,5a61207cc0d8360001078f07,kw,1,12.0,0.0,kw_market,2,12.0,0.41538405570604764,0.4772269972661056,0.10738894702784678
5a6d5ae19d65ec00017e9bae|lt|1,5a6d5ae19d65ec00017e9bae,lt,1,6.0,0.5,lt_market,4,4.0,0.36015072619270216,0.058265909509683564,0.5815833642976143
5a6d5ae19d65ec00017e9bae|lt|1,5a6d5ae19d65ec00017e9bae,lt,1,6.0,0.5,lt_market,4,6.0,0.40159126602600953,0.029608354153649565,0.5688003798203409
5a6d5ae19d65ec00017e9bae|lt|1,5a6d5ae19d65ec00017e9bae,lt,1,6.0,0.5,lt_market,4,8.0,0.3211870652861515,0.09378663279450476,0.5850263019193436
5a6d5ae19d65ec00017e9bae|lt|1,5a6d5ae19d65ec00017e9bae,lt,1,6.0,0.5,lt_market,4,12.0,0.2523288394351154,0.2317528849069818,0.5159182756579028
5a6df612e70ca900017ae25e|lt|1,5a6df612e70ca900017ae25e,lt,1,10.5,0.125,lt_market,2,4.0,0.3132349529818475,0.06539637658326496,0.6213686704348876
5a6df612e70ca900017ae25e|lt|1,5a6df612e70ca900017ae25e,lt,1,10.5,0.125,lt_market,2,6.0,0.35272677369250643,0.03355997795534503,0.6137132483521485
5a6df612e70ca900017ae25e|lt|1,5a6df612e70ca900017ae25e,lt,1,10.5,0.125,lt_market,2,8.0,0.2766748027265136,0.10425712353787346,0.6190680737356129
5a6df612e70ca900017ae25e|lt|1,5a6df612e70ca900017ae25e,lt,1,10.5,0.125,lt_market,2,12.0,0.21290452981136437,0.25234598174912815,0.5347494884395073
5a78e410ae9a0b0001a97274|kw|1,5a78e410ae9a0b0001a97274,kw,1,12.0,0.0,kw_market,4,4.0,0.696866549249506,0.19116890230504152,0.1119645484454525
5a78e410ae9a0b0001a97274|kw|1,5a78e410ae9a0b0001a97274,kw,1,12.0,0.0,kw_market,4,6.0,0.789927766042219,0.09875401929139162,0.1113182146663894
5a78e410ae9a0b0001a97274|kw|1,5a78e410ae9a0b0001a97274,kw,1,12.0,0.0,kw_market,4,8.0,0.5965315652298582,0.2953613869494245,0.10810704782071738
5a78e410ae9a0b0001a97274|kw|1,5a78e410ae9a0b0001a97274,kw,1,12.0,0.0,kw_market,4,12.0,0.36221190224156563,0.5641029475043091,0.07368515025412516
5a8351038fe2dc000105efb4|lt|0,5a8351038fe2dc000105efb4,lt,0,4.0,0.6666666666666666,lt_control,4,4.0,0.7967830643922639,0.0863610139892806,0.11685592161845557
5a8351038fe2dc000105efb4|lt|0,5a8351038fe2dc000105efb4,lt,0,4.0,0.6666666666666666,lt_control,4,6.0,0.8488753979574292,0.04192966165494564,0.10919494038762523
5a8351038fe2dc000105efb4|lt|0,5a8351038fe2dc000105efb4,lt,0,4.0,0.6666666666666666,lt_control,4,8.0,0.734725594349773,0.14373266181188782,0.12154174383833914
5a8351038fe2dc000105efb4|lt|0,5a8351038fe2dc000105efb4,lt,0,4.0,0.6666666666666666,lt_control,4,12.0,0.5552408647390824,0.3416544516522735,0.10310468360864405
5a86357bae9a0b0001a9f14e|kw|0,5a86357bae9a0b0001a9f14e,kw,0,6.5,0.4583333333333333,kw_control,4,4.0,0.7967830643922639,0.0863610139892806,0.11685592161845557
5a86357bae9a0b0001a9f14e|kw|0,5a86357bae9a0b0001a9f14e,kw,0,6.5,0.4583333333333333,kw_control,4,6.0,0.8488753979574292,0.04192966165494564,0.10919494038762523
5a86357bae9a0b0001a9f14e|kw|0,5a86357bae9a0b0001a9f14e,kw,0,6.5,0.4583333333333333,kw_control,4,8.0,0.734725594349773,0.14373266181188782,0.12154174383833914
5a86357bae9a0b0001a9f14e|kw|0,5a86357bae9a0b0001a9f14e,kw,0,6.5,0.4583333333333333,kw_control,4,12.0,0.5552408647390824,0.3416544516522735,0.10310468360864405
5a8b1ee2000dab00018cc7cd|kw|0,5a8b1ee2000dab00018cc7cd,kw,0,9.0,0.25,kw_control,4,4.0,0.6968665492495063,0.1911689023050412,0.11196454844545256
5a8b1ee2000dab00018cc7cd|kw|0,5a8b1ee2000dab00018cc7cd,kw,0,9.0,0.25,kw_control,4,6.0,0.7899277660422191,0.09875401929139141,0.11131821466638946
5a8b1ee2000dab00018cc7cd|kw|0,5a8b1ee2000dab00018cc7cd,kw,0,9.0,0.25,kw_control,4,8.0,0.5965315652298586,0.295361386949424,0.10810704782071744
5a8b1ee2000dab00018cc7cd|kw|0,5a8b1ee2000dab00018cc7cd,kw,0,9.0,0.25,kw_control,4,12.0,0.3622119022415662,0.5641029475043086,0.07368515025412525
5a8b1ee2000dab00018cc7cd|lt|1,5a8b1ee2000dab00018cc7cd,lt,1,12.0,0.0,lt_market,3,4.0,0.6105873887929046,0.08844908194233575,0.3009635292647596
5a8b1ee2000dab00018cc7cd|lt|1,5a8b1ee2000dab00018cc7cd,lt,1,12.0,0.0,lt_market,3,6.0,0.6674034736675774,0.04405890859053267,0.2885376177418901
5a8b1ee2000dab00018cc7cd|lt|1,5a8b1ee2000dab00018cc7cd,lt,1,12.0,0.0,lt_market,3,8.0,0.550227127617679,0.14386003419033044,0.3059128381919906
5a8b1ee2000dab00018cc7cd|lt|1,5a8b1ee2000dab00018cc7cd,lt,1,12.0,0.0,lt_market,3,12.0,0.4087506524873526,0.33614912260120056,0.25510022491144685
5a9ac3061eda410001366658|kw|1,5a9ac3061eda410001366658,kw,1,6.0,0.5,kw_market,4,4.0,0.42556696638651054,0.161775867593433,0.4126571660200565
5a9ac3061eda410001366658|kw|1,5a9ac3061eda410001366658,kw,1,6.0,0.5,kw_market,4,6.0,0.494137214892386,0.08560382366663097,0.42025896144098307
5a9ac3061eda410001366658|kw|1,5a9ac3061eda410001366658,kw,1,6.0,0.5,kw_market,4,8.0,0.35973163239707345,0.2468181642258094,0.39345020337711717
5a9ac3061eda410001366658|kw|1,5a9ac3061eda410001366658,kw,1,6.0,0.5,kw_market,4,12.0,0.22800569444991042,0.4920616803254351,0.2799326252246543
5aa50441b5e2110001c72b89|kw|1,5aa50441b5e2110001c72b89,kw,1,12.0,0.0,kw_market,2,4.0,0.32054736603081363,0.08353495488897296,0.5959176790802134
5aa50441b5e2110001c72b89|kw|1,5aa50441b5e2110001c72b89,kw,1,12.0,0.0,kw_market,2,6.0,0.3637235117598354,0.04319636258952675,0.5930801256506377
5aa50441b5e2110001c72b89|kw|1,5aa50441b5e2110001c72b89,kw,1,12.0,0.0,kw_market,2,8.0,0.28032506469249974,0.1318531841623393,0.587821751145161
5aa50441b5e2110001c72b89|kw|1,5aa50441b5e2110001c72b89,kw,1,12.0,0.0,kw_market,2,12.0,0.20689705542291073,0.3060964996220178,0.48700644495507156
5ac6e74f9534ba0001c756d5|lt|0,5ac6e74f9534ba0001c756d5,lt,0,6.0,0.5,lt_control,3,4.0,0.6562393468547034,0.2190476107815082,0.12471304236378847
5ac6e74f9534ba0001c756d5|lt|0,5ac6e74f9534ba0001c756d5,lt,0,6.0,0.5,lt_control,3,6.0,0.758264060438182,0.1153443959489603,0.1263915436128578
5ac6e74f9534ba0001c756d5|lt|0,5ac6e74f9534ba0001c756d5,lt,0,6.0,0.5,lt_control,3,8.0,0.5504126348226516,0.3316021289999801,0.11798523617736828
5ac6e74f9534ba0001c756d5|lt|0,5ac6e74f9534ba0001c756d5,lt,0,6.0,0.5,lt_control,3,12.0,0.318918147754441,0.6043430206738475,0.07673883157171162
5ac70920a3ba7a0001b4ba8c|lt|1,5ac70920a3ba7a0001b4ba8c,lt,1,9.0,0.25,lt_market,3,4.0,0.6395013160788713,0.2384759243015463,0.1220227596195825
5ac70920a3ba7a0001b4ba8c|lt|1,5ac70920a3ba7a0001b4ba8c,lt,1,9.0,0.25,lt_market,3,6.0,0.7477747132767695,0.12707895817734013,0.12514632854589033
5ac70920a3ba7a0001b4ba8c|lt|1,5ac70920a3ba7a0001b4ba8c,lt,1,9.0,0.25,lt_market,3,8.0,0.5295807226969695,0.35644122485060925,0.11397805245242122
5ac70920a3ba7a0001b4ba8c|lt|1,5ac70920a3ba7a0001b4ba8c,lt,1,9.0,0.25,lt_market,3,12.0,0.2977392236810803,0.6303288330170002,0.07193194330191957
5acddd6cfa3b4e000173db88|kw|0,5acddd6cfa3b4e000173db88,kw,0,6.0,0.5,kw_control,4,4.0,0.6968665492495063,0.1911689023050412,0.11196454844545256
5acddd6cfa3b4e000173db88|kw|0,5acddd6cfa3b4e000173db88,kw,0,6.0,0.5,kw_control,4,6.0,0.7899277660422191,0.09875401929139141,0.11131821466638946
5acddd6cfa3b4e000173db88|kw|0,5acddd6cfa3b4e000173db88,kw,0,6.0,0.5,kw_control,4,8.0,0.5965315652298586,0.295361386949424,0.10810704782071744
5acddd6cfa3b4e000173db88|kw|0,5acddd6cfa3b4e000173db88,kw,0,6.0,0.5,kw_control,4,12.0,0.3622119022415662,0.5641029475043086,0.07368515025412525
5ad0422dfb109b0001a30f35|kw|1,5ad0422dfb109b0001a30f35,kw,1,12.0,0.0,kw_market,1,4.0,0.6405229171721862,0.19360787262979268,0.1658692101980212
5ad0422dfb109b0001a30f35|kw|1,5ad0422dfb109b0001a30f35,kw,1,12.0,0.0,kw_market,1,6.0,0.7326644629278752,0.10092371760092787,0.1664118194711969
5ad0422dfb109b0001a30f35|kw|1,5ad0422dfb109b0001a30f35,kw,1,12.0,0.0,kw_market,1,8.0,0.5441730175719791,0.29687799283054517,0.1589489895974758
5ad0422dfb109b0001a30f35|kw|1,5ad0422dfb109b0001a30f35,kw,1,12.0,0.0,kw_market,1,12.0,0.32852824989110146,0.5637532827453073,0.10771846736359103
5af3c4e197a14300017d3f49|lt|1,5af3c4e197a14300017d3f49,lt,1,10.5,0.125,lt_market,3,4.0,0.5067670664300863,0.19930708699039099,0.29392584657952275
5af3c4e197a14300017d3f49|lt|1,5af3c4e197a14300017d3f49,lt,1,10.5,0.125,lt_market,3,6.0,0.5924347220279396,0.10618291289309353,0.30138236507896676
5af3c4e197a14300017d3f49|lt|1,5af3c4e197a14300017d3f49,lt,1,10.5,0.125,lt_market,3,8.0,0.42300047491941145,0.30026718644371525,0.27673233863687335
5af3c4e197a14300017d3f49|lt|1,5af3c4e197a14300017d3f49,lt,1,10.5,0.125,lt_market,3,12.0,0.252071199119797,0.5628149295830343,0.18511387129716877
5b06efd1732c5d000154de23|lt|1,5b06efd1732c5d000154de23,lt,1,12.0,0.0,lt_market,3,4.0,0.26999555363670696,0.6623100889886537,0.06769435737463939
5b06efd1732c5d000154de23|lt|1,5b06efd1732c5d000154de23,lt,1,12.0,0.0,lt_market,3,6.0,0.4277501259663467,0.4781836000116963,0.09406627402195698
5b06efd1732c5d000154de23|lt|1,5b06efd1732c5d000154de23,lt,1,12.0,0.0,lt_market,3,8.0,0.17512238509158115,0.7753523069069855,0.04952530800143325
5b06efd1732c5d000154de23|lt|1,5b06efd1732c5d000154de23,lt,1,12.0,0.0,lt_market,3,12.0,0.06560104346562534,0.9135735759587145,0.020825380575660343
5b0739faa84dcf0001bef230|kw|1,5b0739faa84dcf0001bef230,kw,1,12.0,0.0,kw_market,4,4.0,0.21742630456476736,0.043251203599202176,0.7393224918360306
5b0739faa84dcf0001bef230|kw|1,5b0739faa84dcf0001bef230,kw,1,12.0,0.0,kw_market,4,6.0,0.24551442514523106,0.02225680904362583,0.732228765811143
5b0739faa84dcf0001bef230|kw|1,5b0739faa84dcf0001bef230,kw,1,12.0,0.0,kw_market,4,8.0,0.1925133851249793,0.06911935948406119,0.7383672553909594
5b0739faa84dcf0001bef230|kw|1,5b0739faa84dcf0001bef230,kw,1,12.0,0.0,kw_market,4,12.0,0.15540837485405848,0.17550462089907573,0.6690870042468657
5b12dd2630d562000155d420|kw|1,5b12dd2630d562000155d420,kw,1,12.0,0.0,kw_market,4,4.0,0.558660691924327,0.34065656275237055,0.10068274532330242
5b12dd2630d562000155d420|kw|1,5b12dd2630d562000155d420,kw,1,12.0,0.0,kw_market,4,6.0,0.6963986685899355,0.193520220348297,0.11008111106176757
5b12dd2630d562000155d420|kw|1,5b12dd2630d562000155d420,kw,1,12.0,0.0,kw_market,4,8.0,0.4340541290144629,0.47771095228569643,0.08823491869984058
5b12dd2630d562000155d420|kw|1,5b12dd2630d562000155d420,kw,1,12.0,0.0,kw_market,4,12.0,0.21322207286148814,0.7381231557018059,0.048654771436706115
5b14265d30d562000155ea04|kw|1,5b14265d30d562000155ea04,kw,1,9.0,0.25,kw_market,2,4.0,0.32001355681174104,0.060614883329888375,0.6193715598583707
5b14265d30d562000155ea04|kw|1,5b14265d30d562000155ea04,kw,1,9.0,0.25,kw_market,2,6.0,0.3592080364698608,0.03100678328077691,0.6097851802493621
5b14265d30d562000155ea04|kw|1,5b14265d30d562000155ea04,kw,1,9.0,0.25,kw_market,2,8.0,0.28369063316493354,0.09698588980784723,0.6193234770272192
5b14265d30d562000155ea04|kw|1,5b14265d30d562000155ea04,kw,1,9.0,0.25,kw_market,2,12.0,0.2209502909200012,0.2375929216819172,0.5414567873980813
5b15fd2b9663ee000146499e|kw|0,5b15fd2b9663ee000146499e,kw,0,6.0,0.5,kw_control,4,4.0,0.571338770440549,0.17925048060108617,0.24941074895836488
5b15fd2b9663ee000146499e|kw|0,5b15fd2b9663ee000146499e,kw,0,6.0,0.5,kw_control,4,6.0,0.6553668294832129,0.0937024317775948,0.25093073873919225
5b15fd2b9663ee000146499e|kw|0,5b15fd2b9663ee000146499e,kw,0,6.0,0.5,kw_control,4,8.0,0.48575366787007584,0.2750650314776108,0.23918130065231333
5b15fd2b9663ee000146499e|kw|0,5b15fd2b9663ee000146499e,kw,0,6.0,0.5,kw_control,4,12.0,0.29995356075341145,0.5342551021496972,0.1657913370968915
5b1ac052ea64a000017c389e|kw|0,5b1ac052ea64a000017c389e,kw,0,6.0,0.5,kw_control,4,4.0,0.558660691924327,0.34065656275237055,0.10068274532330242
5b1ac052ea64a000017c389e|kw|0,5b1ac052ea64a000017c389e,kw,0,6.0,0.5,kw_control,4,6.0,0.6963986685899355,0.193520220348297,0.11008111106176757
5b1ac052ea64a000017c389e|kw|0,5b1ac052ea64a000017c389e,kw,0,6.0,0.5,kw_control,4,8.0,0.4340541290144629,0.47771095228569643,0.08823491869984058
5b1ac052ea64a000017c389e|kw|0,5b1ac052ea64a000017c389e,kw,0,6.0,0.5,kw_control,4,12.0,0.21322207286148814,0.7381231557018059,0.048654771436706115
5b25b16e34ffd00001b43e24|kw|0,5b25b16e34ffd00001b43e24,kw,0,10.0,0.16666666666666666,kw_control,4,4.0,0.558660691924327,0.34065656275237055,0.10068274532330242
5b25b16e34ffd00001b43e24|kw|0,5b25b16e34ffd00001b43e24,kw,0,10.0,0.16666666666666666,kw_control,4,6.0,0.6963986685899355,0.193520220348297,0.11008111106176757
5b25b16e34ffd00001b43e24|kw|0,5b25b16e34ffd00001b43e24,kw,0,10.0,0.16666666666666666,kw_control,4,8.0,0.4340541290144629,0.47771095228569643,0.08823491869984058
5b25b16e34ffd00001b43e24|kw|0,5b25b16e34ffd00001b43e24,kw,0,10.0,0.16666666666666666,kw_control,4,12.0,0.21322207286148814,0.7381231557018059,0.048654771436706115
5b35824a975e260001e9b7a6|lt|1,5b35824a975e260001e9b7a6,lt,1,8.0,0.3333333333333333,lt_market,1,4.0,0.4554467860866765,0.4126105785648386,0.1319426353484848
5b35824a975e260001e9b7a6|lt|1,5b35824a975e260001e9b7a6,lt,1,8.0,0.3333333333333333,lt_market,1,6.0,0.599896467930663,0.2476730737552811,0.1524304583140559
5b35824a975e260001e9b7a6|lt|1,5b35824a975e260001e9b7a6,lt,1,8.0,0.3333333333333333,lt_market,1,8.0,0.33762022394749114,0.5520568860680827,0.11032288998442608
5b35824a975e260001e9b7a6|lt|1,5b35824a975e260001e9b7a6,lt,1,8.0,0.3333333333333333,lt_market,1,12.0,0.1536104876465857,0.7900445981566485,0.05634491419676593
5b52f4933234ab00014ca442|lt|1,5b52f4933234ab00014ca442,lt,1,6.0,0.5,lt_market,4,4.0,0.696866549249506,0.19116890230504152,0.1119645484454525
5b52f4933234ab00014ca442|lt|1,5b52f4933234ab00014ca442,lt,1,6.0,0.5,lt_market,4,6.0,0.789927766042219,0.09875401929139162,0.1113182146663894
5b52f4933234ab00014ca442|lt|1,5b52f4933234ab00014ca442,lt,1,6.0,0.5,lt_market,4,8.0,0.5965315652298582,0.2953613869494245,0.10810704782071738
5b52f4933234ab00014ca442|lt|1,5b52f4933234ab00014ca442,lt,1,6.0,0.5,lt_market,4,12.0,0.36221190224156563,0.5641029475043091,0.07368515025412516
5b52fb6cb3c9400001f23bb5|kw|1,5b52fb6cb3c9400001f23bb5,kw,1,10.0,0.16666666666666666,kw_market,4,4.0,0.36015072619270216,0.058265909509683564,0.5815833642976143
5b52fb6cb3c9400001f23bb5|kw|1,5b52fb6cb3c9400001f23bb5,kw,1,10.0,0.16666666666666666,kw_market,4,6.0,0.40159126602600953,0.029608354153649565,0.5688003798203409
5b52fb6cb3c9400001f23bb5|kw|1,5b52fb6cb3c9400001f23bb5,kw,1,10.0,0.16666666666666666,kw_market,4,8.0,0.3211870652861515,0.09378663279450476,0.5850263019193436
5b52fb6cb3c9400001f23bb5|kw|1,5b52fb6cb3c9400001f23bb5,kw,1,10.0,0.16666666666666666,kw_market,4,12.0,0.2523288394351154,0.2317528849069818,0.5159182756579028
5b55f0867c0c5e0001635ee3|kw|1,5b55f0867c0c5e0001635ee3,kw,1,6.0,0.5,kw_market,4,4.0,0.7967830643922639,0.0863610139892806,0.11685592161845557
5b55f0867c0c5e0001635ee3|kw|1,5b55f0867c0c5e0001635ee3,kw,1,6.0,0.5,kw_market,4,6.0,0.8488753979574292,0.04192966165494564,0.10919494038762523
5b55f0867c0c5e0001635ee3|kw|1,5b55f0867c0c5e0001635ee3,kw,1,6.0,0.5,kw_market,4,8.0,0.734725594349773,0.14373266181188782,0.12154174383833914
5b55f0867c0c5e0001635ee3|kw|1,5b55f0867c0c5e0001635ee3,kw,1,6.0,0.5,kw_market,4,12.0,0.5552408647390824,0.3416544516522735,0.10310468360864405
5b62baa92783fc0001132bef|kw|1,5b62baa92783fc0001132bef,kw,1,12.0,0.0,kw_market,3,4.0,0.24939403524112835,0.6893169842730072,0.06128898048586439
5b62baa92783fc0001132bef|kw|1,5b62baa92783fc0001132bef,kw,1,12.0,0.0,kw_market,3,6.0,0.4040162045133804,0.5088988554014028,0.08708494008521685
5b62baa92783fc0001132bef|kw|1,5b62baa92783fc0001132bef,kw,1,12.0,0.0,kw_market,3,8.0,0.15959463983206776,0.7961664621950535,0.0442388979728788
5b62baa92783fc0001132bef|kw|1,5b62baa92783fc0001132bef,kw,1,12.0,0.0,kw_market,3,12.0,0.058814769384417265,0.9228844727509813,0.018300757864601315
5b6e9435885b0b0001bb034b|kw|0,5b6e9435885b0b0001bb034b,kw,0,9.5,0.20833333333333334,kw_control,4,4.0,0.6968665492495063,0.1911689023050412,0.11196454844545256
5b6e9435885b0b0001bb034b|kw|0,5b6e9435885b0b0001bb034b,kw,0,9.5,0.20833333333333334,kw_control,4,6.0,0.7899277660422191,0.09875401929139141,0.11131821466638946
5b6e9435885b0b0001bb034b|kw|0,5b6e9435885b0b0001bb034b,kw,0,9.5,0.20833333333333334,kw_control,4,8.0,0.5965315652298586,0.295361386949424,0.10810704782071744
5b6e9435885b0b0001bb034b|kw|0,5b6e9435885b0b0001bb034b,kw,0,9.5,0.20833333333333334,kw_control,4,12.0,0.3622119022415662,0.5641029475043086,0.07368515025412525
5b6ee328bbc37000016a2e5c|lt|1,5b6ee328bbc37000016a2e5c,lt,1,10.5,0.125,lt_market,2,4.0,0.7504580933423489,0.09674504324378068,0.15279686341387036
5b6ee328bbc37000016a2e5c|lt|1,5b6ee328bbc37000016a2e5c,lt,1,10.5,0.125,lt_market,2,6.0,0.808191510624039,0.04748061485650469,0.1443278745194563
5b6ee328bbc37000016a2e5c|lt|1,5b6ee328bbc37000016a2e5c,lt,1,10.5,0.125,lt_market,2,8.0,0.6838384327024106,0.1591140183791623,0.15704754891842704
5b6ee328bbc37000016a2e5c|lt|1,5b6ee328bbc37000016a2e5c,lt,1,10.5,0.125,lt_market,2,12.0,0.5025987454142434,0.367833857151942,0.12956739743381457
5b75532d2aef0d0001c22f5c|lt|1,5b75532d2aef0d0001c22f5c,lt,1,8.0,0.3333333333333333,lt_market,3,4.0,0.3455891137054505,0.40374551005558423,0.25066537623896534
5b75532d2aef0d0001c22f5c|lt|1,5b75532d2aef0d0001c22f5c,lt,1,8.0,0.3333333333333333,lt_market,3,6.0,0.4611281100867544,0.24550990722888938,0.2933619826843563
5b75532d2aef0d0001c22f5c|lt|1,5b75532d2aef0d0001c22f5c,lt,1,8.0,0.3333333333333333,lt_market,3,8.0,0.2546626978682473,0.5369893211446062,0.20834798098714655
5b75532d2aef0d0001c22f5c|lt|1,5b75532d2aef0d0001c22f5c,lt,1,8.0,0.3333333333333333,lt_market,3,12.0,0.11694740971967063,0.775650868101121,0.10740172217920835
5b8011a80a67ca0001cc3f9b|kw|1,5b8011a80a67ca0001cc3f9b,kw,1,10.0,0.16666666666666666,kw_market,2,4.0,0.42800752372253126,0.20491353246790536,0.36707894380956346
5b8011a80a67ca0001cc3f9b|kw|1,5b8011a80a67ca0001cc3f9b,kw,1,10.0,0.16666666666666666,kw_market,2,6.0,0.5075056721374799,0.11072862573998182,0.38176570212253835
5b8011a80a67ca0001cc3f9b|kw|1,5b8011a80a67ca0001cc3f9b,kw,1,10.0,0.16666666666666666,kw_market,2,8.0,0.3531700588691366,0.3051797942138423,0.3416501469170212
5b8011a80a67ca0001cc3f9b|kw|1,5b8011a80a67ca0001cc3f9b,kw,1,10.0,0.16666666666666666,kw_market,2,12.0,0.2081642982867776,0.5657877070762855,0.22604799463693684
5ba9875fc16a9c000149a54e|lt|1,5ba9875fc16a9c000149a54e,lt,1,12.0,0.0,lt_market,2,4.0,0.5483283547842654,0.08253657462294847,0.3691350705927861
5ba9875fc16a9c000149a54e|lt|1,5ba9875fc16a9c000149a54e,lt,1,12.0,0.0,lt_market,2,6.0,0.6027510056242855,0.04134694752832732,0.35590204684738724
5ba9875fc16a9c000149a54e|lt|1,5ba9875fc16a9c000149a54e,lt,1,12.0,0.0,lt_market,2,8.0,0.49236418435572293,0.13376572627928912,0.37387008936498795
5ba9875fc16a9c000149a54e|lt|1,5ba9875fc16a9c000149a54e,lt,1,12.0,0.0,lt_market,2,12.0,0.3694238027271852,0.3156884078678759,0.31488778940493883
5baac103748f990001a1101e|kw|0,5baac103748f990001a1101e,kw,0,12.0,0.0,kw_control,3,4.0,0.6562393468547034,0.2190476107815082,0.12471304236378847
5baac103748f990001a1101e|kw|0,5baac103748f990001a1101e,kw,0,12.0,0.0,kw_control,3,6.0,0.758264060438182,0.1153443959489603,0.1263915436128578
5baac103748f990001a1101e|kw|0,5baac103748f990001a1101e,kw,0,12.0,0.0,kw_control,3,8.0,0.5504126348226516,0.3316021289999801,0.11798523617736828
5baac103748f990001a1101e|kw|0,5baac103748f990001a1101e,kw,0,12.0,0.0,kw_control,3,12.0,0.318918147754441,0.6043430206738475,0.07673883157171162
5bb3e443951bd40001f1e0fd|kw|0,5bb3e443951bd40001f1e0fd,kw,0,10.0,0.16666666666666666,kw_control,3,4.0,0.7469537774739156,0.1260492290024411,0.12699699352364338
5bb3e443951bd40001f1e0fd|kw|0,5bb3e443951bd40001f1e0fd,kw,0,10.0,0.16666666666666666,kw_control,3,6.0,0.8156423500109986,0.06272577061652274,0.12163187937247864
5bb3e443951bd40001f1e0fd|kw|0,5bb3e443951bd40001f1e0fd,kw,0,10.0,0.16666666666666666,kw_control,3,8.0,0.6682918351132063,0.2035472700851669,0.12816089480162682
5bb3e443951bd40001f1e0fd|kw|0,5bb3e443951bd40001f1e0fd,kw,0,10.0,0.16666666666666666,kw_control,3,12.0,0.46013164729019995,0.44081523307752585,0.09905311963227426
5bb3e443951bd40001f1e0fd|lt|1,5bb3e443951bd40001f1e0fd,lt,1,10.0,0.16666666666666666,lt_market,4,4.0,0.2825048859819502,0.1384234588173259,0.5790716552007239
5bb3e443951bd40001f1e0fd|lt|1,5bb3e443951bd40001f1e0fd,lt,1,10.0,0.16666666666666666,lt_market,4,6.0,0.3309997034000544,0.07391134588732341,0.5950889507126221
5bb3e443951bd40001f1e0fd|lt|1,5bb3e443951bd40001f1e0fd,lt,1,10.0,0.16666666666666666,lt_market,4,8.0,0.23829844938565076,0.21074516084945918,0.55095638976489
5bb3e443951bd40001f1e0fd|lt|1,5bb3e443951bd40001f1e0fd,lt,1,10.0,0.16666666666666666,lt_market,4,12.0,0.15681256550726025,0.4362069864522753,0.4069804480404646
5bb9807fe04fca0001436211|lt|1,5bb9807fe04fca0001436211,lt,1,6.0,0.5,lt_market,4,4.0,0.5713387704405489,0.1792504806010861,0.24941074895836493
5bb9807fe04fca0001436211|lt|1,5bb9807fe04fca0001436211,lt,1,6.0,0.5,lt_market,4,6.0,0.6553668294832129,0.0937024317775948,0.2509307387391923
5bb9807fe04fca0001436211|lt|1,5bb9807fe04fca0001436211,lt,1,6.0,0.5,lt_market,4,8.0,0.48575366787007584,0.2750650314776108,0.23918130065231333
5bb9807fe04fca0001436211|lt|1,5bb9807fe04fca0001436211,lt,1,6.0,0.5,lt_market,4,12.0,0.2999535607534114,0.5342551021496968,0.1657913370968915
5bba3eecccb6f40001851cb3|kw|0,5bba3eecccb6f40001851cb3,kw,0,6.0,0.5,kw_control,3,4.0,0.7469537774739156,0.1260492290024411,0.12699699352364338
5bba3eecccb6f40001851cb3|kw|0,5bba3eecccb6f40001851cb3,kw,0,6.0,0.5,kw_control,3,6.0,0.8156423500109986,0.06272577061652274,0.12163187937247864
5bba3eecccb6f40001851cb3|kw|0,5bba3eecccb6f40001851cb3,kw,0,6.0,0.5,kw_control,3,8.0,0.6682918351132063,0.2035472700851669,0.12816089480162682
5bba3eecccb6f40001851cb3|kw|0,5bba3eecccb6f40001851cb3,kw,0,6.0,0.5,kw_control,3,12.0,0.46013164729019995,0.44081523307752585,0.09905311963227426
5bc913d99427200001dd47f5|lt|0,5bc913d99427200001dd47f5,lt,0,6.0,0.5,lt_control,3,4.0,0.5128373469688556,0.3762171761757544,0.11094547685538997
5bc913d99427200001dd47f5|lt|0,5bc913d99427200001dd47f5,lt,0,6.0,0.5,lt_control,3,6.0,0.6561397698914193,0.21935882397864162,0.12450140612993907
5bc913d99427200001dd47f5|lt|0,5bc913d99427200001dd47f5,lt,0,6.0,0.5,lt_control,3,8.0,0.3893946279892757,0.5155865644236287,0.09501880758709573
5bc913d99427200001dd47f5|lt|0,5bc913d99427200001dd47f5,lt,0,6.0,0.5,lt_control,3,12.0,0.18386926983903348,0.7657661231684124,0.05036460699255399
5bc913d99427200001dd47f5|lt|1,5bc913d99427200001dd47f5,lt,1,9.5,0.20833333333333334,lt_market,1,4.0,0.4210450142880932,0.4592488024107363,0.11970618330117044
5bc913d99427200001dd47f5|lt|1,5bc913d99427200001dd47f5,lt,1,9.5,0.20833333333333334,lt_market,1,6.0,0.5725942893215868,0.2846205727639184,0.1427851379144948
5bc913d99427200001dd47f5|lt|1,5bc913d99427200001dd47f5,lt,1,9.5,0.20833333333333334,lt_market,1,8.0,0.3040113498375792,0.598496978645627,0.0974916715167939
5bc913d99427200001dd47f5|lt|1,5bc913d99427200001dd47f5,lt,1,9.5,0.20833333333333334,lt_market,1,12.0,0.13241151806855378,0.8199234200488826,0.047665061882563586
5bce2c5253de59000184642a|kw|0,5bce2c5253de59000184642a,kw,0,6.0,0.5,kw_control,4,4.0,0.6968665492495063,0.1911689023050412,0.11196454844545256
5bce2c5253de59000184642a|kw|0,5bce2c5253de59000184642a,kw,0,6.0,0.5,kw_control,4,6.0,0.7899277660422191,0.09875401929139141,0.11131821466638946
5bce2c5253de59000184642a|kw|0,5bce2c5253de59000184642a,kw,0,6.0,0.5,kw_control,4,8.0,0.5965315652298586,0.295361386949424,0.10810704782071744
5bce2c5253de59000184642a|kw|0,5bce2c5253de59000184642a,kw,0,6.0,0.5,kw_control,4,12.0,0.3622119022415662,0.5641029475043086,0.07368515025412525
5bd4c1d09afb5b00015c5bdd|lt|0,5bd4c1d09afb5b00015c5bdd,lt,0,6.0,0.5,lt_control,4,4.0,0.7967830643922639,0.0863610139892806,0.11685592161845557
5bd4c1d09afb5b00015c5bdd|lt|0,5bd4c1d09afb5b00015c5bdd,lt,0,6.0,0.5,lt_control,4,6.0,0.8488753979574292,0.04192966165494564,0.10919494038762523
5bd4c1d09afb5b00015c5bdd|lt|0,5bd4c1d09afb5b00015c5bdd,lt,0,6.0,0.5,lt_control,4,8.0,0.734725594349773,0.14373266181188782,0.12154174383833914
5bd4c1d09afb5b00015c5bdd|lt|0,5bd4c1d09afb5b00015c5bdd,lt,0,6.0,0.5,lt_control,4,12.0,0.5552408647390824,0.3416544516522735,0.10310468360864405
5bd6b1636546650001036115|lt|0,5bd6b1636546650001036115,lt,0,12.0,0.0,lt_control,3,4.0,0.7794878676417544,0.08926461924698191,0.1312475131112637
5bd6b1636546650001036115|lt|0,5bd6b1636546650001036115,lt,0,12.0,0.0,lt_control,3,6.0,0.8334231996217707,0.04349460138503271,0.12308219899319657
5bd6b1636546650001036115|lt|0,5bd6b1636546650001036115,lt,0,12.0,0.0,lt_control,3,8.0,0.7160185716312878,0.14799496661812256,0.13598646175058957
5bd6b1636546650001036115|lt|0,5bd6b1636546650001036115,lt,0,12.0,0.0,lt_control,3,12.0,0.5366772379996384,0.34890821623715873,0.11441454576320284
5bf08e67d63d690001360a79|lt|1,5bf08e67d63d690001360a79,lt,1,12.0,0.0,lt_market,3,4.0,0.4590211389134735,0.4416980374481885,0.09928082363833797
5bf08e67d63d690001360a79|lt|1,5bf08e67d63d690001360a79,lt,1,12.0,0.0,lt_market,3,6.0,0.6141642285529435,0.2693252513060585,0.11651052014099801
5bf08e67d63d690001360a79|lt|1,5bf08e67d63d690001360a79,lt,1,12.0,0.0,lt_market,3,8.0,0.3354866394421057,0.582667338095067,0.08184602246282723
5bf08e67d63d690001360a79|lt|1,5bf08e67d63d690001360a79,lt,1,12.0,0.0,lt_market,3,12.0,0.14844011946848776,0.8109089658498542,0.04065091468165803
5bf1c9d332cb3b0001f6f1c3|lt|1,5bf1c9d332cb3b0001f6f1c3,lt,1,10.0,0.16666666666666666,lt_market,1,4.0,0.42742253806678665,0.11139198223746997,0.4611854796957434
5bf1c9d332cb3b0001f6f1c3|lt|1,5bf1c9d332cb3b0001f6f1c3,lt,1,10.0,0.16666666666666666,lt_market,1,6.0,0.4842266969404945,0.05751021826820146,0.458263084791304
5bf1c9d332cb3b0001f6f1c3|lt|1,5bf1c9d332cb3b0001f6f1c3,lt,1,10.0,0.16666666666666666,lt_market,1,8.0,0.3721028797663699,0.1750298843780177,0.45286723585561234
5bf1c9d332cb3b0001f6f1c3|lt|1,5bf1c9d332cb3b0001f6f1c3,lt,1,10.0,0.16666666666666666,lt_market,1,12.0,0.26003054999247305,0.38472367418170433,0.35524577582582256
5bfd2d6b8acfed00011a5c89|kw|1,5bfd2d6b8acfed00011a5c89,kw,1,12.0,0.0,kw_market,4,4.0,0.21742630456476736,0.043251203599202176,0.7393224918360306
5bfd2d6b8acfed00011a5c89|kw|1,5bfd2d6b8acfed00011a5c89,kw,1,12.0,0.0,kw_market,4,6.0,0.24551442514523106,0.02225680904362583,0.732228765811143
5bfd2d6b8acfed00011a5c89|kw|1,5bfd2d6b8acfed00011a5c89,kw,1,12.0,0.0,kw_market,4,8.0,0.1925133851249793,0.06911935948406119,0.7383672553909594
5bfd2d6b8acfed00011a5c89|kw|1,5bfd2d6b8acfed00011a5c89,kw,1,12.0,0.0,kw_market,4,12.0,0.15540837485405848,0.17550462089907573,0.6690870042468657
5bfd81fb2feab400014d9060|kw|0,5bfd81fb2feab400014d9060,kw,0,6.0,0.5,kw_control,4,4.0,0.6968665492495063,0.1911689023050412,0.11196454844545256
5bfd81fb2feab400014d9060|kw|0,5bfd81fb2feab400014d9060,kw,0,6.0,0.5,kw_control,4,6.0,0.7899277660422191,0.09875401929139141,0.11131821466638946
5bfd81fb2feab400014d9060|kw|0,5bfd81fb2feab400014d9060,kw,0,6.0,0.5,kw_control,4,8.0,0.5965315652298586,0.295361386949424,0.10810704782071744
5bfd81fb2feab400014d9060|kw|0,5bfd81fb2feab400014d9060,kw,0,6.0,0.5,kw_control,4,12.0,0.3622119022415662,0.5641029475043086,0.07368515025412525
5c01d3c509e9c70001500b10|kw|0,5c01d3c509e9c70001500b10,kw,0,8.0,0.3333333333333333,kw_control,4,4.0,0.7967830643922639,0.0863610139892806,0.11685592161845557
5c01d3c509e9c70001500b10|kw|0,5c01d3c509e9c70001500b10,kw,0,8.0,0.3333333333333333,kw_control,4,6.0,0.8488753979574292,0.04192966165494564,0.10919494038762523
5c01d3c509e9c70001500b10|kw|0,5c01d3c509e9c70001500b10,kw,0,8.0,0.3333333333333333,kw_control,4,8.0,0.734725594349773,0.14373266181188782,0.12154174383833914
5c01d3c509e9c70001500b10|kw|0,5c01d3c509e9c70001500b10,kw,0,8.0,0.3333333333333333,kw_control,4,12.0,0.5552408647390824,0.3416544516522735,0.10310468360864405
5c01dc58067bbf00019bb318|lt|0,5c01dc58067bbf00019bb318,lt,0,6.0,0.5,lt_control,3,4.0,0.6395013160788713,0.2384759243015463,0.1220227596195825
5c01dc58067bbf00019bb318|lt|0,5c01dc58067bbf00019bb318,lt,0,6.0,0.5,lt_control,3,6.0,0.7477747132767695,0.12707895817734013,0.12514632854589033
5c01dc58067bbf00019bb318|lt|0,5c01dc58067bbf00019bb318,lt,0,6.0,0.5,lt_control,3,8.0,0.5295807226969695,0.35644122485060925,0.11397805245242122
5c01dc58067bbf00019bb318|lt|0,5c01dc58067bbf00019bb318,lt,0,6.0,0.5,lt_control,3,12.0,0.2977392236810803,0.6303288330170002,0.07193194330191957
5c0586b43199f4000153f133|lt|0,5c0586b43199f4000153f133,lt,0,6.0,0.5,lt_control,3,4.0,0.5067670664300863,0.19930708699039099,0.29392584657952264
5c0586b43199f4000153f133|lt|0,5c0586b43199f4000153f133,lt,0,6.0,0.5,lt_control,3,6.0,0.5924347220279397,0.10618291289309353,0.3013823650789667
5c0586b43199f4000153f133|lt|0,5c0586b43199f4000153f133,lt,0,6.0,0.5,lt_control,3,8.0,0.4230004749194115,0.3002671864437153,0.27673233863687324
5c0586b43199f4000153f133|lt|0,5c0586b43199f4000153f133,lt,0,6.0,0.5,lt_control,3,12.0,0.252071199119797,0.5628149295830343,0.1851138712971687
5c0c90e7632102000147c3cc|kw|0,5c0c90e7632102000147c3cc,kw,0,6.0,0.5,kw_control,4,4.0,0.6968665492495063,0.1911689023050412,0.11196454844545256
5c0c90e7632102000147c3cc|kw|0,5c0c90e7632102000147c3cc,kw,0,6.0,0.5,kw_control,4,6.0,0.7899277660422191,0.09875401929139141,0.11131821466638946
5c0c90e7632102000147c3cc|kw|0,5c0c90e7632102000147c3cc,kw,0,6.0,0.5,kw_control,4,8.0,0.5965315652298586,0.295361386949424,0.10810704782071744
5c0c90e7632102000147c3cc|kw|0,5c0c90e7632102000147c3cc,kw,0,6.0,0.5,kw_control,4,12.0,0.3622119022415662,0.5641029475043086,0.07368515025412525
5c0ea3b7481b47000182320a|lt|1,5c0ea3b7481b47000182320a,lt,1,12.0,0.0,lt_market,1,4.0,0.5123610570563009,0.3292019650012901,0.15843697794240902
5c0ea3b7481b47000182320a|lt|1,5c0ea3b7481b47000182320a,lt,1,12.0,0.0,lt_market,1,6.0,0.6393721759462824,0.18721464178974315,0.17341318226397448
5c0ea3b7481b47000182320a|lt|1,5c0ea3b7481b47000182320a,lt,1,12.0,0.0,lt_market,1,8.0,0.3986482609986703,0.4623052667384717,0.13904647226285796
5c0ea3b7481b47000182320a|lt|1,5c0ea3b7481b47000182320a,lt,1,12.0,0.0,lt_market,1,12.0,0.19844453675993695,0.7238581635006992,0.07769729973936387
5c2a799737ae5200017c7712|lt|1,5c2a799737ae5200017c7712,lt,1,12.0,0.0,lt_market,1,4.0,0.4554467860866765,0.4126105785648386,0.1319426353484848
5c2a799737ae5200017c7712|lt|1,5c2a799737ae5200017c7712,lt,1,12.0,0.0,lt_market,1,6.0,0.599896467930663,0.2476730737552811,0.1524304583140559
5c2a799737ae5200017c7712|lt|1,5c2a799737ae5200017c7712,lt,1,12.0,0.0,lt_market,1,8.0,0.33762022394749114,0.5520568860680827,0.11032288998442608
5c2a799737ae5200017c7712|lt|1,5c2a799737ae5200017c7712,lt,1,12.0,0.0,lt_market,1,12.0,0.1536104876465857,0.7900445981566485,0.05634491419676593
5c2d0d21e263990001799ef3|lt|1,5c2d0d21e263990001799ef3,lt,1,6.0,0.5,lt_market,4,4.0,0.5586606919243268,0.34065656275237094,0.10068274532330232
5c2d0d21e263990001799ef3|lt|1,5c2d0d21e263990001799ef3,lt,1,6.0,0.5,lt_market,4,6.0,0.6963986685899353,0.1935202203482972,0.11008111106176753
5c2d0d21e263990001799ef3|lt|1,5c2d0d21e263990001799ef3,lt,1,6.0,0.5,lt_market,4,8.0,0.4340541290144626,0.4777109522856969,0.0882349186998405
5c2d0d21e263990001799ef3|lt|1,5c2d0d21e263990001799ef3,lt,1,6.0,0.5,lt_market,4,12.0,0.21322207286148784,0.738123155701806,0.04865477143670605
5c2d187569ceff00011417de|lt|0,5c2d187569ceff00011417de,lt,0,12.0,0.0,lt_control,3,4.0,0.6395013160788713,0.2384759243015463,0.1220227596195825
5c2d187569ceff00011417de|lt|0,5c2d187569ceff00011417de,lt,0,12.0,0.0,lt_control,3,6.0,0.7477747132767695,0.12707895817734013,0.12514632854589033
5c2d187569ceff00011417de|lt|0,5c2d187569ceff00011417de,lt,0,12.0,0.0,lt_control,3,8.0,0.5295807226969695,0.35644122485060925,0.11397805245242122
5c2d187569ceff00011417de|lt|0,5c2d187569ceff00011417de,lt,0,12.0,0.0,lt_control,3,12.0,0.2977392236810803,0.6303288330170002,0.07193194330191957
5c36701dbef9a20001e36b89|lt|1,5c36701dbef9a20001e36b89,lt,1,9.5,0.20833333333333334,lt_market,2,4.0,0.5540620565391182,0.3209888729371529,0.12494907052372897
5c36701dbef9a20001e36b89|lt|1,5c36701dbef9a20001e36b89,lt,1,9.5,0.20833333333333334,lt_market,2,6.0,0.6840811066067651,0.1806088123316006,0.1353100810616343
5c36701dbef9a20001e36b89|lt|1,5c36701dbef9a20001e36b89,lt,1,9.5,0.20833333333333334,lt_market,2,8.0,0.4347799671951012,0.4546254614983863,0.11059457130651253
5c36701dbef9a20001e36b89|lt|1,5c36701dbef9a20001e36b89,lt,1,9.5,0.20833333333333334,lt_market,2,12.0,0.21860295238195115,0.7189780220073018,0.06241902561074718
5c38dab0f0ae4c00011238c1|kw|1,5c38dab0f0ae4c00011238c1,kw,1,12.0,0.0,kw_market,4,4.0,0.31424940888294783,0.2917364580751981,0.39401413304185406
5c38dab0f0ae4c00011238c1|kw|1,5c38dab0f0ae4c00011238c1,kw,1,12.0,0.0,kw_market,4,6.0,0.3963847105520801,0.1676999385775982,0.43591535087032174
5c38dab0f0ae4c00011238c1|kw|1,5c38dab0f0ae4c00011238c1,kw,1,12.0,0.0,kw_market,4,8.0,0.24450792300961605,0.4096961042651843,0.34579597272519963
5c38dab0f0ae4c00011238c1|kw|1,5c38dab0f0ae4c00011238c1,kw,1,12.0,0.0,kw_market,4,12.0,0.1272597414883372,0.6707107958060275,0.20202946270563543
5c3a4e759e794d000129a225|kw|1,5c3a4e759e794d000129a225,kw,1,10.0,0.16666666666666666,kw_market,4,4.0,0.21742630456476736,0.043251203599202176,0.7393224918360306
5c3a4e759e794d000129a225|kw|1,5c3a4e759e794d000129a225,kw,1,10.0,0.16666666666666666,kw_market,4,6.0,0.24551442514523106,0.02225680904362583,0.732228765811143
5c3a4e759e794d000129a225|kw|1,5c3a4e759e794d000129a225,kw,1,10.0,0.16666666666666666,kw_market,4,8.0,0.1925133851249793,0.06911935948406119,0.7383672553909594
5c3a4e759e794d000129a225|kw|1,5c3a4e759e794d000129a225,kw,1,10.0,0.16666666666666666,kw_market,4,12.0,0.15540837485405848,0.17550462089907573,0.6690870042468657
5c3cb9759883d4000141f800|lt|1,5c3cb9759883d4000141f800,lt,1,9.5,0.20833333333333334,lt_market,4,4.0,0.5713387704405489,0.1792504806010861,0.24941074895836493
5c3cb9759883d4000141f800|lt|1,5c3cb9759883d4000141f800,lt,1,9.5,0.20833333333333334,lt_market,4,6.0,0.6553668294832129,0.09370243177759476,0.2509307387391923
5c3cb9759883d4000141f800|lt|1,5c3cb9759883d4000141f800,lt,1,9.5,0.20833333333333334,lt_market,4,8.0,0.48575366787007584,0.2750650314776108,0.23918130065231333
5c3cb9759883d4000141f800|lt|1,5c3cb9759883d4000141f800,lt,1,9.5,0.20833333333333334,lt_market,4,12.0,0.2999535607534114,0.5342551021496968,0.1657913370968915
5c3f2e175fe5c60001ffc302|lt|0,5c3f2e175fe5c60001ffc302,lt,0,7.0,0.4166666666666667,lt_control,4,4.0,0.558660691924327,0.34065656275237055,0.10068274532330242
5c3f2e175fe5c60001ffc302|lt|0,5c3f2e175fe5c60001ffc302,lt,0,7.0,0.4166666666666667,lt_control,4,6.0,0.6963986685899355,0.193520220348297,0.11008111106176757
5c3f2e175fe5c60001ffc302|lt|0,5c3f2e175fe5c60001ffc302,lt,0,7.0,0.4166666666666667,lt_control,4,8.0,0.4340541290144629,0.47771095228569643,0.08823491869984058
5c3f2e175fe5c60001ffc302|lt|0,5c3f2e175fe5c60001ffc302,lt,0,7.0,0.4166666666666667,lt_control,4,12.0,0.21322207286148814,0.7381231557018059,0.048654771436706115
5c3f86e236052e00016ba692|kw|0,5c3f86e236052e00016ba692,kw,0,6.0,0.5,kw_control,4,4.0,0.558660691924327,0.34065656275237055,0.10068274532330242
5c3f86e236052e00016ba692|kw|0,5c3f86e236052e00016ba692,kw,0,6.0,0.5,kw_control,4,6.0,0.6963986685899355,0.193520220348297,0.11008111106176757
5c3f86e236052e00016ba692|kw|0,5c3f86e236052e00016ba692,kw,0,6.0,0.5,kw_control,4,8.0,0.4340541290144629,0.47771095228569643,0.08823491869984058
5c3f86e236052e00016ba692|kw|0,5c3f86e236052e00016ba692,kw,0,6.0,0.5,kw_control,4,12.0,0.21322207286148814,0.7381231557018059,0.048654771436706115
5c4338d8a04c050001a0a876|kw|1,5c4338d8a04c050001a0a876,kw,1,1.0,0.9166666666666666,kw_market,2,4.0,0.7504580933423489,0.09674504324378068,0.15279686341387036
5c4338d8a04c050001a0a876|kw|1,5c4338d8a04c050001a0a876,kw,1,1.0,0.9166666666666666,kw_market,2,6.0,0.808191510624039,0.04748061485650469,0.1443278745194563
5c4338d8a04c050001a0a876|kw|1,5c4338d8a04c050001a0a876,kw,1,1.0,0.9166666666666666,kw_market,2,8.0,0.6838384327024106,0.1591140183791623,0.15704754891842704
5c4338d8a04c050001a0a876|kw|1,5c4338d8a04c050001a0a876,kw,1,1.0,0.9166666666666666,kw_market,2,12.0,0.5025987454142434,0.367833857151942,0.12956739743381457
5c4d8307782a2500019f5bfb|kw|1,5c4d8307782a2500019f5bfb,kw,1,12.0,0.0,kw_market,4,4.0,0.23885324505544323,0.7032627233521233,0.05788403159243351
5c4d8307782a2500019f5bfb|kw|1,5c4d8307782a2500019f5bfb,kw,1,12.0,0.0,kw_market,4,6.0,0.3914886842868674,0.5252976262956702,0.08321368941746228
5c4d8307782a2500019f5bfb|kw|1,5c4d8307782a2500019f5bfb,kw,1,12.0,0.0,kw_market,4,8.0,0.15180118674477575,0.806704129730041,0.04149468352518311
5c4d8307782a2500019f5bfb|kw|1,5c4d8307782a2500019f5bfb,kw,1,12.0,0.0,kw_market,4,12.0,0.055487266258220855,0.9274869428138329,0.017025790927946243
5c4e68d8bcc3dc00015501fb|kw|0,5c4e68d8bcc3dc00015501fb,kw,0,6.0,0.5,kw_control,3,4.0,0.6562393468547034,0.2190476107815082,0.12471304236378847
5c4e68d8bcc3dc00015501fb|kw|0,5c4e68d8bcc3dc00015501fb,kw,0,6.0,0.5,kw_control,3,6.0,0.758264060438182,0.1153443959489603,0.1263915436128578
5c4e68d8bcc3dc00015501fb|kw|0,5c4e68d8bcc3dc00015501fb,kw,0,6.0,0.5,kw_control,3,8.0,0.5504126348226516,0.3316021289999801,0.11798523617736828
5c4e68d8bcc3dc00015501fb|kw|0,5c4e68d8bcc3dc00015501fb,kw,0,6.0,0.5,kw_control,3,12.0,0.318918147754441,0.6043430206738475,0.07673883157171162
5c5404c24831db000161c5e8|kw|1,5c5404c24831db000161c5e8,kw,1,12.0,0.0,kw_market,3,4.0,0.48458463988273437,0.41017899115382966,0.10523636896343587
5c5404c24831db000161c5e8|kw|1,5c5404c24831db000161c5e8,kw,1,12.0,0.0,kw_market,3,6.0,0.6344269586152581,0.24472885051053575,0.12084419087420617
5c5404c24831db000161c5e8|kw|1,5c5404c24831db000161c5e8,kw,1,12.0,0.0,kw_market,3,8.0,0.3606567734049984,0.5509986349024026,0.08834459169259883
5c5404c24831db000161c5e8|kw|1,5c5404c24831db000161c5e8,kw,1,12.0,0.0,kw_market,3,12.0,0.1644630501653367,0.7903148324386078,0.04522211739605556
5c5cad876d0fe50001f0390c|lt|0,5c5cad876d0fe50001f0390c,lt,0,12.0,0.0,lt_control,3,4.0,0.7469537774739156,0.1260492290024411,0.12699699352364338
5c5cad876d0fe50001f0390c|lt|0,5c5cad876d0fe50001f0390c,lt,0,12.0,0.0,lt_control,3,6.0,0.8156423500109986,0.06272577061652274,0.12163187937247864
5c5cad876d0fe50001f0390c|lt|0,5c5cad876d0fe50001f0390c,lt,0,12.0,0.0,lt_control,3,8.0,0.6682918351132063,0.2035472700851669,0.12816089480162682
5c5cad876d0fe50001f0390c|lt|0,5c5cad876d0fe50001f0390c,lt,0,12.0,0.0,lt_control,3,12.0,0.46013164729019995,0.44081523307752585,0.09905311963227426
5c6071a1e1df700001ca8bf1|kw|1,5c6071a1e1df700001ca8bf1,kw,1,8.0,0.3333333333333333,kw_market,4,4.0,0.5713387704405489,0.1792504806010859,0.2494107489583651
5c6071a1e1df700001ca8bf1|kw|1,5c6071a1e1df700001ca8bf1,kw,1,8.0,0.3333333333333333,kw_market,4,6.0,0.6553668294832129,0.09370243177759467,0.25093073873919247
5c6071a1e1df700001ca8bf1|kw|1,5c6071a1e1df700001ca8bf1,kw,1,8.0,0.3333333333333333,kw_market,4,8.0,0.48575366787007596,0.2750650314776105,0.23918130065231363
5c6071a1e1df700001ca8bf1|kw|1,5c6071a1e1df700001ca8bf1,kw,1,8.0,0.3333333333333333,kw_market,4,12.0,0.29995356075341156,0.5342551021496966,0.16579133709689176
5c61c7c590c46f00016a3598|lt|1,5c61c7c590c46f00016a3598,lt,1,8.0,0.3333333333333333,lt_market,1,4.0,0.6734327212875193,0.15353827029016942,0.17302900842231125
5c61c7c590c46f00016a3598|lt|1,5c61c7c590c46f00016a3598,lt,1,8.0,0.3333333333333333,lt_market,1,6.0,0.7522986011249835,0.07816502230134571,0.16953637657367082
5c61c7c590c46f00016a3598|lt|1,5c61c7c590c46f00016a3598,lt,1,8.0,0.3333333333333333,lt_market,1,8.0,0.58778040607822,0.2418745615684373,0.1703450323533426
5c61c7c590c46f00016a3598|lt|1,5c61c7c590c46f00016a3598,lt,1,8.0,0.3333333333333333,lt_market,1,12.0,0.381727992428549,0.4940881762836564,0.1241838312877946
5c64981ca98f0700010f8c81|kw|0,5c64981ca98f0700010f8c81,kw,0,12.0,0.0,kw_control,4,4.0,0.7967830643922639,0.0863610139892806,0.11685592161845557
5c64981ca98f0700010f8c81|kw|0,5c64981ca98f0700010f8c81,kw,0,12.0,0.0,kw_control,4,6.0,0.8488753979574292,0.04192966165494564,0.10919494038762523
5c64981ca98f0700010f8c81|kw|0,5c64981ca98f0700010f8c81,kw,0,12.0,0.0,kw_control,4,8.0,0.734725594349773,0.14373266181188782,0.12154174383833914
5c64981ca98f0700010f8c81|kw|0,5c64981ca98f0700010f8c81,kw,0,12.0,0.0,kw_control,4,12.0,0.5552408647390824,0.3416544516522735,0.10310468360864405
5c698d07effdaa0001d791cd|kw|0,5c698d07effdaa0001d791cd,kw,0,6.0,0.5,kw_control,4,4.0,0.6968665492495063,0.1911689023050412,0.11196454844545256
5c698d07effdaa0001d791cd|kw|0,5c698d07effdaa0001d791cd,kw,0,6.0,0.5,kw_control,4,6.0,0.7899277660422191,0.09875401929139141,0.11131821466638946
5c698d07effdaa0001d791cd|kw|0,5c698d07effdaa0001d791cd,kw,0,6.0,0.5,kw_control,4,8.0,0.5965315652298586,0.295361386949424,0.10810704782071744
5c698d07effdaa0001d791cd|kw|0,5c698d07effdaa0001d791cd,kw,0,6.0,0.5,kw_control,4,12.0,0.3622119022415662,0.5641029475043086,0.07368515025412525
5c6b646349b7f0000120b659|kw|1,5c6b646349b7f0000120b659,kw,1,6.0,0.5,kw_market,4,4.0,0.696866549249506,0.19116890230504152,0.1119645484454525
5c6b646349b7f0000120b659|kw|1,5c6b646349b7f0000120b659,kw,1,6.0,0.5,kw_market,4,6.0,0.789927766042219,0.09875401929139162,0.1113182146663894
5c6b646349b7f0000120b659|kw|1,5c6b646349b7f0000120b659,kw,1,6.0,0.5,kw_market,4,8.0,0.5965315652298582,0.2953613869494245,0.10810704782071738
5c6b646349b7f0000120b659|kw|1,5c6b646349b7f0000120b659,kw,1,6.0,0.5,kw_market,4,12.0,0.36221190224156563,0.5641029475043091,0.07368515025412516
5c6c917e5902c9000164116c|kw|0,5c6c917e5902c9000164116c,kw,0,12.0,0.0,kw_control,4,4.0,0.6968665492495063,0.1911689023050412,0.11196454844545256
5c6c917e5902c9000164116c|kw|0,5c6c917e5902c9000164116c,kw,0,12.0,0.0,kw_control,4,6.0,0.7899277660422191,0.09875401929139141,0.11131821466638946
5c6c917e5902c9000164116c|kw|0,5c6c917e5902c9000164116c,kw,0,12.0,0.0,kw_control,4,8.0,0.5965315652298586,0.295361386949424,0.10810704782071744
5c6c917e5902c9000164116c|kw|0,5c6c917e5902c9000164116c,kw,0,12.0,0.0,kw_control,4,12.0,0.3622119022415662,0.5641029475043086,0.07368515025412525
5c7cfb5a1a8c170001397f4c|kw|1,5c7cfb5a1a8c170001397f4c,kw,1,3.5,0.7083333333333334,kw_market,3,4.0,0.28993646394706596,0.6366415289970869,0.07342200705584706
5c7cfb5a1a8c170001397f4c|kw|1,5c7cfb5a1a8c170001397f4c,kw,1,3.5,0.7083333333333334,kw_market,3,6.0,0.4498862674567409,0.45018874816120236,0.09992498438205683
5c7cfb5a1a8c170001397f4c|kw|1,5c7cfb5a1a8c170001397f4c,kw,1,3.5,0.7083333333333334,kw_market,3,8.0,0.19051882574053677,0.7550621219752571,0.05441905228420599
5c7cfb5a1a8c170001397f4c|kw|1,5c7cfb5a1a8c170001397f4c,kw,1,3.5,0.7083333333333334,kw_market,3,12.0,0.07253507319359474,0.9042077063594595,0.02325722044694586
5c7ecfbb4243370001ed2f0e|kw|1,5c7ecfbb4243370001ed2f0e,kw,1,10.0,0.16666666666666666,kw_market,2,4.0,0.32054736603081363,0.08353495488897296,0.5959176790802134
5c7ecfbb4243370001ed2f0e|kw|1,5c7ecfbb4243370001ed2f0e,kw,1,10.0,0.16666666666666666,kw_market,2,6.0,0.3637235117598354,0.04319636258952675,0.5930801256506377
5c7ecfbb4243370001ed2f0e|kw|1,5c7ecfbb4243370001ed2f0e,kw,1,10.0,0.16666666666666666,kw_market,2,8.0,0.28032506469249974,0.1318531841623393,0.587821751145161
5c7ecfbb4243370001ed2f0e|kw|1,5c7ecfbb4243370001ed2f0e,kw,1,10.0,0.16666666666666666,kw_market,2,12.0,0.20689705542291073,0.3060964996220178,0.48700644495507156
5c7f91a08fc24d001544e880|lt|0,5c7f91a08fc24d001544e880,lt,0,6.0,0.5,lt_control,2,4.0,0.5756275307869297,0.289175828122463,0.1351966410906073
5c7f91a08fc24d001544e880|lt|0,5c7f91a08fc24d001544e880,lt,0,6.0,0.5,lt_control,2,6.0,0.6968924612271754,0.15954601824848022,0.14356152052434434
5c7f91a08fc24d001544e880|lt|0,5c7f91a08fc24d001544e880,lt,0,6.0,0.5,lt_control,2,8.0,0.46048162042858715,0.41752779585571925,0.12199058371569356
5c7f91a08fc24d001544e880|lt|0,5c7f91a08fc24d001544e880,lt,0,6.0,0.5,lt_control,2,12.0,0.24100030959831442,0.687331195008194,0.07166849539349159
5c83394a3e93bf0001e143d6|kw|0,5c83394a3e93bf0001e143d6,kw,0,12.0,0.0,kw_control,4,4.0,0.696866549249506,0.19116890230504152,0.1119645484454525
5c83394a3e93bf0001e143d6|kw|0,5c83394a3e93bf0001e143d6,kw,0,12.0,0.0,kw_control,4,6.0,0.789927766042219,0.09875401929139162,0.1113182146663894
5c83394a3e93bf0001e143d6|kw|0,5c83394a3e93bf0001e143d6,kw,0,12.0,0.0,kw_control,4,8.0,0.5965315652298582,0.2953613869494245,0.10810704782071738
5c83394a3e93bf0001e143d6|kw|0,5c83394a3e93bf0001e143d6,kw,0,12.0,0.0,kw_control,4,12.0,0.36221190224156563,0.5641029475043091,0.07368515025412516
5c8b65c3e65fc600177b4a1a|lt|1,5c8b65c3e65fc600177b4a1a,lt,1,10.0,0.16666666666666666,lt_market,3,4.0,0.3455891137054505,0.40374551005558423,0.25066537623896534
5c8b65c3e65fc600177b4a1a|lt|1,5c8b65c3e65fc600177b4a1a,lt,1,10.0,0.16666666666666666,lt_market,3,6.0,0.4611281100867544,0.24550990722888938,0.2933619826843563
5c8b65c3e65fc600177b4a1a|lt|1,5c8b65c3e65fc600177b4a1a,lt,1,10.0,0.16666666666666666,lt_market,3,8.0,0.2546626978682473,0.5369893211446062,0.20834798098714655
5c8b65c3e65fc600177b4a1a|lt|1,5c8b65c3e65fc600177b4a1a,lt,1,10.0,0.16666666666666666,lt_market,3,12.0,0.11694740971967063,0.775650868101121,0.10740172217920835
5c8d1d7b88549d0012e849fd|kw|1,5c8d1d7b88549d0012e849fd,kw,1,7.5,0.375,kw_market,4,4.0,0.39745569921070323,0.5203819764357419,0.08216232435355485
5c8d1d7b88549d0012e849fd|kw|1,5c8d1d7b88549d0012e849fd,kw,1,7.5,0.375,kw_market,4,6.0,0.5624350765876531,0.33558743207924396,0.10197749133310301
5c8d1d7b88549d0012e849fd|kw|1,5c8d1d7b88549d0012e849fd,kw,1,7.5,0.375,kw_market,4,8.0,0.2780641283585261,0.6570995126355871,0.064836359005887
5c8d1d7b88549d0012e849fd|kw|1,5c8d1d7b88549d0012e849fd,kw,1,7.5,0.375,kw_market,4,12.0,0.11501264967933003,0.8548839233422202,0.030103426978449522
5c8fa44e045ff10012b60821|lt|1,5c8fa44e045ff10012b60821,lt,1,12.0,0.0,lt_market,1,4.0,0.698798224432229,0.11406147889155789,0.18714029667621307
5c8fa44e045ff10012b60821|lt|1,5c8fa44e045ff10012b60821,lt,1,12.0,0.0,lt_market,1,6.0,0.7637816584613157,0.056814109370394335,0.17940423216829
5c8fa44e045ff10012b60821|lt|1,5c8fa44e045ff10012b60821,lt,1,12.0,0.0,lt_market,1,8.0,0.6263022562449089,0.18451167141005792,0.18918607234503312
5c8fa44e045ff10012b60821|lt|1,5c8fa44e045ff10012b60821,lt,1,12.0,0.0,lt_market,1,12.0,0.4413591113573683,0.4089849486994945,0.14965593994313725
5c9034a2eedbd9001573ca14|lt|1,5c9034a2eedbd9001573ca14,lt,1,10.0,0.16666666666666666,lt_market,4,4.0,0.36015072619270194,0.058265909509683536,0.5815833642976144
5c9034a2eedbd9001573ca14|lt|1,5c9034a2eedbd9001573ca14,lt,1,10.0,0.16666666666666666,lt_market,4,6.0,0.40159126602600936,0.02960835415364955,0.5688003798203412
5c9034a2eedbd9001573ca14|lt|1,5c9034a2eedbd9001573ca14,lt,1,10.0,0.16666666666666666,lt_market,4,8.0,0.3211870652861514,0.09378663279450472,0.5850263019193439
5c9034a2eedbd9001573ca14|lt|1,5c9034a2eedbd9001573ca14,lt,1,10.0,0.16666666666666666,lt_market,4,12.0,0.25232883943511525,0.23175288490698162,0.5159182756579029
5c92017dc719fc00017df090|kw|0,5c92017dc719fc00017df090,kw,0,8.0,0.3333333333333333,kw_control,4,4.0,0.558660691924327,0.34065656275237055,0.10068274532330242
5c92017dc719fc00017df090|kw|0,5c92017dc719fc00017df090,kw,0,8.0,0.3333333333333333,kw_control,4,6.0,0.6963986685899355,0.193520220348297,0.11008111106176757
5c92017dc719fc00017df090|kw|0,5c92017dc719fc00017df090,kw,0,8.0,0.3333333333333333,kw_control,4,8.0,0.4340541290144629,0.47771095228569643,0.08823491869984058
5c92017dc719fc00017df090|kw|0,5c92017dc719fc00017df090,kw,0,8.0,0.3333333333333333,kw_control,4,12.0,0.21322207286148814,0.7381231557018059,0.048654771436706115
5c94d745f6a32b0015d323e8|kw|1,5c94d745f6a32b0015d323e8,kw,1,11.0,0.08333333333333333,kw_market,3,4.0,0.25905188261605416,0.04968938695653542,0.6912587304274104
5c94d745f6a32b0015d323e8|kw|1,5c94d745f6a32b0015d323e8,kw,1,11.0,0.08333333333333333,kw_market,3,6.0,0.2917258115569772,0.025500665537005588,0.6827735229060173
5c94d745f6a32b0015d323e8|kw|1,5c94d745f6a32b0015d323e8,kw,1,11.0,0.08333333333333333,kw_market,3,8.0,0.229566151169426,0.07947625603852602,0.6909575927920479
5c94d745f6a32b0015d323e8|kw|1,5c94d745f6a32b0015d323e8,kw,1,11.0,0.08333333333333333,kw_market,3,12.0,0.18289663453485605,0.1991639007532515,0.6179394647118925
5c9527e29e4f7400011e1571|kw|0,5c9527e29e4f7400011e1571,kw,0,6.0,0.5,kw_control,3,4.0,0.6395013160788713,0.2384759243015463,0.1220227596195825
5c9527e29e4f7400011e1571|kw|0,5c9527e29e4f7400011e1571,kw,0,6.0,0.5,kw_control,3,6.0,0.7477747132767695,0.12707895817734013,0.12514632854589033
5c9527e29e4f7400011e1571|kw|0,5c9527e29e4f7400011e1571,kw,0,6.0,0.5,kw_control,3,8.0,0.5295807226969695,0.35644122485060925,0.11397805245242122
5c9527e29e4f7400011e1571|kw|0,5c9527e29e4f7400011e1571,kw,0,6.0,0.5,kw_control,3,12.0,0.2977392236810803,0.6303288330170002,0.07193194330191957
5ca76940b73600000157b4f1|lt|1,5ca76940b73600000157b4f1,lt,1,10.0,0.16666666666666666,lt_market,4,4.0,0.21742630456476736,0.043251203599202176,0.7393224918360306
5ca76940b73600000157b4f1|lt|1,5ca76940b73600000157b4f1,lt,1,10.0,0.16666666666666666,lt_market,4,6.0,0.24551442514523106,0.02225680904362583,0.732228765811143
5ca76940b73600000157b4f1|lt|1,5ca76940b73600000157b4f1,lt,1,10.0,0.16666666666666666,lt_market,4,8.0,0.1925133851249793,0.06911935948406119,0.7383672553909594
5ca76940b73600000157b4f1|lt|1,5ca76940b73600000157b4f1,lt,1,10.0,0.16666666666666666,lt_market,4,12.0,0.15540837485405848,0.17550462089907573,0.6690870042468657
5ca8eaf9bd0f9e0001c7d7fa|lt|1,5ca8eaf9bd0f9e0001c7d7fa,lt,1,9.0,0.25,lt_market,4,4.0,0.2825048859819502,0.1384234588173259,0.5790716552007239
5ca8eaf9bd0f9e0001c7d7fa|lt|1,5ca8eaf9bd0f9e0001c7d7fa,lt,1,9.0,0.25,lt_market,4,6.0,0.3309997034000544,0.07391134588732341,0.5950889507126221
5ca8eaf9bd0f9e0001c7d7fa|lt|1,5ca8eaf9bd0f9e0001c7d7fa,lt,1,9.0,0.25,lt_market,4,8.0,0.23829844938565076,0.21074516084945918,0.55095638976489
5ca8eaf9bd0f9e0001c7d7fa|lt|1,5ca8eaf9bd0f9e0001c7d7fa,lt,1,9.0,0.25,lt_market,4,12.0,0.15681256550726025,0.4362069864522753,0.4069804480404646
5cbd8e0cb7cea800156a9d31|lt|1,5cbd8e0cb7cea800156a9d31,lt,1,12.0,0.0,lt_market,1,4.0,0.698798224432229,0.11406147889155789,0.18714029667621307
5cbd8e0cb7cea800156a9d31|lt|1,5cbd8e0cb7cea800156a9d31,lt,1,12.0,0.0,lt_market,1,6.0,0.7637816584613157,0.056814109370394335,0.17940423216829
5cbd8e0cb7cea800156a9d31|lt|1,5cbd8e0cb7cea800156a9d31,lt,1,12.0,0.0,lt_market,1,8.0,0.6263022562449089,0.18451167141005792,0.18918607234503312
5cbd8e0cb7cea800156a9d31|lt|1,5cbd8e0cb7cea800156a9d31,lt,1,12.0,0.0,lt_market,1,12.0,0.4413591113573683,0.4089849486994945,0.14965593994313725
5cc19e4f792ce5000145f764|lt|0,5cc19e4f792ce5000145f764,lt,0,6.0,0.5,lt_control,3,4.0,0.6395013160788713,0.2384759243015463,0.1220227596195825
5cc19e4f792ce5000145f764|lt|0,5cc19e4f792ce5000145f764,lt,0,6.0,0.5,lt_control,3,6.0,0.7477747132767695,0.12707895817734013,0.12514632854589033
5cc19e4f792ce5000145f764|lt|0,5cc19e4f792ce5000145f764,lt,0,6.0,0.5,lt_control,3,8.0,0.5295807226969695,0.35644122485060925,0.11397805245242122
5cc19e4f792ce5000145f764|lt|0,5cc19e4f792ce5000145f764,lt,0,6.0,0.5,lt_control,3,12.0,0.2977392236810803,0.6303288330170002,0.07193194330191957
5ccf87bfb46c7000010d8428|kw|0,5ccf87bfb46c7000010d8428,kw,0,12.0,0.0,kw_control,4,4.0,0.6968665492495063,0.1911689023050412,0.11196454844545256
5ccf87bfb46c7000010d8428|kw|0,5ccf87bfb46c7000010d8428,kw,0,12.0,0.0,kw_control,4,6.0,0.7899277660422191,0.09875401929139141,0.11131821466638946
5ccf87bfb46c7000010d8428|kw|0,5ccf87bfb46c7000010d8428,kw,0,12.0,0.0,kw_control,4,8.0,0.5965315652298586,0.295361386949424,0.10810704782071744
5ccf87bfb46c7000010d8428|kw|0,5ccf87bfb46c7000010d8428,kw,0,12.0,0.0,kw_control,4,12.0,0.3622119022415662,0.5641029475043086,0.07368515025412525
5cd801d431d19f0019425e2e|kw|0,5cd801d431d19f0019425e2e,kw,0,6.0,0.5,kw_control,2,4.0,0.6975282686655849,0.15944182314185928,0.1430299081925558
5cd801d431d19f0019425e2e|kw|0,5cd801d431d19f0019425e2e,kw,0,6.0,0.5,kw_control,2,6.0,0.7788037865880962,0.08112753225543877,0.140068681156465
5cd801d431d19f0019425e2e|kw|0,5cd801d431d19f0019425e2e,kw,0,6.0,0.5,kw_control,2,8.0,0.6083263304308875,0.2509745675975255,0.140699101971587
5cd801d431d19f0019425e2e|kw|0,5cd801d431d19f0019425e2e,kw,0,6.0,0.5,kw_control,2,12.0,0.3910358228744681,0.5074403610624462,0.10152381606308578
5cd801d431d19f0019425e2e|lt|1,5cd801d431d19f0019425e2e,lt,1,6.0,0.5,lt_market,4,4.0,0.571338770440549,0.17925048060108595,0.24941074895836493
5cd801d431d19f0019425e2e|lt|1,5cd801d431d19f0019425e2e,lt,1,6.0,0.5,lt_market,4,6.0,0.655366829483213,0.09370243177759471,0.2509307387391923
5cd801d431d19f0019425e2e|lt|1,5cd801d431d19f0019425e2e,lt,1,6.0,0.5,lt_market,4,8.0,0.485753667870076,0.2750650314776106,0.23918130065231344
5cd801d431d19f0019425e2e|lt|1,5cd801d431d19f0019425e2e,lt,1,6.0,0.5,lt_market,4,12.0,0.2999535607534116,0.5342551021496968,0.16579133709689164
5cdc33f20a246d001e2d839a|kw|1,5cdc33f20a246d001e2d839a,kw,1,4.0,0.6666666666666666,kw_market,4,4.0,0.5151051505452523,0.07039878187562157,0.41449606757912616
5cdc33f20a246d001e2d839a|kw|1,5cdc33f20a246d001e2d839a,kw,1,4.0,0.6666666666666666,kw_market,4,6.0,0.5655891103243015,0.03522654612652285,0.39918434354917576
5cdc33f20a246d001e2d839a|kw|1,5cdc33f20a246d001e2d839a,kw,1,4.0,0.6666666666666666,kw_market,4,8.0,0.4641848139915373,0.11450193911646846,0.4213132468919943
5cdc33f20a246d001e2d839a|kw|1,5cdc33f20a246d001e2d839a,kw,1,4.0,0.6666666666666666,kw_market,4,12.0,0.35781551229774383,0.2776236375456086,0.36456085015664746
5ce5bcf74caf470001da7c33|kw|1,5ce5bcf74caf470001da7c33,kw,1,9.0,0.25,kw_market,2,4.0,0.28530922261081354,0.6417271893674397,0.0729635880217467
5ce5bcf74caf470001da7c33|kw|1,5ce5bcf74caf470001da7c33,kw,1,9.0,0.25,kw_market,2,6.0,0.44457692113887853,0.45570240053246003,0.09972067832866136
5ce5bcf74caf470001da7c33|kw|1,5ce5bcf74caf470001da7c33,kw,1,9.0,0.25,kw_market,2,8.0,0.1869824977281415,0.7590812218889743,0.053936280382884144
5ce5bcf74caf470001da7c33|kw|1,5ce5bcf74caf470001da7c33,kw,1,9.0,0.25,kw_market,2,12.0,0.0709573666192849,0.9060666449866888,0.022975988394026307
5ce65c39baebc8001939a3ab|kw|1,5ce65c39baebc8001939a3ab,kw,1,8.0,0.3333333333333333,kw_market,1,4.0,0.6734327212875193,0.15353827029016942,0.17302900842231125
5ce65c39baebc8001939a3ab|kw|1,5ce65c39baebc8001939a3ab,kw,1,8.0,0.3333333333333333,kw_market,1,6.0,0.7522986011249835,0.07816502230134571,0.16953637657367082
5ce65c39baebc8001939a3ab|kw|1,5ce65c39baebc8001939a3ab,kw,1,8.0,0.3333333333333333,kw_market,1,8.0,0.58778040607822,0.2418745615684373,0.1703450323533426
5ce65c39baebc8001939a3ab|kw|1,5ce65c39baebc8001939a3ab,kw,1,8.0,0.3333333333333333,kw_market,1,12.0,0.381727992428549,0.4940881762836564,0.1241838312877946
5ceae0b53060280001a063a0|kw|0,5ceae0b53060280001a063a0,kw,0,6.0,0.5,kw_control,4,4.0,0.6968665492495061,0.191168902305041,0.11196454844545285
5ceae0b53060280001a063a0|kw|0,5ceae0b53060280001a063a0,kw,0,6.0,0.5,kw_control,4,6.0,0.789927766042219,0.09875401929139131,0.1113182146663897
5ceae0b53060280001a063a0|kw|0,5ceae0b53060280001a063a0,kw,0,6.0,0.5,kw_control,4,8.0,0.5965315652298585,0.29536138694942377,0.10810704782071771
5ceae0b53060280001a063a0|kw|0,5ceae0b53060280001a063a0,kw,0,6.0,0.5,kw_control,4,12.0,0.3622119022415662,0.5641029475043082,0.07368515025412546
5ceae0b53060280001a063a0|lt|1,5ceae0b53060280001a063a0,lt,1,7.0,0.4166666666666667,lt_market,4,4.0,0.7967830643922639,0.0863610139892806,0.11685592161845557
5ceae0b53060280001a063a0|lt|1,5ceae0b53060280001a063a0,lt,1,7.0,0.4166666666666667,lt_market,4,6.0,0.8488753979574292,0.04192966165494564,0.10919494038762523
5ceae0b53060280001a063a0|lt|1,5ceae0b53060280001a063a0,lt,1,7.0,0.4166666666666667,lt_market,4,8.0,0.734725594349773,0.14373266181188782,0.12154174383833914
5ceae0b53060280001a063a0|lt|1,5ceae0b53060280001a063a0,lt,1,7.0,0.4166666666666667,lt_market,4,12.0,0.5552408647390824,0.3416544516522735,0.10310468360864405
5cfebb94eafc4d001a62cbc9|lt|0,5cfebb94eafc4d001a62cbc9,lt,0,8.0,0.3333333333333333,lt_control,3,4.0,0.6395013160788713,0.2384759243015463,0.1220227596195825
5cfebb94eafc4d001a62cbc9|lt|0,5cfebb94eafc4d001a62cbc9,lt,0,8.0,0.3333333333333333,lt_control,3,6.0,0.7477747132767695,0.12707895817734013,0.12514632854589033
5cfebb94eafc4d001a62cbc9|lt|0,5cfebb94eafc4d001a62cbc9,lt,0,8.0,0.3333333333333333,lt_control,3,8.0,0.5295807226969695,0.35644122485060925,0.11397805245242122
5cfebb94eafc4d001a62cbc9|lt|0,5cfebb94eafc4d001a62cbc9,lt,0,8.0,0.3333333333333333,lt_control,3,12.0,0.2977392236810803,0.6303288330170002,0.07193194330191957
5d0109187c9f320015f4af37|lt|1,5d0109187c9f320015f4af37,lt,1,10.0,0.16666666666666666,lt_market,1,4.0,0.3745517417286762,0.521140484011414,0.1043077742599098
5d0109187c9f320015f4af37|lt|1,5d0109187c9f320015f4af37,lt,1,10.0,0.16666666666666666,lt_market,1,6.0,0.5323854420233631,0.33757395731151846,0.13004060066511847
5d0109187c9f320015f4af37|lt|1,5d0109187c9f320015f4af37,lt,1,10.0,0.16666666666666666,lt_market,1,8.0,0.2614104209299195,0.6564755394581193,0.08211403961196126
5d0109187c9f320015f4af37|lt|1,5d0109187c9f320015f4af37,lt,1,10.0,0.16666666666666666,lt_market,1,12.0,0.1080895607938679,0.853797279803595,0.03811315940253712
5d0b6647e28fd700010c55ac|kw|0,5d0b6647e28fd700010c55ac,kw,0,12.0,0.0,kw_control,2,4.0,0.7212326143040373,0.13327315081160196,0.1454942348843608
5d0b6647e28fd700010c55ac|kw|0,5d0b6647e28fd700010c55ac,kw,0,12.0,0.0,kw_control,2,6.0,0.79292863568439,0.06677304518710417,0.1402983191285059
5d0b6647e28fd700010c55ac|kw|0,5d0b6647e28fd700010c55ac,kw,0,12.0,0.0,kw_control,2,8.0,0.6405904682748539,0.21364879194202316,0.14576073978312296
5d0b6647e28fd700010c55ac|kw|0,5d0b6647e28fd700010c55ac,kw,0,12.0,0.0,kw_control,2,12.0,0.4339394398352082,0.45522327153375086,0.11083728863104081
5d0b6647e28fd700010c55ac|kw|1,5d0b6647e28fd700010c55ac,kw,1,6.0,0.5,kw_market,1,4.0,0.6405229171721862,0.19360787262979268,0.1658692101980212
5d0b6647e28fd700010c55ac|kw|1,5d0b6647e28fd700010c55ac,kw,1,6.0,0.5,kw_market,1,6.0,0.7326644629278752,0.10092371760092787,0.1664118194711969
5d0b6647e28fd700010c55ac|kw|1,5d0b6647e28fd700010c55ac,kw,1,6.0,0.5,kw_market,1,8.0,0.5441730175719791,0.29687799283054517,0.1589489895974758
5d0b6647e28fd700010c55ac|kw|1,5d0b6647e28fd700010c55ac,kw,1,6.0,0.5,kw_market,1,12.0,0.32852824989110146,0.5637532827453073,0.10771846736359103
5d150669b296b500187df8f9|kw|1,5d150669b296b500187df8f9,kw,1,12.0,0.0,kw_market,2,4.0,0.38443483688241825,0.5112332009704427,0.10433196214713904
5d150669b296b500187df8f9|kw|1,5d150669b296b500187df8f9,kw,1,12.0,0.0,kw_market,2,6.0,0.5422791449338422,0.3286389162323282,0.1290819388338295
5d150669b296b500187df8f9|kw|1,5d150669b296b500187df8f9,kw,1,12.0,0.0,kw_market,2,8.0,0.2698091650530893,0.6475982609343395,0.08259257401257118
5d150669b296b500187df8f9|kw|1,5d150669b296b500187df8f9,kw,1,12.0,0.0,kw_market,2,12.0,0.11244509851904921,0.8489162900915855,0.038638611389365515
5d2466b24813f6000188f4b4|kw|1,5d2466b24813f6000188f4b4,kw,1,10.0,0.16666666666666666,kw_market,2,4.0,0.4001417668548717,0.28052799471561857,0.3193302384295097
5d2466b24813f6000188f4b4|kw|1,5d2466b24813f6000188f4b4,kw,1,10.0,0.16666666666666666,kw_market,2,6.0,0.4951831160102514,0.15820781143504398,0.34660907255470474
5d2466b24813f6000188f4b4|kw|1,5d2466b24813f6000188f4b4,kw,1,10.0,0.16666666666666666,kw_market,2,8.0,0.3159044117831512,0.39973361783917033,0.28436197037767835
5d2466b24813f6000188f4b4|kw|1,5d2466b24813f6000188f4b4,kw,1,10.0,0.16666666666666666,kw_market,2,12.0,0.16693066077214383,0.6643951567638166,0.16867418246403978
5d260d4255a29b0017698915|lt|0,5d260d4255a29b0017698915,lt,0,6.0,0.5,lt_control,3,4.0,0.6395013160788713,0.2384759243015463,0.1220227596195825
5d260d4255a29b0017698915|lt|0,5d260d4255a29b0017698915,lt,0,6.0,0.5,lt_control,3,6.0,0.7477747132767695,0.12707895817734013,0.12514632854589033
5d260d4255a29b0017698915|lt|0,5d260d4255a29b0017698915,lt,0,6.0,0.5,lt_control,3,8.0,0.5295807226969695,0.35644122485060925,0.11397805245242122
5d260d4255a29b0017698915|lt|0,5d260d4255a29b0017698915,lt,0,6.0,0.5,lt_control,3,12.0,0.2977392236810803,0.6303288330170002,0.07193194330191957
5d37ad921c16bb0015281337|lt|1,5d37ad921c16bb0015281337,lt,1,8.0,0.3333333333333333,lt_market,1,4.0,0.4164008745007025,0.1338833199922762,0.44971580550702134
5d37ad921c16bb0015281337|lt|1,5d37ad921c16bb0015281337,lt,1,8.0,0.3333333333333333,lt_market,1,6.0,0.4776011186675175,0.06998096845771834,0.45241791287476424
5d37ad921c16bb0015281337|lt|1,5d37ad921c16bb0015281337,lt,1,8.0,0.3333333333333333,lt_market,1,8.0,0.35733260289200547,0.20736723865446208,0.4353001584535324
5d37ad921c16bb0015281337|lt|1,5d37ad921c16bb0015281337,lt,1,8.0,0.3333333333333333,lt_market,1,12.0,0.23850463638782385,0.43535114386867885,0.3261442197434974
5d3d9749607ede001a0712df|kw|1,5d3d9749607ede001a0712df,kw,1,12.0,0.0,kw_market,4,4.0,0.5586606919243268,0.34065656275237094,0.10068274532330232
5d3d9749607ede001a0712df|kw|1,5d3d9749607ede001a0712df,kw,1,12.0,0.0,kw_market,4,6.0,0.6963986685899353,0.1935202203482972,0.11008111106176753
5d3d9749607ede001a0712df|kw|1,5d3d9749607ede001a0712df,kw,1,12.0,0.0,kw_market,4,8.0,0.4340541290144626,0.4777109522856969,0.0882349186998405
5d3d9749607ede001a0712df|kw|1,5d3d9749607ede001a0712df,kw,1,12.0,0.0,kw_market,4,12.0,0.21322207286148784,0.738123155701806,0.04865477143670605
5d403b7d4e509a0019f664f0|lt|1,5d403b7d4e509a0019f664f0,lt,1,5.5,0.5416666666666666,lt_market,1,4.0,0.4164008745007025,0.1338833199922762,0.44971580550702134
5d403b7d4e509a0019f664f0|lt|1,5d403b7d4e509a0019f664f0,lt,1,5.5,0.5416666666666666,lt_market,1,6.0,0.4776011186675175,0.06998096845771834,0.45241791287476424
5d403b7d4e509a0019f664f0|lt|1,5d403b7d4e509a0019f664f0,lt,1,5.5,0.5416666666666666,lt_market,1,8.0,0.35733260289200547,0.20736723865446208,0.4353001584535324
5d403b7d4e509a0019f664f0|lt|1,5d403b7d4e509a0019f664f0,lt,1,5.5,0.5416666666666666,lt_market,1,12.0,0.23850463638782385,0.43535114386867885,0.3261442197434974
5d4699cbda9cb60015aa45f7|lt|0,5d4699cbda9cb60015aa45f7,lt,0,6.0,0.5,lt_control,3,4.0,0.6395013160788713,0.2384759243015463,0.1220227596195825
5d4699cbda9cb60015aa45f7|lt|0,5d4699cbda9cb60015aa45f7,lt,0,6.0,0.5,lt_control,3,6.0,0.7477747132767695,0.12707895817734013,0.12514632854589033
5d4699cbda9cb60015aa45f7|lt|0,5d4699cbda9cb60015aa45f7,lt,0,6.0,0.5,lt_control,3,8.0,0.5295807226969695,0.35644122485060925,0.11397805245242122
5d4699cbda9cb60015aa45f7|lt|0,5d4699cbda9cb60015aa45f7,lt,0,6.0,0.5,lt_control,3,12.0,0.2977392236810803,0.6303288330170002,0.07193194330191957
5d4bf8571348c800174c6ecb|lt|1,5d4bf8571348c800174c6ecb,lt,1,11.0,0.08333333333333333,lt_market,4,4.0,0.36015072619270194,0.058265909509683536,0.5815833642976144
5d4bf8571348c800174c6ecb|lt|1,5d4bf8571348c800174c6ecb,lt,1,11.0,0.08333333333333333,lt_market,4,6.0,0.40159126602600936,0.02960835415364955,0.5688003798203412
5d4bf8571348c800174c6ecb|lt|1,5d4bf8571348c800174c6ecb,lt,1,11.0,0.08333333333333333,lt_market,4,8.0,0.3211870652861514,0.09378663279450472,0.5850263019193439
5d4bf8571348c800174c6ecb|lt|1,5d4bf8571348c800174c6ecb,lt,1,11.0,0.08333333333333333,lt_market,4,12.0,0.25232883943511525,0.23175288490698162,0.5159182756579029
5d510396f6725b001a4fc025|kw|0,5d510396f6725b001a4fc025,kw,0,8.0,0.3333333333333333,kw_control,4,4.0,0.6968665492495063,0.1911689023050412,0.11196454844545256
5d510396f6725b001a4fc025|kw|0,5d510396f6725b001a4fc025,kw,0,8.0,0.3333333333333333,kw_control,4,6.0,0.7899277660422191,0.09875401929139141,0.11131821466638946
5d510396f6725b001a4fc025|kw|0,5d510396f6725b001a4fc025,kw,0,8.0,0.3333333333333333,kw_control,4,8.0,0.5965315652298586,0.295361386949424,0.10810704782071744
5d510396f6725b001a4fc025|kw|0,5d510396f6725b001a4fc025,kw,0,8.0,0.3333333333333333,kw_control,4,12.0,0.3622119022415662,0.5641029475043086,0.07368515025412525
5d510396f6725b001a4fc025|kw|1,5d510396f6725b001a4fc025,kw,1,2.5,0.7916666666666666,kw_market,2,4.0,0.3081436479475767,0.6120580378811149,0.0797983141713082
5d510396f6725b001a4fc025|kw|1,5d510396f6725b001a4fc025,kw,1,2.5,0.7916666666666666,kw_market,2,6.0,0.46897142922245094,0.4245076724599894,0.10652089831755979
5d510396f6725b001a4fc025|kw|1,5d510396f6725b001a4fc025,kw,1,2.5,0.7916666666666666,kw_market,2,8.0,0.2050389177064317,0.7350694069740694,0.05989167531949893
5d510396f6725b001a4fc025|kw|1,5d510396f6725b001a4fc025,kw,1,2.5,0.7916666666666666,kw_market,2,12.0,0.07933857362271689,0.8946471813363184,0.026014245040964588
5d53326a70729700015efb69|kw|0,5d53326a70729700015efb69,kw,0,8.0,0.3333333333333333,kw_control,2,4.0,0.7433292992578339,0.10345181487983103,0.15321888586233506
5d53326a70729700015efb69|kw|0,5d53326a70729700015efb69,kw,0,8.0,0.3333333333333333,kw_control,2,6.0,0.8037187445761372,0.0509754105696561,0.1453058448542066
5d53326a70729700015efb69|kw|0,5d53326a70729700015efb69,kw,0,8.0,0.3333333333333333,kw_control,2,8.0,0.6739939015063535,0.16930332631981063,0.15670277217383582
5d53326a70729700015efb69|kw|0,5d53326a70729700015efb69,kw,0,8.0,0.3333333333333333,kw_control,2,12.0,0.4875453502907796,0.3852120864727461,0.12724256323647432
5d544c49318f5300168b8f04|kw|1,5d544c49318f5300168b8f04,kw,1,8.0,0.3333333333333333,kw_market,4,4.0,0.696866549249506,0.19116890230504152,0.1119645484454525
5d544c49318f5300168b8f04|kw|1,5d544c49318f5300168b8f04,kw,1,8.0,0.3333333333333333,kw_market,4,6.0,0.789927766042219,0.09875401929139162,0.1113182146663894
5d544c49318f5300168b8f04|kw|1,5d544c49318f5300168b8f04,kw,1,8.0,0.3333333333333333,kw_market,4,8.0,0.5965315652298582,0.2953613869494245,0.10810704782071738
5d544c49318f5300168b8f04|kw|1,5d544c49318f5300168b8f04,kw,1,8.0,0.3333333333333333,kw_market,4,12.0,0.36221190224156563,0.5641029475043091,0.07368515025412516
5d544c78ee3a4700164ee73f|kw|1,5d544c78ee3a4700164ee73f,kw,1,8.0,0.3333333333333333,kw_market,4,4.0,0.6968665492495063,0.1911689023050412,0.11196454844545256
5d544c78ee3a4700164ee73f|kw|1,5d544c78ee3a4700164ee73f,kw,1,8.0,0.3333333333333333,kw_market,4,6.0,0.7899277660422191,0.09875401929139141,0.11131821466638946
5d544c78ee3a4700164ee73f|kw|1,5d544c78ee3a4700164ee73f,kw,1,8.0,0.3333333333333333,kw_market,4,8.0,0.5965315652298586,0.295361386949424,0.10810704782071744
5d544c78ee3a4700164ee73f|kw|1,5d544c78ee3a4700164ee73f,kw,1,8.0,0.3333333333333333,kw_market,4,12.0,0.3622119022415662,0.5641029475043086,0.07368515025412525
5d548912e1c7130018e019dc|kw|0,5d548912e1c7130018e019dc,kw,0,7.0,0.4166666666666667,kw_control,4,4.0,0.6968665492495063,0.1911689023050412,0.11196454844545256
5d548912e1c7130018e019dc|kw|0,5d548912e1c7130018e019dc,kw,0,7.0,0.4166666666666667,kw_control,4,6.0,0.7899277660422191,0.09875401929139141,0.11131821466638946
5d548912e1c7130018e019dc|kw|0,5d548912e1c7130018e019dc,kw,0,7.0,0.4166666666666667,kw_control,4,8.0,0.5965315652298586,0.295361386949424,0.10810704782071744
5d548912e1c7130018e019dc|kw|0,5d548912e1c7130018e019dc,kw,0,7.0,0.4166666666666667,kw_control,4,12.0,0.3622119022415662,0.5641029475043086,0.07368515025412525
5d59cb467ca41f0001e97e1f|lt|1,5d59cb467ca41f0001e97e1f,lt,1,9.0,0.25,lt_market,3,4.0,0.6105873887929046,0.08844908194233575,0.3009635292647596
5d59cb467ca41f0001e97e1f|lt|1,5d59cb467ca41f0001e97e1f,lt,1,9.0,0.25,lt_market,3,6.0,0.6674034736675772,0.04405890859053265,0.28853761774189013
5d59cb467ca41f0001e97e1f|lt|1,5d59cb467ca41f0001e97e1f,lt,1,9.0,0.25,lt_market,3,8.0,0.5502271276176789,0.14386003419033044,0.3059128381919907
5d59cb467ca41f0001e97e1f|lt|1,5d59cb467ca41f0001e97e1f,lt,1,9.0,0.25,lt_market,3,12.0,0.4087506524873526,0.33614912260120056,0.2551002249114469
5d59d45948766d0018949d58|kw|0,5d59d45948766d0018949d58,kw,0,12.0,0.0,kw_control,4,4.0,0.571338770440549,0.17925048060108617,0.24941074895836488
5d59d45948766d0018949d58|kw|0,5d59d45948766d0018949d58,kw,0,12.0,0.0,kw_control,4,6.0,0.6553668294832129,0.0937024317775948,0.25093073873919225
5d59d45948766d0018949d58|kw|0,5d59d45948766d0018949d58,kw,0,12.0,0.0,kw_control,4,8.0,0.48575366787007584,0.2750650314776108,0.23918130065231333
5d59d45948766d0018949d58|kw|0,5d59d45948766d0018949d58,kw,0,12.0,0.0,kw_control,4,12.0,0.29995356075341145,0.5342551021496972,0.1657913370968915
5d5a72b1f6a633000186827b|kw|1,5d5a72b1f6a633000186827b,kw,1,0.0,1.0,kw_market,3,4.0,0.42130818632424755,0.48971733039762366,0.08897448327812882
5d5a72b1f6a633000186827b|kw|1,5d5a72b1f6a633000186827b,kw,1,0.0,1.0,kw_market,3,6.0,0.5831074858897167,0.3088829703369596,0.10800954377332375
5d5a72b1f6a633000186827b|kw|1,5d5a72b1f6a633000186827b,kw,1,0.0,1.0,kw_market,3,8.0,0.29974470266593234,0.628853892412377,0.07140140492169056
5d5a72b1f6a633000186827b|kw|1,5d5a72b1f6a633000186827b,kw,1,0.0,1.0,kw_market,3,12.0,0.1271241598613032,0.8388835821665274,0.03399225797216935
5d5ae10ebe4ce30015ee95e2|kw|1,5d5ae10ebe4ce30015ee95e2,kw,1,2.0,0.8333333333333334,kw_market,4,4.0,0.6968665492495061,0.191168902305041,0.11196454844545285
5d5ae10ebe4ce30015ee95e2|kw|1,5d5ae10ebe4ce30015ee95e2,kw,1,2.0,0.8333333333333334,kw_market,4,6.0,0.789927766042219,0.09875401929139131,0.1113182146663897
5d5ae10ebe4ce30015ee95e2|kw|1,5d5ae10ebe4ce30015ee95e2,kw,1,2.0,0.8333333333333334,kw_market,4,8.0,0.5965315652298585,0.29536138694942377,0.10810704782071771
5d5ae10ebe4ce30015ee95e2|kw|1,5d5ae10ebe4ce30015ee95e2,kw,1,2.0,0.8333333333333334,kw_market,4,12.0,0.3622119022415662,0.5641029475043082,0.07368515025412546
5d5b4f93a90c5600016ef485|lt|0,5d5b4f93a90c5600016ef485,lt,0,8.0,0.3333333333333333,lt_control,3,4.0,0.7469537774739156,0.1260492290024411,0.12699699352364338
5d5b4f93a90c5600016ef485|lt|0,5d5b4f93a90c5600016ef485,lt,0,8.0,0.3333333333333333,lt_control,3,6.0,0.8156423500109986,0.06272577061652274,0.12163187937247864
5d5b4f93a90c5600016ef485|lt|0,5d5b4f93a90c5600016ef485,lt,0,8.0,0.3333333333333333,lt_control,3,8.0,0.6682918351132063,0.2035472700851669,0.12816089480162682
5d5b4f93a90c5600016ef485|lt|0,5d5b4f93a90c5600016ef485,lt,0,8.0,0.3333333333333333,lt_control,3,12.0,0.46013164729019995,0.44081523307752585,0.09905311963227426
5d61547443c13200193ccb12|lt|0,5d61547443c13200193ccb12,lt,0,8.0,0.3333333333333333,lt_control,4,4.0,0.558660691924327,0.34065656275237055,0.10068274532330242
5d61547443c13200193ccb12|lt|0,5d61547443c13200193ccb12,lt,0,8.0,0.3333333333333333,lt_control,4,6.0,0.6963986685899355,0.193520220348297,0.11008111106176757
5d61547443c13200193ccb12|lt|0,5d61547443c13200193ccb12,lt,0,8.0,0.3333333333333333,lt_control,4,8.0,0.4340541290144629,0.47771095228569643,0.08823491869984058
5d61547443c13200193ccb12|lt|0,5d61547443c13200193ccb12,lt,0,8.0,0.3333333333333333,lt_control,4,12.0,0.21322207286148814,0.7381231557018059,0.048654771436706115
5d671936b5671a0017326ace|kw|0,5d671936b5671a0017326ace,kw,0,9.0,0.25,kw_control,4,4.0,0.558660691924327,0.34065656275237055,0.10068274532330242
5d671936b5671a0017326ace|kw|0,5d671936b5671a0017326ace,kw,0,9.0,0.25,kw_control,4,6.0,0.6963986685899355,0.193520220348297,0.11008111106176757
5d671936b5671a0017326ace|kw|0,5d671936b5671a0017326ace,kw,0,9.0,0.25,kw_control,4,8.0,0.4340541290144629,0.47771095228569643,0.08823491869984058
5d671936b5671a0017326ace|kw|0,5d671936b5671a0017326ace,kw,0,9.0,0.25,kw_control,4,12.0,0.21322207286148814,0.7381231557018059,0.048654771436706115
5d6807f9778de5001a120d9a|lt|0,5d6807f9778de5001a120d9a,lt,0,12.0,0.0,lt_control,2,4.0,0.41443326646194073,0.4716735628008579,0.11389317073720139
5d6807f9778de5001a120d9a|lt|0,5d6807f9778de5001a120d9a,lt,0,12.0,0.0,lt_control,2,6.0,0.5682768236808804,0.2947451332771059,0.1369780430420138
5d6807f9778de5001a120d9a|lt|0,5d6807f9778de5001a120d9a,lt,0,12.0,0.0,lt_control,2,8.0,0.29725062566495125,0.6106078237978809,0.0921415505371678
5d6807f9778de5001a120d9a|lt|0,5d6807f9778de5001a120d9a,lt,0,12.0,0.0,lt_control,2,12.0,0.12805431409087323,0.8273878971058752,0.044557788803251425
5d6ebbf926b44400175f445a|kw|0,5d6ebbf926b44400175f445a,kw,0,6.0,0.5,kw_control,1,4.0,0.6405229171721862,0.19360787262979268,0.1658692101980212
5d6ebbf926b44400175f445a|kw|0,5d6ebbf926b44400175f445a,kw,0,6.0,0.5,kw_control,1,6.0,0.7326644629278752,0.10092371760092787,0.1664118194711969
5d6ebbf926b44400175f445a|kw|0,5d6ebbf926b44400175f445a,kw,0,6.0,0.5,kw_control,1,8.0,0.5441730175719791,0.29687799283054517,0.1589489895974758
5d6ebbf926b44400175f445a|kw|0,5d6ebbf926b44400175f445a,kw,0,6.0,0.5,kw_control,1,12.0,0.32852824989110146,0.5637532827453073,0.10771846736359103
5d6f8881a273800019397e62|kw|1,5d6f8881a273800019397e62,kw,1,12.0,0.0,kw_market,4,4.0,0.5151051505452523,0.07039878187562157,0.41449606757912616
5d6f8881a273800019397e62|kw|1,5d6f8881a273800019397e62,kw,1,12.0,0.0,kw_market,4,6.0,0.5655891103243015,0.03522654612652285,0.39918434354917576
5d6f8881a273800019397e62|kw|1,5d6f8881a273800019397e62,kw,1,12.0,0.0,kw_market,4,8.0,0.4641848139915373,0.11450193911646846,0.4213132468919943
5d6f8881a273800019397e62|kw|1,5d6f8881a273800019397e62,kw,1,12.0,0.0,kw_market,4,12.0,0.35781551229774383,0.2776236375456086,0.36456085015664746
5d7472ad3bc4020015f3bb56|lt|0,5d7472ad3bc4020015f3bb56,lt,0,6.0,0.5,lt_control,3,4.0,0.4959289698853197,0.21570973254002695,0.28836129757465334
5d7472ad3bc4020015f3bb56|lt|0,5d7472ad3bc4020015f3bb56,lt,0,6.0,0.5,lt_control,3,6.0,0.585406199151075,0.11603990150499417,0.298553899343931
5d7472ad3bc4020015f3bb56|lt|0,5d7472ad3bc4020015f3bb56,lt,0,6.0,0.5,lt_control,3,8.0,0.4096825841278621,0.32162546367650824,0.26869195219562964
5d7472ad3bc4020015f3bb56|lt|0,5d7472ad3bc4020015f3bb56,lt,0,6.0,0.5,lt_control,3,12.0,0.23778166184055208,0.5871602455543499,0.17505809260509828
5d75af57bcfd5b001b192708|lt|0,5d75af57bcfd5b001b192708,lt,0,5.5,0.5416666666666666,lt_control,4,4.0,0.558660691924327,0.34065656275237055,0.10068274532330242
5d75af57bcfd5b001b192708|lt|0,5d75af57bcfd5b001b192708,lt,0,5.5,0.5416666666666666,lt_control,4,6.0,0.6963986685899355,0.193520220348297,0.11008111106176757
5d75af57bcfd5b001b192708|lt|0,5d75af57bcfd5b001b192708,lt,0,5.5,0.5416666666666666,lt_control,4,8.0,0.4340541290144629,0.47771095228569643,0.08823491869984058
5d75af57bcfd5b001b192708|lt|0,5d75af57bcfd5b001b192708,lt,0,5.5,0.5416666666666666,lt_control,4,12.0,0.21322207286148814,0.7381231557018059,0.048654771436706115
5d7874252f037f0016637125|lt|0,5d7874252f037f0016637125,lt,0,6.0,0.5,lt_control,4,4.0,0.558660691924327,0.34065656275237055,0.10068274532330242
5d7874252f037f0016637125|lt|0,5d7874252f037f0016637125,lt,0,6.0,0.5,lt_control,4,6.0,0.6963986685899355,0.193520220348297,0.11008111106176757
5d7874252f037f0016637125|lt|0,5d7874252f037f0016637125,lt,0,6.0,0.5,lt_control,4,8.0,0.4340541290144629,0.47771095228569643,0.08823491869984058
5d7874252f037f0016637125|lt|0,5d7874252f037f0016637125,lt,0,6.0,0.5,lt_control,4,12.0,0.21322207286148814,0.7381231557018059,0.048654771436706115
5d853d4eecc7dc001850467f|lt|1,5d853d4eecc7dc001850467f,lt,1,9.0,0.25,lt_market,4,4.0,0.2825048859819502,0.1384234588173259,0.5790716552007239
5d853d4eecc7dc001850467f|lt|1,5d853d4eecc7dc001850467f,lt,1,9.0,0.25,lt_market,4,6.0,0.3309997034000544,0.07391134588732341,0.5950889507126221
5d853d4eecc7dc001850467f|lt|1,5d853d4eecc7dc001850467f,lt,1,9.0,0.25,lt_market,4,8.0,0.23829844938565076,0.21074516084945918,0.55095638976489
5d853d4eecc7dc001850467f|lt|1,5d853d4eecc7dc001850467f,lt,1,9.0,0.25,lt_market,4,12.0,0.15681256550726025,0.4362069864522753,0.4069804480404646
5d8998025e8a740001d6e2f1|lt|1,5d8998025e8a740001d6e2f1,lt,1,12.0,0.0,lt_market,3,4.0,0.2562318479791814,0.05091284207205314,0.6928553099487653
5d8998025e8a740001d6e2f1|lt|1,5d8998025e8a740001d6e2f1,lt,1,12.0,0.0,lt_market,3,6.0,0.2888305036342717,0.026153936343536768,0.6850155600221915
5d8998025e8a740001d6e2f1|lt|1,5d8998025e8a740001d6e2f1,lt,1,12.0,0.0,lt_market,3,8.0,0.22682808902492865,0.0813474095135586,0.6918245014615128
5d8998025e8a740001d6e2f1|lt|1,5d8998025e8a740001d6e2f1,lt,1,12.0,0.0,lt_market,3,12.0,0.18012387769346097,0.203185889117854,0.616690233188685
5d90f475c83a770017213e12|kw|1,5d90f475c83a770017213e12,kw,1,9.5,0.20833333333333334,kw_market,2,4.0,0.32054736603081363,0.08353495488897296,0.5959176790802134
5d90f475c83a770017213e12|kw|1,5d90f475c83a770017213e12,kw,1,9.5,0.20833333333333334,kw_market,2,6.0,0.3637235117598354,0.04319636258952675,0.5930801256506377
5d90f475c83a770017213e12|kw|1,5d90f475c83a770017213e12,kw,1,9.5,0.20833333333333334,kw_market,2,8.0,0.28032506469249974,0.1318531841623393,0.587821751145161
5d90f475c83a770017213e12|kw|1,5d90f475c83a770017213e12,kw,1,9.5,0.20833333333333334,kw_market,2,12.0,0.20689705542291073,0.3060964996220178,0.48700644495507156
5da742be98c680001539f67f|lt|1,5da742be98c680001539f67f,lt,1,12.0,0.0,lt_market,2,4.0,0.7361673893474243,0.1096348379431364,0.15419777270943927
5da742be98c680001539f67f|lt|1,5da742be98c680001539f67f,lt,1,12.0,0.0,lt_market,2,6.0,0.7989861817038332,0.054226433888478885,0.1467873844076879
5da742be98c680001539f67f|lt|1,5da742be98c680001539f67f,lt,1,12.0,0.0,lt_market,2,8.0,0.6644263575202457,0.17859591350504198,0.15697772897471232
5da742be98c680001539f67f|lt|1,5da742be98c680001539f67f,lt,1,12.0,0.0,lt_market,2,12.0,0.47378044198395936,0.4005688338862741,0.12565072412976652
5dab79a5525a7600139cd31e|lt|0,5dab79a5525a7600139cd31e,lt,0,10.5,0.125,lt_control,1,4.0,0.698798224432229,0.11406147889155789,0.18714029667621307
5dab79a5525a7600139cd31e|lt|0,5dab79a5525a7600139cd31e,lt,0,10.5,0.125,lt_control,1,6.0,0.7637816584613157,0.056814109370394335,0.17940423216829
5dab79a5525a7600139cd31e|lt|0,5dab79a5525a7600139cd31e,lt,0,10.5,0.125,lt_control,1,8.0,0.6263022562449089,0.18451167141005792,0.18918607234503312
5dab79a5525a7600139cd31e|lt|0,5dab79a5525a7600139cd31e,lt,0,10.5,0.125,lt_control,1,12.0,0.4413591113573683,0.4089849486994945,0.14965593994313725
5dab79a5525a7600139cd31e|lt|1,5dab79a5525a7600139cd31e,lt,1,3.0,0.75,lt_market,1,4.0,0.6581622492398861,0.17242164747245606,0.16941610328765785
5dab79a5525a7600139cd31e|lt|1,5dab79a5525a7600139cd31e,lt,1,3.0,0.75,lt_market,1,6.0,0.7434064265380043,0.0887533808905588,0.16784019257143692
5dab79a5525a7600139cd31e|lt|1,5dab79a5525a7600139cd31e,lt,1,3.0,0.75,lt_market,1,8.0,0.5671570528192297,0.2681728579214787,0.16467008925929158
5dab79a5525a7600139cd31e|lt|1,5dab79a5525a7600139cd31e,lt,1,3.0,0.75,lt_market,1,12.0,0.3554699132209153,0.5286761196575392,0.11585396712154535
5db1dbb351eb21000c443e58|kw|1,5db1dbb351eb21000c443e58,kw,1,12.0,0.0,kw_market,3,4.0,0.24939403524112835,0.6893169842730072,0.06128898048586439
5db1dbb351eb21000c443e58|kw|1,5db1dbb351eb21000c443e58,kw,1,12.0,0.0,kw_market,3,6.0,0.4040162045133804,0.5088988554014028,0.08708494008521685
5db1dbb351eb21000c443e58|kw|1,5db1dbb351eb21000c443e58,kw,1,12.0,0.0,kw_market,3,8.0,0.15959463983206776,0.7961664621950535,0.0442388979728788
5db1dbb351eb21000c443e58|kw|1,5db1dbb351eb21000c443e58,kw,1,12.0,0.0,kw_market,3,12.0,0.058814769384417265,0.9228844727509813,0.018300757864601315
5db6553837647d000bb049ab|lt|1,5db6553837647d000bb049ab,lt,1,12.0,0.0,lt_market,1,4.0,0.4217863885520073,0.08362403817848542,0.4945895732695073
5db6553837647d000bb049ab|lt|1,5db6553837647d000bb049ab,lt,1,12.0,0.0,lt_market,1,6.0,0.4719557437340868,0.042642202044685724,0.4854020542212275
5db6553837647d000bb049ab|lt|1,5db6553837647d000bb049ab,lt,1,12.0,0.0,lt_market,1,8.0,0.3730670680706269,0.13349904239715915,0.49343388953221384
5db6553837647d000bb049ab|lt|1,5db6553837647d000bb049ab,lt,1,12.0,0.0,lt_market,1,12.0,0.27698876136268313,0.3117659971355975,0.41124524150171937
5dbe4c414d98b9351114504a|kw|1,5dbe4c414d98b9351114504a,kw,1,1.0,0.9166666666666666,kw_market,4,4.0,0.5713387704405489,0.1792504806010861,0.24941074895836493
5dbe4c414d98b9351114504a|kw|1,5dbe4c414d98b9351114504a,kw,1,1.0,0.9166666666666666,kw_market,4,6.0,0.6553668294832129,0.0937024317775948,0.2509307387391923
5dbe4c414d98b9351114504a|kw|1,5dbe4c414d98b9351114504a,kw,1,1.0,0.9166666666666666,kw_market,4,8.0,0.48575366787007584,0.2750650314776108,0.23918130065231333
5dbe4c414d98b9351114504a|kw|1,5dbe4c414d98b9351114504a,kw,1,1.0,0.9166666666666666,kw_market,4,12.0,0.2999535607534114,0.5342551021496968,0.1657913370968915
5dbecb5e30c4d737494efe10|kw|1,5dbecb5e30c4d737494efe10,kw,1,10.5,0.125,kw_market,3,4.0,0.37782188524754506,0.3450245179996606,0.2771535967527944
5dbecb5e30c4d737494efe10|kw|1,5dbecb5e30c4d737494efe10,kw,1,10.5,0.125,kw_market,3,6.0,0.4855399835175571,0.20206338260894732,0.3123966338734956
5dbecb5e30c4d737494efe10|kw|1,5dbecb5e30c4d737494efe10,kw,1,10.5,0.125,kw_market,3,8.0,0.2877171553338303,0.4742215286942508,0.23806131597191876
5dbecb5e30c4d737494efe10|kw|1,5dbecb5e30c4d737494efe10,kw,1,10.5,0.125,kw_market,3,12.0,0.14058560782757604,0.7288392182989976,0.13057517387342643
5dbf3be9aab19f3e2dab2f4d|lt|0,5dbf3be9aab19f3e2dab2f4d,lt,0,6.0,0.5,lt_control,2,4.0,0.5756275307869297,0.289175828122463,0.1351966410906073
5dbf3be9aab19f3e2dab2f4d|lt|0,5dbf3be9aab19f3e2dab2f4d,lt,0,6.0,0.5,lt_control,2,6.0,0.6968924612271754,0.15954601824848022,0.14356152052434434
5dbf3be9aab19f3e2dab2f4d|lt|0,5dbf3be9aab19f3e2dab2f4d,lt,0,6.0,0.5,lt_control,2,8.0,0.46048162042858715,0.41752779585571925,0.12199058371569356
5dbf3be9aab19f3e2dab2f4d|lt|0,5dbf3be9aab19f3e2dab2f4d,lt,0,6.0,0.5,lt_control,2,12.0,0.24100030959831442,0.687331195008194,0.07166849539349159
5dc08036fd08d4033964f469|kw|1,5dc08036fd08d4033964f469,kw,1,10.0,0.16666666666666666,kw_market,2,4.0,0.3456508052931933,0.5637463174184143,0.09060287728839257
5dc08036fd08d4033964f469|kw|1,5dc08036fd08d4033964f469,kw,1,10.0,0.16666666666666666,kw_market,2,6.0,0.5067971867022574,0.37668654944871244,0.1165162638490302
5dc08036fd08d4033964f469|kw|1,5dc08036fd08d4033964f469,kw,1,10.0,0.16666666666666666,kw_market,2,8.0,0.23588262155434833,0.6943760803653167,0.06974129808033508
5dc08036fd08d4033964f469|kw|1,5dc08036fd08d4033964f469,kw,1,10.0,0.16666666666666666,kw_market,2,12.0,0.09441887754561487,0.8742446871402849,0.03133643531410031
5dce56cf1480fb0dfc4bfd2f|lt|1,5dce56cf1480fb0dfc4bfd2f,lt,1,6.5,0.4583333333333333,lt_market,3,4.0,0.2546544133044559,0.052801129266621366,0.6925444574289227
5dce56cf1480fb0dfc4bfd2f|lt|1,5dce56cf1480fb0dfc4bfd2f,lt,1,6.5,0.4583333333333333,lt_market,3,6.0,0.2873729306121163,0.027154238822804128,0.6854728305650797
5dce56cf1480fb0dfc4bfd2f|lt|1,5dce56cf1480fb0dfc4bfd2f,lt,1,6.5,0.4583333333333333,lt_market,3,8.0,0.2251366853022613,0.08425407845376943,0.6906092362439693
5dce56cf1480fb0dfc4bfd2f|lt|1,5dce56cf1480fb0dfc4bfd2f,lt,1,6.5,0.4583333333333333,lt_market,3,12.0,0.17792071710543314,0.2094336915213668,0.6126455913732
5dcedfe8dfe9da02dbb08f4f|lt|1,5dcedfe8dfe9da02dbb08f4f,lt,1,10.0,0.16666666666666666,lt_market,2,4.0,0.5353561100298982,0.09146678574589417,0.3731771042242077
5dcedfe8dfe9da02dbb08f4f|lt|1,5dcedfe8dfe9da02dbb08f4f,lt,1,10.0,0.16666666666666666,lt_market,2,6.0,0.5919774054330703,0.04609200046226272,0.36193059410466694
5dcedfe8dfe9da02dbb08f4f|lt|1,5dcedfe8dfe9da02dbb08f4f,lt,1,10.0,0.16666666666666666,lt_market,2,8.0,0.47741286250913384,0.14722020935868363,0.37536692813218253
5dcedfe8dfe9da02dbb08f4f|lt|1,5dcedfe8dfe9da02dbb08f4f,lt,1,10.0,0.16666666666666666,lt_market,2,12.0,0.35056505207350097,0.340030047926627,0.30940489999987214
5dd06140c6588f1477daab8b|lt|1,5dd06140c6588f1477daab8b,lt,1,10.0,0.16666666666666666,lt_market,3,4.0,0.3323902021545645,0.18225153614373235,0.485358261701703
5dd06140c6588f1477daab8b|lt|1,5dd06140c6588f1477daab8b,lt,1,10.0,0.16666666666666666,lt_market,3,6.0,0.39516032246515936,0.09874067406802761,0.506099003466813
5dd06140c6588f1477daab8b|lt|1,5dd06140c6588f1477daab8b,lt,1,10.0,0.16666666666666666,lt_market,3,8.0,0.27497642931603455,0.27212667383566375,0.45289689684830164
5dd06140c6588f1477daab8b|lt|1,5dd06140c6588f1477daab8b,lt,1,10.0,0.16666666666666666,lt_market,3,12.0,0.16773897407471863,0.5221376257114089,0.31012340021387247
5dd61a909ca8a35c14d8d610|kw|1,5dd61a909ca8a35c14d8d610,kw,1,12.0,0.0,kw_market,4,4.0,0.23885324505544323,0.7032627233521233,0.05788403159243351
5dd61a909ca8a35c14d8d610|kw|1,5dd61a909ca8a35c14d8d610,kw,1,12.0,0.0,kw_market,4,6.0,0.3914886842868674,0.5252976262956702,0.08321368941746228
5dd61a909ca8a35c14d8d610|kw|1,5dd61a909ca8a35c14d8d610,kw,1,12.0,0.0,kw_market,4,8.0,0.15180118674477575,0.806704129730041,0.04149468352518311
5dd61a909ca8a35c14d8d610|kw|1,5dd61a909ca8a35c14d8d610,kw,1,12.0,0.0,kw_market,4,12.0,0.055487266258220855,0.9274869428138329,0.017025790927946243
5dd61f689740545c506ee244|kw|0,5dd61f689740545c506ee244,kw,0,12.0,0.0,kw_control,4,4.0,0.558660691924327,0.34065656275237055,0.10068274532330242
5dd61f689740545c506ee244|kw|0,5dd61f689740545c506ee244,kw,0,12.0,0.0,kw_control,4,6.0,0.6963986685899355,0.193520220348297,0.11008111106176757
5dd61f689740545c506ee244|kw|0,5dd61f689740545c506ee244,kw,0,12.0,0.0,kw_control,4,8.0,0.4340541290144629,0.47771095228569643,0.08823491869984058
5dd61f689740545c506ee244|kw|0,5dd61f689740545c506ee244,kw,0,12.0,0.0,kw_control,4,12.0,0.21322207286148814,0.7381231557018059,0.048654771436706115
5dd9e1e0a4aa2696d9a15c0d|kw|0,5dd9e1e0a4aa2696d9a15c0d,kw,0,7.0,0.4166666666666667,kw_control,4,4.0,0.558660691924327,0.34065656275237055,0.10068274532330242
5dd9e1e0a4aa2696d9a15c0d|kw|0,5dd9e1e0a4aa2696d9a15c0d,kw,0,7.0,0.4166666666666667,kw_control,4,6.0,0.6963986685899355,0.193520220348297,0.11008111106176757
5dd9e1e0a4aa2696d9a15c0d|kw|0,5dd9e1e0a4aa2696d9a15c0d,kw,0,7.0,0.4166666666666667,kw_control,4,8.0,0.4340541290144629,0.47771095228569643,0.08823491869984058
5dd9e1e0a4aa2696d9a15c0d|kw|0,5dd9e1e0a4aa2696d9a15c0d,kw,0,7.0,0.4166666666666667,kw_control,4,12.0,0.21322207286148814,0.7381231557018059,0.048654771436706115
5de398993cf27939a25abc5f|kw|1,5de398993cf27939a25abc5f,kw,1,12.0,0.0,kw_market,1,4.0,0.4217863885520073,0.08362403817848542,0.4945895732695073
5de398993cf27939a25abc5f|kw|1,5de398993cf27939a25abc5f,kw,1,12.0,0.0,kw_market,1,6.0,0.4719557437340868,0.042642202044685724,0.4854020542212275
5de398993cf27939a25abc5f|kw|1,5de398993cf27939a25abc5f,kw,1,12.0,0.0,kw_market,1,8.0,0.3730670680706269,0.13349904239715915,0.49343388953221384
5de398993cf27939a25abc5f|kw|1,5de398993cf27939a25abc5f,kw,1,12.0,0.0,kw_market,1,12.0,0.27698876136268313,0.3117659971355975,0.41124524150171937
5de81d685a8f94795b893d45|lt|1,5de81d685a8f94795b893d45,lt,1,9.0,0.25,lt_market,3,4.0,0.3778218852475453,0.3450245179996603,0.2771535967527944
5de81d685a8f94795b893d45|lt|1,5de81d685a8f94795b893d45,lt,1,9.0,0.25,lt_market,3,6.0,0.4855399835175573,0.2020633826089471,0.3123966338734956
5de81d685a8f94795b893d45|lt|1,5de81d685a8f94795b893d45,lt,1,9.0,0.25,lt_market,3,8.0,0.2877171553338305,0.4742215286942506,0.23806131597191893
5de81d685a8f94795b893d45|lt|1,5de81d685a8f94795b893d45,lt,1,9.0,0.25,lt_market,3,12.0,0.1405856078275762,0.7288392182989973,0.1305751738734265
5de92feac16a6b000e8add98|lt|0,5de92feac16a6b000e8add98,lt,0,6.0,0.5,lt_control,3,4.0,0.45902113891347357,0.4416980374481885,0.09928082363833797
5de92feac16a6b000e8add98|lt|0,5de92feac16a6b000e8add98,lt,0,6.0,0.5,lt_control,3,6.0,0.6141642285529435,0.2693252513060585,0.11651052014099801
5de92feac16a6b000e8add98|lt|0,5de92feac16a6b000e8add98,lt,0,6.0,0.5,lt_control,3,8.0,0.3354866394421057,0.5826673380950669,0.08184602246282718
5de92feac16a6b000e8add98|lt|0,5de92feac16a6b000e8add98,lt,0,6.0,0.5,lt_control,3,12.0,0.1484401194684878,0.8109089658498542,0.04065091468165801
5de9d78ebe656d10e1a26af6|lt|0,5de9d78ebe656d10e1a26af6,lt,0,6.0,0.5,lt_control,4,4.0,0.39745569921070323,0.5203819764357419,0.08216232435355485
5de9d78ebe656d10e1a26af6|lt|0,5de9d78ebe656d10e1a26af6,lt,0,6.0,0.5,lt_control,4,6.0,0.5624350765876531,0.33558743207924396,0.10197749133310301
5de9d78ebe656d10e1a26af6|lt|0,5de9d78ebe656d10e1a26af6,lt,0,6.0,0.5,lt_control,4,8.0,0.2780641283585261,0.6570995126355871,0.064836359005887
5de9d78ebe656d10e1a26af6|lt|0,5de9d78ebe656d10e1a26af6,lt,0,6.0,0.5,lt_control,4,12.0,0.11501264967933003,0.8548839233422202,0.030103426978449522
5dea96a5770a431bbed1efb2|lt|1,5dea96a5770a431bbed1efb2,lt,1,6.0,0.5,lt_market,4,4.0,0.7967830643922639,0.0863610139892806,0.11685592161845557
5dea96a5770a431bbed1efb2|lt|1,5dea96a5770a431bbed1efb2,lt,1,6.0,0.5,lt_market,4,6.0,0.8488753979574292,0.04192966165494564,0.10919494038762523
5dea96a5770a431bbed1efb2|lt|1,5dea96a5770a431bbed1efb2,lt,1,6.0,0.5,lt_market,4,8.0,0.734725594349773,0.14373266181188782,0.12154174383833914
5dea96a5770a431bbed1efb2|lt|1,5dea96a5770a431bbed1efb2,lt,1,6.0,0.5,lt_market,4,12.0,0.5552408647390824,0.3416544516522735,0.10310468360864405
5defac7e56b506000cdd3b32|lt|1,5defac7e56b506000cdd3b32,lt,1,10.5,0.125,lt_market,4,4.0,0.28250488598195006,0.138423458817326,0.5790716552007239
5defac7e56b506000cdd3b32|lt|1,5defac7e56b506000cdd3b32,lt,1,10.5,0.125,lt_market,4,6.0,0.33099970340005425,0.07391134588732348,0.5950889507126222
5defac7e56b506000cdd3b32|lt|1,5defac7e56b506000cdd3b32,lt,1,10.5,0.125,lt_market,4,8.0,0.2382984493856506,0.21074516084945938,0.55095638976489
5defac7e56b506000cdd3b32|lt|1,5defac7e56b506000cdd3b32,lt,1,10.5,0.125,lt_market,4,12.0,0.1568125655072601,0.43620698645227546,0.4069804480404645
5df1fd62dc85350eb4d4ced1|lt|0,5df1fd62dc85350eb4d4ced1,lt,0,4.0,0.6666666666666666,lt_control,4,4.0,0.5713387704405489,0.1792504806010859,0.2494107489583651
5df1fd62dc85350eb4d4ced1|lt|0,5df1fd62dc85350eb4d4ced1,lt,0,4.0,0.6666666666666666,lt_control,4,6.0,0.6553668294832129,0.09370243177759467,0.25093073873919247
5df1fd62dc85350eb4d4ced1|lt|0,5df1fd62dc85350eb4d4ced1,lt,0,4.0,0.6666666666666666,lt_control,4,8.0,0.48575366787007596,0.2750650314776105,0.23918130065231363
5df1fd62dc85350eb4d4ced1|lt|0,5df1fd62dc85350eb4d4ced1,lt,0,4.0,0.6666666666666666,lt_control,4,12.0,0.29995356075341156,0.5342551021496966,0.16579133709689176
5df967d2f6191f6e87b236e6|kw|0,5df967d2f6191f6e87b236e6,kw,0,12.0,0.0,kw_control,3,4.0,0.7469537774739156,0.1260492290024411,0.12699699352364338
5df967d2f6191f6e87b236e6|kw|0,5df967d2f6191f6e87b236e6,kw,0,12.0,0.0,kw_control,3,6.0,0.8156423500109986,0.06272577061652274,0.12163187937247864
5df967d2f6191f6e87b236e6|kw|0,5df967d2f6191f6e87b236e6,kw,0,12.0,0.0,kw_control,3,8.0,0.6682918351132063,0.2035472700851669,0.12816089480162682
5df967d2f6191f6e87b236e6|kw|0,5df967d2f6191f6e87b236e6,kw,0,12.0,0.0,kw_control,3,12.0,0.46013164729019995,0.44081523307752585,0.09905311963227426
5df967d2f6191f6e87b236e6|kw|1,5df967d2f6191f6e87b236e6,kw,1,4.5,0.625,kw_market,4,4.0,0.5586606919243268,0.34065656275237094,0.10068274532330232
5df967d2f6191f6e87b236e6|kw|1,5df967d2f6191f6e87b236e6,kw,1,4.5,0.625,kw_market,4,6.0,0.6963986685899353,0.1935202203482972,0.11008111106176753
5df967d2f6191f6e87b236e6|kw|1,5df967d2f6191f6e87b236e6,kw,1,4.5,0.625,kw_market,4,8.0,0.4340541290144626,0.4777109522856969,0.0882349186998405
5df967d2f6191f6e87b236e6|kw|1,5df967d2f6191f6e87b236e6,kw,1,4.5,0.625,kw_market,4,12.0,0.21322207286148784,0.738123155701806,0.04865477143670605
5dfa56fddc265f7ac3bee209|kw|0,5dfa56fddc265f7ac3bee209,kw,0,7.0,0.4166666666666667,kw_control,4,4.0,0.558660691924327,0.34065656275237055,0.10068274532330242
5dfa56fddc265f7ac3bee209|kw|0,5dfa56fddc265f7ac3bee209,kw,0,7.0,0.4166666666666667,kw_control,4,6.0,0.6963986685899355,0.193520220348297,0.11008111106176757
5dfa56fddc265f7ac3bee209|kw|0,5dfa56fddc265f7ac3bee209,kw,0,7.0,0.4166666666666667,kw_control,4,8.0,0.4340541290144629,0.47771095228569643,0.08823491869984058
5dfa56fddc265f7ac3bee209|kw|0,5dfa56fddc265f7ac3bee209,kw,0,7.0,0.4166666666666667,kw_control,4,12.0,0.21322207286148814,0.7381231557018059,0.048654771436706115
5dfcf9a12e47259f5bdcd77f|kw|1,5dfcf9a12e47259f5bdcd77f,kw,1,10.5,0.125,kw_market,3,4.0,0.260519950029666,0.06455573819099836,0.6749243117793358
5dfcf9a12e47259f5bdcd77f|kw|1,5dfcf9a12e47259f5bdcd77f,kw,1,10.5,0.125,kw_market,3,6.0,0.29540292318457784,0.033358646917398746,0.6712384298980234
5dfcf9a12e47259f5bdcd77f|kw|1,5dfcf9a12e47259f5bdcd77f,kw,1,10.5,0.125,kw_market,3,8.0,0.22886414249464815,0.10235858679831353,0.6687772707070385
5dfcf9a12e47259f5bdcd77f|kw|1,5dfcf9a12e47259f5bdcd77f,kw,1,10.5,0.125,kw_market,3,12.0,0.1758406587839122,0.2473666748297031,0.5767926663863848
5dfedfbb557425b599c8c523|lt|1,5dfedfbb557425b599c8c523,lt,1,8.0,0.3333333333333333,lt_market,1,4.0,0.4554467860866765,0.4126105785648386,0.1319426353484848
5dfedfbb557425b599c8c523|lt|1,5dfedfbb557425b599c8c523,lt,1,8.0,0.3333333333333333,lt_market,1,6.0,0.599896467930663,0.2476730737552811,0.1524304583140559
5dfedfbb557425b599c8c523|lt|1,5dfedfbb557425b599c8c523,lt,1,8.0,0.3333333333333333,lt_market,1,8.0,0.33762022394749114,0.5520568860680827,0.11032288998442608
5dfedfbb557425b599c8c523|lt|1,5dfedfbb557425b599c8c523,lt,1,8.0,0.3333333333333333,lt_market,1,12.0,0.1536104876465857,0.7900445981566485,0.05634491419676593
5e04b9be7adf4bf23f066a2a|kw|1,5e04b9be7adf4bf23f066a2a,kw,1,11.5,0.041666666666666664,kw_market,1,4.0,0.4228996357122534,0.12243357875618316,0.4546667855315634
5e04b9be7adf4bf23f066a2a|kw|1,5e04b9be7adf4bf23f066a2a,kw,1,11.5,0.041666666666666664,kw_market,1,6.0,0.4819465494923466,0.0635860549491938,0.45446739555845955
5e04b9be7adf4bf23f066a2a|kw|1,5e04b9be7adf4bf23f066a2a,kw,1,11.5,0.041666666666666664,kw_market,1,8.0,0.3656021271786469,0.19104013148505083,0.4433577413363022
5e04b9be7adf4bf23f066a2a|kw|1,5e04b9be7adf4bf23f066a2a,kw,1,11.5,0.041666666666666664,kw_market,1,12.0,0.24969753917523133,0.4103982678196413,0.33990419300512736
5e0629a51d46070022c94ac9|lt|0,5e0629a51d46070022c94ac9,lt,0,6.0,0.5,lt_control,4,4.0,0.558660691924327,0.34065656275237055,0.10068274532330242
5e0629a51d46070022c94ac9|lt|0,5e0629a51d46070022c94ac9,lt,0,6.0,0.5,lt_control,4,6.0,0.6963986685899355,0.193520220348297,0.11008111106176757
5e0629a51d46070022c94ac9|lt|0,5e0629a51d46070022c94ac9,lt,0,6.0,0.5,lt_control,4,8.0,0.4340541290144629,0.47771095228569643,0.08823491869984058
5e0629a51d46070022c94ac9|lt|0,5e0629a51d46070022c94ac9,lt,0,6.0,0.5,lt_control,4,12.0,0.21322207286148814,0.7381231557018059,0.048654771436706115
5e0a4154deea2b2c63fb1062|kw|1,5e0a4154deea2b2c63fb1062,kw,1,10.0,0.16666666666666666,kw_market,4,4.0,0.42556696638651054,0.161775867593433,0.4126571660200565
5e0a4154deea2b2c63fb1062|kw|1,5e0a4154deea2b2c63fb1062,kw,1,10.0,0.16666666666666666,kw_market,4,6.0,0.494137214892386,0.08560382366663097,0.42025896144098307
5e0a4154deea2b2c63fb1062|kw|1,5e0a4154deea2b2c63fb1062,kw,1,10.0,0.16666666666666666,kw_market,4,8.0,0.35973163239707345,0.2468181642258094,0.39345020337711717
5e0a4154deea2b2c63fb1062|kw|1,5e0a4154deea2b2c63fb1062,kw,1,10.0,0.16666666666666666,kw_market,4,12.0,0.22800569444991042,0.4920616803254351,0.2799326252246543
5e13859753e8469d270982c0|kw|1,5e13859753e8469d270982c0,kw,1,6.0,0.5,kw_market,2,4.0,0.6975282686655849,0.15944182314185928,0.1430299081925558
5e13859753e8469d270982c0|kw|1,5e13859753e8469d270982c0,kw,1,6.0,0.5,kw_market,2,6.0,0.7788037865880962,0.08112753225543877,0.140068681156465
5e13859753e8469d270982c0|kw|1,5e13859753e8469d270982c0,kw,1,6.0,0.5,kw_market,2,8.0,0.6083263304308875,0.2509745675975255,0.140699101971587
5e13859753e8469d270982c0|kw|1,5e13859753e8469d270982c0,kw,1,6.0,0.5,kw_market,2,12.0,0.3910358228744681,0.5074403610624462,0.10152381606308578
5e13859753e8469d270982c0|lt|0,5e13859753e8469d270982c0,lt,0,6.0,0.5,lt_control,3,4.0,0.6395013160788713,0.2384759243015463,0.1220227596195825
5e13859753e8469d270982c0|lt|0,5e13859753e8469d270982c0,lt,0,6.0,0.5,lt_control,3,6.0,0.7477747132767695,0.12707895817734013,0.12514632854589033
5e13859753e8469d270982c0|lt|0,5e13859753e8469d270982c0,lt,0,6.0,0.5,lt_control,3,8.0,0.5295807226969695,0.35644122485060925,0.11397805245242122
5e13859753e8469d270982c0|lt|0,5e13859753e8469d270982c0,lt,0,6.0,0.5,lt_control,3,12.0,0.2977392236810803,0.6303288330170002,0.07193194330191957
5e1465b599b282a6feec000b|lt|1,5e1465b599b282a6feec000b,lt,1,12.0,0.0,lt_market,4,4.0,0.6968665492495063,0.1911689023050412,0.11196454844545256
5e1465b599b282a6feec000b|lt|1,5e1465b599b282a6feec000b,lt,1,12.0,0.0,lt_market,4,6.0,0.7899277660422191,0.09875401929139141,0.11131821466638946
5e1465b599b282a6feec000b|lt|1,5e1465b599b282a6feec000b,lt,1,12.0,0.0,lt_market,4,8.0,0.5965315652298586,0.295361386949424,0.10810704782071744
5e1465b599b282a6feec000b|lt|1,5e1465b599b282a6feec000b,lt,1,12.0,0.0,lt_market,4,12.0,0.3622119022415662,0.5641029475043086,0.07368515025412525
5e15047894d5eeb157532e7f|kw|1,5e15047894d5eeb157532e7f,kw,1,4.0,0.6666666666666666,kw_market,1,4.0,0.698798224432229,0.11406147889155789,0.18714029667621307
5e15047894d5eeb157532e7f|kw|1,5e15047894d5eeb157532e7f,kw,1,4.0,0.6666666666666666,kw_market,1,6.0,0.7637816584613157,0.056814109370394335,0.17940423216829
5e15047894d5eeb157532e7f|kw|1,5e15047894d5eeb157532e7f,kw,1,4.0,0.6666666666666666,kw_market,1,8.0,0.6263022562449089,0.18451167141005792,0.18918607234503312
5e15047894d5eeb157532e7f|kw|1,5e15047894d5eeb157532e7f,kw,1,4.0,0.6666666666666666,kw_market,1,12.0,0.4413591113573683,0.4089849486994945,0.14965593994313725
5e16bce18dffa0c6f76cda9b|lt|0,5e16bce18dffa0c6f76cda9b,lt,0,8.0,0.3333333333333333,lt_control,4,4.0,0.6968665492495063,0.1911689023050412,0.11196454844545256
5e16bce18dffa0c6f76cda9b|lt|0,5e16bce18dffa0c6f76cda9b,lt,0,8.0,0.3333333333333333,lt_control,4,6.0,0.7899277660422191,0.09875401929139141,0.11131821466638946
5e16bce18dffa0c6f76cda9b|lt|0,5e16bce18dffa0c6f76cda9b,lt,0,8.0,0.3333333333333333,lt_control,4,8.0,0.5965315652298586,0.295361386949424,0.10810704782071744
5e16bce18dffa0c6f76cda9b|lt|0,5e16bce18dffa0c6f76cda9b,lt,0,8.0,0.3333333333333333,lt_control,4,12.0,0.3622119022415662,0.5641029475043086,0.07368515025412525
5e1b307333e83535d72af1e5|lt|1,5e1b307333e83535d72af1e5,lt,1,12.0,0.0,lt_market,4,4.0,0.5586606919243272,0.3406565627523704,0.10068274532330246
5e1b307333e83535d72af1e5|lt|1,5e1b307333e83535d72af1e5,lt,1,12.0,0.0,lt_market,4,6.0,0.6963986685899356,0.19352022034829683,0.11008111106176763
5e1b307333e83535d72af1e5|lt|1,5e1b307333e83535d72af1e5,lt,1,12.0,0.0,lt_market,4,8.0,0.4340541290144631,0.47771095228569627,0.08823491869984065
5e1b307333e83535d72af1e5|lt|1,5e1b307333e83535d72af1e5,lt,1,12.0,0.0,lt_market,4,12.0,0.21322207286148823,0.7381231557018055,0.048654771436706164
5e1ee2050c0b3120e01eeec1|lt|1,5e1ee2050c0b3120e01eeec1,lt,1,10.0,0.16666666666666666,lt_market,4,4.0,0.39745569921070323,0.5203819764357419,0.08216232435355485
5e1ee2050c0b3120e01eeec1|lt|1,5e1ee2050c0b3120e01eeec1,lt,1,10.0,0.16666666666666666,lt_market,4,6.0,0.5624350765876531,0.33558743207924396,0.10197749133310301
5e1ee2050c0b3120e01eeec1|lt|1,5e1ee2050c0b3120e01eeec1,lt,1,10.0,0.16666666666666666,lt_market,4,8.0,0.2780641283585261,0.6570995126355871,0.064836359005887
5e1ee2050c0b3120e01eeec1|lt|1,5e1ee2050c0b3120e01eeec1,lt,1,10.0,0.16666666666666666,lt_market,4,12.0,0.11501264967933003,0.8548839233422202,0.030103426978449522
5e299d8c2e9dc4000be0fde0|lt|1,5e299d8c2e9dc4000be0fde0,lt,1,8.0,0.3333333333333333,lt_market,3,4.0,0.33693959719826605,0.16947969707197508,0.49358070572975893
5e299d8c2e9dc4000be0fde0|lt|1,5e299d8c2e9dc4000be0fde0,lt,1,8.0,0.3333333333333333,lt_market,3,6.0,0.39775955869076773,0.09117715240793034,0.5110632889013019
5e299d8c2e9dc4000be0fde0|lt|1,5e299d8c2e9dc4000be0fde0,lt,1,8.0,0.3333333333333333,lt_market,3,8.0,0.28088428404186205,0.2550032575504006,0.46411245840773735
5e299d8c2e9dc4000be0fde0|lt|1,5e299d8c2e9dc4000be0fde0,lt,1,8.0,0.3333333333333333,lt_market,3,12.0,0.17512043720859874,0.5000696336904488,0.32480992910095247
5e2f2afece5e9a4ef7de8452|kw|1,5e2f2afece5e9a4ef7de8452,kw,1,12.0,0.0,kw_market,2,4.0,0.32001355681174104,0.060614883329888375,0.6193715598583707
5e2f2afece5e9a4ef7de8452|kw|1,5e2f2afece5e9a4ef7de8452,kw,1,12.0,0.0,kw_market,2,6.0,0.3592080364698608,0.03100678328077691,0.6097851802493621
5e2f2afece5e9a4ef7de8452|kw|1,5e2f2afece5e9a4ef7de8452,kw,1,12.0,0.0,kw_market,2,8.0,0.28369063316493354,0.09698588980784723,0.6193234770272192
5e2f2afece5e9a4ef7de8452|kw|1,5e2f2afece5e9a4ef7de8452,kw,1,12.0,0.0,kw_market,2,12.0,0.2209502909200012,0.2375929216819172,0.5414567873980813
5e306c4316d4ec06c0287a80|lt|1,5e306c4316d4ec06c0287a80,lt,1,10.0,0.16666666666666666,lt_market,2,4.0,0.4970429800157712,0.39142321721338613,0.11153380277084275
5e306c4316d4ec06c0287a80|lt|1,5e306c4316d4ec06c0287a80,lt,1,10.0,0.16666666666666666,lt_market,2,6.0,0.642798011160288,0.23068902565792768,0.1265129631817843
5e306c4316d4ec06c0287a80|lt|1,5e306c4316d4ec06c0287a80,lt,1,10.0,0.16666666666666666,lt_market,2,8.0,0.37390588088142107,0.5314563432335414,0.09463777588503741
5e306c4316d4ec06c0287a80|lt|1,5e306c4316d4ec06c0287a80,lt,1,10.0,0.16666666666666666,lt_market,2,12.0,0.17376584275961632,0.7768641355501349,0.04937002169024887
5e371378ce5a726a3e29ef7e|kw|1,5e371378ce5a726a3e29ef7e,kw,1,12.0,0.0,kw_market,4,4.0,0.6671876269510717,0.0797605109321789,0.25305186211674935
5e371378ce5a726a3e29ef7e|kw|1,5e371378ce5a726a3e29ef7e,kw,1,12.0,0.0,kw_market,4,6.0,0.7209040499797946,0.03927508933948643,0.23982086068071895
5e371378ce5a726a3e29ef7e|kw|1,5e371378ce5a726a3e29ef7e,kw,1,12.0,0.0,kw_market,4,8.0,0.6084275558032348,0.13128088025458837,0.26029156394217673
5e371378ce5a726a3e29ef7e|kw|1,5e371378ce5a726a3e29ef7e,kw,1,12.0,0.0,kw_market,4,12.0,0.4631960581652854,0.31436401156910687,0.2224399302656077
5e3b759740e302397f294a2d|lt|0,5e3b759740e302397f294a2d,lt,0,8.0,0.3333333333333333,lt_control,3,4.0,0.7680020861795249,0.09947550018786594,0.13252241363260917
5e3b759740e302397f294a2d|lt|0,5e3b759740e302397f294a2d,lt,0,8.0,0.3333333333333333,lt_control,3,6.0,0.8261904019114487,0.04876785451937923,0.12504174356917203
5e3b759740e302397f294a2d|lt|0,5e3b759740e302397f294a2d,lt,0,8.0,0.3333333333333333,lt_control,3,8.0,0.7000778648364742,0.16366384102191114,0.13625829414161464
5e3b759740e302397f294a2d|lt|0,5e3b759740e302397f294a2d,lt,0,8.0,0.3333333333333333,lt_control,3,12.0,0.5118205192752519,0.3763565238072113,0.11182295691753694
5e3c4d1621c442033da7bcd8|lt|1,5e3c4d1621c442033da7bcd8,lt,1,7.0,0.4166666666666667,lt_market,2,4.0,0.40669953307889495,0.2448137797666282,0.3484866871544769
5e3c4d1621c442033da7bcd8|lt|1,5e3c4d1621c442033da7bcd8,lt,1,7.0,0.4166666666666667,lt_market,2,6.0,0.4936133118220561,0.13540940234650423,0.3709772858314397
5e3c4d1621c442033da7bcd8|lt|1,5e3c4d1621c442033da7bcd8,lt,1,7.0,0.4166666666666667,lt_market,2,8.0,0.3275505930511745,0.35587152283672,0.3165778841121053
5e3c4d1621c442033da7bcd8|lt|1,5e3c4d1621c442033da7bcd8,lt,1,7.0,0.4166666666666667,lt_market,2,12.0,0.18174288258460922,0.6210801096663144,0.1971770077490762
5e3d33b27525e7117bd31778|kw|1,5e3d33b27525e7117bd31778,kw,1,12.0,0.0,kw_market,1,4.0,0.3745517417286762,0.521140484011414,0.1043077742599098
5e3d33b27525e7117bd31778|kw|1,5e3d33b27525e7117bd31778,kw,1,12.0,0.0,kw_market,1,6.0,0.5323854420233631,0.33757395731151846,0.13004060066511847
5e3d33b27525e7117bd31778|kw|1,5e3d33b27525e7117bd31778,kw,1,12.0,0.0,kw_market,1,8.0,0.2614104209299195,0.6564755394581193,0.08211403961196126
5e3d33b27525e7117bd31778|kw|1,5e3d33b27525e7117bd31778,kw,1,12.0,0.0,kw_market,1,12.0,0.1080895607938679,0.853797279803595,0.03811315940253712
5e3d98be8ed4a5000e47cf4c|kw|1,5e3d98be8ed4a5000e47cf4c,kw,1,0.0,1.0,kw_market,2,4.0,0.36949536564057306,0.34172361640145366,0.2887810179579733
5e3d98be8ed4a5000e47cf4c|kw|1,5e3d98be8ed4a5000e47cf4c,kw,1,0.0,1.0,kw_market,2,6.0,0.47461535681043693,0.20003572149952265,0.3253489216900404
5e3d98be8ed4a5000e47cf4c|kw|1,5e3d98be8ed4a5000e47cf4c,kw,1,0.0,1.0,kw_market,2,8.0,0.28162712636152254,0.47010313044258384,0.24826974319589382
5e3d98be8ed4a5000e47cf4c|kw|1,5e3d98be8ed4a5000e47cf4c,kw,1,0.0,1.0,kw_market,2,12.0,0.13812176635247986,0.725197244675915,0.1366809889716052
5e3ec7559b43781188725eea|kw|1,5e3ec7559b43781188725eea,kw,1,7.0,0.4166666666666667,kw_market,4,4.0,0.5713387704405489,0.1792504806010861,0.24941074895836493
5e3ec7559b43781188725eea|kw|1,5e3ec7559b43781188725eea,kw,1,7.0,0.4166666666666667,kw_market,4,6.0,0.6553668294832129,0.0937024317775948,0.2509307387391923
5e3ec7559b43781188725eea|kw|1,5e3ec7559b43781188725eea,kw,1,7.0,0.4166666666666667,kw_market,4,8.0,0.48575366787007584,0.2750650314776108,0.23918130065231333
5e3ec7559b43781188725eea|kw|1,5e3ec7559b43781188725eea,kw,1,7.0,0.4166666666666667,kw_market,4,12.0,0.2999535607534114,0.5342551021496968,0.1657913370968915
5e40458fee95202846ccf7f3|lt|1,5e40458fee95202846ccf7f3,lt,1,10.0,0.16666666666666666,lt_market,1,4.0,0.5123610570563009,0.3292019650012901,0.15843697794240902
5e40458fee95202846ccf7f3|lt|1,5e40458fee95202846ccf7f3,lt,1,10.0,0.16666666666666666,lt_market,1,6.0,0.6393721759462824,0.18721464178974315,0.17341318226397448
5e40458fee95202846ccf7f3|lt|1,5e40458fee95202846ccf7f3,lt,1,10.0,0.16666666666666666,lt_market,1,8.0,0.3986482609986703,0.4623052667384717,0.13904647226285796
5e40458fee95202846ccf7f3|lt|1,5e40458fee95202846ccf7f3,lt,1,10.0,0.16666666666666666,lt_market,1,12.0,0.19844453675993695,0.7238581635006992,0.07769729973936387
5e42c26bcea1861491e28258|lt|0,5e42c26bcea1861491e28258,lt,0,8.0,0.3333333333333333,lt_control,3,4.0,0.5991152191771398,0.2892181773880015,0.11166660343485872
5e42c26bcea1861491e28258|lt|0,5e42c26bcea1861491e28258,lt,0,8.0,0.3333333333333333,lt_control,3,6.0,0.7228176966811188,0.15901708292873432,0.1181652203901469
5e42c26bcea1861491e28258|lt|0,5e42c26bcea1861491e28258,lt,0,8.0,0.3333333333333333,lt_control,3,8.0,0.48041487877449995,0.41858565753864974,0.10099946368685034
5e42c26bcea1861491e28258|lt|0,5e42c26bcea1861491e28258,lt,0,8.0,0.3333333333333333,lt_control,3,12.0,0.2514724991166311,0.6891817275088895,0.059345773374479334
5e437d7404eaba215eafbd2a|lt|0,5e437d7404eaba215eafbd2a,lt,0,6.0,0.5,lt_control,4,4.0,0.558660691924327,0.34065656275237055,0.10068274532330242
5e437d7404eaba215eafbd2a|lt|0,5e437d7404eaba215eafbd2a,lt,0,6.0,0.5,lt_control,4,6.0,0.6963986685899355,0.193520220348297,0.11008111106176757
5e437d7404eaba215eafbd2a|lt|0,5e437d7404eaba215eafbd2a,lt,0,6.0,0.5,lt_control,4,8.0,0.4340541290144629,0.47771095228569643,0.08823491869984058
5e437d7404eaba215eafbd2a|lt|0,5e437d7404eaba215eafbd2a,lt,0,6.0,0.5,lt_control,4,12.0,0.21322207286148814,0.7381231557018059,0.048654771436706115
5e4fee53478084033f395903|lt|1,5e4fee53478084033f395903,lt,1,12.0,0.0,lt_market,3,4.0,0.24939403524112835,0.6893169842730072,0.06128898048586439
5e4fee53478084033f395903|lt|1,5e4fee53478084033f395903,lt,1,12.0,0.0,lt_market,3,6.0,0.4040162045133804,0.5088988554014028,0.08708494008521685
5e4fee53478084033f395903|lt|1,5e4fee53478084033f395903,lt,1,12.0,0.0,lt_market,3,8.0,0.15959463983206776,0.7961664621950535,0.0442388979728788
5e4fee53478084033f395903|lt|1,5e4fee53478084033f395903,lt,1,12.0,0.0,lt_market,3,12.0,0.058814769384417265,0.9228844727509813,0.018300757864601315
5e505dcdad88cd0b518342d9|kw|1,5e505dcdad88cd0b518342d9,kw,1,11.0,0.08333333333333333,kw_market,1,4.0,0.42742253806678665,0.11139198223746997,0.4611854796957434
5e505dcdad88cd0b518342d9|kw|1,5e505dcdad88cd0b518342d9,kw,1,11.0,0.08333333333333333,kw_market,1,6.0,0.4842266969404945,0.05751021826820146,0.458263084791304
5e505dcdad88cd0b518342d9|kw|1,5e505dcdad88cd0b518342d9,kw,1,11.0,0.08333333333333333,kw_market,1,8.0,0.3721028797663699,0.1750298843780177,0.45286723585561234
5e505dcdad88cd0b518342d9|kw|1,5e505dcdad88cd0b518342d9,kw,1,11.0,0.08333333333333333,kw_market,1,12.0,0.26003054999247305,0.38472367418170433,0.35524577582582256
5e580bcf4782bd01723249e2|lt|0,5e580bcf4782bd01723249e2,lt,0,12.0,0.0,lt_control,3,4.0,0.5991152191771398,0.2892181773880015,0.11166660343485872
5e580bcf4782bd01723249e2|lt|0,5e580bcf4782bd01723249e2,lt,0,12.0,0.0,lt_control,3,6.0,0.7228176966811188,0.15901708292873432,0.1181652203901469
5e580bcf4782bd01723249e2|lt|0,5e580bcf4782bd01723249e2,lt,0,12.0,0.0,lt_control,3,8.0,0.48041487877449995,0.41858565753864974,0.10099946368685034
5e580bcf4782bd01723249e2|lt|0,5e580bcf4782bd01723249e2,lt,0,12.0,0.0,lt_control,3,12.0,0.2514724991166311,0.6891817275088895,0.059345773374479334
5e58333d4b439f04b1069026|kw|1,5e58333d4b439f04b1069026,kw,1,12.0,0.0,kw_market,1,4.0,0.6734327212875193,0.15353827029016942,0.17302900842231125
5e58333d4b439f04b1069026|kw|1,5e58333d4b439f04b1069026,kw,1,12.0,0.0,kw_market,1,6.0,0.7522986011249835,0.07816502230134571,0.16953637657367082
5e58333d4b439f04b1069026|kw|1,5e58333d4b439f04b1069026,kw,1,12.0,0.0,kw_market,1,8.0,0.58778040607822,0.2418745615684373,0.1703450323533426
5e58333d4b439f04b1069026|kw|1,5e58333d4b439f04b1069026,kw,1,12.0,0.0,kw_market,1,12.0,0.381727992428549,0.4940881762836564,0.1241838312877946
5e589bf82e08c90a78a29bbe|lt|1,5e589bf82e08c90a78a29bbe,lt,1,10.0,0.16666666666666666,lt_market,3,4.0,0.3455891137054503,0.40374551005558407,0.2506653762389654
5e589bf82e08c90a78a29bbe|lt|1,5e589bf82e08c90a78a29bbe,lt,1,10.0,0.16666666666666666,lt_market,3,6.0,0.4611281100867543,0.24550990722888932,0.2933619826843565
5e589bf82e08c90a78a29bbe|lt|1,5e589bf82e08c90a78a29bbe,lt,1,10.0,0.16666666666666666,lt_market,3,8.0,0.25466269786824725,0.536989321144606,0.20834798098714666
5e589bf82e08c90a78a29bbe|lt|1,5e589bf82e08c90a78a29bbe,lt,1,10.0,0.16666666666666666,lt_market,3,12.0,0.11694740971967063,0.775650868101121,0.10740172217920844
5e5c91241b530a000c03d815|kw|1,5e5c91241b530a000c03d815,kw,1,6.0,0.5,kw_market,4,4.0,0.39745569921070323,0.520381976435742,0.08216232435355485
5e5c91241b530a000c03d815|kw|1,5e5c91241b530a000c03d815,kw,1,6.0,0.5,kw_market,4,6.0,0.5624350765876531,0.33558743207924396,0.10197749133310295
5e5c91241b530a000c03d815|kw|1,5e5c91241b530a000c03d815,kw,1,6.0,0.5,kw_market,4,8.0,0.27806412835852606,0.6570995126355871,0.06483635900588697
5e5c91241b530a000c03d815|kw|1,5e5c91241b530a000c03d815,kw,1,6.0,0.5,kw_market,4,12.0,0.11501264967933003,0.8548839233422206,0.030103426978449522
5e5fc624b333b2022aeb064f|lt|1,5e5fc624b333b2022aeb064f,lt,1,10.5,0.125,lt_market,3,4.0,0.4213081863242474,0.48971733039762383,0.08897448327812882
5e5fc624b333b2022aeb064f|lt|1,5e5fc624b333b2022aeb064f,lt,1,10.5,0.125,lt_market,3,6.0,0.5831074858897166,0.3088829703369597,0.10800954377332375
5e5fc624b333b2022aeb064f|lt|1,5e5fc624b333b2022aeb064f,lt,1,10.5,0.125,lt_market,3,8.0,0.2997447026659322,0.6288538924123772,0.07140140492169053
5e5fc624b333b2022aeb064f|lt|1,5e5fc624b333b2022aeb064f,lt,1,10.5,0.125,lt_market,3,12.0,0.1271241598613031,0.8388835821665274,0.033992257972169336
5e63e793e50a6316a75213c4|lt|0,5e63e793e50a6316a75213c4,lt,0,8.0,0.3333333333333333,lt_control,3,4.0,0.6395013160788713,0.2384759243015463,0.1220227596195825
5e63e793e50a6316a75213c4|lt|0,5e63e793e50a6316a75213c4,lt,0,8.0,0.3333333333333333,lt_control,3,6.0,0.7477747132767695,0.12707895817734013,0.12514632854589033
5e63e793e50a6316a75213c4|lt|0,5e63e793e50a6316a75213c4,lt,0,8.0,0.3333333333333333,lt_control,3,8.0,0.5295807226969695,0.35644122485060925,0.11397805245242122
5e63e793e50a6316a75213c4|lt|0,5e63e793e50a6316a75213c4,lt,0,8.0,0.3333333333333333,lt_control,3,12.0,0.2977392236810803,0.6303288330170002,0.07193194330191957
5e63f5da8a25da181c011cad|lt|1,5e63f5da8a25da181c011cad,lt,1,9.0,0.25,lt_market,1,4.0,0.42742253806678665,0.11139198223746997,0.4611854796957434
5e63f5da8a25da181c011cad|lt|1,5e63f5da8a25da181c011cad,lt,1,9.0,0.25,lt_market,1,6.0,0.4842266969404945,0.05751021826820146,0.458263084791304
5e63f5da8a25da181c011cad|lt|1,5e63f5da8a25da181c011cad,lt,1,9.0,0.25,lt_market,1,8.0,0.3721028797663699,0.1750298843780177,0.45286723585561234
5e63f5da8a25da181c011cad|lt|1,5e63f5da8a25da181c011cad,lt,1,9.0,0.25,lt_market,1,12.0,0.26003054999247305,0.38472367418170433,0.35524577582582256
5e6e442f779df43f9b825868|kw|1,5e6e442f779df43f9b825868,kw,1,12.0,0.0,kw_market,3,4.0,0.24939403524112835,0.6893169842730072,0.06128898048586439
5e6e442f779df43f9b825868|kw|1,5e6e442f779df43f9b825868,kw,1,12.0,0.0,kw_market,3,6.0,0.4040162045133804,0.5088988554014028,0.08708494008521685
5e6e442f779df43f9b825868|kw|1,5e6e442f779df43f9b825868,kw,1,12.0,0.0,kw_market,3,8.0,0.15959463983206776,0.7961664621950535,0.0442388979728788
5e6e442f779df43f9b825868|kw|1,5e6e442f779df43f9b825868,kw,1,12.0,0.0,kw_market,3,12.0,0.058814769384417265,0.9228844727509813,0.018300757864601315
5e70bf61017e070009a8a738|kw|0,5e70bf61017e070009a8a738,kw,0,6.0,0.5,kw_control,3,4.0,0.6395013160788713,0.2384759243015463,0.1220227596195825
5e70bf61017e070009a8a738|kw|0,5e70bf61017e070009a8a738,kw,0,6.0,0.5,kw_control,3,6.0,0.7477747132767695,0.12707895817734013,0.12514632854589033
5e70bf61017e070009a8a738|kw|0,5e70bf61017e070009a8a738,kw,0,6.0,0.5,kw_control,3,8.0,0.5295807226969695,0.35644122485060925,0.11397805245242122
5e70bf61017e070009a8a738|kw|0,5e70bf61017e070009a8a738,kw,0,6.0,0.5,kw_control,3,12.0,0.2977392236810803,0.6303288330170002,0.07193194330191957
5e76c87c0fd39b22d52eba04|kw|1,5e76c87c0fd39b22d52eba04,kw,1,12.0,0.0,kw_market,3,4.0,0.6002800211594286,0.11123377397582496,0.28848620486474646
5e76c87c0fd39b22d52eba04|kw|1,5e76c87c0fd39b22d52eba04,kw,1,12.0,0.0,kw_market,3,6.0,0.6640249266285221,0.05607469735513875,0.2799003760163391
5e76c87c0fd39b22d52eba04|kw|1,5e76c87c0fd39b22d52eba04,kw,1,12.0,0.0,kw_market,3,8.0,0.5328984670886758,0.17822963407632533,0.2888718988349988
5e76c87c0fd39b22d52eba04|kw|1,5e76c87c0fd39b22d52eba04,kw,1,12.0,0.0,kw_market,3,12.0,0.3758714953138092,0.39541232167975554,0.2287161830064353
5e78e8c6593bf50831f704b8|kw|0,5e78e8c6593bf50831f704b8,kw,0,6.5,0.4583333333333333,kw_control,2,4.0,0.5989695840322894,0.26119314438297425,0.13983727158473636
5e78e8c6593bf50831f704b8|kw|0,5e78e8c6593bf50831f704b8,kw,0,6.5,0.4583333333333333,kw_control,2,6.0,0.7125060518382478,0.14159415774982745,0.14589979041192477
5e78e8c6593bf50831f704b8|kw|0,5e78e8c6593bf50831f704b8,kw,0,6.5,0.4583333333333333,kw_control,2,8.0,0.48771022600644126,0.38385882309275593,0.1284309509008029
5e78e8c6593bf50831f704b8|kw|0,5e78e8c6593bf50831f704b8,kw,0,6.5,0.4583333333333333,kw_control,2,12.0,0.26516575658838953,0.6564512305463766,0.07838301286523398
5e7a0da5c8327f0406f24b9a|kw|0,5e7a0da5c8327f0406f24b9a,kw,0,12.0,0.0,kw_control,4,4.0,0.6968665492495063,0.1911689023050412,0.11196454844545256
5e7a0da5c8327f0406f24b9a|kw|0,5e7a0da5c8327f0406f24b9a,kw,0,12.0,0.0,kw_control,4,6.0,0.7899277660422191,0.09875401929139141,0.11131821466638946
5e7a0da5c8327f0406f24b9a|kw|0,5e7a0da5c8327f0406f24b9a,kw,0,12.0,0.0,kw_control,4,8.0,0.5965315652298586,0.295361386949424,0.10810704782071744
5e7a0da5c8327f0406f24b9a|kw|0,5e7a0da5c8327f0406f24b9a,kw,0,12.0,0.0,kw_control,4,12.0,0.3622119022415662,0.5641029475043086,0.07368515025412525
5e7a6846f0f631000a4e2b9d|lt|1,5e7a6846f0f631000a4e2b9d,lt,1,10.0,0.16666666666666666,lt_market,4,4.0,0.36015072619270216,0.058265909509683564,0.5815833642976143
5e7a6846f0f631000a4e2b9d|lt|1,5e7a6846f0f631000a4e2b9d,lt,1,10.0,0.16666666666666666,lt_market,4,6.0,0.40159126602600953,0.029608354153649565,0.5688003798203409
5e7a6846f0f631000a4e2b9d|lt|1,5e7a6846f0f631000a4e2b9d,lt,1,10.0,0.16666666666666666,lt_market,4,8.0,0.3211870652861515,0.09378663279450476,0.5850263019193436
5e7a6846f0f631000a4e2b9d|lt|1,5e7a6846f0f631000a4e2b9d,lt,1,10.0,0.16666666666666666,lt_market,4,12.0,0.2523288394351154,0.2317528849069818,0.5159182756579028
5e7e72de99b9e6553dc28dcf|kw|1,5e7e72de99b9e6553dc28dcf,kw,1,7.5,0.375,kw_market,1,4.0,0.42742253806678665,0.11139198223746997,0.4611854796957434
5e7e72de99b9e6553dc28dcf|kw|1,5e7e72de99b9e6553dc28dcf,kw,1,7.5,0.375,kw_market,1,6.0,0.4842266969404945,0.05751021826820146,0.458263084791304
5e7e72de99b9e6553dc28dcf|kw|1,5e7e72de99b9e6553dc28dcf,kw,1,7.5,0.375,kw_market,1,8.0,0.3721028797663699,0.1750298843780177,0.45286723585561234
5e7e72de99b9e6553dc28dcf|kw|1,5e7e72de99b9e6553dc28dcf,kw,1,7.5,0.375,kw_market,1,12.0,0.26003054999247305,0.38472367418170433,0.35524577582582256
5e8753cc28aacd3abe3bc37a|lt|1,5e8753cc28aacd3abe3bc37a,lt,1,12.0,0.0,lt_market,1,4.0,0.4164008745007025,0.1338833199922762,0.44971580550702134
5e8753cc28aacd3abe3bc37a|lt|1,5e8753cc28aacd3abe3bc37a,lt,1,12.0,0.0,lt_market,1,6.0,0.4776011186675175,0.06998096845771834,0.45241791287476424
5e8753cc28aacd3abe3bc37a|lt|1,5e8753cc28aacd3abe3bc37a,lt,1,12.0,0.0,lt_market,1,8.0,0.35733260289200547,0.20736723865446208,0.4353001584535324
5e8753cc28aacd3abe3bc37a|lt|1,5e8753cc28aacd3abe3bc37a,lt,1,12.0,0.0,lt_market,1,12.0,0.23850463638782385,0.43535114386867885,0.3261442197434974
5e87b4d3e28032100ce68eec|lt|1,5e87b4d3e28032100ce68eec,lt,1,12.0,0.0,lt_market,4,4.0,0.2825048859819502,0.1384234588173259,0.5790716552007239
5e87b4d3e28032100ce68eec|lt|1,5e87b4d3e28032100ce68eec,lt,1,12.0,0.0,lt_market,4,6.0,0.3309997034000544,0.07391134588732341,0.5950889507126221
5e87b4d3e28032100ce68eec|lt|1,5e87b4d3e28032100ce68eec,lt,1,12.0,0.0,lt_market,4,8.0,0.23829844938565076,0.21074516084945918,0.55095638976489
5e87b4d3e28032100ce68eec|lt|1,5e87b4d3e28032100ce68eec,lt,1,12.0,0.0,lt_market,4,12.0,0.15681256550726025,0.4362069864522753,0.4069804480404646
5e87c385d43d19456f757328|kw|0,5e87c385d43d19456f757328,kw,0,12.0,0.0,kw_control,4,4.0,0.6968665492495063,0.1911689023050412,0.11196454844545256
5e87c385d43d19456f757328|kw|0,5e87c385d43d19456f757328,kw,0,12.0,0.0,kw_control,4,6.0,0.7899277660422191,0.09875401929139141,0.11131821466638946
5e87c385d43d19456f757328|kw|0,5e87c385d43d19456f757328,kw,0,12.0,0.0,kw_control,4,8.0,0.5965315652298586,0.295361386949424,0.10810704782071744
5e87c385d43d19456f757328|kw|0,5e87c385d43d19456f757328,kw,0,12.0,0.0,kw_control,4,12.0,0.3622119022415662,0.5641029475043086,0.07368515025412525
5e8d96efe32229018dec69dd|lt|1,5e8d96efe32229018dec69dd,lt,1,8.0,0.3333333333333333,lt_market,1,4.0,0.6734327212875193,0.15353827029016942,0.17302900842231125
5e8d96efe32229018dec69dd|lt|1,5e8d96efe32229018dec69dd,lt,1,8.0,0.3333333333333333,lt_market,1,6.0,0.7522986011249835,0.07816502230134571,0.16953637657367082
5e8d96efe32229018dec69dd|lt|1,5e8d96efe32229018dec69dd,lt,1,8.0,0.3333333333333333,lt_market,1,8.0,0.58778040607822,0.2418745615684373,0.1703450323533426
5e8d96efe32229018dec69dd|lt|1,5e8d96efe32229018dec69dd,lt,1,8.0,0.3333333333333333,lt_market,1,12.0,0.381727992428549,0.4940881762836564,0.1241838312877946
5e8eee2c7925131a62e2262b|kw|1,5e8eee2c7925131a62e2262b,kw,1,8.0,0.3333333333333333,kw_market,1,4.0,0.4228996357122534,0.12243357875618316,0.4546667855315634
5e8eee2c7925131a62e2262b|kw|1,5e8eee2c7925131a62e2262b,kw,1,8.0,0.3333333333333333,kw_market,1,6.0,0.4819465494923466,0.0635860549491938,0.45446739555845955
5e8eee2c7925131a62e2262b|kw|1,5e8eee2c7925131a62e2262b,kw,1,8.0,0.3333333333333333,kw_market,1,8.0,0.3656021271786469,0.19104013148505083,0.4433577413363022
5e8eee2c7925131a62e2262b|kw|1,5e8eee2c7925131a62e2262b,kw,1,8.0,0.3333333333333333,kw_market,1,12.0,0.24969753917523133,0.4103982678196413,0.33990419300512736
5e90b34a9e934e3ccc7330ba|lt|0,5e90b34a9e934e3ccc7330ba,lt,0,6.0,0.5,lt_control,4,4.0,0.558660691924327,0.34065656275237055,0.10068274532330242
5e90b34a9e934e3ccc7330ba|lt|0,5e90b34a9e934e3ccc7330ba,lt,0,6.0,0.5,lt_control,4,6.0,0.6963986685899355,0.193520220348297,0.11008111106176757
5e90b34a9e934e3ccc7330ba|lt|0,5e90b34a9e934e3ccc7330ba,lt,0,6.0,0.5,lt_control,4,8.0,0.4340541290144629,0.47771095228569643,0.08823491869984058
5e90b34a9e934e3ccc7330ba|lt|0,5e90b34a9e934e3ccc7330ba,lt,0,6.0,0.5,lt_control,4,12.0,0.21322207286148814,0.7381231557018059,0.048654771436706115
5e90cc485905f23f088be0b5|kw|1,5e90cc485905f23f088be0b5,kw,1,12.0,0.0,kw_market,3,4.0,0.6395013160788713,0.2384759243015463,0.1220227596195825
5e90cc485905f23f088be0b5|kw|1,5e90cc485905f23f088be0b5,kw,1,12.0,0.0,kw_market,3,6.0,0.7477747132767695,0.12707895817734013,0.12514632854589033
5e90cc485905f23f088be0b5|kw|1,5e90cc485905f23f088be0b5,kw,1,12.0,0.0,kw_market,3,8.0,0.5295807226969695,0.35644122485060925,0.11397805245242122
5e90cc485905f23f088be0b5|kw|1,5e90cc485905f23f088be0b5,kw,1,12.0,0.0,kw_market,3,12.0,0.2977392236810803,0.6303288330170002,0.07193194330191957
5e94acdc3d1b5780b00d12ff|lt|1,5e94acdc3d1b5780b00d12ff,lt,1,8.0,0.3333333333333333,lt_market,2,4.0,0.4186420981110019,0.22355194670006417,0.35780595518893393
5e94acdc3d1b5780b00d12ff|lt|1,5e94acdc3d1b5780b00d12ff,lt,1,8.0,0.3333333333333333,lt_market,2,6.0,0.5017581668474069,0.12210396883660302,0.37613786431598994
5e94acdc3d1b5780b00d12ff|lt|1,5e94acdc3d1b5780b00d12ff,lt,1,8.0,0.3333333333333333,lt_market,2,8.0,0.34154857015306145,0.3291854950932395,0.32926593475369903
5e94acdc3d1b5780b00d12ff|lt|1,5e94acdc3d1b5780b00d12ff,lt,1,8.0,0.3333333333333333,lt_market,2,12.0,0.1955530923847956,0.5928274017779639,0.21161950583724054
5e9607da6b866106f5666075|kw|1,5e9607da6b866106f5666075,kw,1,10.0,0.16666666666666666,kw_market,3,4.0,0.5172647574480137,0.1865346744241456,0.2962005681278408
5e9607da6b866106f5666075|kw|1,5e9607da6b866106f5666075,kw,1,10.0,0.16666666666666666,kw_market,3,6.0,0.6000267566829383,0.09860911777291592,0.30136412554414593
5e9607da6b866106f5666075|kw|1,5e9607da6b866106f5666075,kw,1,10.0,0.16666666666666666,kw_market,3,8.0,0.4353933467416074,0.28338778924396146,0.28121886401443114
5e9607da6b866106f5666075|kw|1,5e9607da6b866106f5666075,kw,1,10.0,0.16666666666666666,kw_market,3,12.0,0.26509000637104546,0.542710298465643,0.19219969516331162
5e9717fa30881a0645f99bb0|lt|1,5e9717fa30881a0645f99bb0,lt,1,10.0,0.16666666666666666,lt_market,4,4.0,0.305120083052874,0.49150588058411565,0.20337403636301038
5e9717fa30881a0645f99bb0|lt|1,5e9717fa30881a0645f99bb0,lt,1,10.0,0.16666666666666666,lt_market,4,6.0,0.4312719031480286,0.3165985068206265,0.2521295900313449
5e9717fa30881a0645f99bb0|lt|1,5e9717fa30881a0645f99bb0,lt,1,10.0,0.16666666666666666,lt_market,4,8.0,0.21462637092254033,0.624013043819533,0.1613605852579266
5e9717fa30881a0645f99bb0|lt|1,5e9717fa30881a0645f99bb0,lt,1,10.0,0.16666666666666666,lt_market,4,12.0,0.09100020587767202,0.8322011715625305,0.0767986225597977
5e999e7c295393016b7c2577|lt|1,5e999e7c295393016b7c2577,lt,1,12.0,0.0,lt_market,2,4.0,0.41443326646194073,0.4716735628008579,0.11389317073720139
5e999e7c295393016b7c2577|lt|1,5e999e7c295393016b7c2577,lt,1,12.0,0.0,lt_market,2,6.0,0.5682768236808804,0.2947451332771059,0.1369780430420138
5e999e7c295393016b7c2577|lt|1,5e999e7c295393016b7c2577,lt,1,12.0,0.0,lt_market,2,8.0,0.29725062566495125,0.6106078237978809,0.0921415505371678
5e999e7c295393016b7c2577|lt|1,5e999e7c295393016b7c2577,lt,1,12.0,0.0,lt_market,2,12.0,0.12805431409087323,0.8273878971058752,0.044557788803251425
5ea03adbaf097905ae0ecdd6|kw|1,5ea03adbaf097905ae0ecdd6,kw,1,3.0,0.75,kw_market,1,4.0,0.4554467860866765,0.4126105785648386,0.1319426353484848
5ea03adbaf097905ae0ecdd6|kw|1,5ea03adbaf097905ae0ecdd6,kw,1,3.0,0.75,kw_market,1,6.0,0.599896467930663,0.2476730737552811,0.1524304583140559
5ea03adbaf097905ae0ecdd6|kw|1,5ea03adbaf097905ae0ecdd6,kw,1,3.0,0.75,kw_market,1,8.0,0.33762022394749114,0.5520568860680827,0.11032288998442608
5ea03adbaf097905ae0ecdd6|kw|1,5ea03adbaf097905ae0ecdd6,kw,1,3.0,0.75,kw_market,1,12.0,0.1536104876465857,0.7900445981566485,0.05634491419676593
5ea166af93435d0008a8a341|kw|0,5ea166af93435d0008a8a341,kw,0,8.0,0.3333333333333333,kw_control,4,4.0,0.6968665492495061,0.19116890230504105,0.11196454844545285
5ea166af93435d0008a8a341|kw|0,5ea166af93435d0008a8a341,kw,0,8.0,0.3333333333333333,kw_control,4,6.0,0.7899277660422189,0.09875401929139135,0.11131821466638975
5ea166af93435d0008a8a341|kw|0,5ea166af93435d0008a8a341,kw,0,8.0,0.3333333333333333,kw_control,4,8.0,0.5965315652298584,0.2953613869494238,0.10810704782071771
5ea166af93435d0008a8a341|kw|0,5ea166af93435d0008a8a341,kw,0,8.0,0.3333333333333333,kw_control,4,12.0,0.3622119022415662,0.5641029475043084,0.07368515025412549
5ea166af93435d0008a8a341|kw|1,5ea166af93435d0008a8a341,kw,1,10.0,0.16666666666666666,kw_market,3,4.0,0.5128373469688556,0.3762171761757544,0.11094547685538997
5ea166af93435d0008a8a341|kw|1,5ea166af93435d0008a8a341,kw,1,10.0,0.16666666666666666,kw_market,3,6.0,0.6561397698914193,0.21935882397864162,0.12450140612993907
5ea166af93435d0008a8a341|kw|1,5ea166af93435d0008a8a341,kw,1,10.0,0.16666666666666666,kw_market,3,8.0,0.3893946279892757,0.5155865644236287,0.09501880758709573
5ea166af93435d0008a8a341|kw|1,5ea166af93435d0008a8a341,kw,1,10.0,0.16666666666666666,kw_market,3,12.0,0.18386926983903348,0.7657661231684124,0.05036460699255399
5ea179b1b5b2e50258b36349|lt|1,5ea179b1b5b2e50258b36349,lt,1,10.0,0.16666666666666666,lt_market,4,4.0,0.5151051505452525,0.07039878187562157,0.4144960675791259
5ea179b1b5b2e50258b36349|lt|1,5ea179b1b5b2e50258b36349,lt,1,10.0,0.16666666666666666,lt_market,4,6.0,0.5655891103243016,0.035226546126522866,0.3991843435491755
5ea179b1b5b2e50258b36349|lt|1,5ea179b1b5b2e50258b36349,lt,1,10.0,0.16666666666666666,lt_market,4,8.0,0.46418481399153744,0.11450193911646846,0.421313246891994
5ea179b1b5b2e50258b36349|lt|1,5ea179b1b5b2e50258b36349,lt,1,10.0,0.16666666666666666,lt_market,4,12.0,0.3578155122977441,0.27762363754560865,0.3645608501566473
5ea29c5cad06661b01230684|lt|0,5ea29c5cad06661b01230684,lt,0,4.0,0.6666666666666666,lt_control,3,4.0,0.24939403524112835,0.6893169842730072,0.06128898048586439
5ea29c5cad06661b01230684|lt|0,5ea29c5cad06661b01230684,lt,0,4.0,0.6666666666666666,lt_control,3,6.0,0.4040162045133804,0.5088988554014028,0.08708494008521685
5ea29c5cad06661b01230684|lt|0,5ea29c5cad06661b01230684,lt,0,4.0,0.6666666666666666,lt_control,3,8.0,0.15959463983206776,0.7961664621950535,0.0442388979728788
5ea29c5cad06661b01230684|lt|0,5ea29c5cad06661b01230684,lt,0,4.0,0.6666666666666666,lt_control,3,12.0,0.058814769384417265,0.9228844727509813,0.018300757864601315
5ea29c5cad06661b01230684|lt|1,5ea29c5cad06661b01230684,lt,1,10.0,0.16666666666666666,lt_market,3,4.0,0.32565570718307285,0.22694915163501928,0.4473951411819078
5ea29c5cad06661b01230684|lt|1,5ea29c5cad06661b01230684,lt,1,10.0,0.16666666666666666,lt_market,3,6.0,0.39642049405268254,0.12590000315736802,0.4776795027899494
5ea29c5cad06661b01230684|lt|1,5ea29c5cad06661b01230684,lt,1,10.0,0.16666666666666666,lt_market,3,8.0,0.2626435932197078,0.3303614339969892,0.40699497278330293
5ea29c5cad06661b01230684|lt|1,5ea29c5cad06661b01230684,lt,1,10.0,0.16666666666666666,lt_market,3,12.0,0.1493460821975346,0.5908697109109927,0.2597842068914725
5ea313378e994c25658eae92|lt|0,5ea313378e994c25658eae92,lt,0,6.0,0.5,lt_control,4,4.0,0.558660691924327,0.34065656275237055,0.10068274532330242
5ea313378e994c25658eae92|lt|0,5ea313378e994c25658eae92,lt,0,6.0,0.5,lt_control,4,6.0,0.6963986685899355,0.193520220348297,0.11008111106176757
5ea313378e994c25658eae92|lt|0,5ea313378e994c25658eae92,lt,0,6.0,0.5,lt_control,4,8.0,0.4340541290144629,0.47771095228569643,0.08823491869984058
5ea313378e994c25658eae92|lt|0,5ea313378e994c25658eae92,lt,0,6.0,0.5,lt_control,4,12.0,0.21322207286148814,0.7381231557018059,0.048654771436706115
5ea48ae3461d1044f2d282cc|lt|0,5ea48ae3461d1044f2d282cc,lt,0,6.0,0.5,lt_control,4,4.0,0.7967830643922639,0.0863610139892806,0.11685592161845557
5ea48ae3461d1044f2d282cc|lt|0,5ea48ae3461d1044f2d282cc,lt,0,6.0,0.5,lt_control,4,6.0,0.8488753979574292,0.04192966165494564,0.10919494038762523
5ea48ae3461d1044f2d282cc|lt|0,5ea48ae3461d1044f2d282cc,lt,0,6.0,0.5,lt_control,4,8.0,0.734725594349773,0.14373266181188782,0.12154174383833914
5ea48ae3461d1044f2d282cc|lt|0,5ea48ae3461d1044f2d282cc,lt,0,6.0,0.5,lt_control,4,12.0,0.5552408647390824,0.3416544516522735,0.10310468360864405
5ea7e9f15bc7011d31958608|kw|1,5ea7e9f15bc7011d31958608,kw,1,8.0,0.3333333333333333,kw_market,3,4.0,0.32565570718307285,0.22694915163501928,0.4473951411819078
5ea7e9f15bc7011d31958608|kw|1,5ea7e9f15bc7011d31958608,kw,1,8.0,0.3333333333333333,kw_market,3,6.0,0.39642049405268254,0.12590000315736802,0.4776795027899494
5ea7e9f15bc7011d31958608|kw|1,5ea7e9f15bc7011d31958608,kw,1,8.0,0.3333333333333333,kw_market,3,8.0,0.2626435932197078,0.3303614339969892,0.40699497278330293
5ea7e9f15bc7011d31958608|kw|1,5ea7e9f15bc7011d31958608,kw,1,8.0,0.3333333333333333,kw_market,3,12.0,0.1493460821975346,0.5908697109109927,0.2597842068914725
5ea7e9f15bc7011d31958608|lt|0,5ea7e9f15bc7011d31958608,lt,0,4.0,0.6666666666666666,lt_control,3,4.0,0.670222753270922,0.20380802704253617,0.1259692196865419
5ea7e9f15bc7011d31958608|lt|0,5ea7e9f15bc7011d31958608,lt,0,4.0,0.6666666666666666,lt_control,3,6.0,0.7672053225872183,0.10631963990956535,0.12647503750321637
5ea7e9f15bc7011d31958608|lt|0,5ea7e9f15bc7011d31958608,lt,0,4.0,0.6666666666666666,lt_control,3,8.0,0.5679072378959134,0.31169668420843766,0.12039607789564899
5ea7e9f15bc7011d31958608|lt|0,5ea7e9f15bc7011d31958608,lt,0,4.0,0.6666666666666666,lt_control,3,12.0,0.3373443250665337,0.5823761078395135,0.08027956709395266
5ea7f2a576434f0008303441|lt|0,5ea7f2a576434f0008303441,lt,0,12.0,0.0,lt_control,2,4.0,0.5989695840322894,0.26119314438297425,0.13983727158473636
5ea7f2a576434f0008303441|lt|0,5ea7f2a576434f0008303441,lt,0,12.0,0.0,lt_control,2,6.0,0.7125060518382478,0.14159415774982745,0.14589979041192477
5ea7f2a576434f0008303441|lt|0,5ea7f2a576434f0008303441,lt,0,12.0,0.0,lt_control,2,8.0,0.4877102260064412,0.38385882309275593,0.1284309509008029
5ea7f2a576434f0008303441|lt|0,5ea7f2a576434f0008303441,lt,0,12.0,0.0,lt_control,2,12.0,0.26516575658838953,0.6564512305463766,0.07838301286523398
5ea7f2a576434f0008303441|lt|1,5ea7f2a576434f0008303441,lt,1,11.0,0.08333333333333333,lt_market,3,4.0,0.43752863820585486,0.06718898625433198,0.4952823755398131
5ea7f2a576434f0008303441|lt|1,5ea7f2a576434f0008303441,lt,1,11.0,0.08333333333333333,lt_market,3,6.0,0.48476451952714034,0.033925183241831816,0.48131029723102786
5ea7f2a576434f0008303441|lt|1,5ea7f2a576434f0008303441,lt,1,11.0,0.08333333333333333,lt_market,3,8.0,0.39154152872003917,0.1085230765358935,0.49993539474406723
5ea7f2a576434f0008303441|lt|1,5ea7f2a576434f0008303441,lt,1,11.0,0.08333333333333333,lt_market,3,12.0,0.30256351872424764,0.26377655356375757,0.4336599277119949
5ea95b611389ca0385877dcb|lt|1,5ea95b611389ca0385877dcb,lt,1,10.0,0.16666666666666666,lt_market,3,4.0,0.24939403524112835,0.6893169842730072,0.06128898048586439
5ea95b611389ca0385877dcb|lt|1,5ea95b611389ca0385877dcb,lt,1,10.0,0.16666666666666666,lt_market,3,6.0,0.4040162045133804,0.5088988554014028,0.08708494008521685
5ea95b611389ca0385877dcb|lt|1,5ea95b611389ca0385877dcb,lt,1,10.0,0.16666666666666666,lt_market,3,8.0,0.15959463983206776,0.7961664621950535,0.0442388979728788
5ea95b611389ca0385877dcb|lt|1,5ea95b611389ca0385877dcb,lt,1,10.0,0.16666666666666666,lt_market,3,12.0,0.058814769384417265,0.9228844727509813,0.018300757864601315
5ea98852cb0af2098caf14a4|lt|1,5ea98852cb0af2098caf14a4,lt,1,12.0,0.0,lt_market,3,4.0,0.37782188524754506,0.3450245179996606,0.2771535967527944
5ea98852cb0af2098caf14a4|lt|1,5ea98852cb0af2098caf14a4,lt,1,12.0,0.0,lt_market,3,6.0,0.4855399835175571,0.20206338260894738,0.3123966338734956
5ea98852cb0af2098caf14a4|lt|1,5ea98852cb0af2098caf14a4,lt,1,12.0,0.0,lt_market,3,8.0,0.2877171553338303,0.4742215286942509,0.23806131597191876
5ea98852cb0af2098caf14a4|lt|1,5ea98852cb0af2098caf14a4,lt,1,12.0,0.0,lt_market,3,12.0,0.14058560782757604,0.7288392182989976,0.13057517387342643
5eac3597d327962548ce2cd3|kw|0,5eac3597d327962548ce2cd3,kw,0,12.0,0.0,kw_control,4,4.0,0.6968665492495063,0.1911689023050412,0.11196454844545256
5eac3597d327962548ce2cd3|kw|0,5eac3597d327962548ce2cd3,kw,0,12.0,0.0,kw_control,4,6.0,0.7899277660422191,0.09875401929139141,0.11131821466638946
5eac3597d327962548ce2cd3|kw|0,5eac3597d327962548ce2cd3,kw,0,12.0,0.0,kw_control,4,8.0,0.5965315652298586,0.295361386949424,0.10810704782071744
5eac3597d327962548ce2cd3|kw|0,5eac3597d327962548ce2cd3,kw,0,12.0,0.0,kw_control,4,12.0,0.3622119022415662,0.5641029475043086,0.07368515025412525
5eaeeae9cde8075d1f14c369|lt|0,5eaeeae9cde8075d1f14c369,lt,0,6.0,0.5,lt_control,4,4.0,0.696866549249506,0.19116890230504152,0.1119645484454525
5eaeeae9cde8075d1f14c369|lt|0,5eaeeae9cde8075d1f14c369,lt,0,6.0,0.5,lt_control,4,6.0,0.789927766042219,0.09875401929139162,0.1113182146663894
5eaeeae9cde8075d1f14c369|lt|0,5eaeeae9cde8075d1f14c369,lt,0,6.0,0.5,lt_control,4,8.0,0.5965315652298582,0.2953613869494245,0.10810704782071738
5eaeeae9cde8075d1f14c369|lt|0,5eaeeae9cde8075d1f14c369,lt,0,6.0,0.5,lt_control,4,12.0,0.36221190224156563,0.5641029475043091,0.07368515025412516
5eaeeae9cde8075d1f14c369|lt|1,5eaeeae9cde8075d1f14c369,lt,1,12.0,0.0,lt_market,2,4.0,0.40669953307889495,0.2448137797666282,0.3484866871544769
5eaeeae9cde8075d1f14c369|lt|1,5eaeeae9cde8075d1f14c369,lt,1,12.0,0.0,lt_market,2,6.0,0.4936133118220561,0.13540940234650423,0.3709772858314397
5eaeeae9cde8075d1f14c369|lt|1,5eaeeae9cde8075d1f14c369,lt,1,12.0,0.0,lt_market,2,8.0,0.3275505930511745,0.35587152283672,0.3165778841121053
5eaeeae9cde8075d1f14c369|lt|1,5eaeeae9cde8075d1f14c369,lt,1,12.0,0.0,lt_market,2,12.0,0.18174288258460922,0.6210801096663144,0.1971770077490762
5eaefa172e29805e3fc8081c|kw|1,5eaefa172e29805e3fc8081c,kw,1,10.0,0.16666666666666666,kw_market,2,4.0,0.31880406408175854,0.08976745742525209,0.5914284784929894
5eaefa172e29805e3fc8081c|kw|1,5eaefa172e29805e3fc8081c,kw,1,10.0,0.16666666666666666,kw_market,2,6.0,0.3629151004120382,0.046569318972583075,0.5905155806153788
5eaefa172e29805e3fc8081c|kw|1,5eaefa172e29805e3fc8081c,kw,1,10.0,0.16666666666666666,kw_market,2,8.0,0.27772163656973553,0.14114238519940644,0.581135978230858
5eaefa172e29805e3fc8081c|kw|1,5eaefa172e29805e3fc8081c,kw,1,10.0,0.16666666666666666,kw_market,2,12.0,0.20212475310371755,0.3231041984604672,0.4747710484358151
5eb6cf3ef3a1805c660fd56c|kw|1,5eb6cf3ef3a1805c660fd56c,kw,1,9.0,0.25,kw_market,4,4.0,0.6968665492495061,0.191168902305041,0.11196454844545285
5eb6cf3ef3a1805c660fd56c|kw|1,5eb6cf3ef3a1805c660fd56c,kw,1,9.0,0.25,kw_market,4,6.0,0.789927766042219,0.09875401929139131,0.1113182146663897
5eb6cf3ef3a1805c660fd56c|kw|1,5eb6cf3ef3a1805c660fd56c,kw,1,9.0,0.25,kw_market,4,8.0,0.5965315652298585,0.29536138694942377,0.10810704782071771
5eb6cf3ef3a1805c660fd56c|kw|1,5eb6cf3ef3a1805c660fd56c,kw,1,9.0,0.25,kw_market,4,12.0,0.3622119022415662,0.5641029475043082,0.07368515025412546
5ec738ce3c7fd317a72dcfe6|lt|0,5ec738ce3c7fd317a72dcfe6,lt,0,6.0,0.5,lt_control,3,4.0,0.7680020861795249,0.09947550018786594,0.13252241363260917
5ec738ce3c7fd317a72dcfe6|lt|0,5ec738ce3c7fd317a72dcfe6,lt,0,6.0,0.5,lt_control,3,6.0,0.8261904019114487,0.04876785451937923,0.12504174356917203
5ec738ce3c7fd317a72dcfe6|lt|0,5ec738ce3c7fd317a72dcfe6,lt,0,6.0,0.5,lt_control,3,8.0,0.7000778648364742,0.16366384102191114,0.13625829414161464
5ec738ce3c7fd317a72dcfe6|lt|0,5ec738ce3c7fd317a72dcfe6,lt,0,6.0,0.5,lt_control,3,12.0,0.5118205192752519,0.3763565238072113,0.11182295691753694
5ecd41b94c2e85070cdafa60|lt|0,5ecd41b94c2e85070cdafa60,lt,0,8.0,0.3333333333333333,lt_control,4,4.0,0.558660691924327,0.34065656275237055,0.10068274532330242
5ecd41b94c2e85070cdafa60|lt|0,5ecd41b94c2e85070cdafa60,lt,0,8.0,0.3333333333333333,lt_control,4,6.0,0.6963986685899355,0.193520220348297,0.11008111106176757
5ecd41b94c2e85070cdafa60|lt|0,5ecd41b94c2e85070cdafa60,lt,0,8.0,0.3333333333333333,lt_control,4,8.0,0.4340541290144629,0.47771095228569643,0.08823491869984058
5ecd41b94c2e85070cdafa60|lt|0,5ecd41b94c2e85070cdafa60,lt,0,8.0,0.3333333333333333,lt_control,4,12.0,0.21322207286148814,0.7381231557018059,0.048654771436706115
5ed5742f3d96410f9b7e0c16|kw|1,5ed5742f3d96410f9b7e0c16,kw,1,9.5,0.20833333333333334,kw_market,2,4.0,0.7433292992578339,0.10345181487983103,0.15321888586233506
5ed5742f3d96410f9b7e0c16|kw|1,5ed5742f3d96410f9b7e0c16,kw,1,9.5,0.20833333333333334,kw_market,2,6.0,0.8037187445761372,0.0509754105696561,0.1453058448542066
5ed5742f3d96410f9b7e0c16|kw|1,5ed5742f3d96410f9b7e0c16,kw,1,9.5,0.20833333333333334,kw_market,2,8.0,0.6739939015063535,0.16930332631981063,0.15670277217383582
5ed5742f3d96410f9b7e0c16|kw|1,5ed5742f3d96410f9b7e0c16,kw,1,9.5,0.20833333333333334,kw_market,2,12.0,0.4875453502907796,0.3852120864727461,0.12724256323647432
5ed62b33b663bd01d5aaa248|lt|1,5ed62b33b663bd01d5aaa248,lt,1,10.0,0.16666666666666666,lt_market,1,4.0,0.6405229171721862,0.19360787262979268,0.1658692101980212
5ed62b33b663bd01d5aaa248|lt|1,5ed62b33b663bd01d5aaa248,lt,1,10.0,0.16666666666666666,lt_market,1,6.0,0.7326644629278752,0.10092371760092787,0.1664118194711969
5ed62b33b663bd01d5aaa248|lt|1,5ed62b33b663bd01d5aaa248,lt,1,10.0,0.16666666666666666,lt_market,1,8.0,0.5441730175719791,0.29687799283054517,0.1589489895974758
5ed62b33b663bd01d5aaa248|lt|1,5ed62b33b663bd01d5aaa248,lt,1,10.0,0.16666666666666666,lt_market,1,12.0,0.32852824989110146,0.5637532827453073,0.10771846736359103
5ed856266cb96135ff953e31|kw|1,5ed856266cb96135ff953e31,kw,1,7.0,0.4166666666666667,kw_market,3,4.0,0.43752863820585486,0.06718898625433198,0.4952823755398131
5ed856266cb96135ff953e31|kw|1,5ed856266cb96135ff953e31,kw,1,7.0,0.4166666666666667,kw_market,3,6.0,0.48476451952714034,0.033925183241831816,0.48131029723102786
5ed856266cb96135ff953e31|kw|1,5ed856266cb96135ff953e31,kw,1,7.0,0.4166666666666667,kw_market,3,8.0,0.39154152872003917,0.1085230765358935,0.49993539474406723
5ed856266cb96135ff953e31|kw|1,5ed856266cb96135ff953e31,kw,1,7.0,0.4166666666666667,kw_market,3,12.0,0.30256351872424764,0.26377655356375757,0.4336599277119949
5ed929186e439f4729693f32|kw|0,5ed929186e439f4729693f32,kw,0,6.0,0.5,kw_control,3,4.0,0.7680020861795249,0.09947550018786594,0.13252241363260917
5ed929186e439f4729693f32|kw|0,5ed929186e439f4729693f32,kw,0,6.0,0.5,kw_control,3,6.0,0.8261904019114487,0.04876785451937923,0.12504174356917203
5ed929186e439f4729693f32|kw|0,5ed929186e439f4729693f32,kw,0,6.0,0.5,kw_control,3,8.0,0.7000778648364742,0.16366384102191114,0.13625829414161464
5ed929186e439f4729693f32|kw|0,5ed929186e439f4729693f32,kw,0,6.0,0.5,kw_control,3,12.0,0.5118205192752519,0.3763565238072113,0.11182295691753694
5edbaa3a56e98e05e908d8dd|kw|1,5edbaa3a56e98e05e908d8dd,kw,1,0.0,1.0,kw_market,4,4.0,0.6968665492495061,0.191168902305041,0.11196454844545285
5edbaa3a56e98e05e908d8dd|kw|1,5edbaa3a56e98e05e908d8dd,kw,1,0.0,1.0,kw_market,4,6.0,0.789927766042219,0.09875401929139131,0.1113182146663897
5edbaa3a56e98e05e908d8dd|kw|1,5edbaa3a56e98e05e908d8dd,kw,1,0.0,1.0,kw_market,4,8.0,0.5965315652298585,0.29536138694942377,0.10810704782071771
5edbaa3a56e98e05e908d8dd|kw|1,5edbaa3a56e98e05e908d8dd,kw,1,0.0,1.0,kw_market,4,12.0,0.3622119022415662,0.5641029475043082,0.07368515025412546
5eddaa6d115bb4ac7e59f153|kw|0,5eddaa6d115bb4ac7e59f153,kw,0,10.0,0.16666666666666666,kw_control,4,4.0,0.6968665492495063,0.1911689023050412,0.11196454844545256
5eddaa6d115bb4ac7e59f153|kw|0,5eddaa6d115bb4ac7e59f153,kw,0,10.0,0.16666666666666666,kw_control,4,6.0,0.7899277660422191,0.09875401929139141,0.11131821466638946
5eddaa6d115bb4ac7e59f153|kw|0,5eddaa6d115bb4ac7e59f153,kw,0,10.0,0.16666666666666666,kw_control,4,8.0,0.5965315652298586,0.295361386949424,0.10810704782071744
5eddaa6d115bb4ac7e59f153|kw|0,5eddaa6d115bb4ac7e59f153,kw,0,10.0,0.16666666666666666,kw_control,4,12.0,0.3622119022415662,0.5641029475043086,0.07368515025412525
5ede22703409e1042973a050|kw|1,5ede22703409e1042973a050,kw,1,12.0,0.0,kw_market,4,4.0,0.6968665492495063,0.1911689023050412,0.11196454844545256
5ede22703409e1042973a050|kw|1,5ede22703409e1042973a050,kw,1,12.0,0.0,kw_market,4,6.0,0.7899277660422191,0.09875401929139141,0.11131821466638946
5ede22703409e1042973a050|kw|1,5ede22703409e1042973a050,kw,1,12.0,0.0,kw_market,4,8.0,0.5965315652298586,0.295361386949424,0.10810704782071744
5ede22703409e1042973a050|kw|1,5ede22703409e1042973a050,kw,1,12.0,0.0,kw_market,4,12.0,0.3622119022415662,0.5641029475043086,0.07368515025412525
5edf3a73f4a50b1de157ff46|lt|1,5edf3a73f4a50b1de157ff46,lt,1,8.0,0.3333333333333333,lt_market,4,4.0,0.6671876269510717,0.0797605109321789,0.25305186211674935
5edf3a73f4a50b1de157ff46|lt|1,5edf3a73f4a50b1de157ff46,lt,1,8.0,0.3333333333333333,lt_market,4,6.0,0.7209040499797946,0.03927508933948643,0.239820860680719
5edf3a73f4a50b1de157ff46|lt|1,5edf3a73f4a50b1de157ff46,lt,1,8.0,0.3333333333333333,lt_market,4,8.0,0.6084275558032348,0.13128088025458837,0.26029156394217673
5edf3a73f4a50b1de157ff46|lt|1,5edf3a73f4a50b1de157ff46,lt,1,8.0,0.3333333333333333,lt_market,4,12.0,0.4631960581652854,0.31436401156910687,0.2224399302656077
5edf45c790b7091e3cfd7f62|lt|0,5edf45c790b7091e3cfd7f62,lt,0,5.0,0.5833333333333334,lt_control,4,4.0,0.558660691924327,0.34065656275237055,0.10068274532330242
5edf45c790b7091e3cfd7f62|lt|0,5edf45c790b7091e3cfd7f62,lt,0,5.0,0.5833333333333334,lt_control,4,6.0,0.6963986685899355,0.193520220348297,0.11008111106176757
5edf45c790b7091e3cfd7f62|lt|0,5edf45c790b7091e3cfd7f62,lt,0,5.0,0.5833333333333334,lt_control,4,8.0,0.4340541290144629,0.47771095228569643,0.08823491869984058
5edf45c790b7091e3cfd7f62|lt|0,5edf45c790b7091e3cfd7f62,lt,0,5.0,0.5833333333333334,lt_control,4,12.0,0.21322207286148814,0.7381231557018059,0.048654771436706115
5ee00b8630f30b34f2a5dc1c|kw|1,5ee00b8630f30b34f2a5dc1c,kw,1,12.0,0.0,kw_market,3,4.0,0.6702227532709218,0.20380802704253617,0.1259692196865419
5ee00b8630f30b34f2a5dc1c|kw|1,5ee00b8630f30b34f2a5dc1c,kw,1,12.0,0.0,kw_market,3,6.0,0.7672053225872183,0.10631963990956535,0.12647503750321637
5ee00b8630f30b34f2a5dc1c|kw|1,5ee00b8630f30b34f2a5dc1c,kw,1,12.0,0.0,kw_market,3,8.0,0.5679072378959134,0.31169668420843766,0.12039607789564899
5ee00b8630f30b34f2a5dc1c|kw|1,5ee00b8630f30b34f2a5dc1c,kw,1,12.0,0.0,kw_market,3,12.0,0.3373443250665337,0.5823761078395135,0.08027956709395266
5ee00b8630f30b34f2a5dc1c|lt|0,5ee00b8630f30b34f2a5dc1c,lt,0,12.0,0.0,lt_control,4,4.0,0.558660691924327,0.34065656275237055,0.10068274532330242
5ee00b8630f30b34f2a5dc1c|lt|0,5ee00b8630f30b34f2a5dc1c,lt,0,12.0,0.0,lt_control,4,6.0,0.6963986685899355,0.193520220348297,0.11008111106176757
5ee00b8630f30b34f2a5dc1c|lt|0,5ee00b8630f30b34f2a5dc1c,lt,0,12.0,0.0,lt_control,4,8.0,0.4340541290144629,0.47771095228569643,0.08823491869984058
5ee00b8630f30b34f2a5dc1c|lt|0,5ee00b8630f30b34f2a5dc1c,lt,0,12.0,0.0,lt_control,4,12.0,0.21322207286148814,0.7381231557018059,0.048654771436706115
5ee1311e3348314f4f4a8d30|kw|1,5ee1311e3348314f4f4a8d30,kw,1,0.5,0.9583333333333334,kw_market,2,4.0,0.28530922261081354,0.6417271893674397,0.0729635880217467
5ee1311e3348314f4f4a8d30|kw|1,5ee1311e3348314f4f4a8d30,kw,1,0.5,0.9583333333333334,kw_market,2,6.0,0.44457692113887853,0.45570240053246003,0.09972067832866136
5ee1311e3348314f4f4a8d30|kw|1,5ee1311e3348314f4f4a8d30,kw,1,0.5,0.9583333333333334,kw_market,2,8.0,0.1869824977281415,0.7590812218889743,0.053936280382884144
5ee1311e3348314f4f4a8d30|kw|1,5ee1311e3348314f4f4a8d30,kw,1,0.5,0.9583333333333334,kw_market,2,12.0,0.0709573666192849,0.9060666449866888,0.022975988394026307
5ee1311e3348314f4f4a8d30|lt|0,5ee1311e3348314f4f4a8d30,lt,0,6.0,0.5,lt_control,2,4.0,0.41443326646194073,0.4716735628008579,0.11389317073720139
5ee1311e3348314f4f4a8d30|lt|0,5ee1311e3348314f4f4a8d30,lt,0,6.0,0.5,lt_control,2,6.0,0.5682768236808804,0.2947451332771059,0.1369780430420138
5ee1311e3348314f4f4a8d30|lt|0,5ee1311e3348314f4f4a8d30,lt,0,6.0,0.5,lt_control,2,8.0,0.29725062566495125,0.6106078237978809,0.0921415505371678
5ee1311e3348314f4f4a8d30|lt|0,5ee1311e3348314f4f4a8d30,lt,0,6.0,0.5,lt_control,2,12.0,0.12805431409087323,0.8273878971058752,0.044557788803251425
5ee2d96eac3291203650f16e|kw|0,5ee2d96eac3291203650f16e,kw,0,6.0,0.5,kw_control,3,4.0,0.6562393468547034,0.2190476107815082,0.12471304236378847
5ee2d96eac3291203650f16e|kw|0,5ee2d96eac3291203650f16e,kw,0,6.0,0.5,kw_control,3,6.0,0.758264060438182,0.1153443959489603,0.1263915436128578
5ee2d96eac3291203650f16e|kw|0,5ee2d96eac3291203650f16e,kw,0,6.0,0.5,kw_control,3,8.0,0.5504126348226516,0.3316021289999801,0.11798523617736828
5ee2d96eac3291203650f16e|kw|0,5ee2d96eac3291203650f16e,kw,0,6.0,0.5,kw_control,3,12.0,0.318918147754441,0.6043430206738475,0.07673883157171162
5ee2d96eac3291203650f16e|kw|1,5ee2d96eac3291203650f16e,kw,1,12.0,0.0,kw_market,3,4.0,0.6702227532709218,0.20380802704253617,0.1259692196865419
5ee2d96eac3291203650f16e|kw|1,5ee2d96eac3291203650f16e,kw,1,12.0,0.0,kw_market,3,6.0,0.7672053225872183,0.10631963990956535,0.12647503750321637
5ee2d96eac3291203650f16e|kw|1,5ee2d96eac3291203650f16e,kw,1,12.0,0.0,kw_market,3,8.0,0.5679072378959134,0.31169668420843766,0.12039607789564899
5ee2d96eac3291203650f16e|kw|1,5ee2d96eac3291203650f16e,kw,1,12.0,0.0,kw_market,3,12.0,0.3373443250665337,0.5823761078395135,0.08027956709395266
5ee4c4b42c280d1cd26cfe3d|lt|1,5ee4c4b42c280d1cd26cfe3d,lt,1,6.0,0.5,lt_market,3,4.0,0.7680020861795249,0.09947550018786594,0.13252241363260917
5ee4c4b42c280d1cd26cfe3d|lt|1,5ee4c4b42c280d1cd26cfe3d,lt,1,6.0,0.5,lt_market,3,6.0,0.8261904019114487,0.04876785451937923,0.12504174356917203
5ee4c4b42c280d1cd26cfe3d|lt|1,5ee4c4b42c280d1cd26cfe3d,lt,1,6.0,0.5,lt_market,3,8.0,0.7000778648364742,0.16366384102191114,0.13625829414161464
5ee4c4b42c280d1cd26cfe3d|lt|1,5ee4c4b42c280d1cd26cfe3d,lt,1,6.0,0.5,lt_market,3,12.0,0.5118205192752519,0.3763565238072113,0.11182295691753694
5ee55d2d0eccfc2a733ad0db|lt|0,5ee55d2d0eccfc2a733ad0db,lt,0,6.0,0.5,lt_control,4,4.0,0.558660691924327,0.34065656275237055,0.10068274532330242
5ee55d2d0eccfc2a733ad0db|lt|0,5ee55d2d0eccfc2a733ad0db,lt,0,6.0,0.5,lt_control,4,6.0,0.6963986685899355,0.193520220348297,0.11008111106176757
5ee55d2d0eccfc2a733ad0db|lt|0,5ee55d2d0eccfc2a733ad0db,lt,0,6.0,0.5,lt_control,4,8.0,0.4340541290144629,0.47771095228569643,0.08823491869984058
5ee55d2d0eccfc2a733ad0db|lt|0,5ee55d2d0eccfc2a733ad0db,lt,0,6.0,0.5,lt_control,4,12.0,0.21322207286148814,0.7381231557018059,0.048654771436706115
5ee91869ec57d2169fca4494|kw|1,5ee91869ec57d2169fca4494,kw,1,11.5,0.041666666666666664,kw_market,4,4.0,0.39745569921070273,0.5203819764357425,0.08216232435355485
5ee91869ec57d2169fca4494|kw|1,5ee91869ec57d2169fca4494,kw,1,11.5,0.041666666666666664,kw_market,4,6.0,0.5624350765876526,0.3355874320792443,0.10197749133310305
5ee91869ec57d2169fca4494|kw|1,5ee91869ec57d2169fca4494,kw,1,11.5,0.041666666666666664,kw_market,4,8.0,0.2780641283585256,0.6570995126355873,0.06483635900588697
5ee91869ec57d2169fca4494|kw|1,5ee91869ec57d2169fca4494,kw,1,11.5,0.041666666666666664,kw_market,4,12.0,0.11501264967932982,0.8548839233422206,0.03010342697844951
5eeb621a7c83c62d2473afb1|lt|1,5eeb621a7c83c62d2473afb1,lt,1,9.0,0.25,lt_market,3,4.0,0.42130818632424755,0.48971733039762366,0.08897448327812882
5eeb621a7c83c62d2473afb1|lt|1,5eeb621a7c83c62d2473afb1,lt,1,9.0,0.25,lt_market,3,6.0,0.5831074858897167,0.3088829703369596,0.10800954377332375
5eeb621a7c83c62d2473afb1|lt|1,5eeb621a7c83c62d2473afb1,lt,1,9.0,0.25,lt_market,3,8.0,0.29974470266593234,0.628853892412377,0.07140140492169056
5eeb621a7c83c62d2473afb1|lt|1,5eeb621a7c83c62d2473afb1,lt,1,9.0,0.25,lt_market,3,12.0,0.1271241598613032,0.8388835821665274,0.03399225797216935
5ef1e33a86d17508df13c097|kw|1,5ef1e33a86d17508df13c097,kw,1,12.0,0.0,kw_market,2,4.0,0.3456508052931933,0.5637463174184143,0.09060287728839257
5ef1e33a86d17508df13c097|kw|1,5ef1e33a86d17508df13c097,kw,1,12.0,0.0,kw_market,2,6.0,0.5067971867022574,0.37668654944871244,0.1165162638490302
5ef1e33a86d17508df13c097|kw|1,5ef1e33a86d17508df13c097,kw,1,12.0,0.0,kw_market,2,8.0,0.23588262155434833,0.6943760803653167,0.06974129808033508
5ef1e33a86d17508df13c097|kw|1,5ef1e33a86d17508df13c097,kw,1,12.0,0.0,kw_market,2,12.0,0.09441887754561487,0.8742446871402849,0.03133643531410031
5ef329d8cfbdc00379011819|kw|1,5ef329d8cfbdc00379011819,kw,1,6.0,0.5,kw_market,4,4.0,0.5713387704405489,0.1792504806010861,0.24941074895836493
5ef329d8cfbdc00379011819|kw|1,5ef329d8cfbdc00379011819,kw,1,6.0,0.5,kw_market,4,6.0,0.6553668294832129,0.0937024317775948,0.2509307387391923
5ef329d8cfbdc00379011819|kw|1,5ef329d8cfbdc00379011819,kw,1,6.0,0.5,kw_market,4,8.0,0.48575366787007584,0.2750650314776108,0.23918130065231333
5ef329d8cfbdc00379011819|kw|1,5ef329d8cfbdc00379011819,kw,1,6.0,0.5,kw_market,4,12.0,0.2999535607534114,0.5342551021496968,0.1657913370968915
5ef66e81cf5fa435ea9a4e8d|lt|1,5ef66e81cf5fa435ea9a4e8d,lt,1,11.0,0.08333333333333333,lt_market,1,4.0,0.4210450142880932,0.4592488024107363,0.11970618330117044
5ef66e81cf5fa435ea9a4e8d|lt|1,5ef66e81cf5fa435ea9a4e8d,lt,1,11.0,0.08333333333333333,lt_market,1,6.0,0.5725942893215868,0.2846205727639184,0.1427851379144948
5ef66e81cf5fa435ea9a4e8d|lt|1,5ef66e81cf5fa435ea9a4e8d,lt,1,11.0,0.08333333333333333,lt_market,1,8.0,0.3040113498375792,0.598496978645627,0.0974916715167939
5ef66e81cf5fa435ea9a4e8d|lt|1,5ef66e81cf5fa435ea9a4e8d,lt,1,11.0,0.08333333333333333,lt_market,1,12.0,0.13241151806855378,0.8199234200488826,0.047665061882563586
5efa4bdaca4722143101c0bc|kw|1,5efa4bdaca4722143101c0bc,kw,1,6.0,0.5,kw_market,2,4.0,0.5989695840322894,0.26119314438297425,0.13983727158473636
5efa4bdaca4722143101c0bc|kw|1,5efa4bdaca4722143101c0bc,kw,1,6.0,0.5,kw_market,2,6.0,0.7125060518382478,0.14159415774982745,0.14589979041192477
5efa4bdaca4722143101c0bc|kw|1,5efa4bdaca4722143101c0bc,kw,1,6.0,0.5,kw_market,2,8.0,0.4877102260064412,0.38385882309275593,0.1284309509008029
5efa4bdaca4722143101c0bc|kw|1,5efa4bdaca4722143101c0bc,kw,1,6.0,0.5,kw_market,2,12.0,0.26516575658838953,0.6564512305463766,0.07838301286523398
5efbe3c91cb67519d2f20b7b|lt|0,5efbe3c91cb67519d2f20b7b,lt,0,6.0,0.5,lt_control,4,4.0,0.558660691924327,0.34065656275237055,0.10068274532330242
5efbe3c91cb67519d2f20b7b|lt|0,5efbe3c91cb67519d2f20b7b,lt,0,6.0,0.5,lt_control,4,6.0,0.6963986685899355,0.193520220348297,0.11008111106176757
5efbe3c91cb67519d2f20b7b|lt|0,5efbe3c91cb67519d2f20b7b,lt,0,6.0,0.5,lt_control,4,8.0,0.4340541290144629,0.47771095228569643,0.08823491869984058
5efbe3c91cb67519d2f20b7b|lt|0,5efbe3c91cb67519d2f20b7b,lt,0,6.0,0.5,lt_control,4,12.0,0.21322207286148814,0.7381231557018059,0.048654771436706115
5efd32d5ebff0517d77b8e4c|kw|0,5efd32d5ebff0517d77b8e4c,kw,0,12.0,0.0,kw_control,3,4.0,0.5128373469688556,0.3762171761757544,0.11094547685538997
5efd32d5ebff0517d77b8e4c|kw|0,5efd32d5ebff0517d77b8e4c,kw,0,12.0,0.0,kw_control,3,6.0,0.6561397698914193,0.21935882397864162,0.12450140612993907
5efd32d5ebff0517d77b8e4c|kw|0,5efd32d5ebff0517d77b8e4c,kw,0,12.0,0.0,kw_control,3,8.0,0.3893946279892757,0.5155865644236287,0.09501880758709573
5efd32d5ebff0517d77b8e4c|kw|0,5efd32d5ebff0517d77b8e4c,kw,0,12.0,0.0,kw_control,3,12.0,0.18386926983903348,0.7657661231684124,0.05036460699255399
5f05ef4bd552bc0009e5566c|lt|1,5f05ef4bd552bc0009e5566c,lt,1,9.0,0.25,lt_market,1,4.0,0.6405229171721862,0.19360787262979268,0.1658692101980212
5f05ef4bd552bc0009e5566c|lt|1,5f05ef4bd552bc0009e5566c,lt,1,9.0,0.25,lt_market,1,6.0,0.7326644629278752,0.10092371760092787,0.1664118194711969
5f05ef4bd552bc0009e5566c|lt|1,5f05ef4bd552bc0009e5566c,lt,1,9.0,0.25,lt_market,1,8.0,0.5441730175719791,0.29687799283054517,0.1589489895974758
5f05ef4bd552bc0009e5566c|lt|1,5f05ef4bd552bc0009e5566c,lt,1,9.0,0.25,lt_market,1,12.0,0.32852824989110146,0.5637532827453073,0.10771846736359103
5f07386c25b9522f898bac8f|kw|1,5f07386c25b9522f898bac8f,kw,1,11.5,0.041666666666666664,kw_market,1,4.0,0.698798224432229,0.11406147889155789,0.18714029667621307
5f07386c25b9522f898bac8f|kw|1,5f07386c25b9522f898bac8f,kw,1,11.5,0.041666666666666664,kw_market,1,6.0,0.7637816584613157,0.056814109370394335,0.17940423216829
5f07386c25b9522f898bac8f|kw|1,5f07386c25b9522f898bac8f,kw,1,11.5,0.041666666666666664,kw_market,1,8.0,0.6263022562449089,0.18451167141005792,0.18918607234503312
5f07386c25b9522f898bac8f|kw|1,5f07386c25b9522f898bac8f,kw,1,11.5,0.041666666666666664,kw_market,1,12.0,0.4413591113573683,0.4089849486994945,0.14965593994313725
5f0766baa1aa2f12767758cd|kw|1,5f0766baa1aa2f12767758cd,kw,1,10.0,0.16666666666666666,kw_market,2,4.0,0.3172907150916196,0.06324602919192966,0.6194632557164508
5f0766baa1aa2f12767758cd|kw|1,5f0766baa1aa2f12767758cd,kw,1,10.0,0.16666666666666666,kw_market,2,6.0,0.3567296534557542,0.032405213357632516,0.6108651331866133
5f0766baa1aa2f12767758cd|kw|1,5f0766baa1aa2f12767758cd,kw,1,10.0,0.16666666666666666,kw_market,2,8.0,0.2807468448927725,0.10100513332115688,0.6182480217860706
5f0766baa1aa2f12767758cd|kw|1,5f0766baa1aa2f12767758cd,kw,1,10.0,0.16666666666666666,kw_market,2,12.0,0.21722101196338223,0.24581351493518863,0.5369654731014291
5f0c8cfb134b8f1010cba857|lt|1,5f0c8cfb134b8f1010cba857,lt,1,11.0,0.08333333333333333,lt_market,3,4.0,0.49592896988531976,0.21570973254002695,0.28836129757465334
5f0c8cfb134b8f1010cba857|lt|1,5f0c8cfb134b8f1010cba857,lt,1,11.0,0.08333333333333333,lt_market,3,6.0,0.585406199151075,0.11603990150499412,0.29855389934393095
5f0c8cfb134b8f1010cba857|lt|1,5f0c8cfb134b8f1010cba857,lt,1,11.0,0.08333333333333333,lt_market,3,8.0,0.4096825841278621,0.32162546367650824,0.2686919521956295
5f0c8cfb134b8f1010cba857|lt|1,5f0c8cfb134b8f1010cba857,lt,1,11.0,0.08333333333333333,lt_market,3,12.0,0.23778166184055208,0.5871602455543498,0.1750580926050982
5f0e16a89f0d68127670c288|lt|0,5f0e16a89f0d68127670c288,lt,0,6.0,0.5,lt_control,4,4.0,0.558660691924327,0.34065656275237055,0.10068274532330242
5f0e16a89f0d68127670c288|lt|0,5f0e16a89f0d68127670c288,lt,0,6.0,0.5,lt_control,4,6.0,0.6963986685899355,0.193520220348297,0.11008111106176757
5f0e16a89f0d68127670c288|lt|0,5f0e16a89f0d68127670c288,lt,0,6.0,0.5,lt_control,4,8.0,0.4340541290144629,0.47771095228569643,0.08823491869984058
5f0e16a89f0d68127670c288|lt|0,5f0e16a89f0d68127670c288,lt,0,6.0,0.5,lt_control,4,12.0,0.21322207286148814,0.7381231557018059,0.048654771436706115
5f11eb333c6e2c0df5b92270|lt|0,5f11eb333c6e2c0df5b92270,lt,0,6.0,0.5,lt_control,4,4.0,0.558660691924327,0.34065656275237055,0.10068274532330242
5f11eb333c6e2c0df5b92270|lt|0,5f11eb333c6e2c0df5b92270,lt,0,6.0,0.5,lt_control,4,6.0,0.6963986685899355,0.193520220348297,0.11008111106176757
5f11eb333c6e2c0df5b92270|lt|0,5f11eb333c6e2c0df5b92270,lt,0,6.0,0.5,lt_control,4,8.0,0.4340541290144629,0.47771095228569643,0.08823491869984058
5f11eb333c6e2c0df5b92270|lt|0,5f11eb333c6e2c0df5b92270,lt,0,6.0,0.5,lt_control,4,12.0,0.21322207286148814,0.7381231557018059,0.048654771436706115
5f147c831589684ed6fd4cb8|lt|1,5f147c831589684ed6fd4cb8,lt,1,6.0,0.5,lt_market,3,4.0,0.45902113891347357,0.4416980374481885,0.09928082363833797
5f147c831589684ed6fd4cb8|lt|1,5f147c831589684ed6fd4cb8,lt,1,6.0,0.5,lt_market,3,6.0,0.6141642285529435,0.2693252513060585,0.11651052014099801
5f147c831589684ed6fd4cb8|lt|1,5f147c831589684ed6fd4cb8,lt,1,6.0,0.5,lt_market,3,8.0,0.3354866394421057,0.5826673380950669,0.08184602246282718
5f147c831589684ed6fd4cb8|lt|1,5f147c831589684ed6fd4cb8,lt,1,6.0,0.5,lt_market,3,12.0,0.1484401194684878,0.8109089658498542,0.04065091468165801
5f1c27b2554a0f483df235e7|kw|1,5f1c27b2554a0f483df235e7,kw,1,4.0,0.6666666666666666,kw_market,3,4.0,0.4284361208108569,0.09042112068811109,0.48114275850103194
5f1c27b2554a0f483df235e7|kw|1,5f1c27b2554a0f483df235e7,kw,1,4.0,0.6666666666666666,kw_market,3,6.0,0.4804969207119871,0.046214066868999905,0.47328901241901306
5f1c27b2554a0f483df235e7|kw|1,5f1c27b2554a0f483df235e7,kw,1,4.0,0.6666666666666666,kw_market,3,8.0,0.3776958008529271,0.14387277647113766,0.47843142267593525
5f1c27b2554a0f483df235e7|kw|1,5f1c27b2554a0f483df235e7,kw,1,4.0,0.6666666666666666,kw_market,3,12.0,0.2762378541980891,0.3309748716279172,0.3927872741739936
5f1dea279f4818757f07f087|lt|1,5f1dea279f4818757f07f087,lt,1,9.0,0.25,lt_market,1,4.0,0.6734327212875193,0.15353827029016942,0.17302900842231125
5f1dea279f4818757f07f087|lt|1,5f1dea279f4818757f07f087,lt,1,9.0,0.25,lt_market,1,6.0,0.7522986011249835,0.07816502230134571,0.16953637657367082
5f1dea279f4818757f07f087|lt|1,5f1dea279f4818757f07f087,lt,1,9.0,0.25,lt_market,1,8.0,0.58778040607822,0.2418745615684373,0.1703450323533426
5f1dea279f4818757f07f087|lt|1,5f1dea279f4818757f07f087,lt,1,9.0,0.25,lt_market,1,12.0,0.381727992428549,0.4940881762836564,0.1241838312877946
5f218810dbe587339609aee4|kw|0,5f218810dbe587339609aee4,kw,0,12.0,0.0,kw_control,4,4.0,0.7967830643922639,0.0863610139892806,0.11685592161845557
5f218810dbe587339609aee4|kw|0,5f218810dbe587339609aee4,kw,0,12.0,0.0,kw_control,4,6.0,0.8488753979574292,0.04192966165494564,0.10919494038762523
5f218810dbe587339609aee4|kw|0,5f218810dbe587339609aee4,kw,0,12.0,0.0,kw_control,4,8.0,0.734725594349773,0.14373266181188782,0.12154174383833914
5f218810dbe587339609aee4|kw|0,5f218810dbe587339609aee4,kw,0,12.0,0.0,kw_control,4,12.0,0.5552408647390824,0.3416544516522735,0.10310468360864405
5f218810dbe587339609aee4|kw|1,5f218810dbe587339609aee4,kw,1,11.0,0.08333333333333333,kw_market,1,4.0,0.42742253806678665,0.11139198223746997,0.4611854796957434
5f218810dbe587339609aee4|kw|1,5f218810dbe587339609aee4,kw,1,11.0,0.08333333333333333,kw_market,1,6.0,0.4842266969404945,0.05751021826820146,0.458263084791304
5f218810dbe587339609aee4|kw|1,5f218810dbe587339609aee4,kw,1,11.0,0.08333333333333333,kw_market,1,8.0,0.3721028797663699,0.1750298843780177,0.45286723585561234
5f218810dbe587339609aee4|kw|1,5f218810dbe587339609aee4,kw,1,11.0,0.08333333333333333,kw_market,1,12.0,0.26003054999247305,0.38472367418170433,0.35524577582582256
5f25681567da711e51c043ab|lt|1,5f25681567da711e51c043ab,lt,1,9.0,0.25,lt_market,3,4.0,0.6105873887929044,0.08844908194233575,0.3009635292647598
5f25681567da711e51c043ab|lt|1,5f25681567da711e51c043ab,lt,1,9.0,0.25,lt_market,3,6.0,0.6674034736675771,0.04405890859053267,0.28853761774189024
5f25681567da711e51c043ab|lt|1,5f25681567da711e51c043ab,lt,1,9.0,0.25,lt_market,3,8.0,0.5502271276176787,0.14386003419033044,0.30591283819199083
5f25681567da711e51c043ab|lt|1,5f25681567da711e51c043ab,lt,1,9.0,0.25,lt_market,3,12.0,0.40875065248735243,0.33614912260120056,0.255100224911447
5f2863bd78ff1f1085f77e19|lt|0,5f2863bd78ff1f1085f77e19,lt,0,6.0,0.5,lt_control,4,4.0,0.558660691924327,0.34065656275237055,0.10068274532330242
5f2863bd78ff1f1085f77e19|lt|0,5f2863bd78ff1f1085f77e19,lt,0,6.0,0.5,lt_control,4,6.0,0.6963986685899355,0.193520220348297,0.11008111106176757
5f2863bd78ff1f1085f77e19|lt|0,5f2863bd78ff1f1085f77e19,lt,0,6.0,0.5,lt_control,4,8.0,0.4340541290144629,0.47771095228569643,0.08823491869984058
5f2863bd78ff1f1085f77e19|lt|0,5f2863bd78ff1f1085f77e19,lt,0,6.0,0.5,lt_control,4,12.0,0.21322207286148814,0.7381231557018059,0.048654771436706115
5f2abe80f40fa7364aad029d|kw|1,5f2abe80f40fa7364aad029d,kw,1,10.0,0.16666666666666666,kw_market,1,4.0,0.42742253806678665,0.11139198223746997,0.4611854796957434
5f2abe80f40fa7364aad029d|kw|1,5f2abe80f40fa7364aad029d,kw,1,10.0,0.16666666666666666,kw_market,1,6.0,0.4842266969404945,0.05751021826820146,0.458263084791304
5f2abe80f40fa7364aad029d|kw|1,5f2abe80f40fa7364aad029d,kw,1,10.0,0.16666666666666666,kw_market,1,8.0,0.3721028797663699,0.1750298843780177,0.45286723585561234
5f2abe80f40fa7364aad029d|kw|1,5f2abe80f40fa7364aad029d,kw,1,10.0,0.16666666666666666,kw_market,1,12.0,0.26003054999247305,0.38472367418170433,0.35524577582582256
5f2c95d13e33c7074c6d1e47|lt|0,5f2c95d13e33c7074c6d1e47,lt,0,6.0,0.5,lt_control,4,4.0,0.558660691924327,0.34065656275237055,0.10068274532330242
5f2c95d13e33c7074c6d1e47|lt|0,5f2c95d13e33c7074c6d1e47,lt,0,6.0,0.5,lt_control,4,6.0,0.6963986685899355,0.193520220348297,0.11008111106176757
5f2c95d13e33c7074c6d1e47|lt|0,5f2c95d13e33c7074c6d1e47,lt,0,6.0,0.5,lt_control,4,8.0,0.4340541290144629,0.47771095228569643,0.08823491869984058
5f2c95d13e33c7074c6d1e47|lt|0,5f2c95d13e33c7074c6d1e47,lt,0,6.0,0.5,lt_control,4,12.0,0.21322207286148814,0.7381231557018059,0.048654771436706115
5f2f1f80314d56309186caa1|kw|1,5f2f1f80314d56309186caa1,kw,1,10.0,0.16666666666666666,kw_market,3,4.0,0.5991152191771398,0.2892181773880015,0.11166660343485872
5f2f1f80314d56309186caa1|kw|1,5f2f1f80314d56309186caa1,kw,1,10.0,0.16666666666666666,kw_market,3,6.0,0.7228176966811188,0.15901708292873432,0.1181652203901469
5f2f1f80314d56309186caa1|kw|1,5f2f1f80314d56309186caa1,kw,1,10.0,0.16666666666666666,kw_market,3,8.0,0.48041487877449995,0.41858565753864974,0.10099946368685034
5f2f1f80314d56309186caa1|kw|1,5f2f1f80314d56309186caa1,kw,1,10.0,0.16666666666666666,kw_market,3,12.0,0.2514724991166311,0.6891817275088895,0.059345773374479334
5f3153a6180dcf0d8dd72a45|kw|0,5f3153a6180dcf0d8dd72a45,kw,0,9.0,0.25,kw_control,3,4.0,0.6562393468547034,0.2190476107815082,0.12471304236378847
5f3153a6180dcf0d8dd72a45|kw|0,5f3153a6180dcf0d8dd72a45,kw,0,9.0,0.25,kw_control,3,6.0,0.758264060438182,0.1153443959489603,0.1263915436128578
5f3153a6180dcf0d8dd72a45|kw|0,5f3153a6180dcf0d8dd72a45,kw,0,9.0,0.25,kw_control,3,8.0,0.5504126348226516,0.3316021289999801,0.11798523617736828
5f3153a6180dcf0d8dd72a45|kw|0,5f3153a6180dcf0d8dd72a45,kw,0,9.0,0.25,kw_control,3,12.0,0.318918147754441,0.6043430206738475,0.07673883157171162
5f4738bfa043201203a27b4b|kw|1,5f4738bfa043201203a27b4b,kw,1,12.0,0.0,kw_market,4,4.0,0.6671876269510717,0.0797605109321789,0.25305186211674935
5f4738bfa043201203a27b4b|kw|1,5f4738bfa043201203a27b4b,kw,1,12.0,0.0,kw_market,4,6.0,0.7209040499797946,0.03927508933948643,0.23982086068071895
5f4738bfa043201203a27b4b|kw|1,5f4738bfa043201203a27b4b,kw,1,12.0,0.0,kw_market,4,8.0,0.6084275558032348,0.13128088025458837,0.2602915639421767
5f4738bfa043201203a27b4b|kw|1,5f4738bfa043201203a27b4b,kw,1,12.0,0.0,kw_market,4,12.0,0.4631960581652854,0.31436401156910687,0.22243993026560768
5f4929f20aa4ce437e659be0|lt|1,5f4929f20aa4ce437e659be0,lt,1,8.0,0.3333333333333333,lt_market,3,4.0,0.6395013160788713,0.2384759243015463,0.1220227596195825
5f4929f20aa4ce437e659be0|lt|1,5f4929f20aa4ce437e659be0,lt,1,8.0,0.3333333333333333,lt_market,3,6.0,0.7477747132767695,0.12707895817734013,0.12514632854589033
5f4929f20aa4ce437e659be0|lt|1,5f4929f20aa4ce437e659be0,lt,1,8.0,0.3333333333333333,lt_market,3,8.0,0.5295807226969695,0.35644122485060925,0.11397805245242122
5f4929f20aa4ce437e659be0|lt|1,5f4929f20aa4ce437e659be0,lt,1,8.0,0.3333333333333333,lt_market,3,12.0,0.2977392236810803,0.6303288330170002,0.07193194330191957
5f49645bf271be4ba2e83871|kw|1,5f49645bf271be4ba2e83871,kw,1,10.0,0.16666666666666666,kw_market,4,4.0,0.7967830643922639,0.0863610139892806,0.11685592161845557
5f49645bf271be4ba2e83871|kw|1,5f49645bf271be4ba2e83871,kw,1,10.0,0.16666666666666666,kw_market,4,6.0,0.8488753979574292,0.04192966165494564,0.10919494038762523
5f49645bf271be4ba2e83871|kw|1,5f49645bf271be4ba2e83871,kw,1,10.0,0.16666666666666666,kw_market,4,8.0,0.734725594349773,0.14373266181188782,0.12154174383833914
5f49645bf271be4ba2e83871|kw|1,5f49645bf271be4ba2e83871,kw,1,10.0,0.16666666666666666,kw_market,4,12.0,0.5552408647390824,0.3416544516522735,0.10310468360864405
5f4a835e9e84256238129995|lt|1,5f4a835e9e84256238129995,lt,1,12.0,0.0,lt_market,4,4.0,0.3142494088829466,0.2917364580751975,0.39401413304185584
5f4a835e9e84256238129995|lt|1,5f4a835e9e84256238129995,lt,1,12.0,0.0,lt_market,4,6.0,0.3963847105520785,0.16769993857759785,0.4359153508703237
5f4a835e9e84256238129995|lt|1,5f4a835e9e84256238129995,lt,1,12.0,0.0,lt_market,4,8.0,0.24450792300961513,0.4096961042651835,0.3457959727252013
5f4a835e9e84256238129995|lt|1,5f4a835e9e84256238129995,lt,1,12.0,0.0,lt_market,4,12.0,0.1272597414883368,0.6707107958060267,0.20202946270563651
5f4d968cacc80fa73143cdf3|kw|1,5f4d968cacc80fa73143cdf3,kw,1,6.0,0.5,kw_market,4,4.0,0.5586606919243271,0.3406565627523705,0.10068274532330242
5f4d968cacc80fa73143cdf3|kw|1,5f4d968cacc80fa73143cdf3,kw,1,6.0,0.5,kw_market,4,6.0,0.6963986685899355,0.1935202203482969,0.11008111106176763
5f4d968cacc80fa73143cdf3|kw|1,5f4d968cacc80fa73143cdf3,kw,1,6.0,0.5,kw_market,4,8.0,0.434054129014463,0.4777109522856964,0.08823491869984065
5f4d968cacc80fa73143cdf3|kw|1,5f4d968cacc80fa73143cdf3,kw,1,6.0,0.5,kw_market,4,12.0,0.21322207286148817,0.7381231557018056,0.048654771436706164
5f512e03b3a4953287604eed|lt|1,5f512e03b3a4953287604eed,lt,1,10.0,0.16666666666666666,lt_market,3,4.0,0.6163372759904859,0.08368033776955737,0.2999823862399567
5f512e03b3a4953287604eed|lt|1,5f512e03b3a4953287604eed,lt,1,10.0,0.16666666666666666,lt_market,3,6.0,0.6716942395356055,0.04156008109599248,0.286745679368402
5f512e03b3a4953287604eed|lt|1,5f512e03b3a4953287604eed,lt,1,10.0,0.16666666666666666,lt_market,3,8.0,0.5573996546679837,0.13659171142098633,0.30600863391102995
5f512e03b3a4953287604eed|lt|1,5f512e03b3a4953287604eed,lt,1,10.0,0.16666666666666666,lt_market,3,12.0,0.4189281591272819,0.3229033620598828,0.2581684788128353
5f562fc05e6f8a000965cbd5|lt|1,5f562fc05e6f8a000965cbd5,lt,1,12.0,0.0,lt_market,2,4.0,0.3132349529818475,0.06539637658326496,0.6213686704348876
5f562fc05e6f8a000965cbd5|lt|1,5f562fc05e6f8a000965cbd5,lt,1,12.0,0.0,lt_market,2,6.0,0.35272677369250643,0.03355997795534503,0.6137132483521485
5f562fc05e6f8a000965cbd5|lt|1,5f562fc05e6f8a000965cbd5,lt,1,12.0,0.0,lt_market,2,8.0,0.2766748027265136,0.10425712353787346,0.6190680737356129
5f562fc05e6f8a000965cbd5|lt|1,5f562fc05e6f8a000965cbd5,lt,1,12.0,0.0,lt_market,2,12.0,0.21290452981136437,0.25234598174912815,0.5347494884395073
5f57c697f9f7d02d07909dbb|kw|0,5f57c697f9f7d02d07909dbb,kw,0,6.0,0.5,kw_control,4,4.0,0.7967830643922639,0.0863610139892806,0.11685592161845557
5f57c697f9f7d02d07909dbb|kw|0,5f57c697f9f7d02d07909dbb,kw,0,6.0,0.5,kw_control,4,6.0,0.8488753979574292,0.04192966165494564,0.10919494038762523
5f57c697f9f7d02d07909dbb|kw|0,5f57c697f9f7d02d07909dbb,kw,0,6.0,0.5,kw_control,4,8.0,0.734725594349773,0.14373266181188782,0.12154174383833914
5f57c697f9f7d02d07909dbb|kw|0,5f57c697f9f7d02d07909dbb,kw,0,6.0,0.5,kw_control,4,12.0,0.5552408647390824,0.3416544516522735,0.10310468360864405
5f59c4de09a8be00087bb9d0|kw|1,5f59c4de09a8be00087bb9d0,kw,1,9.0,0.25,kw_market,1,4.0,0.42742253806678665,0.11139198223746997,0.4611854796957434
5f59c4de09a8be00087bb9d0|kw|1,5f59c4de09a8be00087bb9d0,kw,1,9.0,0.25,kw_market,1,6.0,0.4842266969404945,0.05751021826820146,0.458263084791304
5f59c4de09a8be00087bb9d0|kw|1,5f59c4de09a8be00087bb9d0,kw,1,9.0,0.25,kw_market,1,8.0,0.3721028797663699,0.1750298843780177,0.45286723585561234
5f59c4de09a8be00087bb9d0|kw|1,5f59c4de09a8be00087bb9d0,kw,1,9.0,0.25,kw_market,1,12.0,0.26003054999247305,0.38472367418170433,0.35524577582582256
5f5ba70b547cf6320759e068|lt|0,5f5ba70b547cf6320759e068,lt,0,6.0,0.5,lt_control,4,4.0,0.558660691924327,0.34065656275237055,0.10068274532330242
5f5ba70b547cf6320759e068|lt|0,5f5ba70b547cf6320759e068,lt,0,6.0,0.5,lt_control,4,6.0,0.6963986685899355,0.193520220348297,0.11008111106176757
5f5ba70b547cf6320759e068|lt|0,5f5ba70b547cf6320759e068,lt,0,6.0,0.5,lt_control,4,8.0,0.4340541290144629,0.47771095228569643,0.08823491869984058
5f5ba70b547cf6320759e068|lt|0,5f5ba70b547cf6320759e068,lt,0,6.0,0.5,lt_control,4,12.0,0.21322207286148814,0.7381231557018059,0.048654771436706115
5f5ce7f940a2614f6cb6e747|kw|0,5f5ce7f940a2614f6cb6e747,kw,0,12.0,0.0,kw_control,3,4.0,0.49592896988531976,0.21570973254002695,0.28836129757465334
5f5ce7f940a2614f6cb6e747|kw|0,5f5ce7f940a2614f6cb6e747,kw,0,12.0,0.0,kw_control,3,6.0,0.585406199151075,0.11603990150499412,0.29855389934393095
5f5ce7f940a2614f6cb6e747|kw|0,5f5ce7f940a2614f6cb6e747,kw,0,12.0,0.0,kw_control,3,8.0,0.4096825841278621,0.32162546367650824,0.2686919521956295
5f5ce7f940a2614f6cb6e747|kw|0,5f5ce7f940a2614f6cb6e747,kw,0,12.0,0.0,kw_control,3,12.0,0.23778166184055208,0.5871602455543498,0.1750580926050982
5f625539ecec8c13b04d83e3|kw|1,5f625539ecec8c13b04d83e3,kw,1,12.0,0.0,kw_market,2,4.0,0.32416932750857796,0.07951030600103152,0.5963203664903906
5f625539ecec8c13b04d83e3|kw|1,5f625539ecec8c13b04d83e3,kw,1,12.0,0.0,kw_market,2,6.0,0.3669418758799028,0.04101555138062484,0.5920425727394726
5f625539ecec8c13b04d83e3|kw|1,5f625539ecec8c13b04d83e3,kw,1,12.0,0.0,kw_market,2,8.0,0.28428509760949333,0.12585146065735328,0.5898634417331534
5f625539ecec8c13b04d83e3|kw|1,5f625539ecec8c13b04d83e3,kw,1,12.0,0.0,kw_market,2,12.0,0.21179344097151592,0.29491172182525827,0.49329483720322587
5f650058c1e0bf000976f01f|lt|1,5f650058c1e0bf000976f01f,lt,1,10.5,0.125,lt_market,1,4.0,0.6734327212875193,0.15353827029016942,0.17302900842231125
5f650058c1e0bf000976f01f|lt|1,5f650058c1e0bf000976f01f,lt,1,10.5,0.125,lt_market,1,6.0,0.7522986011249835,0.07816502230134571,0.16953637657367082
5f650058c1e0bf000976f01f|lt|1,5f650058c1e0bf000976f01f,lt,1,10.5,0.125,lt_market,1,8.0,0.58778040607822,0.2418745615684373,0.1703450323533426
5f650058c1e0bf000976f01f|lt|1,5f650058c1e0bf000976f01f,lt,1,10.5,0.125,lt_market,1,12.0,0.381727992428549,0.4940881762836564,0.1241838312877946
5f68c02bfe85b202e0f00cc7|lt|1,5f68c02bfe85b202e0f00cc7,lt,1,10.0,0.16666666666666666,lt_market,1,4.0,0.4217863885520073,0.08362403817848542,0.4945895732695073
5f68c02bfe85b202e0f00cc7|lt|1,5f68c02bfe85b202e0f00cc7,lt,1,10.0,0.16666666666666666,lt_market,1,6.0,0.4719557437340868,0.042642202044685724,0.4854020542212275
5f68c02bfe85b202e0f00cc7|lt|1,5f68c02bfe85b202e0f00cc7,lt,1,10.0,0.16666666666666666,lt_market,1,8.0,0.3730670680706269,0.13349904239715915,0.49343388953221384
5f68c02bfe85b202e0f00cc7|lt|1,5f68c02bfe85b202e0f00cc7,lt,1,10.0,0.16666666666666666,lt_market,1,12.0,0.27698876136268313,0.3117659971355975,0.41124524150171937
5f68fe45f544c70bb0f525e6|lt|0,5f68fe45f544c70bb0f525e6,lt,0,6.0,0.5,lt_control,4,4.0,0.6968665492495063,0.1911689023050412,0.11196454844545256
5f68fe45f544c70bb0f525e6|lt|0,5f68fe45f544c70bb0f525e6,lt,0,6.0,0.5,lt_control,4,6.0,0.7899277660422191,0.09875401929139141,0.11131821466638946
5f68fe45f544c70bb0f525e6|lt|0,5f68fe45f544c70bb0f525e6,lt,0,6.0,0.5,lt_control,4,8.0,0.5965315652298586,0.295361386949424,0.10810704782071744
5f68fe45f544c70bb0f525e6|lt|0,5f68fe45f544c70bb0f525e6,lt,0,6.0,0.5,lt_control,4,12.0,0.3622119022415662,0.5641029475043086,0.07368515025412525
5f6b027e6eae971e2fa13594|lt|0,5f6b027e6eae971e2fa13594,lt,0,12.0,0.0,lt_control,3,4.0,0.7680020861795249,0.09947550018786594,0.13252241363260917
5f6b027e6eae971e2fa13594|lt|0,5f6b027e6eae971e2fa13594,lt,0,12.0,0.0,lt_control,3,6.0,0.8261904019114487,0.04876785451937923,0.12504174356917203
5f6b027e6eae971e2fa13594|lt|0,5f6b027e6eae971e2fa13594,lt,0,12.0,0.0,lt_control,3,8.0,0.7000778648364742,0.16366384102191114,0.13625829414161464
5f6b027e6eae971e2fa13594|lt|0,5f6b027e6eae971e2fa13594,lt,0,12.0,0.0,lt_control,3,12.0,0.5118205192752519,0.3763565238072113,0.11182295691753694
5f6cdb4fc534270f82e4d8ca|lt|1,5f6cdb4fc534270f82e4d8ca,lt,1,8.0,0.3333333333333333,lt_market,2,4.0,0.4186420981110019,0.22355194670006417,0.35780595518893393
5f6cdb4fc534270f82e4d8ca|lt|1,5f6cdb4fc534270f82e4d8ca,lt,1,8.0,0.3333333333333333,lt_market,2,6.0,0.5017581668474069,0.12210396883660302,0.37613786431598994
5f6cdb4fc534270f82e4d8ca|lt|1,5f6cdb4fc534270f82e4d8ca,lt,1,8.0,0.3333333333333333,lt_market,2,8.0,0.34154857015306145,0.3291854950932395,0.32926593475369903
5f6cdb4fc534270f82e4d8ca|lt|1,5f6cdb4fc534270f82e4d8ca,lt,1,8.0,0.3333333333333333,lt_market,2,12.0,0.1955530923847956,0.5928274017779639,0.21161950583724054
5f763e6e7632050c3712feac|lt|1,5f763e6e7632050c3712feac,lt,1,8.0,0.3333333333333333,lt_market,4,4.0,0.6968665492495061,0.191168902305041,0.11196454844545285
5f763e6e7632050c3712feac|lt|1,5f763e6e7632050c3712feac,lt,1,8.0,0.3333333333333333,lt_market,4,6.0,0.789927766042219,0.09875401929139131,0.1113182146663897
5f763e6e7632050c3712feac|lt|1,5f763e6e7632050c3712feac,lt,1,8.0,0.3333333333333333,lt_market,4,8.0,0.5965315652298585,0.29536138694942377,0.10810704782071771
5f763e6e7632050c3712feac|lt|1,5f763e6e7632050c3712feac,lt,1,8.0,0.3333333333333333,lt_market,4,12.0,0.3622119022415662,0.5641029475043082,0.07368515025412546
5f7894fb06b78643c9bcdd44|kw|1,5f7894fb06b78643c9bcdd44,kw,1,10.5,0.125,kw_market,2,4.0,0.7109567691393482,0.1438766614557014,0.1451665694049503
5f7894fb06b78643c9bcdd44|kw|1,5f7894fb06b78643c9bcdd44,kw,1,10.5,0.125,kw_market,2,6.0,0.7865873386490685,0.07254272782259659,0.14086993352833493
5f7894fb06b78643c9bcdd44|kw|1,5f7894fb06b78643c9bcdd44,kw,1,10.5,0.125,kw_market,2,8.0,0.6267359714057945,0.22892037106876448,0.14434365752544095
5f7894fb06b78643c9bcdd44|kw|1,5f7894fb06b78643c9bcdd44,kw,1,10.5,0.125,kw_market,2,12.0,0.41538405570604764,0.4772269972661056,0.10738894702784678
5f7b79a3e087e414513eb8c9|kw|1,5f7b79a3e087e414513eb8c9,kw,1,12.0,0.0,kw_market,3,4.0,0.42130818632424755,0.48971733039762366,0.08897448327812882
5f7b79a3e087e414513eb8c9|kw|1,5f7b79a3e087e414513eb8c9,kw,1,12.0,0.0,kw_market,3,6.0,0.5831074858897167,0.3088829703369596,0.10800954377332375
5f7b79a3e087e414513eb8c9|kw|1,5f7b79a3e087e414513eb8c9,kw,1,12.0,0.0,kw_market,3,8.0,0.29974470266593234,0.628853892412377,0.07140140492169056
5f7b79a3e087e414513eb8c9|kw|1,5f7b79a3e087e414513eb8c9,kw,1,12.0,0.0,kw_market,3,12.0,0.1271241598613032,0.8388835821665274,0.03399225797216935
5f7cca7022f65316cfa16574|lt|1,5f7cca7022f65316cfa16574,lt,1,12.0,0.0,lt_market,3,4.0,0.42130818632424755,0.48971733039762366,0.08897448327812882
5f7cca7022f65316cfa16574|lt|1,5f7cca7022f65316cfa16574,lt,1,12.0,0.0,lt_market,3,6.0,0.5831074858897167,0.3088829703369596,0.10800954377332375
5f7cca7022f65316cfa16574|lt|1,5f7cca7022f65316cfa16574,lt,1,12.0,0.0,lt_market,3,8.0,0.29974470266593234,0.628853892412377,0.07140140492169056
5f7cca7022f65316cfa16574|lt|1,5f7cca7022f65316cfa16574,lt,1,12.0,0.0,lt_market,3,12.0,0.1271241598613032,0.8388835821665274,0.03399225797216935
5f81b5dddf03dd0754915ca6|lt|1,5f81b5dddf03dd0754915ca6,lt,1,10.0,0.16666666666666666,lt_market,4,4.0,0.6671876269510717,0.0797605109321789,0.25305186211674935
5f81b5dddf03dd0754915ca6|lt|1,5f81b5dddf03dd0754915ca6,lt,1,10.0,0.16666666666666666,lt_market,4,6.0,0.7209040499797946,0.03927508933948643,0.239820860680719
5f81b5dddf03dd0754915ca6|lt|1,5f81b5dddf03dd0754915ca6,lt,1,10.0,0.16666666666666666,lt_market,4,8.0,0.6084275558032348,0.13128088025458837,0.26029156394217673
5f81b5dddf03dd0754915ca6|lt|1,5f81b5dddf03dd0754915ca6,lt,1,10.0,0.16666666666666666,lt_market,4,12.0,0.4631960581652854,0.31436401156910687,0.2224399302656077
5f836c9938d2da4fb75631ef|kw|0,5f836c9938d2da4fb75631ef,kw,0,8.0,0.3333333333333333,kw_control,4,4.0,0.7967830643922639,0.0863610139892806,0.11685592161845557
5f836c9938d2da4fb75631ef|kw|0,5f836c9938d2da4fb75631ef,kw,0,8.0,0.3333333333333333,kw_control,4,6.0,0.8488753979574292,0.04192966165494564,0.10919494038762523
5f836c9938d2da4fb75631ef|kw|0,5f836c9938d2da4fb75631ef,kw,0,8.0,0.3333333333333333,kw_control,4,8.0,0.734725594349773,0.14373266181188782,0.12154174383833914
5f836c9938d2da4fb75631ef|kw|0,5f836c9938d2da4fb75631ef,kw,0,8.0,0.3333333333333333,kw_control,4,12.0,0.5552408647390824,0.3416544516522735,0.10310468360864405
5f8a08f7ada1650a0096396e|kw|0,5f8a08f7ada1650a0096396e,kw,0,7.0,0.4166666666666667,kw_control,2,4.0,0.6975282686655849,0.15944182314185928,0.1430299081925558
5f8a08f7ada1650a0096396e|kw|0,5f8a08f7ada1650a0096396e,kw,0,7.0,0.4166666666666667,kw_control,2,6.0,0.7788037865880962,0.08112753225543877,0.140068681156465
5f8a08f7ada1650a0096396e|kw|0,5f8a08f7ada1650a0096396e,kw,0,7.0,0.4166666666666667,kw_control,2,8.0,0.6083263304308875,0.2509745675975255,0.140699101971587
5f8a08f7ada1650a0096396e|kw|0,5f8a08f7ada1650a0096396e,kw,0,7.0,0.4166666666666667,kw_control,2,12.0,0.3910358228744681,0.5074403610624462,0.10152381606308578
5f8e2a9201810e1f2b9f63a2|kw|0,5f8e2a9201810e1f2b9f63a2,kw,0,6.0,0.5,kw_control,4,4.0,0.6968665492495063,0.1911689023050412,0.11196454844545256
5f8e2a9201810e1f2b9f63a2|kw|0,5f8e2a9201810e1f2b9f63a2,kw,0,6.0,0.5,kw_control,4,6.0,0.7899277660422191,0.09875401929139141,0.11131821466638946
5f8e2a9201810e1f2b9f63a2|kw|0,5f8e2a9201810e1f2b9f63a2,kw,0,6.0,0.5,kw_control,4,8.0,0.5965315652298586,0.295361386949424,0.10810704782071744
5f8e2a9201810e1f2b9f63a2|kw|0,5f8e2a9201810e1f2b9f63a2,kw,0,6.0,0.5,kw_control,4,12.0,0.3622119022415662,0.5641029475043086,0.07368515025412525
5f91a0c5075eec02af730999|kw|1,5f91a0c5075eec02af730999,kw,1,5.5,0.5416666666666666,kw_market,4,4.0,0.7967830643922639,0.0863610139892806,0.11685592161845557
5f91a0c5075eec02af730999|kw|1,5f91a0c5075eec02af730999,kw,1,5.5,0.5416666666666666,kw_market,4,6.0,0.8488753979574292,0.04192966165494564,0.10919494038762523
5f91a0c5075eec02af730999|kw|1,5f91a0c5075eec02af730999,kw,1,5.5,0.5416666666666666,kw_market,4,8.0,0.734725594349773,0.14373266181188782,0.12154174383833914
5f91a0c5075eec02af730999|kw|1,5f91a0c5075eec02af730999,kw,1,5.5,0.5416666666666666,kw_market,4,12.0,0.5552408647390824,0.3416544516522735,0.10310468360864405
5f970ff3eff5040736b63117|kw|0,5f970ff3eff5040736b63117,kw,0,12.0,0.0,kw_control,3,4.0,0.4213081863242474,0.48971733039762383,0.08897448327812882
5f970ff3eff5040736b63117|kw|0,5f970ff3eff5040736b63117,kw,0,12.0,0.0,kw_control,3,6.0,0.5831074858897166,0.3088829703369597,0.10800954377332375
5f970ff3eff5040736b63117|kw|0,5f970ff3eff5040736b63117,kw,0,12.0,0.0,kw_control,3,8.0,0.2997447026659322,0.6288538924123772,0.07140140492169053
5f970ff3eff5040736b63117|kw|0,5f970ff3eff5040736b63117,kw,0,12.0,0.0,kw_control,3,12.0,0.1271241598613031,0.8388835821665274,0.033992257972169336
5fa18024e8db28293edae14e|lt|1,5fa18024e8db28293edae14e,lt,1,0.0,1.0,lt_market,1,4.0,0.698798224432229,0.11406147889155789,0.18714029667621307
5fa18024e8db28293edae14e|lt|1,5fa18024e8db28293edae14e,lt,1,0.0,1.0,lt_market,1,6.0,0.7637816584613157,0.056814109370394335,0.17940423216829
5fa18024e8db28293edae14e|lt|1,5fa18024e8db28293edae14e,lt,1,0.0,1.0,lt_market,1,8.0,0.6263022562449089,0.18451167141005792,0.18918607234503312
5fa18024e8db28293edae14e|lt|1,5fa18024e8db28293edae14e,lt,1,0.0,1.0,lt_market,1,12.0,0.4413591113573683,0.4089849486994945,0.14965593994313725
5fa2b9a3c1d67f3a311db672|kw|0,5fa2b9a3c1d67f3a311db672,kw,0,6.0,0.5,kw_control,4,4.0,0.6968665492495063,0.1911689023050412,0.11196454844545256
5fa2b9a3c1d67f3a311db672|kw|0,5fa2b9a3c1d67f3a311db672,kw,0,6.0,0.5,kw_control,4,6.0,0.7899277660422191,0.09875401929139141,0.11131821466638946
5fa2b9a3c1d67f3a311db672|kw|0,5fa2b9a3c1d67f3a311db672,kw,0,6.0,0.5,kw_control,4,8.0,0.5965315652298586,0.295361386949424,0.10810704782071744
5fa2b9a3c1d67f3a311db672|kw|0,5fa2b9a3c1d67f3a311db672,kw,0,6.0,0.5,kw_control,4,12.0,0.3622119022415662,0.5641029475043086,0.07368515025412525
5fa2b9a3c1d67f3a311db672|kw|1,5fa2b9a3c1d67f3a311db672,kw,1,6.0,0.5,kw_market,4,4.0,0.571338770440549,0.17925048060108595,0.24941074895836493
5fa2b9a3c1d67f3a311db672|kw|1,5fa2b9a3c1d67f3a311db672,kw,1,6.0,0.5,kw_market,4,6.0,0.655366829483213,0.09370243177759467,0.2509307387391923
5fa2b9a3c1d67f3a311db672|kw|1,5fa2b9a3c1d67f3a311db672,kw,1,6.0,0.5,kw_market,4,8.0,0.48575366787007607,0.2750650314776106,0.23918130065231344
5fa2b9a3c1d67f3a311db672|kw|1,5fa2b9a3c1d67f3a311db672,kw,1,6.0,0.5,kw_market,4,12.0,0.2999535607534116,0.5342551021496967,0.16579133709689162
5fa3dc44bc91850202c76749|lt|1,5fa3dc44bc91850202c76749,lt,1,10.5,0.125,lt_market,4,4.0,0.4255669663865105,0.161775867593433,0.41265716602005653
5fa3dc44bc91850202c76749|lt|1,5fa3dc44bc91850202c76749,lt,1,10.5,0.125,lt_market,4,6.0,0.4941372148923859,0.08560382366663097,0.4202589614409831
5fa3dc44bc91850202c76749|lt|1,5fa3dc44bc91850202c76749,lt,1,10.5,0.125,lt_market,4,8.0,0.35973163239707334,0.2468181642258094,0.3934502033771172
5fa3dc44bc91850202c76749|lt|1,5fa3dc44bc91850202c76749,lt,1,10.5,0.125,lt_market,4,12.0,0.22800569444991042,0.4920616803254352,0.27993262522465434
5fad44ce8b587c0008f18de1|lt|1,5fad44ce8b587c0008f18de1,lt,1,8.0,0.3333333333333333,lt_market,2,4.0,0.31880406408175854,0.08976745742525209,0.5914284784929894
5fad44ce8b587c0008f18de1|lt|1,5fad44ce8b587c0008f18de1,lt,1,8.0,0.3333333333333333,lt_market,2,6.0,0.3629151004120382,0.046569318972583075,0.5905155806153788
5fad44ce8b587c0008f18de1|lt|1,5fad44ce8b587c0008f18de1,lt,1,8.0,0.3333333333333333,lt_market,2,8.0,0.27772163656973553,0.14114238519940644,0.581135978230858
5fad44ce8b587c0008f18de1|lt|1,5fad44ce8b587c0008f18de1,lt,1,8.0,0.3333333333333333,lt_market,2,12.0,0.20212475310371755,0.3231041984604672,0.4747710484358151
5fb156d6e16ee65ed2558d7c|kw|1,5fb156d6e16ee65ed2558d7c,kw,1,8.0,0.3333333333333333,kw_market,4,4.0,0.4255669663865105,0.161775867593433,0.41265716602005653
5fb156d6e16ee65ed2558d7c|kw|1,5fb156d6e16ee65ed2558d7c,kw,1,8.0,0.3333333333333333,kw_market,4,6.0,0.4941372148923859,0.08560382366663097,0.4202589614409831
5fb156d6e16ee65ed2558d7c|kw|1,5fb156d6e16ee65ed2558d7c,kw,1,8.0,0.3333333333333333,kw_market,4,8.0,0.35973163239707334,0.2468181642258094,0.3934502033771172
5fb156d6e16ee65ed2558d7c|kw|1,5fb156d6e16ee65ed2558d7c,kw,1,8.0,0.3333333333333333,kw_market,4,12.0,0.22800569444991042,0.4920616803254352,0.27993262522465434
5fb3d71c3144730009fe4a7b|lt|0,5fb3d71c3144730009fe4a7b,lt,0,6.0,0.5,lt_control,4,4.0,0.558660691924327,0.34065656275237055,0.10068274532330242
5fb3d71c3144730009fe4a7b|lt|0,5fb3d71c3144730009fe4a7b,lt,0,6.0,0.5,lt_control,4,6.0,0.6963986685899355,0.193520220348297,0.11008111106176757
5fb3d71c3144730009fe4a7b|lt|0,5fb3d71c3144730009fe4a7b,lt,0,6.0,0.5,lt_control,4,8.0,0.4340541290144629,0.47771095228569643,0.08823491869984058
5fb3d71c3144730009fe4a7b|lt|0,5fb3d71c3144730009fe4a7b,lt,0,6.0,0.5,lt_control,4,12.0,0.21322207286148814,0.7381231557018059,0.048654771436706115
5fb4f7b816ba5b1868ac6bd2|lt|1,5fb4f7b816ba5b1868ac6bd2,lt,1,12.0,0.0,lt_market,3,4.0,0.2546544133044559,0.052801129266621366,0.6925444574289227
5fb4f7b816ba5b1868ac6bd2|lt|1,5fb4f7b816ba5b1868ac6bd2,lt,1,12.0,0.0,lt_market,3,6.0,0.2873729306121163,0.027154238822804128,0.6854728305650797
5fb4f7b816ba5b1868ac6bd2|lt|1,5fb4f7b816ba5b1868ac6bd2,lt,1,12.0,0.0,lt_market,3,8.0,0.2251366853022613,0.08425407845376943,0.6906092362439693
5fb4f7b816ba5b1868ac6bd2|lt|1,5fb4f7b816ba5b1868ac6bd2,lt,1,12.0,0.0,lt_market,3,12.0,0.17792071710543314,0.2094336915213668,0.6126455913732
5fb5f30ab74f4b20cdd41ec1|kw|0,5fb5f30ab74f4b20cdd41ec1,kw,0,6.0,0.5,kw_control,4,4.0,0.6968665492495063,0.1911689023050412,0.11196454844545256
5fb5f30ab74f4b20cdd41ec1|kw|0,5fb5f30ab74f4b20cdd41ec1,kw,0,6.0,0.5,kw_control,4,6.0,0.7899277660422191,0.09875401929139141,0.11131821466638946
5fb5f30ab74f4b20cdd41ec1|kw|0,5fb5f30ab74f4b20cdd41ec1,kw,0,6.0,0.5,kw_control,4,8.0,0.5965315652298586,0.295361386949424,0.10810704782071744
5fb5f30ab74f4b20cdd41ec1|kw|0,5fb5f30ab74f4b20cdd41ec1,kw,0,6.0,0.5,kw_control,4,12.0,0.3622119022415662,0.5641029475043086,0.07368515025412525
5fba520e6c3b2e9c74d36273|lt|1,5fba520e6c3b2e9c74d36273,lt,1,12.0,0.0,lt_market,4,4.0,0.39745569921070323,0.520381976435742,0.08216232435355485
5fba520e6c3b2e9c74d36273|lt|1,5fba520e6c3b2e9c74d36273,lt,1,12.0,0.0,lt_market,4,6.0,0.5624350765876531,0.33558743207924396,0.10197749133310295
5fba520e6c3b2e9c74d36273|lt|1,5fba520e6c3b2e9c74d36273,lt,1,12.0,0.0,lt_market,4,8.0,0.27806412835852606,0.6570995126355871,0.06483635900588697
5fba520e6c3b2e9c74d36273|lt|1,5fba520e6c3b2e9c74d36273,lt,1,12.0,0.0,lt_market,4,12.0,0.11501264967933003,0.8548839233422206,0.030103426978449522
5fba54733359979ab9a16056|kw|0,5fba54733359979ab9a16056,kw,0,6.0,0.5,kw_control,4,4.0,0.6968665492495063,0.1911689023050412,0.11196454844545256
5fba54733359979ab9a16056|kw|0,5fba54733359979ab9a16056,kw,0,6.0,0.5,kw_control,4,6.0,0.7899277660422191,0.09875401929139141,0.11131821466638946
5fba54733359979ab9a16056|kw|0,5fba54733359979ab9a16056,kw,0,6.0,0.5,kw_control,4,8.0,0.5965315652298586,0.295361386949424,0.10810704782071744
5fba54733359979ab9a16056|kw|0,5fba54733359979ab9a16056,kw,0,6.0,0.5,kw_control,4,12.0,0.3622119022415662,0.5641029475043086,0.07368515025412525
5fba54733359979ab9a16056|kw|1,5fba54733359979ab9a16056,kw,1,12.0,0.0,kw_market,4,4.0,0.39745569921070323,0.520381976435742,0.08216232435355485
5fba54733359979ab9a16056|kw|1,5fba54733359979ab9a16056,kw,1,12.0,0.0,kw_market,4,6.0,0.5624350765876531,0.33558743207924396,0.10197749133310295
5fba54733359979ab9a16056|kw|1,5fba54733359979ab9a16056,kw,1,12.0,0.0,kw_market,4,8.0,0.27806412835852606,0.6570995126355871,0.06483635900588697
5fba54733359979ab9a16056|kw|1,5fba54733359979ab9a16056,kw,1,12.0,0.0,kw_market,4,12.0,0.11501264967933003,0.8548839233422206,0.030103426978449522
5fbc110869611208d6fd29da|lt|1,5fbc110869611208d6fd29da,lt,1,10.0,0.16666666666666666,lt_market,3,4.0,0.26999555363670696,0.6623100889886537,0.06769435737463939
5fbc110869611208d6fd29da|lt|1,5fbc110869611208d6fd29da,lt,1,10.0,0.16666666666666666,lt_market,3,6.0,0.4277501259663467,0.4781836000116963,0.09406627402195698
5fbc110869611208d6fd29da|lt|1,5fbc110869611208d6fd29da,lt,1,10.0,0.16666666666666666,lt_market,3,8.0,0.17512238509158115,0.7753523069069855,0.04952530800143325
5fbc110869611208d6fd29da|lt|1,5fbc110869611208d6fd29da,lt,1,10.0,0.16666666666666666,lt_market,3,12.0,0.06560104346562534,0.9135735759587145,0.020825380575660343
5fc1fdd411437431e95276d2|kw|1,5fc1fdd411437431e95276d2,kw,1,12.0,0.0,kw_market,1,4.0,0.4228996357122534,0.12243357875618316,0.4546667855315634
5fc1fdd411437431e95276d2|kw|1,5fc1fdd411437431e95276d2,kw,1,12.0,0.0,kw_market,1,6.0,0.4819465494923466,0.0635860549491938,0.45446739555845955
5fc1fdd411437431e95276d2|kw|1,5fc1fdd411437431e95276d2,kw,1,12.0,0.0,kw_market,1,8.0,0.3656021271786469,0.19104013148505083,0.4433577413363022
5fc1fdd411437431e95276d2|kw|1,5fc1fdd411437431e95276d2,kw,1,12.0,0.0,kw_market,1,12.0,0.24969753917523133,0.4103982678196413,0.33990419300512736
5fc54a4839204604d13affd5|kw|0,5fc54a4839204604d13affd5,kw,0,9.0,0.25,kw_control,4,4.0,0.6968665492495063,0.1911689023050412,0.11196454844545256
5fc54a4839204604d13affd5|kw|0,5fc54a4839204604d13affd5,kw,0,9.0,0.25,kw_control,4,6.0,0.7899277660422191,0.09875401929139141,0.11131821466638946
5fc54a4839204604d13affd5|kw|0,5fc54a4839204604d13affd5,kw,0,9.0,0.25,kw_control,4,8.0,0.5965315652298586,0.295361386949424,0.10810704782071744
5fc54a4839204604d13affd5|kw|0,5fc54a4839204604d13affd5,kw,0,9.0,0.25,kw_control,4,12.0,0.3622119022415662,0.5641029475043086,0.07368515025412525
5fd3092b225c4e13301ac0ee|lt|1,5fd3092b225c4e13301ac0ee,lt,1,6.0,0.5,lt_market,4,4.0,0.7967830643922639,0.0863610139892806,0.11685592161845557
5fd3092b225c4e13301ac0ee|lt|1,5fd3092b225c4e13301ac0ee,lt,1,6.0,0.5,lt_market,4,6.0,0.8488753979574292,0.04192966165494564,0.10919494038762523
5fd3092b225c4e13301ac0ee|lt|1,5fd3092b225c4e13301ac0ee,lt,1,6.0,0.5,lt_market,4,8.0,0.734725594349773,0.14373266181188782,0.12154174383833914
5fd3092b225c4e13301ac0ee|lt|1,5fd3092b225c4e13301ac0ee,lt,1,6.0,0.5,lt_market,4,12.0,0.5552408647390824,0.3416544516522735,0.10310468360864405
5fd8e27b6feb8e0d22eb3bd0|kw|0,5fd8e27b6feb8e0d22eb3bd0,kw,0,6.0,0.5,kw_control,4,4.0,0.6968665492495063,0.1911689023050412,0.11196454844545256
5fd8e27b6feb8e0d22eb3bd0|kw|0,5fd8e27b6feb8e0d22eb3bd0,kw,0,6.0,0.5,kw_control,4,6.0,0.7899277660422191,0.09875401929139141,0.11131821466638946
5fd8e27b6feb8e0d22eb3bd0|kw|0,5fd8e27b6feb8e0d22eb3bd0,kw,0,6.0,0.5,kw_control,4,8.0,0.5965315652298586,0.295361386949424,0.10810704782071744
5fd8e27b6feb8e0d22eb3bd0|kw|0,5fd8e27b6feb8e0d22eb3bd0,kw,0,6.0,0.5,kw_control,4,12.0,0.3622119022415662,0.5641029475043086,0.07368515025412525
5fdbae0584b3a90525410347|kw|0,5fdbae0584b3a90525410347,kw,0,6.0,0.5,kw_control,4,4.0,0.6968665492495063,0.1911689023050412,0.11196454844545256
5fdbae0584b3a90525410347|kw|0,5fdbae0584b3a90525410347,kw,0,6.0,0.5,kw_control,4,6.0,0.7899277660422191,0.09875401929139141,0.11131821466638946
5fdbae0584b3a90525410347|kw|0,5fdbae0584b3a90525410347,kw,0,6.0,0.5,kw_control,4,8.0,0.5965315652298586,0.295361386949424,0.10810704782071744
5fdbae0584b3a90525410347|kw|0,5fdbae0584b3a90525410347,kw,0,6.0,0.5,kw_control,4,12.0,0.3622119022415662,0.5641029475043086,0.07368515025412525
5fdbae0584b3a90525410347|kw|1,5fdbae0584b3a90525410347,kw,1,7.0,0.4166666666666667,kw_market,4,4.0,0.5151051505452523,0.07039878187562157,0.41449606757912616
5fdbae0584b3a90525410347|kw|1,5fdbae0584b3a90525410347,kw,1,7.0,0.4166666666666667,kw_market,4,6.0,0.5655891103243015,0.03522654612652285,0.39918434354917576
5fdbae0584b3a90525410347|kw|1,5fdbae0584b3a90525410347,kw,1,7.0,0.4166666666666667,kw_market,4,8.0,0.4641848139915373,0.11450193911646846,0.4213132468919943
5fdbae0584b3a90525410347|kw|1,5fdbae0584b3a90525410347,kw,1,7.0,0.4166666666666667,kw_market,4,12.0,0.35781551229774383,0.2776236375456086,0.36456085015664746
5febd397ad8fbad21bcd6182|lt|0,5febd397ad8fbad21bcd6182,lt,0,8.0,0.3333333333333333,lt_control,2,4.0,0.41443326646194073,0.4716735628008579,0.11389317073720139
5febd397ad8fbad21bcd6182|lt|0,5febd397ad8fbad21bcd6182,lt,0,8.0,0.3333333333333333,lt_control,2,6.0,0.5682768236808804,0.2947451332771059,0.1369780430420138
5febd397ad8fbad21bcd6182|lt|0,5febd397ad8fbad21bcd6182,lt,0,8.0,0.3333333333333333,lt_control,2,8.0,0.29725062566495125,0.6106078237978809,0.0921415505371678
5febd397ad8fbad21bcd6182|lt|0,5febd397ad8fbad21bcd6182,lt,0,8.0,0.3333333333333333,lt_control,2,12.0,0.12805431409087323,0.8273878971058752,0.044557788803251425
5fefaa63238d4be5c34c0d51|kw|0,5fefaa63238d4be5c34c0d51,kw,0,12.0,0.0,kw_control,4,4.0,0.6968665492495063,0.1911689023050412,0.11196454844545256
5fefaa63238d4be5c34c0d51|kw|0,5fefaa63238d4be5c34c0d51,kw,0,12.0,0.0,kw_control,4,6.0,0.7899277660422191,0.09875401929139141,0.11131821466638946
5fefaa63238d4be5c34c0d51|kw|0,5fefaa63238d4be5c34c0d51,kw,0,12.0,0.0,kw_control,4,8.0,0.5965315652298586,0.295361386949424,0.10810704782071744
5fefaa63238d4be5c34c0d51|kw|0,5fefaa63238d4be5c34c0d51,kw,0,12.0,0.0,kw_control,4,12.0,0.3622119022415662,0.5641029475043086,0.07368515025412525
5ff0379d6bfb633786fd9b27|lt|0,5ff0379d6bfb633786fd9b27,lt,0,12.0,0.0,lt_control,4,4.0,0.558660691924327,0.34065656275237055,0.10068274532330242
5ff0379d6bfb633786fd9b27|lt|0,5ff0379d6bfb633786fd9b27,lt,0,12.0,0.0,lt_control,4,6.0,0.6963986685899355,0.193520220348297,0.11008111106176757
5ff0379d6bfb633786fd9b27|lt|0,5ff0379d6bfb633786fd9b27,lt,0,12.0,0.0,lt_control,4,8.0,0.4340541290144629,0.47771095228569643,0.08823491869984058
5ff0379d6bfb633786fd9b27|lt|0,5ff0379d6bfb633786fd9b27,lt,0,12.0,0.0,lt_control,4,12.0,0.21322207286148814,0.7381231557018059,0.048654771436706115
5ff0b6331d6cb44a1b7a07dd|lt|1,5ff0b6331d6cb44a1b7a07dd,lt,1,9.5,0.20833333333333334,lt_market,1,4.0,0.6734327212875193,0.15353827029016942,0.17302900842231125
5ff0b6331d6cb44a1b7a07dd|lt|1,5ff0b6331d6cb44a1b7a07dd,lt,1,9.5,0.20833333333333334,lt_market,1,6.0,0.7522986011249835,0.07816502230134571,0.16953637657367082
5ff0b6331d6cb44a1b7a07dd|lt|1,5ff0b6331d6cb44a1b7a07dd,lt,1,9.5,0.20833333333333334,lt_market,1,8.0,0.58778040607822,0.2418745615684373,0.1703450323533426
5ff0b6331d6cb44a1b7a07dd|lt|1,5ff0b6331d6cb44a1b7a07dd,lt,1,9.5,0.20833333333333334,lt_market,1,12.0,0.381727992428549,0.4940881762836564,0.1241838312877946
5ff5f6c52171e10f72d3610c|lt|0,5ff5f6c52171e10f72d3610c,lt,0,6.0,0.5,lt_control,4,4.0,0.558660691924327,0.34065656275237055,0.10068274532330242
5ff5f6c52171e10f72d3610c|lt|0,5ff5f6c52171e10f72d3610c,lt,0,6.0,0.5,lt_control,4,6.0,0.6963986685899355,0.193520220348297,0.11008111106176757
5ff5f6c52171e10f72d3610c|lt|0,5ff5f6c52171e10f72d3610c,lt,0,6.0,0.5,lt_control,4,8.0,0.4340541290144629,0.47771095228569643,0.08823491869984058
5ff5f6c52171e10f72d3610c|lt|0,5ff5f6c52171e10f72d3610c,lt,0,6.0,0.5,lt_control,4,12.0,0.21322207286148814,0.7381231557018059,0.048654771436706115
5ff7ee108c6cb45141fe8c61|kw|1,5ff7ee108c6cb45141fe8c61,kw,1,8.0,0.3333333333333333,kw_market,1,4.0,0.42742253806678665,0.11139198223746997,0.4611854796957434
5ff7ee108c6cb45141fe8c61|kw|1,5ff7ee108c6cb45141fe8c61,kw,1,8.0,0.3333333333333333,kw_market,1,6.0,0.4842266969404945,0.05751021826820146,0.458263084791304
5ff7ee108c6cb45141fe8c61|kw|1,5ff7ee108c6cb45141fe8c61,kw,1,8.0,0.3333333333333333,kw_market,1,8.0,0.3721028797663699,0.1750298843780177,0.45286723585561234
5ff7ee108c6cb45141fe8c61|kw|1,5ff7ee108c6cb45141fe8c61,kw,1,8.0,0.3333333333333333,kw_market,1,12.0,0.26003054999247305,0.38472367418170433,0.35524577582582256
5ff8b291840bed124061d389|lt|1,5ff8b291840bed124061d389,lt,1,10.0,0.16666666666666666,lt_market,4,4.0,0.21742630456476736,0.043251203599202176,0.7393224918360306
5ff8b291840bed124061d389|lt|1,5ff8b291840bed124061d389,lt,1,10.0,0.16666666666666666,lt_market,4,6.0,0.24551442514523106,0.02225680904362583,0.732228765811143
5ff8b291840bed124061d389|lt|1,5ff8b291840bed124061d389,lt,1,10.0,0.16666666666666666,lt_market,4,8.0,0.1925133851249793,0.06911935948406119,0.7383672553909594
5ff8b291840bed124061d389|lt|1,5ff8b291840bed124061d389,lt,1,10.0,0.16666666666666666,lt_market,4,12.0,0.15540837485405848,0.17550462089907573,0.6690870042468657
5ff96b0f4c41e2257cad88a9|lt|1,5ff96b0f4c41e2257cad88a9,lt,1,10.0,0.16666666666666666,lt_market,3,4.0,0.7680020861795249,0.09947550018786594,0.13252241363260917
5ff96b0f4c41e2257cad88a9|lt|1,5ff96b0f4c41e2257cad88a9,lt,1,10.0,0.16666666666666666,lt_market,3,6.0,0.8261904019114487,0.04876785451937923,0.12504174356917203
5ff96b0f4c41e2257cad88a9|lt|1,5ff96b0f4c41e2257cad88a9,lt,1,10.0,0.16666666666666666,lt_market,3,8.0,0.7000778648364742,0.16366384102191114,0.13625829414161464
5ff96b0f4c41e2257cad88a9|lt|1,5ff96b0f4c41e2257cad88a9,lt,1,10.0,0.16666666666666666,lt_market,3,12.0,0.5118205192752519,0.3763565238072113,0.11182295691753694
5fff542aeed8c2065133114e|kw|0,5fff542aeed8c2065133114e,kw,0,10.0,0.16666666666666666,kw_control,4,4.0,0.5586606919243271,0.3406565627523705,0.10068274532330242
5fff542aeed8c2065133114e|kw|0,5fff542aeed8c2065133114e,kw,0,10.0,0.16666666666666666,kw_control,4,6.0,0.6963986685899355,0.1935202203482969,0.11008111106176763
5fff542aeed8c2065133114e|kw|0,5fff542aeed8c2065133114e,kw,0,10.0,0.16666666666666666,kw_control,4,8.0,0.434054129014463,0.4777109522856964,0.08823491869984065
5fff542aeed8c2065133114e|kw|0,5fff542aeed8c2065133114e,kw,0,10.0,0.16666666666666666,kw_control,4,12.0,0.21322207286148817,0.7381231557018056,0.048654771436706164
6000cfb6be1cd0204ed257c7|lt|0,6000cfb6be1cd0204ed257c7,lt,0,10.0,0.16666666666666666,lt_control,1,4.0,0.5123610570563009,0.3292019650012901,0.15843697794240902
6000cfb6be1cd0204ed257c7|lt|0,6000cfb6be1cd0204ed257c7,lt,0,10.0,0.16666666666666666,lt_control,1,6.0,0.6393721759462824,0.18721464178974315,0.17341318226397448
6000cfb6be1cd0204ed257c7|lt|0,6000cfb6be1cd0204ed257c7,lt,0,10.0,0.16666666666666666,lt_control,1,8.0,0.3986482609986703,0.4623052667384717,0.13904647226285796
6000cfb6be1cd0204ed257c7|lt|0,6000cfb6be1cd0204ed257c7,lt,0,10.0,0.16666666666666666,lt_control,1,12.0,0.19844453675993695,0.7238581635006992,0.07769729973936387
6002037f1bca771c256ac8ac|lt|0,6002037f1bca771c256ac8ac,lt,0,12.0,0.0,lt_control,1,4.0,0.5123610570563009,0.3292019650012901,0.15843697794240902
6002037f1bca771c256ac8ac|lt|0,6002037f1bca771c256ac8ac,lt,0,12.0,0.0,lt_control,1,6.0,0.6393721759462824,0.18721464178974315,0.17341318226397448
6002037f1bca771c256ac8ac|lt|0,6002037f1bca771c256ac8ac,lt,0,12.0,0.0,lt_control,1,8.0,0.3986482609986703,0.4623052667384717,0.13904647226285796
6002037f1bca771c256ac8ac|lt|0,6002037f1bca771c256ac8ac,lt,0,12.0,0.0,lt_control,1,12.0,0.19844453675993695,0.7238581635006992,0.07769729973936387
6002ae1ea178912bfa128adf|lt|0,6002ae1ea178912bfa128adf,lt,0,6.0,0.5,lt_control,4,4.0,0.558660691924327,0.34065656275237055,0.10068274532330242
6002ae1ea178912bfa128adf|lt|0,6002ae1ea178912bfa128adf,lt,0,6.0,0.5,lt_control,4,6.0,0.6963986685899355,0.193520220348297,0.11008111106176757
6002ae1ea178912bfa128adf|lt|0,6002ae1ea178912bfa128adf,lt,0,6.0,0.5,lt_control,4,8.0,0.4340541290144629,0.47771095228569643,0.08823491869984058
6002ae1ea178912bfa128adf|lt|0,6002ae1ea178912bfa128adf,lt,0,6.0,0.5,lt_control,4,12.0,0.21322207286148814,0.7381231557018059,0.048654771436706115
6003ef9269c7814f0ca7b46a|lt|1,6003ef9269c7814f0ca7b46a,lt,1,11.0,0.08333333333333333,lt_market,2,4.0,0.5423559676102524,0.08727164721805189,0.3703723851716957
6003ef9269c7814f0ca7b46a|lt|1,6003ef9269c7814f0ca7b46a,lt,1,11.0,0.08333333333333333,lt_market,2,6.0,0.5979798772411721,0.043850554789339774,0.35816956796948823
6003ef9269c7814f0ca7b46a|lt|1,6003ef9269c7814f0ca7b46a,lt,1,11.0,0.08333333333333333,lt_market,2,8.0,0.4852716475767551,0.14093742400417322,0.37379092841907163
6003ef9269c7814f0ca7b46a|lt|1,6003ef9269c7814f0ca7b46a,lt,1,11.0,0.08333333333333333,lt_market,2,12.0,0.35994948159736345,0.32882007655342066,0.31123044184921594
6005fd9c8bbd67931607e518|lt|1,6005fd9c8bbd67931607e518,lt,1,4.0,0.6666666666666666,lt_market,1,4.0,0.698798224432229,0.11406147889155789,0.18714029667621307
6005fd9c8bbd67931607e518|lt|1,6005fd9c8bbd67931607e518,lt,1,4.0,0.6666666666666666,lt_market,1,6.0,0.7637816584613157,0.056814109370394335,0.17940423216829
6005fd9c8bbd67931607e518|lt|1,6005fd9c8bbd67931607e518,lt,1,4.0,0.6666666666666666,lt_market,1,8.0,0.6263022562449089,0.18451167141005792,0.18918607234503312
6005fd9c8bbd67931607e518|lt|1,6005fd9c8bbd67931607e518,lt,1,4.0,0.6666666666666666,lt_market,1,12.0,0.4413591113573683,0.4089849486994945,0.14965593994313725
600628028f2211980fd1632c|kw|1,600628028f2211980fd1632c,kw,1,6.0,0.5,kw_market,4,4.0,0.39745569921070323,0.520381976435742,0.08216232435355485
600628028f2211980fd1632c|kw|1,600628028f2211980fd1632c,kw,1,6.0,0.5,kw_market,4,6.0,0.5624350765876531,0.33558743207924396,0.10197749133310295
600628028f2211980fd1632c|kw|1,600628028f2211980fd1632c,kw,1,6.0,0.5,kw_market,4,8.0,0.27806412835852606,0.6570995126355871,0.06483635900588697
600628028f2211980fd1632c|kw|1,600628028f2211980fd1632c,kw,1,6.0,0.5,kw_market,4,12.0,0.11501264967933003,0.8548839233422206,0.030103426978449522
6008bb26b4bbfe568fa29d80|lt|1,6008bb26b4bbfe568fa29d80,lt,1,5.0,0.5833333333333334,lt_market,2,4.0,0.4970429800157711,0.391423217213386,0.11153380277084295
6008bb26b4bbfe568fa29d80|lt|1,6008bb26b4bbfe568fa29d80,lt,1,5.0,0.5833333333333334,lt_market,2,6.0,0.6427980111602879,0.23068902565792757,0.12651296318178457
6008bb26b4bbfe568fa29d80|lt|1,6008bb26b4bbfe568fa29d80,lt,1,5.0,0.5833333333333334,lt_market,2,8.0,0.373905880881421,0.5314563432335413,0.09463777588503758
6008bb26b4bbfe568fa29d80|lt|1,6008bb26b4bbfe568fa29d80,lt,1,5.0,0.5833333333333334,lt_market,2,12.0,0.1737658427596163,0.7768641355501347,0.04937002169024894
60197dd14bb8ca09a27e5c3b|kw|0,60197dd14bb8ca09a27e5c3b,kw,0,6.0,0.5,kw_control,3,4.0,0.7469537774739156,0.1260492290024411,0.12699699352364338
60197dd14bb8ca09a27e5c3b|kw|0,60197dd14bb8ca09a27e5c3b,kw,0,6.0,0.5,kw_control,3,6.0,0.8156423500109986,0.06272577061652274,0.12163187937247864
60197dd14bb8ca09a27e5c3b|kw|0,60197dd14bb8ca09a27e5c3b,kw,0,6.0,0.5,kw_control,3,8.0,0.6682918351132063,0.2035472700851669,0.12816089480162682
60197dd14bb8ca09a27e5c3b|kw|0,60197dd14bb8ca09a27e5c3b,kw,0,6.0,0.5,kw_control,3,12.0,0.46013164729019995,0.44081523307752585,0.09905311963227426
601d019311e8a602cf032726|kw|1,601d019311e8a602cf032726,kw,1,12.0,0.0,kw_market,1,4.0,0.6734327212875193,0.15353827029016942,0.17302900842231125
601d019311e8a602cf032726|kw|1,601d019311e8a602cf032726,kw,1,12.0,0.0,kw_market,1,6.0,0.7522986011249835,0.07816502230134571,0.16953637657367082
601d019311e8a602cf032726|kw|1,601d019311e8a602cf032726,kw,1,12.0,0.0,kw_market,1,8.0,0.58778040607822,0.2418745615684373,0.1703450323533426
601d019311e8a602cf032726|kw|1,601d019311e8a602cf032726,kw,1,12.0,0.0,kw_market,1,12.0,0.381727992428549,0.4940881762836564,0.1241838312877946
6020329e88ba9160b200b96b|kw|0,6020329e88ba9160b200b96b,kw,0,12.0,0.0,kw_control,3,4.0,0.7469537774739156,0.1260492290024411,0.12699699352364338
6020329e88ba9160b200b96b|kw|0,6020329e88ba9160b200b96b,kw,0,12.0,0.0,kw_control,3,6.0,0.8156423500109986,0.06272577061652274,0.12163187937247864
6020329e88ba9160b200b96b|kw|0,6020329e88ba9160b200b96b,kw,0,12.0,0.0,kw_control,3,8.0,0.6682918351132063,0.2035472700851669,0.12816089480162682
6020329e88ba9160b200b96b|kw|0,6020329e88ba9160b200b96b,kw,0,12.0,0.0,kw_control,3,12.0,0.46013164729019995,0.44081523307752585,0.09905311963227426
60299d096ab1b93a43d650a7|kw|0,60299d096ab1b93a43d650a7,kw,0,6.0,0.5,kw_control,4,4.0,0.6968665492495063,0.1911689023050412,0.11196454844545256
60299d096ab1b93a43d650a7|kw|0,60299d096ab1b93a43d650a7,kw,0,6.0,0.5,kw_control,4,6.0,0.7899277660422191,0.09875401929139141,0.11131821466638946
60299d096ab1b93a43d650a7|kw|0,60299d096ab1b93a43d650a7,kw,0,6.0,0.5,kw_control,4,8.0,0.5965315652298586,0.295361386949424,0.10810704782071744
60299d096ab1b93a43d650a7|kw|0,60299d096ab1b93a43d650a7,kw,0,6.0,0.5,kw_control,4,12.0,0.3622119022415662,0.5641029475043086,0.07368515025412525
602d4d4c654dbd73fc278783|lt|0,602d4d4c654dbd73fc278783,lt,0,8.0,0.3333333333333333,lt_control,2,4.0,0.5756275307869297,0.289175828122463,0.1351966410906073
602d4d4c654dbd73fc278783|lt|0,602d4d4c654dbd73fc278783,lt,0,8.0,0.3333333333333333,lt_control,2,6.0,0.6968924612271754,0.15954601824848022,0.14356152052434434
602d4d4c654dbd73fc278783|lt|0,602d4d4c654dbd73fc278783,lt,0,8.0,0.3333333333333333,lt_control,2,8.0,0.46048162042858715,0.41752779585571925,0.12199058371569356
602d4d4c654dbd73fc278783|lt|0,602d4d4c654dbd73fc278783,lt,0,8.0,0.3333333333333333,lt_control,2,12.0,0.24100030959831442,0.687331195008194,0.07166849539349159
602fea460a29c4d98a5d8034|lt|0,602fea460a29c4d98a5d8034,lt,0,6.0,0.5,lt_control,4,4.0,0.5713387704405489,0.1792504806010859,0.2494107489583651
602fea460a29c4d98a5d8034|lt|0,602fea460a29c4d98a5d8034,lt,0,6.0,0.5,lt_control,4,6.0,0.6553668294832129,0.09370243177759467,0.25093073873919247
602fea460a29c4d98a5d8034|lt|0,602fea460a29c4d98a5d8034,lt,0,6.0,0.5,lt_control,4,8.0,0.48575366787007596,0.2750650314776105,0.23918130065231358
602fea460a29c4d98a5d8034|lt|0,602fea460a29c4d98a5d8034,lt,0,6.0,0.5,lt_control,4,12.0,0.2999535607534116,0.5342551021496967,0.1657913370968918
60318abd5f6c24103dd02a1f|lt|1,60318abd5f6c24103dd02a1f,lt,1,6.0,0.5,lt_market,1,4.0,0.5123610570563009,0.3292019650012901,0.15843697794240902
60318abd5f6c24103dd02a1f|lt|1,60318abd5f6c24103dd02a1f,lt,1,6.0,0.5,lt_market,1,6.0,0.6393721759462824,0.18721464178974315,0.17341318226397448
60318abd5f6c24103dd02a1f|lt|1,60318abd5f6c24103dd02a1f,lt,1,6.0,0.5,lt_market,1,8.0,0.3986482609986703,0.4623052667384717,0.13904647226285796
60318abd5f6c24103dd02a1f|lt|1,60318abd5f6c24103dd02a1f,lt,1,6.0,0.5,lt_market,1,12.0,0.19844453675993695,0.7238581635006992,0.07769729973936387
603307b722a1fb3938b8d740|lt|1,603307b722a1fb3938b8d740,lt,1,12.0,0.0,lt_market,1,4.0,0.5123610570563009,0.3292019650012901,0.15843697794240902
603307b722a1fb3938b8d740|lt|1,603307b722a1fb3938b8d740,lt,1,12.0,0.0,lt_market,1,6.0,0.6393721759462824,0.18721464178974315,0.17341318226397448
603307b722a1fb3938b8d740|lt|1,603307b722a1fb3938b8d740,lt,1,12.0,0.0,lt_market,1,8.0,0.3986482609986703,0.4623052667384717,0.13904647226285796
603307b722a1fb3938b8d740|lt|1,603307b722a1fb3938b8d740,lt,1,12.0,0.0,lt_market,1,12.0,0.19844453675993695,0.7238581635006992,0.07769729973936387
60369ae814f750ef3d063c3e|lt|1,60369ae814f750ef3d063c3e,lt,1,12.0,0.0,lt_market,3,4.0,0.4283799035268654,0.07267636948256995,0.4989437269905647
60369ae814f750ef3d063c3e|lt|1,60369ae814f750ef3d063c3e,lt,1,12.0,0.0,lt_market,3,6.0,0.4764422186367896,0.036836142675003944,0.48672163868820645
60369ae814f750ef3d063c3e|lt|1,60369ae814f750ef3d063c3e,lt,1,12.0,0.0,lt_market,3,8.0,0.38168573952012197,0.11687529794008228,0.5014389625397957
60369ae814f750ef3d063c3e|lt|1,60369ae814f750ef3d063c3e,lt,1,12.0,0.0,lt_market,3,12.0,0.2908783295915183,0.2801583214233768,0.42896334898510485
6047a75fb0f5940008f35cc5|lt|1,6047a75fb0f5940008f35cc5,lt,1,12.0,0.0,lt_market,4,4.0,0.2825048859819502,0.1384234588173259,0.5790716552007239
6047a75fb0f5940008f35cc5|lt|1,6047a75fb0f5940008f35cc5,lt,1,12.0,0.0,lt_market,4,6.0,0.3309997034000544,0.07391134588732341,0.5950889507126221
6047a75fb0f5940008f35cc5|lt|1,6047a75fb0f5940008f35cc5,lt,1,12.0,0.0,lt_market,4,8.0,0.23829844938565076,0.21074516084945918,0.55095638976489
6047a75fb0f5940008f35cc5|lt|1,6047a75fb0f5940008f35cc5,lt,1,12.0,0.0,lt_market,4,12.0,0.15681256550726025,0.4362069864522753,0.4069804480404646
604bfe99dcaa286218d25fca|kw|0,604bfe99dcaa286218d25fca,kw,0,12.0,0.0,kw_control,4,4.0,0.6968665492495063,0.1911689023050412,0.11196454844545256
604bfe99dcaa286218d25fca|kw|0,604bfe99dcaa286218d25fca,kw,0,12.0,0.0,kw_control,4,6.0,0.7899277660422191,0.09875401929139141,0.11131821466638946
604bfe99dcaa286218d25fca|kw|0,604bfe99dcaa286218d25fca,kw,0,12.0,0.0,kw_control,4,8.0,0.5965315652298586,0.295361386949424,0.10810704782071744
604bfe99dcaa286218d25fca|kw|0,604bfe99dcaa286218d25fca,kw,0,12.0,0.0,kw_control,4,12.0,0.3622119022415662,0.5641029475043086,0.07368515025412525
604e839302a74c2f2990f713|kw|0,604e839302a74c2f2990f713,kw,0,6.0,0.5,kw_control,3,4.0,0.6562393468547034,0.2190476107815082,0.12471304236378847
604e839302a74c2f2990f713|kw|0,604e839302a74c2f2990f713,kw,0,6.0,0.5,kw_control,3,6.0,0.758264060438182,0.1153443959489603,0.1263915436128578
604e839302a74c2f2990f713|kw|0,604e839302a74c2f2990f713,kw,0,6.0,0.5,kw_control,3,8.0,0.5504126348226516,0.3316021289999801,0.11798523617736828
604e839302a74c2f2990f713|kw|0,604e839302a74c2f2990f713,kw,0,6.0,0.5,kw_control,3,12.0,0.318918147754441,0.6043430206738475,0.07673883157171162
604e839302a74c2f2990f713|kw|1,604e839302a74c2f2990f713,kw,1,10.0,0.16666666666666666,kw_market,3,4.0,0.325655707183073,0.22694915163501905,0.4473951411819078
604e839302a74c2f2990f713|kw|1,604e839302a74c2f2990f713,kw,1,10.0,0.16666666666666666,kw_market,3,6.0,0.3964204940526827,0.1259000031573679,0.4776795027899494
604e839302a74c2f2990f713|kw|1,604e839302a74c2f2990f713,kw,1,10.0,0.16666666666666666,kw_market,3,8.0,0.26264359321970804,0.33036143399698903,0.4069949727833031
604e839302a74c2f2990f713|kw|1,604e839302a74c2f2990f713,kw,1,10.0,0.16666666666666666,kw_market,3,12.0,0.14934608219753476,0.5908697109109926,0.25978420689147275
60579bed377c47163f70931a|lt|1,60579bed377c47163f70931a,lt,1,9.5,0.20833333333333334,lt_market,2,4.0,0.40669953307889495,0.2448137797666282,0.3484866871544769
60579bed377c47163f70931a|lt|1,60579bed377c47163f70931a,lt,1,9.5,0.20833333333333334,lt_market,2,6.0,0.4936133118220561,0.13540940234650423,0.3709772858314397
60579bed377c47163f70931a|lt|1,60579bed377c47163f70931a,lt,1,9.5,0.20833333333333334,lt_market,2,8.0,0.3275505930511745,0.35587152283672,0.3165778841121053
60579bed377c47163f70931a|lt|1,60579bed377c47163f70931a,lt,1,9.5,0.20833333333333334,lt_market,2,12.0,0.18174288258460922,0.6210801096663144,0.1971770077490762
605a943f4994cf6834e4e8c6|lt|0,605a943f4994cf6834e4e8c6,lt,0,6.0,0.5,lt_control,4,4.0,0.696866549249506,0.19116890230504152,0.1119645484454525
605a943f4994cf6834e4e8c6|lt|0,605a943f4994cf6834e4e8c6,lt,0,6.0,0.5,lt_control,4,6.0,0.789927766042219,0.09875401929139162,0.1113182146663894
605a943f4994cf6834e4e8c6|lt|0,605a943f4994cf6834e4e8c6,lt,0,6.0,0.5,lt_control,4,8.0,0.5965315652298582,0.2953613869494245,0.10810704782071738
605a943f4994cf6834e4e8c6|lt|0,605a943f4994cf6834e4e8c6,lt,0,6.0,0.5,lt_control,4,12.0,0.36221190224156563,0.5641029475043091,0.07368515025412516
605fbc12c61d8d10250f6e51|kw|1,605fbc12c61d8d10250f6e51,kw,1,11.0,0.08333333333333333,kw_market,1,4.0,0.5123610570563009,0.3292019650012901,0.15843697794240902
605fbc12c61d8d10250f6e51|kw|1,605fbc12c61d8d10250f6e51,kw,1,11.0,0.08333333333333333,kw_market,1,6.0,0.6393721759462824,0.18721464178974315,0.17341318226397448
605fbc12c61d8d10250f6e51|kw|1,605fbc12c61d8d10250f6e51,kw,1,11.0,0.08333333333333333,kw_market,1,8.0,0.3986482609986703,0.4623052667384717,0.13904647226285796
605fbc12c61d8d10250f6e51|kw|1,605fbc12c61d8d10250f6e51,kw,1,11.0,0.08333333333333333,kw_market,1,12.0,0.19844453675993695,0.7238581635006992,0.07769729973936387
6063c0526a66097dcb055955|lt|1,6063c0526a66097dcb055955,lt,1,10.0,0.16666666666666666,lt_market,3,4.0,0.2546544133044559,0.052801129266621366,0.6925444574289227
6063c0526a66097dcb055955|lt|1,6063c0526a66097dcb055955,lt,1,10.0,0.16666666666666666,lt_market,3,6.0,0.2873729306121163,0.027154238822804128,0.6854728305650797
6063c0526a66097dcb055955|lt|1,6063c0526a66097dcb055955,lt,1,10.0,0.16666666666666666,lt_market,3,8.0,0.2251366853022613,0.08425407845376943,0.6906092362439693
6063c0526a66097dcb055955|lt|1,6063c0526a66097dcb055955,lt,1,10.0,0.16666666666666666,lt_market,3,12.0,0.17792071710543314,0.2094336915213668,0.6126455913732
606494cd5aa6eec759e99983|kw|0,606494cd5aa6eec759e99983,kw,0,12.0,0.0,kw_control,4,4.0,0.6968665492495063,0.1911689023050412,0.11196454844545256
606494cd5aa6eec759e99983|kw|0,606494cd5aa6eec759e99983,kw,0,12.0,0.0,kw_control,4,6.0,0.7899277660422191,0.09875401929139141,0.11131821466638946
606494cd5aa6eec759e99983|kw|0,606494cd5aa6eec759e99983,kw,0,12.0,0.0,kw_control,4,8.0,0.5965315652298586,0.295361386949424,0.10810704782071744
606494cd5aa6eec759e99983|kw|0,606494cd5aa6eec759e99983,kw,0,12.0,0.0,kw_control,4,12.0,0.3622119022415662,0.5641029475043086,0.07368515025412525
6064fef22d11e88491d1ac57|kw|1,6064fef22d11e88491d1ac57,kw,1,11.5,0.041666666666666664,kw_market,3,4.0,0.24939403524112835,0.6893169842730072,0.06128898048586439
6064fef22d11e88491d1ac57|kw|1,6064fef22d11e88491d1ac57,kw,1,11.5,0.041666666666666664,kw_market,3,6.0,0.4040162045133804,0.5088988554014028,0.08708494008521685
6064fef22d11e88491d1ac57|kw|1,6064fef22d11e88491d1ac57,kw,1,11.5,0.041666666666666664,kw_market,3,8.0,0.15959463983206776,0.7961664621950535,0.0442388979728788
6064fef22d11e88491d1ac57|kw|1,6064fef22d11e88491d1ac57,kw,1,11.5,0.041666666666666664,kw_market,3,12.0,0.058814769384417265,0.9228844727509813,0.018300757864601315
606ee8f52a168c78fda80c23|kw|1,606ee8f52a168c78fda80c23,kw,1,0.0,1.0,kw_market,1,4.0,0.4210450142880932,0.4592488024107363,0.11970618330117044
606ee8f52a168c78fda80c23|kw|1,606ee8f52a168c78fda80c23,kw,1,0.0,1.0,kw_market,1,6.0,0.5725942893215868,0.2846205727639184,0.1427851379144948
606ee8f52a168c78fda80c23|kw|1,606ee8f52a168c78fda80c23,kw,1,0.0,1.0,kw_market,1,8.0,0.3040113498375792,0.598496978645627,0.0974916715167939
606ee8f52a168c78fda80c23|kw|1,606ee8f52a168c78fda80c23,kw,1,0.0,1.0,kw_market,1,12.0,0.13241151806855378,0.8199234200488826,0.047665061882563586
607de1d7c7cc25b639f63026|kw|1,607de1d7c7cc25b639f63026,kw,1,9.5,0.20833333333333334,kw_market,1,4.0,0.42742253806678665,0.11139198223746997,0.4611854796957434
607de1d7c7cc25b639f63026|kw|1,607de1d7c7cc25b639f63026,kw,1,9.5,0.20833333333333334,kw_market,1,6.0,0.4842266969404945,0.05751021826820146,0.458263084791304
607de1d7c7cc25b639f63026|kw|1,607de1d7c7cc25b639f63026,kw,1,9.5,0.20833333333333334,kw_market,1,8.0,0.3721028797663699,0.1750298843780177,0.45286723585561234
607de1d7c7cc25b639f63026|kw|1,607de1d7c7cc25b639f63026,kw,1,9.5,0.20833333333333334,kw_market,1,12.0,0.26003054999247305,0.38472367418170433,0.35524577582582256
6095ed23bec8c0d7681c5d28|lt|1,6095ed23bec8c0d7681c5d28,lt,1,12.0,0.0,lt_market,3,4.0,0.6562393468547035,0.21904761078150803,0.12471304236378847
6095ed23bec8c0d7681c5d28|lt|1,6095ed23bec8c0d7681c5d28,lt,1,12.0,0.0,lt_market,3,6.0,0.7582640604381821,0.11534439594896019,0.1263915436128578
6095ed23bec8c0d7681c5d28|lt|1,6095ed23bec8c0d7681c5d28,lt,1,12.0,0.0,lt_market,3,8.0,0.5504126348226518,0.3316021289999799,0.11798523617736828
6095ed23bec8c0d7681c5d28|lt|1,6095ed23bec8c0d7681c5d28,lt,1,12.0,0.0,lt_market,3,12.0,0.3189181477544411,0.6043430206738472,0.07673883157171162
60a07dab2b21a84ed893146f|kw|1,60a07dab2b21a84ed893146f,kw,1,6.0,0.5,kw_market,1,4.0,0.4164008745007025,0.1338833199922762,0.44971580550702134
60a07dab2b21a84ed893146f|kw|1,60a07dab2b21a84ed893146f,kw,1,6.0,0.5,kw_market,1,6.0,0.4776011186675175,0.06998096845771834,0.45241791287476424
60a07dab2b21a84ed893146f|kw|1,60a07dab2b21a84ed893146f,kw,1,6.0,0.5,kw_market,1,8.0,0.35733260289200547,0.20736723865446208,0.4353001584535324
60a07dab2b21a84ed893146f|kw|1,60a07dab2b21a84ed893146f,kw,1,6.0,0.5,kw_market,1,12.0,0.23850463638782385,0.43535114386867885,0.3261442197434974
60a2abc7d14eb0935100dd31|lt|0,60a2abc7d14eb0935100dd31,lt,0,6.0,0.5,lt_control,1,4.0,0.6405229171721862,0.19360787262979268,0.1658692101980212
60a2abc7d14eb0935100dd31|lt|0,60a2abc7d14eb0935100dd31,lt,0,6.0,0.5,lt_control,1,6.0,0.7326644629278752,0.10092371760092787,0.1664118194711969
60a2abc7d14eb0935100dd31|lt|0,60a2abc7d14eb0935100dd31,lt,0,6.0,0.5,lt_control,1,8.0,0.5441730175719791,0.29687799283054517,0.1589489895974758
60a2abc7d14eb0935100dd31|lt|0,60a2abc7d14eb0935100dd31,lt,0,6.0,0.5,lt_control,1,12.0,0.32852824989110146,0.5637532827453073,0.10771846736359103
60a2c2ea04fc6b2de2f14da9|lt|1,60a2c2ea04fc6b2de2f14da9,lt,1,12.0,0.0,lt_market,2,4.0,0.5756275307869297,0.289175828122463,0.1351966410906073
60a2c2ea04fc6b2de2f14da9|lt|1,60a2c2ea04fc6b2de2f14da9,lt,1,12.0,0.0,lt_market,2,6.0,0.6968924612271754,0.15954601824848022,0.14356152052434434
60a2c2ea04fc6b2de2f14da9|lt|1,60a2c2ea04fc6b2de2f14da9,lt,1,12.0,0.0,lt_market,2,8.0,0.4604816204285871,0.41752779585571925,0.12199058371569356
60a2c2ea04fc6b2de2f14da9|lt|1,60a2c2ea04fc6b2de2f14da9,lt,1,12.0,0.0,lt_market,2,12.0,0.24100030959831442,0.687331195008194,0.07166849539349161
60a2dc7661911b5c61c28b51|kw|1,60a2dc7661911b5c61c28b51,kw,1,11.0,0.08333333333333333,kw_market,3,4.0,0.24939403524112835,0.6893169842730072,0.06128898048586439
60a2dc7661911b5c61c28b51|kw|1,60a2dc7661911b5c61c28b51,kw,1,11.0,0.08333333333333333,kw_market,3,6.0,0.4040162045133804,0.5088988554014028,0.08708494008521685
60a2dc7661911b5c61c28b51|kw|1,60a2dc7661911b5c61c28b51,kw,1,11.0,0.08333333333333333,kw_market,3,8.0,0.15959463983206776,0.7961664621950535,0.0442388979728788
60a2dc7661911b5c61c28b51|kw|1,60a2dc7661911b5c61c28b51,kw,1,11.0,0.08333333333333333,kw_market,3,12.0,0.058814769384417265,0.9228844727509813,0.018300757864601315
60a56378aa5f55ddac516adc|lt|0,60a56378aa5f55ddac516adc,lt,0,6.0,0.5,lt_control,3,4.0,0.6562393468547034,0.2190476107815082,0.12471304236378847
60a56378aa5f55ddac516adc|lt|0,60a56378aa5f55ddac516adc,lt,0,6.0,0.5,lt_control,3,6.0,0.758264060438182,0.1153443959489603,0.1263915436128578
60a56378aa5f55ddac516adc|lt|0,60a56378aa5f55ddac516adc,lt,0,6.0,0.5,lt_control,3,8.0,0.5504126348226516,0.3316021289999801,0.11798523617736828
60a56378aa5f55ddac516adc|lt|0,60a56378aa5f55ddac516adc,lt,0,6.0,0.5,lt_control,3,12.0,0.318918147754441,0.6043430206738475,0.07673883157171162
60a6b2ed58d0aaed52f1dcf4|lt|1,60a6b2ed58d0aaed52f1dcf4,lt,1,12.0,0.0,lt_market,2,4.0,0.7212326143040373,0.13327315081160196,0.1454942348843608
60a6b2ed58d0aaed52f1dcf4|lt|1,60a6b2ed58d0aaed52f1dcf4,lt,1,12.0,0.0,lt_market,2,6.0,0.79292863568439,0.06677304518710417,0.1402983191285059
60a6b2ed58d0aaed52f1dcf4|lt|1,60a6b2ed58d0aaed52f1dcf4,lt,1,12.0,0.0,lt_market,2,8.0,0.6405904682748539,0.21364879194202316,0.14576073978312296
60a6b2ed58d0aaed52f1dcf4|lt|1,60a6b2ed58d0aaed52f1dcf4,lt,1,12.0,0.0,lt_market,2,12.0,0.4339394398352082,0.45522327153375086,0.11083728863104081
60aa73f653d961e8b31909b3|lt|0,60aa73f653d961e8b31909b3,lt,0,6.0,0.5,lt_control,2,4.0,0.7109567691393482,0.1438766614557014,0.1451665694049503
60aa73f653d961e8b31909b3|lt|0,60aa73f653d961e8b31909b3,lt,0,6.0,0.5,lt_control,2,6.0,0.7865873386490685,0.07254272782259659,0.14086993352833493
60aa73f653d961e8b31909b3|lt|0,60aa73f653d961e8b31909b3,lt,0,6.0,0.5,lt_control,2,8.0,0.6267359714057945,0.22892037106876448,0.14434365752544095
60aa73f653d961e8b31909b3|lt|0,60aa73f653d961e8b31909b3,lt,0,6.0,0.5,lt_control,2,12.0,0.41538405570604764,0.4772269972661056,0.10738894702784678
60aab5962c85a00f1bc9631c|kw|1,60aab5962c85a00f1bc9631c,kw,1,12.0,0.0,kw_market,3,4.0,0.7469537774739156,0.1260492290024411,0.12699699352364338
60aab5962c85a00f1bc9631c|kw|1,60aab5962c85a00f1bc9631c,kw,1,12.0,0.0,kw_market,3,6.0,0.8156423500109986,0.06272577061652274,0.12163187937247864
60aab5962c85a00f1bc9631c|kw|1,60aab5962c85a00f1bc9631c,kw,1,12.0,0.0,kw_market,3,8.0,0.6682918351132063,0.2035472700851669,0.12816089480162682
60aab5962c85a00f1bc9631c|kw|1,60aab5962c85a00f1bc9631c,kw,1,12.0,0.0,kw_market,3,12.0,0.46013164729019995,0.44081523307752585,0.09905311963227426
60abbb05288f7eeb1312c3b7|kw|1,60abbb05288f7eeb1312c3b7,kw,1,8.0,0.3333333333333333,kw_market,4,4.0,0.6968665492495061,0.191168902305041,0.11196454844545285
60abbb05288f7eeb1312c3b7|kw|1,60abbb05288f7eeb1312c3b7,kw,1,8.0,0.3333333333333333,kw_market,4,6.0,0.789927766042219,0.09875401929139131,0.1113182146663897
60abbb05288f7eeb1312c3b7|kw|1,60abbb05288f7eeb1312c3b7,kw,1,8.0,0.3333333333333333,kw_market,4,8.0,0.5965315652298585,0.29536138694942377,0.10810704782071771
60abbb05288f7eeb1312c3b7|kw|1,60abbb05288f7eeb1312c3b7,kw,1,8.0,0.3333333333333333,kw_market,4,12.0,0.3622119022415662,0.5641029475043082,0.07368515025412546
60abdfdf021799f116d9707e|lt|1,60abdfdf021799f116d9707e,lt,1,10.0,0.16666666666666666,lt_market,3,4.0,0.33693959719826605,0.16947969707197502,0.49358070572975893
60abdfdf021799f116d9707e|lt|1,60abdfdf021799f116d9707e,lt,1,10.0,0.16666666666666666,lt_market,3,6.0,0.39775955869076773,0.09117715240793034,0.5110632889013019
60abdfdf021799f116d9707e|lt|1,60abdfdf021799f116d9707e,lt,1,10.0,0.16666666666666666,lt_market,3,8.0,0.28088428404186205,0.2550032575504005,0.46411245840773735
60abdfdf021799f116d9707e|lt|1,60abdfdf021799f116d9707e,lt,1,10.0,0.16666666666666666,lt_market,3,12.0,0.1751204372085988,0.5000696336904487,0.32480992910095263
60b2a61a5f5fc41e13e6ed15|lt|1,60b2a61a5f5fc41e13e6ed15,lt,1,12.0,0.0,lt_market,3,4.0,0.3455891137054505,0.40374551005558423,0.25066537623896534
60b2a61a5f5fc41e13e6ed15|lt|1,60b2a61a5f5fc41e13e6ed15,lt,1,12.0,0.0,lt_market,3,6.0,0.4611281100867544,0.24550990722888938,0.2933619826843563
60b2a61a5f5fc41e13e6ed15|lt|1,60b2a61a5f5fc41e13e6ed15,lt,1,12.0,0.0,lt_market,3,8.0,0.2546626978682473,0.5369893211446062,0.20834798098714655
60b2a61a5f5fc41e13e6ed15|lt|1,60b2a61a5f5fc41e13e6ed15,lt,1,12.0,0.0,lt_market,3,12.0,0.11694740971967063,0.775650868101121,0.10740172217920835
60bbea726dc12dd57d5f1b94|lt|1,60bbea726dc12dd57d5f1b94,lt,1,6.0,0.5,lt_market,1,4.0,0.4228996357122534,0.12243357875618316,0.4546667855315634
60bbea726dc12dd57d5f1b94|lt|1,60bbea726dc12dd57d5f1b94,lt,1,6.0,0.5,lt_market,1,6.0,0.4819465494923466,0.0635860549491938,0.45446739555845955
60bbea726dc12dd57d5f1b94|lt|1,60bbea726dc12dd57d5f1b94,lt,1,6.0,0.5,lt_market,1,8.0,0.3656021271786469,0.19104013148505083,0.4433577413363022
60bbea726dc12dd57d5f1b94|lt|1,60bbea726dc12dd57d5f1b94,lt,1,6.0,0.5,lt_market,1,12.0,0.24969753917523133,0.4103982678196413,0.33990419300512736
60cf382898b50ef89e5efab3|lt|0,60cf382898b50ef89e5efab3,lt,0,8.0,0.3333333333333333,lt_control,4,4.0,0.571338770440549,0.17925048060108617,0.24941074895836488
60cf382898b50ef89e5efab3|lt|0,60cf382898b50ef89e5efab3,lt,0,8.0,0.3333333333333333,lt_control,4,6.0,0.6553668294832129,0.0937024317775948,0.25093073873919225
60cf382898b50ef89e5efab3|lt|0,60cf382898b50ef89e5efab3,lt,0,8.0,0.3333333333333333,lt_control,4,8.0,0.48575366787007584,0.2750650314776108,0.23918130065231333
60cf382898b50ef89e5efab3|lt|0,60cf382898b50ef89e5efab3,lt,0,8.0,0.3333333333333333,lt_control,4,12.0,0.29995356075341145,0.5342551021496972,0.1657913370968915
60cf6ac511be7d68ef982d47|lt|1,60cf6ac511be7d68ef982d47,lt,1,10.5,0.125,lt_market,2,4.0,0.3132349529818475,0.06539637658326496,0.6213686704348876
60cf6ac511be7d68ef982d47|lt|1,60cf6ac511be7d68ef982d47,lt,1,10.5,0.125,lt_market,2,6.0,0.35272677369250643,0.03355997795534503,0.6137132483521485
60cf6ac511be7d68ef982d47|lt|1,60cf6ac511be7d68ef982d47,lt,1,10.5,0.125,lt_market,2,8.0,0.2766748027265136,0.10425712353787346,0.6190680737356129
60cf6ac511be7d68ef982d47|lt|1,60cf6ac511be7d68ef982d47,lt,1,10.5,0.125,lt_market,2,12.0,0.21290452981136437,0.25234598174912815,0.5347494884395073
60cfce9352df6ebd5674e563|lt|0,60cfce9352df6ebd5674e563,lt,0,2.0,0.8333333333333334,lt_control,1,4.0,0.6581622492398861,0.17242164747245606,0.16941610328765785
60cfce9352df6ebd5674e563|lt|0,60cfce9352df6ebd5674e563,lt,0,2.0,0.8333333333333334,lt_control,1,6.0,0.7434064265380043,0.0887533808905588,0.16784019257143692
60cfce9352df6ebd5674e563|lt|0,60cfce9352df6ebd5674e563,lt,0,2.0,0.8333333333333334,lt_control,1,8.0,0.5671570528192297,0.2681728579214787,0.16467008925929158
60cfce9352df6ebd5674e563|lt|0,60cfce9352df6ebd5674e563,lt,0,2.0,0.8333333333333334,lt_control,1,12.0,0.3554699132209153,0.5286761196575392,0.11585396712154535
60d6355b141b39035fda0e50|kw|1,60d6355b141b39035fda0e50,kw,1,6.0,0.5,kw_market,4,4.0,0.2825048859819504,0.1384234588173261,0.5790716552007237
60d6355b141b39035fda0e50|kw|1,60d6355b141b39035fda0e50,kw,1,6.0,0.5,kw_market,4,6.0,0.33099970340005463,0.07391134588732348,0.5950889507126219
60d6355b141b39035fda0e50|kw|1,60d6355b141b39035fda0e50,kw,1,6.0,0.5,kw_market,4,8.0,0.23829844938565087,0.21074516084945946,0.5509563897648897
60d6355b141b39035fda0e50|kw|1,60d6355b141b39035fda0e50,kw,1,6.0,0.5,kw_market,4,12.0,0.15681256550726025,0.43620698645227557,0.4069804480404642
60dc2e4561212c8a723d6425|lt|1,60dc2e4561212c8a723d6425,lt,1,12.0,0.0,lt_market,3,4.0,0.3455891137054505,0.40374551005558423,0.25066537623896534
60dc2e4561212c8a723d6425|lt|1,60dc2e4561212c8a723d6425,lt,1,12.0,0.0,lt_market,3,6.0,0.4611281100867544,0.24550990722888938,0.2933619826843563
60dc2e4561212c8a723d6425|lt|1,60dc2e4561212c8a723d6425,lt,1,12.0,0.0,lt_market,3,8.0,0.2546626978682473,0.5369893211446062,0.20834798098714655
60dc2e4561212c8a723d6425|lt|1,60dc2e4561212c8a723d6425,lt,1,12.0,0.0,lt_market,3,12.0,0.11694740971967063,0.775650868101121,0.10740172217920835
60dc63cf94238618c443b2d9|lt|1,60dc63cf94238618c443b2d9,lt,1,9.0,0.25,lt_market,1,4.0,0.5123610570563009,0.3292019650012901,0.15843697794240902
60dc63cf94238618c443b2d9|lt|1,60dc63cf94238618c443b2d9,lt,1,9.0,0.25,lt_market,1,6.0,0.6393721759462824,0.18721464178974315,0.17341318226397448
60dc63cf94238618c443b2d9|lt|1,60dc63cf94238618c443b2d9,lt,1,9.0,0.25,lt_market,1,8.0,0.3986482609986703,0.4623052667384717,0.13904647226285796
60dc63cf94238618c443b2d9|lt|1,60dc63cf94238618c443b2d9,lt,1,9.0,0.25,lt_market,1,12.0,0.19844453675993695,0.7238581635006992,0.07769729973936387
60dd8e0d3d47076064d30569|lt|0,60dd8e0d3d47076064d30569,lt,0,12.0,0.0,lt_control,4,4.0,0.558660691924327,0.34065656275237055,0.10068274532330242
60dd8e0d3d47076064d30569|lt|0,60dd8e0d3d47076064d30569,lt,0,12.0,0.0,lt_control,4,6.0,0.6963986685899355,0.193520220348297,0.11008111106176757
60dd8e0d3d47076064d30569|lt|0,60dd8e0d3d47076064d30569,lt,0,12.0,0.0,lt_control,4,8.0,0.4340541290144629,0.47771095228569643,0.08823491869984058
60dd8e0d3d47076064d30569|lt|0,60dd8e0d3d47076064d30569,lt,0,12.0,0.0,lt_control,4,12.0,0.21322207286148814,0.7381231557018059,0.048654771436706115
60ddc62b071a009e0b0c2922|lt|0,60ddc62b071a009e0b0c2922,lt,0,6.0,0.5,lt_control,4,4.0,0.558660691924327,0.34065656275237055,0.10068274532330242
60ddc62b071a009e0b0c2922|lt|0,60ddc62b071a009e0b0c2922,lt,0,6.0,0.5,lt_control,4,6.0,0.6963986685899355,0.193520220348297,0.11008111106176757
60ddc62b071a009e0b0c2922|lt|0,60ddc62b071a009e0b0c2922,lt,0,6.0,0.5,lt_control,4,8.0,0.4340541290144629,0.47771095228569643,0.08823491869984058
60ddc62b071a009e0b0c2922|lt|0,60ddc62b071a009e0b0c2922,lt,0,6.0,0.5,lt_control,4,12.0,0.21322207286148814,0.7381231557018059,0.048654771436706115
60ddf72ef11f891328449fb0|kw|0,60ddf72ef11f891328449fb0,kw,0,12.0,0.0,kw_control,4,4.0,0.6968665492495063,0.1911689023050412,0.11196454844545256
60ddf72ef11f891328449fb0|kw|0,60ddf72ef11f891328449fb0,kw,0,12.0,0.0,kw_control,4,6.0,0.7899277660422191,0.09875401929139141,0.11131821466638946
60ddf72ef11f891328449fb0|kw|0,60ddf72ef11f891328449fb0,kw,0,12.0,0.0,kw_control,4,8.0,0.5965315652298586,0.295361386949424,0.10810704782071744
60ddf72ef11f891328449fb0|kw|0,60ddf72ef11f891328449fb0,kw,0,12.0,0.0,kw_control,4,12.0,0.3622119022415662,0.5641029475043086,0.07368515025412525
60e0687e08d77efdaa4e9aa8|kw|1,60e0687e08d77efdaa4e9aa8,kw,1,0.0,1.0,kw_market,4,4.0,0.696866549249506,0.19116890230504152,0.1119645484454525
60e0687e08d77efdaa4e9aa8|kw|1,60e0687e08d77efdaa4e9aa8,kw,1,0.0,1.0,kw_market,4,6.0,0.789927766042219,0.09875401929139162,0.1113182146663894
60e0687e08d77efdaa4e9aa8|kw|1,60e0687e08d77efdaa4e9aa8,kw,1,0.0,1.0,kw_market,4,8.0,0.5965315652298582,0.2953613869494245,0.10810704782071738
60e0687e08d77efdaa4e9aa8|kw|1,60e0687e08d77efdaa4e9aa8,kw,1,0.0,1.0,kw_market,4,12.0,0.36221190224156563,0.5641029475043091,0.07368515025412516
60e0687e08d77efdaa4e9aa8|lt|0,60e0687e08d77efdaa4e9aa8,lt,0,8.0,0.3333333333333333,lt_control,4,4.0,0.558660691924327,0.34065656275237055,0.10068274532330242
60e0687e08d77efdaa4e9aa8|lt|0,60e0687e08d77efdaa4e9aa8,lt,0,8.0,0.3333333333333333,lt_control,4,6.0,0.6963986685899355,0.193520220348297,0.11008111106176757
60e0687e08d77efdaa4e9aa8|lt|0,60e0687e08d77efdaa4e9aa8,lt,0,8.0,0.3333333333333333,lt_control,4,8.0,0.4340541290144629,0.47771095228569643,0.08823491869984058
60e0687e08d77efdaa4e9aa8|lt|0,60e0687e08d77efdaa4e9aa8,lt,0,8.0,0.3333333333333333,lt_control,4,12.0,0.21322207286148814,0.7381231557018059,0.048654771436706115
60f194e358dec32bfe2721f2|lt|0,60f194e358dec32bfe2721f2,lt,0,12.0,0.0,lt_control,4,4.0,0.558660691924327,0.34065656275237055,0.10068274532330242
60f194e358dec32bfe2721f2|lt|0,60f194e358dec32bfe2721f2,lt,0,12.0,0.0,lt_control,4,6.0,0.6963986685899355,0.193520220348297,0.11008111106176757
60f194e358dec32bfe2721f2|lt|0,60f194e358dec32bfe2721f2,lt,0,12.0,0.0,lt_control,4,8.0,0.4340541290144629,0.47771095228569643,0.08823491869984058
60f194e358dec32bfe2721f2|lt|0,60f194e358dec32bfe2721f2,lt,0,12.0,0.0,lt_control,4,12.0,0.21322207286148814,0.7381231557018059,0.048654771436706115
60f32446bc4e09f52b37a56d|lt|1,60f32446bc4e09f52b37a56d,lt,1,8.0,0.3333333333333333,lt_market,3,4.0,0.670222753270922,0.20380802704253617,0.1259692196865419
60f32446bc4e09f52b37a56d|lt|1,60f32446bc4e09f52b37a56d,lt,1,8.0,0.3333333333333333,lt_market,3,6.0,0.7672053225872183,0.10631963990956535,0.12647503750321637
60f32446bc4e09f52b37a56d|lt|1,60f32446bc4e09f52b37a56d,lt,1,8.0,0.3333333333333333,lt_market,3,8.0,0.5679072378959134,0.31169668420843766,0.12039607789564899
60f32446bc4e09f52b37a56d|lt|1,60f32446bc4e09f52b37a56d,lt,1,8.0,0.3333333333333333,lt_market,3,12.0,0.3373443250665337,0.5823761078395135,0.08027956709395266
60f8ecf62fd4924ff8ea9300|kw|1,60f8ecf62fd4924ff8ea9300,kw,1,9.0,0.25,kw_market,3,4.0,0.7680020861795249,0.09947550018786594,0.13252241363260917
60f8ecf62fd4924ff8ea9300|kw|1,60f8ecf62fd4924ff8ea9300,kw,1,9.0,0.25,kw_market,3,6.0,0.8261904019114487,0.04876785451937923,0.12504174356917203
60f8ecf62fd4924ff8ea9300|kw|1,60f8ecf62fd4924ff8ea9300,kw,1,9.0,0.25,kw_market,3,8.0,0.7000778648364742,0.16366384102191114,0.13625829414161464
60f8ecf62fd4924ff8ea9300|kw|1,60f8ecf62fd4924ff8ea9300,kw,1,9.0,0.25,kw_market,3,12.0,0.5118205192752519,0.3763565238072113,0.11182295691753694
60fc7610b3fa521881e8f9f8|lt|1,60fc7610b3fa521881e8f9f8,lt,1,10.0,0.16666666666666666,lt_market,1,4.0,0.4210450142880932,0.4592488024107363,0.11970618330117044
60fc7610b3fa521881e8f9f8|lt|1,60fc7610b3fa521881e8f9f8,lt,1,10.0,0.16666666666666666,lt_market,1,6.0,0.5725942893215868,0.2846205727639184,0.1427851379144948
60fc7610b3fa521881e8f9f8|lt|1,60fc7610b3fa521881e8f9f8,lt,1,10.0,0.16666666666666666,lt_market,1,8.0,0.3040113498375792,0.598496978645627,0.0974916715167939
60fc7610b3fa521881e8f9f8|lt|1,60fc7610b3fa521881e8f9f8,lt,1,10.0,0.16666666666666666,lt_market,1,12.0,0.13241151806855378,0.8199234200488826,0.047665061882563586
60fca0fc5d7a65f146a1c6c6|lt|0,60fca0fc5d7a65f146a1c6c6,lt,0,6.0,0.5,lt_control,4,4.0,0.6968665492495063,0.1911689023050412,0.11196454844545256
60fca0fc5d7a65f146a1c6c6|lt|0,60fca0fc5d7a65f146a1c6c6,lt,0,6.0,0.5,lt_control,4,6.0,0.7899277660422191,0.09875401929139141,0.11131821466638946
60fca0fc5d7a65f146a1c6c6|lt|0,60fca0fc5d7a65f146a1c6c6,lt,0,6.0,0.5,lt_control,4,8.0,0.5965315652298586,0.295361386949424,0.10810704782071744
60fca0fc5d7a65f146a1c6c6|lt|0,60fca0fc5d7a65f146a1c6c6,lt,0,6.0,0.5,lt_control,4,12.0,0.3622119022415662,0.5641029475043086,0.07368515025412525
60fcc9bd0941136df8103299|lt|1,60fcc9bd0941136df8103299,lt,1,10.0,0.16666666666666666,lt_market,1,4.0,0.4217863885520073,0.08362403817848542,0.4945895732695073
60fcc9bd0941136df8103299|lt|1,60fcc9bd0941136df8103299,lt,1,10.0,0.16666666666666666,lt_market,1,6.0,0.4719557437340868,0.042642202044685724,0.4854020542212275
60fcc9bd0941136df8103299|lt|1,60fcc9bd0941136df8103299,lt,1,10.0,0.16666666666666666,lt_market,1,8.0,0.3730670680706269,0.13349904239715915,0.49343388953221384
60fcc9bd0941136df8103299|lt|1,60fcc9bd0941136df8103299,lt,1,10.0,0.16666666666666666,lt_market,1,12.0,0.27698876136268313,0.3117659971355975,0.41124524150171937
60fd8570f92207ceba5fe86e|lt|1,60fd8570f92207ceba5fe86e,lt,1,10.0,0.16666666666666666,lt_market,1,4.0,0.5123610570563009,0.3292019650012901,0.15843697794240902
60fd8570f92207ceba5fe86e|lt|1,60fd8570f92207ceba5fe86e,lt,1,10.0,0.16666666666666666,lt_market,1,6.0,0.6393721759462824,0.18721464178974315,0.17341318226397448
60fd8570f92207ceba5fe86e|lt|1,60fd8570f92207ceba5fe86e,lt,1,10.0,0.16666666666666666,lt_market,1,8.0,0.3986482609986703,0.4623052667384717,0.13904647226285796
60fd8570f92207ceba5fe86e|lt|1,60fd8570f92207ceba5fe86e,lt,1,10.0,0.16666666666666666,lt_market,1,12.0,0.19844453675993695,0.7238581635006992,0.07769729973936387
61019bc7cffccb7dc8d612b2|kw|1,61019bc7cffccb7dc8d612b2,kw,1,11.0,0.08333333333333333,kw_market,1,4.0,0.4217863885520073,0.08362403817848542,0.4945895732695073
61019bc7cffccb7dc8d612b2|kw|1,61019bc7cffccb7dc8d612b2,kw,1,11.0,0.08333333333333333,kw_market,1,6.0,0.4719557437340868,0.042642202044685724,0.4854020542212275
61019bc7cffccb7dc8d612b2|kw|1,61019bc7cffccb7dc8d612b2,kw,1,11.0,0.08333333333333333,kw_market,1,8.0,0.3730670680706269,0.13349904239715915,0.49343388953221384
61019bc7cffccb7dc8d612b2|kw|1,61019bc7cffccb7dc8d612b2,kw,1,11.0,0.08333333333333333,kw_market,1,12.0,0.27698876136268313,0.3117659971355975,0.41124524150171937
6101ca2b4ef4ff44381fe3cd|lt|0,6101ca2b4ef4ff44381fe3cd,lt,0,6.0,0.5,lt_control,4,4.0,0.558660691924327,0.34065656275237055,0.10068274532330242
6101ca2b4ef4ff44381fe3cd|lt|0,6101ca2b4ef4ff44381fe3cd,lt,0,6.0,0.5,lt_control,4,6.0,0.6963986685899355,0.193520220348297,0.11008111106176757
6101ca2b4ef4ff44381fe3cd|lt|0,6101ca2b4ef4ff44381fe3cd,lt,0,6.0,0.5,lt_control,4,8.0,0.4340541290144629,0.47771095228569643,0.08823491869984058
6101ca2b4ef4ff44381fe3cd|lt|0,6101ca2b4ef4ff44381fe3cd,lt,0,6.0,0.5,lt_control,4,12.0,0.21322207286148814,0.7381231557018059,0.048654771436706115
6102d892986a0f83785e2470|lt|1,6102d892986a0f83785e2470,lt,1,8.0,0.3333333333333333,lt_market,2,4.0,0.5989695840322894,0.26119314438297425,0.13983727158473636
6102d892986a0f83785e2470|lt|1,6102d892986a0f83785e2470,lt,1,8.0,0.3333333333333333,lt_market,2,6.0,0.7125060518382478,0.14159415774982745,0.14589979041192477
6102d892986a0f83785e2470|lt|1,6102d892986a0f83785e2470,lt,1,8.0,0.3333333333333333,lt_market,2,8.0,0.4877102260064412,0.38385882309275593,0.1284309509008029
6102d892986a0f83785e2470|lt|1,6102d892986a0f83785e2470,lt,1,8.0,0.3333333333333333,lt_market,2,12.0,0.26516575658838953,0.6564512305463766,0.07838301286523398
61058ec065679950ffada919|kw|1,61058ec065679950ffada919,kw,1,12.0,0.0,kw_market,1,4.0,0.4210450142880932,0.4592488024107363,0.11970618330117044
61058ec065679950ffada919|kw|1,61058ec065679950ffada919,kw,1,12.0,0.0,kw_market,1,6.0,0.5725942893215868,0.2846205727639184,0.1427851379144948
61058ec065679950ffada919|kw|1,61058ec065679950ffada919,kw,1,12.0,0.0,kw_market,1,8.0,0.3040113498375792,0.598496978645627,0.0974916715167939
61058ec065679950ffada919|kw|1,61058ec065679950ffada919,kw,1,12.0,0.0,kw_market,1,12.0,0.13241151806855378,0.8199234200488826,0.047665061882563586
6108353b27dad2165c694212|lt|0,6108353b27dad2165c694212,lt,0,6.0,0.5,lt_control,4,4.0,0.558660691924327,0.34065656275237055,0.10068274532330242
6108353b27dad2165c694212|lt|0,6108353b27dad2165c694212,lt,0,6.0,0.5,lt_control,4,6.0,0.6963986685899355,0.193520220348297,0.11008111106176757
6108353b27dad2165c694212|lt|0,6108353b27dad2165c694212,lt,0,6.0,0.5,lt_control,4,8.0,0.4340541290144629,0.47771095228569643,0.08823491869984058
6108353b27dad2165c694212|lt|0,6108353b27dad2165c694212,lt,0,6.0,0.5,lt_control,4,12.0,0.21322207286148814,0.7381231557018059,0.048654771436706115
6108ee25f9c9a40b6a0ebb74|lt|0,6108ee25f9c9a40b6a0ebb74,lt,0,8.0,0.3333333333333333,lt_control,1,4.0,0.698798224432229,0.11406147889155789,0.18714029667621307
6108ee25f9c9a40b6a0ebb74|lt|0,6108ee25f9c9a40b6a0ebb74,lt,0,8.0,0.3333333333333333,lt_control,1,6.0,0.7637816584613157,0.056814109370394335,0.17940423216829
6108ee25f9c9a40b6a0ebb74|lt|0,6108ee25f9c9a40b6a0ebb74,lt,0,8.0,0.3333333333333333,lt_control,1,8.0,0.6263022562449089,0.18451167141005792,0.18918607234503312
6108ee25f9c9a40b6a0ebb74|lt|0,6108ee25f9c9a40b6a0ebb74,lt,0,8.0,0.3333333333333333,lt_control,1,12.0,0.4413591113573683,0.4089849486994945,0.14965593994313725
6109e5a0f7755d8fcba8b50c|kw|1,6109e5a0f7755d8fcba8b50c,kw,1,12.0,0.0,kw_market,3,4.0,0.260519950029666,0.06455573819099836,0.6749243117793358
6109e5a0f7755d8fcba8b50c|kw|1,6109e5a0f7755d8fcba8b50c,kw,1,12.0,0.0,kw_market,3,6.0,0.29540292318457784,0.033358646917398746,0.6712384298980234
6109e5a0f7755d8fcba8b50c|kw|1,6109e5a0f7755d8fcba8b50c,kw,1,12.0,0.0,kw_market,3,8.0,0.22886414249464815,0.10235858679831353,0.6687772707070385
6109e5a0f7755d8fcba8b50c|kw|1,6109e5a0f7755d8fcba8b50c,kw,1,12.0,0.0,kw_market,3,12.0,0.1758406587839122,0.2473666748297031,0.5767926663863848
610acbfd3ae11a1b16a1c3ee|lt|0,610acbfd3ae11a1b16a1c3ee,lt,0,6.0,0.5,lt_control,2,4.0,0.5756275307869297,0.289175828122463,0.1351966410906073
610acbfd3ae11a1b16a1c3ee|lt|0,610acbfd3ae11a1b16a1c3ee,lt,0,6.0,0.5,lt_control,2,6.0,0.6968924612271754,0.15954601824848022,0.14356152052434434
610acbfd3ae11a1b16a1c3ee|lt|0,610acbfd3ae11a1b16a1c3ee,lt,0,6.0,0.5,lt_control,2,8.0,0.46048162042858715,0.41752779585571925,0.12199058371569356
610acbfd3ae11a1b16a1c3ee|lt|0,610acbfd3ae11a1b16a1c3ee,lt,0,6.0,0.5,lt_control,2,12.0,0.24100030959831442,0.687331195008194,0.07166849539349159
610bff0262daf619c12a7cec|lt|1,610bff0262daf619c12a7cec,lt,1,9.0,0.25,lt_market,2,4.0,0.28530922261081354,0.6417271893674397,0.0729635880217467
610bff0262daf619c12a7cec|lt|1,610bff0262daf619c12a7cec,lt,1,9.0,0.25,lt_market,2,6.0,0.44457692113887853,0.45570240053246003,0.09972067832866136
610bff0262daf619c12a7cec|lt|1,610bff0262daf619c12a7cec,lt,1,9.0,0.25,lt_market,2,8.0,0.1869824977281415,0.7590812218889743,0.053936280382884144
610bff0262daf619c12a7cec|lt|1,610bff0262daf619c12a7cec,lt,1,9.0,0.25,lt_market,2,12.0,0.0709573666192849,0.9060666449866888,0.022975988394026307
61112fb91e6eb028aa1ba59b|lt|0,61112fb91e6eb028aa1ba59b,lt,0,10.0,0.16666666666666666,lt_control,2,4.0,0.6975282686655849,0.15944182314185928,0.1430299081925558
61112fb91e6eb028aa1ba59b|lt|0,61112fb91e6eb028aa1ba59b,lt,0,10.0,0.16666666666666666,lt_control,2,6.0,0.7788037865880962,0.08112753225543877,0.140068681156465
61112fb91e6eb028aa1ba59b|lt|0,61112fb91e6eb028aa1ba59b,lt,0,10.0,0.16666666666666666,lt_control,2,8.0,0.6083263304308875,0.2509745675975255,0.140699101971587
61112fb91e6eb028aa1ba59b|lt|0,61112fb91e6eb028aa1ba59b,lt,0,10.0,0.16666666666666666,lt_control,2,12.0,0.3910358228744681,0.5074403610624462,0.10152381606308578
61118cf8dd195d72acb7594a|lt|0,61118cf8dd195d72acb7594a,lt,0,12.0,0.0,lt_control,4,4.0,0.558660691924327,0.34065656275237055,0.10068274532330242
61118cf8dd195d72acb7594a|lt|0,61118cf8dd195d72acb7594a,lt,0,12.0,0.0,lt_control,4,6.0,0.6963986685899355,0.193520220348297,0.11008111106176757
61118cf8dd195d72acb7594a|lt|0,61118cf8dd195d72acb7594a,lt,0,12.0,0.0,lt_control,4,8.0,0.4340541290144629,0.47771095228569643,0.08823491869984058
61118cf8dd195d72acb7594a|lt|0,61118cf8dd195d72acb7594a,lt,0,12.0,0.0,lt_control,4,12.0,0.21322207286148814,0.7381231557018059,0.048654771436706115
6115ddc1b0981cea63afacce|lt|0,6115ddc1b0981cea63afacce,lt,0,8.0,0.3333333333333333,lt_control,3,4.0,0.6395013160788713,0.2384759243015463,0.1220227596195825
6115ddc1b0981cea63afacce|lt|0,6115ddc1b0981cea63afacce,lt,0,8.0,0.3333333333333333,lt_control,3,6.0,0.7477747132767695,0.12707895817734013,0.12514632854589033
6115ddc1b0981cea63afacce|lt|0,6115ddc1b0981cea63afacce,lt,0,8.0,0.3333333333333333,lt_control,3,8.0,0.5295807226969695,0.35644122485060925,0.11397805245242122
6115ddc1b0981cea63afacce|lt|0,6115ddc1b0981cea63afacce,lt,0,8.0,0.3333333333333333,lt_control,3,12.0,0.2977392236810803,0.6303288330170002,0.07193194330191957
611e7207aaf352cb4c807e78|kw|0,611e7207aaf352cb4c807e78,kw,0,11.5,0.041666666666666664,kw_control,3,4.0,0.48458463988273437,0.41017899115382966,0.10523636896343587
611e7207aaf352cb4c807e78|kw|0,611e7207aaf352cb4c807e78,kw,0,11.5,0.041666666666666664,kw_control,3,6.0,0.6344269586152581,0.24472885051053575,0.12084419087420617
611e7207aaf352cb4c807e78|kw|0,611e7207aaf352cb4c807e78,kw,0,11.5,0.041666666666666664,kw_control,3,8.0,0.3606567734049984,0.5509986349024026,0.08834459169259883
611e7207aaf352cb4c807e78|kw|0,611e7207aaf352cb4c807e78,kw,0,11.5,0.041666666666666664,kw_control,3,12.0,0.1644630501653367,0.7903148324386078,0.04522211739605556
612384e91921ae1017430f38|kw|1,612384e91921ae1017430f38,kw,1,12.0,0.0,kw_market,1,4.0,0.5123610570563009,0.3292019650012901,0.15843697794240902
612384e91921ae1017430f38|kw|1,612384e91921ae1017430f38,kw,1,12.0,0.0,kw_market,1,6.0,0.6393721759462824,0.18721464178974315,0.17341318226397448
612384e91921ae1017430f38|kw|1,612384e91921ae1017430f38,kw,1,12.0,0.0,kw_market,1,8.0,0.3986482609986703,0.4623052667384717,0.13904647226285796
612384e91921ae1017430f38|kw|1,612384e91921ae1017430f38,kw,1,12.0,0.0,kw_market,1,12.0,0.19844453675993695,0.7238581635006992,0.07769729973936387
6126086041dbfc8b499a693c|kw|1,6126086041dbfc8b499a693c,kw,1,12.0,0.0,kw_market,1,4.0,0.698798224432229,0.11406147889155789,0.18714029667621307
6126086041dbfc8b499a693c|kw|1,6126086041dbfc8b499a693c,kw,1,12.0,0.0,kw_market,1,6.0,0.7637816584613157,0.056814109370394335,0.17940423216829
6126086041dbfc8b499a693c|kw|1,6126086041dbfc8b499a693c,kw,1,12.0,0.0,kw_market,1,8.0,0.6263022562449089,0.18451167141005792,0.18918607234503312
6126086041dbfc8b499a693c|kw|1,6126086041dbfc8b499a693c,kw,1,12.0,0.0,kw_market,1,12.0,0.4413591113573683,0.4089849486994945,0.14965593994313725
612b5a2c55286e4cf74a63ee|kw|1,612b5a2c55286e4cf74a63ee,kw,1,3.0,0.75,kw_market,2,4.0,0.42800752372253126,0.20491353246790536,0.36707894380956346
612b5a2c55286e4cf74a63ee|kw|1,612b5a2c55286e4cf74a63ee,kw,1,3.0,0.75,kw_market,2,6.0,0.5075056721374799,0.11072862573998182,0.38176570212253835
612b5a2c55286e4cf74a63ee|kw|1,612b5a2c55286e4cf74a63ee,kw,1,3.0,0.75,kw_market,2,8.0,0.3531700588691366,0.3051797942138423,0.3416501469170212
612b5a2c55286e4cf74a63ee|kw|1,612b5a2c55286e4cf74a63ee,kw,1,3.0,0.75,kw_market,2,12.0,0.2081642982867776,0.5657877070762855,0.22604799463693684
612d3e13048ec2b299126be6|kw|0,612d3e13048ec2b299126be6,kw,0,6.0,0.5,kw_control,3,4.0,0.7680020861795249,0.09947550018786594,0.13252241363260917
612d3e13048ec2b299126be6|kw|0,612d3e13048ec2b299126be6,kw,0,6.0,0.5,kw_control,3,6.0,0.8261904019114487,0.04876785451937923,0.12504174356917203
612d3e13048ec2b299126be6|kw|0,612d3e13048ec2b299126be6,kw,0,6.0,0.5,kw_control,3,8.0,0.7000778648364742,0.16366384102191114,0.13625829414161464
612d3e13048ec2b299126be6|kw|0,612d3e13048ec2b299126be6,kw,0,6.0,0.5,kw_control,3,12.0,0.5118205192752519,0.3763565238072113,0.11182295691753694
612f86f8af34e91afac0451d|kw|1,612f86f8af34e91afac0451d,kw,1,12.0,0.0,kw_market,1,4.0,0.4228996357122534,0.12243357875618316,0.4546667855315634
612f86f8af34e91afac0451d|kw|1,612f86f8af34e91afac0451d,kw,1,12.0,0.0,kw_market,1,6.0,0.4819465494923466,0.0635860549491938,0.45446739555845955
612f86f8af34e91afac0451d|kw|1,612f86f8af34e91afac0451d,kw,1,12.0,0.0,kw_market,1,8.0,0.3656021271786469,0.19104013148505083,0.4433577413363022
612f86f8af34e91afac0451d|kw|1,612f86f8af34e91afac0451d,kw,1,12.0,0.0,kw_market,1,12.0,0.24969753917523133,0.4103982678196413,0.33990419300512736
613713a660ee306c2817c891|lt|1,613713a660ee306c2817c891,lt,1,8.0,0.3333333333333333,lt_market,3,4.0,0.5172647574480135,0.18653467442414556,0.296200568127841
613713a660ee306c2817c891|lt|1,613713a660ee306c2817c891,lt,1,8.0,0.3333333333333333,lt_market,3,6.0,0.600026756682938,0.09860911777291588,0.30136412554414616
613713a660ee306c2817c891|lt|1,613713a660ee306c2817c891,lt,1,8.0,0.3333333333333333,lt_market,3,8.0,0.4353933467416073,0.2833877892439614,0.2812188640144313
613713a660ee306c2817c891|lt|1,613713a660ee306c2817c891,lt,1,8.0,0.3333333333333333,lt_market,3,12.0,0.26509000637104535,0.5427102984656429,0.1921996951633117
613b94b83b5cb4c72904f8b3|kw|0,613b94b83b5cb4c72904f8b3,kw,0,8.0,0.3333333333333333,kw_control,4,4.0,0.6968665492495063,0.1911689023050412,0.11196454844545256
613b94b83b5cb4c72904f8b3|kw|0,613b94b83b5cb4c72904f8b3,kw,0,8.0,0.3333333333333333,kw_control,4,6.0,0.7899277660422191,0.09875401929139141,0.11131821466638946
613b94b83b5cb4c72904f8b3|kw|0,613b94b83b5cb4c72904f8b3,kw,0,8.0,0.3333333333333333,kw_control,4,8.0,0.5965315652298586,0.295361386949424,0.10810704782071744
613b94b83b5cb4c72904f8b3|kw|0,613b94b83b5cb4c72904f8b3,kw,0,8.0,0.3333333333333333,kw_control,4,12.0,0.3622119022415662,0.5641029475043086,0.07368515025412525
613b94b83b5cb4c72904f8b3|lt|1,613b94b83b5cb4c72904f8b3,lt,1,6.0,0.5,lt_market,3,4.0,0.4590211389134735,0.4416980374481885,0.09928082363833797
613b94b83b5cb4c72904f8b3|lt|1,613b94b83b5cb4c72904f8b3,lt,1,6.0,0.5,lt_market,3,6.0,0.6141642285529435,0.2693252513060585,0.11651052014099801
613b94b83b5cb4c72904f8b3|lt|1,613b94b83b5cb4c72904f8b3,lt,1,6.0,0.5,lt_market,3,8.0,0.3354866394421057,0.582667338095067,0.08184602246282723
613b94b83b5cb4c72904f8b3|lt|1,613b94b83b5cb4c72904f8b3,lt,1,6.0,0.5,lt_market,3,12.0,0.14844011946848776,0.8109089658498542,0.04065091468165803
613f1ef31c08d695c689a53a|kw|0,613f1ef31c08d695c689a53a,kw,0,6.0,0.5,kw_control,4,4.0,0.558660691924327,0.34065656275237055,0.10068274532330242
613f1ef31c08d695c689a53a|kw|0,613f1ef31c08d695c689a53a,kw,0,6.0,0.5,kw_control,4,6.0,0.6963986685899355,0.193520220348297,0.11008111106176757
613f1ef31c08d695c689a53a|kw|0,613f1ef31c08d695c689a53a,kw,0,6.0,0.5,kw_control,4,8.0,0.4340541290144629,0.47771095228569643,0.08823491869984058
613f1ef31c08d695c689a53a|kw|0,613f1ef31c08d695c689a53a,kw,0,6.0,0.5,kw_control,4,12.0,0.21322207286148814,0.7381231557018059,0.048654771436706115
6140ce04fc55c3149baf0f8b|kw|1,6140ce04fc55c3149baf0f8b,kw,1,12.0,0.0,kw_market,3,4.0,0.43234754376667334,0.06939896566393823,0.4982534905693884
6140ce04fc55c3149baf0f8b|kw|1,6140ce04fc55c3149baf0f8b,kw,1,12.0,0.0,kw_market,3,6.0,0.47985771944036143,0.035102032171798275,0.4850402483878403
6140ce04fc55c3149baf0f8b|kw|1,6140ce04fc55c3149baf0f8b,kw,1,12.0,0.0,kw_market,3,8.0,0.38615892659902573,0.11187646659955094,0.5019646068014233
6140ce04fc55c3149baf0f8b|kw|1,6140ce04fc55c3149baf0f8b,kw,1,12.0,0.0,kw_market,3,12.0,0.2966976409522559,0.2703722520831331,0.43293010696461104
61453d979fbdb8e800b8f0eb|lt|1,61453d979fbdb8e800b8f0eb,lt,1,6.0,0.5,lt_market,3,4.0,0.6395013160788713,0.2384759243015463,0.1220227596195825
61453d979fbdb8e800b8f0eb|lt|1,61453d979fbdb8e800b8f0eb,lt,1,6.0,0.5,lt_market,3,6.0,0.7477747132767695,0.12707895817734013,0.12514632854589033
61453d979fbdb8e800b8f0eb|lt|1,61453d979fbdb8e800b8f0eb,lt,1,6.0,0.5,lt_market,3,8.0,0.5295807226969695,0.35644122485060925,0.11397805245242122
61453d979fbdb8e800b8f0eb|lt|1,61453d979fbdb8e800b8f0eb,lt,1,6.0,0.5,lt_market,3,12.0,0.2977392236810803,0.6303288330170002,0.07193194330191957
6148a744a4927f58c507b905|kw|0,6148a744a4927f58c507b905,kw,0,6.0,0.5,kw_control,4,4.0,0.558660691924327,0.34065656275237055,0.10068274532330242
6148a744a4927f58c507b905|kw|0,6148a744a4927f58c507b905,kw,0,6.0,0.5,kw_control,4,6.0,0.6963986685899355,0.193520220348297,0.11008111106176757
6148a744a4927f58c507b905|kw|0,6148a744a4927f58c507b905,kw,0,6.0,0.5,kw_control,4,8.0,0.4340541290144629,0.47771095228569643,0.08823491869984058
6148a744a4927f58c507b905|kw|0,6148a744a4927f58c507b905,kw,0,6.0,0.5,kw_control,4,12.0,0.21322207286148814,0.7381231557018059,0.048654771436706115
6148a744a4927f58c507b905|lt|1,6148a744a4927f58c507b905,lt,1,8.0,0.3333333333333333,lt_market,3,4.0,0.6562393468547035,0.21904761078150803,0.12471304236378847
6148a744a4927f58c507b905|lt|1,6148a744a4927f58c507b905,lt,1,8.0,0.3333333333333333,lt_market,3,6.0,0.7582640604381821,0.11534439594896019,0.1263915436128578
6148a744a4927f58c507b905|lt|1,6148a744a4927f58c507b905,lt,1,8.0,0.3333333333333333,lt_market,3,8.0,0.5504126348226518,0.3316021289999799,0.11798523617736828
6148a744a4927f58c507b905|lt|1,6148a744a4927f58c507b905,lt,1,8.0,0.3333333333333333,lt_market,3,12.0,0.3189181477544411,0.6043430206738472,0.07673883157171162
6148bbcd519a30b146897026|lt|0,6148bbcd519a30b146897026,lt,0,6.0,0.5,lt_control,4,4.0,0.696866549249506,0.19116890230504152,0.1119645484454525
6148bbcd519a30b146897026|lt|0,6148bbcd519a30b146897026,lt,0,6.0,0.5,lt_control,4,6.0,0.789927766042219,0.09875401929139162,0.1113182146663894
6148bbcd519a30b146897026|lt|0,6148bbcd519a30b146897026,lt,0,6.0,0.5,lt_control,4,8.0,0.5965315652298582,0.2953613869494245,0.10810704782071738
6148bbcd519a30b146897026|lt|0,6148bbcd519a30b146897026,lt,0,6.0,0.5,lt_control,4,12.0,0.36221190224156563,0.5641029475043091,0.07368515025412516
614b44224f28be10f5b5d4ed|lt|1,614b44224f28be10f5b5d4ed,lt,1,10.0,0.16666666666666666,lt_market,3,4.0,0.33239020215456444,0.1822515361437325,0.48535826170170304
614b44224f28be10f5b5d4ed|lt|1,614b44224f28be10f5b5d4ed,lt,1,10.0,0.16666666666666666,lt_market,3,6.0,0.3951603224651593,0.0987406740680277,0.5060990034668131
614b44224f28be10f5b5d4ed|lt|1,614b44224f28be10f5b5d4ed,lt,1,10.0,0.16666666666666666,lt_market,3,8.0,0.2749764293160345,0.2721266738356639,0.45289689684830176
614b44224f28be10f5b5d4ed|lt|1,614b44224f28be10f5b5d4ed,lt,1,10.0,0.16666666666666666,lt_market,3,12.0,0.16773897407471852,0.5221376257114091,0.3101234002138723
614d9188dc315950026a6102|kw|1,614d9188dc315950026a6102,kw,1,12.0,0.0,kw_market,2,4.0,0.7504580933423489,0.09674504324378068,0.15279686341387036
614d9188dc315950026a6102|kw|1,614d9188dc315950026a6102,kw,1,12.0,0.0,kw_market,2,6.0,0.808191510624039,0.04748061485650469,0.1443278745194563
614d9188dc315950026a6102|kw|1,614d9188dc315950026a6102,kw,1,12.0,0.0,kw_market,2,8.0,0.6838384327024106,0.1591140183791623,0.15704754891842704
614d9188dc315950026a6102|kw|1,614d9188dc315950026a6102,kw,1,12.0,0.0,kw_market,2,12.0,0.5025987454142434,0.367833857151942,0.12956739743381457
614e3f7def73ee04e730819e|kw|1,614e3f7def73ee04e730819e,kw,1,6.0,0.5,kw_market,4,4.0,0.6968665492495061,0.191168902305041,0.11196454844545285
614e3f7def73ee04e730819e|kw|1,614e3f7def73ee04e730819e,kw,1,6.0,0.5,kw_market,4,6.0,0.789927766042219,0.09875401929139131,0.1113182146663897
614e3f7def73ee04e730819e|kw|1,614e3f7def73ee04e730819e,kw,1,6.0,0.5,kw_market,4,8.0,0.5965315652298585,0.29536138694942377,0.10810704782071771
614e3f7def73ee04e730819e|kw|1,614e3f7def73ee04e730819e,kw,1,6.0,0.5,kw_market,4,12.0,0.3622119022415662,0.5641029475043082,0.07368515025412546
614e5092e08a3a2d3204ffd2|kw|1,614e5092e08a3a2d3204ffd2,kw,1,12.0,0.0,kw_market,3,4.0,0.4722560531828205,0.2642260189131148,0.26351792790406475
614e5092e08a3a2d3204ffd2|kw|1,614e5092e08a3a2d3204ffd2,kw,1,12.0,0.0,kw_market,3,6.0,0.5732650362771026,0.14616832674075494,0.2805666369821425
614e5092e08a3a2d3204ffd2|kw|1,614e5092e08a3a2d3204ffd2,kw,1,12.0,0.0,kw_market,3,8.0,0.378898500016234,0.3826252226839912,0.23847627729977475
614e5092e08a3a2d3204ffd2|kw|1,614e5092e08a3a2d3204ffd2,kw,1,12.0,0.0,kw_market,3,12.0,0.20479866175889694,0.6505088151678482,0.14469252307325497
614f39b82ccdbdd51c76cc50|kw|1,614f39b82ccdbdd51c76cc50,kw,1,6.0,0.5,kw_market,3,4.0,0.600280021159429,0.11123377397582437,0.28848620486474674
614f39b82ccdbdd51c76cc50|kw|1,614f39b82ccdbdd51c76cc50,kw,1,6.0,0.5,kw_market,3,6.0,0.6640249266285224,0.056074697355138425,0.2799003760163392
614f39b82ccdbdd51c76cc50|kw|1,614f39b82ccdbdd51c76cc50,kw,1,6.0,0.5,kw_market,3,8.0,0.5328984670886764,0.17822963407632447,0.28887189883499914
614f39b82ccdbdd51c76cc50|kw|1,614f39b82ccdbdd51c76cc50,kw,1,6.0,0.5,kw_market,3,12.0,0.3758714953138101,0.39541232167975404,0.22871618300643584
6155e95c0808b015514b34e0|lt|0,6155e95c0808b015514b34e0,lt,0,6.0,0.5,lt_control,2,4.0,0.41443326646194073,0.4716735628008579,0.11389317073720139
6155e95c0808b015514b34e0|lt|0,6155e95c0808b015514b34e0,lt,0,6.0,0.5,lt_control,2,6.0,0.5682768236808804,0.2947451332771059,0.1369780430420138
6155e95c0808b015514b34e0|lt|0,6155e95c0808b015514b34e0,lt,0,6.0,0.5,lt_control,2,8.0,0.29725062566495125,0.6106078237978809,0.0921415505371678
6155e95c0808b015514b34e0|lt|0,6155e95c0808b015514b34e0,lt,0,6.0,0.5,lt_control,2,12.0,0.12805431409087323,0.8273878971058752,0.044557788803251425
6158593456f99ff86a8b4187|lt|1,6158593456f99ff86a8b4187,lt,1,8.0,0.3333333333333333,lt_market,1,4.0,0.5123610570563009,0.3292019650012901,0.15843697794240902
6158593456f99ff86a8b4187|lt|1,6158593456f99ff86a8b4187,lt,1,8.0,0.3333333333333333,lt_market,1,6.0,0.6393721759462824,0.18721464178974315,0.17341318226397448
6158593456f99ff86a8b4187|lt|1,6158593456f99ff86a8b4187,lt,1,8.0,0.3333333333333333,lt_market,1,8.0,0.3986482609986703,0.4623052667384717,0.13904647226285796
6158593456f99ff86a8b4187|lt|1,6158593456f99ff86a8b4187,lt,1,8.0,0.3333333333333333,lt_market,1,12.0,0.19844453675993695,0.7238581635006992,0.07769729973936387
615b76e05c1c5a26e46f1b3e|kw|0,615b76e05c1c5a26e46f1b3e,kw,0,6.0,0.5,kw_control,3,4.0,0.48458463988273437,0.41017899115382966,0.10523636896343587
615b76e05c1c5a26e46f1b3e|kw|0,615b76e05c1c5a26e46f1b3e,kw,0,6.0,0.5,kw_control,3,6.0,0.6344269586152581,0.24472885051053575,0.12084419087420617
615b76e05c1c5a26e46f1b3e|kw|0,615b76e05c1c5a26e46f1b3e,kw,0,6.0,0.5,kw_control,3,8.0,0.3606567734049984,0.5509986349024026,0.08834459169259883
615b76e05c1c5a26e46f1b3e|kw|0,615b76e05c1c5a26e46f1b3e,kw,0,6.0,0.5,kw_control,3,12.0,0.1644630501653367,0.7903148324386078,0.04522211739605556
61659faa6b39511ab186acf1|lt|1,61659faa6b39511ab186acf1,lt,1,10.0,0.16666666666666666,lt_market,1,4.0,0.6734327212875193,0.15353827029016942,0.17302900842231125
61659faa6b39511ab186acf1|lt|1,61659faa6b39511ab186acf1,lt,1,10.0,0.16666666666666666,lt_market,1,6.0,0.7522986011249835,0.07816502230134571,0.16953637657367082
61659faa6b39511ab186acf1|lt|1,61659faa6b39511ab186acf1,lt,1,10.0,0.16666666666666666,lt_market,1,8.0,0.58778040607822,0.2418745615684373,0.1703450323533426
61659faa6b39511ab186acf1|lt|1,61659faa6b39511ab186acf1,lt,1,10.0,0.16666666666666666,lt_market,1,12.0,0.381727992428549,0.4940881762836564,0.1241838312877946
6167116fd8a186cd98501614|lt|0,6167116fd8a186cd98501614,lt,0,6.0,0.5,lt_control,3,4.0,0.6395013160788713,0.2384759243015463,0.1220227596195825
6167116fd8a186cd98501614|lt|0,6167116fd8a186cd98501614,lt,0,6.0,0.5,lt_control,3,6.0,0.7477747132767695,0.12707895817734013,0.12514632854589033
6167116fd8a186cd98501614|lt|0,6167116fd8a186cd98501614,lt,0,6.0,0.5,lt_control,3,8.0,0.5295807226969695,0.35644122485060925,0.11397805245242122
6167116fd8a186cd98501614|lt|0,6167116fd8a186cd98501614,lt,0,6.0,0.5,lt_control,3,12.0,0.2977392236810803,0.6303288330170002,0.07193194330191957
616802878b2577d953ddd763|kw|1,616802878b2577d953ddd763,kw,1,2.0,0.8333333333333334,kw_market,3,4.0,0.4213081863242474,0.48971733039762383,0.08897448327812882
616802878b2577d953ddd763|kw|1,616802878b2577d953ddd763,kw,1,2.0,0.8333333333333334,kw_market,3,6.0,0.5831074858897166,0.3088829703369597,0.10800954377332375
616802878b2577d953ddd763|kw|1,616802878b2577d953ddd763,kw,1,2.0,0.8333333333333334,kw_market,3,8.0,0.2997447026659322,0.6288538924123772,0.07140140492169053
616802878b2577d953ddd763|kw|1,616802878b2577d953ddd763,kw,1,2.0,0.8333333333333334,kw_market,3,12.0,0.1271241598613031,0.8388835821665274,0.033992257972169336
61693b21fbf953323ceadf35|kw|1,61693b21fbf953323ceadf35,kw,1,11.0,0.08333333333333333,kw_market,3,4.0,0.2562318479791814,0.05091284207205314,0.6928553099487653
61693b21fbf953323ceadf35|kw|1,61693b21fbf953323ceadf35,kw,1,11.0,0.08333333333333333,kw_market,3,6.0,0.2888305036342717,0.026153936343536768,0.6850155600221915
61693b21fbf953323ceadf35|kw|1,61693b21fbf953323ceadf35,kw,1,11.0,0.08333333333333333,kw_market,3,8.0,0.22682808902492865,0.0813474095135586,0.6918245014615128
61693b21fbf953323ceadf35|kw|1,61693b21fbf953323ceadf35,kw,1,11.0,0.08333333333333333,kw_market,3,12.0,0.18012387769346097,0.203185889117854,0.616690233188685
616ad0257b1caa4a86077d01|lt|1,616ad0257b1caa4a86077d01,lt,1,9.0,0.25,lt_market,3,4.0,0.2562318479791814,0.05091284207205314,0.6928553099487653
616ad0257b1caa4a86077d01|lt|1,616ad0257b1caa4a86077d01,lt,1,9.0,0.25,lt_market,3,6.0,0.2888305036342717,0.026153936343536768,0.6850155600221915
616ad0257b1caa4a86077d01|lt|1,616ad0257b1caa4a86077d01,lt,1,9.0,0.25,lt_market,3,8.0,0.22682808902492865,0.0813474095135586,0.6918245014615128
616ad0257b1caa4a86077d01|lt|1,616ad0257b1caa4a86077d01,lt,1,9.0,0.25,lt_market,3,12.0,0.18012387769346097,0.203185889117854,0.616690233188685
616d8ff5eeb9a8616afa647d|kw|1,616d8ff5eeb9a8616afa647d,kw,1,7.0,0.4166666666666667,kw_market,1,4.0,0.6405229171721862,0.19360787262979268,0.1658692101980212
616d8ff5eeb9a8616afa647d|kw|1,616d8ff5eeb9a8616afa647d,kw,1,7.0,0.4166666666666667,kw_market,1,6.0,0.7326644629278752,0.10092371760092787,0.1664118194711969
616d8ff5eeb9a8616afa647d|kw|1,616d8ff5eeb9a8616afa647d,kw,1,7.0,0.4166666666666667,kw_market,1,8.0,0.5441730175719791,0.29687799283054517,0.1589489895974758
616d8ff5eeb9a8616afa647d|kw|1,616d8ff5eeb9a8616afa647d,kw,1,7.0,0.4166666666666667,kw_market,1,12.0,0.32852824989110146,0.5637532827453073,0.10771846736359103
61f2abdca09e72f23cbaf4c4|lt|1,61f2abdca09e72f23cbaf4c4,lt,1,8.0,0.3333333333333333,lt_market,3,4.0,0.3218465209456064,0.4549322943538711,0.2232211847005224
61f2abdca09e72f23cbaf4c4|lt|1,61f2abdca09e72f23cbaf4c4,lt,1,8.0,0.3333333333333333,lt_market,3,6.0,0.44395327571588267,0.28597955479580506,0.2700671694883122
61f2abdca09e72f23cbaf4c4|lt|1,61f2abdca09e72f23cbaf4c4,lt,1,8.0,0.3333333333333333,lt_market,3,8.0,0.23075816573732882,0.588718505992852,0.18052332826981912
61f2abdca09e72f23cbaf4c4|lt|1,61f2abdca09e72f23cbaf4c4,lt,1,8.0,0.3333333333333333,lt_market,3,12.0,0.10098147746682877,0.8103407752495665,0.0886777472836049
61fa9085d42cb19beec4915d|kw|1,61fa9085d42cb19beec4915d,kw,1,6.0,0.5,kw_market,4,4.0,0.5713387704405489,0.1792504806010859,0.2494107489583651
61fa9085d42cb19beec4915d|kw|1,61fa9085d42cb19beec4915d,kw,1,6.0,0.5,kw_market,4,6.0,0.6553668294832129,0.09370243177759467,0.25093073873919247
61fa9085d42cb19beec4915d|kw|1,61fa9085d42cb19beec4915d,kw,1,6.0,0.5,kw_market,4,8.0,0.48575366787007596,0.2750650314776105,0.23918130065231363
61fa9085d42cb19beec4915d|kw|1,61fa9085d42cb19beec4915d,kw,1,6.0,0.5,kw_market,4,12.0,0.29995356075341156,0.5342551021496966,0.16579133709689176
6234b0c299240379091680f4|lt|1,6234b0c299240379091680f4,lt,1,9.5,0.20833333333333334,lt_market,2,4.0,0.5289697293421282,0.11891769139435106,0.3521125792635207
6234b0c299240379091680f4|lt|1,6234b0c299240379091680f4,lt,1,9.5,0.20833333333333334,lt_market,2,6.0,0.5930152460568899,0.060754895898406276,0.3462298580447038
6234b0c299240379091680f4|lt|1,6234b0c299240379091680f4,lt,1,9.5,0.20833333333333334,lt_market,2,8.0,0.46369564308746675,0.1881487451062663,0.3481556118062669
6234b0c299240379091680f4|lt|1,6234b0c299240379091680f4,lt,1,9.5,0.20833333333333334,lt_market,2,12.0,0.3206055499853968,0.409180293251497,0.27021415676310634
6238dfab577ecd4adb97a917|lt|0,6238dfab577ecd4adb97a917,lt,0,6.0,0.5,lt_control,2,4.0,0.6185155786191469,0.2373918127867721,0.14409260859408105
6238dfab577ecd4adb97a917|lt|0,6238dfab577ecd4adb97a917,lt,0,6.0,0.5,lt_control,2,6.0,0.7250352311673262,0.12681597854877288,0.14814879028390096
6238dfab577ecd4adb97a917|lt|0,6238dfab577ecd4adb97a917,lt,0,6.0,0.5,lt_control,2,8.0,0.5113758137677283,0.35424843396646,0.13437575226581164
6238dfab577ecd4adb97a917|lt|0,6238dfab577ecd4adb97a917,lt,0,6.0,0.5,lt_control,2,12.0,0.28786099747473304,0.6272287312190534,0.08491027130621358
623e8acb225d566928a597e1|kw|1,623e8acb225d566928a597e1,kw,1,6.0,0.5,kw_market,4,4.0,0.5713387704405489,0.1792504806010859,0.2494107489583651
623e8acb225d566928a597e1|kw|1,623e8acb225d566928a597e1,kw,1,6.0,0.5,kw_market,4,6.0,0.6553668294832129,0.09370243177759467,0.25093073873919247
623e8acb225d566928a597e1|kw|1,623e8acb225d566928a597e1,kw,1,6.0,0.5,kw_market,4,8.0,0.48575366787007596,0.2750650314776105,0.23918130065231363
623e8acb225d566928a597e1|kw|1,623e8acb225d566928a597e1,kw,1,6.0,0.5,kw_market,4,12.0,0.29995356075341156,0.5342551021496966,0.16579133709689176
6266aa7132e3a5bf1631ac1b|lt|1,6266aa7132e3a5bf1631ac1b,lt,1,10.0,0.16666666666666666,lt_market,4,4.0,0.6968665492495063,0.1911689023050412,0.11196454844545256
6266aa7132e3a5bf1631ac1b|lt|1,6266aa7132e3a5bf1631ac1b,lt,1,10.0,0.16666666666666666,lt_market,4,6.0,0.7899277660422191,0.09875401929139141,0.11131821466638946
6266aa7132e3a5bf1631ac1b|lt|1,6266aa7132e3a5bf1631ac1b,lt,1,10.0,0.16666666666666666,lt_market,4,8.0,0.5965315652298586,0.295361386949424,0.10810704782071744
6266aa7132e3a5bf1631ac1b|lt|1,6266aa7132e3a5bf1631ac1b,lt,1,10.0,0.16666666666666666,lt_market,4,12.0,0.3622119022415662,0.5641029475043086,0.07368515025412525
62681384fd4e3b590854ac76|lt|0,62681384fd4e3b590854ac76,lt,0,6.0,0.5,lt_control,4,4.0,0.558660691924327,0.34065656275237055,0.10068274532330242
62681384fd4e3b590854ac76|lt|0,62681384fd4e3b590854ac76,lt,0,6.0,0.5,lt_control,4,6.0,0.6963986685899355,0.193520220348297,0.11008111106176757
62681384fd4e3b590854ac76|lt|0,62681384fd4e3b590854ac76,lt,0,6.0,0.5,lt_control,4,8.0,0.4340541290144629,0.47771095228569643,0.08823491869984058
62681384fd4e3b590854ac76|lt|0,62681384fd4e3b590854ac76,lt,0,6.0,0.5,lt_control,4,12.0,0.21322207286148814,0.7381231557018059,0.048654771436706115
6268f4810cd59e084565cfef|lt|1,6268f4810cd59e084565cfef,lt,1,10.0,0.16666666666666666,lt_market,3,4.0,0.6395013160788713,0.2384759243015463,0.1220227596195825
6268f4810cd59e084565cfef|lt|1,6268f4810cd59e084565cfef,lt,1,10.0,0.16666666666666666,lt_market,3,6.0,0.7477747132767695,0.12707895817734013,0.12514632854589033
6268f4810cd59e084565cfef|lt|1,6268f4810cd59e084565cfef,lt,1,10.0,0.16666666666666666,lt_market,3,8.0,0.5295807226969695,0.35644122485060925,0.11397805245242122
6268f4810cd59e084565cfef|lt|1,6268f4810cd59e084565cfef,lt,1,10.0,0.16666666666666666,lt_market,3,12.0,0.2977392236810803,0.6303288330170002,0.07193194330191957
6272c6f165b55d496f5fae1a|kw|0,6272c6f165b55d496f5fae1a,kw,0,6.0,0.5,kw_control,4,4.0,0.6968665492495063,0.1911689023050412,0.11196454844545256
6272c6f165b55d496f5fae1a|kw|0,6272c6f165b55d496f5fae1a,kw,0,6.0,0.5,kw_control,4,6.0,0.7899277660422191,0.09875401929139141,0.11131821466638946
6272c6f165b55d496f5fae1a|kw|0,6272c6f165b55d496f5fae1a,kw,0,6.0,0.5,kw_control,4,8.0,0.5965315652298586,0.295361386949424,0.10810704782071744
6272c6f165b55d496f5fae1a|kw|0,6272c6f165b55d496f5fae1a,kw,0,6.0,0.5,kw_control,4,12.0,0.3622119022415662,0.5641029475043086,0.07368515025412525
62861bcc5f0edf6340c914df|lt|1,62861bcc5f0edf6340c914df,lt,1,6.0,0.5,lt_market,4,4.0,0.5713387704405489,0.1792504806010861,0.24941074895836493
62861bcc5f0edf6340c914df|lt|1,62861bcc5f0edf6340c914df,lt,1,6.0,0.5,lt_market,4,6.0,0.6553668294832129,0.0937024317775948,0.2509307387391923
62861bcc5f0edf6340c914df|lt|1,62861bcc5f0edf6340c914df,lt,1,6.0,0.5,lt_market,4,8.0,0.48575366787007584,0.2750650314776108,0.23918130065231333
62861bcc5f0edf6340c914df|lt|1,62861bcc5f0edf6340c914df,lt,1,6.0,0.5,lt_market,4,12.0,0.2999535607534114,0.5342551021496968,0.1657913370968915
62865cb9d41a9e2aaf141c84|kw|0,62865cb9d41a9e2aaf141c84,kw,0,8.5,0.2916666666666667,kw_control,1,4.0,0.6734327212875193,0.15353827029016942,0.17302900842231125
62865cb9d41a9e2aaf141c84|kw|0,62865cb9d41a9e2aaf141c84,kw,0,8.5,0.2916666666666667,kw_control,1,6.0,0.7522986011249835,0.07816502230134571,0.16953637657367082
62865cb9d41a9e2aaf141c84|kw|0,62865cb9d41a9e2aaf141c84,kw,0,8.5,0.2916666666666667,kw_control,1,8.0,0.58778040607822,0.2418745615684373,0.1703450323533426
62865cb9d41a9e2aaf141c84|kw|0,62865cb9d41a9e2aaf141c84,kw,0,8.5,0.2916666666666667,kw_control,1,12.0,0.381727992428549,0.4940881762836564,0.1241838312877946
6286737e656f5b75009aae55|lt|1,6286737e656f5b75009aae55,lt,1,8.0,0.3333333333333333,lt_market,2,4.0,0.5483283547842654,0.08253657462294847,0.3691350705927861
6286737e656f5b75009aae55|lt|1,6286737e656f5b75009aae55,lt,1,8.0,0.3333333333333333,lt_market,2,6.0,0.6027510056242855,0.04134694752832732,0.35590204684738724
6286737e656f5b75009aae55|lt|1,6286737e656f5b75009aae55,lt,1,8.0,0.3333333333333333,lt_market,2,8.0,0.49236418435572293,0.13376572627928912,0.37387008936498795
6286737e656f5b75009aae55|lt|1,6286737e656f5b75009aae55,lt,1,8.0,0.3333333333333333,lt_market,2,12.0,0.3694238027271852,0.3156884078678759,0.31488778940493883
6287a355e0dbfe43e55850b7|kw|0,6287a355e0dbfe43e55850b7,kw,0,6.0,0.5,kw_control,1,4.0,0.6405229171721862,0.19360787262979268,0.1658692101980212
6287a355e0dbfe43e55850b7|kw|0,6287a355e0dbfe43e55850b7,kw,0,6.0,0.5,kw_control,1,6.0,0.7326644629278752,0.10092371760092787,0.1664118194711969
6287a355e0dbfe43e55850b7|kw|0,6287a355e0dbfe43e55850b7,kw,0,6.0,0.5,kw_control,1,8.0,0.5441730175719791,0.29687799283054517,0.1589489895974758
6287a355e0dbfe43e55850b7|kw|0,6287a355e0dbfe43e55850b7,kw,0,6.0,0.5,kw_control,1,12.0,0.32852824989110146,0.5637532827453073,0.10771846736359103
628bdbc77a9dddcd7f4ed538|lt|1,628bdbc77a9dddcd7f4ed538,lt,1,12.0,0.0,lt_market,4,4.0,0.21742630456476736,0.043251203599202176,0.7393224918360306
628bdbc77a9dddcd7f4ed538|lt|1,628bdbc77a9dddcd7f4ed538,lt,1,12.0,0.0,lt_market,4,6.0,0.24551442514523106,0.02225680904362583,0.732228765811143
628bdbc77a9dddcd7f4ed538|lt|1,628bdbc77a9dddcd7f4ed538,lt,1,12.0,0.0,lt_market,4,8.0,0.1925133851249793,0.06911935948406119,0.7383672553909594
628bdbc77a9dddcd7f4ed538|lt|1,628bdbc77a9dddcd7f4ed538,lt,1,12.0,0.0,lt_market,4,12.0,0.15540837485405848,0.17550462089907573,0.6690870042468657
628eabb243fb4a73e29d9385|kw|0,628eabb243fb4a73e29d9385,kw,0,12.0,0.0,kw_control,4,4.0,0.6968665492495063,0.1911689023050412,0.11196454844545256
628eabb243fb4a73e29d9385|kw|0,628eabb243fb4a73e29d9385,kw,0,12.0,0.0,kw_control,4,6.0,0.7899277660422191,0.09875401929139141,0.11131821466638946
628eabb243fb4a73e29d9385|kw|0,628eabb243fb4a73e29d9385,kw,0,12.0,0.0,kw_control,4,8.0,0.5965315652298586,0.295361386949424,0.10810704782071744
628eabb243fb4a73e29d9385|kw|0,628eabb243fb4a73e29d9385,kw,0,12.0,0.0,kw_control,4,12.0,0.3622119022415662,0.5641029475043086,0.07368515025412525
6294de1b341cd20e308d1a4a|kw|1,6294de1b341cd20e308d1a4a,kw,1,11.0,0.08333333333333333,kw_market,3,4.0,0.7680020861795249,0.09947550018786594,0.13252241363260917
6294de1b341cd20e308d1a4a|kw|1,6294de1b341cd20e308d1a4a,kw,1,11.0,0.08333333333333333,kw_market,3,6.0,0.8261904019114487,0.04876785451937923,0.12504174356917203
6294de1b341cd20e308d1a4a|kw|1,6294de1b341cd20e308d1a4a,kw,1,11.0,0.08333333333333333,kw_market,3,8.0,0.7000778648364742,0.16366384102191114,0.13625829414161464
6294de1b341cd20e308d1a4a|kw|1,6294de1b341cd20e308d1a4a,kw,1,11.0,0.08333333333333333,kw_market,3,12.0,0.5118205192752519,0.3763565238072113,0.11182295691753694
6294ea804cdf1298eefa87ac|lt|0,6294ea804cdf1298eefa87ac,lt,0,12.0,0.0,lt_control,3,4.0,0.3455891137054505,0.40374551005558423,0.25066537623896534
6294ea804cdf1298eefa87ac|lt|0,6294ea804cdf1298eefa87ac,lt,0,12.0,0.0,lt_control,3,6.0,0.4611281100867544,0.24550990722888938,0.2933619826843563
6294ea804cdf1298eefa87ac|lt|0,6294ea804cdf1298eefa87ac,lt,0,12.0,0.0,lt_control,3,8.0,0.2546626978682473,0.5369893211446062,0.20834798098714655
6294ea804cdf1298eefa87ac|lt|0,6294ea804cdf1298eefa87ac,lt,0,12.0,0.0,lt_control,3,12.0,0.11694740971967063,0.775650868101121,0.10740172217920835
62976e7114308ee7c69d10ae|kw|0,62976e7114308ee7c69d10ae,kw,0,6.0,0.5,kw_control,3,4.0,0.6395013160788713,0.2384759243015463,0.1220227596195825
62976e7114308ee7c69d10ae|kw|0,62976e7114308ee7c69d10ae,kw,0,6.0,0.5,kw_control,3,6.0,0.7477747132767695,0.12707895817734013,0.12514632854589033
62976e7114308ee7c69d10ae|kw|0,62976e7114308ee7c69d10ae,kw,0,6.0,0.5,kw_control,3,8.0,0.5295807226969695,0.35644122485060925,0.11397805245242122
62976e7114308ee7c69d10ae|kw|0,62976e7114308ee7c69d10ae,kw,0,6.0,0.5,kw_control,3,12.0,0.2977392236810803,0.6303288330170002,0.07193194330191957
6297d4ad03a1830f21d22cb1|lt|1,6297d4ad03a1830f21d22cb1,lt,1,8.0,0.3333333333333333,lt_market,3,4.0,0.2546544133044559,0.052801129266621366,0.6925444574289227
6297d4ad03a1830f21d22cb1|lt|1,6297d4ad03a1830f21d22cb1,lt,1,8.0,0.3333333333333333,lt_market,3,6.0,0.2873729306121163,0.027154238822804128,0.6854728305650797
6297d4ad03a1830f21d22cb1|lt|1,6297d4ad03a1830f21d22cb1,lt,1,8.0,0.3333333333333333,lt_market,3,8.0,0.2251366853022613,0.08425407845376943,0.6906092362439693
6297d4ad03a1830f21d22cb1|lt|1,6297d4ad03a1830f21d22cb1,lt,1,8.0,0.3333333333333333,lt_market,3,12.0,0.17792071710543314,0.2094336915213668,0.6126455913732
629b3553f9621f7c65de7f5a|lt|1,629b3553f9621f7c65de7f5a,lt,1,8.5,0.2916666666666667,lt_market,2,4.0,0.40669953307889495,0.2448137797666282,0.3484866871544769
629b3553f9621f7c65de7f5a|lt|1,629b3553f9621f7c65de7f5a,lt,1,8.5,0.2916666666666667,lt_market,2,6.0,0.4936133118220561,0.13540940234650423,0.3709772858314397
629b3553f9621f7c65de7f5a|lt|1,629b3553f9621f7c65de7f5a,lt,1,8.5,0.2916666666666667,lt_market,2,8.0,0.3275505930511745,0.35587152283672,0.3165778841121053
629b3553f9621f7c65de7f5a|lt|1,629b3553f9621f7c65de7f5a,lt,1,8.5,0.2916666666666667,lt_market,2,12.0,0.18174288258460922,0.6210801096663144,0.1971770077490762
629e11c0d89e0c18f21e687a|kw|0,629e11c0d89e0c18f21e687a,kw,0,12.0,0.0,kw_control,4,4.0,0.558660691924327,0.34065656275237055,0.10068274532330242
629e11c0d89e0c18f21e687a|kw|0,629e11c0d89e0c18f21e687a,kw,0,12.0,0.0,kw_control,4,6.0,0.6963986685899355,0.193520220348297,0.11008111106176757
629e11c0d89e0c18f21e687a|kw|0,629e11c0d89e0c18f21e687a,kw,0,12.0,0.0,kw_control,4,8.0,0.4340541290144629,0.47771095228569643,0.08823491869984058
629e11c0d89e0c18f21e687a|kw|0,629e11c0d89e0c18f21e687a,kw,0,12.0,0.0,kw_control,4,12.0,0.21322207286148814,0.7381231557018059,0.048654771436706115
629e11c0d89e0c18f21e687a|lt|1,629e11c0d89e0c18f21e687a,lt,1,12.0,0.0,lt_market,2,4.0,0.5366288160549888,0.11142078606715655,0.3519503978778546
629e11c0d89e0c18f21e687a|lt|1,629e11c0d89e0c18f21e687a,lt,1,12.0,0.0,lt_market,2,6.0,0.5988488833689295,0.05666426305101425,0.3444868535800562
629e11c0d89e0c18f21e687a|lt|1,629e11c0d89e0c18f21e687a,lt,1,12.0,0.0,lt_market,2,8.0,0.4729197817005094,0.17722801363653135,0.3498522046629593
629e11c0d89e0c18f21e687a|lt|1,629e11c0d89e0c18f21e687a,lt,1,12.0,0.0,lt_market,2,12.0,0.3323188272707185,0.39171950626808016,0.2759616664612013
62a33935e9d8352a774c285b|lt|1,62a33935e9d8352a774c285b,lt,1,10.0,0.16666666666666666,lt_market,3,4.0,0.25905188261605416,0.04968938695653542,0.6912587304274104
62a33935e9d8352a774c285b|lt|1,62a33935e9d8352a774c285b,lt,1,10.0,0.16666666666666666,lt_market,3,6.0,0.2917258115569772,0.025500665537005588,0.6827735229060173
62a33935e9d8352a774c285b|lt|1,62a33935e9d8352a774c285b,lt,1,10.0,0.16666666666666666,lt_market,3,8.0,0.229566151169426,0.07947625603852602,0.6909575927920479
62a33935e9d8352a774c285b|lt|1,62a33935e9d8352a774c285b,lt,1,10.0,0.16666666666666666,lt_market,3,12.0,0.18289663453485605,0.1991639007532515,0.6179394647118925
62aa4aba6960dfb1b61f7583|lt|1,62aa4aba6960dfb1b61f7583,lt,1,12.0,0.0,lt_market,3,4.0,0.24939403524112835,0.6893169842730072,0.06128898048586439
62aa4aba6960dfb1b61f7583|lt|1,62aa4aba6960dfb1b61f7583,lt,1,12.0,0.0,lt_market,3,6.0,0.4040162045133804,0.5088988554014028,0.08708494008521685
62aa4aba6960dfb1b61f7583|lt|1,62aa4aba6960dfb1b61f7583,lt,1,12.0,0.0,lt_market,3,8.0,0.15959463983206776,0.7961664621950535,0.0442388979728788
62aa4aba6960dfb1b61f7583|lt|1,62aa4aba6960dfb1b61f7583,lt,1,12.0,0.0,lt_market,3,12.0,0.058814769384417265,0.9228844727509813,0.018300757864601315
62b058e8e1cfcf6b53124931|lt|1,62b058e8e1cfcf6b53124931,lt,1,12.0,0.0,lt_market,2,4.0,0.3456508052931933,0.5637463174184143,0.09060287728839257
62b058e8e1cfcf6b53124931|lt|1,62b058e8e1cfcf6b53124931,lt,1,12.0,0.0,lt_market,2,6.0,0.5067971867022574,0.37668654944871244,0.1165162638490302
62b058e8e1cfcf6b53124931|lt|1,62b058e8e1cfcf6b53124931,lt,1,12.0,0.0,lt_market,2,8.0,0.23588262155434833,0.6943760803653167,0.06974129808033508
62b058e8e1cfcf6b53124931|lt|1,62b058e8e1cfcf6b53124931,lt,1,12.0,0.0,lt_market,2,12.0,0.09441887754561487,0.8742446871402849,0.03133643531410031
62b0c2e6bbb517b6acd0d241|kw|1,62b0c2e6bbb517b6acd0d241,kw,1,12.0,0.0,kw_market,1,4.0,0.3745517417286762,0.521140484011414,0.1043077742599098
62b0c2e6bbb517b6acd0d241|kw|1,62b0c2e6bbb517b6acd0d241,kw,1,12.0,0.0,kw_market,1,6.0,0.5323854420233631,0.33757395731151846,0.13004060066511847
62b0c2e6bbb517b6acd0d241|kw|1,62b0c2e6bbb517b6acd0d241,kw,1,12.0,0.0,kw_market,1,8.0,0.2614104209299195,0.6564755394581193,0.08211403961196126
62b0c2e6bbb517b6acd0d241|kw|1,62b0c2e6bbb517b6acd0d241,kw,1,12.0,0.0,kw_market,1,12.0,0.1080895607938679,0.853797279803595,0.03811315940253712
62b1d2b897646fe6bb832b1f|kw|1,62b1d2b897646fe6bb832b1f,kw,1,10.0,0.16666666666666666,kw_market,2,4.0,0.32054736603081363,0.08353495488897296,0.5959176790802134
62b1d2b897646fe6bb832b1f|kw|1,62b1d2b897646fe6bb832b1f,kw,1,10.0,0.16666666666666666,kw_market,2,6.0,0.3637235117598354,0.04319636258952675,0.5930801256506377
62b1d2b897646fe6bb832b1f|kw|1,62b1d2b897646fe6bb832b1f,kw,1,10.0,0.16666666666666666,kw_market,2,8.0,0.28032506469249974,0.1318531841623393,0.587821751145161
62b1d2b897646fe6bb832b1f|kw|1,62b1d2b897646fe6bb832b1f,kw,1,10.0,0.16666666666666666,kw_market,2,12.0,0.20689705542291073,0.3060964996220178,0.48700644495507156
62b2476fc924f1a048bd412b|kw|1,62b2476fc924f1a048bd412b,kw,1,12.0,0.0,kw_market,4,4.0,0.30512008305287447,0.49150588058411565,0.20337403636300994
62b2476fc924f1a048bd412b|kw|1,62b2476fc924f1a048bd412b,kw,1,12.0,0.0,kw_market,4,6.0,0.43127190314802916,0.31659850682062646,0.25212959003134433
62b2476fc924f1a048bd412b|kw|1,62b2476fc924f1a048bd412b,kw,1,12.0,0.0,kw_market,4,8.0,0.2146263709225406,0.624013043819533,0.1613605852579263
62b2476fc924f1a048bd412b|kw|1,62b2476fc924f1a048bd412b,kw,1,12.0,0.0,kw_market,4,12.0,0.09100020587767214,0.8322011715625305,0.07679862255979754
62b2510090c080a481c2c8ef|lt|1,62b2510090c080a481c2c8ef,lt,1,10.0,0.16666666666666666,lt_market,2,4.0,0.5756275307869297,0.289175828122463,0.1351966410906073
62b2510090c080a481c2c8ef|lt|1,62b2510090c080a481c2c8ef,lt,1,10.0,0.16666666666666666,lt_market,2,6.0,0.6968924612271754,0.15954601824848022,0.14356152052434434
62b2510090c080a481c2c8ef|lt|1,62b2510090c080a481c2c8ef,lt,1,10.0,0.16666666666666666,lt_market,2,8.0,0.46048162042858715,0.41752779585571925,0.12199058371569356
62b2510090c080a481c2c8ef|lt|1,62b2510090c080a481c2c8ef,lt,1,10.0,0.16666666666666666,lt_market,2,12.0,0.24100030959831442,0.687331195008194,0.07166849539349159
62ba066a4093b931382ec48f|kw|1,62ba066a4093b931382ec48f,kw,1,12.0,0.0,kw_market,1,4.0,0.4210450142880932,0.4592488024107363,0.11970618330117044
62ba066a4093b931382ec48f|kw|1,62ba066a4093b931382ec48f,kw,1,12.0,0.0,kw_market,1,6.0,0.5725942893215868,0.2846205727639184,0.1427851379144948
62ba066a4093b931382ec48f|kw|1,62ba066a4093b931382ec48f,kw,1,12.0,0.0,kw_market,1,8.0,0.3040113498375792,0.598496978645627,0.0974916715167939
62ba066a4093b931382ec48f|kw|1,62ba066a4093b931382ec48f,kw,1,12.0,0.0,kw_market,1,12.0,0.13241151806855378,0.8199234200488826,0.047665061882563586
62cd6e8d0e466d05a4ca5dc4|lt|0,62cd6e8d0e466d05a4ca5dc4,lt,0,6.0,0.5,lt_control,4,4.0,0.6968665492495063,0.1911689023050412,0.11196454844545256
62cd6e8d0e466d05a4ca5dc4|lt|0,62cd6e8d0e466d05a4ca5dc4,lt,0,6.0,0.5,lt_control,4,6.0,0.7899277660422191,0.09875401929139141,0.11131821466638946
62cd6e8d0e466d05a4ca5dc4|lt|0,62cd6e8d0e466d05a4ca5dc4,lt,0,6.0,0.5,lt_control,4,8.0,0.5965315652298586,0.295361386949424,0.10810704782071744
62cd6e8d0e466d05a4ca5dc4|lt|0,62cd6e8d0e466d05a4ca5dc4,lt,0,6.0,0.5,lt_control,4,12.0,0.3622119022415662,0.5641029475043086,0.07368515025412525
62dcc5dc8fcf471ec987e7cf|lt|0,62dcc5dc8fcf471ec987e7cf,lt,0,4.5,0.625,lt_control,3,4.0,0.6395013160788713,0.2384759243015463,0.1220227596195825
62dcc5dc8fcf471ec987e7cf|lt|0,62dcc5dc8fcf471ec987e7cf,lt,0,4.5,0.625,lt_control,3,6.0,0.7477747132767695,0.12707895817734013,0.12514632854589033
62dcc5dc8fcf471ec987e7cf|lt|0,62dcc5dc8fcf471ec987e7cf,lt,0,4.5,0.625,lt_control,3,8.0,0.5295807226969695,0.35644122485060925,0.11397805245242122
62dcc5dc8fcf471ec987e7cf|lt|0,62dcc5dc8fcf471ec987e7cf,lt,0,4.5,0.625,lt_control,3,12.0,0.2977392236810803,0.6303288330170002,0.07193194330191957
62e301547b1843587f6b0827|lt|1,62e301547b1843587f6b0827,lt,1,10.0,0.16666666666666666,lt_market,2,4.0,0.5756275307869297,0.289175828122463,0.1351966410906073
62e301547b1843587f6b0827|lt|1,62e301547b1843587f6b0827,lt,1,10.0,0.16666666666666666,lt_market,2,6.0,0.6968924612271754,0.15954601824848022,0.14356152052434434
62e301547b1843587f6b0827|lt|1,62e301547b1843587f6b0827,lt,1,10.0,0.16666666666666666,lt_market,2,8.0,0.46048162042858715,0.41752779585571925,0.12199058371569356
62e301547b1843587f6b0827|lt|1,62e301547b1843587f6b0827,lt,1,10.0,0.16666666666666666,lt_market,2,12.0,0.24100030959831442,0.687331195008194,0.07166849539349159
62e3f19b60ada5ae7dfbc177|kw|1,62e3f19b60ada5ae7dfbc177,kw,1,12.0,0.0,kw_market,3,4.0,0.4284361208108569,0.09042112068811109,0.48114275850103194
62e3f19b60ada5ae7dfbc177|kw|1,62e3f19b60ada5ae7dfbc177,kw,1,12.0,0.0,kw_market,3,6.0,0.4804969207119871,0.046214066868999905,0.47328901241901306
62e3f19b60ada5ae7dfbc177|kw|1,62e3f19b60ada5ae7dfbc177,kw,1,12.0,0.0,kw_market,3,8.0,0.3776958008529271,0.14387277647113766,0.47843142267593525
62e3f19b60ada5ae7dfbc177|kw|1,62e3f19b60ada5ae7dfbc177,kw,1,12.0,0.0,kw_market,3,12.0,0.2762378541980891,0.3309748716279172,0.3927872741739936
62ea1958011121255c2af25b|lt|1,62ea1958011121255c2af25b,lt,1,8.0,0.3333333333333333,lt_market,3,4.0,0.4590211389134735,0.4416980374481885,0.09928082363833797
62ea1958011121255c2af25b|lt|1,62ea1958011121255c2af25b,lt,1,8.0,0.3333333333333333,lt_market,3,6.0,0.6141642285529435,0.2693252513060585,0.11651052014099801
62ea1958011121255c2af25b|lt|1,62ea1958011121255c2af25b,lt,1,8.0,0.3333333333333333,lt_market,3,8.0,0.3354866394421057,0.582667338095067,0.08184602246282723
62ea1958011121255c2af25b|lt|1,62ea1958011121255c2af25b,lt,1,8.0,0.3333333333333333,lt_market,3,12.0,0.14844011946848776,0.8109089658498542,0.04065091468165803
62ebdec52d1d02eb574af604|kw|1,62ebdec52d1d02eb574af604,kw,1,6.0,0.5,kw_market,4,4.0,0.39745569921070323,0.5203819764357419,0.08216232435355485
62ebdec52d1d02eb574af604|kw|1,62ebdec52d1d02eb574af604,kw,1,6.0,0.5,kw_market,4,6.0,0.5624350765876531,0.33558743207924396,0.10197749133310301
62ebdec52d1d02eb574af604|kw|1,62ebdec52d1d02eb574af604,kw,1,6.0,0.5,kw_market,4,8.0,0.2780641283585261,0.6570995126355871,0.064836359005887
62ebdec52d1d02eb574af604|kw|1,62ebdec52d1d02eb574af604,kw,1,6.0,0.5,kw_market,4,12.0,0.11501264967933003,0.8548839233422202,0.030103426978449522
62ed040473cc253bdb75b3bf|lt|1,62ed040473cc253bdb75b3bf,lt,1,8.5,0.2916666666666667,lt_market,4,4.0,0.6968665492495063,0.1911689023050412,0.11196454844545256
62ed040473cc253bdb75b3bf|lt|1,62ed040473cc253bdb75b3bf,lt,1,8.5,0.2916666666666667,lt_market,4,6.0,0.7899277660422191,0.09875401929139141,0.11131821466638946
62ed040473cc253bdb75b3bf|lt|1,62ed040473cc253bdb75b3bf,lt,1,8.5,0.2916666666666667,lt_market,4,8.0,0.5965315652298586,0.295361386949424,0.10810704782071744
62ed040473cc253bdb75b3bf|lt|1,62ed040473cc253bdb75b3bf,lt,1,8.5,0.2916666666666667,lt_market,4,12.0,0.3622119022415662,0.5641029475043086,0.07368515025412525
62fb7acaf60ed51dd71d3bfb|lt|1,62fb7acaf60ed51dd71d3bfb,lt,1,10.0,0.16666666666666666,lt_market,2,4.0,0.38443483688241825,0.5112332009704427,0.10433196214713904
62fb7acaf60ed51dd71d3bfb|lt|1,62fb7acaf60ed51dd71d3bfb,lt,1,10.0,0.16666666666666666,lt_market,2,6.0,0.5422791449338422,0.3286389162323282,0.1290819388338295
62fb7acaf60ed51dd71d3bfb|lt|1,62fb7acaf60ed51dd71d3bfb,lt,1,10.0,0.16666666666666666,lt_market,2,8.0,0.2698091650530893,0.6475982609343395,0.08259257401257118
62fb7acaf60ed51dd71d3bfb|lt|1,62fb7acaf60ed51dd71d3bfb,lt,1,10.0,0.16666666666666666,lt_market,2,12.0,0.11244509851904921,0.8489162900915855,0.038638611389365515
62fb93ed161d9d75987ec48e|lt|1,62fb93ed161d9d75987ec48e,lt,1,12.0,0.0,lt_market,1,4.0,0.4164008745007025,0.1338833199922762,0.44971580550702134
62fb93ed161d9d75987ec48e|lt|1,62fb93ed161d9d75987ec48e,lt,1,12.0,0.0,lt_market,1,6.0,0.4776011186675175,0.06998096845771834,0.45241791287476424
62fb93ed161d9d75987ec48e|lt|1,62fb93ed161d9d75987ec48e,lt,1,12.0,0.0,lt_market,1,8.0,0.35733260289200547,0.20736723865446208,0.4353001584535324
62fb93ed161d9d75987ec48e|lt|1,62fb93ed161d9d75987ec48e,lt,1,12.0,0.0,lt_market,1,12.0,0.23850463638782385,0.43535114386867885,0.3261442197434974
62fcc87b89f17c39f2bf27f7|kw|0,62fcc87b89f17c39f2bf27f7,kw,0,6.0,0.5,kw_control,2,4.0,0.6975282686655849,0.15944182314185928,0.1430299081925558
62fcc87b89f17c39f2bf27f7|kw|0,62fcc87b89f17c39f2bf27f7,kw,0,6.0,0.5,kw_control,2,6.0,0.7788037865880962,0.08112753225543877,0.140068681156465
62fcc87b89f17c39f2bf27f7|kw|0,62fcc87b89f17c39f2bf27f7,kw,0,6.0,0.5,kw_control,2,8.0,0.6083263304308875,0.2509745675975255,0.140699101971587
62fcc87b89f17c39f2bf27f7|kw|0,62fcc87b89f17c39f2bf27f7,kw,0,6.0,0.5,kw_control,2,12.0,0.3910358228744681,0.5074403610624462,0.10152381606308578
62fcd411235f5eb27a9c02c5|kw|1,62fcd411235f5eb27a9c02c5,kw,1,6.0,0.5,kw_market,2,4.0,0.5989695840322894,0.26119314438297425,0.13983727158473636
62fcd411235f5eb27a9c02c5|kw|1,62fcd411235f5eb27a9c02c5,kw,1,6.0,0.5,kw_market,2,6.0,0.7125060518382478,0.14159415774982745,0.14589979041192477
62fcd411235f5eb27a9c02c5|kw|1,62fcd411235f5eb27a9c02c5,kw,1,6.0,0.5,kw_market,2,8.0,0.4877102260064412,0.38385882309275593,0.1284309509008029
62fcd411235f5eb27a9c02c5|kw|1,62fcd411235f5eb27a9c02c5,kw,1,6.0,0.5,kw_market,2,12.0,0.26516575658838953,0.6564512305463766,0.07838301286523398
62fe13bf9032439ae4505fc0|lt|1,62fe13bf9032439ae4505fc0,lt,1,12.0,0.0,lt_market,3,4.0,0.3455891137054503,0.40374551005558407,0.2506653762389654
62fe13bf9032439ae4505fc0|lt|1,62fe13bf9032439ae4505fc0,lt,1,12.0,0.0,lt_market,3,6.0,0.4611281100867543,0.24550990722888932,0.2933619826843565
62fe13bf9032439ae4505fc0|lt|1,62fe13bf9032439ae4505fc0,lt,1,12.0,0.0,lt_market,3,8.0,0.25466269786824725,0.536989321144606,0.20834798098714666
62fe13bf9032439ae4505fc0|lt|1,62fe13bf9032439ae4505fc0,lt,1,12.0,0.0,lt_market,3,12.0,0.11694740971967063,0.775650868101121,0.10740172217920844
63039577b518c6981e54da62|kw|1,63039577b518c6981e54da62,kw,1,12.0,0.0,kw_market,1,4.0,0.6581622492398861,0.17242164747245606,0.16941610328765785
63039577b518c6981e54da62|kw|1,63039577b518c6981e54da62,kw,1,12.0,0.0,kw_market,1,6.0,0.7434064265380043,0.0887533808905588,0.16784019257143692
63039577b518c6981e54da62|kw|1,63039577b518c6981e54da62,kw,1,12.0,0.0,kw_market,1,8.0,0.5671570528192297,0.2681728579214787,0.16467008925929158
63039577b518c6981e54da62|kw|1,63039577b518c6981e54da62,kw,1,12.0,0.0,kw_market,1,12.0,0.3554699132209153,0.5286761196575392,0.11585396712154535
6303d61b4d70a5c93f583475|kw|1,6303d61b4d70a5c93f583475,kw,1,9.0,0.25,kw_market,1,4.0,0.4210450142880932,0.4592488024107363,0.11970618330117044
6303d61b4d70a5c93f583475|kw|1,6303d61b4d70a5c93f583475,kw,1,9.0,0.25,kw_market,1,6.0,0.5725942893215868,0.2846205727639184,0.1427851379144948
6303d61b4d70a5c93f583475|kw|1,6303d61b4d70a5c93f583475,kw,1,9.0,0.25,kw_market,1,8.0,0.3040113498375792,0.598496978645627,0.0974916715167939
6303d61b4d70a5c93f583475|kw|1,6303d61b4d70a5c93f583475,kw,1,9.0,0.25,kw_market,1,12.0,0.13241151806855378,0.8199234200488826,0.047665061882563586
6306d4da805f2e38a841c3ad|kw|0,6306d4da805f2e38a841c3ad,kw,0,6.0,0.5,kw_control,4,4.0,0.558660691924327,0.34065656275237055,0.10068274532330242
6306d4da805f2e38a841c3ad|kw|0,6306d4da805f2e38a841c3ad,kw,0,6.0,0.5,kw_control,4,6.0,0.6963986685899355,0.193520220348297,0.11008111106176757
6306d4da805f2e38a841c3ad|kw|0,6306d4da805f2e38a841c3ad,kw,0,6.0,0.5,kw_control,4,8.0,0.4340541290144629,0.47771095228569643,0.08823491869984058
6306d4da805f2e38a841c3ad|kw|0,6306d4da805f2e38a841c3ad,kw,0,6.0,0.5,kw_control,4,12.0,0.21322207286148814,0.7381231557018059,0.048654771436706115
631123376033bb148edc0ebb|lt|0,631123376033bb148edc0ebb,lt,0,8.0,0.3333333333333333,lt_control,2,4.0,0.6185155786191469,0.2373918127867721,0.14409260859408105
631123376033bb148edc0ebb|lt|0,631123376033bb148edc0ebb,lt,0,8.0,0.3333333333333333,lt_control,2,6.0,0.7250352311673262,0.12681597854877288,0.14814879028390096
631123376033bb148edc0ebb|lt|0,631123376033bb148edc0ebb,lt,0,8.0,0.3333333333333333,lt_control,2,8.0,0.5113758137677283,0.35424843396646,0.13437575226581164
631123376033bb148edc0ebb|lt|0,631123376033bb148edc0ebb,lt,0,8.0,0.3333333333333333,lt_control,2,12.0,0.28786099747473304,0.6272287312190534,0.08491027130621358
631123376033bb148edc0ebb|lt|1,631123376033bb148edc0ebb,lt,1,9.0,0.25,lt_market,3,4.0,0.26999555363670696,0.6623100889886537,0.06769435737463939
631123376033bb148edc0ebb|lt|1,631123376033bb148edc0ebb,lt,1,9.0,0.25,lt_market,3,6.0,0.4277501259663467,0.4781836000116963,0.09406627402195698
631123376033bb148edc0ebb|lt|1,631123376033bb148edc0ebb,lt,1,9.0,0.25,lt_market,3,8.0,0.17512238509158115,0.7753523069069855,0.04952530800143325
631123376033bb148edc0ebb|lt|1,631123376033bb148edc0ebb,lt,1,9.0,0.25,lt_market,3,12.0,0.06560104346562534,0.9135735759587145,0.020825380575660343
6312d110fc7b2e75f0e609a7|lt|1,6312d110fc7b2e75f0e609a7,lt,1,12.0,0.0,lt_market,3,4.0,0.43234754376667334,0.06939896566393823,0.4982534905693884
6312d110fc7b2e75f0e609a7|lt|1,6312d110fc7b2e75f0e609a7,lt,1,12.0,0.0,lt_market,3,6.0,0.47985771944036143,0.035102032171798275,0.4850402483878403
6312d110fc7b2e75f0e609a7|lt|1,6312d110fc7b2e75f0e609a7,lt,1,12.0,0.0,lt_market,3,8.0,0.38615892659902573,0.11187646659955094,0.5019646068014233
6312d110fc7b2e75f0e609a7|lt|1,6312d110fc7b2e75f0e609a7,lt,1,12.0,0.0,lt_market,3,12.0,0.2966976409522559,0.2703722520831331,0.43293010696461104
6313025a14dc3855afaf69d2|lt|1,6313025a14dc3855afaf69d2,lt,1,8.5,0.2916666666666667,lt_market,1,4.0,0.4210450142880932,0.4592488024107363,0.11970618330117044
6313025a14dc3855afaf69d2|lt|1,6313025a14dc3855afaf69d2,lt,1,8.5,0.2916666666666667,lt_market,1,6.0,0.5725942893215868,0.2846205727639184,0.1427851379144948
6313025a14dc3855afaf69d2|lt|1,6313025a14dc3855afaf69d2,lt,1,8.5,0.2916666666666667,lt_market,1,8.0,0.3040113498375792,0.598496978645627,0.0974916715167939
6313025a14dc3855afaf69d2|lt|1,6313025a14dc3855afaf69d2,lt,1,8.5,0.2916666666666667,lt_market,1,12.0,0.13241151806855378,0.8199234200488826,0.047665061882563586
6315fdca8c4637cea9f114cf|lt|1,6315fdca8c4637cea9f114cf,lt,1,8.0,0.3333333333333333,lt_market,4,4.0,0.4255669663865105,0.161775867593433,0.41265716602005653
6315fdca8c4637cea9f114cf|lt|1,6315fdca8c4637cea9f114cf,lt,1,8.0,0.3333333333333333,lt_market,4,6.0,0.4941372148923859,0.08560382366663097,0.4202589614409831
6315fdca8c4637cea9f114cf|lt|1,6315fdca8c4637cea9f114cf,lt,1,8.0,0.3333333333333333,lt_market,4,8.0,0.35973163239707334,0.2468181642258094,0.3934502033771172
6315fdca8c4637cea9f114cf|lt|1,6315fdca8c4637cea9f114cf,lt,1,8.0,0.3333333333333333,lt_market,4,12.0,0.22800569444991042,0.4920616803254352,0.27993262522465434
6318aed60b7ae5e0c899d3ee|lt|1,6318aed60b7ae5e0c899d3ee,lt,1,10.0,0.16666666666666666,lt_market,4,4.0,0.31424940888294783,0.2917364580751981,0.39401413304185406
6318aed60b7ae5e0c899d3ee|lt|1,6318aed60b7ae5e0c899d3ee,lt,1,10.0,0.16666666666666666,lt_market,4,6.0,0.3963847105520801,0.1676999385775982,0.43591535087032174
6318aed60b7ae5e0c899d3ee|lt|1,6318aed60b7ae5e0c899d3ee,lt,1,10.0,0.16666666666666666,lt_market,4,8.0,0.24450792300961605,0.4096961042651843,0.34579597272519963
6318aed60b7ae5e0c899d3ee|lt|1,6318aed60b7ae5e0c899d3ee,lt,1,10.0,0.16666666666666666,lt_market,4,12.0,0.1272597414883372,0.6707107958060275,0.20202946270563543
631a030ace0fd33c62501d10|lt|1,631a030ace0fd33c62501d10,lt,1,9.0,0.25,lt_market,3,4.0,0.3218465209456064,0.4549322943538711,0.2232211847005224
631a030ace0fd33c62501d10|lt|1,631a030ace0fd33c62501d10,lt,1,9.0,0.25,lt_market,3,6.0,0.44395327571588267,0.28597955479580506,0.2700671694883122
631a030ace0fd33c62501d10|lt|1,631a030ace0fd33c62501d10,lt,1,9.0,0.25,lt_market,3,8.0,0.23075816573732882,0.588718505992852,0.18052332826981912
631a030ace0fd33c62501d10|lt|1,631a030ace0fd33c62501d10,lt,1,9.0,0.25,lt_market,3,12.0,0.10098147746682877,0.8103407752495665,0.0886777472836049
631b32b0796f2941b55e7d58|lt|0,631b32b0796f2941b55e7d58,lt,0,6.0,0.5,lt_control,3,4.0,0.6395013160788713,0.2384759243015463,0.1220227596195825
631b32b0796f2941b55e7d58|lt|0,631b32b0796f2941b55e7d58,lt,0,6.0,0.5,lt_control,3,6.0,0.7477747132767695,0.12707895817734013,0.12514632854589033
631b32b0796f2941b55e7d58|lt|0,631b32b0796f2941b55e7d58,lt,0,6.0,0.5,lt_control,3,8.0,0.5295807226969695,0.35644122485060925,0.11397805245242122
631b32b0796f2941b55e7d58|lt|0,631b32b0796f2941b55e7d58,lt,0,6.0,0.5,lt_control,3,12.0,0.2977392236810803,0.6303288330170002,0.07193194330191957
6320a1395b4e05325c746101|lt|1,6320a1395b4e05325c746101,lt,1,10.0,0.16666666666666666,lt_market,2,4.0,0.3456508052931933,0.5637463174184143,0.09060287728839257
6320a1395b4e05325c746101|lt|1,6320a1395b4e05325c746101,lt,1,10.0,0.16666666666666666,lt_market,2,6.0,0.5067971867022574,0.37668654944871244,0.1165162638490302
6320a1395b4e05325c746101|lt|1,6320a1395b4e05325c746101,lt,1,10.0,0.16666666666666666,lt_market,2,8.0,0.23588262155434833,0.6943760803653167,0.06974129808033508
6320a1395b4e05325c746101|lt|1,6320a1395b4e05325c746101,lt,1,10.0,0.16666666666666666,lt_market,2,12.0,0.09441887754561487,0.8742446871402849,0.03133643531410031
63225dd98b2a68d9be44f266|lt|1,63225dd98b2a68d9be44f266,lt,1,8.0,0.3333333333333333,lt_market,3,4.0,0.33239020215456444,0.1822515361437325,0.48535826170170304
63225dd98b2a68d9be44f266|lt|1,63225dd98b2a68d9be44f266,lt,1,8.0,0.3333333333333333,lt_market,3,6.0,0.3951603224651593,0.0987406740680277,0.5060990034668131
63225dd98b2a68d9be44f266|lt|1,63225dd98b2a68d9be44f266,lt,1,8.0,0.3333333333333333,lt_market,3,8.0,0.2749764293160345,0.2721266738356639,0.45289689684830176
63225dd98b2a68d9be44f266|lt|1,63225dd98b2a68d9be44f266,lt,1,8.0,0.3333333333333333,lt_market,3,12.0,0.16773897407471852,0.5221376257114091,0.3101234002138723
63251e479509813fab713ad2|kw|1,63251e479509813fab713ad2,kw,1,4.0,0.6666666666666666,kw_market,2,4.0,0.5756275307869297,0.289175828122463,0.1351966410906073
63251e479509813fab713ad2|kw|1,63251e479509813fab713ad2,kw,1,4.0,0.6666666666666666,kw_market,2,6.0,0.6968924612271754,0.15954601824848022,0.14356152052434434
63251e479509813fab713ad2|kw|1,63251e479509813fab713ad2,kw,1,4.0,0.6666666666666666,kw_market,2,8.0,0.4604816204285871,0.41752779585571925,0.12199058371569356
63251e479509813fab713ad2|kw|1,63251e479509813fab713ad2,kw,1,4.0,0.6666666666666666,kw_market,2,12.0,0.24100030959831442,0.687331195008194,0.07166849539349161
6337875a4d0587706d8f2543|lt|1,6337875a4d0587706d8f2543,lt,1,12.0,0.0,lt_market,3,4.0,0.4959289698853199,0.2157097325400267,0.28836129757465334
6337875a4d0587706d8f2543|lt|1,6337875a4d0587706d8f2543,lt,1,12.0,0.0,lt_market,3,6.0,0.5854061991510751,0.11603990150499402,0.29855389934393095
6337875a4d0587706d8f2543|lt|1,6337875a4d0587706d8f2543,lt,1,12.0,0.0,lt_market,3,8.0,0.40968258412786235,0.3216254636765079,0.26869195219562964
6337875a4d0587706d8f2543|lt|1,6337875a4d0587706d8f2543,lt,1,12.0,0.0,lt_market,3,12.0,0.2377816618405523,0.5871602455543494,0.17505809260509833
633dbb46887d82536a9ee265|lt|1,633dbb46887d82536a9ee265,lt,1,12.0,0.0,lt_market,1,4.0,0.5123610570563009,0.3292019650012901,0.15843697794240902
633dbb46887d82536a9ee265|lt|1,633dbb46887d82536a9ee265,lt,1,12.0,0.0,lt_market,1,6.0,0.6393721759462824,0.18721464178974315,0.17341318226397448
633dbb46887d82536a9ee265|lt|1,633dbb46887d82536a9ee265,lt,1,12.0,0.0,lt_market,1,8.0,0.3986482609986703,0.4623052667384717,0.13904647226285796
633dbb46887d82536a9ee265|lt|1,633dbb46887d82536a9ee265,lt,1,12.0,0.0,lt_market,1,12.0,0.19844453675993695,0.7238581635006992,0.07769729973936387
634689122e997b8299adeda5|kw|1,634689122e997b8299adeda5,kw,1,9.0,0.25,kw_market,1,4.0,0.42742253806678665,0.11139198223746997,0.4611854796957434
634689122e997b8299adeda5|kw|1,634689122e997b8299adeda5,kw,1,9.0,0.25,kw_market,1,6.0,0.4842266969404945,0.05751021826820146,0.458263084791304
634689122e997b8299adeda5|kw|1,634689122e997b8299adeda5,kw,1,9.0,0.25,kw_market,1,8.0,0.3721028797663699,0.1750298843780177,0.45286723585561234
634689122e997b8299adeda5|kw|1,634689122e997b8299adeda5,kw,1,9.0,0.25,kw_market,1,12.0,0.26003054999247305,0.38472367418170433,0.35524577582582256
634689b708cc8c54b0ac8f9d|kw|1,634689b708cc8c54b0ac8f9d,kw,1,7.0,0.4166666666666667,kw_market,4,4.0,0.36015072619270194,0.058265909509683536,0.5815833642976144
634689b708cc8c54b0ac8f9d|kw|1,634689b708cc8c54b0ac8f9d,kw,1,7.0,0.4166666666666667,kw_market,4,6.0,0.40159126602600936,0.02960835415364955,0.5688003798203412
634689b708cc8c54b0ac8f9d|kw|1,634689b708cc8c54b0ac8f9d,kw,1,7.0,0.4166666666666667,kw_market,4,8.0,0.3211870652861514,0.09378663279450472,0.5850263019193439
634689b708cc8c54b0ac8f9d|kw|1,634689b708cc8c54b0ac8f9d,kw,1,7.0,0.4166666666666667,kw_market,4,12.0,0.25232883943511525,0.23175288490698162,0.5159182756579029
63468a615fe324360bedf63e|kw|0,63468a615fe324360bedf63e,kw,0,12.0,0.0,kw_control,3,4.0,0.6562393468547034,0.2190476107815082,0.12471304236378847
63468a615fe324360bedf63e|kw|0,63468a615fe324360bedf63e,kw,0,12.0,0.0,kw_control,3,6.0,0.758264060438182,0.1153443959489603,0.1263915436128578
63468a615fe324360bedf63e|kw|0,63468a615fe324360bedf63e,kw,0,12.0,0.0,kw_control,3,8.0,0.5504126348226516,0.3316021289999801,0.11798523617736828
63468a615fe324360bedf63e|kw|0,63468a615fe324360bedf63e,kw,0,12.0,0.0,kw_control,3,12.0,0.318918147754441,0.6043430206738475,0.07673883157171162
63468a615fe324360bedf63e|kw|1,63468a615fe324360bedf63e,kw,1,10.0,0.16666666666666666,kw_market,2,4.0,0.7109567691393482,0.1438766614557014,0.1451665694049503
63468a615fe324360bedf63e|kw|1,63468a615fe324360bedf63e,kw,1,10.0,0.16666666666666666,kw_market,2,6.0,0.7865873386490685,0.07254272782259659,0.14086993352833493
63468a615fe324360bedf63e|kw|1,63468a615fe324360bedf63e,kw,1,10.0,0.16666666666666666,kw_market,2,8.0,0.6267359714057945,0.22892037106876448,0.14434365752544095
63468a615fe324360bedf63e|kw|1,63468a615fe324360bedf63e,kw,1,10.0,0.16666666666666666,kw_market,2,12.0,0.41538405570604764,0.4772269972661056,0.10738894702784678
63469c570cfe46f801523b66|kw|1,63469c570cfe46f801523b66,kw,1,12.0,0.0,kw_market,3,4.0,0.3425055421528324,0.1597388017469014,0.49775565610026634
63469c570cfe46f801523b66|kw|1,63469c570cfe46f801523b66,kw,1,12.0,0.0,kw_market,3,6.0,0.4020573533991628,0.08545364676950185,0.5124889998313354
63469c570cfe46f801523b66|kw|1,63469c570cfe46f801523b66,kw,1,12.0,0.0,kw_market,3,8.0,0.2872739536484799,0.24181972992609174,0.4709063164254283
63469c570cfe46f801523b66|kw|1,63469c570cfe46f801523b66,kw,1,12.0,0.0,kw_market,3,12.0,0.1822228778434263,0.48247381020894325,0.3353033119476303
6346ab31c7d314a6aad343d5|kw|1,6346ab31c7d314a6aad343d5,kw,1,12.0,0.0,kw_market,3,4.0,0.3607416838296352,0.3747215571698277,0.26453675900053725
6346ab31c7d314a6aad343d5|kw|1,6346ab31c7d314a6aad343d5,kw,1,12.0,0.0,kw_market,3,6.0,0.4724625262860288,0.223655452568696,0.3038820211452751
6346ab31c7d314a6aad343d5|kw|1,6346ab31c7d314a6aad343d5,kw,1,12.0,0.0,kw_market,3,8.0,0.2701254169587165,0.5064428703681869,0.22343171267309658
6346ab31c7d314a6aad343d5|kw|1,6346ab31c7d314a6aad343d5,kw,1,12.0,0.0,kw_market,3,12.0,0.1277855165535889,0.7535672339371867,0.11864724950922446
6346e221d4cea480a1a39b52|kw|1,6346e221d4cea480a1a39b52,kw,1,11.0,0.08333333333333333,kw_market,3,4.0,0.6002800211594287,0.11123377397582496,0.2884862048647464
6346e221d4cea480a1a39b52|kw|1,6346e221d4cea480a1a39b52,kw,1,11.0,0.08333333333333333,kw_market,3,6.0,0.6640249266285222,0.056074697355138724,0.27990037601633905
6346e221d4cea480a1a39b52|kw|1,6346e221d4cea480a1a39b52,kw,1,11.0,0.08333333333333333,kw_market,3,8.0,0.5328984670886758,0.17822963407632536,0.2888718988349988
6346e221d4cea480a1a39b52|kw|1,6346e221d4cea480a1a39b52,kw,1,11.0,0.08333333333333333,kw_market,3,12.0,0.3758714953138093,0.39541232167975554,0.22871618300643523
634c48cd5280c359cf6f5721|kw|1,634c48cd5280c359cf6f5721,kw,1,12.0,0.0,kw_market,4,4.0,0.4448765755676009,0.3211223281330061,0.23400109629939306
634c48cd5280c359cf6f5721|kw|1,634c48cd5280c359cf6f5721,kw,1,12.0,0.0,kw_market,4,6.0,0.5585668067081484,0.18374090922058503,0.2576922840712665
634c48cd5280c359cf6f5721|kw|1,634c48cd5280c359cf6f5721,kw,1,12.0,0.0,kw_market,4,8.0,0.345290873950168,0.449851037104693,0.2048580889451391
634c48cd5280c359cf6f5721|kw|1,634c48cd5280c359cf6f5721,kw,1,12.0,0.0,kw_market,4,12.0,0.1734947540941563,0.7109602764015304,0.11554496950431344
634d72a4b1dc5f197ac4b8c6|lt|1,634d72a4b1dc5f197ac4b8c6,lt,1,8.0,0.3333333333333333,lt_market,3,4.0,0.26999555363670696,0.6623100889886537,0.06769435737463939
634d72a4b1dc5f197ac4b8c6|lt|1,634d72a4b1dc5f197ac4b8c6,lt,1,8.0,0.3333333333333333,lt_market,3,6.0,0.4277501259663467,0.4781836000116963,0.09406627402195698
634d72a4b1dc5f197ac4b8c6|lt|1,634d72a4b1dc5f197ac4b8c6,lt,1,8.0,0.3333333333333333,lt_market,3,8.0,0.17512238509158115,0.7753523069069855,0.04952530800143325
634d72a4b1dc5f197ac4b8c6|lt|1,634d72a4b1dc5f197ac4b8c6,lt,1,8.0,0.3333333333333333,lt_market,3,12.0,0.06560104346562534,0.9135735759587145,0.020825380575660343
63614f71fa75fcbcee84f2ac|lt|0,63614f71fa75fcbcee84f2ac,lt,0,6.0,0.5,lt_control,4,4.0,0.6968665492495063,0.1911689023050412,0.11196454844545256
63614f71fa75fcbcee84f2ac|lt|0,63614f71fa75fcbcee84f2ac,lt,0,6.0,0.5,lt_control,4,6.0,0.7899277660422191,0.09875401929139141,0.11131821466638946
63614f71fa75fcbcee84f2ac|lt|0,63614f71fa75fcbcee84f2ac,lt,0,6.0,0.5,lt_control,4,8.0,0.5965315652298586,0.295361386949424,0.10810704782071744
63614f71fa75fcbcee84f2ac|lt|0,63614f71fa75fcbcee84f2ac,lt,0,6.0,0.5,lt_control,4,12.0,0.3622119022415662,0.5641029475043086,0.07368515025412525
636419013bc521fae9f7db90|kw|0,636419013bc521fae9f7db90,kw,0,7.0,0.4166666666666667,kw_control,2,4.0,0.7504580933423489,0.09674504324378068,0.15279686341387036
636419013bc521fae9f7db90|kw|0,636419013bc521fae9f7db90,kw,0,7.0,0.4166666666666667,kw_control,2,6.0,0.808191510624039,0.04748061485650469,0.1443278745194563
636419013bc521fae9f7db90|kw|0,636419013bc521fae9f7db90,kw,0,7.0,0.4166666666666667,kw_control,2,8.0,0.6838384327024106,0.1591140183791623,0.15704754891842704
636419013bc521fae9f7db90|kw|0,636419013bc521fae9f7db90,kw,0,7.0,0.4166666666666667,kw_control,2,12.0,0.5025987454142434,0.367833857151942,0.12956739743381457
6367a6adb376bcde64f98559|kw|0,6367a6adb376bcde64f98559,kw,0,8.0,0.3333333333333333,kw_control,4,4.0,0.6968665492495063,0.1911689023050412,0.11196454844545256
6367a6adb376bcde64f98559|kw|0,6367a6adb376bcde64f98559,kw,0,8.0,0.3333333333333333,kw_control,4,6.0,0.7899277660422191,0.09875401929139141,0.11131821466638946
6367a6adb376bcde64f98559|kw|0,6367a6adb376bcde64f98559,kw,0,8.0,0.3333333333333333,kw_control,4,8.0,0.5965315652298586,0.295361386949424,0.10810704782071744
6367a6adb376bcde64f98559|kw|0,6367a6adb376bcde64f98559,kw,0,8.0,0.3333333333333333,kw_control,4,12.0,0.3622119022415662,0.5641029475043086,0.07368515025412525
6367e0db54b21863c92a66bc|kw|1,6367e0db54b21863c92a66bc,kw,1,8.0,0.3333333333333333,kw_market,3,4.0,0.3607416838296352,0.3747215571698275,0.2645367590005372
6367e0db54b21863c92a66bc|kw|1,6367e0db54b21863c92a66bc,kw,1,8.0,0.3333333333333333,kw_market,3,6.0,0.4724625262860289,0.223655452568696,0.3038820211452751
6367e0db54b21863c92a66bc|kw|1,6367e0db54b21863c92a66bc,kw,1,8.0,0.3333333333333333,kw_market,3,8.0,0.27012541695871656,0.5064428703681868,0.22343171267309653
6367e0db54b21863c92a66bc|kw|1,6367e0db54b21863c92a66bc,kw,1,8.0,0.3333333333333333,kw_market,3,12.0,0.12778551655358897,0.7535672339371867,0.11864724950922446
63792c65e92e706fdb44c08a|kw|1,63792c65e92e706fdb44c08a,kw,1,12.0,0.0,kw_market,4,4.0,0.5713387704405489,0.1792504806010861,0.24941074895836493
63792c65e92e706fdb44c08a|kw|1,63792c65e92e706fdb44c08a,kw,1,12.0,0.0,kw_market,4,6.0,0.6553668294832129,0.0937024317775948,0.2509307387391923
63792c65e92e706fdb44c08a|kw|1,63792c65e92e706fdb44c08a,kw,1,12.0,0.0,kw_market,4,8.0,0.48575366787007584,0.2750650314776108,0.23918130065231333
63792c65e92e706fdb44c08a|kw|1,63792c65e92e706fdb44c08a,kw,1,12.0,0.0,kw_market,4,12.0,0.2999535607534114,0.5342551021496968,0.1657913370968915
63792c65e92e706fdb44c08a|lt|0,63792c65e92e706fdb44c08a,lt,0,6.0,0.5,lt_control,4,4.0,0.558660691924327,0.34065656275237055,0.10068274532330242
63792c65e92e706fdb44c08a|lt|0,63792c65e92e706fdb44c08a,lt,0,6.0,0.5,lt_control,4,6.0,0.6963986685899355,0.193520220348297,0.11008111106176757
63792c65e92e706fdb44c08a|lt|0,63792c65e92e706fdb44c08a,lt,0,6.0,0.5,lt_control,4,8.0,0.4340541290144629,0.47771095228569643,0.08823491869984058
63792c65e92e706fdb44c08a|lt|0,63792c65e92e706fdb44c08a,lt,0,6.0,0.5,lt_control,4,12.0,0.21322207286148814,0.7381231557018059,0.048654771436706115
6384704a7b906e6298d5087f|kw|1,6384704a7b906e6298d5087f,kw,1,12.0,0.0,kw_market,3,4.0,0.4590211389134735,0.4416980374481885,0.09928082363833797
6384704a7b906e6298d5087f|kw|1,6384704a7b906e6298d5087f,kw,1,12.0,0.0,kw_market,3,6.0,0.6141642285529435,0.2693252513060585,0.11651052014099801
6384704a7b906e6298d5087f|kw|1,6384704a7b906e6298d5087f,kw,1,12.0,0.0,kw_market,3,8.0,0.3354866394421057,0.582667338095067,0.08184602246282723
6384704a7b906e6298d5087f|kw|1,6384704a7b906e6298d5087f,kw,1,12.0,0.0,kw_market,3,12.0,0.14844011946848776,0.8109089658498542,0.04065091468165803
6385176faa1fd90c21cd7cb0|kw|1,6385176faa1fd90c21cd7cb0,kw,1,5.0,0.5833333333333334,kw_market,2,4.0,0.28530922261081354,0.6417271893674397,0.0729635880217467
6385176faa1fd90c21cd7cb0|kw|1,6385176faa1fd90c21cd7cb0,kw,1,5.0,0.5833333333333334,kw_market,2,6.0,0.44457692113887853,0.45570240053246003,0.09972067832866136
6385176faa1fd90c21cd7cb0|kw|1,6385176faa1fd90c21cd7cb0,kw,1,5.0,0.5833333333333334,kw_market,2,8.0,0.1869824977281415,0.7590812218889743,0.053936280382884144
6385176faa1fd90c21cd7cb0|kw|1,6385176faa1fd90c21cd7cb0,kw,1,5.0,0.5833333333333334,kw_market,2,12.0,0.0709573666192849,0.9060666449866888,0.022975988394026307
6392360efb6e254ffd31e722|kw|0,6392360efb6e254ffd31e722,kw,0,12.0,0.0,kw_control,2,4.0,0.6975282686655849,0.15944182314185928,0.1430299081925558
6392360efb6e254ffd31e722|kw|0,6392360efb6e254ffd31e722,kw,0,12.0,0.0,kw_control,2,6.0,0.7788037865880962,0.08112753225543877,0.140068681156465
6392360efb6e254ffd31e722|kw|0,6392360efb6e254ffd31e722,kw,0,12.0,0.0,kw_control,2,8.0,0.6083263304308875,0.2509745675975255,0.140699101971587
6392360efb6e254ffd31e722|kw|0,6392360efb6e254ffd31e722,kw,0,12.0,0.0,kw_control,2,12.0,0.3910358228744681,0.5074403610624462,0.10152381606308578
6392360efb6e254ffd31e722|lt|1,6392360efb6e254ffd31e722,lt,1,10.0,0.16666666666666666,lt_market,3,4.0,0.6105873887929046,0.08844908194233575,0.3009635292647596
6392360efb6e254ffd31e722|lt|1,6392360efb6e254ffd31e722,lt,1,10.0,0.16666666666666666,lt_market,3,6.0,0.6674034736675774,0.04405890859053267,0.2885376177418901
6392360efb6e254ffd31e722|lt|1,6392360efb6e254ffd31e722,lt,1,10.0,0.16666666666666666,lt_market,3,8.0,0.550227127617679,0.14386003419033044,0.3059128381919906
6392360efb6e254ffd31e722|lt|1,6392360efb6e254ffd31e722,lt,1,10.0,0.16666666666666666,lt_market,3,12.0,0.4087506524873526,0.33614912260120056,0.25510022491144685
63b0888e6716ff9bc2cda151|kw|1,63b0888e6716ff9bc2cda151,kw,1,11.0,0.08333333333333333,kw_market,2,4.0,0.5540620565391182,0.3209888729371529,0.12494907052372897
63b0888e6716ff9bc2cda151|kw|1,63b0888e6716ff9bc2cda151,kw,1,11.0,0.08333333333333333,kw_market,2,6.0,0.6840811066067651,0.1806088123316006,0.1353100810616343
63b0888e6716ff9bc2cda151|kw|1,63b0888e6716ff9bc2cda151,kw,1,11.0,0.08333333333333333,kw_market,2,8.0,0.4347799671951012,0.4546254614983863,0.11059457130651253
63b0888e6716ff9bc2cda151|kw|1,63b0888e6716ff9bc2cda151,kw,1,11.0,0.08333333333333333,kw_market,2,12.0,0.21860295238195115,0.7189780220073018,0.06241902561074718
63b5eb0ec316229203f1ddae|lt|1,63b5eb0ec316229203f1ddae,lt,1,12.0,0.0,lt_market,1,4.0,0.4217863885520073,0.08362403817848542,0.4945895732695073
63b5eb0ec316229203f1ddae|lt|1,63b5eb0ec316229203f1ddae,lt,1,12.0,0.0,lt_market,1,6.0,0.4719557437340868,0.042642202044685724,0.4854020542212275
63b5eb0ec316229203f1ddae|lt|1,63b5eb0ec316229203f1ddae,lt,1,12.0,0.0,lt_market,1,8.0,0.3730670680706269,0.13349904239715915,0.49343388953221384
63b5eb0ec316229203f1ddae|lt|1,63b5eb0ec316229203f1ddae,lt,1,12.0,0.0,lt_market,1,12.0,0.27698876136268313,0.3117659971355975,0.41124524150171937
63b6ffb02943686f4f354741|kw|0,63b6ffb02943686f4f354741,kw,0,6.0,0.5,kw_control,3,4.0,0.7469537774739156,0.1260492290024411,0.12699699352364338
63b6ffb02943686f4f354741|kw|0,63b6ffb02943686f4f354741,kw,0,6.0,0.5,kw_control,3,6.0,0.8156423500109986,0.06272577061652274,0.12163187937247864
63b6ffb02943686f4f354741|kw|0,63b6ffb02943686f4f354741,kw,0,6.0,0.5,kw_control,3,8.0,0.6682918351132063,0.2035472700851669,0.12816089480162682
63b6ffb02943686f4f354741|kw|0,63b6ffb02943686f4f354741,kw,0,6.0,0.5,kw_control,3,12.0,0.46013164729019995,0.44081523307752585,0.09905311963227426
63b7566ea98814782bc51d9b|kw|0,63b7566ea98814782bc51d9b,kw,0,8.5,0.2916666666666667,kw_control,3,4.0,0.7469537774739156,0.1260492290024411,0.12699699352364338
63b7566ea98814782bc51d9b|kw|0,63b7566ea98814782bc51d9b,kw,0,8.5,0.2916666666666667,kw_control,3,6.0,0.8156423500109986,0.06272577061652274,0.12163187937247864
63b7566ea98814782bc51d9b|kw|0,63b7566ea98814782bc51d9b,kw,0,8.5,0.2916666666666667,kw_control,3,8.0,0.6682918351132063,0.2035472700851669,0.12816089480162682
63b7566ea98814782bc51d9b|kw|0,63b7566ea98814782bc51d9b,kw,0,8.5,0.2916666666666667,kw_control,3,12.0,0.46013164729019995,0.44081523307752585,0.09905311963227426
63bc41d60e8e60fdcb423208|lt|1,63bc41d60e8e60fdcb423208,lt,1,8.0,0.3333333333333333,lt_market,2,4.0,0.3846561524265451,0.30953332151104007,0.30581052606241477
63bc41d60e8e60fdcb423208|lt|1,63bc41d60e8e60fdcb423208,lt,1,8.0,0.3333333333333333,lt_market,2,6.0,0.4844884264315207,0.17767155543020136,0.3378400181382779
63bc41d60e8e60fdcb423208|lt|1,63bc41d60e8e60fdcb423208,lt,1,8.0,0.3333333333333333,lt_market,2,8.0,0.2985832444922142,0.4336634485082547,0.26775330699953115
63bc41d60e8e60fdcb423208|lt|1,63bc41d60e8e60fdcb423208,lt,1,8.0,0.3333333333333333,lt_market,2,12.0,0.15209109795457512,0.6948107730121381,0.15309812903328676
63bc87f783afb5aed2c937d2|lt|0,63bc87f783afb5aed2c937d2,lt,0,6.0,0.5,lt_control,4,4.0,0.558660691924327,0.34065656275237055,0.10068274532330242
63bc87f783afb5aed2c937d2|lt|0,63bc87f783afb5aed2c937d2,lt,0,6.0,0.5,lt_control,4,6.0,0.6963986685899355,0.193520220348297,0.11008111106176757
63bc87f783afb5aed2c937d2|lt|0,63bc87f783afb5aed2c937d2,lt,0,6.0,0.5,lt_control,4,8.0,0.4340541290144629,0.47771095228569643,0.08823491869984058
63bc87f783afb5aed2c937d2|lt|0,63bc87f783afb5aed2c937d2,lt,0,6.0,0.5,lt_control,4,12.0,0.21322207286148814,0.7381231557018059,0.048654771436706115
63bd81465a7246c0da98e4bd|lt|1,63bd81465a7246c0da98e4bd,lt,1,9.0,0.25,lt_market,4,4.0,0.44487657556760063,0.3211223281330064,0.23400109629939295
63bd81465a7246c0da98e4bd|lt|1,63bd81465a7246c0da98e4bd,lt,1,9.0,0.25,lt_market,4,6.0,0.5585668067081483,0.18374090922058522,0.2576922840712665
63bd81465a7246c0da98e4bd|lt|1,63bd81465a7246c0da98e4bd,lt,1,9.0,0.25,lt_market,4,8.0,0.34529087395016766,0.4498510371046932,0.20485808894513893
63bd81465a7246c0da98e4bd|lt|1,63bd81465a7246c0da98e4bd,lt,1,9.0,0.25,lt_market,4,12.0,0.17349475409415616,0.7109602764015306,0.11554496950431334
63c15473935ae0d7279b094f|kw|0,63c15473935ae0d7279b094f,kw,0,8.5,0.2916666666666667,kw_control,4,4.0,0.6968665492495063,0.1911689023050412,0.11196454844545256
63c15473935ae0d7279b094f|kw|0,63c15473935ae0d7279b094f,kw,0,8.5,0.2916666666666667,kw_control,4,6.0,0.7899277660422191,0.09875401929139141,0.11131821466638946
63c15473935ae0d7279b094f|kw|0,63c15473935ae0d7279b094f,kw,0,8.5,0.2916666666666667,kw_control,4,8.0,0.5965315652298586,0.295361386949424,0.10810704782071744
63c15473935ae0d7279b094f|kw|0,63c15473935ae0d7279b094f,kw,0,8.5,0.2916666666666667,kw_control,4,12.0,0.3622119022415662,0.5641029475043086,0.07368515025412525
63ced9adadc38e1acc2b58b6|kw|1,63ced9adadc38e1acc2b58b6,kw,1,10.5,0.125,kw_market,2,4.0,0.5216322268585453,0.13010043627550544,0.3482673368659492
63ced9adadc38e1acc2b58b6|kw|1,63ced9adadc38e1acc2b58b6,kw,1,10.5,0.125,kw_market,2,6.0,0.5884931168473997,0.06688912248401906,0.34461776066858146
63ced9adadc38e1acc2b58b6|kw|1,63ced9adadc38e1acc2b58b6,kw,1,10.5,0.125,kw_market,2,8.0,0.4538781110691194,0.20431781632457052,0.34180407260631
63ced9adadc38e1acc2b58b6|kw|1,63ced9adadc38e1acc2b58b6,kw,1,10.5,0.125,kw_market,2,12.0,0.30662824007680883,0.4341647022578046,0.2592070576653867
63cee143ef1cb49bc4d101db|lt|0,63cee143ef1cb49bc4d101db,lt,0,7.5,0.375,lt_control,1,4.0,0.4554467860866765,0.4126105785648386,0.1319426353484848
63cee143ef1cb49bc4d101db|lt|0,63cee143ef1cb49bc4d101db,lt,0,7.5,0.375,lt_control,1,6.0,0.599896467930663,0.2476730737552811,0.1524304583140559
63cee143ef1cb49bc4d101db|lt|0,63cee143ef1cb49bc4d101db,lt,0,7.5,0.375,lt_control,1,8.0,0.33762022394749114,0.5520568860680827,0.11032288998442608
63cee143ef1cb49bc4d101db|lt|0,63cee143ef1cb49bc4d101db,lt,0,7.5,0.375,lt_control,1,12.0,0.1536104876465857,0.7900445981566485,0.05634491419676593
63cfefc43323e05d2a6f554b|lt|0,63cfefc43323e05d2a6f554b,lt,0,4.0,0.6666666666666666,lt_control,3,4.0,0.670222753270922,0.20380802704253617,0.1259692196865419
63cfefc43323e05d2a6f554b|lt|0,63cfefc43323e05d2a6f554b,lt,0,4.0,0.6666666666666666,lt_control,3,6.0,0.7672053225872183,0.10631963990956535,0.12647503750321637
63cfefc43323e05d2a6f554b|lt|0,63cfefc43323e05d2a6f554b,lt,0,4.0,0.6666666666666666,lt_control,3,8.0,0.5679072378959134,0.31169668420843766,0.12039607789564899
63cfefc43323e05d2a6f554b|lt|0,63cfefc43323e05d2a6f554b,lt,0,4.0,0.6666666666666666,lt_control,3,12.0,0.3373443250665337,0.5823761078395135,0.08027956709395266
63cfefc43323e05d2a6f554b|lt|1,63cfefc43323e05d2a6f554b,lt,1,9.0,0.25,lt_market,3,4.0,0.3239002487850496,0.5933346396193347,0.08276511159561566
63cfefc43323e05d2a6f554b|lt|1,63cfefc43323e05d2a6f554b,lt,1,9.0,0.25,lt_market,3,6.0,0.48568851081654213,0.4054581410635315,0.10885334811992634
63cfefc43323e05d2a6f554b|lt|1,63cfefc43323e05d2a6f554b,lt,1,9.0,0.25,lt_market,3,8.0,0.21765096625395278,0.7196174449727221,0.06273158877332513
63cfefc43323e05d2a6f554b|lt|1,63cfefc43323e05d2a6f554b,lt,1,9.0,0.25,lt_market,3,12.0,0.0853014417748287,0.8871004866461348,0.027598071579036283
63d5438c43c3c41d0ffd96c0|kw|1,63d5438c43c3c41d0ffd96c0,kw,1,12.0,0.0,kw_market,3,4.0,0.47225605318282066,0.26422601891311437,0.2635179279040651
63d5438c43c3c41d0ffd96c0|kw|1,63d5438c43c3c41d0ffd96c0,kw,1,12.0,0.0,kw_market,3,6.0,0.5732650362771026,0.14616832674075464,0.2805666369821428
63d5438c43c3c41d0ffd96c0|kw|1,63d5438c43c3c41d0ffd96c0,kw,1,12.0,0.0,kw_market,3,8.0,0.3788985000162343,0.38262522268399063,0.23847627729977514
63d5438c43c3c41d0ffd96c0|kw|1,63d5438c43c3c41d0ffd96c0,kw,1,12.0,0.0,kw_market,3,12.0,0.20479866175889722,0.6505088151678474,0.14469252307325525
63d5438c43c3c41d0ffd96c0|lt|0,63d5438c43c3c41d0ffd96c0,lt,0,12.0,0.0,lt_control,1,4.0,0.4217863885520073,0.08362403817848542,0.4945895732695073
63d5438c43c3c41d0ffd96c0|lt|0,63d5438c43c3c41d0ffd96c0,lt,0,12.0,0.0,lt_control,1,6.0,0.4719557437340868,0.042642202044685724,0.4854020542212275
63d5438c43c3c41d0ffd96c0|lt|0,63d5438c43c3c41d0ffd96c0,lt,0,12.0,0.0,lt_control,1,8.0,0.3730670680706269,0.13349904239715915,0.49343388953221384
63d5438c43c3c41d0ffd96c0|lt|0,63d5438c43c3c41d0ffd96c0,lt,0,12.0,0.0,lt_control,1,12.0,0.27698876136268313,0.3117659971355975,0.41124524150171937
63d546d88ccf3a038620bb8c|lt|0,63d546d88ccf3a038620bb8c,lt,0,8.0,0.3333333333333333,lt_control,4,4.0,0.571338770440549,0.17925048060108617,0.24941074895836488
63d546d88ccf3a038620bb8c|lt|0,63d546d88ccf3a038620bb8c,lt,0,8.0,0.3333333333333333,lt_control,4,6.0,0.6553668294832129,0.0937024317775948,0.25093073873919225
63d546d88ccf3a038620bb8c|lt|0,63d546d88ccf3a038620bb8c,lt,0,8.0,0.3333333333333333,lt_control,4,8.0,0.48575366787007584,0.2750650314776108,0.23918130065231333
63d546d88ccf3a038620bb8c|lt|0,63d546d88ccf3a038620bb8c,lt,0,8.0,0.3333333333333333,lt_control,4,12.0,0.29995356075341145,0.5342551021496972,0.1657913370968915
63d7cc044d54f16580fa7005|kw|1,63d7cc044d54f16580fa7005,kw,1,12.0,0.0,kw_market,2,4.0,0.5483283547842654,0.08253657462294847,0.3691350705927861
63d7cc044d54f16580fa7005|kw|1,63d7cc044d54f16580fa7005,kw,1,12.0,0.0,kw_market,2,6.0,0.6027510056242855,0.04134694752832732,0.35590204684738724
63d7cc044d54f16580fa7005|kw|1,63d7cc044d54f16580fa7005,kw,1,12.0,0.0,kw_market,2,8.0,0.49236418435572293,0.13376572627928912,0.37387008936498795
63d7cc044d54f16580fa7005|kw|1,63d7cc044d54f16580fa7005,kw,1,12.0,0.0,kw_market,2,12.0,0.3694238027271852,0.3156884078678759,0.31488778940493883
63d7eca29f0291aff53b003e|lt|0,63d7eca29f0291aff53b003e,lt,0,8.0,0.3333333333333333,lt_control,1,4.0,0.5123610570563009,0.3292019650012901,0.15843697794240902
63d7eca29f0291aff53b003e|lt|0,63d7eca29f0291aff53b003e,lt,0,8.0,0.3333333333333333,lt_control,1,6.0,0.6393721759462824,0.18721464178974315,0.17341318226397448
63d7eca29f0291aff53b003e|lt|0,63d7eca29f0291aff53b003e,lt,0,8.0,0.3333333333333333,lt_control,1,8.0,0.3986482609986703,0.4623052667384717,0.13904647226285796
63d7eca29f0291aff53b003e|lt|0,63d7eca29f0291aff53b003e,lt,0,8.0,0.3333333333333333,lt_control,1,12.0,0.19844453675993695,0.7238581635006992,0.07769729973936387
63dd6ec1452ed58051cfa62a|kw|0,63dd6ec1452ed58051cfa62a,kw,0,6.0,0.5,kw_control,2,4.0,0.7109567691393482,0.1438766614557014,0.1451665694049503
63dd6ec1452ed58051cfa62a|kw|0,63dd6ec1452ed58051cfa62a,kw,0,6.0,0.5,kw_control,2,6.0,0.7865873386490685,0.07254272782259659,0.14086993352833493
63dd6ec1452ed58051cfa62a|kw|0,63dd6ec1452ed58051cfa62a,kw,0,6.0,0.5,kw_control,2,8.0,0.6267359714057945,0.22892037106876448,0.14434365752544095
63dd6ec1452ed58051cfa62a|kw|0,63dd6ec1452ed58051cfa62a,kw,0,6.0,0.5,kw_control,2,12.0,0.41538405570604764,0.4772269972661056,0.10738894702784678
63deeebc2822414d8f9e5958|kw|1,63deeebc2822414d8f9e5958,kw,1,6.5,0.4583333333333333,kw_market,2,4.0,0.7109567691393482,0.1438766614557014,0.1451665694049503
63deeebc2822414d8f9e5958|kw|1,63deeebc2822414d8f9e5958,kw,1,6.5,0.4583333333333333,kw_market,2,6.0,0.7865873386490685,0.07254272782259659,0.14086993352833493
63deeebc2822414d8f9e5958|kw|1,63deeebc2822414d8f9e5958,kw,1,6.5,0.4583333333333333,kw_market,2,8.0,0.6267359714057945,0.22892037106876448,0.14434365752544095
63deeebc2822414d8f9e5958|kw|1,63deeebc2822414d8f9e5958,kw,1,6.5,0.4583333333333333,kw_market,2,12.0,0.41538405570604764,0.4772269972661056,0.10738894702784678
63e51bd9b573cd46809e1d56|kw|1,63e51bd9b573cd46809e1d56,kw,1,7.0,0.4166666666666667,kw_market,4,4.0,0.5151051505452523,0.07039878187562157,0.41449606757912616
63e51bd9b573cd46809e1d56|kw|1,63e51bd9b573cd46809e1d56,kw,1,7.0,0.4166666666666667,kw_market,4,6.0,0.5655891103243015,0.03522654612652285,0.39918434354917576
63e51bd9b573cd46809e1d56|kw|1,63e51bd9b573cd46809e1d56,kw,1,7.0,0.4166666666666667,kw_market,4,8.0,0.4641848139915373,0.11450193911646846,0.4213132468919943
63e51bd9b573cd46809e1d56|kw|1,63e51bd9b573cd46809e1d56,kw,1,7.0,0.4166666666666667,kw_market,4,12.0,0.35781551229774383,0.2776236375456086,0.36456085015664746
63e63f77c742a91baf498dd0|kw|1,63e63f77c742a91baf498dd0,kw,1,11.5,0.041666666666666664,kw_market,4,4.0,0.30512008305287447,0.49150588058411543,0.2033740363630101
63e63f77c742a91baf498dd0|kw|1,63e63f77c742a91baf498dd0,kw,1,11.5,0.041666666666666664,kw_market,4,6.0,0.4312719031480291,0.3165985068206263,0.2521295900313445
63e63f77c742a91baf498dd0|kw|1,63e63f77c742a91baf498dd0,kw,1,11.5,0.041666666666666664,kw_market,4,8.0,0.21462637092254067,0.6240130438195329,0.16136058525792643
63e63f77c742a91baf498dd0|kw|1,63e63f77c742a91baf498dd0,kw,1,11.5,0.041666666666666664,kw_market,4,12.0,0.09100020587767214,0.83220117156253,0.07679862255979761
63e69728da28e991114aad46|lt|1,63e69728da28e991114aad46,lt,1,10.0,0.16666666666666666,lt_market,2,4.0,0.32054736603081363,0.08353495488897296,0.5959176790802134
63e69728da28e991114aad46|lt|1,63e69728da28e991114aad46,lt,1,10.0,0.16666666666666666,lt_market,2,6.0,0.3637235117598354,0.04319636258952675,0.5930801256506377
63e69728da28e991114aad46|lt|1,63e69728da28e991114aad46,lt,1,10.0,0.16666666666666666,lt_market,2,8.0,0.28032506469249974,0.1318531841623393,0.587821751145161
63e69728da28e991114aad46|lt|1,63e69728da28e991114aad46,lt,1,10.0,0.16666666666666666,lt_market,2,12.0,0.20689705542291073,0.3060964996220178,0.48700644495507156
63ea42db4a818f990ef95828|lt|1,63ea42db4a818f990ef95828,lt,1,10.0,0.16666666666666666,lt_market,4,4.0,0.30512008305287447,0.49150588058411565,0.20337403636300994
63ea42db4a818f990ef95828|lt|1,63ea42db4a818f990ef95828,lt,1,10.0,0.16666666666666666,lt_market,4,6.0,0.43127190314802916,0.31659850682062646,0.25212959003134433
63ea42db4a818f990ef95828|lt|1,63ea42db4a818f990ef95828,lt,1,10.0,0.16666666666666666,lt_market,4,8.0,0.2146263709225406,0.624013043819533,0.1613605852579263
63ea42db4a818f990ef95828|lt|1,63ea42db4a818f990ef95828,lt,1,10.0,0.16666666666666666,lt_market,4,12.0,0.09100020587767214,0.8322011715625305,0.07679862255979754
63ea4301f63c1d26f0ff83e9|lt|0,63ea4301f63c1d26f0ff83e9,lt,0,4.0,0.6666666666666666,lt_control,4,4.0,0.696866549249506,0.19116890230504152,0.1119645484454525
63ea4301f63c1d26f0ff83e9|lt|0,63ea4301f63c1d26f0ff83e9,lt,0,4.0,0.6666666666666666,lt_control,4,6.0,0.789927766042219,0.09875401929139162,0.1113182146663894
63ea4301f63c1d26f0ff83e9|lt|0,63ea4301f63c1d26f0ff83e9,lt,0,4.0,0.6666666666666666,lt_control,4,8.0,0.5965315652298582,0.2953613869494245,0.10810704782071738
63ea4301f63c1d26f0ff83e9|lt|0,63ea4301f63c1d26f0ff83e9,lt,0,4.0,0.6666666666666666,lt_control,4,12.0,0.36221190224156563,0.5641029475043091,0.07368515025412516
63ea43c4b693d4bd0ef6378d|kw|1,63ea43c4b693d4bd0ef6378d,kw,1,12.0,0.0,kw_market,4,4.0,0.23885324505544323,0.7032627233521233,0.05788403159243351
63ea43c4b693d4bd0ef6378d|kw|1,63ea43c4b693d4bd0ef6378d,kw,1,12.0,0.0,kw_market,4,6.0,0.3914886842868674,0.5252976262956702,0.08321368941746228
63ea43c4b693d4bd0ef6378d|kw|1,63ea43c4b693d4bd0ef6378d,kw,1,12.0,0.0,kw_market,4,8.0,0.15180118674477575,0.806704129730041,0.04149468352518311
63ea43c4b693d4bd0ef6378d|kw|1,63ea43c4b693d4bd0ef6378d,kw,1,12.0,0.0,kw_market,4,12.0,0.055487266258220855,0.9274869428138329,0.017025790927946243
63ea46ac57c552d3b4ff83bc|kw|1,63ea46ac57c552d3b4ff83bc,kw,1,12.0,0.0,kw_market,3,4.0,0.34250554215283224,0.1597388017469014,0.49775565610026634
63ea46ac57c552d3b4ff83bc|kw|1,63ea46ac57c552d3b4ff83bc,kw,1,12.0,0.0,kw_market,3,6.0,0.4020573533991627,0.08545364676950185,0.5124889998313354
63ea46ac57c552d3b4ff83bc|kw|1,63ea46ac57c552d3b4ff83bc,kw,1,12.0,0.0,kw_market,3,8.0,0.28727395364847985,0.2418197299260918,0.4709063164254284
63ea46ac57c552d3b4ff83bc|kw|1,63ea46ac57c552d3b4ff83bc,kw,1,12.0,0.0,kw_market,3,12.0,0.18222287784342625,0.4824738102089433,0.33530331194763047
63ea5b93d1c6d38e1f57dcfa|kw|0,63ea5b93d1c6d38e1f57dcfa,kw,0,6.0,0.5,kw_control,4,4.0,0.6968665492495063,0.1911689023050412,0.11196454844545256
63ea5b93d1c6d38e1f57dcfa|kw|0,63ea5b93d1c6d38e1f57dcfa,kw,0,6.0,0.5,kw_control,4,6.0,0.7899277660422191,0.09875401929139141,0.11131821466638946
63ea5b93d1c6d38e1f57dcfa|kw|0,63ea5b93d1c6d38e1f57dcfa,kw,0,6.0,0.5,kw_control,4,8.0,0.5965315652298586,0.295361386949424,0.10810704782071744
63ea5b93d1c6d38e1f57dcfa|kw|0,63ea5b93d1c6d38e1f57dcfa,kw,0,6.0,0.5,kw_control,4,12.0,0.3622119022415662,0.5641029475043086,0.07368515025412525
63ea5f39871e9fdef021a53d|kw|1,63ea5f39871e9fdef021a53d,kw,1,12.0,0.0,kw_market,1,4.0,0.698798224432229,0.11406147889155789,0.18714029667621307
63ea5f39871e9fdef021a53d|kw|1,63ea5f39871e9fdef021a53d,kw,1,12.0,0.0,kw_market,1,6.0,0.7637816584613157,0.056814109370394335,0.17940423216829
63ea5f39871e9fdef021a53d|kw|1,63ea5f39871e9fdef021a53d,kw,1,12.0,0.0,kw_market,1,8.0,0.6263022562449089,0.18451167141005792,0.18918607234503312
63ea5f39871e9fdef021a53d|kw|1,63ea5f39871e9fdef021a53d,kw,1,12.0,0.0,kw_market,1,12.0,0.4413591113573683,0.4089849486994945,0.14965593994313725
63ea6344bf5cfafd40b0dce2|lt|0,63ea6344bf5cfafd40b0dce2,lt,0,6.0,0.5,lt_control,4,4.0,0.696866549249506,0.19116890230504152,0.1119645484454525
63ea6344bf5cfafd40b0dce2|lt|0,63ea6344bf5cfafd40b0dce2,lt,0,6.0,0.5,lt_control,4,6.0,0.789927766042219,0.09875401929139162,0.1113182146663894
63ea6344bf5cfafd40b0dce2|lt|0,63ea6344bf5cfafd40b0dce2,lt,0,6.0,0.5,lt_control,4,8.0,0.5965315652298582,0.2953613869494245,0.10810704782071738
63ea6344bf5cfafd40b0dce2|lt|0,63ea6344bf5cfafd40b0dce2,lt,0,6.0,0.5,lt_control,4,12.0,0.36221190224156563,0.5641029475043091,0.07368515025412516
63ea8aff233fcaa71a940e32|lt|1,63ea8aff233fcaa71a940e32,lt,1,7.0,0.4166666666666667,lt_market,3,4.0,0.3425055421528324,0.1597388017469014,0.49775565610026634
63ea8aff233fcaa71a940e32|lt|1,63ea8aff233fcaa71a940e32,lt,1,7.0,0.4166666666666667,lt_market,3,6.0,0.4020573533991628,0.08545364676950185,0.5124889998313354
63ea8aff233fcaa71a940e32|lt|1,63ea8aff233fcaa71a940e32,lt,1,7.0,0.4166666666666667,lt_market,3,8.0,0.2872739536484799,0.24181972992609174,0.4709063164254283
63ea8aff233fcaa71a940e32|lt|1,63ea8aff233fcaa71a940e32,lt,1,7.0,0.4166666666666667,lt_market,3,12.0,0.1822228778434263,0.48247381020894325,0.3353033119476303
63eba3f11d699385d1d4075d|kw|0,63eba3f11d699385d1d4075d,kw,0,10.0,0.16666666666666666,kw_control,4,4.0,0.6968665492495061,0.191168902305041,0.11196454844545285
63eba3f11d699385d1d4075d|kw|0,63eba3f11d699385d1d4075d,kw,0,10.0,0.16666666666666666,kw_control,4,6.0,0.789927766042219,0.09875401929139131,0.1113182146663897
63eba3f11d699385d1d4075d|kw|0,63eba3f11d699385d1d4075d,kw,0,10.0,0.16666666666666666,kw_control,4,8.0,0.5965315652298585,0.29536138694942377,0.10810704782071771
63eba3f11d699385d1d4075d|kw|0,63eba3f11d699385d1d4075d,kw,0,10.0,0.16666666666666666,kw_control,4,12.0,0.3622119022415662,0.5641029475043082,0.07368515025412546
63ecfe7a1e5faf247a255ac2|kw|0,63ecfe7a1e5faf247a255ac2,kw,0,6.0,0.5,kw_control,3,4.0,0.7469537774739156,0.1260492290024411,0.12699699352364338
63ecfe7a1e5faf247a255ac2|kw|0,63ecfe7a1e5faf247a255ac2,kw,0,6.0,0.5,kw_control,3,6.0,0.8156423500109986,0.06272577061652274,0.12163187937247864
63ecfe7a1e5faf247a255ac2|kw|0,63ecfe7a1e5faf247a255ac2,kw,0,6.0,0.5,kw_control,3,8.0,0.6682918351132063,0.2035472700851669,0.12816089480162682
63ecfe7a1e5faf247a255ac2|kw|0,63ecfe7a1e5faf247a255ac2,kw,0,6.0,0.5,kw_control,3,12.0,0.46013164729019995,0.44081523307752585,0.09905311963227426
63eda5a4a87d8bd73853fa8e|lt|1,63eda5a4a87d8bd73853fa8e,lt,1,10.0,0.16666666666666666,lt_market,2,4.0,0.4001417668548717,0.28052799471561857,0.3193302384295097
63eda5a4a87d8bd73853fa8e|lt|1,63eda5a4a87d8bd73853fa8e,lt,1,10.0,0.16666666666666666,lt_market,2,6.0,0.4951831160102514,0.15820781143504398,0.34660907255470474
63eda5a4a87d8bd73853fa8e|lt|1,63eda5a4a87d8bd73853fa8e,lt,1,10.0,0.16666666666666666,lt_market,2,8.0,0.3159044117831512,0.39973361783917033,0.28436197037767835
63eda5a4a87d8bd73853fa8e|lt|1,63eda5a4a87d8bd73853fa8e,lt,1,10.0,0.16666666666666666,lt_market,2,12.0,0.16693066077214383,0.6643951567638166,0.16867418246403978
63f7797962ef60aa14774fa3|kw|1,63f7797962ef60aa14774fa3,kw,1,10.0,0.16666666666666666,kw_market,2,4.0,0.31880406408175854,0.08976745742525209,0.5914284784929894
63f7797962ef60aa14774fa3|kw|1,63f7797962ef60aa14774fa3,kw,1,10.0,0.16666666666666666,kw_market,2,6.0,0.3629151004120382,0.046569318972583075,0.5905155806153788
63f7797962ef60aa14774fa3|kw|1,63f7797962ef60aa14774fa3,kw,1,10.0,0.16666666666666666,kw_market,2,8.0,0.27772163656973553,0.14114238519940644,0.581135978230858
63f7797962ef60aa14774fa3|kw|1,63f7797962ef60aa14774fa3,kw,1,10.0,0.16666666666666666,kw_market,2,12.0,0.20212475310371755,0.3231041984604672,0.4747710484358151
63f78c9346da47f7f8f3aef9|kw|1,63f78c9346da47f7f8f3aef9,kw,1,6.0,0.5,kw_market,4,4.0,0.7967830643922639,0.0863610139892806,0.11685592161845557
63f78c9346da47f7f8f3aef9|kw|1,63f78c9346da47f7f8f3aef9,kw,1,6.0,0.5,kw_market,4,6.0,0.8488753979574292,0.04192966165494564,0.10919494038762523
63f78c9346da47f7f8f3aef9|kw|1,63f78c9346da47f7f8f3aef9,kw,1,6.0,0.5,kw_market,4,8.0,0.734725594349773,0.14373266181188782,0.12154174383833914
63f78c9346da47f7f8f3aef9|kw|1,63f78c9346da47f7f8f3aef9,kw,1,6.0,0.5,kw_market,4,12.0,0.5552408647390824,0.3416544516522735,0.10310468360864405
63f78c9346da47f7f8f3aef9|lt|0,63f78c9346da47f7f8f3aef9,lt,0,6.0,0.5,lt_control,3,4.0,0.6395013160788713,0.2384759243015463,0.1220227596195825
63f78c9346da47f7f8f3aef9|lt|0,63f78c9346da47f7f8f3aef9,lt,0,6.0,0.5,lt_control,3,6.0,0.7477747132767695,0.12707895817734013,0.12514632854589033
63f78c9346da47f7f8f3aef9|lt|0,63f78c9346da47f7f8f3aef9,lt,0,6.0,0.5,lt_control,3,8.0,0.5295807226969695,0.35644122485060925,0.11397805245242122
63f78c9346da47f7f8f3aef9|lt|0,63f78c9346da47f7f8f3aef9,lt,0,6.0,0.5,lt_control,3,12.0,0.2977392236810803,0.6303288330170002,0.07193194330191957
63f9c81dc81ca7c373e0a7c0|lt|1,63f9c81dc81ca7c373e0a7c0,lt,1,10.5,0.125,lt_market,2,4.0,0.28530922261081354,0.6417271893674397,0.0729635880217467
63f9c81dc81ca7c373e0a7c0|lt|1,63f9c81dc81ca7c373e0a7c0,lt,1,10.5,0.125,lt_market,2,6.0,0.44457692113887853,0.45570240053246003,0.09972067832866136
63f9c81dc81ca7c373e0a7c0|lt|1,63f9c81dc81ca7c373e0a7c0,lt,1,10.5,0.125,lt_market,2,8.0,0.1869824977281415,0.7590812218889743,0.053936280382884144
63f9c81dc81ca7c373e0a7c0|lt|1,63f9c81dc81ca7c373e0a7c0,lt,1,10.5,0.125,lt_market,2,12.0,0.0709573666192849,0.9060666449866888,0.022975988394026307
6401c41ef621f07e133979e9|kw|0,6401c41ef621f07e133979e9,kw,0,12.0,0.0,kw_control,4,4.0,0.7967830643922639,0.0863610139892806,0.11685592161845557
6401c41ef621f07e133979e9|kw|0,6401c41ef621f07e133979e9,kw,0,12.0,0.0,kw_control,4,6.0,0.8488753979574292,0.04192966165494564,0.10919494038762523
6401c41ef621f07e133979e9|kw|0,6401c41ef621f07e133979e9,kw,0,12.0,0.0,kw_control,4,8.0,0.734725594349773,0.14373266181188782,0.12154174383833914
6401c41ef621f07e133979e9|kw|0,6401c41ef621f07e133979e9,kw,0,12.0,0.0,kw_control,4,12.0,0.5552408647390824,0.3416544516522735,0.10310468360864405
640349ae900739316aca0f9f|kw|1,640349ae900739316aca0f9f,kw,1,6.5,0.4583333333333333,kw_market,1,4.0,0.6734327212875193,0.15353827029016942,0.17302900842231125
640349ae900739316aca0f9f|kw|1,640349ae900739316aca0f9f,kw,1,6.5,0.4583333333333333,kw_market,1,6.0,0.7522986011249835,0.07816502230134571,0.16953637657367082
640349ae900739316aca0f9f|kw|1,640349ae900739316aca0f9f,kw,1,6.5,0.4583333333333333,kw_market,1,8.0,0.58778040607822,0.2418745615684373,0.1703450323533426
640349ae900739316aca0f9f|kw|1,640349ae900739316aca0f9f,kw,1,6.5,0.4583333333333333,kw_market,1,12.0,0.381727992428549,0.4940881762836564,0.1241838312877946
6404f184dffe93798dca0f5f|kw|0,6404f184dffe93798dca0f5f,kw,0,6.0,0.5,kw_control,3,4.0,0.6562393468547034,0.2190476107815082,0.12471304236378847
6404f184dffe93798dca0f5f|kw|0,6404f184dffe93798dca0f5f,kw,0,6.0,0.5,kw_control,3,6.0,0.758264060438182,0.1153443959489603,0.1263915436128578
6404f184dffe93798dca0f5f|kw|0,6404f184dffe93798dca0f5f,kw,0,6.0,0.5,kw_control,3,8.0,0.5504126348226516,0.3316021289999801,0.11798523617736828
6404f184dffe93798dca0f5f|kw|0,6404f184dffe93798dca0f5f,kw,0,6.0,0.5,kw_control,3,12.0,0.318918147754441,0.6043430206738475,0.07673883157171162
6413599d52dc6500b2430165|kw|0,6413599d52dc6500b2430165,kw,0,6.0,0.5,kw_control,4,4.0,0.6968665492495063,0.1911689023050412,0.11196454844545256
6413599d52dc6500b2430165|kw|0,6413599d52dc6500b2430165,kw,0,6.0,0.5,kw_control,4,6.0,0.7899277660422191,0.09875401929139141,0.11131821466638946
6413599d52dc6500b2430165|kw|0,6413599d52dc6500b2430165,kw,0,6.0,0.5,kw_control,4,8.0,0.5965315652298586,0.295361386949424,0.10810704782071744
6413599d52dc6500b2430165|kw|0,6413599d52dc6500b2430165,kw,0,6.0,0.5,kw_control,4,12.0,0.3622119022415662,0.5641029475043086,0.07368515025412525
6413dd7eadc09e71fa198000|lt|0,6413dd7eadc09e71fa198000,lt,0,4.0,0.6666666666666666,lt_control,4,4.0,0.558660691924327,0.34065656275237055,0.10068274532330242
6413dd7eadc09e71fa198000|lt|0,6413dd7eadc09e71fa198000,lt,0,4.0,0.6666666666666666,lt_control,4,6.0,0.6963986685899355,0.193520220348297,0.11008111106176757
6413dd7eadc09e71fa198000|lt|0,6413dd7eadc09e71fa198000,lt,0,4.0,0.6666666666666666,lt_control,4,8.0,0.4340541290144629,0.47771095228569643,0.08823491869984058
6413dd7eadc09e71fa198000|lt|0,6413dd7eadc09e71fa198000,lt,0,4.0,0.6666666666666666,lt_control,4,12.0,0.21322207286148814,0.7381231557018059,0.048654771436706115
641640ace28d2bb30c45c595|kw|0,641640ace28d2bb30c45c595,kw,0,6.0,0.5,kw_control,4,4.0,0.6968665492495063,0.1911689023050412,0.11196454844545256
641640ace28d2bb30c45c595|kw|0,641640ace28d2bb30c45c595,kw,0,6.0,0.5,kw_control,4,6.0,0.7899277660422191,0.09875401929139141,0.11131821466638946
641640ace28d2bb30c45c595|kw|0,641640ace28d2bb30c45c595,kw,0,6.0,0.5,kw_control,4,8.0,0.5965315652298586,0.295361386949424,0.10810704782071744
641640ace28d2bb30c45c595|kw|0,641640ace28d2bb30c45c595,kw,0,6.0,0.5,kw_control,4,12.0,0.3622119022415662,0.5641029475043086,0.07368515025412525
641868f023b03518217272df|lt|1,641868f023b03518217272df,lt,1,11.0,0.08333333333333333,lt_market,2,4.0,0.4186420981110019,0.22355194670006417,0.35780595518893393
641868f023b03518217272df|lt|1,641868f023b03518217272df,lt,1,11.0,0.08333333333333333,lt_market,2,6.0,0.5017581668474069,0.12210396883660302,0.37613786431598994
641868f023b03518217272df|lt|1,641868f023b03518217272df,lt,1,11.0,0.08333333333333333,lt_market,2,8.0,0.34154857015306145,0.3291854950932395,0.32926593475369903
641868f023b03518217272df|lt|1,641868f023b03518217272df,lt,1,11.0,0.08333333333333333,lt_market,2,12.0,0.1955530923847956,0.5928274017779639,0.21161950583724054
6419cfe35db47397bee1b0e1|lt|0,6419cfe35db47397bee1b0e1,lt,0,6.0,0.5,lt_control,4,4.0,0.6968665492495063,0.1911689023050412,0.11196454844545256
6419cfe35db47397bee1b0e1|lt|0,6419cfe35db47397bee1b0e1,lt,0,6.0,0.5,lt_control,4,6.0,0.7899277660422191,0.09875401929139141,0.11131821466638946
6419cfe35db47397bee1b0e1|lt|0,6419cfe35db47397bee1b0e1,lt,0,6.0,0.5,lt_control,4,8.0,0.5965315652298586,0.295361386949424,0.10810704782071744
6419cfe35db47397bee1b0e1|lt|0,6419cfe35db47397bee1b0e1,lt,0,6.0,0.5,lt_control,4,12.0,0.3622119022415662,0.5641029475043086,0.07368515025412525
642ef01a04c9f327767cde23|lt|0,642ef01a04c9f327767cde23,lt,0,8.0,0.3333333333333333,lt_control,3,4.0,0.6395013160788713,0.2384759243015463,0.1220227596195825
642ef01a04c9f327767cde23|lt|0,642ef01a04c9f327767cde23,lt,0,8.0,0.3333333333333333,lt_control,3,6.0,0.7477747132767695,0.12707895817734013,0.12514632854589033
642ef01a04c9f327767cde23|lt|0,642ef01a04c9f327767cde23,lt,0,8.0,0.3333333333333333,lt_control,3,8.0,0.5295807226969695,0.35644122485060925,0.11397805245242122
642ef01a04c9f327767cde23|lt|0,642ef01a04c9f327767cde23,lt,0,8.0,0.3333333333333333,lt_control,3,12.0,0.2977392236810803,0.6303288330170002,0.07193194330191957
642ef01a04c9f327767cde23|lt|1,642ef01a04c9f327767cde23,lt,1,10.0,0.16666666666666666,lt_market,2,4.0,0.28530922261081354,0.6417271893674397,0.0729635880217467
642ef01a04c9f327767cde23|lt|1,642ef01a04c9f327767cde23,lt,1,10.0,0.16666666666666666,lt_market,2,6.0,0.44457692113887853,0.45570240053246003,0.09972067832866136
642ef01a04c9f327767cde23|lt|1,642ef01a04c9f327767cde23,lt,1,10.0,0.16666666666666666,lt_market,2,8.0,0.1869824977281415,0.7590812218889743,0.053936280382884144
642ef01a04c9f327767cde23|lt|1,642ef01a04c9f327767cde23,lt,1,10.0,0.16666666666666666,lt_market,2,12.0,0.0709573666192849,0.9060666449866888,0.022975988394026307
6431c58ce5be91cd5c2c5d8f|lt|0,6431c58ce5be91cd5c2c5d8f,lt,0,6.0,0.5,lt_control,2,4.0,0.5255683979794321,0.35565857059282496,0.11877303142774291
6431c58ce5be91cd5c2c5d8f|lt|0,6431c58ce5be91cd5c2c5d8f,lt,0,6.0,0.5,lt_control,2,6.0,0.6637428754568033,0.20469332478596133,0.13156379975723528
6431c58ce5be91cd5c2c5d8f|lt|0,6431c58ce5be91cd5c2c5d8f,lt,0,6.0,0.5,lt_control,2,8.0,0.4038280448819776,0.4932341893478761,0.1029377657701462
6431c58ce5be91cd5c2c5d8f|lt|0,6431c58ce5be91cd5c2c5d8f,lt,0,6.0,0.5,lt_control,2,12.0,0.1950110791552276,0.7491889175313321,0.05580000331344025
64337cc5c12109dc730de8c6|kw|0,64337cc5c12109dc730de8c6,kw,0,9.0,0.25,kw_control,4,4.0,0.558660691924327,0.34065656275237055,0.10068274532330242
64337cc5c12109dc730de8c6|kw|0,64337cc5c12109dc730de8c6,kw,0,9.0,0.25,kw_control,4,6.0,0.6963986685899355,0.193520220348297,0.11008111106176757
64337cc5c12109dc730de8c6|kw|0,64337cc5c12109dc730de8c6,kw,0,9.0,0.25,kw_control,4,8.0,0.4340541290144629,0.47771095228569643,0.08823491869984058
64337cc5c12109dc730de8c6|kw|0,64337cc5c12109dc730de8c6,kw,0,9.0,0.25,kw_control,4,12.0,0.21322207286148814,0.7381231557018059,0.048654771436706115
64337cc5c12109dc730de8c6|kw|1,64337cc5c12109dc730de8c6,kw,1,9.0,0.25,kw_market,3,4.0,0.4959289698853197,0.21570973254002695,0.28836129757465334
64337cc5c12109dc730de8c6|kw|1,64337cc5c12109dc730de8c6,kw,1,9.0,0.25,kw_market,3,6.0,0.585406199151075,0.11603990150499417,0.298553899343931
64337cc5c12109dc730de8c6|kw|1,64337cc5c12109dc730de8c6,kw,1,9.0,0.25,kw_market,3,8.0,0.4096825841278621,0.32162546367650824,0.26869195219562964
64337cc5c12109dc730de8c6|kw|1,64337cc5c12109dc730de8c6,kw,1,9.0,0.25,kw_market,3,12.0,0.23778166184055208,0.5871602455543499,0.17505809260509828
643b6eed100835cd04b81bd5|lt|0,643b6eed100835cd04b81bd5,lt,0,6.0,0.5,lt_control,2,4.0,0.5255683979794321,0.35565857059282496,0.11877303142774291
643b6eed100835cd04b81bd5|lt|0,643b6eed100835cd04b81bd5,lt,0,6.0,0.5,lt_control,2,6.0,0.6637428754568033,0.20469332478596133,0.13156379975723528
643b6eed100835cd04b81bd5|lt|0,643b6eed100835cd04b81bd5,lt,0,6.0,0.5,lt_control,2,8.0,0.4038280448819776,0.4932341893478761,0.1029377657701462
643b6eed100835cd04b81bd5|lt|0,643b6eed100835cd04b81bd5,lt,0,6.0,0.5,lt_control,2,12.0,0.1950110791552276,0.7491889175313321,0.05580000331344025
643c8b9e084ad254bf9a0645|lt|1,643c8b9e084ad254bf9a0645,lt,1,6.0,0.5,lt_market,4,4.0,0.36015072619270194,0.058265909509683536,0.5815833642976144
643c8b9e084ad254bf9a0645|lt|1,643c8b9e084ad254bf9a0645,lt,1,6.0,0.5,lt_market,4,6.0,0.40159126602600936,0.02960835415364955,0.5688003798203412
643c8b9e084ad254bf9a0645|lt|1,643c8b9e084ad254bf9a0645,lt,1,6.0,0.5,lt_market,4,8.0,0.3211870652861514,0.09378663279450472,0.5850263019193439
643c8b9e084ad254bf9a0645|lt|1,643c8b9e084ad254bf9a0645,lt,1,6.0,0.5,lt_market,4,12.0,0.25232883943511525,0.23175288490698162,0.5159182756579029
644012a89ef81bc3c9412c6e|lt|1,644012a89ef81bc3c9412c6e,lt,1,12.0,0.0,lt_market,2,4.0,0.5423559676102524,0.08727164721805189,0.3703723851716957
644012a89ef81bc3c9412c6e|lt|1,644012a89ef81bc3c9412c6e,lt,1,12.0,0.0,lt_market,2,6.0,0.5979798772411721,0.043850554789339774,0.35816956796948823
644012a89ef81bc3c9412c6e|lt|1,644012a89ef81bc3c9412c6e,lt,1,12.0,0.0,lt_market,2,8.0,0.4852716475767551,0.14093742400417322,0.37379092841907163
644012a89ef81bc3c9412c6e|lt|1,644012a89ef81bc3c9412c6e,lt,1,12.0,0.0,lt_market,2,12.0,0.35994948159736345,0.32882007655342066,0.31123044184921594
64403633e042e91beabe9645|lt|1,64403633e042e91beabe9645,lt,1,12.0,0.0,lt_market,3,4.0,0.3607416838296352,0.3747215571698275,0.2645367590005372
64403633e042e91beabe9645|lt|1,64403633e042e91beabe9645,lt,1,12.0,0.0,lt_market,3,6.0,0.4724625262860289,0.223655452568696,0.3038820211452751
64403633e042e91beabe9645|lt|1,64403633e042e91beabe9645,lt,1,12.0,0.0,lt_market,3,8.0,0.27012541695871656,0.5064428703681868,0.22343171267309658
64403633e042e91beabe9645|lt|1,64403633e042e91beabe9645,lt,1,12.0,0.0,lt_market,3,12.0,0.1277855165535889,0.7535672339371864,0.11864724950922446
64412176f816c39534d16bf0|kw|1,64412176f816c39534d16bf0,kw,1,9.5,0.20833333333333334,kw_market,2,4.0,0.32416932750857796,0.07951030600103152,0.5963203664903906
64412176f816c39534d16bf0|kw|1,64412176f816c39534d16bf0,kw,1,9.5,0.20833333333333334,kw_market,2,6.0,0.3669418758799028,0.04101555138062484,0.5920425727394726
64412176f816c39534d16bf0|kw|1,64412176f816c39534d16bf0,kw,1,9.5,0.20833333333333334,kw_market,2,8.0,0.28428509760949333,0.12585146065735328,0.5898634417331534
64412176f816c39534d16bf0|kw|1,64412176f816c39534d16bf0,kw,1,9.5,0.20833333333333334,kw_market,2,12.0,0.21179344097151592,0.29491172182525827,0.49329483720322587
64413c375a0ded04a4e99a3f|lt|1,64413c375a0ded04a4e99a3f,lt,1,11.0,0.08333333333333333,lt_market,1,4.0,0.5123610570563009,0.3292019650012901,0.15843697794240902
64413c375a0ded04a4e99a3f|lt|1,64413c375a0ded04a4e99a3f,lt,1,11.0,0.08333333333333333,lt_market,1,6.0,0.6393721759462824,0.18721464178974315,0.17341318226397448
64413c375a0ded04a4e99a3f|lt|1,64413c375a0ded04a4e99a3f,lt,1,11.0,0.08333333333333333,lt_market,1,8.0,0.3986482609986703,0.4623052667384717,0.13904647226285796
64413c375a0ded04a4e99a3f|lt|1,64413c375a0ded04a4e99a3f,lt,1,11.0,0.08333333333333333,lt_market,1,12.0,0.19844453675993695,0.7238581635006992,0.07769729973936387
644289697a8b924fa0b34c10|kw|1,644289697a8b924fa0b34c10,kw,1,7.0,0.4166666666666667,kw_market,1,4.0,0.3745517417286762,0.521140484011414,0.1043077742599098
644289697a8b924fa0b34c10|kw|1,644289697a8b924fa0b34c10,kw,1,7.0,0.4166666666666667,kw_market,1,6.0,0.5323854420233631,0.33757395731151846,0.13004060066511847
644289697a8b924fa0b34c10|kw|1,644289697a8b924fa0b34c10,kw,1,7.0,0.4166666666666667,kw_market,1,8.0,0.2614104209299195,0.6564755394581193,0.08211403961196126
644289697a8b924fa0b34c10|kw|1,644289697a8b924fa0b34c10,kw,1,7.0,0.4166666666666667,kw_market,1,12.0,0.1080895607938679,0.853797279803595,0.03811315940253712
6446b4a6eb2ba64c1505307d|lt|1,6446b4a6eb2ba64c1505307d,lt,1,7.5,0.375,lt_market,2,4.0,0.4186420981110019,0.22355194670006417,0.35780595518893393
6446b4a6eb2ba64c1505307d|lt|1,6446b4a6eb2ba64c1505307d,lt,1,7.5,0.375,lt_market,2,6.0,0.5017581668474069,0.12210396883660302,0.37613786431598994
6446b4a6eb2ba64c1505307d|lt|1,6446b4a6eb2ba64c1505307d,lt,1,7.5,0.375,lt_market,2,8.0,0.34154857015306145,0.3291854950932395,0.32926593475369903
6446b4a6eb2ba64c1505307d|lt|1,6446b4a6eb2ba64c1505307d,lt,1,7.5,0.375,lt_market,2,12.0,0.1955530923847956,0.5928274017779639,0.21161950583724054
6447b565df936347833ab73d|kw|1,6447b565df936347833ab73d,kw,1,6.0,0.5,kw_market,3,4.0,0.600280021159429,0.11123377397582437,0.28848620486474674
6447b565df936347833ab73d|kw|1,6447b565df936347833ab73d,kw,1,6.0,0.5,kw_market,3,6.0,0.6640249266285224,0.056074697355138425,0.2799003760163392
6447b565df936347833ab73d|kw|1,6447b565df936347833ab73d,kw,1,6.0,0.5,kw_market,3,8.0,0.5328984670886764,0.17822963407632447,0.28887189883499914
6447b565df936347833ab73d|kw|1,6447b565df936347833ab73d,kw,1,6.0,0.5,kw_market,3,12.0,0.3758714953138101,0.39541232167975404,0.22871618300643584
64480f31061b43c4562401ce|kw|1,64480f31061b43c4562401ce,kw,1,3.0,0.75,kw_market,1,4.0,0.4164008745007025,0.1338833199922762,0.44971580550702134
64480f31061b43c4562401ce|kw|1,64480f31061b43c4562401ce,kw,1,3.0,0.75,kw_market,1,6.0,0.4776011186675175,0.06998096845771834,0.45241791287476424
64480f31061b43c4562401ce|kw|1,64480f31061b43c4562401ce,kw,1,3.0,0.75,kw_market,1,8.0,0.35733260289200547,0.20736723865446208,0.4353001584535324
64480f31061b43c4562401ce|kw|1,64480f31061b43c4562401ce,kw,1,3.0,0.75,kw_market,1,12.0,0.23850463638782385,0.43535114386867885,0.3261442197434974
6448f68c3ba5a3f969d1e90d|lt|1,6448f68c3ba5a3f969d1e90d,lt,1,10.0,0.16666666666666666,lt_market,3,4.0,0.49592896988531987,0.2157097325400267,0.28836129757465334
6448f68c3ba5a3f969d1e90d|lt|1,6448f68c3ba5a3f969d1e90d,lt,1,10.0,0.16666666666666666,lt_market,3,6.0,0.585406199151075,0.11603990150499402,0.29855389934393095
6448f68c3ba5a3f969d1e90d|lt|1,6448f68c3ba5a3f969d1e90d,lt,1,10.0,0.16666666666666666,lt_market,3,8.0,0.40968258412786235,0.321625463676508,0.26869195219562964
6448f68c3ba5a3f969d1e90d|lt|1,6448f68c3ba5a3f969d1e90d,lt,1,10.0,0.16666666666666666,lt_market,3,12.0,0.2377816618405523,0.5871602455543495,0.17505809260509833
644af3263650e8dd9d942487|kw|1,644af3263650e8dd9d942487,kw,1,12.0,0.0,kw_market,3,4.0,0.4283799035268655,0.07267636948256997,0.4989437269905645
644af3263650e8dd9d942487|kw|1,644af3263650e8dd9d942487,kw,1,12.0,0.0,kw_market,3,6.0,0.47644221863678976,0.036836142675003965,0.48672163868820634
644af3263650e8dd9d942487|kw|1,644af3263650e8dd9d942487,kw,1,12.0,0.0,kw_market,3,8.0,0.3816857395201221,0.11687529794008232,0.5014389625397956
644af3263650e8dd9d942487|kw|1,644af3263650e8dd9d942487,kw,1,12.0,0.0,kw_market,3,12.0,0.2908783295915184,0.28015832142337693,0.42896334898510463
644c34bee80856c9546c7312|kw|0,644c34bee80856c9546c7312,kw,0,6.0,0.5,kw_control,2,4.0,0.7212326143040373,0.13327315081160196,0.1454942348843608
644c34bee80856c9546c7312|kw|0,644c34bee80856c9546c7312,kw,0,6.0,0.5,kw_control,2,6.0,0.79292863568439,0.06677304518710417,0.1402983191285059
644c34bee80856c9546c7312|kw|0,644c34bee80856c9546c7312,kw,0,6.0,0.5,kw_control,2,8.0,0.6405904682748539,0.21364879194202316,0.14576073978312296
644c34bee80856c9546c7312|kw|0,644c34bee80856c9546c7312,kw,0,6.0,0.5,kw_control,2,12.0,0.4339394398352082,0.45522327153375086,0.11083728863104081
64517c6577e0f1230f87f59d|kw|1,64517c6577e0f1230f87f59d,kw,1,12.0,0.0,kw_market,3,4.0,0.24939403524112835,0.6893169842730072,0.06128898048586439
64517c6577e0f1230f87f59d|kw|1,64517c6577e0f1230f87f59d,kw,1,12.0,0.0,kw_market,3,6.0,0.4040162045133804,0.5088988554014028,0.08708494008521685
64517c6577e0f1230f87f59d|kw|1,64517c6577e0f1230f87f59d,kw,1,12.0,0.0,kw_market,3,8.0,0.15959463983206776,0.7961664621950535,0.0442388979728788
64517c6577e0f1230f87f59d|kw|1,64517c6577e0f1230f87f59d,kw,1,12.0,0.0,kw_market,3,12.0,0.058814769384417265,0.9228844727509813,0.018300757864601315
645530b386664621fd98a8fc|lt|0,645530b386664621fd98a8fc,lt,0,6.0,0.5,lt_control,4,4.0,0.558660691924327,0.34065656275237055,0.10068274532330242
645530b386664621fd98a8fc|lt|0,645530b386664621fd98a8fc,lt,0,6.0,0.5,lt_control,4,6.0,0.6963986685899355,0.193520220348297,0.11008111106176757
645530b386664621fd98a8fc|lt|0,645530b386664621fd98a8fc,lt,0,6.0,0.5,lt_control,4,8.0,0.4340541290144629,0.47771095228569643,0.08823491869984058
645530b386664621fd98a8fc|lt|0,645530b386664621fd98a8fc,lt,0,6.0,0.5,lt_control,4,12.0,0.21322207286148814,0.7381231557018059,0.048654771436706115
645bd48e67d52bbdcad03398|lt|1,645bd48e67d52bbdcad03398,lt,1,11.0,0.08333333333333333,lt_market,2,4.0,0.31880406408175854,0.08976745742525209,0.5914284784929894
645bd48e67d52bbdcad03398|lt|1,645bd48e67d52bbdcad03398,lt,1,11.0,0.08333333333333333,lt_market,2,6.0,0.3629151004120382,0.046569318972583075,0.5905155806153788
645bd48e67d52bbdcad03398|lt|1,645bd48e67d52bbdcad03398,lt,1,11.0,0.08333333333333333,lt_market,2,8.0,0.27772163656973553,0.14114238519940644,0.581135978230858
645bd48e67d52bbdcad03398|lt|1,645bd48e67d52bbdcad03398,lt,1,11.0,0.08333333333333333,lt_market,2,12.0,0.20212475310371755,0.3231041984604672,0.4747710484358151
645e7b6f73146e7738e162e7|kw|1,645e7b6f73146e7738e162e7,kw,1,11.0,0.08333333333333333,kw_market,4,4.0,0.23885324505544323,0.7032627233521233,0.05788403159243351
645e7b6f73146e7738e162e7|kw|1,645e7b6f73146e7738e162e7,kw,1,11.0,0.08333333333333333,kw_market,4,6.0,0.3914886842868674,0.5252976262956702,0.08321368941746228
645e7b6f73146e7738e162e7|kw|1,645e7b6f73146e7738e162e7,kw,1,11.0,0.08333333333333333,kw_market,4,8.0,0.15180118674477575,0.806704129730041,0.04149468352518311
645e7b6f73146e7738e162e7|kw|1,645e7b6f73146e7738e162e7,kw,1,11.0,0.08333333333333333,kw_market,4,12.0,0.055487266258220855,0.9274869428138329,0.017025790927946243
6465c08185f626e6500faef8|lt|1,6465c08185f626e6500faef8,lt,1,12.0,0.0,lt_market,1,4.0,0.5123610570563009,0.3292019650012901,0.15843697794240902
6465c08185f626e6500faef8|lt|1,6465c08185f626e6500faef8,lt,1,12.0,0.0,lt_market,1,6.0,0.6393721759462824,0.18721464178974315,0.17341318226397448
6465c08185f626e6500faef8|lt|1,6465c08185f626e6500faef8,lt,1,12.0,0.0,lt_market,1,8.0,0.3986482609986703,0.4623052667384717,0.13904647226285796
6465c08185f626e6500faef8|lt|1,6465c08185f626e6500faef8,lt,1,12.0,0.0,lt_market,1,12.0,0.19844453675993695,0.7238581635006992,0.07769729973936387
646a2395c7c21c5772c607ab|lt|0,646a2395c7c21c5772c607ab,lt,0,6.0,0.5,lt_control,3,4.0,0.6395013160788713,0.2384759243015463,0.1220227596195825
646a2395c7c21c5772c607ab|lt|0,646a2395c7c21c5772c607ab,lt,0,6.0,0.5,lt_control,3,6.0,0.7477747132767695,0.12707895817734013,0.12514632854589033
646a2395c7c21c5772c607ab|lt|0,646a2395c7c21c5772c607ab,lt,0,6.0,0.5,lt_control,3,8.0,0.5295807226969695,0.35644122485060925,0.11397805245242122
646a2395c7c21c5772c607ab|lt|0,646a2395c7c21c5772c607ab,lt,0,6.0,0.5,lt_control,3,12.0,0.2977392236810803,0.6303288330170002,0.07193194330191957
646ba54cb721ef9332b21599|kw|1,646ba54cb721ef9332b21599,kw,1,12.0,0.0,kw_market,4,4.0,0.21742630456476736,0.043251203599202176,0.7393224918360306
646ba54cb721ef9332b21599|kw|1,646ba54cb721ef9332b21599,kw,1,12.0,0.0,kw_market,4,6.0,0.24551442514523106,0.02225680904362583,0.732228765811143
646ba54cb721ef9332b21599|kw|1,646ba54cb721ef9332b21599,kw,1,12.0,0.0,kw_market,4,8.0,0.1925133851249793,0.06911935948406119,0.7383672553909594
646ba54cb721ef9332b21599|kw|1,646ba54cb721ef9332b21599,kw,1,12.0,0.0,kw_market,4,12.0,0.15540837485405848,0.17550462089907573,0.6690870042468657
64784c2bc85267b924936813|lt|1,64784c2bc85267b924936813,lt,1,10.0,0.16666666666666666,lt_market,4,4.0,0.4255669663865105,0.161775867593433,0.41265716602005653
64784c2bc85267b924936813|lt|1,64784c2bc85267b924936813,lt,1,10.0,0.16666666666666666,lt_market,4,6.0,0.4941372148923859,0.08560382366663097,0.4202589614409831
64784c2bc85267b924936813|lt|1,64784c2bc85267b924936813,lt,1,10.0,0.16666666666666666,lt_market,4,8.0,0.35973163239707334,0.2468181642258094,0.3934502033771172
64784c2bc85267b924936813|lt|1,64784c2bc85267b924936813,lt,1,10.0,0.16666666666666666,lt_market,4,12.0,0.22800569444991042,0.4920616803254352,0.27993262522465434
647be991db1ffbd6bbcc5bc6|kw|0,647be991db1ffbd6bbcc5bc6,kw,0,6.0,0.5,kw_control,3,4.0,0.7469537774739156,0.1260492290024411,0.12699699352364338
647be991db1ffbd6bbcc5bc6|kw|0,647be991db1ffbd6bbcc5bc6,kw,0,6.0,0.5,kw_control,3,6.0,0.8156423500109986,0.06272577061652274,0.12163187937247864
647be991db1ffbd6bbcc5bc6|kw|0,647be991db1ffbd6bbcc5bc6,kw,0,6.0,0.5,kw_control,3,8.0,0.6682918351132063,0.2035472700851669,0.12816089480162682
647be991db1ffbd6bbcc5bc6|kw|0,647be991db1ffbd6bbcc5bc6,kw,0,6.0,0.5,kw_control,3,12.0,0.46013164729019995,0.44081523307752585,0.09905311963227426
64834ca600dfc800b8242f95|kw|0,64834ca600dfc800b8242f95,kw,0,6.0,0.5,kw_control,4,4.0,0.558660691924327,0.34065656275237055,0.10068274532330242
64834ca600dfc800b8242f95|kw|0,64834ca600dfc800b8242f95,kw,0,6.0,0.5,kw_control,4,6.0,0.6963986685899355,0.193520220348297,0.11008111106176757
64834ca600dfc800b8242f95|kw|0,64834ca600dfc800b8242f95,kw,0,6.0,0.5,kw_control,4,8.0,0.4340541290144629,0.47771095228569643,0.08823491869984058
64834ca600dfc800b8242f95|kw|0,64834ca600dfc800b8242f95,kw,0,6.0,0.5,kw_control,4,12.0,0.21322207286148814,0.7381231557018059,0.048654771436706115
6486aa634b94f1dd568fd487|kw|0,6486aa634b94f1dd568fd487,kw,0,6.0,0.5,kw_control,2,4.0,0.6975282686655849,0.15944182314185928,0.1430299081925558
6486aa634b94f1dd568fd487|kw|0,6486aa634b94f1dd568fd487,kw,0,6.0,0.5,kw_control,2,6.0,0.7788037865880962,0.08112753225543877,0.140068681156465
6486aa634b94f1dd568fd487|kw|0,6486aa634b94f1dd568fd487,kw,0,6.0,0.5,kw_control,2,8.0,0.6083263304308875,0.2509745675975255,0.140699101971587
6486aa634b94f1dd568fd487|kw|0,6486aa634b94f1dd568fd487,kw,0,6.0,0.5,kw_control,2,12.0,0.3910358228744681,0.5074403610624462,0.10152381606308578
64badb09518eb5b219132eea|kw|1,64badb09518eb5b219132eea,kw,1,6.0,0.5,kw_market,4,4.0,0.42556696638651054,0.161775867593433,0.4126571660200565
64badb09518eb5b219132eea|kw|1,64badb09518eb5b219132eea,kw,1,6.0,0.5,kw_market,4,6.0,0.494137214892386,0.08560382366663097,0.42025896144098307
64badb09518eb5b219132eea|kw|1,64badb09518eb5b219132eea,kw,1,6.0,0.5,kw_market,4,8.0,0.35973163239707345,0.2468181642258094,0.39345020337711717
64badb09518eb5b219132eea|kw|1,64badb09518eb5b219132eea,kw,1,6.0,0.5,kw_market,4,12.0,0.22800569444991042,0.4920616803254351,0.2799326252246543
64d1362c539c9befa2bfc914|kw|1,64d1362c539c9befa2bfc914,kw,1,6.0,0.5,kw_market,1,4.0,0.6405229171721862,0.19360787262979268,0.1658692101980212
64d1362c539c9befa2bfc914|kw|1,64d1362c539c9befa2bfc914,kw,1,6.0,0.5,kw_market,1,6.0,0.7326644629278752,0.10092371760092787,0.1664118194711969
64d1362c539c9befa2bfc914|kw|1,64d1362c539c9befa2bfc914,kw,1,6.0,0.5,kw_market,1,8.0,0.5441730175719791,0.29687799283054517,0.1589489895974758
64d1362c539c9befa2bfc914|kw|1,64d1362c539c9befa2bfc914,kw,1,6.0,0.5,kw_market,1,12.0,0.32852824989110146,0.5637532827453073,0.10771846736359103
64d542239dcf23c895827837|kw|1,64d542239dcf23c895827837,kw,1,8.0,0.3333333333333333,kw_market,1,4.0,0.698798224432229,0.11406147889155789,0.18714029667621307
64d542239dcf23c895827837|kw|1,64d542239dcf23c895827837,kw,1,8.0,0.3333333333333333,kw_market,1,6.0,0.7637816584613157,0.056814109370394335,0.17940423216829
64d542239dcf23c895827837|kw|1,64d542239dcf23c895827837,kw,1,8.0,0.3333333333333333,kw_market,1,8.0,0.6263022562449089,0.18451167141005792,0.18918607234503312
64d542239dcf23c895827837|kw|1,64d542239dcf23c895827837,kw,1,8.0,0.3333333333333333,kw_market,1,12.0,0.4413591113573683,0.4089849486994945,0.14965593994313725
64f386a35e66f7ad22b38ccf|lt|1,64f386a35e66f7ad22b38ccf,lt,1,10.0,0.16666666666666666,lt_market,3,4.0,0.26999555363670696,0.6623100889886537,0.06769435737463939
64f386a35e66f7ad22b38ccf|lt|1,64f386a35e66f7ad22b38ccf,lt,1,10.0,0.16666666666666666,lt_market,3,6.0,0.4277501259663467,0.4781836000116963,0.09406627402195698
64f386a35e66f7ad22b38ccf|lt|1,64f386a35e66f7ad22b38ccf,lt,1,10.0,0.16666666666666666,lt_market,3,8.0,0.17512238509158115,0.7753523069069855,0.04952530800143325
64f386a35e66f7ad22b38ccf|lt|1,64f386a35e66f7ad22b38ccf,lt,1,10.0,0.16666666666666666,lt_market,3,12.0,0.06560104346562534,0.9135735759587145,0.020825380575660343
64fded008087c1afa0b47d7b|kw|0,64fded008087c1afa0b47d7b,kw,0,7.0,0.4166666666666667,kw_control,3,4.0,0.7794878676417544,0.08926461924698191,0.1312475131112637
64fded008087c1afa0b47d7b|kw|0,64fded008087c1afa0b47d7b,kw,0,7.0,0.4166666666666667,kw_control,3,6.0,0.8334231996217707,0.04349460138503271,0.12308219899319657
64fded008087c1afa0b47d7b|kw|0,64fded008087c1afa0b47d7b,kw,0,7.0,0.4166666666666667,kw_control,3,8.0,0.7160185716312878,0.14799496661812256,0.13598646175058957
64fded008087c1afa0b47d7b|kw|0,64fded008087c1afa0b47d7b,kw,0,7.0,0.4166666666666667,kw_control,3,12.0,0.5366772379996384,0.34890821623715873,0.11441454576320284
650c3ea3bb7f3b500e2db7a1|kw|1,650c3ea3bb7f3b500e2db7a1,kw,1,9.0,0.25,kw_market,4,4.0,0.2825048859819502,0.1384234588173259,0.5790716552007239
650c3ea3bb7f3b500e2db7a1|kw|1,650c3ea3bb7f3b500e2db7a1,kw,1,9.0,0.25,kw_market,4,6.0,0.3309997034000544,0.07391134588732341,0.5950889507126221
650c3ea3bb7f3b500e2db7a1|kw|1,650c3ea3bb7f3b500e2db7a1,kw,1,9.0,0.25,kw_market,4,8.0,0.23829844938565076,0.21074516084945918,0.55095638976489
650c3ea3bb7f3b500e2db7a1|kw|1,650c3ea3bb7f3b500e2db7a1,kw,1,9.0,0.25,kw_market,4,12.0,0.15681256550726025,0.4362069864522753,0.4069804480404646
650c409b6112d165091bb2cc|lt|1,650c409b6112d165091bb2cc,lt,1,12.0,0.0,lt_market,1,4.0,0.4164008745007025,0.1338833199922762,0.44971580550702134
650c409b6112d165091bb2cc|lt|1,650c409b6112d165091bb2cc,lt,1,12.0,0.0,lt_market,1,6.0,0.4776011186675175,0.06998096845771834,0.45241791287476424
650c409b6112d165091bb2cc|lt|1,650c409b6112d165091bb2cc,lt,1,12.0,0.0,lt_market,1,8.0,0.35733260289200547,0.20736723865446208,0.4353001584535324
650c409b6112d165091bb2cc|lt|1,650c409b6112d165091bb2cc,lt,1,12.0,0.0,lt_market,1,12.0,0.23850463638782385,0.43535114386867885,0.3261442197434974
650d9240b7f9fcecaf1f9656|kw|1,650d9240b7f9fcecaf1f9656,kw,1,3.5,0.7083333333333334,kw_market,1,4.0,0.42742253806678665,0.11139198223746997,0.4611854796957434
650d9240b7f9fcecaf1f9656|kw|1,650d9240b7f9fcecaf1f9656,kw,1,3.5,0.7083333333333334,kw_market,1,6.0,0.4842266969404945,0.05751021826820146,0.458263084791304
650d9240b7f9fcecaf1f9656|kw|1,650d9240b7f9fcecaf1f9656,kw,1,3.5,0.7083333333333334,kw_market,1,8.0,0.3721028797663699,0.1750298843780177,0.45286723585561234
650d9240b7f9fcecaf1f9656|kw|1,650d9240b7f9fcecaf1f9656,kw,1,3.5,0.7083333333333334,kw_market,1,12.0,0.26003054999247305,0.38472367418170433,0.35524577582582256
65181d02b39c0df9f861bdf7|lt|1,65181d02b39c0df9f861bdf7,lt,1,9.0,0.25,lt_market,4,4.0,0.2825048859819502,0.1384234588173259,0.5790716552007239
65181d02b39c0df9f861bdf7|lt|1,65181d02b39c0df9f861bdf7,lt,1,9.0,0.25,lt_market,4,6.0,0.3309997034000544,0.07391134588732341,0.5950889507126221
65181d02b39c0df9f861bdf7|lt|1,65181d02b39c0df9f861bdf7,lt,1,9.0,0.25,lt_market,4,8.0,0.23829844938565076,0.21074516084945918,0.55095638976489
65181d02b39c0df9f861bdf7|lt|1,65181d02b39c0df9f861bdf7,lt,1,9.0,0.25,lt_market,4,12.0,0.15681256550726025,0.4362069864522753,0.4069804480404646
651979733e35af04ce5fca4e|kw|1,651979733e35af04ce5fca4e,kw,1,6.0,0.5,kw_market,2,4.0,0.7109567691393482,0.1438766614557014,0.1451665694049503
651979733e35af04ce5fca4e|kw|1,651979733e35af04ce5fca4e,kw,1,6.0,0.5,kw_market,2,6.0,0.7865873386490685,0.07254272782259659,0.14086993352833493
651979733e35af04ce5fca4e|kw|1,651979733e35af04ce5fca4e,kw,1,6.0,0.5,kw_market,2,8.0,0.6267359714057945,0.22892037106876448,0.14434365752544095
651979733e35af04ce5fca4e|kw|1,651979733e35af04ce5fca4e,kw,1,6.0,0.5,kw_market,2,12.0,0.41538405570604764,0.4772269972661056,0.10738894702784678
651c4484ba17050f6b716614|kw|0,651c4484ba17050f6b716614,kw,0,6.0,0.5,kw_control,4,4.0,0.6968665492495063,0.1911689023050412,0.11196454844545256
651c4484ba17050f6b716614|kw|0,651c4484ba17050f6b716614,kw,0,6.0,0.5,kw_control,4,6.0,0.7899277660422191,0.09875401929139141,0.11131821466638946
651c4484ba17050f6b716614|kw|0,651c4484ba17050f6b716614,kw,0,6.0,0.5,kw_control,4,8.0,0.5965315652298586,0.295361386949424,0.10810704782071744
651c4484ba17050f6b716614|kw|0,651c4484ba17050f6b716614,kw,0,6.0,0.5,kw_control,4,12.0,0.3622119022415662,0.5641029475043086,0.07368515025412525
652a96faf5b1e3aec0272277|kw|1,652a96faf5b1e3aec0272277,kw,1,12.0,0.0,kw_market,2,4.0,0.4186420981110019,0.22355194670006417,0.35780595518893393
652a96faf5b1e3aec0272277|kw|1,652a96faf5b1e3aec0272277,kw,1,12.0,0.0,kw_market,2,6.0,0.5017581668474069,0.12210396883660302,0.37613786431598994
652a96faf5b1e3aec0272277|kw|1,652a96faf5b1e3aec0272277,kw,1,12.0,0.0,kw_market,2,8.0,0.34154857015306145,0.3291854950932395,0.32926593475369903
652a96faf5b1e3aec0272277|kw|1,652a96faf5b1e3aec0272277,kw,1,12.0,0.0,kw_market,2,12.0,0.1955530923847956,0.5928274017779639,0.21161950583724054
652d345392daf75ed7f323a6|kw|0,652d345392daf75ed7f323a6,kw,0,12.0,0.0,kw_control,3,4.0,0.4959289698853199,0.2157097325400267,0.28836129757465334
652d345392daf75ed7f323a6|kw|0,652d345392daf75ed7f323a6,kw,0,12.0,0.0,kw_control,3,6.0,0.5854061991510751,0.11603990150499402,0.29855389934393095
652d345392daf75ed7f323a6|kw|0,652d345392daf75ed7f323a6,kw,0,12.0,0.0,kw_control,3,8.0,0.40968258412786235,0.3216254636765079,0.26869195219562964
652d345392daf75ed7f323a6|kw|0,652d345392daf75ed7f323a6,kw,0,12.0,0.0,kw_control,3,12.0,0.2377816618405523,0.5871602455543494,0.17505809260509833
652d611038c822d956559d74|kw|1,652d611038c822d956559d74,kw,1,6.0,0.5,kw_market,4,4.0,0.6968665492495063,0.1911689023050412,0.11196454844545256
652d611038c822d956559d74|kw|1,652d611038c822d956559d74,kw,1,6.0,0.5,kw_market,4,6.0,0.7899277660422191,0.09875401929139141,0.11131821466638946
652d611038c822d956559d74|kw|1,652d611038c822d956559d74,kw,1,6.0,0.5,kw_market,4,8.0,0.5965315652298586,0.295361386949424,0.10810704782071744
652d611038c822d956559d74|kw|1,652d611038c822d956559d74,kw,1,6.0,0.5,kw_market,4,12.0,0.3622119022415662,0.5641029475043086,0.07368515025412525
652fbe161a35986b7fbfc940|kw|0,652fbe161a35986b7fbfc940,kw,0,10.0,0.16666666666666666,kw_control,4,4.0,0.6968665492495063,0.1911689023050412,0.11196454844545256
652fbe161a35986b7fbfc940|kw|0,652fbe161a35986b7fbfc940,kw,0,10.0,0.16666666666666666,kw_control,4,6.0,0.7899277660422191,0.09875401929139141,0.11131821466638946
652fbe161a35986b7fbfc940|kw|0,652fbe161a35986b7fbfc940,kw,0,10.0,0.16666666666666666,kw_control,4,8.0,0.5965315652298586,0.295361386949424,0.10810704782071744
652fbe161a35986b7fbfc940|kw|0,652fbe161a35986b7fbfc940,kw,0,10.0,0.16666666666666666,kw_control,4,12.0,0.3622119022415662,0.5641029475043086,0.07368515025412525
652fbe161a35986b7fbfc940|lt|1,652fbe161a35986b7fbfc940,lt,1,10.0,0.16666666666666666,lt_market,3,4.0,0.6395013160788713,0.2384759243015463,0.1220227596195825
652fbe161a35986b7fbfc940|lt|1,652fbe161a35986b7fbfc940,lt,1,10.0,0.16666666666666666,lt_market,3,6.0,0.7477747132767695,0.12707895817734013,0.12514632854589033
652fbe161a35986b7fbfc940|lt|1,652fbe161a35986b7fbfc940,lt,1,10.0,0.16666666666666666,lt_market,3,8.0,0.5295807226969695,0.35644122485060925,0.11397805245242122
652fbe161a35986b7fbfc940|lt|1,652fbe161a35986b7fbfc940,lt,1,10.0,0.16666666666666666,lt_market,3,12.0,0.2977392236810803,0.6303288330170002,0.07193194330191957
6530fed5b3281d288757fca9|lt|1,6530fed5b3281d288757fca9,lt,1,8.5,0.2916666666666667,lt_market,1,4.0,0.4228996357122534,0.12243357875618316,0.4546667855315634
6530fed5b3281d288757fca9|lt|1,6530fed5b3281d288757fca9,lt,1,8.5,0.2916666666666667,lt_market,1,6.0,0.4819465494923466,0.0635860549491938,0.45446739555845955
6530fed5b3281d288757fca9|lt|1,6530fed5b3281d288757fca9,lt,1,8.5,0.2916666666666667,lt_market,1,8.0,0.3656021271786469,0.19104013148505083,0.4433577413363022
6530fed5b3281d288757fca9|lt|1,6530fed5b3281d288757fca9,lt,1,8.5,0.2916666666666667,lt_market,1,12.0,0.24969753917523133,0.4103982678196413,0.33990419300512736
6539445c1ace74e4d496f8e0|lt|0,6539445c1ace74e4d496f8e0,lt,0,8.0,0.3333333333333333,lt_control,2,4.0,0.7504580933423489,0.09674504324378068,0.15279686341387036
6539445c1ace74e4d496f8e0|lt|0,6539445c1ace74e4d496f8e0,lt,0,8.0,0.3333333333333333,lt_control,2,6.0,0.808191510624039,0.04748061485650469,0.1443278745194563
6539445c1ace74e4d496f8e0|lt|0,6539445c1ace74e4d496f8e0,lt,0,8.0,0.3333333333333333,lt_control,2,8.0,0.6838384327024106,0.1591140183791623,0.15704754891842704
6539445c1ace74e4d496f8e0|lt|0,6539445c1ace74e4d496f8e0,lt,0,8.0,0.3333333333333333,lt_control,2,12.0,0.5025987454142434,0.367833857151942,0.12956739743381457
65396dfcb651ad024da200d6|lt|0,65396dfcb651ad024da200d6,lt,0,6.0,0.5,lt_control,4,4.0,0.6968665492495063,0.1911689023050412,0.11196454844545256
65396dfcb651ad024da200d6|lt|0,65396dfcb651ad024da200d6,lt,0,6.0,0.5,lt_control,4,6.0,0.7899277660422191,0.09875401929139141,0.11131821466638946
65396dfcb651ad024da200d6|lt|0,65396dfcb651ad024da200d6,lt,0,6.0,0.5,lt_control,4,8.0,0.5965315652298586,0.295361386949424,0.10810704782071744
65396dfcb651ad024da200d6|lt|0,65396dfcb651ad024da200d6,lt,0,6.0,0.5,lt_control,4,12.0,0.3622119022415662,0.5641029475043086,0.07368515025412525
653ab786a5162b73aac38bc9|kw|1,653ab786a5162b73aac38bc9,kw,1,12.0,0.0,kw_market,4,4.0,0.23885324505544323,0.7032627233521233,0.05788403159243351
653ab786a5162b73aac38bc9|kw|1,653ab786a5162b73aac38bc9,kw,1,12.0,0.0,kw_market,4,6.0,0.3914886842868674,0.5252976262956702,0.08321368941746228
653ab786a5162b73aac38bc9|kw|1,653ab786a5162b73aac38bc9,kw,1,12.0,0.0,kw_market,4,8.0,0.15180118674477575,0.806704129730041,0.04149468352518311
653ab786a5162b73aac38bc9|kw|1,653ab786a5162b73aac38bc9,kw,1,12.0,0.0,kw_market,4,12.0,0.055487266258220855,0.9274869428138329,0.017025790927946243
653fcf588ab0516beb4bf546|lt|0,653fcf588ab0516beb4bf546,lt,0,8.0,0.3333333333333333,lt_control,3,4.0,0.7680020861795249,0.09947550018786594,0.13252241363260917
653fcf588ab0516beb4bf546|lt|0,653fcf588ab0516beb4bf546,lt,0,8.0,0.3333333333333333,lt_control,3,6.0,0.8261904019114487,0.04876785451937923,0.12504174356917203
653fcf588ab0516beb4bf546|lt|0,653fcf588ab0516beb4bf546,lt,0,8.0,0.3333333333333333,lt_control,3,8.0,0.7000778648364742,0.16366384102191114,0.13625829414161464
653fcf588ab0516beb4bf546|lt|0,653fcf588ab0516beb4bf546,lt,0,8.0,0.3333333333333333,lt_control,3,12.0,0.5118205192752519,0.3763565238072113,0.11182295691753694
6541138589de324968b6c99d|kw|0,6541138589de324968b6c99d,kw,0,6.0,0.5,kw_control,4,4.0,0.5586606919243271,0.3406565627523705,0.10068274532330242
6541138589de324968b6c99d|kw|0,6541138589de324968b6c99d,kw,0,6.0,0.5,kw_control,4,6.0,0.6963986685899355,0.1935202203482969,0.11008111106176763
6541138589de324968b6c99d|kw|0,6541138589de324968b6c99d,kw,0,6.0,0.5,kw_control,4,8.0,0.434054129014463,0.4777109522856964,0.08823491869984065
6541138589de324968b6c99d|kw|0,6541138589de324968b6c99d,kw,0,6.0,0.5,kw_control,4,12.0,0.21322207286148817,0.7381231557018056,0.048654771436706164
65425b32a9c97568f11a9265|lt|0,65425b32a9c97568f11a9265,lt,0,6.0,0.5,lt_control,4,4.0,0.558660691924327,0.34065656275237055,0.10068274532330242
65425b32a9c97568f11a9265|lt|0,65425b32a9c97568f11a9265,lt,0,6.0,0.5,lt_control,4,6.0,0.6963986685899355,0.193520220348297,0.11008111106176757
65425b32a9c97568f11a9265|lt|0,65425b32a9c97568f11a9265,lt,0,6.0,0.5,lt_control,4,8.0,0.4340541290144629,0.47771095228569643,0.08823491869984058
65425b32a9c97568f11a9265|lt|0,65425b32a9c97568f11a9265,lt,0,6.0,0.5,lt_control,4,12.0,0.21322207286148814,0.7381231557018059,0.048654771436706115
6544ff9e0fb2eaaf83e2de5c|kw|1,6544ff9e0fb2eaaf83e2de5c,kw,1,12.0,0.0,kw_market,1,4.0,0.5123610570563009,0.3292019650012901,0.15843697794240902
6544ff9e0fb2eaaf83e2de5c|kw|1,6544ff9e0fb2eaaf83e2de5c,kw,1,12.0,0.0,kw_market,1,6.0,0.6393721759462824,0.18721464178974315,0.17341318226397448
6544ff9e0fb2eaaf83e2de5c|kw|1,6544ff9e0fb2eaaf83e2de5c,kw,1,12.0,0.0,kw_market,1,8.0,0.3986482609986703,0.4623052667384717,0.13904647226285796
6544ff9e0fb2eaaf83e2de5c|kw|1,6544ff9e0fb2eaaf83e2de5c,kw,1,12.0,0.0,kw_market,1,12.0,0.19844453675993695,0.7238581635006992,0.07769729973936387
654650713282e9e8d26d0b86|lt|0,654650713282e9e8d26d0b86,lt,0,6.0,0.5,lt_control,3,4.0,0.6395013160788713,0.2384759243015463,0.1220227596195825
654650713282e9e8d26d0b86|lt|0,654650713282e9e8d26d0b86,lt,0,6.0,0.5,lt_control,3,6.0,0.7477747132767695,0.12707895817734013,0.12514632854589033
654650713282e9e8d26d0b86|lt|0,654650713282e9e8d26d0b86,lt,0,6.0,0.5,lt_control,3,8.0,0.5295807226969695,0.35644122485060925,0.11397805245242122
654650713282e9e8d26d0b86|lt|0,654650713282e9e8d26d0b86,lt,0,6.0,0.5,lt_control,3,12.0,0.2977392236810803,0.6303288330170002,0.07193194330191957
654e39528578beb912aee3a0|kw|1,654e39528578beb912aee3a0,kw,1,11.5,0.041666666666666664,kw_market,1,4.0,0.6581622492398861,0.17242164747245606,0.16941610328765785
654e39528578beb912aee3a0|kw|1,654e39528578beb912aee3a0,kw,1,11.5,0.041666666666666664,kw_market,1,6.0,0.7434064265380043,0.0887533808905588,0.16784019257143692
654e39528578beb912aee3a0|kw|1,654e39528578beb912aee3a0,kw,1,11.5,0.041666666666666664,kw_market,1,8.0,0.5671570528192297,0.2681728579214787,0.16467008925929158
654e39528578beb912aee3a0|kw|1,654e39528578beb912aee3a0,kw,1,11.5,0.041666666666666664,kw_market,1,12.0,0.3554699132209153,0.5286761196575392,0.11585396712154535
6554d04c73158a94d70192dd|lt|1,6554d04c73158a94d70192dd,lt,1,9.0,0.25,lt_market,3,4.0,0.26999555363670696,0.6623100889886537,0.06769435737463939
6554d04c73158a94d70192dd|lt|1,6554d04c73158a94d70192dd,lt,1,9.0,0.25,lt_market,3,6.0,0.4277501259663467,0.4781836000116963,0.09406627402195698
6554d04c73158a94d70192dd|lt|1,6554d04c73158a94d70192dd,lt,1,9.0,0.25,lt_market,3,8.0,0.17512238509158115,0.7753523069069855,0.04952530800143325
6554d04c73158a94d70192dd|lt|1,6554d04c73158a94d70192dd,lt,1,9.0,0.25,lt_market,3,12.0,0.06560104346562534,0.9135735759587145,0.020825380575660343
655b67877536d232728dfa6c|kw|0,655b67877536d232728dfa6c,kw,0,12.0,0.0,kw_control,4,4.0,0.558660691924327,0.34065656275237055,0.10068274532330242
655b67877536d232728dfa6c|kw|0,655b67877536d232728dfa6c,kw,0,12.0,0.0,kw_control,4,6.0,0.6963986685899355,0.193520220348297,0.11008111106176757
655b67877536d232728dfa6c|kw|0,655b67877536d232728dfa6c,kw,0,12.0,0.0,kw_control,4,8.0,0.4340541290144629,0.47771095228569643,0.08823491869984058
655b67877536d232728dfa6c|kw|0,655b67877536d232728dfa6c,kw,0,12.0,0.0,kw_control,4,12.0,0.21322207286148814,0.7381231557018059,0.048654771436706115
655b67877536d232728dfa6c|lt|1,655b67877536d232728dfa6c,lt,1,8.0,0.3333333333333333,lt_market,3,4.0,0.33239020215456444,0.1822515361437325,0.48535826170170304
655b67877536d232728dfa6c|lt|1,655b67877536d232728dfa6c,lt,1,8.0,0.3333333333333333,lt_market,3,6.0,0.3951603224651593,0.0987406740680277,0.5060990034668131
655b67877536d232728dfa6c|lt|1,655b67877536d232728dfa6c,lt,1,8.0,0.3333333333333333,lt_market,3,8.0,0.2749764293160345,0.2721266738356639,0.45289689684830176
655b67877536d232728dfa6c|lt|1,655b67877536d232728dfa6c,lt,1,8.0,0.3333333333333333,lt_market,3,12.0,0.16773897407471852,0.5221376257114091,0.3101234002138723
655f8d03e234484afb1c3d51|kw|0,655f8d03e234484afb1c3d51,kw,0,6.0,0.5,kw_control,4,4.0,0.6968665492495063,0.1911689023050412,0.11196454844545256
655f8d03e234484afb1c3d51|kw|0,655f8d03e234484afb1c3d51,kw,0,6.0,0.5,kw_control,4,6.0,0.7899277660422191,0.09875401929139141,0.11131821466638946
655f8d03e234484afb1c3d51|kw|0,655f8d03e234484afb1c3d51,kw,0,6.0,0.5,kw_control,4,8.0,0.5965315652298586,0.295361386949424,0.10810704782071744
655f8d03e234484afb1c3d51|kw|0,655f8d03e234484afb1c3d51,kw,0,6.0,0.5,kw_control,4,12.0,0.3622119022415662,0.5641029475043086,0.07368515025412525
655f8e46111e1df6951e1ede|lt|1,655f8e46111e1df6951e1ede,lt,1,12.0,0.0,lt_market,3,4.0,0.49592896988531976,0.21570973254002695,0.28836129757465334
655f8e46111e1df6951e1ede|lt|1,655f8e46111e1df6951e1ede,lt,1,12.0,0.0,lt_market,3,6.0,0.585406199151075,0.11603990150499412,0.29855389934393095
655f8e46111e1df6951e1ede|lt|1,655f8e46111e1df6951e1ede,lt,1,12.0,0.0,lt_market,3,8.0,0.4096825841278621,0.32162546367650824,0.2686919521956295
655f8e46111e1df6951e1ede|lt|1,655f8e46111e1df6951e1ede,lt,1,12.0,0.0,lt_market,3,12.0,0.23778166184055208,0.5871602455543498,0.1750580926050982
655f94a8e52c55fdec3da167|kw|1,655f94a8e52c55fdec3da167,kw,1,12.0,0.0,kw_market,3,4.0,0.260519950029666,0.06455573819099836,0.6749243117793358
655f94a8e52c55fdec3da167|kw|1,655f94a8e52c55fdec3da167,kw,1,12.0,0.0,kw_market,3,6.0,0.29540292318457784,0.033358646917398746,0.6712384298980234
655f94a8e52c55fdec3da167|kw|1,655f94a8e52c55fdec3da167,kw,1,12.0,0.0,kw_market,3,8.0,0.22886414249464815,0.10235858679831353,0.6687772707070385
655f94a8e52c55fdec3da167|kw|1,655f94a8e52c55fdec3da167,kw,1,12.0,0.0,kw_market,3,12.0,0.1758406587839122,0.2473666748297031,0.5767926663863848
65612a45629022b7c905ef6c|lt|1,65612a45629022b7c905ef6c,lt,1,12.0,0.0,lt_market,4,4.0,0.7967830643922639,0.0863610139892806,0.11685592161845557
65612a45629022b7c905ef6c|lt|1,65612a45629022b7c905ef6c,lt,1,12.0,0.0,lt_market,4,6.0,0.8488753979574292,0.04192966165494564,0.10919494038762523
65612a45629022b7c905ef6c|lt|1,65612a45629022b7c905ef6c,lt,1,12.0,0.0,lt_market,4,8.0,0.734725594349773,0.14373266181188782,0.12154174383833914
65612a45629022b7c905ef6c|lt|1,65612a45629022b7c905ef6c,lt,1,12.0,0.0,lt_market,4,12.0,0.5552408647390824,0.3416544516522735,0.10310468360864405
656b7ab2b685a43aae816c5e|lt|0,656b7ab2b685a43aae816c5e,lt,0,6.0,0.5,lt_control,1,4.0,0.6405229171721862,0.19360787262979268,0.1658692101980212
656b7ab2b685a43aae816c5e|lt|0,656b7ab2b685a43aae816c5e,lt,0,6.0,0.5,lt_control,1,6.0,0.7326644629278752,0.10092371760092787,0.1664118194711969
656b7ab2b685a43aae816c5e|lt|0,656b7ab2b685a43aae816c5e,lt,0,6.0,0.5,lt_control,1,8.0,0.5441730175719791,0.29687799283054517,0.1589489895974758
656b7ab2b685a43aae816c5e|lt|0,656b7ab2b685a43aae816c5e,lt,0,6.0,0.5,lt_control,1,12.0,0.32852824989110146,0.5637532827453073,0.10771846736359103
656ddcbf866b84025844f011|kw|1,656ddcbf866b84025844f011,kw,1,6.0,0.5,kw_market,4,4.0,0.5713387704405489,0.1792504806010861,0.24941074895836493
656ddcbf866b84025844f011|kw|1,656ddcbf866b84025844f011,kw,1,6.0,0.5,kw_market,4,6.0,0.6553668294832129,0.0937024317775948,0.2509307387391923
656ddcbf866b84025844f011|kw|1,656ddcbf866b84025844f011,kw,1,6.0,0.5,kw_market,4,8.0,0.48575366787007584,0.2750650314776108,0.23918130065231333
656ddcbf866b84025844f011|kw|1,656ddcbf866b84025844f011,kw,1,6.0,0.5,kw_market,4,12.0,0.2999535607534114,0.5342551021496968,0.1657913370968915
65739900e4594000e0c7a2dc|lt|1,65739900e4594000e0c7a2dc,lt,1,9.0,0.25,lt_market,3,4.0,0.7680020861795249,0.09947550018786594,0.13252241363260917
65739900e4594000e0c7a2dc|lt|1,65739900e4594000e0c7a2dc,lt,1,9.0,0.25,lt_market,3,6.0,0.8261904019114487,0.04876785451937923,0.12504174356917203
65739900e4594000e0c7a2dc|lt|1,65739900e4594000e0c7a2dc,lt,1,9.0,0.25,lt_market,3,8.0,0.7000778648364742,0.16366384102191114,0.13625829414161464
65739900e4594000e0c7a2dc|lt|1,65739900e4594000e0c7a2dc,lt,1,9.0,0.25,lt_market,3,12.0,0.5118205192752519,0.3763565238072113,0.11182295691753694
6578ce2ea5495aafe33b815c|lt|1,6578ce2ea5495aafe33b815c,lt,1,12.0,0.0,lt_market,2,4.0,0.3172907150916196,0.06324602919192966,0.6194632557164508
6578ce2ea5495aafe33b815c|lt|1,6578ce2ea5495aafe33b815c,lt,1,12.0,0.0,lt_market,2,6.0,0.3567296534557542,0.032405213357632516,0.6108651331866133
6578ce2ea5495aafe33b815c|lt|1,6578ce2ea5495aafe33b815c,lt,1,12.0,0.0,lt_market,2,8.0,0.2807468448927725,0.10100513332115688,0.6182480217860706
6578ce2ea5495aafe33b815c|lt|1,6578ce2ea5495aafe33b815c,lt,1,12.0,0.0,lt_market,2,12.0,0.21722101196338223,0.24581351493518863,0.5369654731014291
657b0ede27d064a99e80f7f2|lt|0,657b0ede27d064a99e80f7f2,lt,0,8.0,0.3333333333333333,lt_control,4,4.0,0.6968665492495063,0.1911689023050412,0.11196454844545256
657b0ede27d064a99e80f7f2|lt|0,657b0ede27d064a99e80f7f2,lt,0,8.0,0.3333333333333333,lt_control,4,6.0,0.7899277660422191,0.09875401929139141,0.11131821466638946
657b0ede27d064a99e80f7f2|lt|0,657b0ede27d064a99e80f7f2,lt,0,8.0,0.3333333333333333,lt_control,4,8.0,0.5965315652298586,0.295361386949424,0.10810704782071744
657b0ede27d064a99e80f7f2|lt|0,657b0ede27d064a99e80f7f2,lt,0,8.0,0.3333333333333333,lt_control,4,12.0,0.3622119022415662,0.5641029475043086,0.07368515025412525
6581664bd74bbb952b06c79d|lt|1,6581664bd74bbb952b06c79d,lt,1,6.0,0.5,lt_market,1,4.0,0.4164008745007025,0.1338833199922762,0.44971580550702134
6581664bd74bbb952b06c79d|lt|1,6581664bd74bbb952b06c79d,lt,1,6.0,0.5,lt_market,1,6.0,0.4776011186675175,0.06998096845771834,0.45241791287476424
6581664bd74bbb952b06c79d|lt|1,6581664bd74bbb952b06c79d,lt,1,6.0,0.5,lt_market,1,8.0,0.35733260289200547,0.20736723865446208,0.4353001584535324
6581664bd74bbb952b06c79d|lt|1,6581664bd74bbb952b06c79d,lt,1,6.0,0.5,lt_market,1,12.0,0.23850463638782385,0.43535114386867885,0.3261442197434974
65831ec7a0cb41561b8e43e9|lt|0,65831ec7a0cb41561b8e43e9,lt,0,7.0,0.4166666666666667,lt_control,4,4.0,0.5586606919243272,0.3406565627523705,0.10068274532330242
65831ec7a0cb41561b8e43e9|lt|0,65831ec7a0cb41561b8e43e9,lt,0,7.0,0.4166666666666667,lt_control,4,6.0,0.6963986685899356,0.19352022034829683,0.11008111106176763
65831ec7a0cb41561b8e43e9|lt|0,65831ec7a0cb41561b8e43e9,lt,0,7.0,0.4166666666666667,lt_control,4,8.0,0.4340541290144631,0.4777109522856963,0.08823491869984063
65831ec7a0cb41561b8e43e9|lt|0,65831ec7a0cb41561b8e43e9,lt,0,7.0,0.4166666666666667,lt_control,4,12.0,0.21322207286148823,0.7381231557018055,0.048654771436706136
659615bbb34696ca92b045c6|lt|0,659615bbb34696ca92b045c6,lt,0,7.0,0.4166666666666667,lt_control,3,4.0,0.5128373469688556,0.3762171761757544,0.11094547685538997
659615bbb34696ca92b045c6|lt|0,659615bbb34696ca92b045c6,lt,0,7.0,0.4166666666666667,lt_control,3,6.0,0.6561397698914193,0.21935882397864162,0.12450140612993907
659615bbb34696ca92b045c6|lt|0,659615bbb34696ca92b045c6,lt,0,7.0,0.4166666666666667,lt_control,3,8.0,0.3893946279892757,0.5155865644236287,0.09501880758709573
659615bbb34696ca92b045c6|lt|0,659615bbb34696ca92b045c6,lt,0,7.0,0.4166666666666667,lt_control,3,12.0,0.18386926983903348,0.7657661231684124,0.05036460699255399
6598124cb009a156ae665edf|kw|1,6598124cb009a156ae665edf,kw,1,4.5,0.625,kw_market,3,4.0,0.3218465209456065,0.4549322943538709,0.22322118470052246
6598124cb009a156ae665edf|kw|1,6598124cb009a156ae665edf,kw,1,4.5,0.625,kw_market,3,6.0,0.44395327571588283,0.28597955479580495,0.27006716948831233
6598124cb009a156ae665edf|kw|1,6598124cb009a156ae665edf,kw,1,4.5,0.625,kw_market,3,8.0,0.230758165737329,0.5887185059928519,0.18052332826981918
6598124cb009a156ae665edf|kw|1,6598124cb009a156ae665edf,kw,1,4.5,0.625,kw_market,3,12.0,0.10098147746682881,0.810340775249566,0.08867774728360495
659c01027a942e6d4d2bd6a4|lt|1,659c01027a942e6d4d2bd6a4,lt,1,10.0,0.16666666666666666,lt_market,4,4.0,0.696866549249506,0.19116890230504152,0.1119645484454525
659c01027a942e6d4d2bd6a4|lt|1,659c01027a942e6d4d2bd6a4,lt,1,10.0,0.16666666666666666,lt_market,4,6.0,0.789927766042219,0.09875401929139162,0.1113182146663894
659c01027a942e6d4d2bd6a4|lt|1,659c01027a942e6d4d2bd6a4,lt,1,10.0,0.16666666666666666,lt_market,4,8.0,0.5965315652298582,0.2953613869494245,0.10810704782071738
659c01027a942e6d4d2bd6a4|lt|1,659c01027a942e6d4d2bd6a4,lt,1,10.0,0.16666666666666666,lt_market,4,12.0,0.36221190224156563,0.5641029475043091,0.07368515025412516
65a2ed2dd066aa3cf8568a21|lt|1,65a2ed2dd066aa3cf8568a21,lt,1,12.0,0.0,lt_market,1,4.0,0.4228996357122534,0.12243357875618316,0.4546667855315634
65a2ed2dd066aa3cf8568a21|lt|1,65a2ed2dd066aa3cf8568a21,lt,1,12.0,0.0,lt_market,1,6.0,0.4819465494923466,0.0635860549491938,0.45446739555845955
65a2ed2dd066aa3cf8568a21|lt|1,65a2ed2dd066aa3cf8568a21,lt,1,12.0,0.0,lt_market,1,8.0,0.3656021271786469,0.19104013148505083,0.4433577413363022
65a2ed2dd066aa3cf8568a21|lt|1,65a2ed2dd066aa3cf8568a21,lt,1,12.0,0.0,lt_market,1,12.0,0.24969753917523133,0.4103982678196413,0.33990419300512736
65a5920088672d869713f267|kw|1,65a5920088672d869713f267,kw,1,12.0,0.0,kw_market,3,4.0,0.24939403524112835,0.6893169842730072,0.06128898048586439
65a5920088672d869713f267|kw|1,65a5920088672d869713f267,kw,1,12.0,0.0,kw_market,3,6.0,0.4040162045133804,0.5088988554014028,0.08708494008521685
65a5920088672d869713f267|kw|1,65a5920088672d869713f267,kw,1,12.0,0.0,kw_market,3,8.0,0.15959463983206776,0.7961664621950535,0.0442388979728788
65a5920088672d869713f267|kw|1,65a5920088672d869713f267,kw,1,12.0,0.0,kw_market,3,12.0,0.058814769384417265,0.9228844727509813,0.018300757864601315
65abe8df479fdc244d1643b2|kw|0,65abe8df479fdc244d1643b2,kw,0,6.0,0.5,kw_control,3,4.0,0.7680020861795249,0.09947550018786594,0.13252241363260917
65abe8df479fdc244d1643b2|kw|0,65abe8df479fdc244d1643b2,kw,0,6.0,0.5,kw_control,3,6.0,0.8261904019114487,0.04876785451937923,0.12504174356917203
65abe8df479fdc244d1643b2|kw|0,65abe8df479fdc244d1643b2,kw,0,6.0,0.5,kw_control,3,8.0,0.7000778648364742,0.16366384102191114,0.13625829414161464
65abe8df479fdc244d1643b2|kw|0,65abe8df479fdc244d1643b2,kw,0,6.0,0.5,kw_control,3,12.0,0.5118205192752519,0.3763565238072113,0.11182295691753694
65b2c1f20d8199c577778169|kw|1,65b2c1f20d8199c577778169,kw,1,12.0,0.0,kw_market,2,4.0,0.6185155786191469,0.2373918127867721,0.14409260859408105
65b2c1f20d8199c577778169|kw|1,65b2c1f20d8199c577778169,kw,1,12.0,0.0,kw_market,2,6.0,0.7250352311673262,0.12681597854877288,0.14814879028390096
65b2c1f20d8199c577778169|kw|1,65b2c1f20d8199c577778169,kw,1,12.0,0.0,kw_market,2,8.0,0.5113758137677283,0.35424843396646,0.13437575226581164
65b2c1f20d8199c577778169|kw|1,65b2c1f20d8199c577778169,kw,1,12.0,0.0,kw_market,2,12.0,0.28786099747473304,0.6272287312190534,0.08491027130621358
65c6762ea86de7fbe4ac9406|lt|1,65c6762ea86de7fbe4ac9406,lt,1,8.0,0.3333333333333333,lt_market,4,4.0,0.6968665492495061,0.191168902305041,0.11196454844545285
65c6762ea86de7fbe4ac9406|lt|1,65c6762ea86de7fbe4ac9406,lt,1,8.0,0.3333333333333333,lt_market,4,6.0,0.789927766042219,0.09875401929139131,0.1113182146663897
65c6762ea86de7fbe4ac9406|lt|1,65c6762ea86de7fbe4ac9406,lt,1,8.0,0.3333333333333333,lt_market,4,8.0,0.5965315652298585,0.29536138694942377,0.10810704782071771
65c6762ea86de7fbe4ac9406|lt|1,65c6762ea86de7fbe4ac9406,lt,1,8.0,0.3333333333333333,lt_market,4,12.0,0.3622119022415662,0.5641029475043082,0.07368515025412546
65c900c7a7dc9db70e311289|kw|1,65c900c7a7dc9db70e311289,kw,1,7.5,0.375,kw_market,2,4.0,0.32416932750857796,0.07951030600103152,0.5963203664903906
65c900c7a7dc9db70e311289|kw|1,65c900c7a7dc9db70e311289,kw,1,7.5,0.375,kw_market,2,6.0,0.3669418758799028,0.04101555138062484,0.5920425727394726
65c900c7a7dc9db70e311289|kw|1,65c900c7a7dc9db70e311289,kw,1,7.5,0.375,kw_market,2,8.0,0.28428509760949333,0.12585146065735328,0.5898634417331534
65c900c7a7dc9db70e311289|kw|1,65c900c7a7dc9db70e311289,kw,1,7.5,0.375,kw_market,2,12.0,0.21179344097151592,0.29491172182525827,0.49329483720322587
65cbbb9b37abca7a65bc8f97|kw|1,65cbbb9b37abca7a65bc8f97,kw,1,11.0,0.08333333333333333,kw_market,1,4.0,0.4210450142880932,0.4592488024107363,0.11970618330117044
65cbbb9b37abca7a65bc8f97|kw|1,65cbbb9b37abca7a65bc8f97,kw,1,11.0,0.08333333333333333,kw_market,1,6.0,0.5725942893215868,0.2846205727639184,0.1427851379144948
65cbbb9b37abca7a65bc8f97|kw|1,65cbbb9b37abca7a65bc8f97,kw,1,11.0,0.08333333333333333,kw_market,1,8.0,0.3040113498375792,0.598496978645627,0.0974916715167939
65cbbb9b37abca7a65bc8f97|kw|1,65cbbb9b37abca7a65bc8f97,kw,1,11.0,0.08333333333333333,kw_market,1,12.0,0.13241151806855378,0.8199234200488826,0.047665061882563586
65dca5938d478475cf3fe47f|lt|1,65dca5938d478475cf3fe47f,lt,1,12.0,0.0,lt_market,2,4.0,0.4186420981110019,0.22355194670006417,0.35780595518893393
65dca5938d478475cf3fe47f|lt|1,65dca5938d478475cf3fe47f,lt,1,12.0,0.0,lt_market,2,6.0,0.5017581668474069,0.12210396883660302,0.37613786431598994
65dca5938d478475cf3fe47f|lt|1,65dca5938d478475cf3fe47f,lt,1,12.0,0.0,lt_market,2,8.0,0.34154857015306145,0.3291854950932395,0.32926593475369903
65dca5938d478475cf3fe47f|lt|1,65dca5938d478475cf3fe47f,lt,1,12.0,0.0,lt_market,2,12.0,0.1955530923847956,0.5928274017779639,0.21161950583724054
65dfd1cdf84b3237168a720b|kw|0,65dfd1cdf84b3237168a720b,kw,0,12.0,0.0,kw_control,4,4.0,0.6968665492495063,0.1911689023050412,0.11196454844545256
65dfd1cdf84b3237168a720b|kw|0,65dfd1cdf84b3237168a720b,kw,0,12.0,0.0,kw_control,4,6.0,0.7899277660422191,0.09875401929139141,0.11131821466638946
65dfd1cdf84b3237168a720b|kw|0,65dfd1cdf84b3237168a720b,kw,0,12.0,0.0,kw_control,4,8.0,0.5965315652298586,0.295361386949424,0.10810704782071744
65dfd1cdf84b3237168a720b|kw|0,65dfd1cdf84b3237168a720b,kw,0,12.0,0.0,kw_control,4,12.0,0.3622119022415662,0.5641029475043086,0.07368515025412525
65e1e4ec67a8ab131c6868f2|kw|1,65e1e4ec67a8ab131c6868f2,kw,1,12.0,0.0,kw_market,3,4.0,0.24939403524112835,0.6893169842730072,0.06128898048586439
65e1e4ec67a8ab131c6868f2|kw|1,65e1e4ec67a8ab131c6868f2,kw,1,12.0,0.0,kw_market,3,6.0,0.4040162045133804,0.5088988554014028,0.08708494008521685
65e1e4ec67a8ab131c6868f2|kw|1,65e1e4ec67a8ab131c6868f2,kw,1,12.0,0.0,kw_market,3,8.0,0.15959463983206776,0.7961664621950535,0.0442388979728788
65e1e4ec67a8ab131c6868f2|kw|1,65e1e4ec67a8ab131c6868f2,kw,1,12.0,0.0,kw_market,3,12.0,0.058814769384417265,0.9228844727509813,0.018300757864601315
65e7ca51f9482482909fd1ff|lt|0,65e7ca51f9482482909fd1ff,lt,0,7.0,0.4166666666666667,lt_control,4,4.0,0.558660691924327,0.34065656275237055,0.10068274532330242
65e7ca51f9482482909fd1ff|lt|0,65e7ca51f9482482909fd1ff,lt,0,7.0,0.4166666666666667,lt_control,4,6.0,0.6963986685899355,0.193520220348297,0.11008111106176757
65e7ca51f9482482909fd1ff|lt|0,65e7ca51f9482482909fd1ff,lt,0,7.0,0.4166666666666667,lt_control,4,8.0,0.4340541290144629,0.47771095228569643,0.08823491869984058
65e7ca51f9482482909fd1ff|lt|0,65e7ca51f9482482909fd1ff,lt,0,7.0,0.4166666666666667,lt_control,4,12.0,0.21322207286148814,0.7381231557018059,0.048654771436706115
65eddbd7c76a5d7285c0c416|kw|0,65eddbd7c76a5d7285c0c416,kw,0,8.0,0.3333333333333333,kw_control,4,4.0,0.7967830643922639,0.0863610139892806,0.11685592161845557
65eddbd7c76a5d7285c0c416|kw|0,65eddbd7c76a5d7285c0c416,kw,0,8.0,0.3333333333333333,kw_control,4,6.0,0.8488753979574292,0.04192966165494564,0.10919494038762523
65eddbd7c76a5d7285c0c416|kw|0,65eddbd7c76a5d7285c0c416,kw,0,8.0,0.3333333333333333,kw_control,4,8.0,0.734725594349773,0.14373266181188782,0.12154174383833914
65eddbd7c76a5d7285c0c416|kw|0,65eddbd7c76a5d7285c0c416,kw,0,8.0,0.3333333333333333,kw_control,4,12.0,0.5552408647390824,0.3416544516522735,0.10310468360864405
65f0e572d1ca00e646860bff|lt|1,65f0e572d1ca00e646860bff,lt,1,12.0,0.0,lt_market,3,4.0,0.6105873887929046,0.08844908194233575,0.3009635292647596
65f0e572d1ca00e646860bff|lt|1,65f0e572d1ca00e646860bff,lt,1,12.0,0.0,lt_market,3,6.0,0.6674034736675774,0.04405890859053267,0.2885376177418901
65f0e572d1ca00e646860bff|lt|1,65f0e572d1ca00e646860bff,lt,1,12.0,0.0,lt_market,3,8.0,0.550227127617679,0.14386003419033044,0.3059128381919906
65f0e572d1ca00e646860bff|lt|1,65f0e572d1ca00e646860bff,lt,1,12.0,0.0,lt_market,3,12.0,0.4087506524873526,0.33614912260120056,0.25510022491144685
65f21f8caad4fa6eb9cb0c3e|lt|1,65f21f8caad4fa6eb9cb0c3e,lt,1,12.0,0.0,lt_market,1,4.0,0.4217863885520073,0.08362403817848542,0.4945895732695073
65f21f8caad4fa6eb9cb0c3e|lt|1,65f21f8caad4fa6eb9cb0c3e,lt,1,12.0,0.0,lt_market,1,6.0,0.4719557437340868,0.042642202044685724,0.4854020542212275
65f21f8caad4fa6eb9cb0c3e|lt|1,65f21f8caad4fa6eb9cb0c3e,lt,1,12.0,0.0,lt_market,1,8.0,0.3730670680706269,0.13349904239715915,0.49343388953221384
65f21f8caad4fa6eb9cb0c3e|lt|1,65f21f8caad4fa6eb9cb0c3e,lt,1,12.0,0.0,lt_market,1,12.0,0.27698876136268313,0.3117659971355975,0.41124524150171937
65f8caa8238a933fdf42f4c3|lt|1,65f8caa8238a933fdf42f4c3,lt,1,10.0,0.16666666666666666,lt_market,2,4.0,0.31880406408175854,0.08976745742525209,0.5914284784929894
65f8caa8238a933fdf42f4c3|lt|1,65f8caa8238a933fdf42f4c3,lt,1,10.0,0.16666666666666666,lt_market,2,6.0,0.3629151004120382,0.046569318972583075,0.5905155806153788
65f8caa8238a933fdf42f4c3|lt|1,65f8caa8238a933fdf42f4c3,lt,1,10.0,0.16666666666666666,lt_market,2,8.0,0.27772163656973553,0.14114238519940644,0.581135978230858
65f8caa8238a933fdf42f4c3|lt|1,65f8caa8238a933fdf42f4c3,lt,1,10.0,0.16666666666666666,lt_market,2,12.0,0.20212475310371755,0.3231041984604672,0.4747710484358151
65fcff541a582fbad48a2d2e|kw|1,65fcff541a582fbad48a2d2e,kw,1,9.0,0.25,kw_market,4,4.0,0.5713387704405489,0.1792504806010859,0.2494107489583651
65fcff541a582fbad48a2d2e|kw|1,65fcff541a582fbad48a2d2e,kw,1,9.0,0.25,kw_market,4,6.0,0.6553668294832129,0.09370243177759467,0.25093073873919247
65fcff541a582fbad48a2d2e|kw|1,65fcff541a582fbad48a2d2e,kw,1,9.0,0.25,kw_market,4,8.0,0.48575366787007596,0.2750650314776105,0.23918130065231363
65fcff541a582fbad48a2d2e|kw|1,65fcff541a582fbad48a2d2e,kw,1,9.0,0.25,kw_market,4,12.0,0.29995356075341156,0.5342551021496966,0.16579133709689176
660158b9a05b9c4adc616ff8|lt|0,660158b9a05b9c4adc616ff8,lt,0,8.0,0.3333333333333333,lt_control,4,4.0,0.6968665492495063,0.1911689023050412,0.11196454844545256
660158b9a05b9c4adc616ff8|lt|0,660158b9a05b9c4adc616ff8,lt,0,8.0,0.3333333333333333,lt_control,4,6.0,0.7899277660422191,0.09875401929139141,0.11131821466638946
660158b9a05b9c4adc616ff8|lt|0,660158b9a05b9c4adc616ff8,lt,0,8.0,0.3333333333333333,lt_control,4,8.0,0.5965315652298586,0.295361386949424,0.10810704782071744
660158b9a05b9c4adc616ff8|lt|0,660158b9a05b9c4adc616ff8,lt,0,8.0,0.3333333333333333,lt_control,4,12.0,0.3622119022415662,0.5641029475043086,0.07368515025412525
660158b9a05b9c4adc616ff8|lt|1,660158b9a05b9c4adc616ff8,lt,1,10.0,0.16666666666666666,lt_market,3,4.0,0.7794878676417544,0.08926461924698191,0.1312475131112637
660158b9a05b9c4adc616ff8|lt|1,660158b9a05b9c4adc616ff8,lt,1,10.0,0.16666666666666666,lt_market,3,6.0,0.8334231996217707,0.04349460138503271,0.12308219899319657
660158b9a05b9c4adc616ff8|lt|1,660158b9a05b9c4adc616ff8,lt,1,10.0,0.16666666666666666,lt_market,3,8.0,0.7160185716312878,0.14799496661812256,0.13598646175058957
660158b9a05b9c4adc616ff8|lt|1,660158b9a05b9c4adc616ff8,lt,1,10.0,0.16666666666666666,lt_market,3,12.0,0.5366772379996384,0.34890821623715873,0.11441454576320284
660452d6f4aa3a41d687885b|lt|1,660452d6f4aa3a41d687885b,lt,1,9.0,0.25,lt_market,1,4.0,0.4554467860866765,0.4126105785648386,0.1319426353484848
660452d6f4aa3a41d687885b|lt|1,660452d6f4aa3a41d687885b,lt,1,9.0,0.25,lt_market,1,6.0,0.599896467930663,0.2476730737552811,0.1524304583140559
660452d6f4aa3a41d687885b|lt|1,660452d6f4aa3a41d687885b,lt,1,9.0,0.25,lt_market,1,8.0,0.33762022394749114,0.5520568860680827,0.11032288998442608
660452d6f4aa3a41d687885b|lt|1,660452d6f4aa3a41d687885b,lt,1,9.0,0.25,lt_market,1,12.0,0.1536104876465857,0.7900445981566485,0.05634491419676593
6604553b209208bb096e10ac|kw|1,6604553b209208bb096e10ac,kw,1,9.5,0.20833333333333334,kw_market,1,4.0,0.6405229171721862,0.19360787262979268,0.1658692101980212
6604553b209208bb096e10ac|kw|1,6604553b209208bb096e10ac,kw,1,9.5,0.20833333333333334,kw_market,1,6.0,0.7326644629278752,0.10092371760092787,0.1664118194711969
6604553b209208bb096e10ac|kw|1,6604553b209208bb096e10ac,kw,1,9.5,0.20833333333333334,kw_market,1,8.0,0.5441730175719791,0.29687799283054517,0.1589489895974758
6604553b209208bb096e10ac|kw|1,6604553b209208bb096e10ac,kw,1,9.5,0.20833333333333334,kw_market,1,12.0,0.32852824989110146,0.5637532827453073,0.10771846736359103
660460162a2b3e5c554cf140|kw|1,660460162a2b3e5c554cf140,kw,1,9.5,0.20833333333333334,kw_market,2,4.0,0.32416932750857796,0.07951030600103152,0.5963203664903906
660460162a2b3e5c554cf140|kw|1,660460162a2b3e5c554cf140,kw,1,9.5,0.20833333333333334,kw_market,2,6.0,0.3669418758799028,0.04101555138062484,0.5920425727394726
660460162a2b3e5c554cf140|kw|1,660460162a2b3e5c554cf140,kw,1,9.5,0.20833333333333334,kw_market,2,8.0,0.28428509760949333,0.12585146065735328,0.5898634417331534
660460162a2b3e5c554cf140|kw|1,660460162a2b3e5c554cf140,kw,1,9.5,0.20833333333333334,kw_market,2,12.0,0.21179344097151592,0.29491172182525827,0.49329483720322587
66047cf334cba5fe8be31eeb|kw|0,66047cf334cba5fe8be31eeb,kw,0,12.0,0.0,kw_control,4,4.0,0.558660691924327,0.34065656275237055,0.10068274532330242
66047cf334cba5fe8be31eeb|kw|0,66047cf334cba5fe8be31eeb,kw,0,12.0,0.0,kw_control,4,6.0,0.6963986685899355,0.193520220348297,0.11008111106176757
66047cf334cba5fe8be31eeb|kw|0,66047cf334cba5fe8be31eeb,kw,0,12.0,0.0,kw_control,4,8.0,0.4340541290144629,0.47771095228569643,0.08823491869984058
66047cf334cba5fe8be31eeb|kw|0,66047cf334cba5fe8be31eeb,kw,0,12.0,0.0,kw_control,4,12.0,0.21322207286148814,0.7381231557018059,0.048654771436706115
66047d18ebfced908bcde49d|lt|1,66047d18ebfced908bcde49d,lt,1,11.0,0.08333333333333333,lt_market,3,4.0,0.3455891137054505,0.40374551005558423,0.25066537623896534
66047d18ebfced908bcde49d|lt|1,66047d18ebfced908bcde49d,lt,1,11.0,0.08333333333333333,lt_market,3,6.0,0.4611281100867544,0.24550990722888938,0.2933619826843563
66047d18ebfced908bcde49d|lt|1,66047d18ebfced908bcde49d,lt,1,11.0,0.08333333333333333,lt_market,3,8.0,0.2546626978682473,0.5369893211446062,0.20834798098714655
66047d18ebfced908bcde49d|lt|1,66047d18ebfced908bcde49d,lt,1,11.0,0.08333333333333333,lt_market,3,12.0,0.11694740971967063,0.775650868101121,0.10740172217920835
6605e2b8ed85746d2f6aed25|kw|1,6605e2b8ed85746d2f6aed25,kw,1,12.0,0.0,kw_market,4,4.0,0.4255669663865105,0.161775867593433,0.41265716602005653
6605e2b8ed85746d2f6aed25|kw|1,6605e2b8ed85746d2f6aed25,kw,1,12.0,0.0,kw_market,4,6.0,0.4941372148923859,0.08560382366663097,0.4202589614409831
6605e2b8ed85746d2f6aed25|kw|1,6605e2b8ed85746d2f6aed25,kw,1,12.0,0.0,kw_market,4,8.0,0.35973163239707334,0.2468181642258094,0.3934502033771172
6605e2b8ed85746d2f6aed25|kw|1,6605e2b8ed85746d2f6aed25,kw,1,12.0,0.0,kw_market,4,12.0,0.22800569444991042,0.4920616803254352,0.27993262522465434
6605e2b8ed85746d2f6aed25|lt|0,6605e2b8ed85746d2f6aed25,lt,0,8.0,0.3333333333333333,lt_control,4,4.0,0.7967830643922639,0.0863610139892806,0.11685592161845557
6605e2b8ed85746d2f6aed25|lt|0,6605e2b8ed85746d2f6aed25,lt,0,8.0,0.3333333333333333,lt_control,4,6.0,0.8488753979574292,0.04192966165494564,0.10919494038762523
6605e2b8ed85746d2f6aed25|lt|0,6605e2b8ed85746d2f6aed25,lt,0,8.0,0.3333333333333333,lt_control,4,8.0,0.734725594349773,0.14373266181188782,0.12154174383833914
6605e2b8ed85746d2f6aed25|lt|0,6605e2b8ed85746d2f6aed25,lt,0,8.0,0.3333333333333333,lt_control,4,12.0,0.5552408647390824,0.3416544516522735,0.10310468360864405
6609a32585722d1e798dcf51|lt|1,6609a32585722d1e798dcf51,lt,1,10.0,0.16666666666666666,lt_market,1,4.0,0.4164008745007025,0.1338833199922762,0.44971580550702134
6609a32585722d1e798dcf51|lt|1,6609a32585722d1e798dcf51,lt,1,10.0,0.16666666666666666,lt_market,1,6.0,0.4776011186675175,0.06998096845771834,0.45241791287476424
6609a32585722d1e798dcf51|lt|1,6609a32585722d1e798dcf51,lt,1,10.0,0.16666666666666666,lt_market,1,8.0,0.35733260289200547,0.20736723865446208,0.4353001584535324
6609a32585722d1e798dcf51|lt|1,6609a32585722d1e798dcf51,lt,1,10.0,0.16666666666666666,lt_market,1,12.0,0.23850463638782385,0.43535114386867885,0.3261442197434974
66129825e6dad815d14d5b2b|kw|1,66129825e6dad815d14d5b2b,kw,1,11.0,0.08333333333333333,kw_market,2,4.0,0.7361673893474243,0.1096348379431364,0.15419777270943927
66129825e6dad815d14d5b2b|kw|1,66129825e6dad815d14d5b2b,kw,1,11.0,0.08333333333333333,kw_market,2,6.0,0.7989861817038332,0.054226433888478885,0.1467873844076879
66129825e6dad815d14d5b2b|kw|1,66129825e6dad815d14d5b2b,kw,1,11.0,0.08333333333333333,kw_market,2,8.0,0.6644263575202457,0.17859591350504198,0.15697772897471232
66129825e6dad815d14d5b2b|kw|1,66129825e6dad815d14d5b2b,kw,1,11.0,0.08333333333333333,kw_market,2,12.0,0.47378044198395936,0.4005688338862741,0.12565072412976652
66129913cfb0d4d6869dffd8|lt|1,66129913cfb0d4d6869dffd8,lt,1,10.0,0.16666666666666666,lt_market,3,4.0,0.7469537774739156,0.1260492290024411,0.12699699352364338
66129913cfb0d4d6869dffd8|lt|1,66129913cfb0d4d6869dffd8,lt,1,10.0,0.16666666666666666,lt_market,3,6.0,0.8156423500109986,0.06272577061652274,0.12163187937247864
66129913cfb0d4d6869dffd8|lt|1,66129913cfb0d4d6869dffd8,lt,1,10.0,0.16666666666666666,lt_market,3,8.0,0.6682918351132063,0.2035472700851669,0.12816089480162682
66129913cfb0d4d6869dffd8|lt|1,66129913cfb0d4d6869dffd8,lt,1,10.0,0.16666666666666666,lt_market,3,12.0,0.46013164729019995,0.44081523307752585,0.09905311963227426
6612fd1462232a5cbec549e3|kw|1,6612fd1462232a5cbec549e3,kw,1,8.0,0.3333333333333333,kw_market,1,4.0,0.6581622492398861,0.17242164747245606,0.16941610328765785
6612fd1462232a5cbec549e3|kw|1,6612fd1462232a5cbec549e3,kw,1,8.0,0.3333333333333333,kw_market,1,6.0,0.7434064265380043,0.0887533808905588,0.16784019257143692
6612fd1462232a5cbec549e3|kw|1,6612fd1462232a5cbec549e3,kw,1,8.0,0.3333333333333333,kw_market,1,8.0,0.5671570528192297,0.2681728579214787,0.16467008925929158
6612fd1462232a5cbec549e3|kw|1,6612fd1462232a5cbec549e3,kw,1,8.0,0.3333333333333333,kw_market,1,12.0,0.3554699132209153,0.5286761196575392,0.11585396712154535
6613eaa8e44e25e801f85215|kw|0,6613eaa8e44e25e801f85215,kw,0,6.0,0.5,kw_control,3,4.0,0.5991152191771398,0.2892181773880015,0.11166660343485872
6613eaa8e44e25e801f85215|kw|0,6613eaa8e44e25e801f85215,kw,0,6.0,0.5,kw_control,3,6.0,0.7228176966811188,0.15901708292873432,0.1181652203901469
6613eaa8e44e25e801f85215|kw|0,6613eaa8e44e25e801f85215,kw,0,6.0,0.5,kw_control,3,8.0,0.48041487877449995,0.41858565753864974,0.10099946368685034
6613eaa8e44e25e801f85215|kw|0,6613eaa8e44e25e801f85215,kw,0,6.0,0.5,kw_control,3,12.0,0.2514724991166311,0.6891817275088895,0.059345773374479334
6613eaa8e44e25e801f85215|kw|1,6613eaa8e44e25e801f85215,kw,1,10.0,0.16666666666666666,kw_market,1,4.0,0.4228996357122534,0.12243357875618316,0.4546667855315634
6613eaa8e44e25e801f85215|kw|1,6613eaa8e44e25e801f85215,kw,1,10.0,0.16666666666666666,kw_market,1,6.0,0.4819465494923466,0.0635860549491938,0.45446739555845955
6613eaa8e44e25e801f85215|kw|1,6613eaa8e44e25e801f85215,kw,1,10.0,0.16666666666666666,kw_market,1,8.0,0.3656021271786469,0.19104013148505083,0.4433577413363022
6613eaa8e44e25e801f85215|kw|1,6613eaa8e44e25e801f85215,kw,1,10.0,0.16666666666666666,kw_market,1,12.0,0.24969753917523133,0.4103982678196413,0.33990419300512736
6619cb1e30cb95691a6dd425|lt|1,6619cb1e30cb95691a6dd425,lt,1,8.0,0.3333333333333333,lt_market,4,4.0,0.6671876269510717,0.0797605109321789,0.25305186211674935
6619cb1e30cb95691a6dd425|lt|1,6619cb1e30cb95691a6dd425,lt,1,8.0,0.3333333333333333,lt_market,4,6.0,0.7209040499797946,0.03927508933948643,0.23982086068071895
6619cb1e30cb95691a6dd425|lt|1,6619cb1e30cb95691a6dd425,lt,1,8.0,0.3333333333333333,lt_market,4,8.0,0.6084275558032348,0.13128088025458837,0.26029156394217673
6619cb1e30cb95691a6dd425|lt|1,6619cb1e30cb95691a6dd425,lt,1,8.0,0.3333333333333333,lt_market,4,12.0,0.4631960581652854,0.31436401156910687,0.2224399302656077
661ed0d24e9ed72f176f2dd3|kw|0,661ed0d24e9ed72f176f2dd3,kw,0,7.0,0.4166666666666667,kw_control,3,4.0,0.7469537774739156,0.1260492290024411,0.12699699352364338
661ed0d24e9ed72f176f2dd3|kw|0,661ed0d24e9ed72f176f2dd3,kw,0,7.0,0.4166666666666667,kw_control,3,6.0,0.8156423500109986,0.06272577061652274,0.12163187937247864
661ed0d24e9ed72f176f2dd3|kw|0,661ed0d24e9ed72f176f2dd3,kw,0,7.0,0.4166666666666667,kw_control,3,8.0,0.6682918351132063,0.2035472700851669,0.12816089480162682
661ed0d24e9ed72f176f2dd3|kw|0,661ed0d24e9ed72f176f2dd3,kw,0,7.0,0.4166666666666667,kw_control,3,12.0,0.46013164729019995,0.44081523307752585,0.09905311963227426
661fc8bb0644ba960f0e3b65|lt|1,661fc8bb0644ba960f0e3b65,lt,1,10.0,0.16666666666666666,lt_market,2,4.0,0.5756275307869297,0.289175828122463,0.1351966410906073
661fc8bb0644ba960f0e3b65|lt|1,661fc8bb0644ba960f0e3b65,lt,1,10.0,0.16666666666666666,lt_market,2,6.0,0.6968924612271754,0.15954601824848022,0.14356152052434434
661fc8bb0644ba960f0e3b65|lt|1,661fc8bb0644ba960f0e3b65,lt,1,10.0,0.16666666666666666,lt_market,2,8.0,0.46048162042858715,0.41752779585571925,0.12199058371569356
661fc8bb0644ba960f0e3b65|lt|1,661fc8bb0644ba960f0e3b65,lt,1,10.0,0.16666666666666666,lt_market,2,12.0,0.24100030959831442,0.687331195008194,0.07166849539349159
6621a2f38453311275d17d65|kw|0,6621a2f38453311275d17d65,kw,0,6.0,0.5,kw_control,4,4.0,0.7967830643922639,0.0863610139892806,0.11685592161845557
6621a2f38453311275d17d65|kw|0,6621a2f38453311275d17d65,kw,0,6.0,0.5,kw_control,4,6.0,0.8488753979574292,0.04192966165494564,0.10919494038762523
6621a2f38453311275d17d65|kw|0,6621a2f38453311275d17d65,kw,0,6.0,0.5,kw_control,4,8.0,0.734725594349773,0.14373266181188782,0.12154174383833914
6621a2f38453311275d17d65|kw|0,6621a2f38453311275d17d65,kw,0,6.0,0.5,kw_control,4,12.0,0.5552408647390824,0.3416544516522735,0.10310468360864405
662613a0c132844f74a62143|lt|1,662613a0c132844f74a62143,lt,1,12.0,0.0,lt_market,1,4.0,0.4217863885520073,0.08362403817848542,0.4945895732695073
662613a0c132844f74a62143|lt|1,662613a0c132844f74a62143,lt,1,12.0,0.0,lt_market,1,6.0,0.4719557437340868,0.042642202044685724,0.4854020542212275
662613a0c132844f74a62143|lt|1,662613a0c132844f74a62143,lt,1,12.0,0.0,lt_market,1,8.0,0.3730670680706269,0.13349904239715915,0.49343388953221384
662613a0c132844f74a62143|lt|1,662613a0c132844f74a62143,lt,1,12.0,0.0,lt_market,1,12.0,0.27698876136268313,0.3117659971355975,0.41124524150171937
66293dd4c51422edb482d223|kw|0,66293dd4c51422edb482d223,kw,0,6.0,0.5,kw_control,4,4.0,0.7967830643922639,0.0863610139892806,0.11685592161845557
66293dd4c51422edb482d223|kw|0,66293dd4c51422edb482d223,kw,0,6.0,0.5,kw_control,4,6.0,0.8488753979574292,0.04192966165494564,0.10919494038762523
66293dd4c51422edb482d223|kw|0,66293dd4c51422edb482d223,kw,0,6.0,0.5,kw_control,4,8.0,0.734725594349773,0.14373266181188782,0.12154174383833914
66293dd4c51422edb482d223|kw|0,66293dd4c51422edb482d223,kw,0,6.0,0.5,kw_control,4,12.0,0.5552408647390824,0.3416544516522735,0.10310468360864405
66293dd4c51422edb482d223|kw|1,66293dd4c51422edb482d223,kw,1,7.0,0.4166666666666667,kw_market,2,4.0,0.3430066293610306,0.5651867261294364,0.091806644509533
66293dd4c51422edb482d223|kw|1,66293dd4c51422edb482d223,kw,1,7.0,0.4166666666666667,kw_market,2,6.0,0.503608398542424,0.3781657357509715,0.1182258657066046
66293dd4c51422edb482d223|kw|1,66293dd4c51422edb482d223,kw,1,7.0,0.4166666666666667,kw_market,2,8.0,0.23386853759197518,0.6955268514247173,0.0706046109833076
66293dd4c51422edb482d223|kw|1,66293dd4c51422edb482d223,kw,1,7.0,0.4166666666666667,kw_market,2,12.0,0.09351630640395528,0.8747920117451433,0.03169168185090155
662948ed99960b11f2f8e3fe|lt|0,662948ed99960b11f2f8e3fe,lt,0,6.0,0.5,lt_control,4,4.0,0.7967830643922639,0.0863610139892806,0.11685592161845557
662948ed99960b11f2f8e3fe|lt|0,662948ed99960b11f2f8e3fe,lt,0,6.0,0.5,lt_control,4,6.0,0.8488753979574292,0.04192966165494564,0.10919494038762523
662948ed99960b11f2f8e3fe|lt|0,662948ed99960b11f2f8e3fe,lt,0,6.0,0.5,lt_control,4,8.0,0.734725594349773,0.14373266181188782,0.12154174383833914
662948ed99960b11f2f8e3fe|lt|0,662948ed99960b11f2f8e3fe,lt,0,6.0,0.5,lt_control,4,12.0,0.5552408647390824,0.3416544516522735,0.10310468360864405
662ac5849e0f931cc08e32b7|lt|1,662ac5849e0f931cc08e32b7,lt,1,10.5,0.125,lt_market,1,4.0,0.4217863885520073,0.08362403817848542,0.4945895732695073
662ac5849e0f931cc08e32b7|lt|1,662ac5849e0f931cc08e32b7,lt,1,10.5,0.125,lt_market,1,6.0,0.4719557437340868,0.042642202044685724,0.4854020542212275
662ac5849e0f931cc08e32b7|lt|1,662ac5849e0f931cc08e32b7,lt,1,10.5,0.125,lt_market,1,8.0,0.3730670680706269,0.13349904239715915,0.49343388953221384
662ac5849e0f931cc08e32b7|lt|1,662ac5849e0f931cc08e32b7,lt,1,10.5,0.125,lt_market,1,12.0,0.27698876136268313,0.3117659971355975,0.41124524150171937
662e86c0ca96b47a056ccd7b|kw|1,662e86c0ca96b47a056ccd7b,kw,1,10.0,0.16666666666666666,kw_market,3,4.0,0.4590211389134735,0.4416980374481885,0.09928082363833797
662e86c0ca96b47a056ccd7b|kw|1,662e86c0ca96b47a056ccd7b,kw,1,10.0,0.16666666666666666,kw_market,3,6.0,0.6141642285529435,0.2693252513060585,0.11651052014099801
662e86c0ca96b47a056ccd7b|kw|1,662e86c0ca96b47a056ccd7b,kw,1,10.0,0.16666666666666666,kw_market,3,8.0,0.3354866394421057,0.582667338095067,0.08184602246282723
662e86c0ca96b47a056ccd7b|kw|1,662e86c0ca96b47a056ccd7b,kw,1,10.0,0.16666666666666666,kw_market,3,12.0,0.14844011946848776,0.8109089658498542,0.04065091468165803
662ee0b0f3785c3fe59e191f|kw|0,662ee0b0f3785c3fe59e191f,kw,0,6.0,0.5,kw_control,4,4.0,0.7967830643922639,0.0863610139892806,0.11685592161845557
662ee0b0f3785c3fe59e191f|kw|0,662ee0b0f3785c3fe59e191f,kw,0,6.0,0.5,kw_control,4,6.0,0.8488753979574292,0.04192966165494564,0.10919494038762523
662ee0b0f3785c3fe59e191f|kw|0,662ee0b0f3785c3fe59e191f,kw,0,6.0,0.5,kw_control,4,8.0,0.734725594349773,0.14373266181188782,0.12154174383833914
662ee0b0f3785c3fe59e191f|kw|0,662ee0b0f3785c3fe59e191f,kw,0,6.0,0.5,kw_control,4,12.0,0.5552408647390824,0.3416544516522735,0.10310468360864405
662ee0b0f3785c3fe59e191f|kw|1,662ee0b0f3785c3fe59e191f,kw,1,9.0,0.25,kw_market,4,4.0,0.571338770440549,0.17925048060108595,0.24941074895836493
662ee0b0f3785c3fe59e191f|kw|1,662ee0b0f3785c3fe59e191f,kw,1,9.0,0.25,kw_market,4,6.0,0.655366829483213,0.09370243177759467,0.2509307387391923
662ee0b0f3785c3fe59e191f|kw|1,662ee0b0f3785c3fe59e191f,kw,1,9.0,0.25,kw_market,4,8.0,0.48575366787007607,0.2750650314776106,0.23918130065231344
662ee0b0f3785c3fe59e191f|kw|1,662ee0b0f3785c3fe59e191f,kw,1,9.0,0.25,kw_market,4,12.0,0.2999535607534116,0.5342551021496967,0.16579133709689162
662f0e1c35799d2e6f03c756|kw|0,662f0e1c35799d2e6f03c756,kw,0,8.0,0.3333333333333333,kw_control,4,4.0,0.6968665492495063,0.1911689023050412,0.11196454844545256
662f0e1c35799d2e6f03c756|kw|0,662f0e1c35799d2e6f03c756,kw,0,8.0,0.3333333333333333,kw_control,4,6.0,0.7899277660422191,0.09875401929139141,0.11131821466638946
662f0e1c35799d2e6f03c756|kw|0,662f0e1c35799d2e6f03c756,kw,0,8.0,0.3333333333333333,kw_control,4,8.0,0.5965315652298586,0.295361386949424,0.10810704782071744
662f0e1c35799d2e6f03c756|kw|0,662f0e1c35799d2e6f03c756,kw,0,8.0,0.3333333333333333,kw_control,4,12.0,0.3622119022415662,0.5641029475043086,0.07368515025412525
662fa48c0b5e59f9bd5322cc|kw|0,662fa48c0b5e59f9bd5322cc,kw,0,6.0,0.5,kw_control,4,4.0,0.558660691924327,0.34065656275237055,0.10068274532330242
662fa48c0b5e59f9bd5322cc|kw|0,662fa48c0b5e59f9bd5322cc,kw,0,6.0,0.5,kw_control,4,6.0,0.6963986685899355,0.193520220348297,0.11008111106176757
662fa48c0b5e59f9bd5322cc|kw|0,662fa48c0b5e59f9bd5322cc,kw,0,6.0,0.5,kw_control,4,8.0,0.4340541290144629,0.47771095228569643,0.08823491869984058
662fa48c0b5e59f9bd5322cc|kw|0,662fa48c0b5e59f9bd5322cc,kw,0,6.0,0.5,kw_control,4,12.0,0.21322207286148814,0.7381231557018059,0.048654771436706115
662fb42cc3458e96dee33181|kw|1,662fb42cc3458e96dee33181,kw,1,10.0,0.16666666666666666,kw_market,4,4.0,0.44487657556760063,0.3211223281330064,0.23400109629939295
662fb42cc3458e96dee33181|kw|1,662fb42cc3458e96dee33181,kw,1,10.0,0.16666666666666666,kw_market,4,6.0,0.5585668067081483,0.18374090922058522,0.2576922840712665
662fb42cc3458e96dee33181|kw|1,662fb42cc3458e96dee33181,kw,1,10.0,0.16666666666666666,kw_market,4,8.0,0.34529087395016766,0.4498510371046932,0.20485808894513893
662fb42cc3458e96dee33181|kw|1,662fb42cc3458e96dee33181,kw,1,10.0,0.16666666666666666,kw_market,4,12.0,0.17349475409415616,0.7109602764015306,0.11554496950431334
6630e75a1f3d3083c3fd00fc|kw|0,6630e75a1f3d3083c3fd00fc,kw,0,6.0,0.5,kw_control,2,4.0,0.7433292992578339,0.10345181487983103,0.15321888586233506
6630e75a1f3d3083c3fd00fc|kw|0,6630e75a1f3d3083c3fd00fc,kw,0,6.0,0.5,kw_control,2,6.0,0.8037187445761372,0.0509754105696561,0.1453058448542066
6630e75a1f3d3083c3fd00fc|kw|0,6630e75a1f3d3083c3fd00fc,kw,0,6.0,0.5,kw_control,2,8.0,0.6739939015063535,0.16930332631981063,0.15670277217383582
6630e75a1f3d3083c3fd00fc|kw|0,6630e75a1f3d3083c3fd00fc,kw,0,6.0,0.5,kw_control,2,12.0,0.4875453502907796,0.3852120864727461,0.12724256323647432
6631b5852e5e748863ca2c4c|kw|0,6631b5852e5e748863ca2c4c,kw,0,12.0,0.0,kw_control,2,4.0,0.5756275307869297,0.289175828122463,0.1351966410906073
6631b5852e5e748863ca2c4c|kw|0,6631b5852e5e748863ca2c4c,kw,0,12.0,0.0,kw_control,2,6.0,0.6968924612271754,0.15954601824848022,0.14356152052434434
6631b5852e5e748863ca2c4c|kw|0,6631b5852e5e748863ca2c4c,kw,0,12.0,0.0,kw_control,2,8.0,0.46048162042858715,0.41752779585571925,0.12199058371569356
6631b5852e5e748863ca2c4c|kw|0,6631b5852e5e748863ca2c4c,kw,0,12.0,0.0,kw_control,2,12.0,0.24100030959831442,0.687331195008194,0.07166849539349159
6632687cb045de5ac33ceea3|lt|0,6632687cb045de5ac33ceea3,lt,0,6.0,0.5,lt_control,3,4.0,0.6702227532709218,0.20380802704253617,0.1259692196865419
6632687cb045de5ac33ceea3|lt|0,6632687cb045de5ac33ceea3,lt,0,6.0,0.5,lt_control,3,6.0,0.7672053225872183,0.10631963990956535,0.12647503750321637
6632687cb045de5ac33ceea3|lt|0,6632687cb045de5ac33ceea3,lt,0,6.0,0.5,lt_control,3,8.0,0.5679072378959134,0.31169668420843766,0.12039607789564899
6632687cb045de5ac33ceea3|lt|0,6632687cb045de5ac33ceea3,lt,0,6.0,0.5,lt_control,3,12.0,0.3373443250665337,0.5823761078395135,0.08027956709395266
6632687cb045de5ac33ceea3|lt|1,6632687cb045de5ac33ceea3,lt,1,8.0,0.3333333333333333,lt_market,4,4.0,0.6968665492495063,0.1911689023050412,0.11196454844545256
6632687cb045de5ac33ceea3|lt|1,6632687cb045de5ac33ceea3,lt,1,8.0,0.3333333333333333,lt_market,4,6.0,0.7899277660422191,0.09875401929139141,0.11131821466638946
6632687cb045de5ac33ceea3|lt|1,6632687cb045de5ac33ceea3,lt,1,8.0,0.3333333333333333,lt_market,4,8.0,0.5965315652298586,0.295361386949424,0.10810704782071744
6632687cb045de5ac33ceea3|lt|1,6632687cb045de5ac33ceea3,lt,1,8.0,0.3333333333333333,lt_market,4,12.0,0.3622119022415662,0.5641029475043086,0.07368515025412525
6633a447cefc384785ec5e16|kw|0,6633a447cefc384785ec5e16,kw,0,6.0,0.5,kw_control,4,4.0,0.558660691924327,0.34065656275237055,0.10068274532330242
6633a447cefc384785ec5e16|kw|0,6633a447cefc384785ec5e16,kw,0,6.0,0.5,kw_control,4,6.0,0.6963986685899355,0.193520220348297,0.11008111106176757
6633a447cefc384785ec5e16|kw|0,6633a447cefc384785ec5e16,kw,0,6.0,0.5,kw_control,4,8.0,0.4340541290144629,0.47771095228569643,0.08823491869984058
6633a447cefc384785ec5e16|kw|0,6633a447cefc384785ec5e16,kw,0,6.0,0.5,kw_control,4,12.0,0.21322207286148814,0.7381231557018059,0.048654771436706115
663502026e662c1124df1b0b|kw|1,663502026e662c1124df1b0b,kw,1,11.5,0.041666666666666664,kw_market,1,4.0,0.4217863885520073,0.08362403817848542,0.4945895732695073
663502026e662c1124df1b0b|kw|1,663502026e662c1124df1b0b,kw,1,11.5,0.041666666666666664,kw_market,1,6.0,0.4719557437340868,0.042642202044685724,0.4854020542212275
663502026e662c1124df1b0b|kw|1,663502026e662c1124df1b0b,kw,1,11.5,0.041666666666666664,kw_market,1,8.0,0.3730670680706269,0.13349904239715915,0.49343388953221384
663502026e662c1124df1b0b|kw|1,663502026e662c1124df1b0b,kw,1,11.5,0.041666666666666664,kw_market,1,12.0,0.27698876136268313,0.3117659971355975,0.41124524150171937
663554ada85eb670f3c6262c|lt|1,663554ada85eb670f3c6262c,lt,1,6.0,0.5,lt_market,2,4.0,0.3430066293610306,0.5651867261294364,0.091806644509533
663554ada85eb670f3c6262c|lt|1,663554ada85eb670f3c6262c,lt,1,6.0,0.5,lt_market,2,6.0,0.503608398542424,0.3781657357509715,0.1182258657066046
663554ada85eb670f3c6262c|lt|1,663554ada85eb670f3c6262c,lt,1,6.0,0.5,lt_market,2,8.0,0.23386853759197518,0.6955268514247173,0.0706046109833076
663554ada85eb670f3c6262c|lt|1,663554ada85eb670f3c6262c,lt,1,6.0,0.5,lt_market,2,12.0,0.09351630640395528,0.8747920117451433,0.03169168185090155
663a5db9ced6c4bf9bd77d3e|lt|1,663a5db9ced6c4bf9bd77d3e,lt,1,12.0,0.0,lt_market,3,4.0,0.4283799035268654,0.07267636948256995,0.4989437269905647
663a5db9ced6c4bf9bd77d3e|lt|1,663a5db9ced6c4bf9bd77d3e,lt,1,12.0,0.0,lt_market,3,6.0,0.4764422186367896,0.036836142675003944,0.48672163868820645
663a5db9ced6c4bf9bd77d3e|lt|1,663a5db9ced6c4bf9bd77d3e,lt,1,12.0,0.0,lt_market,3,8.0,0.38168573952012197,0.11687529794008228,0.5014389625397957
663a5db9ced6c4bf9bd77d3e|lt|1,663a5db9ced6c4bf9bd77d3e,lt,1,12.0,0.0,lt_market,3,12.0,0.2908783295915183,0.2801583214233768,0.42896334898510485
663a600c0eee049c542fe178|kw|1,663a600c0eee049c542fe178,kw,1,11.0,0.08333333333333333,kw_market,1,4.0,0.42742253806678665,0.11139198223746997,0.4611854796957434
663a600c0eee049c542fe178|kw|1,663a600c0eee049c542fe178,kw,1,11.0,0.08333333333333333,kw_market,1,6.0,0.4842266969404945,0.05751021826820146,0.458263084791304
663a600c0eee049c542fe178|kw|1,663a600c0eee049c542fe178,kw,1,11.0,0.08333333333333333,kw_market,1,8.0,0.3721028797663699,0.1750298843780177,0.45286723585561234
663a600c0eee049c542fe178|kw|1,663a600c0eee049c542fe178,kw,1,11.0,0.08333333333333333,kw_market,1,12.0,0.26003054999247305,0.38472367418170433,0.35524577582582256
663e2e8a4c7d721dca2aa866|kw|1,663e2e8a4c7d721dca2aa866,kw,1,6.0,0.5,kw_market,4,4.0,0.36015072619270216,0.058265909509683564,0.5815833642976143
663e2e8a4c7d721dca2aa866|kw|1,663e2e8a4c7d721dca2aa866,kw,1,6.0,0.5,kw_market,4,6.0,0.40159126602600953,0.029608354153649565,0.5688003798203409
663e2e8a4c7d721dca2aa866|kw|1,663e2e8a4c7d721dca2aa866,kw,1,6.0,0.5,kw_market,4,8.0,0.3211870652861515,0.09378663279450476,0.5850263019193436
663e2e8a4c7d721dca2aa866|kw|1,663e2e8a4c7d721dca2aa866,kw,1,6.0,0.5,kw_market,4,12.0,0.2523288394351154,0.2317528849069818,0.5159182756579028
663e721c25f558c476b26fa6|kw|1,663e721c25f558c476b26fa6,kw,1,11.0,0.08333333333333333,kw_market,2,4.0,0.40669953307889495,0.2448137797666282,0.3484866871544769
663e721c25f558c476b26fa6|kw|1,663e721c25f558c476b26fa6,kw,1,11.0,0.08333333333333333,kw_market,2,6.0,0.4936133118220561,0.13540940234650423,0.3709772858314397
663e721c25f558c476b26fa6|kw|1,663e721c25f558c476b26fa6,kw,1,11.0,0.08333333333333333,kw_market,2,8.0,0.3275505930511745,0.35587152283672,0.3165778841121053
663e721c25f558c476b26fa6|kw|1,663e721c25f558c476b26fa6,kw,1,11.0,0.08333333333333333,kw_market,2,12.0,0.18174288258460922,0.6210801096663144,0.1971770077490762
663f6d9dbe5335a23d60081a|lt|1,663f6d9dbe5335a23d60081a,lt,1,10.0,0.16666666666666666,lt_market,3,4.0,0.33239020215456444,0.1822515361437325,0.48535826170170304
663f6d9dbe5335a23d60081a|lt|1,663f6d9dbe5335a23d60081a,lt,1,10.0,0.16666666666666666,lt_market,3,6.0,0.3951603224651593,0.0987406740680277,0.5060990034668131
663f6d9dbe5335a23d60081a|lt|1,663f6d9dbe5335a23d60081a,lt,1,10.0,0.16666666666666666,lt_market,3,8.0,0.2749764293160345,0.2721266738356639,0.45289689684830176
663f6d9dbe5335a23d60081a|lt|1,663f6d9dbe5335a23d60081a,lt,1,10.0,0.16666666666666666,lt_market,3,12.0,0.16773897407471852,0.5221376257114091,0.3101234002138723
6640b22bdbc5620b17c3f375|kw|0,6640b22bdbc5620b17c3f375,kw,0,6.0,0.5,kw_control,3,4.0,0.7743666248753887,0.09340363246942479,0.13222974265518656
6640b22bdbc5620b17c3f375|kw|0,6640b22bdbc5620b17c3f375,kw,0,6.0,0.5,kw_control,3,6.0,0.8300540484119694,0.04562714390084003,0.12431880768719056
6640b22bdbc5620b17c3f375|kw|0,6640b22bdbc5620b17c3f375,kw,0,6.0,0.5,kw_control,3,8.0,0.7090625794703179,0.15436696555338442,0.1365704549762976
6640b22bdbc5620b17c3f375|kw|0,6640b22bdbc5620b17c3f375,kw,0,6.0,0.5,kw_control,3,12.0,0.5260452221021381,0.36022034982217804,0.11373442807568376
6640bdfe02e53e598b28c8a8|kw|0,6640bdfe02e53e598b28c8a8,kw,0,6.0,0.5,kw_control,3,4.0,0.7469537774739156,0.1260492290024411,0.12699699352364338
6640bdfe02e53e598b28c8a8|kw|0,6640bdfe02e53e598b28c8a8,kw,0,6.0,0.5,kw_control,3,6.0,0.8156423500109986,0.06272577061652274,0.12163187937247864
6640bdfe02e53e598b28c8a8|kw|0,6640bdfe02e53e598b28c8a8,kw,0,6.0,0.5,kw_control,3,8.0,0.6682918351132063,0.2035472700851669,0.12816089480162682
6640bdfe02e53e598b28c8a8|kw|0,6640bdfe02e53e598b28c8a8,kw,0,6.0,0.5,kw_control,3,12.0,0.46013164729019995,0.44081523307752585,0.09905311963227426
664151371b8b34f967a026d1|kw|1,664151371b8b34f967a026d1,kw,1,12.0,0.0,kw_market,1,4.0,0.6734327212875193,0.15353827029016942,0.17302900842231125
664151371b8b34f967a026d1|kw|1,664151371b8b34f967a026d1,kw,1,12.0,0.0,kw_market,1,6.0,0.7522986011249835,0.07816502230134571,0.16953637657367082
664151371b8b34f967a026d1|kw|1,664151371b8b34f967a026d1,kw,1,12.0,0.0,kw_market,1,8.0,0.58778040607822,0.2418745615684373,0.1703450323533426
664151371b8b34f967a026d1|kw|1,664151371b8b34f967a026d1,kw,1,12.0,0.0,kw_market,1,12.0,0.381727992428549,0.4940881762836564,0.1241838312877946
66421a683ec1aada2f687975|lt|0,66421a683ec1aada2f687975,lt,0,4.0,0.6666666666666666,lt_control,3,4.0,0.48458463988273437,0.41017899115382966,0.10523636896343587
66421a683ec1aada2f687975|lt|0,66421a683ec1aada2f687975,lt,0,4.0,0.6666666666666666,lt_control,3,6.0,0.6344269586152581,0.24472885051053575,0.12084419087420617
66421a683ec1aada2f687975|lt|0,66421a683ec1aada2f687975,lt,0,4.0,0.6666666666666666,lt_control,3,8.0,0.3606567734049984,0.5509986349024026,0.08834459169259883
66421a683ec1aada2f687975|lt|0,66421a683ec1aada2f687975,lt,0,4.0,0.6666666666666666,lt_control,3,12.0,0.1644630501653367,0.7903148324386078,0.04522211739605556
6642bc68a8130f486d2ae4b0|kw|1,6642bc68a8130f486d2ae4b0,kw,1,0.0,1.0,kw_market,4,4.0,0.5151051505452533,0.07039878187562167,0.41449606757912505
6642bc68a8130f486d2ae4b0|kw|1,6642bc68a8130f486d2ae4b0,kw,1,0.0,1.0,kw_market,4,6.0,0.5655891103243025,0.0352265461265229,0.39918434354917465
6642bc68a8130f486d2ae4b0|kw|1,6642bc68a8130f486d2ae4b0,kw,1,0.0,1.0,kw_market,4,8.0,0.46418481399153816,0.11450193911646867,0.4213132468919931
6642bc68a8130f486d2ae4b0|kw|1,6642bc68a8130f486d2ae4b0,kw,1,0.0,1.0,kw_market,4,12.0,0.3578155122977445,0.277623637545609,0.3645608501566464
6643bc4b7c72a9f1bcb44c5d|kw|1,6643bc4b7c72a9f1bcb44c5d,kw,1,8.0,0.3333333333333333,kw_market,2,4.0,0.528969729342128,0.11891769139435106,0.3521125792635209
6643bc4b7c72a9f1bcb44c5d|kw|1,6643bc4b7c72a9f1bcb44c5d,kw,1,8.0,0.3333333333333333,kw_market,2,6.0,0.5930152460568897,0.060754895898406304,0.3462298580447039
6643bc4b7c72a9f1bcb44c5d|kw|1,6643bc4b7c72a9f1bcb44c5d,kw,1,8.0,0.3333333333333333,kw_market,2,8.0,0.46369564308746664,0.18814874510626625,0.34815561180626714
6643bc4b7c72a9f1bcb44c5d|kw|1,6643bc4b7c72a9f1bcb44c5d,kw,1,8.0,0.3333333333333333,kw_market,2,12.0,0.32060554998539664,0.4091802932514969,0.2702141567631064
6643bd3878c19c6cf8de7632|kw|0,6643bd3878c19c6cf8de7632,kw,0,6.0,0.5,kw_control,2,4.0,0.7109567691393482,0.1438766614557014,0.1451665694049503
6643bd3878c19c6cf8de7632|kw|0,6643bd3878c19c6cf8de7632,kw,0,6.0,0.5,kw_control,2,6.0,0.7865873386490685,0.07254272782259659,0.14086993352833493
6643bd3878c19c6cf8de7632|kw|0,6643bd3878c19c6cf8de7632,kw,0,6.0,0.5,kw_control,2,8.0,0.6267359714057945,0.22892037106876448,0.14434365752544095
6643bd3878c19c6cf8de7632|kw|0,6643bd3878c19c6cf8de7632,kw,0,6.0,0.5,kw_control,2,12.0,0.41538405570604764,0.4772269972661056,0.10738894702784678
6643da4813f1eb4877d52fbf|kw|1,6643da4813f1eb4877d52fbf,kw,1,12.0,0.0,kw_market,3,4.0,0.28993646394706596,0.6366415289970869,0.07342200705584706
6643da4813f1eb4877d52fbf|kw|1,6643da4813f1eb4877d52fbf,kw,1,12.0,0.0,kw_market,3,6.0,0.4498862674567409,0.45018874816120236,0.09992498438205683
6643da4813f1eb4877d52fbf|kw|1,6643da4813f1eb4877d52fbf,kw,1,12.0,0.0,kw_market,3,8.0,0.19051882574053677,0.7550621219752571,0.05441905228420599
6643da4813f1eb4877d52fbf|kw|1,6643da4813f1eb4877d52fbf,kw,1,12.0,0.0,kw_market,3,12.0,0.07253507319359474,0.9042077063594595,0.02325722044694586
6644b750f83b1ad48d9ce14f|lt|0,6644b750f83b1ad48d9ce14f,lt,0,6.0,0.5,lt_control,4,4.0,0.558660691924327,0.34065656275237055,0.10068274532330242
6644b750f83b1ad48d9ce14f|lt|0,6644b750f83b1ad48d9ce14f,lt,0,6.0,0.5,lt_control,4,6.0,0.6963986685899355,0.193520220348297,0.11008111106176757
6644b750f83b1ad48d9ce14f|lt|0,6644b750f83b1ad48d9ce14f,lt,0,6.0,0.5,lt_control,4,8.0,0.4340541290144629,0.47771095228569643,0.08823491869984058
6644b750f83b1ad48d9ce14f|lt|0,6644b750f83b1ad48d9ce14f,lt,0,6.0,0.5,lt_control,4,12.0,0.21322207286148814,0.7381231557018059,0.048654771436706115
66452f8e6f5cff92c469b400|lt|1,66452f8e6f5cff92c469b400,lt,1,12.0,0.0,lt_market,1,4.0,0.4217863885520073,0.08362403817848542,0.4945895732695073
66452f8e6f5cff92c469b400|lt|1,66452f8e6f5cff92c469b400,lt,1,12.0,0.0,lt_market,1,6.0,0.4719557437340868,0.042642202044685724,0.4854020542212275
66452f8e6f5cff92c469b400|lt|1,66452f8e6f5cff92c469b400,lt,1,12.0,0.0,lt_market,1,8.0,0.3730670680706269,0.13349904239715915,0.49343388953221384
66452f8e6f5cff92c469b400|lt|1,66452f8e6f5cff92c469b400,lt,1,12.0,0.0,lt_market,1,12.0,0.27698876136268313,0.3117659971355975,0.41124524150171937
66455f0cb0bc36b3cbe62bd0|lt|0,66455f0cb0bc36b3cbe62bd0,lt,0,6.0,0.5,lt_control,2,4.0,0.5756275307869297,0.289175828122463,0.1351966410906073
66455f0cb0bc36b3cbe62bd0|lt|0,66455f0cb0bc36b3cbe62bd0,lt,0,6.0,0.5,lt_control,2,6.0,0.6968924612271754,0.15954601824848022,0.14356152052434434
66455f0cb0bc36b3cbe62bd0|lt|0,66455f0cb0bc36b3cbe62bd0,lt,0,6.0,0.5,lt_control,2,8.0,0.46048162042858715,0.41752779585571925,0.12199058371569356
66455f0cb0bc36b3cbe62bd0|lt|0,66455f0cb0bc36b3cbe62bd0,lt,0,6.0,0.5,lt_control,2,12.0,0.24100030959831442,0.687331195008194,0.07166849539349159
664647d420183b9017337dfa|lt|1,664647d420183b9017337dfa,lt,1,8.0,0.3333333333333333,lt_market,4,4.0,0.28250488598195006,0.138423458817326,0.5790716552007239
664647d420183b9017337dfa|lt|1,664647d420183b9017337dfa,lt,1,8.0,0.3333333333333333,lt_market,4,6.0,0.33099970340005425,0.07391134588732348,0.5950889507126222
664647d420183b9017337dfa|lt|1,664647d420183b9017337dfa,lt,1,8.0,0.3333333333333333,lt_market,4,8.0,0.2382984493856506,0.21074516084945938,0.55095638976489
664647d420183b9017337dfa|lt|1,664647d420183b9017337dfa,lt,1,8.0,0.3333333333333333,lt_market,4,12.0,0.1568125655072601,0.43620698645227546,0.4069804480404645
6647e64e68a80c2df0ecede1|kw|1,6647e64e68a80c2df0ecede1,kw,1,9.0,0.25,kw_market,2,4.0,0.32416932750857796,0.07951030600103152,0.5963203664903906
6647e64e68a80c2df0ecede1|kw|1,6647e64e68a80c2df0ecede1,kw,1,9.0,0.25,kw_market,2,6.0,0.3669418758799028,0.04101555138062484,0.5920425727394726
6647e64e68a80c2df0ecede1|kw|1,6647e64e68a80c2df0ecede1,kw,1,9.0,0.25,kw_market,2,8.0,0.28428509760949333,0.12585146065735328,0.5898634417331534
6647e64e68a80c2df0ecede1|kw|1,6647e64e68a80c2df0ecede1,kw,1,9.0,0.25,kw_market,2,12.0,0.21179344097151592,0.29491172182525827,0.49329483720322587
66484cfc664a1d8dd22f2fcf|kw|1,66484cfc664a1d8dd22f2fcf,kw,1,10.0,0.16666666666666666,kw_market,3,4.0,0.24939403524112835,0.6893169842730072,0.06128898048586439
66484cfc664a1d8dd22f2fcf|kw|1,66484cfc664a1d8dd22f2fcf,kw,1,10.0,0.16666666666666666,kw_market,3,6.0,0.4040162045133804,0.5088988554014028,0.08708494008521685
66484cfc664a1d8dd22f2fcf|kw|1,66484cfc664a1d8dd22f2fcf,kw,1,10.0,0.16666666666666666,kw_market,3,8.0,0.15959463983206776,0.7961664621950535,0.0442388979728788
66484cfc664a1d8dd22f2fcf|kw|1,66484cfc664a1d8dd22f2fcf,kw,1,10.0,0.16666666666666666,kw_market,3,12.0,0.058814769384417265,0.9228844727509813,0.018300757864601315
6648c20d6429196c77d342d9|lt|1,6648c20d6429196c77d342d9,lt,1,10.0,0.16666666666666666,lt_market,3,4.0,0.26999555363670696,0.6623100889886537,0.06769435737463939
6648c20d6429196c77d342d9|lt|1,6648c20d6429196c77d342d9,lt,1,10.0,0.16666666666666666,lt_market,3,6.0,0.4277501259663467,0.4781836000116963,0.09406627402195698
6648c20d6429196c77d342d9|lt|1,6648c20d6429196c77d342d9,lt,1,10.0,0.16666666666666666,lt_market,3,8.0,0.17512238509158115,0.7753523069069855,0.04952530800143325
6648c20d6429196c77d342d9|lt|1,6648c20d6429196c77d342d9,lt,1,10.0,0.16666666666666666,lt_market,3,12.0,0.06560104346562534,0.9135735759587145,0.020825380575660343
664a375e07e464189e4b25f4|lt|1,664a375e07e464189e4b25f4,lt,1,12.0,0.0,lt_market,4,4.0,0.21742630456476736,0.043251203599202176,0.7393224918360306
664a375e07e464189e4b25f4|lt|1,664a375e07e464189e4b25f4,lt,1,12.0,0.0,lt_market,4,6.0,0.24551442514523106,0.02225680904362583,0.732228765811143
664a375e07e464189e4b25f4|lt|1,664a375e07e464189e4b25f4,lt,1,12.0,0.0,lt_market,4,8.0,0.1925133851249793,0.06911935948406119,0.7383672553909594
664a375e07e464189e4b25f4|lt|1,664a375e07e464189e4b25f4,lt,1,12.0,0.0,lt_market,4,12.0,0.15540837485405848,0.17550462089907573,0.6690870042468657
664b530d4cf8b88b68548a11|lt|1,664b530d4cf8b88b68548a11,lt,1,12.0,0.0,lt_market,4,4.0,0.36015072619270216,0.058265909509683564,0.5815833642976143
664b530d4cf8b88b68548a11|lt|1,664b530d4cf8b88b68548a11,lt,1,12.0,0.0,lt_market,4,6.0,0.40159126602600953,0.029608354153649565,0.5688003798203409
664b530d4cf8b88b68548a11|lt|1,664b530d4cf8b88b68548a11,lt,1,12.0,0.0,lt_market,4,8.0,0.3211870652861515,0.09378663279450476,0.5850263019193436
664b530d4cf8b88b68548a11|lt|1,664b530d4cf8b88b68548a11,lt,1,12.0,0.0,lt_market,4,12.0,0.2523288394351154,0.2317528849069818,0.5159182756579028
664b8bef90cdb799d4c4c35d|lt|0,664b8bef90cdb799d4c4c35d,lt,0,7.0,0.4166666666666667,lt_control,4,4.0,0.696866549249506,0.19116890230504152,0.1119645484454525
664b8bef90cdb799d4c4c35d|lt|0,664b8bef90cdb799d4c4c35d,lt,0,7.0,0.4166666666666667,lt_control,4,6.0,0.789927766042219,0.09875401929139162,0.1113182146663894
664b8bef90cdb799d4c4c35d|lt|0,664b8bef90cdb799d4c4c35d,lt,0,7.0,0.4166666666666667,lt_control,4,8.0,0.5965315652298582,0.2953613869494245,0.10810704782071738
664b8bef90cdb799d4c4c35d|lt|0,664b8bef90cdb799d4c4c35d,lt,0,7.0,0.4166666666666667,lt_control,4,12.0,0.36221190224156563,0.5641029475043091,0.07368515025412516
664d3ff00a00a73398ac3f4f|lt|0,664d3ff00a00a73398ac3f4f,lt,0,6.0,0.5,lt_control,4,4.0,0.558660691924327,0.34065656275237055,0.10068274532330242
664d3ff00a00a73398ac3f4f|lt|0,664d3ff00a00a73398ac3f4f,lt,0,6.0,0.5,lt_control,4,6.0,0.6963986685899355,0.193520220348297,0.11008111106176757
664d3ff00a00a73398ac3f4f|lt|0,664d3ff00a00a73398ac3f4f,lt,0,6.0,0.5,lt_control,4,8.0,0.4340541290144629,0.47771095228569643,0.08823491869984058
664d3ff00a00a73398ac3f4f|lt|0,664d3ff00a00a73398ac3f4f,lt,0,6.0,0.5,lt_control,4,12.0,0.21322207286148814,0.7381231557018059,0.048654771436706115
664ebfd573450db2596c40a8|lt|1,664ebfd573450db2596c40a8,lt,1,10.0,0.16666666666666666,lt_market,1,4.0,0.698798224432229,0.11406147889155789,0.18714029667621307
664ebfd573450db2596c40a8|lt|1,664ebfd573450db2596c40a8,lt,1,10.0,0.16666666666666666,lt_market,1,6.0,0.7637816584613157,0.056814109370394335,0.17940423216829
664ebfd573450db2596c40a8|lt|1,664ebfd573450db2596c40a8,lt,1,10.0,0.16666666666666666,lt_market,1,8.0,0.6263022562449089,0.18451167141005792,0.18918607234503312
664ebfd573450db2596c40a8|lt|1,664ebfd573450db2596c40a8,lt,1,10.0,0.16666666666666666,lt_market,1,12.0,0.4413591113573683,0.4089849486994945,0.14965593994313725
664f99fe99ad74bdbb1adc35|lt|0,664f99fe99ad74bdbb1adc35,lt,0,4.0,0.6666666666666666,lt_control,4,4.0,0.6968665492495063,0.1911689023050412,0.11196454844545256
664f99fe99ad74bdbb1adc35|lt|0,664f99fe99ad74bdbb1adc35,lt,0,4.0,0.6666666666666666,lt_control,4,6.0,0.7899277660422191,0.09875401929139141,0.11131821466638946
664f99fe99ad74bdbb1adc35|lt|0,664f99fe99ad74bdbb1adc35,lt,0,4.0,0.6666666666666666,lt_control,4,8.0,0.5965315652298586,0.295361386949424,0.10810704782071744
664f99fe99ad74bdbb1adc35|lt|0,664f99fe99ad74bdbb1adc35,lt,0,4.0,0.6666666666666666,lt_control,4,12.0,0.3622119022415662,0.5641029475043086,0.07368515025412525
6650ecda2657647b60a302eb|lt|1,6650ecda2657647b60a302eb,lt,1,10.0,0.16666666666666666,lt_market,3,4.0,0.34250554215283224,0.1597388017469014,0.49775565610026634
6650ecda2657647b60a302eb|lt|1,6650ecda2657647b60a302eb,lt,1,10.0,0.16666666666666666,lt_market,3,6.0,0.4020573533991627,0.08545364676950185,0.5124889998313354
6650ecda2657647b60a302eb|lt|1,6650ecda2657647b60a302eb,lt,1,10.0,0.16666666666666666,lt_market,3,8.0,0.28727395364847985,0.2418197299260918,0.4709063164254284
6650ecda2657647b60a302eb|lt|1,6650ecda2657647b60a302eb,lt,1,10.0,0.16666666666666666,lt_market,3,12.0,0.18222287784342625,0.4824738102089433,0.33530331194763047
66524aa2a82e242800be156b|lt|0,66524aa2a82e242800be156b,lt,0,6.0,0.5,lt_control,4,4.0,0.558660691924327,0.34065656275237055,0.10068274532330242
66524aa2a82e242800be156b|lt|0,66524aa2a82e242800be156b,lt,0,6.0,0.5,lt_control,4,6.0,0.6963986685899355,0.193520220348297,0.11008111106176757
66524aa2a82e242800be156b|lt|0,66524aa2a82e242800be156b,lt,0,6.0,0.5,lt_control,4,8.0,0.4340541290144629,0.47771095228569643,0.08823491869984058
66524aa2a82e242800be156b|lt|0,66524aa2a82e242800be156b,lt,0,6.0,0.5,lt_control,4,12.0,0.21322207286148814,0.7381231557018059,0.048654771436706115
66524aa2a82e242800be156b|lt|1,66524aa2a82e242800be156b,lt,1,12.0,0.0,lt_market,4,4.0,0.7967830643922639,0.0863610139892806,0.11685592161845557
66524aa2a82e242800be156b|lt|1,66524aa2a82e242800be156b,lt,1,12.0,0.0,lt_market,4,6.0,0.8488753979574292,0.04192966165494564,0.10919494038762523
66524aa2a82e242800be156b|lt|1,66524aa2a82e242800be156b,lt,1,12.0,0.0,lt_market,4,8.0,0.734725594349773,0.14373266181188782,0.12154174383833914
66524aa2a82e242800be156b|lt|1,66524aa2a82e242800be156b,lt,1,12.0,0.0,lt_market,4,12.0,0.5552408647390824,0.3416544516522735,0.10310468360864405
66535915cbec1d69819d3933|lt|0,66535915cbec1d69819d3933,lt,0,6.0,0.5,lt_control,4,4.0,0.558660691924327,0.34065656275237055,0.10068274532330242
66535915cbec1d69819d3933|lt|0,66535915cbec1d69819d3933,lt,0,6.0,0.5,lt_control,4,6.0,0.6963986685899355,0.193520220348297,0.11008111106176757
66535915cbec1d69819d3933|lt|0,66535915cbec1d69819d3933,lt,0,6.0,0.5,lt_control,4,8.0,0.4340541290144629,0.47771095228569643,0.08823491869984058
66535915cbec1d69819d3933|lt|0,66535915cbec1d69819d3933,lt,0,6.0,0.5,lt_control,4,12.0,0.21322207286148814,0.7381231557018059,0.048654771436706115
66535c666b8b41bd15d36ce0|kw|0,66535c666b8b41bd15d36ce0,kw,0,6.0,0.5,kw_control,3,4.0,0.7469537774739156,0.1260492290024411,0.12699699352364338
66535c666b8b41bd15d36ce0|kw|0,66535c666b8b41bd15d36ce0,kw,0,6.0,0.5,kw_control,3,6.0,0.8156423500109986,0.06272577061652274,0.12163187937247864
66535c666b8b41bd15d36ce0|kw|0,66535c666b8b41bd15d36ce0,kw,0,6.0,0.5,kw_control,3,8.0,0.6682918351132063,0.2035472700851669,0.12816089480162682
66535c666b8b41bd15d36ce0|kw|0,66535c666b8b41bd15d36ce0,kw,0,6.0,0.5,kw_control,3,12.0,0.46013164729019995,0.44081523307752585,0.09905311963227426
6655f99ef74e844cb8404cfa|kw|1,6655f99ef74e844cb8404cfa,kw,1,8.0,0.3333333333333333,kw_market,1,4.0,0.6405229171721862,0.19360787262979268,0.1658692101980212
6655f99ef74e844cb8404cfa|kw|1,6655f99ef74e844cb8404cfa,kw,1,8.0,0.3333333333333333,kw_market,1,6.0,0.7326644629278752,0.10092371760092787,0.1664118194711969
6655f99ef74e844cb8404cfa|kw|1,6655f99ef74e844cb8404cfa,kw,1,8.0,0.3333333333333333,kw_market,1,8.0,0.5441730175719791,0.29687799283054517,0.1589489895974758
6655f99ef74e844cb8404cfa|kw|1,6655f99ef74e844cb8404cfa,kw,1,8.0,0.3333333333333333,kw_market,1,12.0,0.32852824989110146,0.5637532827453073,0.10771846736359103
66587fc76ffbd0dff98853c6|lt|0,66587fc76ffbd0dff98853c6,lt,0,0.0,1.0,lt_control,2,4.0,0.5989695840322894,0.26119314438297425,0.13983727158473636
66587fc76ffbd0dff98853c6|lt|0,66587fc76ffbd0dff98853c6,lt,0,0.0,1.0,lt_control,2,6.0,0.7125060518382478,0.14159415774982745,0.14589979041192477
66587fc76ffbd0dff98853c6|lt|0,66587fc76ffbd0dff98853c6,lt,0,0.0,1.0,lt_control,2,8.0,0.4877102260064412,0.38385882309275593,0.1284309509008029
66587fc76ffbd0dff98853c6|lt|0,66587fc76ffbd0dff98853c6,lt,0,0.0,1.0,lt_control,2,12.0,0.26516575658838953,0.6564512305463766,0.07838301286523398
6658b2faa759210bfe72333e|kw|1,6658b2faa759210bfe72333e,kw,1,6.0,0.5,kw_market,3,4.0,0.260519950029666,0.06455573819099836,0.6749243117793358
6658b2faa759210bfe72333e|kw|1,6658b2faa759210bfe72333e,kw,1,6.0,0.5,kw_market,3,6.0,0.29540292318457784,0.033358646917398746,0.6712384298980234
6658b2faa759210bfe72333e|kw|1,6658b2faa759210bfe72333e,kw,1,6.0,0.5,kw_market,3,8.0,0.22886414249464815,0.10235858679831353,0.6687772707070385
6658b2faa759210bfe72333e|kw|1,6658b2faa759210bfe72333e,kw,1,6.0,0.5,kw_market,3,12.0,0.1758406587839122,0.2473666748297031,0.5767926663863848
6658bf916039705479385d08|lt|0,6658bf916039705479385d08,lt,0,4.0,0.6666666666666666,lt_control,4,4.0,0.558660691924327,0.34065656275237055,0.10068274532330242
6658bf916039705479385d08|lt|0,6658bf916039705479385d08,lt,0,4.0,0.6666666666666666,lt_control,4,6.0,0.6963986685899355,0.193520220348297,0.11008111106176757
6658bf916039705479385d08|lt|0,6658bf916039705479385d08,lt,0,4.0,0.6666666666666666,lt_control,4,8.0,0.4340541290144629,0.47771095228569643,0.08823491869984058
6658bf916039705479385d08|lt|0,6658bf916039705479385d08,lt,0,4.0,0.6666666666666666,lt_control,4,12.0,0.21322207286148814,0.7381231557018059,0.048654771436706115
6658f92784cb793eeaa052d0|kw|1,6658f92784cb793eeaa052d0,kw,1,12.0,0.0,kw_market,3,4.0,0.6002800211594287,0.11123377397582496,0.2884862048647464
6658f92784cb793eeaa052d0|kw|1,6658f92784cb793eeaa052d0,kw,1,12.0,0.0,kw_market,3,6.0,0.6640249266285222,0.056074697355138724,0.27990037601633905
6658f92784cb793eeaa052d0|kw|1,6658f92784cb793eeaa052d0,kw,1,12.0,0.0,kw_market,3,8.0,0.5328984670886758,0.17822963407632536,0.2888718988349988
6658f92784cb793eeaa052d0|kw|1,6658f92784cb793eeaa052d0,kw,1,12.0,0.0,kw_market,3,12.0,0.3758714953138093,0.39541232167975554,0.22871618300643523
6659056212616c7213f702c5|lt|1,6659056212616c7213f702c5,lt,1,6.0,0.5,lt_market,3,4.0,0.33239020215456444,0.1822515361437325,0.48535826170170304
6659056212616c7213f702c5|lt|1,6659056212616c7213f702c5,lt,1,6.0,0.5,lt_market,3,6.0,0.3951603224651593,0.0987406740680277,0.5060990034668131
6659056212616c7213f702c5|lt|1,6659056212616c7213f702c5,lt,1,6.0,0.5,lt_market,3,8.0,0.2749764293160345,0.2721266738356639,0.45289689684830176
6659056212616c7213f702c5|lt|1,6659056212616c7213f702c5,lt,1,6.0,0.5,lt_market,3,12.0,0.16773897407471852,0.5221376257114091,0.3101234002138723
66594968a8fca6ea85c9ac19|kw|1,66594968a8fca6ea85c9ac19,kw,1,12.0,0.0,kw_market,4,4.0,0.21742630456476736,0.043251203599202176,0.7393224918360306
66594968a8fca6ea85c9ac19|kw|1,66594968a8fca6ea85c9ac19,kw,1,12.0,0.0,kw_market,4,6.0,0.24551442514523106,0.02225680904362583,0.732228765811143
66594968a8fca6ea85c9ac19|kw|1,66594968a8fca6ea85c9ac19,kw,1,12.0,0.0,kw_market,4,8.0,0.1925133851249793,0.06911935948406119,0.7383672553909594
66594968a8fca6ea85c9ac19|kw|1,66594968a8fca6ea85c9ac19,kw,1,12.0,0.0,kw_market,4,12.0,0.15540837485405848,0.17550462089907573,0.6690870042468657
665990d77206343f142e900b|kw|0,665990d77206343f142e900b,kw,0,6.0,0.5,kw_control,4,4.0,0.5713387704405489,0.1792504806010861,0.24941074895836493
665990d77206343f142e900b|kw|0,665990d77206343f142e900b,kw,0,6.0,0.5,kw_control,4,6.0,0.6553668294832129,0.09370243177759476,0.2509307387391923
665990d77206343f142e900b|kw|0,665990d77206343f142e900b,kw,0,6.0,0.5,kw_control,4,8.0,0.48575366787007584,0.2750650314776108,0.23918130065231333
665990d77206343f142e900b|kw|0,665990d77206343f142e900b,kw,0,6.0,0.5,kw_control,4,12.0,0.2999535607534114,0.5342551021496968,0.1657913370968915
6659ed61566ce6a7ff2d5989|kw|0,6659ed61566ce6a7ff2d5989,kw,0,6.0,0.5,kw_control,3,4.0,0.6395013160788713,0.2384759243015463,0.1220227596195825
6659ed61566ce6a7ff2d5989|kw|0,6659ed61566ce6a7ff2d5989,kw,0,6.0,0.5,kw_control,3,6.0,0.7477747132767695,0.12707895817734013,0.12514632854589033
6659ed61566ce6a7ff2d5989|kw|0,6659ed61566ce6a7ff2d5989,kw,0,6.0,0.5,kw_control,3,8.0,0.5295807226969695,0.35644122485060925,0.11397805245242122
6659ed61566ce6a7ff2d5989|kw|0,6659ed61566ce6a7ff2d5989,kw,0,6.0,0.5,kw_control,3,12.0,0.2977392236810803,0.6303288330170002,0.07193194330191957
665ac7e640ab88f807fbb0c6|lt|1,665ac7e640ab88f807fbb0c6,lt,1,10.5,0.125,lt_market,2,4.0,0.4186420981110019,0.22355194670006417,0.35780595518893393
665ac7e640ab88f807fbb0c6|lt|1,665ac7e640ab88f807fbb0c6,lt,1,10.5,0.125,lt_market,2,6.0,0.5017581668474069,0.12210396883660302,0.37613786431598994
665ac7e640ab88f807fbb0c6|lt|1,665ac7e640ab88f807fbb0c6,lt,1,10.5,0.125,lt_market,2,8.0,0.34154857015306145,0.3291854950932395,0.32926593475369903
665ac7e640ab88f807fbb0c6|lt|1,665ac7e640ab88f807fbb0c6,lt,1,10.5,0.125,lt_market,2,12.0,0.1955530923847956,0.5928274017779639,0.21161950583724054
665d3b8935ef56ce74c4761f|kw|1,665d3b8935ef56ce74c4761f,kw,1,3.0,0.75,kw_market,4,4.0,0.5151051505452523,0.07039878187562157,0.41449606757912616
665d3b8935ef56ce74c4761f|kw|1,665d3b8935ef56ce74c4761f,kw,1,3.0,0.75,kw_market,4,6.0,0.5655891103243015,0.03522654612652285,0.39918434354917576
665d3b8935ef56ce74c4761f|kw|1,665d3b8935ef56ce74c4761f,kw,1,3.0,0.75,kw_market,4,8.0,0.4641848139915373,0.11450193911646846,0.4213132468919943
665d3b8935ef56ce74c4761f|kw|1,665d3b8935ef56ce74c4761f,kw,1,3.0,0.75,kw_market,4,12.0,0.35781551229774383,0.2776236375456086,0.36456085015664746
665e406a0f22e57ff8be5cde|kw|1,665e406a0f22e57ff8be5cde,kw,1,8.0,0.3333333333333333,kw_market,4,4.0,0.36015072619270216,0.058265909509683564,0.5815833642976143
665e406a0f22e57ff8be5cde|kw|1,665e406a0f22e57ff8be5cde,kw,1,8.0,0.3333333333333333,kw_market,4,6.0,0.40159126602600953,0.029608354153649565,0.5688003798203409
665e406a0f22e57ff8be5cde|kw|1,665e406a0f22e57ff8be5cde,kw,1,8.0,0.3333333333333333,kw_market,4,8.0,0.3211870652861515,0.09378663279450476,0.5850263019193436
665e406a0f22e57ff8be5cde|kw|1,665e406a0f22e57ff8be5cde,kw,1,8.0,0.3333333333333333,kw_market,4,12.0,0.2523288394351154,0.2317528849069818,0.5159182756579028
66619561132926a85baa3985|kw|1,66619561132926a85baa3985,kw,1,6.5,0.4583333333333333,kw_market,1,4.0,0.4228996357122534,0.12243357875618316,0.4546667855315634
66619561132926a85baa3985|kw|1,66619561132926a85baa3985,kw,1,6.5,0.4583333333333333,kw_market,1,6.0,0.4819465494923466,0.0635860549491938,0.45446739555845955
66619561132926a85baa3985|kw|1,66619561132926a85baa3985,kw,1,6.5,0.4583333333333333,kw_market,1,8.0,0.3656021271786469,0.19104013148505083,0.4433577413363022
66619561132926a85baa3985|kw|1,66619561132926a85baa3985,kw,1,6.5,0.4583333333333333,kw_market,1,12.0,0.24969753917523133,0.4103982678196413,0.33990419300512736
6661ffc5427a871210871122|lt|1,6661ffc5427a871210871122,lt,1,6.0,0.5,lt_market,4,4.0,0.21742630456476736,0.043251203599202176,0.7393224918360306
6661ffc5427a871210871122|lt|1,6661ffc5427a871210871122,lt,1,6.0,0.5,lt_market,4,6.0,0.24551442514523106,0.02225680904362583,0.732228765811143
6661ffc5427a871210871122|lt|1,6661ffc5427a871210871122,lt,1,6.0,0.5,lt_market,4,8.0,0.1925133851249793,0.06911935948406119,0.7383672553909594
6661ffc5427a871210871122|lt|1,6661ffc5427a871210871122,lt,1,6.0,0.5,lt_market,4,12.0,0.15540837485405848,0.17550462089907573,0.6690870042468657
66620b7efcaa40d33955df12|kw|1,66620b7efcaa40d33955df12,kw,1,11.0,0.08333333333333333,kw_market,4,4.0,0.30512008305287447,0.49150588058411565,0.20337403636300994
66620b7efcaa40d33955df12|kw|1,66620b7efcaa40d33955df12,kw,1,11.0,0.08333333333333333,kw_market,4,6.0,0.43127190314802916,0.31659850682062646,0.25212959003134433
66620b7efcaa40d33955df12|kw|1,66620b7efcaa40d33955df12,kw,1,11.0,0.08333333333333333,kw_market,4,8.0,0.2146263709225406,0.624013043819533,0.1613605852579263
66620b7efcaa40d33955df12|kw|1,66620b7efcaa40d33955df12,kw,1,11.0,0.08333333333333333,kw_market,4,12.0,0.09100020587767214,0.8322011715625305,0.07679862255979754
66620c13f3be060d78145a98|kw|1,66620c13f3be060d78145a98,kw,1,6.0,0.5,kw_market,4,4.0,0.36015072619270194,0.058265909509683536,0.5815833642976144
66620c13f3be060d78145a98|kw|1,66620c13f3be060d78145a98,kw,1,6.0,0.5,kw_market,4,6.0,0.40159126602600936,0.02960835415364955,0.5688003798203412
66620c13f3be060d78145a98|kw|1,66620c13f3be060d78145a98,kw,1,6.0,0.5,kw_market,4,8.0,0.3211870652861514,0.09378663279450472,0.5850263019193439
66620c13f3be060d78145a98|kw|1,66620c13f3be060d78145a98,kw,1,6.0,0.5,kw_market,4,12.0,0.25232883943511525,0.23175288490698162,0.5159182756579029
66621659860c05fcca83a646|kw|1,66621659860c05fcca83a646,kw,1,4.0,0.6666666666666666,kw_market,1,4.0,0.4210450142880932,0.4592488024107363,0.11970618330117044
66621659860c05fcca83a646|kw|1,66621659860c05fcca83a646,kw,1,4.0,0.6666666666666666,kw_market,1,6.0,0.5725942893215868,0.2846205727639184,0.1427851379144948
66621659860c05fcca83a646|kw|1,66621659860c05fcca83a646,kw,1,4.0,0.6666666666666666,kw_market,1,8.0,0.3040113498375792,0.598496978645627,0.0974916715167939
66621659860c05fcca83a646|kw|1,66621659860c05fcca83a646,kw,1,4.0,0.6666666666666666,kw_market,1,12.0,0.13241151806855378,0.8199234200488826,0.047665061882563586
666272fcedf2850ab9824b47|kw|1,666272fcedf2850ab9824b47,kw,1,10.0,0.16666666666666666,kw_market,3,4.0,0.260519950029666,0.06455573819099836,0.6749243117793358
666272fcedf2850ab9824b47|kw|1,666272fcedf2850ab9824b47,kw,1,10.0,0.16666666666666666,kw_market,3,6.0,0.29540292318457784,0.033358646917398746,0.6712384298980234
666272fcedf2850ab9824b47|kw|1,666272fcedf2850ab9824b47,kw,1,10.0,0.16666666666666666,kw_market,3,8.0,0.22886414249464815,0.10235858679831353,0.6687772707070385
666272fcedf2850ab9824b47|kw|1,666272fcedf2850ab9824b47,kw,1,10.0,0.16666666666666666,kw_market,3,12.0,0.1758406587839122,0.2473666748297031,0.5767926663863848
6662ad148ef5e11fdf2dd894|lt|0,6662ad148ef5e11fdf2dd894,lt,0,6.0,0.5,lt_control,4,4.0,0.558660691924327,0.34065656275237055,0.10068274532330242
6662ad148ef5e11fdf2dd894|lt|0,6662ad148ef5e11fdf2dd894,lt,0,6.0,0.5,lt_control,4,6.0,0.6963986685899355,0.193520220348297,0.11008111106176757
6662ad148ef5e11fdf2dd894|lt|0,6662ad148ef5e11fdf2dd894,lt,0,6.0,0.5,lt_control,4,8.0,0.4340541290144629,0.47771095228569643,0.08823491869984058
6662ad148ef5e11fdf2dd894|lt|0,6662ad148ef5e11fdf2dd894,lt,0,6.0,0.5,lt_control,4,12.0,0.21322207286148814,0.7381231557018059,0.048654771436706115
666344916bdba2e2c980dcd0|lt|0,666344916bdba2e2c980dcd0,lt,0,6.0,0.5,lt_control,3,4.0,0.42130818632424755,0.48971733039762366,0.08897448327812882
666344916bdba2e2c980dcd0|lt|0,666344916bdba2e2c980dcd0,lt,0,6.0,0.5,lt_control,3,6.0,0.5831074858897167,0.3088829703369596,0.10800954377332375
666344916bdba2e2c980dcd0|lt|0,666344916bdba2e2c980dcd0,lt,0,6.0,0.5,lt_control,3,8.0,0.29974470266593234,0.628853892412377,0.07140140492169056
666344916bdba2e2c980dcd0|lt|0,666344916bdba2e2c980dcd0,lt,0,6.0,0.5,lt_control,3,12.0,0.1271241598613032,0.8388835821665274,0.03399225797216935
666344916bdba2e2c980dcd0|lt|1,666344916bdba2e2c980dcd0,lt,1,6.0,0.5,lt_market,3,4.0,0.4213081863242474,0.48971733039762383,0.08897448327812882
666344916bdba2e2c980dcd0|lt|1,666344916bdba2e2c980dcd0,lt,1,6.0,0.5,lt_market,3,6.0,0.5831074858897166,0.3088829703369597,0.10800954377332375
666344916bdba2e2c980dcd0|lt|1,666344916bdba2e2c980dcd0,lt,1,6.0,0.5,lt_market,3,8.0,0.2997447026659322,0.6288538924123772,0.07140140492169053
666344916bdba2e2c980dcd0|lt|1,666344916bdba2e2c980dcd0,lt,1,6.0,0.5,lt_market,3,12.0,0.1271241598613031,0.8388835821665274,0.033992257972169336
666450bcded6c84b0806511a|lt|1,666450bcded6c84b0806511a,lt,1,9.5,0.20833333333333334,lt_market,1,4.0,0.6405229171721862,0.19360787262979268,0.1658692101980212
666450bcded6c84b0806511a|lt|1,666450bcded6c84b0806511a,lt,1,9.5,0.20833333333333334,lt_market,1,6.0,0.7326644629278752,0.10092371760092787,0.1664118194711969
666450bcded6c84b0806511a|lt|1,666450bcded6c84b0806511a,lt,1,9.5,0.20833333333333334,lt_market,1,8.0,0.5441730175719791,0.29687799283054517,0.1589489895974758
666450bcded6c84b0806511a|lt|1,666450bcded6c84b0806511a,lt,1,9.5,0.20833333333333334,lt_market,1,12.0,0.32852824989110146,0.5637532827453073,0.10771846736359103
6665aedc9ae0e1cd7ac623f0|kw|1,6665aedc9ae0e1cd7ac623f0,kw,1,11.0,0.08333333333333333,kw_market,3,4.0,0.4284361208108569,0.09042112068811109,0.48114275850103194
6665aedc9ae0e1cd7ac623f0|kw|1,6665aedc9ae0e1cd7ac623f0,kw,1,11.0,0.08333333333333333,kw_market,3,6.0,0.4804969207119871,0.046214066868999905,0.47328901241901306
6665aedc9ae0e1cd7ac623f0|kw|1,6665aedc9ae0e1cd7ac623f0,kw,1,11.0,0.08333333333333333,kw_market,3,8.0,0.3776958008529271,0.14387277647113766,0.47843142267593525
6665aedc9ae0e1cd7ac623f0|kw|1,6665aedc9ae0e1cd7ac623f0,kw,1,11.0,0.08333333333333333,kw_market,3,12.0,0.2762378541980891,0.3309748716279172,0.3927872741739936
66660d297864801db6a10af4|lt|0,66660d297864801db6a10af4,lt,0,7.0,0.4166666666666667,lt_control,4,4.0,0.6968665492495063,0.1911689023050412,0.11196454844545256
66660d297864801db6a10af4|lt|0,66660d297864801db6a10af4,lt,0,7.0,0.4166666666666667,lt_control,4,6.0,0.7899277660422191,0.09875401929139141,0.11131821466638946
66660d297864801db6a10af4|lt|0,66660d297864801db6a10af4,lt,0,7.0,0.4166666666666667,lt_control,4,8.0,0.5965315652298586,0.295361386949424,0.10810704782071744
66660d297864801db6a10af4|lt|0,66660d297864801db6a10af4,lt,0,7.0,0.4166666666666667,lt_control,4,12.0,0.3622119022415662,0.5641029475043086,0.07368515025412525
66660d297864801db6a10af4|lt|1,66660d297864801db6a10af4,lt,1,8.0,0.3333333333333333,lt_market,4,4.0,0.7967830643922639,0.0863610139892806,0.11685592161845557
66660d297864801db6a10af4|lt|1,66660d297864801db6a10af4,lt,1,8.0,0.3333333333333333,lt_market,4,6.0,0.8488753979574292,0.04192966165494564,0.10919494038762523
66660d297864801db6a10af4|lt|1,66660d297864801db6a10af4,lt,1,8.0,0.3333333333333333,lt_market,4,8.0,0.734725594349773,0.14373266181188782,0.12154174383833914
66660d297864801db6a10af4|lt|1,66660d297864801db6a10af4,lt,1,8.0,0.3333333333333333,lt_market,4,12.0,0.5552408647390824,0.3416544516522735,0.10310468360864405
6667015e358c1fe41b8a3d7f|lt|1,6667015e358c1fe41b8a3d7f,lt,1,10.0,0.16666666666666666,lt_market,3,4.0,0.6105873887929044,0.08844908194233575,0.3009635292647598
6667015e358c1fe41b8a3d7f|lt|1,6667015e358c1fe41b8a3d7f,lt,1,10.0,0.16666666666666666,lt_market,3,6.0,0.6674034736675771,0.04405890859053267,0.28853761774189024
6667015e358c1fe41b8a3d7f|lt|1,6667015e358c1fe41b8a3d7f,lt,1,10.0,0.16666666666666666,lt_market,3,8.0,0.5502271276176787,0.14386003419033044,0.30591283819199083
6667015e358c1fe41b8a3d7f|lt|1,6667015e358c1fe41b8a3d7f,lt,1,10.0,0.16666666666666666,lt_market,3,12.0,0.40875065248735243,0.33614912260120056,0.255100224911447
6667dbd3d056e51225c6522f|kw|1,6667dbd3d056e51225c6522f,kw,1,10.0,0.16666666666666666,kw_market,2,4.0,0.28530922261081354,0.6417271893674397,0.0729635880217467
6667dbd3d056e51225c6522f|kw|1,6667dbd3d056e51225c6522f,kw,1,10.0,0.16666666666666666,kw_market,2,6.0,0.44457692113887853,0.45570240053246003,0.09972067832866136
6667dbd3d056e51225c6522f|kw|1,6667dbd3d056e51225c6522f,kw,1,10.0,0.16666666666666666,kw_market,2,8.0,0.1869824977281415,0.7590812218889743,0.053936280382884144
6667dbd3d056e51225c6522f|kw|1,6667dbd3d056e51225c6522f,kw,1,10.0,0.16666666666666666,kw_market,2,12.0,0.0709573666192849,0.9060666449866888,0.022975988394026307
666a0a76b1d7349662971064|kw|0,666a0a76b1d7349662971064,kw,0,6.0,0.5,kw_control,4,4.0,0.39745569921070323,0.520381976435742,0.08216232435355485
666a0a76b1d7349662971064|kw|0,666a0a76b1d7349662971064,kw,0,6.0,0.5,kw_control,4,6.0,0.5624350765876531,0.33558743207924396,0.10197749133310295
666a0a76b1d7349662971064|kw|0,666a0a76b1d7349662971064,kw,0,6.0,0.5,kw_control,4,8.0,0.27806412835852606,0.6570995126355871,0.06483635900588697
666a0a76b1d7349662971064|kw|0,666a0a76b1d7349662971064,kw,0,6.0,0.5,kw_control,4,12.0,0.11501264967933003,0.8548839233422206,0.030103426978449522
666db47c26bc80222f8b15ba|lt|1,666db47c26bc80222f8b15ba,lt,1,8.0,0.3333333333333333,lt_market,2,4.0,0.5423559676102524,0.08727164721805189,0.37037238517169563
666db47c26bc80222f8b15ba|lt|1,666db47c26bc80222f8b15ba,lt,1,8.0,0.3333333333333333,lt_market,2,6.0,0.5979798772411721,0.043850554789339774,0.3581695679694881
666db47c26bc80222f8b15ba|lt|1,666db47c26bc80222f8b15ba,lt,1,8.0,0.3333333333333333,lt_market,2,8.0,0.4852716475767551,0.14093742400417322,0.3737909284190715
666db47c26bc80222f8b15ba|lt|1,666db47c26bc80222f8b15ba,lt,1,8.0,0.3333333333333333,lt_market,2,12.0,0.35994948159736345,0.32882007655342066,0.31123044184921583
666e0c9327fd060cb231509e|kw|1,666e0c9327fd060cb231509e,kw,1,12.0,0.0,kw_market,4,4.0,0.23885324505544323,0.7032627233521233,0.05788403159243351
666e0c9327fd060cb231509e|kw|1,666e0c9327fd060cb231509e,kw,1,12.0,0.0,kw_market,4,6.0,0.3914886842868674,0.5252976262956702,0.08321368941746228
666e0c9327fd060cb231509e|kw|1,666e0c9327fd060cb231509e,kw,1,12.0,0.0,kw_market,4,8.0,0.15180118674477575,0.806704129730041,0.04149468352518311
666e0c9327fd060cb231509e|kw|1,666e0c9327fd060cb231509e,kw,1,12.0,0.0,kw_market,4,12.0,0.055487266258220855,0.9274869428138329,0.017025790927946243
66706191120230e6a89ddd0e|kw|0,66706191120230e6a89ddd0e,kw,0,12.0,0.0,kw_control,4,4.0,0.6968665492495063,0.1911689023050412,0.11196454844545256
66706191120230e6a89ddd0e|kw|0,66706191120230e6a89ddd0e,kw,0,12.0,0.0,kw_control,4,6.0,0.7899277660422191,0.09875401929139141,0.11131821466638946
66706191120230e6a89ddd0e|kw|0,66706191120230e6a89ddd0e,kw,0,12.0,0.0,kw_control,4,8.0,0.5965315652298586,0.295361386949424,0.10810704782071744
66706191120230e6a89ddd0e|kw|0,66706191120230e6a89ddd0e,kw,0,12.0,0.0,kw_control,4,12.0,0.3622119022415662,0.5641029475043086,0.07368515025412525
6670cffc0b0b33d080d23092|lt|1,6670cffc0b0b33d080d23092,lt,1,12.0,0.0,lt_market,2,4.0,0.31880406408175854,0.08976745742525209,0.5914284784929894
6670cffc0b0b33d080d23092|lt|1,6670cffc0b0b33d080d23092,lt,1,12.0,0.0,lt_market,2,6.0,0.3629151004120382,0.046569318972583075,0.5905155806153788
6670cffc0b0b33d080d23092|lt|1,6670cffc0b0b33d080d23092,lt,1,12.0,0.0,lt_market,2,8.0,0.27772163656973553,0.14114238519940644,0.581135978230858
6670cffc0b0b33d080d23092|lt|1,6670cffc0b0b33d080d23092,lt,1,12.0,0.0,lt_market,2,12.0,0.20212475310371755,0.3231041984604672,0.4747710484358151
6671c66b6e4bc111961291ae|lt|0,6671c66b6e4bc111961291ae,lt,0,7.0,0.4166666666666667,lt_control,4,4.0,0.7967830643922639,0.0863610139892806,0.11685592161845557
6671c66b6e4bc111961291ae|lt|0,6671c66b6e4bc111961291ae,lt,0,7.0,0.4166666666666667,lt_control,4,6.0,0.8488753979574292,0.04192966165494564,0.10919494038762523
6671c66b6e4bc111961291ae|lt|0,6671c66b6e4bc111961291ae,lt,0,7.0,0.4166666666666667,lt_control,4,8.0,0.734725594349773,0.14373266181188782,0.12154174383833914
6671c66b6e4bc111961291ae|lt|0,6671c66b6e4bc111961291ae,lt,0,7.0,0.4166666666666667,lt_control,4,12.0,0.5552408647390824,0.3416544516522735,0.10310468360864405
66744f5894fa0c22d40a2fa9|kw|1,66744f5894fa0c22d40a2fa9,kw,1,11.5,0.041666666666666664,kw_market,4,4.0,0.4255669663865105,0.161775867593433,0.41265716602005653
66744f5894fa0c22d40a2fa9|kw|1,66744f5894fa0c22d40a2fa9,kw,1,11.5,0.041666666666666664,kw_market,4,6.0,0.4941372148923859,0.08560382366663097,0.4202589614409831
66744f5894fa0c22d40a2fa9|kw|1,66744f5894fa0c22d40a2fa9,kw,1,11.5,0.041666666666666664,kw_market,4,8.0,0.35973163239707334,0.2468181642258094,0.3934502033771172
66744f5894fa0c22d40a2fa9|kw|1,66744f5894fa0c22d40a2fa9,kw,1,11.5,0.041666666666666664,kw_market,4,12.0,0.22800569444991042,0.4920616803254352,0.27993262522465434
6674d66310b6684b86ddf7b9|kw|1,6674d66310b6684b86ddf7b9,kw,1,6.0,0.5,kw_market,2,4.0,0.7361673893474243,0.1096348379431364,0.15419777270943927
6674d66310b6684b86ddf7b9|kw|1,6674d66310b6684b86ddf7b9,kw,1,6.0,0.5,kw_market,2,6.0,0.7989861817038332,0.054226433888478885,0.1467873844076879
6674d66310b6684b86ddf7b9|kw|1,6674d66310b6684b86ddf7b9,kw,1,6.0,0.5,kw_market,2,8.0,0.6644263575202457,0.17859591350504198,0.15697772897471232
6674d66310b6684b86ddf7b9|kw|1,6674d66310b6684b86ddf7b9,kw,1,6.0,0.5,kw_market,2,12.0,0.47378044198395936,0.4005688338862741,0.12565072412976652
6675dbbeee7b1e2aa37a8eaa|kw|1,6675dbbeee7b1e2aa37a8eaa,kw,1,12.0,0.0,kw_market,4,4.0,0.5586606919243268,0.34065656275237094,0.10068274532330232
6675dbbeee7b1e2aa37a8eaa|kw|1,6675dbbeee7b1e2aa37a8eaa,kw,1,12.0,0.0,kw_market,4,6.0,0.6963986685899353,0.1935202203482972,0.11008111106176753
6675dbbeee7b1e2aa37a8eaa|kw|1,6675dbbeee7b1e2aa37a8eaa,kw,1,12.0,0.0,kw_market,4,8.0,0.4340541290144626,0.4777109522856969,0.0882349186998405
6675dbbeee7b1e2aa37a8eaa|kw|1,6675dbbeee7b1e2aa37a8eaa,kw,1,12.0,0.0,kw_market,4,12.0,0.21322207286148784,0.738123155701806,0.04865477143670605
6675dbbeee7b1e2aa37a8eaa|lt|0,6675dbbeee7b1e2aa37a8eaa,lt,0,12.0,0.0,lt_control,3,4.0,0.7743666248753887,0.09340363246942479,0.13222974265518656
6675dbbeee7b1e2aa37a8eaa|lt|0,6675dbbeee7b1e2aa37a8eaa,lt,0,12.0,0.0,lt_control,3,6.0,0.8300540484119694,0.04562714390084003,0.12431880768719056
6675dbbeee7b1e2aa37a8eaa|lt|0,6675dbbeee7b1e2aa37a8eaa,lt,0,12.0,0.0,lt_control,3,8.0,0.7090625794703179,0.15436696555338442,0.1365704549762976
6675dbbeee7b1e2aa37a8eaa|lt|0,6675dbbeee7b1e2aa37a8eaa,lt,0,12.0,0.0,lt_control,3,12.0,0.5260452221021381,0.36022034982217804,0.11373442807568376
6676ddf4aeae188a30f824f5|kw|0,6676ddf4aeae188a30f824f5,kw,0,10.0,0.16666666666666666,kw_control,3,4.0,0.48458463988273437,0.41017899115382966,0.10523636896343587
6676ddf4aeae188a30f824f5|kw|0,6676ddf4aeae188a30f824f5,kw,0,10.0,0.16666666666666666,kw_control,3,6.0,0.6344269586152581,0.24472885051053575,0.12084419087420617
6676ddf4aeae188a30f824f5|kw|0,6676ddf4aeae188a30f824f5,kw,0,10.0,0.16666666666666666,kw_control,3,8.0,0.3606567734049984,0.5509986349024026,0.08834459169259883
6676ddf4aeae188a30f824f5|kw|0,6676ddf4aeae188a30f824f5,kw,0,10.0,0.16666666666666666,kw_control,3,12.0,0.1644630501653367,0.7903148324386078,0.04522211739605556
66786fd4594ab649c244de43|kw|0,66786fd4594ab649c244de43,kw,0,6.0,0.5,kw_control,3,4.0,0.7469537774739156,0.1260492290024411,0.12699699352364338
66786fd4594ab649c244de43|kw|0,66786fd4594ab649c244de43,kw,0,6.0,0.5,kw_control,3,6.0,0.8156423500109986,0.06272577061652274,0.12163187937247864
66786fd4594ab649c244de43|kw|0,66786fd4594ab649c244de43,kw,0,6.0,0.5,kw_control,3,8.0,0.6682918351132063,0.2035472700851669,0.12816089480162682
66786fd4594ab649c244de43|kw|0,66786fd4594ab649c244de43,kw,0,6.0,0.5,kw_control,3,12.0,0.46013164729019995,0.44081523307752585,0.09905311963227426
66786fd4594ab649c244de43|kw|1,66786fd4594ab649c244de43,kw,1,12.0,0.0,kw_market,3,4.0,0.24939403524112835,0.6893169842730072,0.06128898048586439
66786fd4594ab649c244de43|kw|1,66786fd4594ab649c244de43,kw,1,12.0,0.0,kw_market,3,6.0,0.4040162045133804,0.5088988554014028,0.08708494008521685
66786fd4594ab649c244de43|kw|1,66786fd4594ab649c244de43,kw,1,12.0,0.0,kw_market,3,8.0,0.15959463983206776,0.7961664621950535,0.0442388979728788
66786fd4594ab649c244de43|kw|1,66786fd4594ab649c244de43,kw,1,12.0,0.0,kw_market,3,12.0,0.058814769384417265,0.9228844727509813,0.018300757864601315
66790e08c1c5767636feee8d|lt|1,66790e08c1c5767636feee8d,lt,1,10.0,0.16666666666666666,lt_market,4,4.0,0.2825048859819502,0.1384234588173259,0.5790716552007239
66790e08c1c5767636feee8d|lt|1,66790e08c1c5767636feee8d,lt,1,10.0,0.16666666666666666,lt_market,4,6.0,0.3309997034000544,0.07391134588732341,0.5950889507126221
66790e08c1c5767636feee8d|lt|1,66790e08c1c5767636feee8d,lt,1,10.0,0.16666666666666666,lt_market,4,8.0,0.23829844938565076,0.21074516084945918,0.55095638976489
66790e08c1c5767636feee8d|lt|1,66790e08c1c5767636feee8d,lt,1,10.0,0.16666666666666666,lt_market,4,12.0,0.15681256550726025,0.4362069864522753,0.4069804480404646
667987c18f34110073ae20b7|kw|1,667987c18f34110073ae20b7,kw,1,12.0,0.0,kw_market,4,4.0,0.42556696638651054,0.161775867593433,0.4126571660200565
667987c18f34110073ae20b7|kw|1,667987c18f34110073ae20b7,kw,1,12.0,0.0,kw_market,4,6.0,0.494137214892386,0.08560382366663097,0.42025896144098307
667987c18f34110073ae20b7|kw|1,667987c18f34110073ae20b7,kw,1,12.0,0.0,kw_market,4,8.0,0.35973163239707345,0.2468181642258094,0.39345020337711717
667987c18f34110073ae20b7|kw|1,667987c18f34110073ae20b7,kw,1,12.0,0.0,kw_market,4,12.0,0.22800569444991042,0.4920616803254351,0.2799326252246543
667abc1762de46b3164e4c07|kw|0,667abc1762de46b3164e4c07,kw,0,8.0,0.3333333333333333,kw_control,4,4.0,0.558660691924327,0.34065656275237055,0.10068274532330242
667abc1762de46b3164e4c07|kw|0,667abc1762de46b3164e4c07,kw,0,8.0,0.3333333333333333,kw_control,4,6.0,0.6963986685899355,0.193520220348297,0.11008111106176757
667abc1762de46b3164e4c07|kw|0,667abc1762de46b3164e4c07,kw,0,8.0,0.3333333333333333,kw_control,4,8.0,0.4340541290144629,0.47771095228569643,0.08823491869984058
667abc1762de46b3164e4c07|kw|0,667abc1762de46b3164e4c07,kw,0,8.0,0.3333333333333333,kw_control,4,12.0,0.21322207286148814,0.7381231557018059,0.048654771436706115
667ae3fff7f7af34dc9c27c4|kw|0,667ae3fff7f7af34dc9c27c4,kw,0,6.0,0.5,kw_control,3,4.0,0.6562393468547034,0.2190476107815082,0.12471304236378847
667ae3fff7f7af34dc9c27c4|kw|0,667ae3fff7f7af34dc9c27c4,kw,0,6.0,0.5,kw_control,3,6.0,0.758264060438182,0.1153443959489603,0.1263915436128578
667ae3fff7f7af34dc9c27c4|kw|0,667ae3fff7f7af34dc9c27c4,kw,0,6.0,0.5,kw_control,3,8.0,0.5504126348226516,0.3316021289999801,0.11798523617736828
667ae3fff7f7af34dc9c27c4|kw|0,667ae3fff7f7af34dc9c27c4,kw,0,6.0,0.5,kw_control,3,12.0,0.318918147754441,0.6043430206738475,0.07673883157171162
667da6ac378a8883e9c20227|lt|1,667da6ac378a8883e9c20227,lt,1,10.0,0.16666666666666666,lt_market,1,4.0,0.698798224432229,0.11406147889155789,0.18714029667621307
667da6ac378a8883e9c20227|lt|1,667da6ac378a8883e9c20227,lt,1,10.0,0.16666666666666666,lt_market,1,6.0,0.7637816584613157,0.056814109370394335,0.17940423216829
667da6ac378a8883e9c20227|lt|1,667da6ac378a8883e9c20227,lt,1,10.0,0.16666666666666666,lt_market,1,8.0,0.6263022562449089,0.18451167141005792,0.18918607234503312
667da6ac378a8883e9c20227|lt|1,667da6ac378a8883e9c20227,lt,1,10.0,0.16666666666666666,lt_market,1,12.0,0.4413591113573683,0.4089849486994945,0.14965593994313725
667dd824a2d8ed14f560a9fa|lt|0,667dd824a2d8ed14f560a9fa,lt,0,4.0,0.6666666666666666,lt_control,3,4.0,0.5991152191771398,0.2892181773880015,0.11166660343485872
667dd824a2d8ed14f560a9fa|lt|0,667dd824a2d8ed14f560a9fa,lt,0,4.0,0.6666666666666666,lt_control,3,6.0,0.7228176966811188,0.15901708292873432,0.1181652203901469
667dd824a2d8ed14f560a9fa|lt|0,667dd824a2d8ed14f560a9fa,lt,0,4.0,0.6666666666666666,lt_control,3,8.0,0.48041487877449995,0.41858565753864974,0.10099946368685034
667dd824a2d8ed14f560a9fa|lt|0,667dd824a2d8ed14f560a9fa,lt,0,4.0,0.6666666666666666,lt_control,3,12.0,0.2514724991166311,0.6891817275088895,0.059345773374479334
667e6da95ae0a25f225ae6e6|lt|1,667e6da95ae0a25f225ae6e6,lt,1,12.0,0.0,lt_market,4,4.0,0.4448765755676009,0.32112232813300595,0.23400109629939306
667e6da95ae0a25f225ae6e6|lt|1,667e6da95ae0a25f225ae6e6,lt,1,12.0,0.0,lt_market,4,6.0,0.5585668067081485,0.183740909220585,0.2576922840712665
667e6da95ae0a25f225ae6e6|lt|1,667e6da95ae0a25f225ae6e6,lt,1,12.0,0.0,lt_market,4,8.0,0.345290873950168,0.4498510371046928,0.2048580889451391
667e6da95ae0a25f225ae6e6|lt|1,667e6da95ae0a25f225ae6e6,lt,1,12.0,0.0,lt_market,4,12.0,0.17349475409415635,0.7109602764015301,0.11554496950431344
66816b966ae4ada52898695c|kw|0,66816b966ae4ada52898695c,kw,0,12.0,0.0,kw_control,4,4.0,0.7967830643922639,0.0863610139892806,0.11685592161845557
66816b966ae4ada52898695c|kw|0,66816b966ae4ada52898695c,kw,0,12.0,0.0,kw_control,4,6.0,0.8488753979574292,0.04192966165494564,0.10919494038762523
66816b966ae4ada52898695c|kw|0,66816b966ae4ada52898695c,kw,0,12.0,0.0,kw_control,4,8.0,0.734725594349773,0.14373266181188782,0.12154174383833914
66816b966ae4ada52898695c|kw|0,66816b966ae4ada52898695c,kw,0,12.0,0.0,kw_control,4,12.0,0.5552408647390824,0.3416544516522735,0.10310468360864405
6681e05e37692ab271e02312|lt|0,6681e05e37692ab271e02312,lt,0,7.0,0.4166666666666667,lt_control,2,4.0,0.5989695840322894,0.26119314438297425,0.13983727158473636
6681e05e37692ab271e02312|lt|0,6681e05e37692ab271e02312,lt,0,7.0,0.4166666666666667,lt_control,2,6.0,0.7125060518382478,0.14159415774982745,0.14589979041192477
6681e05e37692ab271e02312|lt|0,6681e05e37692ab271e02312,lt,0,7.0,0.4166666666666667,lt_control,2,8.0,0.4877102260064412,0.38385882309275593,0.1284309509008029
6681e05e37692ab271e02312|lt|0,6681e05e37692ab271e02312,lt,0,7.0,0.4166666666666667,lt_control,2,12.0,0.26516575658838953,0.6564512305463766,0.07838301286523398
66830d445073aae663d54dbd|lt|0,66830d445073aae663d54dbd,lt,0,7.5,0.375,lt_control,3,4.0,0.48458463988273437,0.41017899115382966,0.10523636896343587
66830d445073aae663d54dbd|lt|0,66830d445073aae663d54dbd,lt,0,7.5,0.375,lt_control,3,6.0,0.6344269586152581,0.24472885051053575,0.12084419087420617
66830d445073aae663d54dbd|lt|0,66830d445073aae663d54dbd,lt,0,7.5,0.375,lt_control,3,8.0,0.3606567734049984,0.5509986349024026,0.08834459169259883
66830d445073aae663d54dbd|lt|0,66830d445073aae663d54dbd,lt,0,7.5,0.375,lt_control,3,12.0,0.1644630501653367,0.7903148324386078,0.04522211739605556
6683fb1074d2f32d21b99da2|lt|1,6683fb1074d2f32d21b99da2,lt,1,10.0,0.16666666666666666,lt_market,2,4.0,0.5366288160549888,0.11142078606715655,0.3519503978778546
6683fb1074d2f32d21b99da2|lt|1,6683fb1074d2f32d21b99da2,lt,1,10.0,0.16666666666666666,lt_market,2,6.0,0.5988488833689295,0.05666426305101425,0.3444868535800562
6683fb1074d2f32d21b99da2|lt|1,6683fb1074d2f32d21b99da2,lt,1,10.0,0.16666666666666666,lt_market,2,8.0,0.4729197817005094,0.17722801363653135,0.3498522046629593
6683fb1074d2f32d21b99da2|lt|1,6683fb1074d2f32d21b99da2,lt,1,10.0,0.16666666666666666,lt_market,2,12.0,0.3323188272707185,0.39171950626808016,0.2759616664612013
668c893a3a9a1a960c28e9ad|lt|1,668c893a3a9a1a960c28e9ad,lt,1,12.0,0.0,lt_market,2,4.0,0.31880406408175854,0.08976745742525209,0.5914284784929894
668c893a3a9a1a960c28e9ad|lt|1,668c893a3a9a1a960c28e9ad,lt,1,12.0,0.0,lt_market,2,6.0,0.3629151004120382,0.046569318972583075,0.5905155806153788
668c893a3a9a1a960c28e9ad|lt|1,668c893a3a9a1a960c28e9ad,lt,1,12.0,0.0,lt_market,2,8.0,0.27772163656973553,0.14114238519940644,0.581135978230858
668c893a3a9a1a960c28e9ad|lt|1,668c893a3a9a1a960c28e9ad,lt,1,12.0,0.0,lt_market,2,12.0,0.20212475310371755,0.3231041984604672,0.4747710484358151
668d8ad2b98a8ddbe56ac935|kw|1,668d8ad2b98a8ddbe56ac935,kw,1,6.0,0.5,kw_market,1,4.0,0.4164008745007025,0.1338833199922762,0.44971580550702134
668d8ad2b98a8ddbe56ac935|kw|1,668d8ad2b98a8ddbe56ac935,kw,1,6.0,0.5,kw_market,1,6.0,0.4776011186675175,0.06998096845771834,0.45241791287476424
668d8ad2b98a8ddbe56ac935|kw|1,668d8ad2b98a8ddbe56ac935,kw,1,6.0,0.5,kw_market,1,8.0,0.35733260289200547,0.20736723865446208,0.4353001584535324
668d8ad2b98a8ddbe56ac935|kw|1,668d8ad2b98a8ddbe56ac935,kw,1,6.0,0.5,kw_market,1,12.0,0.23850463638782385,0.43535114386867885,0.3261442197434974
66951e2884e437c69d8a2fe1|lt|1,66951e2884e437c69d8a2fe1,lt,1,8.0,0.3333333333333333,lt_market,1,4.0,0.4228996357122534,0.12243357875618316,0.4546667855315634
66951e2884e437c69d8a2fe1|lt|1,66951e2884e437c69d8a2fe1,lt,1,8.0,0.3333333333333333,lt_market,1,6.0,0.4819465494923466,0.0635860549491938,0.45446739555845955
66951e2884e437c69d8a2fe1|lt|1,66951e2884e437c69d8a2fe1,lt,1,8.0,0.3333333333333333,lt_market,1,8.0,0.3656021271786469,0.19104013148505083,0.4433577413363022
66951e2884e437c69d8a2fe1|lt|1,66951e2884e437c69d8a2fe1,lt,1,8.0,0.3333333333333333,lt_market,1,12.0,0.24969753917523133,0.4103982678196413,0.33990419300512736
6695700163bdc868081f582c|lt|1,6695700163bdc868081f582c,lt,1,7.0,0.4166666666666667,lt_market,4,4.0,0.36015072619270194,0.058265909509683536,0.5815833642976144
6695700163bdc868081f582c|lt|1,6695700163bdc868081f582c,lt,1,7.0,0.4166666666666667,lt_market,4,6.0,0.40159126602600936,0.02960835415364955,0.5688003798203412
6695700163bdc868081f582c|lt|1,6695700163bdc868081f582c,lt,1,7.0,0.4166666666666667,lt_market,4,8.0,0.3211870652861514,0.09378663279450472,0.5850263019193439
6695700163bdc868081f582c|lt|1,6695700163bdc868081f582c,lt,1,7.0,0.4166666666666667,lt_market,4,12.0,0.25232883943511525,0.23175288490698162,0.5159182756579029
66978d4442338018ab249fe6|lt|1,66978d4442338018ab249fe6,lt,1,6.0,0.5,lt_market,4,4.0,0.21742630456476736,0.043251203599202176,0.7393224918360306
66978d4442338018ab249fe6|lt|1,66978d4442338018ab249fe6,lt,1,6.0,0.5,lt_market,4,6.0,0.24551442514523106,0.02225680904362583,0.732228765811143
66978d4442338018ab249fe6|lt|1,66978d4442338018ab249fe6,lt,1,6.0,0.5,lt_market,4,8.0,0.1925133851249793,0.06911935948406119,0.7383672553909594
66978d4442338018ab249fe6|lt|1,66978d4442338018ab249fe6,lt,1,6.0,0.5,lt_market,4,12.0,0.15540837485405848,0.17550462089907573,0.6690870042468657
6698dc932afda97ccd9733be|kw|1,6698dc932afda97ccd9733be,kw,1,3.0,0.75,kw_market,1,4.0,0.698798224432229,0.11406147889155789,0.18714029667621307
6698dc932afda97ccd9733be|kw|1,6698dc932afda97ccd9733be,kw,1,3.0,0.75,kw_market,1,6.0,0.7637816584613157,0.056814109370394335,0.17940423216829
6698dc932afda97ccd9733be|kw|1,6698dc932afda97ccd9733be,kw,1,3.0,0.75,kw_market,1,8.0,0.6263022562449089,0.18451167141005792,0.18918607234503312
6698dc932afda97ccd9733be|kw|1,6698dc932afda97ccd9733be,kw,1,3.0,0.75,kw_market,1,12.0,0.4413591113573683,0.4089849486994945,0.14965593994313725
669a88248079035630cd7587|lt|0,669a88248079035630cd7587,lt,0,6.0,0.5,lt_control,4,4.0,0.558660691924327,0.34065656275237055,0.10068274532330242
669a88248079035630cd7587|lt|0,669a88248079035630cd7587,lt,0,6.0,0.5,lt_control,4,6.0,0.6963986685899355,0.193520220348297,0.11008111106176757
669a88248079035630cd7587|lt|0,669a88248079035630cd7587,lt,0,6.0,0.5,lt_control,4,8.0,0.4340541290144629,0.47771095228569643,0.08823491869984058
669a88248079035630cd7587|lt|0,669a88248079035630cd7587,lt,0,6.0,0.5,lt_control,4,12.0,0.21322207286148814,0.7381231557018059,0.048654771436706115
669c13abec22054c1cce02e2|kw|1,669c13abec22054c1cce02e2,kw,1,6.0,0.5,kw_market,1,4.0,0.4164008745007025,0.1338833199922762,0.44971580550702134
669c13abec22054c1cce02e2|kw|1,669c13abec22054c1cce02e2,kw,1,6.0,0.5,kw_market,1,6.0,0.4776011186675175,0.06998096845771834,0.45241791287476424
669c13abec22054c1cce02e2|kw|1,669c13abec22054c1cce02e2,kw,1,6.0,0.5,kw_market,1,8.0,0.35733260289200547,0.20736723865446208,0.4353001584535324
669c13abec22054c1cce02e2|kw|1,669c13abec22054c1cce02e2,kw,1,6.0,0.5,kw_market,1,12.0,0.23850463638782385,0.43535114386867885,0.3261442197434974
66a424e1e9201c36707e1ff4|lt|1,66a424e1e9201c36707e1ff4,lt,1,8.0,0.3333333333333333,lt_market,4,4.0,0.5151051505452526,0.07039878187562129,0.41449606757912616
66a424e1e9201c36707e1ff4|lt|1,66a424e1e9201c36707e1ff4,lt,1,8.0,0.3333333333333333,lt_market,4,6.0,0.5655891103243016,0.03522654612652271,0.39918434354917565
66a424e1e9201c36707e1ff4|lt|1,66a424e1e9201c36707e1ff4,lt,1,8.0,0.3333333333333333,lt_market,4,8.0,0.4641848139915376,0.11450193911646805,0.4213132468919943
66a424e1e9201c36707e1ff4|lt|1,66a424e1e9201c36707e1ff4,lt,1,8.0,0.3333333333333333,lt_market,4,12.0,0.3578155122977444,0.2776236375456078,0.3645608501566478
66a5710d1ae7a2b50c5e8218|lt|1,66a5710d1ae7a2b50c5e8218,lt,1,12.0,0.0,lt_market,2,4.0,0.5353561100298982,0.09146678574589417,0.3731771042242076
66a5710d1ae7a2b50c5e8218|lt|1,66a5710d1ae7a2b50c5e8218,lt,1,12.0,0.0,lt_market,2,6.0,0.5919774054330704,0.04609200046226272,0.36193059410466694
66a5710d1ae7a2b50c5e8218|lt|1,66a5710d1ae7a2b50c5e8218,lt,1,12.0,0.0,lt_market,2,8.0,0.4774128625091339,0.14722020935868366,0.37536692813218253
66a5710d1ae7a2b50c5e8218|lt|1,66a5710d1ae7a2b50c5e8218,lt,1,12.0,0.0,lt_market,2,12.0,0.35056505207350097,0.340030047926627,0.30940489999987214
66a608dc0a4f33f35327e273|lt|1,66a608dc0a4f33f35327e273,lt,1,9.0,0.25,lt_market,3,4.0,0.3425055421528324,0.1597388017469014,0.49775565610026634
66a608dc0a4f33f35327e273|lt|1,66a608dc0a4f33f35327e273,lt,1,9.0,0.25,lt_market,3,6.0,0.4020573533991628,0.08545364676950185,0.5124889998313354
66a608dc0a4f33f35327e273|lt|1,66a608dc0a4f33f35327e273,lt,1,9.0,0.25,lt_market,3,8.0,0.2872739536484799,0.24181972992609174,0.4709063164254283
66a608dc0a4f33f35327e273|lt|1,66a608dc0a4f33f35327e273,lt,1,9.0,0.25,lt_market,3,12.0,0.1822228778434263,0.48247381020894325,0.3353033119476303
66a8eda4f49a5a822db402ef|lt|1,66a8eda4f49a5a822db402ef,lt,1,8.0,0.3333333333333333,lt_market,4,4.0,0.558660691924327,0.34065656275237055,0.10068274532330242
66a8eda4f49a5a822db402ef|lt|1,66a8eda4f49a5a822db402ef,lt,1,8.0,0.3333333333333333,lt_market,4,6.0,0.6963986685899355,0.193520220348297,0.11008111106176757
66a8eda4f49a5a822db402ef|lt|1,66a8eda4f49a5a822db402ef,lt,1,8.0,0.3333333333333333,lt_market,4,8.0,0.4340541290144629,0.47771095228569643,0.08823491869984058
66a8eda4f49a5a822db402ef|lt|1,66a8eda4f49a5a822db402ef,lt,1,8.0,0.3333333333333333,lt_market,4,12.0,0.21322207286148814,0.7381231557018059,0.048654771436706115
66aa52de62c06e01a958d91c|kw|1,66aa52de62c06e01a958d91c,kw,1,6.0,0.5,kw_market,4,4.0,0.696866549249506,0.19116890230504152,0.1119645484454525
66aa52de62c06e01a958d91c|kw|1,66aa52de62c06e01a958d91c,kw,1,6.0,0.5,kw_market,4,6.0,0.789927766042219,0.09875401929139162,0.1113182146663894
66aa52de62c06e01a958d91c|kw|1,66aa52de62c06e01a958d91c,kw,1,6.0,0.5,kw_market,4,8.0,0.5965315652298582,0.2953613869494245,0.10810704782071738
66aa52de62c06e01a958d91c|kw|1,66aa52de62c06e01a958d91c,kw,1,6.0,0.5,kw_market,4,12.0,0.36221190224156563,0.5641029475043091,0.07368515025412516
66aa6452750a59e377b0615b|kw|1,66aa6452750a59e377b0615b,kw,1,8.0,0.3333333333333333,kw_market,1,4.0,0.4554467860866765,0.4126105785648386,0.1319426353484848
66aa6452750a59e377b0615b|kw|1,66aa6452750a59e377b0615b,kw,1,8.0,0.3333333333333333,kw_market,1,6.0,0.599896467930663,0.2476730737552811,0.1524304583140559
66aa6452750a59e377b0615b|kw|1,66aa6452750a59e377b0615b,kw,1,8.0,0.3333333333333333,kw_market,1,8.0,0.33762022394749114,0.5520568860680827,0.11032288998442608
66aa6452750a59e377b0615b|kw|1,66aa6452750a59e377b0615b,kw,1,8.0,0.3333333333333333,kw_market,1,12.0,0.1536104876465857,0.7900445981566485,0.05634491419676593
66aba3f6770ca5f663f7b9c7|kw|1,66aba3f6770ca5f663f7b9c7,kw,1,12.0,0.0,kw_market,2,4.0,0.32416932750857796,0.07951030600103152,0.5963203664903906
66aba3f6770ca5f663f7b9c7|kw|1,66aba3f6770ca5f663f7b9c7,kw,1,12.0,0.0,kw_market,2,6.0,0.3669418758799028,0.04101555138062484,0.5920425727394726
66aba3f6770ca5f663f7b9c7|kw|1,66aba3f6770ca5f663f7b9c7,kw,1,12.0,0.0,kw_market,2,8.0,0.28428509760949333,0.12585146065735328,0.5898634417331534
66aba3f6770ca5f663f7b9c7|kw|1,66aba3f6770ca5f663f7b9c7,kw,1,12.0,0.0,kw_market,2,12.0,0.21179344097151592,0.29491172182525827,0.49329483720322587
66ad53274144a944c514d4a8|kw|0,66ad53274144a944c514d4a8,kw,0,6.0,0.5,kw_control,4,4.0,0.6968665492495063,0.1911689023050412,0.11196454844545256
66ad53274144a944c514d4a8|kw|0,66ad53274144a944c514d4a8,kw,0,6.0,0.5,kw_control,4,6.0,0.7899277660422191,0.09875401929139141,0.11131821466638946
66ad53274144a944c514d4a8|kw|0,66ad53274144a944c514d4a8,kw,0,6.0,0.5,kw_control,4,8.0,0.5965315652298586,0.295361386949424,0.10810704782071744
66ad53274144a944c514d4a8|kw|0,66ad53274144a944c514d4a8,kw,0,6.0,0.5,kw_control,4,12.0,0.3622119022415662,0.5641029475043086,0.07368515025412525
66b2043f65c48323e4769a1b|lt|1,66b2043f65c48323e4769a1b,lt,1,12.0,0.0,lt_market,1,4.0,0.3745517417286762,0.521140484011414,0.1043077742599098
66b2043f65c48323e4769a1b|lt|1,66b2043f65c48323e4769a1b,lt,1,12.0,0.0,lt_market,1,6.0,0.5323854420233631,0.33757395731151846,0.13004060066511847
66b2043f65c48323e4769a1b|lt|1,66b2043f65c48323e4769a1b,lt,1,12.0,0.0,lt_market,1,8.0,0.2614104209299195,0.6564755394581193,0.08211403961196126
66b2043f65c48323e4769a1b|lt|1,66b2043f65c48323e4769a1b,lt,1,12.0,0.0,lt_market,1,12.0,0.1080895607938679,0.853797279803595,0.03811315940253712
66b3803e04f33f1bdbfd2ecd|kw|0,66b3803e04f33f1bdbfd2ecd,kw,0,6.0,0.5,kw_control,4,4.0,0.6968665492495063,0.1911689023050412,0.11196454844545256
66b3803e04f33f1bdbfd2ecd|kw|0,66b3803e04f33f1bdbfd2ecd,kw,0,6.0,0.5,kw_control,4,6.0,0.7899277660422191,0.09875401929139141,0.11131821466638946
66b3803e04f33f1bdbfd2ecd|kw|0,66b3803e04f33f1bdbfd2ecd,kw,0,6.0,0.5,kw_control,4,8.0,0.5965315652298586,0.295361386949424,0.10810704782071744
66b3803e04f33f1bdbfd2ecd|kw|0,66b3803e04f33f1bdbfd2ecd,kw,0,6.0,0.5,kw_control,4,12.0,0.3622119022415662,0.5641029475043086,0.07368515025412525
66b3dc1490445aa410abd41e|lt|1,66b3dc1490445aa410abd41e,lt,1,6.0,0.5,lt_market,4,4.0,0.31424940888294783,0.29173645807519827,0.39401413304185406
66b3dc1490445aa410abd41e|lt|1,66b3dc1490445aa410abd41e,lt,1,6.0,0.5,lt_market,4,6.0,0.3963847105520801,0.1676999385775982,0.4359153508703217
66b3dc1490445aa410abd41e|lt|1,66b3dc1490445aa410abd41e,lt,1,6.0,0.5,lt_market,4,8.0,0.244507923009616,0.4096961042651844,0.34579597272519963
66b3dc1490445aa410abd41e|lt|1,66b3dc1490445aa410abd41e,lt,1,6.0,0.5,lt_market,4,12.0,0.12725974148833713,0.6707107958060273,0.20202946270563535
66b61fbd217f905382984b89|lt|1,66b61fbd217f905382984b89,lt,1,12.0,0.0,lt_market,4,4.0,0.6671876269510717,0.0797605109321789,0.25305186211674935
66b61fbd217f905382984b89|lt|1,66b61fbd217f905382984b89,lt,1,12.0,0.0,lt_market,4,6.0,0.7209040499797946,0.03927508933948643,0.239820860680719
66b61fbd217f905382984b89|lt|1,66b61fbd217f905382984b89,lt,1,12.0,0.0,lt_market,4,8.0,0.6084275558032348,0.13128088025458837,0.26029156394217684
66b61fbd217f905382984b89|lt|1,66b61fbd217f905382984b89,lt,1,12.0,0.0,lt_market,4,12.0,0.46319605816528536,0.3143640115691069,0.2224399302656077
66baeb26193b68793e6575f2|lt|0,66baeb26193b68793e6575f2,lt,0,6.0,0.5,lt_control,4,4.0,0.558660691924327,0.34065656275237055,0.10068274532330242
66baeb26193b68793e6575f2|lt|0,66baeb26193b68793e6575f2,lt,0,6.0,0.5,lt_control,4,6.0,0.6963986685899355,0.193520220348297,0.11008111106176757
66baeb26193b68793e6575f2|lt|0,66baeb26193b68793e6575f2,lt,0,6.0,0.5,lt_control,4,8.0,0.4340541290144629,0.47771095228569643,0.08823491869984058
66baeb26193b68793e6575f2|lt|0,66baeb26193b68793e6575f2,lt,0,6.0,0.5,lt_control,4,12.0,0.21322207286148814,0.7381231557018059,0.048654771436706115
66bb7d98f671be44c2871236|lt|1,66bb7d98f671be44c2871236,lt,1,10.0,0.16666666666666666,lt_market,3,4.0,0.33239020215456444,0.1822515361437325,0.48535826170170304
66bb7d98f671be44c2871236|lt|1,66bb7d98f671be44c2871236,lt,1,10.0,0.16666666666666666,lt_market,3,6.0,0.3951603224651593,0.0987406740680277,0.5060990034668131
66bb7d98f671be44c2871236|lt|1,66bb7d98f671be44c2871236,lt,1,10.0,0.16666666666666666,lt_market,3,8.0,0.2749764293160345,0.2721266738356639,0.45289689684830176
66bb7d98f671be44c2871236|lt|1,66bb7d98f671be44c2871236,lt,1,10.0,0.16666666666666666,lt_market,3,12.0,0.16773897407471852,0.5221376257114091,0.3101234002138723
66bd25fdae3afa8b2a215da6|kw|0,66bd25fdae3afa8b2a215da6,kw,0,6.0,0.5,kw_control,1,4.0,0.6405229171721862,0.19360787262979268,0.1658692101980212
66bd25fdae3afa8b2a215da6|kw|0,66bd25fdae3afa8b2a215da6,kw,0,6.0,0.5,kw_control,1,6.0,0.7326644629278752,0.10092371760092787,0.1664118194711969
66bd25fdae3afa8b2a215da6|kw|0,66bd25fdae3afa8b2a215da6,kw,0,6.0,0.5,kw_control,1,8.0,0.5441730175719791,0.29687799283054517,0.1589489895974758
66bd25fdae3afa8b2a215da6|kw|0,66bd25fdae3afa8b2a215da6,kw,0,6.0,0.5,kw_control,1,12.0,0.32852824989110146,0.5637532827453073,0.10771846736359103
66bebe02e300bb97421dc376|lt|1,66bebe02e300bb97421dc376,lt,1,9.0,0.25,lt_market,4,4.0,0.5586606919243272,0.3406565627523704,0.10068274532330246
66bebe02e300bb97421dc376|lt|1,66bebe02e300bb97421dc376,lt,1,9.0,0.25,lt_market,4,6.0,0.6963986685899356,0.19352022034829683,0.11008111106176763
66bebe02e300bb97421dc376|lt|1,66bebe02e300bb97421dc376,lt,1,9.0,0.25,lt_market,4,8.0,0.4340541290144631,0.47771095228569627,0.08823491869984065
66bebe02e300bb97421dc376|lt|1,66bebe02e300bb97421dc376,lt,1,9.0,0.25,lt_market,4,12.0,0.21322207286148823,0.7381231557018055,0.048654771436706164
66c24e9899628532dd846326|kw|1,66c24e9899628532dd846326,kw,1,10.5,0.125,kw_market,3,4.0,0.3218465209456064,0.4549322943538711,0.2232211847005224
66c24e9899628532dd846326|kw|1,66c24e9899628532dd846326,kw,1,10.5,0.125,kw_market,3,6.0,0.44395327571588267,0.28597955479580506,0.2700671694883122
66c24e9899628532dd846326|kw|1,66c24e9899628532dd846326,kw,1,10.5,0.125,kw_market,3,8.0,0.23075816573732882,0.588718505992852,0.18052332826981912
66c24e9899628532dd846326|kw|1,66c24e9899628532dd846326,kw,1,10.5,0.125,kw_market,3,12.0,0.10098147746682877,0.8103407752495665,0.0886777472836049
66c290bb20faa822520e73e3|kw|1,66c290bb20faa822520e73e3,kw,1,12.0,0.0,kw_market,4,4.0,0.571338770440549,0.17925048060108595,0.24941074895836493
66c290bb20faa822520e73e3|kw|1,66c290bb20faa822520e73e3,kw,1,12.0,0.0,kw_market,4,6.0,0.655366829483213,0.09370243177759471,0.2509307387391923
66c290bb20faa822520e73e3|kw|1,66c290bb20faa822520e73e3,kw,1,12.0,0.0,kw_market,4,8.0,0.485753667870076,0.2750650314776106,0.23918130065231344
66c290bb20faa822520e73e3|kw|1,66c290bb20faa822520e73e3,kw,1,12.0,0.0,kw_market,4,12.0,0.2999535607534116,0.5342551021496968,0.16579133709689164
66cba302d70a26c630d75afc|kw|0,66cba302d70a26c630d75afc,kw,0,8.0,0.3333333333333333,kw_control,4,4.0,0.6968665492495063,0.1911689023050412,0.11196454844545256
66cba302d70a26c630d75afc|kw|0,66cba302d70a26c630d75afc,kw,0,8.0,0.3333333333333333,kw_control,4,6.0,0.7899277660422191,0.09875401929139141,0.11131821466638946
66cba302d70a26c630d75afc|kw|0,66cba302d70a26c630d75afc,kw,0,8.0,0.3333333333333333,kw_control,4,8.0,0.5965315652298586,0.295361386949424,0.10810704782071744
66cba302d70a26c630d75afc|kw|0,66cba302d70a26c630d75afc,kw,0,8.0,0.3333333333333333,kw_control,4,12.0,0.3622119022415662,0.5641029475043086,0.07368515025412525
66cf21b57ed16b335a50bddf|kw|0,66cf21b57ed16b335a50bddf,kw,0,6.0,0.5,kw_control,3,4.0,0.5991152191771398,0.2892181773880015,0.11166660343485872
66cf21b57ed16b335a50bddf|kw|0,66cf21b57ed16b335a50bddf,kw,0,6.0,0.5,kw_control,3,6.0,0.7228176966811188,0.15901708292873432,0.1181652203901469
66cf21b57ed16b335a50bddf|kw|0,66cf21b57ed16b335a50bddf,kw,0,6.0,0.5,kw_control,3,8.0,0.48041487877449995,0.41858565753864974,0.10099946368685034
66cf21b57ed16b335a50bddf|kw|0,66cf21b57ed16b335a50bddf,kw,0,6.0,0.5,kw_control,3,12.0,0.2514724991166311,0.6891817275088895,0.059345773374479334
66d0217be06f8783cc04f0a7|kw|0,66d0217be06f8783cc04f0a7,kw,0,10.0,0.16666666666666666,kw_control,4,4.0,0.7967830643922639,0.0863610139892806,0.11685592161845557
66d0217be06f8783cc04f0a7|kw|0,66d0217be06f8783cc04f0a7,kw,0,10.0,0.16666666666666666,kw_control,4,6.0,0.8488753979574292,0.04192966165494564,0.10919494038762523
66d0217be06f8783cc04f0a7|kw|0,66d0217be06f8783cc04f0a7,kw,0,10.0,0.16666666666666666,kw_control,4,8.0,0.734725594349773,0.14373266181188782,0.12154174383833914
66d0217be06f8783cc04f0a7|kw|0,66d0217be06f8783cc04f0a7,kw,0,10.0,0.16666666666666666,kw_control,4,12.0,0.5552408647390824,0.3416544516522735,0.10310468360864405
66d045a6b838b2a1ff99653a|lt|1,66d045a6b838b2a1ff99653a,lt,1,10.0,0.16666666666666666,lt_market,2,4.0,0.6975282686655849,0.15944182314185928,0.1430299081925558
66d045a6b838b2a1ff99653a|lt|1,66d045a6b838b2a1ff99653a,lt,1,10.0,0.16666666666666666,lt_market,2,6.0,0.7788037865880962,0.08112753225543877,0.140068681156465
66d045a6b838b2a1ff99653a|lt|1,66d045a6b838b2a1ff99653a,lt,1,10.0,0.16666666666666666,lt_market,2,8.0,0.6083263304308875,0.2509745675975255,0.140699101971587
66d045a6b838b2a1ff99653a|lt|1,66d045a6b838b2a1ff99653a,lt,1,10.0,0.16666666666666666,lt_market,2,12.0,0.3910358228744681,0.5074403610624462,0.10152381606308578
66d3755f3cb79a7b15921f8c|kw|1,66d3755f3cb79a7b15921f8c,kw,1,12.0,0.0,kw_market,4,4.0,0.2825048859819502,0.1384234588173259,0.5790716552007239
66d3755f3cb79a7b15921f8c|kw|1,66d3755f3cb79a7b15921f8c,kw,1,12.0,0.0,kw_market,4,6.0,0.3309997034000544,0.07391134588732341,0.5950889507126221
66d3755f3cb79a7b15921f8c|kw|1,66d3755f3cb79a7b15921f8c,kw,1,12.0,0.0,kw_market,4,8.0,0.23829844938565076,0.21074516084945918,0.55095638976489
66d3755f3cb79a7b15921f8c|kw|1,66d3755f3cb79a7b15921f8c,kw,1,12.0,0.0,kw_market,4,12.0,0.15681256550726025,0.4362069864522753,0.4069804480404646
66d85bf2a76bd30f73bf7d6a|kw|1,66d85bf2a76bd30f73bf7d6a,kw,1,10.0,0.16666666666666666,kw_market,1,4.0,0.4228996357122534,0.12243357875618316,0.4546667855315634
66d85bf2a76bd30f73bf7d6a|kw|1,66d85bf2a76bd30f73bf7d6a,kw,1,10.0,0.16666666666666666,kw_market,1,6.0,0.4819465494923466,0.0635860549491938,0.45446739555845955
66d85bf2a76bd30f73bf7d6a|kw|1,66d85bf2a76bd30f73bf7d6a,kw,1,10.0,0.16666666666666666,kw_market,1,8.0,0.3656021271786469,0.19104013148505083,0.4433577413363022
66d85bf2a76bd30f73bf7d6a|kw|1,66d85bf2a76bd30f73bf7d6a,kw,1,10.0,0.16666666666666666,kw_market,1,12.0,0.24969753917523133,0.4103982678196413,0.33990419300512736
66d87a86976e6622bb873a30|lt|1,66d87a86976e6622bb873a30,lt,1,9.0,0.25,lt_market,1,4.0,0.4217863885520073,0.08362403817848542,0.4945895732695073
66d87a86976e6622bb873a30|lt|1,66d87a86976e6622bb873a30,lt,1,9.0,0.25,lt_market,1,6.0,0.4719557437340868,0.042642202044685724,0.4854020542212275
66d87a86976e6622bb873a30|lt|1,66d87a86976e6622bb873a30,lt,1,9.0,0.25,lt_market,1,8.0,0.3730670680706269,0.13349904239715915,0.49343388953221384
66d87a86976e6622bb873a30|lt|1,66d87a86976e6622bb873a30,lt,1,9.0,0.25,lt_market,1,12.0,0.27698876136268313,0.3117659971355975,0.41124524150171937
66debd6416b5185254e88395|kw|1,66debd6416b5185254e88395,kw,1,9.0,0.25,kw_market,1,4.0,0.42742253806678665,0.11139198223746997,0.4611854796957434
66debd6416b5185254e88395|kw|1,66debd6416b5185254e88395,kw,1,9.0,0.25,kw_market,1,6.0,0.4842266969404945,0.05751021826820146,0.458263084791304
66debd6416b5185254e88395|kw|1,66debd6416b5185254e88395,kw,1,9.0,0.25,kw_market,1,8.0,0.3721028797663699,0.1750298843780177,0.45286723585561234
66debd6416b5185254e88395|kw|1,66debd6416b5185254e88395,kw,1,9.0,0.25,kw_market,1,12.0,0.26003054999247305,0.38472367418170433,0.35524577582582256
66df3be52e3a37738fecdf1a|lt|0,66df3be52e3a37738fecdf1a,lt,0,4.0,0.6666666666666666,lt_control,4,4.0,0.696866549249506,0.19116890230504152,0.1119645484454525
66df3be52e3a37738fecdf1a|lt|0,66df3be52e3a37738fecdf1a,lt,0,4.0,0.6666666666666666,lt_control,4,6.0,0.789927766042219,0.09875401929139162,0.1113182146663894
66df3be52e3a37738fecdf1a|lt|0,66df3be52e3a37738fecdf1a,lt,0,4.0,0.6666666666666666,lt_control,4,8.0,0.5965315652298582,0.2953613869494245,0.10810704782071738
66df3be52e3a37738fecdf1a|lt|0,66df3be52e3a37738fecdf1a,lt,0,4.0,0.6666666666666666,lt_control,4,12.0,0.36221190224156563,0.5641029475043091,0.07368515025412516
66e1961788c0c89fa75ecb42|lt|1,66e1961788c0c89fa75ecb42,lt,1,10.0,0.16666666666666666,lt_market,4,4.0,0.23885324505544323,0.7032627233521233,0.05788403159243351
66e1961788c0c89fa75ecb42|lt|1,66e1961788c0c89fa75ecb42,lt,1,10.0,0.16666666666666666,lt_market,4,6.0,0.3914886842868674,0.5252976262956702,0.08321368941746228
66e1961788c0c89fa75ecb42|lt|1,66e1961788c0c89fa75ecb42,lt,1,10.0,0.16666666666666666,lt_market,4,8.0,0.15180118674477575,0.806704129730041,0.04149468352518311
66e1961788c0c89fa75ecb42|lt|1,66e1961788c0c89fa75ecb42,lt,1,10.0,0.16666666666666666,lt_market,4,12.0,0.055487266258220855,0.9274869428138329,0.017025790927946243
66e1ee920e1ee1e658264d5b|lt|0,66e1ee920e1ee1e658264d5b,lt,0,6.0,0.5,lt_control,3,4.0,0.6395013160788713,0.2384759243015463,0.1220227596195825
66e1ee920e1ee1e658264d5b|lt|0,66e1ee920e1ee1e658264d5b,lt,0,6.0,0.5,lt_control,3,6.0,0.7477747132767695,0.12707895817734013,0.12514632854589033
66e1ee920e1ee1e658264d5b|lt|0,66e1ee920e1ee1e658264d5b,lt,0,6.0,0.5,lt_control,3,8.0,0.5295807226969695,0.35644122485060925,0.11397805245242122
66e1ee920e1ee1e658264d5b|lt|0,66e1ee920e1ee1e658264d5b,lt,0,6.0,0.5,lt_control,3,12.0,0.2977392236810803,0.6303288330170002,0.07193194330191957
66e34d0934e6711bedcc6e1f|lt|0,66e34d0934e6711bedcc6e1f,lt,0,6.0,0.5,lt_control,4,4.0,0.558660691924327,0.34065656275237055,0.10068274532330242
66e34d0934e6711bedcc6e1f|lt|0,66e34d0934e6711bedcc6e1f,lt,0,6.0,0.5,lt_control,4,6.0,0.6963986685899355,0.193520220348297,0.11008111106176757
66e34d0934e6711bedcc6e1f|lt|0,66e34d0934e6711bedcc6e1f,lt,0,6.0,0.5,lt_control,4,8.0,0.4340541290144629,0.47771095228569643,0.08823491869984058
66e34d0934e6711bedcc6e1f|lt|0,66e34d0934e6711bedcc6e1f,lt,0,6.0,0.5,lt_control,4,12.0,0.21322207286148814,0.7381231557018059,0.048654771436706115
66e9b926c782e4f47a05ec7c|lt|1,66e9b926c782e4f47a05ec7c,lt,1,9.0,0.25,lt_market,4,4.0,0.7967830643922639,0.0863610139892806,0.11685592161845557
66e9b926c782e4f47a05ec7c|lt|1,66e9b926c782e4f47a05ec7c,lt,1,9.0,0.25,lt_market,4,6.0,0.8488753979574292,0.04192966165494564,0.10919494038762523
66e9b926c782e4f47a05ec7c|lt|1,66e9b926c782e4f47a05ec7c,lt,1,9.0,0.25,lt_market,4,8.0,0.734725594349773,0.14373266181188782,0.12154174383833914
66e9b926c782e4f47a05ec7c|lt|1,66e9b926c782e4f47a05ec7c,lt,1,9.0,0.25,lt_market,4,12.0,0.5552408647390824,0.3416544516522735,0.10310468360864405
66e9d794bd67a9a02ca66a8f|lt|1,66e9d794bd67a9a02ca66a8f,lt,1,10.0,0.16666666666666666,lt_market,1,4.0,0.6405229171721862,0.19360787262979268,0.1658692101980212
66e9d794bd67a9a02ca66a8f|lt|1,66e9d794bd67a9a02ca66a8f,lt,1,10.0,0.16666666666666666,lt_market,1,6.0,0.7326644629278752,0.10092371760092787,0.1664118194711969
66e9d794bd67a9a02ca66a8f|lt|1,66e9d794bd67a9a02ca66a8f,lt,1,10.0,0.16666666666666666,lt_market,1,8.0,0.5441730175719791,0.29687799283054517,0.1589489895974758
66e9d794bd67a9a02ca66a8f|lt|1,66e9d794bd67a9a02ca66a8f,lt,1,10.0,0.16666666666666666,lt_market,1,12.0,0.32852824989110146,0.5637532827453073,0.10771846736359103
66ea245a0dcc3d4695c49d9a|lt|1,66ea245a0dcc3d4695c49d9a,lt,1,8.0,0.3333333333333333,lt_market,2,4.0,0.5483283547842654,0.08253657462294847,0.3691350705927861
66ea245a0dcc3d4695c49d9a|lt|1,66ea245a0dcc3d4695c49d9a,lt,1,8.0,0.3333333333333333,lt_market,2,6.0,0.6027510056242855,0.04134694752832732,0.35590204684738724
66ea245a0dcc3d4695c49d9a|lt|1,66ea245a0dcc3d4695c49d9a,lt,1,8.0,0.3333333333333333,lt_market,2,8.0,0.49236418435572293,0.13376572627928912,0.37387008936498795
66ea245a0dcc3d4695c49d9a|lt|1,66ea245a0dcc3d4695c49d9a,lt,1,8.0,0.3333333333333333,lt_market,2,12.0,0.3694238027271852,0.3156884078678759,0.31488778940493883
66eada82e2a59d472d2dd086|kw|0,66eada82e2a59d472d2dd086,kw,0,6.0,0.5,kw_control,4,4.0,0.6968665492495063,0.1911689023050412,0.11196454844545256
66eada82e2a59d472d2dd086|kw|0,66eada82e2a59d472d2dd086,kw,0,6.0,0.5,kw_control,4,6.0,0.7899277660422191,0.09875401929139141,0.11131821466638946
66eada82e2a59d472d2dd086|kw|0,66eada82e2a59d472d2dd086,kw,0,6.0,0.5,kw_control,4,8.0,0.5965315652298586,0.295361386949424,0.10810704782071744
66eada82e2a59d472d2dd086|kw|0,66eada82e2a59d472d2dd086,kw,0,6.0,0.5,kw_control,4,12.0,0.3622119022415662,0.5641029475043086,0.07368515025412525
66ec9f0832d1bc82239af5a1|lt|1,66ec9f0832d1bc82239af5a1,lt,1,12.0,0.0,lt_market,1,4.0,0.3745517417286762,0.521140484011414,0.1043077742599098
66ec9f0832d1bc82239af5a1|lt|1,66ec9f0832d1bc82239af5a1,lt,1,12.0,0.0,lt_market,1,6.0,0.5323854420233631,0.33757395731151846,0.13004060066511847
66ec9f0832d1bc82239af5a1|lt|1,66ec9f0832d1bc82239af5a1,lt,1,12.0,0.0,lt_market,1,8.0,0.2614104209299195,0.6564755394581193,0.08211403961196126
66ec9f0832d1bc82239af5a1|lt|1,66ec9f0832d1bc82239af5a1,lt,1,12.0,0.0,lt_market,1,12.0,0.1080895607938679,0.853797279803595,0.03811315940253712
66ecbaf732d7637a943c139f|kw|1,66ecbaf732d7637a943c139f,kw,1,7.0,0.4166666666666667,kw_market,2,4.0,0.28530922261081354,0.6417271893674397,0.0729635880217467
66ecbaf732d7637a943c139f|kw|1,66ecbaf732d7637a943c139f,kw,1,7.0,0.4166666666666667,kw_market,2,6.0,0.44457692113887853,0.45570240053246003,0.09972067832866136
66ecbaf732d7637a943c139f|kw|1,66ecbaf732d7637a943c139f,kw,1,7.0,0.4166666666666667,kw_market,2,8.0,0.1869824977281415,0.7590812218889743,0.053936280382884144
66ecbaf732d7637a943c139f|kw|1,66ecbaf732d7637a943c139f,kw,1,7.0,0.4166666666666667,kw_market,2,12.0,0.0709573666192849,0.9060666449866888,0.022975988394026307
66edc72a30ec9b38153f1b50|kw|0,66edc72a30ec9b38153f1b50,kw,0,6.0,0.5,kw_control,2,4.0,0.5756275307869297,0.289175828122463,0.1351966410906073
66edc72a30ec9b38153f1b50|kw|0,66edc72a30ec9b38153f1b50,kw,0,6.0,0.5,kw_control,2,6.0,0.6968924612271754,0.15954601824848022,0.14356152052434434
66edc72a30ec9b38153f1b50|kw|0,66edc72a30ec9b38153f1b50,kw,0,6.0,0.5,kw_control,2,8.0,0.46048162042858715,0.41752779585571925,0.12199058371569356
66edc72a30ec9b38153f1b50|kw|0,66edc72a30ec9b38153f1b50,kw,0,6.0,0.5,kw_control,2,12.0,0.24100030959831442,0.687331195008194,0.07166849539349159
66edc72a30ec9b38153f1b50|lt|1,66edc72a30ec9b38153f1b50,lt,1,9.0,0.25,lt_market,4,4.0,0.7967830643922639,0.0863610139892806,0.11685592161845557
66edc72a30ec9b38153f1b50|lt|1,66edc72a30ec9b38153f1b50,lt,1,9.0,0.25,lt_market,4,6.0,0.8488753979574292,0.04192966165494564,0.10919494038762523
66edc72a30ec9b38153f1b50|lt|1,66edc72a30ec9b38153f1b50,lt,1,9.0,0.25,lt_market,4,8.0,0.734725594349773,0.14373266181188782,0.12154174383833914
66edc72a30ec9b38153f1b50|lt|1,66edc72a30ec9b38153f1b50,lt,1,9.0,0.25,lt_market,4,12.0,0.5552408647390824,0.3416544516522735,0.10310468360864405
66ede5bbe36caed7269bd7e2|lt|0,66ede5bbe36caed7269bd7e2,lt,0,8.0,0.3333333333333333,lt_control,3,4.0,0.6222576685694753,0.08041472280159703,0.29732760862892765
66ede5bbe36caed7269bd7e2|lt|0,66ede5bbe36caed7269bd7e2,lt,0,8.0,0.3333333333333333,lt_control,3,6.0,0.6765951985476784,0.039846850082508635,0.28355795136981293
66ede5bbe36caed7269bd7e2|lt|0,66ede5bbe36caed7269bd7e2,lt,0,8.0,0.3333333333333333,lt_control,3,8.0,0.5642685903603363,0.13161453365107242,0.3041168759885914
66ede5bbe36caed7269bd7e2|lt|0,66ede5bbe36caed7269bd7e2,lt,0,8.0,0.3333333333333333,lt_control,3,12.0,0.42759678702089865,0.3137095708436044,0.258693642135497
66ede5bbe36caed7269bd7e2|lt|1,66ede5bbe36caed7269bd7e2,lt,1,8.0,0.3333333333333333,lt_market,3,4.0,0.3218465209456064,0.4549322943538711,0.2232211847005224
66ede5bbe36caed7269bd7e2|lt|1,66ede5bbe36caed7269bd7e2,lt,1,8.0,0.3333333333333333,lt_market,3,6.0,0.44395327571588267,0.28597955479580506,0.2700671694883122
66ede5bbe36caed7269bd7e2|lt|1,66ede5bbe36caed7269bd7e2,lt,1,8.0,0.3333333333333333,lt_market,3,8.0,0.23075816573732882,0.588718505992852,0.18052332826981912
66ede5bbe36caed7269bd7e2|lt|1,66ede5bbe36caed7269bd7e2,lt,1,8.0,0.3333333333333333,lt_market,3,12.0,0.10098147746682877,0.8103407752495665,0.0886777472836049
66f0a4b44573af0b7f3ecb3d|lt|0,66f0a4b44573af0b7f3ecb3d,lt,0,6.0,0.5,lt_control,4,4.0,0.6968665492495063,0.1911689023050412,0.11196454844545256
66f0a4b44573af0b7f3ecb3d|lt|0,66f0a4b44573af0b7f3ecb3d,lt,0,6.0,0.5,lt_control,4,6.0,0.7899277660422191,0.09875401929139141,0.11131821466638946
66f0a4b44573af0b7f3ecb3d|lt|0,66f0a4b44573af0b7f3ecb3d,lt,0,6.0,0.5,lt_control,4,8.0,0.5965315652298586,0.295361386949424,0.10810704782071744
66f0a4b44573af0b7f3ecb3d|lt|0,66f0a4b44573af0b7f3ecb3d,lt,0,6.0,0.5,lt_control,4,12.0,0.3622119022415662,0.5641029475043086,0.07368515025412525
66f480695684a9ff1f525bf8|lt|1,66f480695684a9ff1f525bf8,lt,1,11.5,0.041666666666666664,lt_market,1,4.0,0.4217863885520073,0.08362403817848542,0.4945895732695073
66f480695684a9ff1f525bf8|lt|1,66f480695684a9ff1f525bf8,lt,1,11.5,0.041666666666666664,lt_market,1,6.0,0.4719557437340868,0.042642202044685724,0.4854020542212275
66f480695684a9ff1f525bf8|lt|1,66f480695684a9ff1f525bf8,lt,1,11.5,0.041666666666666664,lt_market,1,8.0,0.3730670680706269,0.13349904239715915,0.49343388953221384
66f480695684a9ff1f525bf8|lt|1,66f480695684a9ff1f525bf8,lt,1,11.5,0.041666666666666664,lt_market,1,12.0,0.27698876136268313,0.3117659971355975,0.41124524150171937
66fc218d3bbacd308ed20847|lt|0,66fc218d3bbacd308ed20847,lt,0,8.0,0.3333333333333333,lt_control,3,4.0,0.6395013160788713,0.2384759243015463,0.1220227596195825
66fc218d3bbacd308ed20847|lt|0,66fc218d3bbacd308ed20847,lt,0,8.0,0.3333333333333333,lt_control,3,6.0,0.7477747132767695,0.12707895817734013,0.12514632854589033
66fc218d3bbacd308ed20847|lt|0,66fc218d3bbacd308ed20847,lt,0,8.0,0.3333333333333333,lt_control,3,8.0,0.5295807226969695,0.35644122485060925,0.11397805245242122
66fc218d3bbacd308ed20847|lt|0,66fc218d3bbacd308ed20847,lt,0,8.0,0.3333333333333333,lt_control,3,12.0,0.2977392236810803,0.6303288330170002,0.07193194330191957
66fcd0716d928803a90f7537|kw|1,66fcd0716d928803a90f7537,kw,1,11.0,0.08333333333333333,kw_market,3,4.0,0.260519950029666,0.06455573819099836,0.6749243117793358
66fcd0716d928803a90f7537|kw|1,66fcd0716d928803a90f7537,kw,1,11.0,0.08333333333333333,kw_market,3,6.0,0.29540292318457784,0.033358646917398746,0.6712384298980234
66fcd0716d928803a90f7537|kw|1,66fcd0716d928803a90f7537,kw,1,11.0,0.08333333333333333,kw_market,3,8.0,0.22886414249464815,0.10235858679831353,0.6687772707070385
66fcd0716d928803a90f7537|kw|1,66fcd0716d928803a90f7537,kw,1,11.0,0.08333333333333333,kw_market,3,12.0,0.1758406587839122,0.2473666748297031,0.5767926663863848
6701db7d27bdd24afded38f2|lt|1,6701db7d27bdd24afded38f2,lt,1,8.0,0.3333333333333333,lt_market,2,4.0,0.40669953307889495,0.2448137797666282,0.3484866871544769
6701db7d27bdd24afded38f2|lt|1,6701db7d27bdd24afded38f2,lt,1,8.0,0.3333333333333333,lt_market,2,6.0,0.4936133118220561,0.13540940234650423,0.3709772858314397
6701db7d27bdd24afded38f2|lt|1,6701db7d27bdd24afded38f2,lt,1,8.0,0.3333333333333333,lt_market,2,8.0,0.3275505930511745,0.35587152283672,0.3165778841121053
6701db7d27bdd24afded38f2|lt|1,6701db7d27bdd24afded38f2,lt,1,8.0,0.3333333333333333,lt_market,2,12.0,0.18174288258460922,0.6210801096663144,0.1971770077490762
6701f65ca63a3fae9d2e820e|kw|1,6701f65ca63a3fae9d2e820e,kw,1,3.0,0.75,kw_market,4,4.0,0.696866549249506,0.19116890230504152,0.1119645484454525
6701f65ca63a3fae9d2e820e|kw|1,6701f65ca63a3fae9d2e820e,kw,1,3.0,0.75,kw_market,4,6.0,0.789927766042219,0.09875401929139162,0.1113182146663894
6701f65ca63a3fae9d2e820e|kw|1,6701f65ca63a3fae9d2e820e,kw,1,3.0,0.75,kw_market,4,8.0,0.5965315652298582,0.2953613869494245,0.10810704782071738
6701f65ca63a3fae9d2e820e|kw|1,6701f65ca63a3fae9d2e820e,kw,1,3.0,0.75,kw_market,4,12.0,0.36221190224156563,0.5641029475043091,0.07368515025412516
6701f65ca63a3fae9d2e820e|lt|0,6701f65ca63a3fae9d2e820e,lt,0,10.5,0.125,lt_control,2,4.0,0.7361673893474243,0.1096348379431364,0.15419777270943927
6701f65ca63a3fae9d2e820e|lt|0,6701f65ca63a3fae9d2e820e,lt,0,10.5,0.125,lt_control,2,6.0,0.7989861817038332,0.054226433888478885,0.1467873844076879
6701f65ca63a3fae9d2e820e|lt|0,6701f65ca63a3fae9d2e820e,lt,0,10.5,0.125,lt_control,2,8.0,0.6644263575202457,0.17859591350504198,0.15697772897471232
6701f65ca63a3fae9d2e820e|lt|0,6701f65ca63a3fae9d2e820e,lt,0,10.5,0.125,lt_control,2,12.0,0.47378044198395936,0.4005688338862741,0.12565072412976652
67048c237f6f05cabcb21cc9|kw|0,67048c237f6f05cabcb21cc9,kw,0,7.0,0.4166666666666667,kw_control,3,4.0,0.7469537774739156,0.1260492290024411,0.12699699352364338
67048c237f6f05cabcb21cc9|kw|0,67048c237f6f05cabcb21cc9,kw,0,7.0,0.4166666666666667,kw_control,3,6.0,0.8156423500109986,0.06272577061652274,0.12163187937247864
67048c237f6f05cabcb21cc9|kw|0,67048c237f6f05cabcb21cc9,kw,0,7.0,0.4166666666666667,kw_control,3,8.0,0.6682918351132063,0.2035472700851669,0.12816089480162682
67048c237f6f05cabcb21cc9|kw|0,67048c237f6f05cabcb21cc9,kw,0,7.0,0.4166666666666667,kw_control,3,12.0,0.46013164729019995,0.44081523307752585,0.09905311963227426
670d2af9c00f086b201e9f70|lt|1,670d2af9c00f086b201e9f70,lt,1,9.0,0.25,lt_market,1,4.0,0.6734327212875193,0.15353827029016942,0.17302900842231125
670d2af9c00f086b201e9f70|lt|1,670d2af9c00f086b201e9f70,lt,1,9.0,0.25,lt_market,1,6.0,0.7522986011249835,0.07816502230134571,0.16953637657367082
670d2af9c00f086b201e9f70|lt|1,670d2af9c00f086b201e9f70,lt,1,9.0,0.25,lt_market,1,8.0,0.58778040607822,0.2418745615684373,0.1703450323533426
670d2af9c00f086b201e9f70|lt|1,670d2af9c00f086b201e9f70,lt,1,9.0,0.25,lt_market,1,12.0,0.381727992428549,0.4940881762836564,0.1241838312877946
671279a5cee9ddb1711049e7|kw|1,671279a5cee9ddb1711049e7,kw,1,8.0,0.3333333333333333,kw_market,1,4.0,0.4228996357122534,0.12243357875618316,0.4546667855315634
671279a5cee9ddb1711049e7|kw|1,671279a5cee9ddb1711049e7,kw,1,8.0,0.3333333333333333,kw_market,1,6.0,0.4819465494923466,0.0635860549491938,0.45446739555845955
671279a5cee9ddb1711049e7|kw|1,671279a5cee9ddb1711049e7,kw,1,8.0,0.3333333333333333,kw_market,1,8.0,0.3656021271786469,0.19104013148505083,0.4433577413363022
671279a5cee9ddb1711049e7|kw|1,671279a5cee9ddb1711049e7,kw,1,8.0,0.3333333333333333,kw_market,1,12.0,0.24969753917523133,0.4103982678196413,0.33990419300512736
6712fe1173dfa2bfa2d6294b|lt|1,6712fe1173dfa2bfa2d6294b,lt,1,5.0,0.5833333333333334,lt_market,2,4.0,0.5540620565391182,0.3209888729371529,0.12494907052372897
6712fe1173dfa2bfa2d6294b|lt|1,6712fe1173dfa2bfa2d6294b,lt,1,5.0,0.5833333333333334,lt_market,2,6.0,0.6840811066067651,0.1806088123316006,0.1353100810616343
6712fe1173dfa2bfa2d6294b|lt|1,6712fe1173dfa2bfa2d6294b,lt,1,5.0,0.5833333333333334,lt_market,2,8.0,0.4347799671951012,0.4546254614983863,0.11059457130651253
6712fe1173dfa2bfa2d6294b|lt|1,6712fe1173dfa2bfa2d6294b,lt,1,5.0,0.5833333333333334,lt_market,2,12.0,0.21860295238195115,0.7189780220073018,0.06241902561074718
67180c619687ce86be82b29f|kw|1,67180c619687ce86be82b29f,kw,1,12.0,0.0,kw_market,1,4.0,0.6581622492398861,0.17242164747245606,0.16941610328765785
67180c619687ce86be82b29f|kw|1,67180c619687ce86be82b29f,kw,1,12.0,0.0,kw_market,1,6.0,0.7434064265380043,0.0887533808905588,0.16784019257143692
67180c619687ce86be82b29f|kw|1,67180c619687ce86be82b29f,kw,1,12.0,0.0,kw_market,1,8.0,0.5671570528192297,0.2681728579214787,0.16467008925929158
67180c619687ce86be82b29f|kw|1,67180c619687ce86be82b29f,kw,1,12.0,0.0,kw_market,1,12.0,0.3554699132209153,0.5286761196575392,0.11585396712154535
671877457b87685e1d42f63c|lt|1,671877457b87685e1d42f63c,lt,1,8.0,0.3333333333333333,lt_market,2,4.0,0.5353561100298982,0.09146678574589417,0.3731771042242077
671877457b87685e1d42f63c|lt|1,671877457b87685e1d42f63c,lt,1,8.0,0.3333333333333333,lt_market,2,6.0,0.5919774054330703,0.04609200046226272,0.36193059410466694
671877457b87685e1d42f63c|lt|1,671877457b87685e1d42f63c,lt,1,8.0,0.3333333333333333,lt_market,2,8.0,0.47741286250913384,0.14722020935868363,0.37536692813218253
671877457b87685e1d42f63c|lt|1,671877457b87685e1d42f63c,lt,1,8.0,0.3333333333333333,lt_market,2,12.0,0.35056505207350097,0.340030047926627,0.30940489999987214
6719761fc33e7e0d88199445|kw|0,6719761fc33e7e0d88199445,kw,0,9.0,0.25,kw_control,4,4.0,0.6968665492495063,0.1911689023050412,0.11196454844545256
6719761fc33e7e0d88199445|kw|0,6719761fc33e7e0d88199445,kw,0,9.0,0.25,kw_control,4,6.0,0.7899277660422191,0.09875401929139141,0.11131821466638946
6719761fc33e7e0d88199445|kw|0,6719761fc33e7e0d88199445,kw,0,9.0,0.25,kw_control,4,8.0,0.5965315652298586,0.295361386949424,0.10810704782071744
6719761fc33e7e0d88199445|kw|0,6719761fc33e7e0d88199445,kw,0,9.0,0.25,kw_control,4,12.0,0.3622119022415662,0.5641029475043086,0.07368515025412525
671a65c94ef5a96c18488902|kw|1,671a65c94ef5a96c18488902,kw,1,9.0,0.25,kw_market,1,4.0,0.3745517417286762,0.521140484011414,0.1043077742599098
671a65c94ef5a96c18488902|kw|1,671a65c94ef5a96c18488902,kw,1,9.0,0.25,kw_market,1,6.0,0.5323854420233631,0.33757395731151846,0.13004060066511847
671a65c94ef5a96c18488902|kw|1,671a65c94ef5a96c18488902,kw,1,9.0,0.25,kw_market,1,8.0,0.2614104209299195,0.6564755394581193,0.08211403961196126
671a65c94ef5a96c18488902|kw|1,671a65c94ef5a96c18488902,kw,1,9.0,0.25,kw_market,1,12.0,0.1080895607938679,0.853797279803595,0.03811315940253712
671a9506b90ee5e2d532c12d|lt|1,671a9506b90ee5e2d532c12d,lt,1,10.5,0.125,lt_market,1,4.0,0.4164008745007025,0.1338833199922762,0.44971580550702134
671a9506b90ee5e2d532c12d|lt|1,671a9506b90ee5e2d532c12d,lt,1,10.5,0.125,lt_market,1,6.0,0.4776011186675175,0.06998096845771834,0.45241791287476424
671a9506b90ee5e2d532c12d|lt|1,671a9506b90ee5e2d532c12d,lt,1,10.5,0.125,lt_market,1,8.0,0.35733260289200547,0.20736723865446208,0.4353001584535324
671a9506b90ee5e2d532c12d|lt|1,671a9506b90ee5e2d532c12d,lt,1,10.5,0.125,lt_market,1,12.0,0.23850463638782385,0.43535114386867885,0.3261442197434974
671bcbdd819357115fa0917d|kw|0,671bcbdd819357115fa0917d,kw,0,6.0,0.5,kw_control,4,4.0,0.6968665492495063,0.1911689023050412,0.11196454844545256
671bcbdd819357115fa0917d|kw|0,671bcbdd819357115fa0917d,kw,0,6.0,0.5,kw_control,4,6.0,0.7899277660422191,0.09875401929139141,0.11131821466638946
671bcbdd819357115fa0917d|kw|0,671bcbdd819357115fa0917d,kw,0,6.0,0.5,kw_control,4,8.0,0.5965315652298586,0.295361386949424,0.10810704782071744
671bcbdd819357115fa0917d|kw|0,671bcbdd819357115fa0917d,kw,0,6.0,0.5,kw_control,4,12.0,0.3622119022415662,0.5641029475043086,0.07368515025412525
671cdd2146a2a9d3d0535132|kw|1,671cdd2146a2a9d3d0535132,kw,1,12.0,0.0,kw_market,4,4.0,0.36015072619270216,0.058265909509683564,0.5815833642976143
671cdd2146a2a9d3d0535132|kw|1,671cdd2146a2a9d3d0535132,kw,1,12.0,0.0,kw_market,4,6.0,0.40159126602600953,0.029608354153649565,0.5688003798203409
671cdd2146a2a9d3d0535132|kw|1,671cdd2146a2a9d3d0535132,kw,1,12.0,0.0,kw_market,4,8.0,0.3211870652861515,0.09378663279450476,0.5850263019193436
671cdd2146a2a9d3d0535132|kw|1,671cdd2146a2a9d3d0535132,kw,1,12.0,0.0,kw_market,4,12.0,0.2523288394351154,0.2317528849069818,0.5159182756579028
671d15b4b59b2741dee8284a|kw|1,671d15b4b59b2741dee8284a,kw,1,6.0,0.5,kw_market,4,4.0,0.5151051505452523,0.07039878187562157,0.41449606757912616
671d15b4b59b2741dee8284a|kw|1,671d15b4b59b2741dee8284a,kw,1,6.0,0.5,kw_market,4,6.0,0.5655891103243015,0.03522654612652285,0.39918434354917576
671d15b4b59b2741dee8284a|kw|1,671d15b4b59b2741dee8284a,kw,1,6.0,0.5,kw_market,4,8.0,0.4641848139915373,0.11450193911646846,0.4213132468919943
671d15b4b59b2741dee8284a|kw|1,671d15b4b59b2741dee8284a,kw,1,6.0,0.5,kw_market,4,12.0,0.35781551229774383,0.2776236375456086,0.36456085015664746
671e6d002c9289cb169875ed|kw|0,671e6d002c9289cb169875ed,kw,0,6.0,0.5,kw_control,4,4.0,0.6968665492495063,0.1911689023050412,0.11196454844545256
671e6d002c9289cb169875ed|kw|0,671e6d002c9289cb169875ed,kw,0,6.0,0.5,kw_control,4,6.0,0.7899277660422191,0.09875401929139141,0.11131821466638946
671e6d002c9289cb169875ed|kw|0,671e6d002c9289cb169875ed,kw,0,6.0,0.5,kw_control,4,8.0,0.5965315652298586,0.295361386949424,0.10810704782071744
671e6d002c9289cb169875ed|kw|0,671e6d002c9289cb169875ed,kw,0,6.0,0.5,kw_control,4,12.0,0.3622119022415662,0.5641029475043086,0.07368515025412525
671fb7534780312b6355a4c1|kw|0,671fb7534780312b6355a4c1,kw,0,6.0,0.5,kw_control,3,4.0,0.7743666248753887,0.09340363246942479,0.13222974265518656
671fb7534780312b6355a4c1|kw|0,671fb7534780312b6355a4c1,kw,0,6.0,0.5,kw_control,3,6.0,0.8300540484119694,0.04562714390084003,0.12431880768719056
671fb7534780312b6355a4c1|kw|0,671fb7534780312b6355a4c1,kw,0,6.0,0.5,kw_control,3,8.0,0.7090625794703179,0.15436696555338442,0.1365704549762976
671fb7534780312b6355a4c1|kw|0,671fb7534780312b6355a4c1,kw,0,6.0,0.5,kw_control,3,12.0,0.5260452221021381,0.36022034982217804,0.11373442807568376
671fbc862b5c7b635c9980de|kw|1,671fbc862b5c7b635c9980de,kw,1,8.0,0.3333333333333333,kw_market,4,4.0,0.2825048859819502,0.1384234588173259,0.5790716552007239
671fbc862b5c7b635c9980de|kw|1,671fbc862b5c7b635c9980de,kw,1,8.0,0.3333333333333333,kw_market,4,6.0,0.3309997034000544,0.07391134588732341,0.5950889507126221
671fbc862b5c7b635c9980de|kw|1,671fbc862b5c7b635c9980de,kw,1,8.0,0.3333333333333333,kw_market,4,8.0,0.23829844938565076,0.21074516084945918,0.55095638976489
671fbc862b5c7b635c9980de|kw|1,671fbc862b5c7b635c9980de,kw,1,8.0,0.3333333333333333,kw_market,4,12.0,0.15681256550726025,0.4362069864522753,0.4069804480404646
671ffe48b75190b5502550f7|lt|0,671ffe48b75190b5502550f7,lt,0,6.0,0.5,lt_control,3,4.0,0.6395013160788713,0.2384759243015463,0.1220227596195825
671ffe48b75190b5502550f7|lt|0,671ffe48b75190b5502550f7,lt,0,6.0,0.5,lt_control,3,6.0,0.7477747132767695,0.12707895817734013,0.12514632854589033
671ffe48b75190b5502550f7|lt|0,671ffe48b75190b5502550f7,lt,0,6.0,0.5,lt_control,3,8.0,0.5295807226969695,0.35644122485060925,0.11397805245242122
671ffe48b75190b5502550f7|lt|0,671ffe48b75190b5502550f7,lt,0,6.0,0.5,lt_control,3,12.0,0.2977392236810803,0.6303288330170002,0.07193194330191957
6720378a683a5d8a933493fb|lt|1,6720378a683a5d8a933493fb,lt,1,8.0,0.3333333333333333,lt_market,3,4.0,0.4283799035268654,0.07267636948256995,0.4989437269905647
6720378a683a5d8a933493fb|lt|1,6720378a683a5d8a933493fb,lt,1,8.0,0.3333333333333333,lt_market,3,6.0,0.4764422186367896,0.036836142675003944,0.48672163868820645
6720378a683a5d8a933493fb|lt|1,6720378a683a5d8a933493fb,lt,1,8.0,0.3333333333333333,lt_market,3,8.0,0.38168573952012197,0.11687529794008228,0.5014389625397957
6720378a683a5d8a933493fb|lt|1,6720378a683a5d8a933493fb,lt,1,8.0,0.3333333333333333,lt_market,3,12.0,0.2908783295915183,0.2801583214233768,0.42896334898510485
6722ae0741429fa41d8893db|kw|1,6722ae0741429fa41d8893db,kw,1,6.0,0.5,kw_market,3,4.0,0.7743666248753887,0.09340363246942479,0.13222974265518656
6722ae0741429fa41d8893db|kw|1,6722ae0741429fa41d8893db,kw,1,6.0,0.5,kw_market,3,6.0,0.8300540484119694,0.04562714390084003,0.12431880768719056
6722ae0741429fa41d8893db|kw|1,6722ae0741429fa41d8893db,kw,1,6.0,0.5,kw_market,3,8.0,0.7090625794703179,0.15436696555338442,0.1365704549762976
6722ae0741429fa41d8893db|kw|1,6722ae0741429fa41d8893db,kw,1,6.0,0.5,kw_market,3,12.0,0.5260452221021381,0.36022034982217804,0.11373442807568376
6723fefd7a09fe9da8f9bd10|kw|0,6723fefd7a09fe9da8f9bd10,kw,0,6.0,0.5,kw_control,4,4.0,0.6968665492495061,0.191168902305041,0.11196454844545285
6723fefd7a09fe9da8f9bd10|kw|0,6723fefd7a09fe9da8f9bd10,kw,0,6.0,0.5,kw_control,4,6.0,0.789927766042219,0.09875401929139131,0.1113182146663897
6723fefd7a09fe9da8f9bd10|kw|0,6723fefd7a09fe9da8f9bd10,kw,0,6.0,0.5,kw_control,4,8.0,0.5965315652298585,0.29536138694942377,0.10810704782071771
6723fefd7a09fe9da8f9bd10|kw|0,6723fefd7a09fe9da8f9bd10,kw,0,6.0,0.5,kw_control,4,12.0,0.3622119022415662,0.5641029475043082,0.07368515025412546
672539aa74aa5a08ab440626|lt|1,672539aa74aa5a08ab440626,lt,1,11.5,0.041666666666666664,lt_market,2,4.0,0.7212326143040373,0.13327315081160196,0.1454942348843608
672539aa74aa5a08ab440626|lt|1,672539aa74aa5a08ab440626,lt,1,11.5,0.041666666666666664,lt_market,2,6.0,0.79292863568439,0.06677304518710417,0.1402983191285059
672539aa74aa5a08ab440626|lt|1,672539aa74aa5a08ab440626,lt,1,11.5,0.041666666666666664,lt_market,2,8.0,0.6405904682748539,0.21364879194202316,0.14576073978312296
672539aa74aa5a08ab440626|lt|1,672539aa74aa5a08ab440626,lt,1,11.5,0.041666666666666664,lt_market,2,12.0,0.4339394398352082,0.45522327153375086,0.11083728863104081
6727af89081bd9f0e0d0973d|lt|1,6727af89081bd9f0e0d0973d,lt,1,7.0,0.4166666666666667,lt_market,4,4.0,0.571338770440549,0.17925048060108595,0.24941074895836493
6727af89081bd9f0e0d0973d|lt|1,6727af89081bd9f0e0d0973d,lt,1,7.0,0.4166666666666667,lt_market,4,6.0,0.655366829483213,0.09370243177759467,0.2509307387391923
6727af89081bd9f0e0d0973d|lt|1,6727af89081bd9f0e0d0973d,lt,1,7.0,0.4166666666666667,lt_market,4,8.0,0.48575366787007607,0.2750650314776106,0.23918130065231344
6727af89081bd9f0e0d0973d|lt|1,6727af89081bd9f0e0d0973d,lt,1,7.0,0.4166666666666667,lt_market,4,12.0,0.2999535607534116,0.5342551021496967,0.16579133709689162
6727d409f712a40c69603853|lt|1,6727d409f712a40c69603853,lt,1,9.0,0.25,lt_market,1,4.0,0.6734327212875193,0.15353827029016942,0.17302900842231125
6727d409f712a40c69603853|lt|1,6727d409f712a40c69603853,lt,1,9.0,0.25,lt_market,1,6.0,0.7522986011249835,0.07816502230134571,0.16953637657367082
6727d409f712a40c69603853|lt|1,6727d409f712a40c69603853,lt,1,9.0,0.25,lt_market,1,8.0,0.58778040607822,0.2418745615684373,0.1703450323533426
6727d409f712a40c69603853|lt|1,6727d409f712a40c69603853,lt,1,9.0,0.25,lt_market,1,12.0,0.381727992428549,0.4940881762836564,0.1241838312877946
67282bd83f8d0606edf4b368|kw|1,67282bd83f8d0606edf4b368,kw,1,10.0,0.16666666666666666,kw_market,3,4.0,0.42130818632424755,0.48971733039762366,0.08897448327812882
67282bd83f8d0606edf4b368|kw|1,67282bd83f8d0606edf4b368,kw,1,10.0,0.16666666666666666,kw_market,3,6.0,0.5831074858897167,0.3088829703369596,0.10800954377332375
67282bd83f8d0606edf4b368|kw|1,67282bd83f8d0606edf4b368,kw,1,10.0,0.16666666666666666,kw_market,3,8.0,0.29974470266593234,0.628853892412377,0.07140140492169056
67282bd83f8d0606edf4b368|kw|1,67282bd83f8d0606edf4b368,kw,1,10.0,0.16666666666666666,kw_market,3,12.0,0.1271241598613032,0.8388835821665274,0.03399225797216935
67283913f11cbfde51b17706|lt|1,67283913f11cbfde51b17706,lt,1,10.5,0.125,lt_market,3,4.0,0.2546544133044559,0.052801129266621366,0.6925444574289227
67283913f11cbfde51b17706|lt|1,67283913f11cbfde51b17706,lt,1,10.5,0.125,lt_market,3,6.0,0.2873729306121163,0.027154238822804128,0.6854728305650797
67283913f11cbfde51b17706|lt|1,67283913f11cbfde51b17706,lt,1,10.5,0.125,lt_market,3,8.0,0.2251366853022613,0.08425407845376943,0.6906092362439693
67283913f11cbfde51b17706|lt|1,67283913f11cbfde51b17706,lt,1,10.5,0.125,lt_market,3,12.0,0.17792071710543314,0.2094336915213668,0.6126455913732
672a7e2aad8ecc9a5a2128dd|kw|1,672a7e2aad8ecc9a5a2128dd,kw,1,12.0,0.0,kw_market,2,4.0,0.32416932750857796,0.07951030600103152,0.5963203664903906
672a7e2aad8ecc9a5a2128dd|kw|1,672a7e2aad8ecc9a5a2128dd,kw,1,12.0,0.0,kw_market,2,6.0,0.3669418758799028,0.04101555138062484,0.5920425727394726
672a7e2aad8ecc9a5a2128dd|kw|1,672a7e2aad8ecc9a5a2128dd,kw,1,12.0,0.0,kw_market,2,8.0,0.28428509760949333,0.12585146065735328,0.5898634417331534
672a7e2aad8ecc9a5a2128dd|kw|1,672a7e2aad8ecc9a5a2128dd,kw,1,12.0,0.0,kw_market,2,12.0,0.21179344097151592,0.29491172182525827,0.49329483720322587
672d2977ae54935ef84a2b74|kw|0,672d2977ae54935ef84a2b74,kw,0,6.0,0.5,kw_control,3,4.0,0.6562393468547034,0.2190476107815082,0.12471304236378847
672d2977ae54935ef84a2b74|kw|0,672d2977ae54935ef84a2b74,kw,0,6.0,0.5,kw_control,3,6.0,0.758264060438182,0.1153443959489603,0.1263915436128578
672d2977ae54935ef84a2b74|kw|0,672d2977ae54935ef84a2b74,kw,0,6.0,0.5,kw_control,3,8.0,0.5504126348226516,0.3316021289999801,0.11798523617736828
672d2977ae54935ef84a2b74|kw|0,672d2977ae54935ef84a2b74,kw,0,6.0,0.5,kw_control,3,12.0,0.318918147754441,0.6043430206738475,0.07673883157171162
672d2977ae54935ef84a2b74|lt|1,672d2977ae54935ef84a2b74,lt,1,11.0,0.08333333333333333,lt_market,4,4.0,0.558660691924327,0.34065656275237055,0.10068274532330242
672d2977ae54935ef84a2b74|lt|1,672d2977ae54935ef84a2b74,lt,1,11.0,0.08333333333333333,lt_market,4,6.0,0.6963986685899355,0.193520220348297,0.11008111106176757
672d2977ae54935ef84a2b74|lt|1,672d2977ae54935ef84a2b74,lt,1,11.0,0.08333333333333333,lt_market,4,8.0,0.4340541290144629,0.47771095228569643,0.08823491869984058
672d2977ae54935ef84a2b74|lt|1,672d2977ae54935ef84a2b74,lt,1,11.0,0.08333333333333333,lt_market,4,12.0,0.21322207286148814,0.7381231557018059,0.048654771436706115
672da8c47dddf2de17d21700|lt|1,672da8c47dddf2de17d21700,lt,1,12.0,0.0,lt_market,3,4.0,0.4284361208108569,0.09042112068811109,0.48114275850103194
672da8c47dddf2de17d21700|lt|1,672da8c47dddf2de17d21700,lt,1,12.0,0.0,lt_market,3,6.0,0.4804969207119871,0.046214066868999905,0.47328901241901306
672da8c47dddf2de17d21700|lt|1,672da8c47dddf2de17d21700,lt,1,12.0,0.0,lt_market,3,8.0,0.3776958008529271,0.14387277647113766,0.47843142267593525
672da8c47dddf2de17d21700|lt|1,672da8c47dddf2de17d21700,lt,1,12.0,0.0,lt_market,3,12.0,0.2762378541980891,0.3309748716279172,0.3927872741739936
672e4d2388e1ccc770c60315|kw|1,672e4d2388e1ccc770c60315,kw,1,8.0,0.3333333333333333,kw_market,4,4.0,0.4255669663865105,0.161775867593433,0.41265716602005653
672e4d2388e1ccc770c60315|kw|1,672e4d2388e1ccc770c60315,kw,1,8.0,0.3333333333333333,kw_market,4,6.0,0.4941372148923859,0.08560382366663097,0.4202589614409831
672e4d2388e1ccc770c60315|kw|1,672e4d2388e1ccc770c60315,kw,1,8.0,0.3333333333333333,kw_market,4,8.0,0.35973163239707334,0.24681816422580935,0.3934502033771172
672e4d2388e1ccc770c60315|kw|1,672e4d2388e1ccc770c60315,kw,1,8.0,0.3333333333333333,kw_market,4,12.0,0.22800569444991042,0.4920616803254351,0.27993262522465434
672ed285dbe86b0a33526edd|kw|1,672ed285dbe86b0a33526edd,kw,1,12.0,0.0,kw_market,2,4.0,0.6185155786191469,0.2373918127867721,0.14409260859408105
672ed285dbe86b0a33526edd|kw|1,672ed285dbe86b0a33526edd,kw,1,12.0,0.0,kw_market,2,6.0,0.7250352311673262,0.12681597854877288,0.14814879028390096
672ed285dbe86b0a33526edd|kw|1,672ed285dbe86b0a33526edd,kw,1,12.0,0.0,kw_market,2,8.0,0.5113758137677283,0.35424843396646,0.13437575226581164
672ed285dbe86b0a33526edd|kw|1,672ed285dbe86b0a33526edd,kw,1,12.0,0.0,kw_market,2,12.0,0.28786099747473304,0.6272287312190534,0.08491027130621358
672ede539bd39a8deecc501d|lt|1,672ede539bd39a8deecc501d,lt,1,9.0,0.25,lt_market,3,4.0,0.33239020215456444,0.1822515361437325,0.48535826170170304
672ede539bd39a8deecc501d|lt|1,672ede539bd39a8deecc501d,lt,1,9.0,0.25,lt_market,3,6.0,0.3951603224651593,0.0987406740680277,0.5060990034668131
672ede539bd39a8deecc501d|lt|1,672ede539bd39a8deecc501d,lt,1,9.0,0.25,lt_market,3,8.0,0.2749764293160345,0.2721266738356639,0.45289689684830176
672ede539bd39a8deecc501d|lt|1,672ede539bd39a8deecc501d,lt,1,9.0,0.25,lt_market,3,12.0,0.16773897407471852,0.5221376257114091,0.3101234002138723
67325d10b9e0c58d803cd7ba|kw|1,67325d10b9e0c58d803cd7ba,kw,1,8.0,0.3333333333333333,kw_market,3,4.0,0.4375286382058548,0.06718898625433198,0.49528237553981314
67325d10b9e0c58d803cd7ba|kw|1,67325d10b9e0c58d803cd7ba,kw,1,8.0,0.3333333333333333,kw_market,3,6.0,0.4847645195271403,0.033925183241831816,0.4813102972310279
67325d10b9e0c58d803cd7ba|kw|1,67325d10b9e0c58d803cd7ba,kw,1,8.0,0.3333333333333333,kw_market,3,8.0,0.39154152872003917,0.1085230765358935,0.49993539474406734
67325d10b9e0c58d803cd7ba|kw|1,67325d10b9e0c58d803cd7ba,kw,1,8.0,0.3333333333333333,kw_market,3,12.0,0.3025635187242475,0.26377655356375745,0.4336599277119949
6733d9a1dd373a1495f33f76|kw|1,6733d9a1dd373a1495f33f76,kw,1,12.0,0.0,kw_market,1,4.0,0.4210450142880932,0.4592488024107363,0.11970618330117044
6733d9a1dd373a1495f33f76|kw|1,6733d9a1dd373a1495f33f76,kw,1,12.0,0.0,kw_market,1,6.0,0.5725942893215868,0.2846205727639184,0.1427851379144948
6733d9a1dd373a1495f33f76|kw|1,6733d9a1dd373a1495f33f76,kw,1,12.0,0.0,kw_market,1,8.0,0.3040113498375792,0.598496978645627,0.0974916715167939
6733d9a1dd373a1495f33f76|kw|1,6733d9a1dd373a1495f33f76,kw,1,12.0,0.0,kw_market,1,12.0,0.13241151806855378,0.8199234200488826,0.047665061882563586
67346c0008508dd13cbe82ba|lt|0,67346c0008508dd13cbe82ba,lt,0,6.0,0.5,lt_control,3,4.0,0.7469537774739156,0.1260492290024411,0.12699699352364338
67346c0008508dd13cbe82ba|lt|0,67346c0008508dd13cbe82ba,lt,0,6.0,0.5,lt_control,3,6.0,0.8156423500109986,0.06272577061652274,0.12163187937247864
67346c0008508dd13cbe82ba|lt|0,67346c0008508dd13cbe82ba,lt,0,6.0,0.5,lt_control,3,8.0,0.6682918351132063,0.2035472700851669,0.12816089480162682
67346c0008508dd13cbe82ba|lt|0,67346c0008508dd13cbe82ba,lt,0,6.0,0.5,lt_control,3,12.0,0.46013164729019995,0.44081523307752585,0.09905311963227426
6735456e8034ea7e61eac785|lt|0,6735456e8034ea7e61eac785,lt,0,6.0,0.5,lt_control,2,4.0,0.3846561524265451,0.30953332151104007,0.30581052606241477
6735456e8034ea7e61eac785|lt|0,6735456e8034ea7e61eac785,lt,0,6.0,0.5,lt_control,2,6.0,0.4844884264315207,0.17767155543020136,0.3378400181382779
6735456e8034ea7e61eac785|lt|0,6735456e8034ea7e61eac785,lt,0,6.0,0.5,lt_control,2,8.0,0.2985832444922142,0.4336634485082547,0.26775330699953115
6735456e8034ea7e61eac785|lt|0,6735456e8034ea7e61eac785,lt,0,6.0,0.5,lt_control,2,12.0,0.15209109795457512,0.6948107730121381,0.15309812903328676
67380a0419c95d7829fc2144|lt|1,67380a0419c95d7829fc2144,lt,1,11.0,0.08333333333333333,lt_market,3,4.0,0.4284361208108569,0.09042112068811109,0.48114275850103194
67380a0419c95d7829fc2144|lt|1,67380a0419c95d7829fc2144,lt,1,11.0,0.08333333333333333,lt_market,3,6.0,0.4804969207119871,0.046214066868999905,0.47328901241901306
67380a0419c95d7829fc2144|lt|1,67380a0419c95d7829fc2144,lt,1,11.0,0.08333333333333333,lt_market,3,8.0,0.3776958008529271,0.14387277647113766,0.47843142267593525
67380a0419c95d7829fc2144|lt|1,67380a0419c95d7829fc2144,lt,1,11.0,0.08333333333333333,lt_market,3,12.0,0.2762378541980891,0.3309748716279172,0.3927872741739936
673928131ab7d604bcf2c23a|lt|0,673928131ab7d604bcf2c23a,lt,0,7.0,0.4166666666666667,lt_control,1,4.0,0.5123610570563009,0.3292019650012901,0.15843697794240902
673928131ab7d604bcf2c23a|lt|0,673928131ab7d604bcf2c23a,lt,0,7.0,0.4166666666666667,lt_control,1,6.0,0.6393721759462824,0.18721464178974315,0.17341318226397448
673928131ab7d604bcf2c23a|lt|0,673928131ab7d604bcf2c23a,lt,0,7.0,0.4166666666666667,lt_control,1,8.0,0.3986482609986703,0.4623052667384717,0.13904647226285796
673928131ab7d604bcf2c23a|lt|0,673928131ab7d604bcf2c23a,lt,0,7.0,0.4166666666666667,lt_control,1,12.0,0.19844453675993695,0.7238581635006992,0.07769729973936387
673b834c1ca9feb154a86523|lt|0,673b834c1ca9feb154a86523,lt,0,6.0,0.5,lt_control,4,4.0,0.558660691924327,0.34065656275237055,0.10068274532330242
673b834c1ca9feb154a86523|lt|0,673b834c1ca9feb154a86523,lt,0,6.0,0.5,lt_control,4,6.0,0.6963986685899355,0.193520220348297,0.11008111106176757
673b834c1ca9feb154a86523|lt|0,673b834c1ca9feb154a86523,lt,0,6.0,0.5,lt_control,4,8.0,0.4340541290144629,0.47771095228569643,0.08823491869984058
673b834c1ca9feb154a86523|lt|0,673b834c1ca9feb154a86523,lt,0,6.0,0.5,lt_control,4,12.0,0.21322207286148814,0.7381231557018059,0.048654771436706115
673b834c1ca9feb154a86523|lt|1,673b834c1ca9feb154a86523,lt,1,10.0,0.16666666666666666,lt_market,4,4.0,0.7967830643922639,0.0863610139892806,0.11685592161845557
673b834c1ca9feb154a86523|lt|1,673b834c1ca9feb154a86523,lt,1,10.0,0.16666666666666666,lt_market,4,6.0,0.8488753979574292,0.04192966165494564,0.10919494038762523
673b834c1ca9feb154a86523|lt|1,673b834c1ca9feb154a86523,lt,1,10.0,0.16666666666666666,lt_market,4,8.0,0.734725594349773,0.14373266181188782,0.12154174383833914
673b834c1ca9feb154a86523|lt|1,673b834c1ca9feb154a86523,lt,1,10.0,0.16666666666666666,lt_market,4,12.0,0.5552408647390824,0.3416544516522735,0.10310468360864405
673e0f21862638c66615b402|lt|1,673e0f21862638c66615b402,lt,1,8.0,0.3333333333333333,lt_market,4,4.0,0.5151051505452523,0.07039878187562157,0.41449606757912616
673e0f21862638c66615b402|lt|1,673e0f21862638c66615b402,lt,1,8.0,0.3333333333333333,lt_market,4,6.0,0.5655891103243015,0.03522654612652285,0.39918434354917576
673e0f21862638c66615b402|lt|1,673e0f21862638c66615b402,lt,1,8.0,0.3333333333333333,lt_market,4,8.0,0.4641848139915373,0.11450193911646846,0.4213132468919943
673e0f21862638c66615b402|lt|1,673e0f21862638c66615b402,lt,1,8.0,0.3333333333333333,lt_market,4,12.0,0.35781551229774383,0.2776236375456086,0.36456085015664746
6742677ecc26fc2d7868aa9b|kw|0,6742677ecc26fc2d7868aa9b,kw,0,8.0,0.3333333333333333,kw_control,4,4.0,0.558660691924327,0.34065656275237055,0.10068274532330242
6742677ecc26fc2d7868aa9b|kw|0,6742677ecc26fc2d7868aa9b,kw,0,8.0,0.3333333333333333,kw_control,4,6.0,0.6963986685899355,0.193520220348297,0.11008111106176757
6742677ecc26fc2d7868aa9b|kw|0,6742677ecc26fc2d7868aa9b,kw,0,8.0,0.3333333333333333,kw_control,4,8.0,0.4340541290144629,0.47771095228569643,0.08823491869984058
6742677ecc26fc2d7868aa9b|kw|0,6742677ecc26fc2d7868aa9b,kw,0,8.0,0.3333333333333333,kw_control,4,12.0,0.21322207286148814,0.7381231557018059,0.048654771436706115
674390af4c502222ee320e0d|kw|0,674390af4c502222ee320e0d,kw,0,7.0,0.4166666666666667,kw_control,4,4.0,0.6968665492495063,0.1911689023050412,0.11196454844545256
674390af4c502222ee320e0d|kw|0,674390af4c502222ee320e0d,kw,0,7.0,0.4166666666666667,kw_control,4,6.0,0.7899277660422191,0.09875401929139141,0.11131821466638946
674390af4c502222ee320e0d|kw|0,674390af4c502222ee320e0d,kw,0,7.0,0.4166666666666667,kw_control,4,8.0,0.5965315652298586,0.295361386949424,0.10810704782071744
674390af4c502222ee320e0d|kw|0,674390af4c502222ee320e0d,kw,0,7.0,0.4166666666666667,kw_control,4,12.0,0.3622119022415662,0.5641029475043086,0.07368515025412525
6745109c444973d1fa9f17d4|kw|0,6745109c444973d1fa9f17d4,kw,0,12.0,0.0,kw_control,4,4.0,0.558660691924327,0.34065656275237055,0.10068274532330242
6745109c444973d1fa9f17d4|kw|0,6745109c444973d1fa9f17d4,kw,0,12.0,0.0,kw_control,4,6.0,0.6963986685899355,0.193520220348297,0.11008111106176757
6745109c444973d1fa9f17d4|kw|0,6745109c444973d1fa9f17d4,kw,0,12.0,0.0,kw_control,4,8.0,0.4340541290144629,0.47771095228569643,0.08823491869984058
6745109c444973d1fa9f17d4|kw|0,6745109c444973d1fa9f17d4,kw,0,12.0,0.0,kw_control,4,12.0,0.21322207286148814,0.7381231557018059,0.048654771436706115
674bfd855d300ddd3a4628ab|kw|1,674bfd855d300ddd3a4628ab,kw,1,8.0,0.3333333333333333,kw_market,2,4.0,0.38443483688241825,0.5112332009704427,0.10433196214713904
674bfd855d300ddd3a4628ab|kw|1,674bfd855d300ddd3a4628ab,kw,1,8.0,0.3333333333333333,kw_market,2,6.0,0.5422791449338422,0.3286389162323282,0.1290819388338295
674bfd855d300ddd3a4628ab|kw|1,674bfd855d300ddd3a4628ab,kw,1,8.0,0.3333333333333333,kw_market,2,8.0,0.2698091650530893,0.6475982609343395,0.08259257401257118
674bfd855d300ddd3a4628ab|kw|1,674bfd855d300ddd3a4628ab,kw,1,8.0,0.3333333333333333,kw_market,2,12.0,0.11244509851904921,0.8489162900915855,0.038638611389365515
674cb1e5dd135ab435dece3f|lt|1,674cb1e5dd135ab435dece3f,lt,1,12.0,0.0,lt_market,3,4.0,0.5172647574480136,0.1865346744241456,0.2962005681278409
674cb1e5dd135ab435dece3f|lt|1,674cb1e5dd135ab435dece3f,lt,1,12.0,0.0,lt_market,3,6.0,0.6000267566829381,0.09860911777291592,0.3013641255441461
674cb1e5dd135ab435dece3f|lt|1,674cb1e5dd135ab435dece3f,lt,1,12.0,0.0,lt_market,3,8.0,0.4353933467416073,0.2833877892439614,0.28121886401443125
674cb1e5dd135ab435dece3f|lt|1,674cb1e5dd135ab435dece3f,lt,1,12.0,0.0,lt_market,3,12.0,0.26509000637104535,0.5427102984656429,0.19219969516331165
674cbe23379dd601a29eefd4|kw|0,674cbe23379dd601a29eefd4,kw,0,6.0,0.5,kw_control,4,4.0,0.6968665492495063,0.1911689023050412,0.11196454844545256
674cbe23379dd601a29eefd4|kw|0,674cbe23379dd601a29eefd4,kw,0,6.0,0.5,kw_control,4,6.0,0.7899277660422191,0.09875401929139141,0.11131821466638946
674cbe23379dd601a29eefd4|kw|0,674cbe23379dd601a29eefd4,kw,0,6.0,0.5,kw_control,4,8.0,0.5965315652298586,0.295361386949424,0.10810704782071744
674cbe23379dd601a29eefd4|kw|0,674cbe23379dd601a29eefd4,kw,0,6.0,0.5,kw_control,4,12.0,0.3622119022415662,0.5641029475043086,0.07368515025412525
6750e0068ca44f6ecff8b70d|kw|1,6750e0068ca44f6ecff8b70d,kw,1,9.0,0.25,kw_market,2,4.0,0.32054736603081363,0.08353495488897296,0.5959176790802134
6750e0068ca44f6ecff8b70d|kw|1,6750e0068ca44f6ecff8b70d,kw,1,9.0,0.25,kw_market,2,6.0,0.3637235117598354,0.04319636258952675,0.5930801256506377
6750e0068ca44f6ecff8b70d|kw|1,6750e0068ca44f6ecff8b70d,kw,1,9.0,0.25,kw_market,2,8.0,0.28032506469249974,0.1318531841623393,0.587821751145161
6750e0068ca44f6ecff8b70d|kw|1,6750e0068ca44f6ecff8b70d,kw,1,9.0,0.25,kw_market,2,12.0,0.20689705542291073,0.3060964996220178,0.48700644495507156
67542e9190f072ebdb98befb|lt|1,67542e9190f072ebdb98befb,lt,1,12.0,0.0,lt_market,2,4.0,0.28530922261081354,0.6417271893674397,0.0729635880217467
67542e9190f072ebdb98befb|lt|1,67542e9190f072ebdb98befb,lt,1,12.0,0.0,lt_market,2,6.0,0.44457692113887853,0.45570240053246003,0.09972067832866136
67542e9190f072ebdb98befb|lt|1,67542e9190f072ebdb98befb,lt,1,12.0,0.0,lt_market,2,8.0,0.1869824977281415,0.7590812218889743,0.053936280382884144
67542e9190f072ebdb98befb|lt|1,67542e9190f072ebdb98befb,lt,1,12.0,0.0,lt_market,2,12.0,0.0709573666192849,0.9060666449866888,0.022975988394026307
6755651ef09a9d6e99e56659|lt|1,6755651ef09a9d6e99e56659,lt,1,10.0,0.16666666666666666,lt_market,2,4.0,0.4066995330788947,0.24481377976662858,0.3484866871544767
6755651ef09a9d6e99e56659|lt|1,6755651ef09a9d6e99e56659,lt,1,10.0,0.16666666666666666,lt_market,2,6.0,0.49361331182205587,0.13540940234650448,0.3709772858314396
6755651ef09a9d6e99e56659|lt|1,6755651ef09a9d6e99e56659,lt,1,10.0,0.16666666666666666,lt_market,2,8.0,0.32755059305117434,0.3558715228367206,0.3165778841121052
6755651ef09a9d6e99e56659|lt|1,6755651ef09a9d6e99e56659,lt,1,10.0,0.16666666666666666,lt_market,2,12.0,0.18174288258460897,0.6210801096663149,0.19717700774907598
6755e799307c1a8afbb8c162|kw|0,6755e799307c1a8afbb8c162,kw,0,6.0,0.5,kw_control,4,4.0,0.5713387704405489,0.1792504806010861,0.24941074895836493
6755e799307c1a8afbb8c162|kw|0,6755e799307c1a8afbb8c162,kw,0,6.0,0.5,kw_control,4,6.0,0.6553668294832129,0.09370243177759476,0.2509307387391923
6755e799307c1a8afbb8c162|kw|0,6755e799307c1a8afbb8c162,kw,0,6.0,0.5,kw_control,4,8.0,0.48575366787007584,0.2750650314776108,0.23918130065231333
6755e799307c1a8afbb8c162|kw|0,6755e799307c1a8afbb8c162,kw,0,6.0,0.5,kw_control,4,12.0,0.2999535607534114,0.5342551021496968,0.1657913370968915
6758b26446c5556e1afcc4ca|lt|0,6758b26446c5556e1afcc4ca,lt,0,6.0,0.5,lt_control,1,4.0,0.6405229171721862,0.19360787262979268,0.1658692101980212
6758b26446c5556e1afcc4ca|lt|0,6758b26446c5556e1afcc4ca,lt,0,6.0,0.5,lt_control,1,6.0,0.7326644629278752,0.10092371760092787,0.1664118194711969
6758b26446c5556e1afcc4ca|lt|0,6758b26446c5556e1afcc4ca,lt,0,6.0,0.5,lt_control,1,8.0,0.5441730175719791,0.29687799283054517,0.1589489895974758
6758b26446c5556e1afcc4ca|lt|0,6758b26446c5556e1afcc4ca,lt,0,6.0,0.5,lt_control,1,12.0,0.32852824989110146,0.5637532827453073,0.10771846736359103
675d9cf5d9b26c34bbac262b|lt|0,675d9cf5d9b26c34bbac262b,lt,0,5.5,0.5416666666666666,lt_control,4,4.0,0.6968665492495063,0.1911689023050412,0.11196454844545256
675d9cf5d9b26c34bbac262b|lt|0,675d9cf5d9b26c34bbac262b,lt,0,5.5,0.5416666666666666,lt_control,4,6.0,0.7899277660422191,0.09875401929139141,0.11131821466638946
675d9cf5d9b26c34bbac262b|lt|0,675d9cf5d9b26c34bbac262b,lt,0,5.5,0.5416666666666666,lt_control,4,8.0,0.5965315652298586,0.295361386949424,0.10810704782071744
675d9cf5d9b26c34bbac262b|lt|0,675d9cf5d9b26c34bbac262b,lt,0,5.5,0.5416666666666666,lt_control,4,12.0,0.3622119022415662,0.5641029475043086,0.07368515025412525
67605405bfd9f40dd7ca2a24|kw|1,67605405bfd9f40dd7ca2a24,kw,1,8.0,0.3333333333333333,kw_market,4,4.0,0.571338770440549,0.17925048060108595,0.24941074895836493
67605405bfd9f40dd7ca2a24|kw|1,67605405bfd9f40dd7ca2a24,kw,1,8.0,0.3333333333333333,kw_market,4,6.0,0.655366829483213,0.09370243177759471,0.2509307387391923
67605405bfd9f40dd7ca2a24|kw|1,67605405bfd9f40dd7ca2a24,kw,1,8.0,0.3333333333333333,kw_market,4,8.0,0.485753667870076,0.2750650314776106,0.23918130065231344
67605405bfd9f40dd7ca2a24|kw|1,67605405bfd9f40dd7ca2a24,kw,1,8.0,0.3333333333333333,kw_market,4,12.0,0.2999535607534116,0.5342551021496968,0.16579133709689164
6760549abba4d747ab270c17|lt|1,6760549abba4d747ab270c17,lt,1,6.0,0.5,lt_market,1,4.0,0.5123610570563009,0.3292019650012901,0.15843697794240902
6760549abba4d747ab270c17|lt|1,6760549abba4d747ab270c17,lt,1,6.0,0.5,lt_market,1,6.0,0.6393721759462824,0.18721464178974315,0.17341318226397448
6760549abba4d747ab270c17|lt|1,6760549abba4d747ab270c17,lt,1,6.0,0.5,lt_market,1,8.0,0.3986482609986703,0.4623052667384717,0.13904647226285796
6760549abba4d747ab270c17|lt|1,6760549abba4d747ab270c17,lt,1,6.0,0.5,lt_market,1,12.0,0.19844453675993695,0.7238581635006992,0.07769729973936387
676055523b2e338c11c6d4f8|kw|1,676055523b2e338c11c6d4f8,kw,1,11.0,0.08333333333333333,kw_market,1,4.0,0.42742253806678665,0.11139198223746997,0.4611854796957434
676055523b2e338c11c6d4f8|kw|1,676055523b2e338c11c6d4f8,kw,1,11.0,0.08333333333333333,kw_market,1,6.0,0.4842266969404945,0.05751021826820146,0.458263084791304
676055523b2e338c11c6d4f8|kw|1,676055523b2e338c11c6d4f8,kw,1,11.0,0.08333333333333333,kw_market,1,8.0,0.3721028797663699,0.1750298843780177,0.45286723585561234
676055523b2e338c11c6d4f8|kw|1,676055523b2e338c11c6d4f8,kw,1,11.0,0.08333333333333333,kw_market,1,12.0,0.26003054999247305,0.38472367418170433,0.35524577582582256
6760558ca4f9e25054c4f224|kw|1,6760558ca4f9e25054c4f224,kw,1,9.0,0.25,kw_market,4,4.0,0.23885324505544323,0.7032627233521233,0.05788403159243351
6760558ca4f9e25054c4f224|kw|1,6760558ca4f9e25054c4f224,kw,1,9.0,0.25,kw_market,4,6.0,0.3914886842868674,0.5252976262956702,0.08321368941746228
6760558ca4f9e25054c4f224|kw|1,6760558ca4f9e25054c4f224,kw,1,9.0,0.25,kw_market,4,8.0,0.15180118674477575,0.806704129730041,0.04149468352518311
6760558ca4f9e25054c4f224|kw|1,6760558ca4f9e25054c4f224,kw,1,9.0,0.25,kw_market,4,12.0,0.055487266258220855,0.9274869428138329,0.017025790927946243
67606c975d33dc79c280063e|lt|1,67606c975d33dc79c280063e,lt,1,12.0,0.0,lt_market,4,4.0,0.4255669663865105,0.161775867593433,0.41265716602005653
67606c975d33dc79c280063e|lt|1,67606c975d33dc79c280063e,lt,1,12.0,0.0,lt_market,4,6.0,0.4941372148923859,0.08560382366663097,0.4202589614409831
67606c975d33dc79c280063e|lt|1,67606c975d33dc79c280063e,lt,1,12.0,0.0,lt_market,4,8.0,0.35973163239707334,0.2468181642258094,0.3934502033771172
67606c975d33dc79c280063e|lt|1,67606c975d33dc79c280063e,lt,1,12.0,0.0,lt_market,4,12.0,0.22800569444991042,0.4920616803254352,0.27993262522465434
676075fb194ad11cc7649a1f|kw|1,676075fb194ad11cc7649a1f,kw,1,12.0,0.0,kw_market,3,4.0,0.43752863820585486,0.06718898625433198,0.4952823755398131
676075fb194ad11cc7649a1f|kw|1,676075fb194ad11cc7649a1f,kw,1,12.0,0.0,kw_market,3,6.0,0.48476451952714034,0.033925183241831816,0.48131029723102786
676075fb194ad11cc7649a1f|kw|1,676075fb194ad11cc7649a1f,kw,1,12.0,0.0,kw_market,3,8.0,0.39154152872003917,0.1085230765358935,0.49993539474406723
676075fb194ad11cc7649a1f|kw|1,676075fb194ad11cc7649a1f,kw,1,12.0,0.0,kw_market,3,12.0,0.30256351872424764,0.26377655356375757,0.4336599277119949
6760acee7b448e51215b1910|lt|1,6760acee7b448e51215b1910,lt,1,12.0,0.0,lt_market,2,4.0,0.3694953656405731,0.34172361640145366,0.2887810179579733
6760acee7b448e51215b1910|lt|1,6760acee7b448e51215b1910,lt,1,12.0,0.0,lt_market,2,6.0,0.47461535681043693,0.20003572149952265,0.3253489216900404
6760acee7b448e51215b1910|lt|1,6760acee7b448e51215b1910,lt,1,12.0,0.0,lt_market,2,8.0,0.28162712636152254,0.4701031304425838,0.24826974319589376
6760acee7b448e51215b1910|lt|1,6760acee7b448e51215b1910,lt,1,12.0,0.0,lt_market,2,12.0,0.13812176635247989,0.725197244675915,0.1366809889716052
676142fa1f9c3ccacb08b548|kw|1,676142fa1f9c3ccacb08b548,kw,1,2.0,0.8333333333333334,kw_market,2,4.0,0.5483283547842654,0.08253657462294847,0.3691350705927861
676142fa1f9c3ccacb08b548|kw|1,676142fa1f9c3ccacb08b548,kw,1,2.0,0.8333333333333334,kw_market,2,6.0,0.6027510056242855,0.04134694752832732,0.35590204684738724
676142fa1f9c3ccacb08b548|kw|1,676142fa1f9c3ccacb08b548,kw,1,2.0,0.8333333333333334,kw_market,2,8.0,0.49236418435572293,0.13376572627928912,0.37387008936498795
676142fa1f9c3ccacb08b548|kw|1,676142fa1f9c3ccacb08b548,kw,1,2.0,0.8333333333333334,kw_market,2,12.0,0.3694238027271852,0.3156884078678759,0.31488778940493883
6761f1f5e7c2056f98daca5e|lt|0,6761f1f5e7c2056f98daca5e,lt,0,8.0,0.3333333333333333,lt_control,4,4.0,0.558660691924327,0.34065656275237055,0.10068274532330242
6761f1f5e7c2056f98daca5e|lt|0,6761f1f5e7c2056f98daca5e,lt,0,8.0,0.3333333333333333,lt_control,4,6.0,0.6963986685899355,0.193520220348297,0.11008111106176757
6761f1f5e7c2056f98daca5e|lt|0,6761f1f5e7c2056f98daca5e,lt,0,8.0,0.3333333333333333,lt_control,4,8.0,0.4340541290144629,0.47771095228569643,0.08823491869984058
6761f1f5e7c2056f98daca5e|lt|0,6761f1f5e7c2056f98daca5e,lt,0,8.0,0.3333333333333333,lt_control,4,12.0,0.21322207286148814,0.7381231557018059,0.048654771436706115
6761f674139fa42fb916e2cd|kw|1,6761f674139fa42fb916e2cd,kw,1,11.5,0.041666666666666664,kw_market,3,4.0,0.7680020861795249,0.09947550018786594,0.13252241363260917
6761f674139fa42fb916e2cd|kw|1,6761f674139fa42fb916e2cd,kw,1,11.5,0.041666666666666664,kw_market,3,6.0,0.8261904019114487,0.04876785451937923,0.12504174356917203
6761f674139fa42fb916e2cd|kw|1,6761f674139fa42fb916e2cd,kw,1,11.5,0.041666666666666664,kw_market,3,8.0,0.7000778648364742,0.16366384102191114,0.13625829414161464
6761f674139fa42fb916e2cd|kw|1,6761f674139fa42fb916e2cd,kw,1,11.5,0.041666666666666664,kw_market,3,12.0,0.5118205192752519,0.3763565238072113,0.11182295691753694
6763dc05af46629317e23da3|lt|0,6763dc05af46629317e23da3,lt,0,6.0,0.5,lt_control,2,4.0,0.5756275307869297,0.289175828122463,0.1351966410906073
6763dc05af46629317e23da3|lt|0,6763dc05af46629317e23da3,lt,0,6.0,0.5,lt_control,2,6.0,0.6968924612271754,0.15954601824848022,0.14356152052434434
6763dc05af46629317e23da3|lt|0,6763dc05af46629317e23da3,lt,0,6.0,0.5,lt_control,2,8.0,0.46048162042858715,0.41752779585571925,0.12199058371569356
6763dc05af46629317e23da3|lt|0,6763dc05af46629317e23da3,lt,0,6.0,0.5,lt_control,2,12.0,0.24100030959831442,0.687331195008194,0.07166849539349159
6763dc05af46629317e23da3|lt|1,6763dc05af46629317e23da3,lt,1,10.0,0.16666666666666666,lt_market,1,4.0,0.6734327212875193,0.15353827029016942,0.17302900842231125
6763dc05af46629317e23da3|lt|1,6763dc05af46629317e23da3,lt,1,10.0,0.16666666666666666,lt_market,1,6.0,0.7522986011249835,0.07816502230134571,0.16953637657367082
6763dc05af46629317e23da3|lt|1,6763dc05af46629317e23da3,lt,1,10.0,0.16666666666666666,lt_market,1,8.0,0.58778040607822,0.2418745615684373,0.1703450323533426
6763dc05af46629317e23da3|lt|1,6763dc05af46629317e23da3,lt,1,10.0,0.16666666666666666,lt_market,1,12.0,0.381727992428549,0.4940881762836564,0.1241838312877946
676469d83816f597b2652c91|lt|1,676469d83816f597b2652c91,lt,1,12.0,0.0,lt_market,1,4.0,0.698798224432229,0.11406147889155789,0.18714029667621307
676469d83816f597b2652c91|lt|1,676469d83816f597b2652c91,lt,1,12.0,0.0,lt_market,1,6.0,0.7637816584613157,0.056814109370394335,0.17940423216829
676469d83816f597b2652c91|lt|1,676469d83816f597b2652c91,lt,1,12.0,0.0,lt_market,1,8.0,0.6263022562449089,0.18451167141005792,0.18918607234503312
676469d83816f597b2652c91|lt|1,676469d83816f597b2652c91,lt,1,12.0,0.0,lt_market,1,12.0,0.4413591113573683,0.4089849486994945,0.14965593994313725
67657279b0bce380fa33721e|kw|1,67657279b0bce380fa33721e,kw,1,6.0,0.5,kw_market,3,4.0,0.6163372759904859,0.08368033776955737,0.29998238623995677
67657279b0bce380fa33721e|kw|1,67657279b0bce380fa33721e,kw,1,6.0,0.5,kw_market,3,6.0,0.6716942395356055,0.04156008109599248,0.28674567936840206
67657279b0bce380fa33721e|kw|1,67657279b0bce380fa33721e,kw,1,6.0,0.5,kw_market,3,8.0,0.5573996546679837,0.13659171142098633,0.30600863391103
67657279b0bce380fa33721e|kw|1,67657279b0bce380fa33721e,kw,1,6.0,0.5,kw_market,3,12.0,0.4189281591272818,0.3229033620598828,0.2581684788128353
676573c214fa1ff2ce7f1b11|kw|0,676573c214fa1ff2ce7f1b11,kw,0,5.5,0.5416666666666666,kw_control,1,4.0,0.6405229171721862,0.19360787262979268,0.1658692101980212
676573c214fa1ff2ce7f1b11|kw|0,676573c214fa1ff2ce7f1b11,kw,0,5.5,0.5416666666666666,kw_control,1,6.0,0.7326644629278752,0.10092371760092787,0.1664118194711969
676573c214fa1ff2ce7f1b11|kw|0,676573c214fa1ff2ce7f1b11,kw,0,5.5,0.5416666666666666,kw_control,1,8.0,0.5441730175719791,0.29687799283054517,0.1589489895974758
676573c214fa1ff2ce7f1b11|kw|0,676573c214fa1ff2ce7f1b11,kw,0,5.5,0.5416666666666666,kw_control,1,12.0,0.32852824989110146,0.5637532827453073,0.10771846736359103
67670650760358754c284066|kw|0,67670650760358754c284066,kw,0,8.0,0.3333333333333333,kw_control,4,4.0,0.7967830643922639,0.0863610139892806,0.11685592161845557
67670650760358754c284066|kw|0,67670650760358754c284066,kw,0,8.0,0.3333333333333333,kw_control,4,6.0,0.8488753979574292,0.04192966165494564,0.10919494038762523
67670650760358754c284066|kw|0,67670650760358754c284066,kw,0,8.0,0.3333333333333333,kw_control,4,8.0,0.734725594349773,0.14373266181188782,0.12154174383833914
67670650760358754c284066|kw|0,67670650760358754c284066,kw,0,8.0,0.3333333333333333,kw_control,4,12.0,0.5552408647390824,0.3416544516522735,0.10310468360864405
67685ad9e0d7b8fc12217070|kw|0,67685ad9e0d7b8fc12217070,kw,0,6.0,0.5,kw_control,3,4.0,0.48458463988273437,0.41017899115382966,0.10523636896343587
67685ad9e0d7b8fc12217070|kw|0,67685ad9e0d7b8fc12217070,kw,0,6.0,0.5,kw_control,3,6.0,0.6344269586152581,0.24472885051053575,0.12084419087420617
67685ad9e0d7b8fc12217070|kw|0,67685ad9e0d7b8fc12217070,kw,0,6.0,0.5,kw_control,3,8.0,0.3606567734049984,0.5509986349024026,0.08834459169259883
67685ad9e0d7b8fc12217070|kw|0,67685ad9e0d7b8fc12217070,kw,0,6.0,0.5,kw_control,3,12.0,0.1644630501653367,0.7903148324386078,0.04522211739605556
676a584412b90586c1da74a0|lt|0,676a584412b90586c1da74a0,lt,0,8.0,0.3333333333333333,lt_control,4,4.0,0.558660691924327,0.34065656275237055,0.10068274532330242
676a584412b90586c1da74a0|lt|0,676a584412b90586c1da74a0,lt,0,8.0,0.3333333333333333,lt_control,4,6.0,0.6963986685899355,0.193520220348297,0.11008111106176757
676a584412b90586c1da74a0|lt|0,676a584412b90586c1da74a0,lt,0,8.0,0.3333333333333333,lt_control,4,8.0,0.4340541290144629,0.47771095228569643,0.08823491869984058
676a584412b90586c1da74a0|lt|0,676a584412b90586c1da74a0,lt,0,8.0,0.3333333333333333,lt_control,4,12.0,0.21322207286148814,0.7381231557018059,0.048654771436706115
676aa8c77ae361d05e202994|kw|1,676aa8c77ae361d05e202994,kw,1,8.0,0.3333333333333333,kw_market,4,4.0,0.7967830643922639,0.0863610139892806,0.11685592161845557
676aa8c77ae361d05e202994|kw|1,676aa8c77ae361d05e202994,kw,1,8.0,0.3333333333333333,kw_market,4,6.0,0.8488753979574292,0.04192966165494564,0.10919494038762523
676aa8c77ae361d05e202994|kw|1,676aa8c77ae361d05e202994,kw,1,8.0,0.3333333333333333,kw_market,4,8.0,0.734725594349773,0.14373266181188782,0.12154174383833914
676aa8c77ae361d05e202994|kw|1,676aa8c77ae361d05e202994,kw,1,8.0,0.3333333333333333,kw_market,4,12.0,0.5552408647390824,0.3416544516522735,0.10310468360864405
676ab6e8d3d98bb7f5865d13|lt|1,676ab6e8d3d98bb7f5865d13,lt,1,10.0,0.16666666666666666,lt_market,1,4.0,0.5123610570563009,0.3292019650012901,0.15843697794240902
676ab6e8d3d98bb7f5865d13|lt|1,676ab6e8d3d98bb7f5865d13,lt,1,10.0,0.16666666666666666,lt_market,1,6.0,0.6393721759462824,0.18721464178974315,0.17341318226397448
676ab6e8d3d98bb7f5865d13|lt|1,676ab6e8d3d98bb7f5865d13,lt,1,10.0,0.16666666666666666,lt_market,1,8.0,0.3986482609986703,0.4623052667384717,0.13904647226285796
676ab6e8d3d98bb7f5865d13|lt|1,676ab6e8d3d98bb7f5865d13,lt,1,10.0,0.16666666666666666,lt_market,1,12.0,0.19844453675993695,0.7238581635006992,0.07769729973936387
676c67883fa1ba4ea4eb05a7|kw|0,676c67883fa1ba4ea4eb05a7,kw,0,12.0,0.0,kw_control,4,4.0,0.6968665492495063,0.1911689023050412,0.11196454844545256
676c67883fa1ba4ea4eb05a7|kw|0,676c67883fa1ba4ea4eb05a7,kw,0,12.0,0.0,kw_control,4,6.0,0.7899277660422191,0.09875401929139141,0.11131821466638946
676c67883fa1ba4ea4eb05a7|kw|0,676c67883fa1ba4ea4eb05a7,kw,0,12.0,0.0,kw_control,4,8.0,0.5965315652298586,0.295361386949424,0.10810704782071744
676c67883fa1ba4ea4eb05a7|kw|0,676c67883fa1ba4ea4eb05a7,kw,0,12.0,0.0,kw_control,4,12.0,0.3622119022415662,0.5641029475043086,0.07368515025412525
676cda38d41e0a0ffae1fa4a|lt|1,676cda38d41e0a0ffae1fa4a,lt,1,10.0,0.16666666666666666,lt_market,3,4.0,0.3425055421528324,0.1597388017469014,0.49775565610026634
676cda38d41e0a0ffae1fa4a|lt|1,676cda38d41e0a0ffae1fa4a,lt,1,10.0,0.16666666666666666,lt_market,3,6.0,0.4020573533991628,0.08545364676950185,0.5124889998313354
676cda38d41e0a0ffae1fa4a|lt|1,676cda38d41e0a0ffae1fa4a,lt,1,10.0,0.16666666666666666,lt_market,3,8.0,0.2872739536484799,0.24181972992609174,0.4709063164254283
676cda38d41e0a0ffae1fa4a|lt|1,676cda38d41e0a0ffae1fa4a,lt,1,10.0,0.16666666666666666,lt_market,3,12.0,0.1822228778434263,0.48247381020894325,0.3353033119476303
676ed6c97f59dba5a786886d|kw|1,676ed6c97f59dba5a786886d,kw,1,8.0,0.3333333333333333,kw_market,4,4.0,0.6671876269510717,0.0797605109321789,0.25305186211674935
676ed6c97f59dba5a786886d|kw|1,676ed6c97f59dba5a786886d,kw,1,8.0,0.3333333333333333,kw_market,4,6.0,0.7209040499797946,0.03927508933948643,0.23982086068071895
676ed6c97f59dba5a786886d|kw|1,676ed6c97f59dba5a786886d,kw,1,8.0,0.3333333333333333,kw_market,4,8.0,0.6084275558032348,0.13128088025458837,0.26029156394217673
676ed6c97f59dba5a786886d|kw|1,676ed6c97f59dba5a786886d,kw,1,8.0,0.3333333333333333,kw_market,4,12.0,0.4631960581652854,0.31436401156910687,0.2224399302656077
676ed8014625d5ebd417b5f2|lt|1,676ed8014625d5ebd417b5f2,lt,1,10.0,0.16666666666666666,lt_market,3,4.0,0.4283799035268655,0.07267636948256997,0.4989437269905645
676ed8014625d5ebd417b5f2|lt|1,676ed8014625d5ebd417b5f2,lt,1,10.0,0.16666666666666666,lt_market,3,6.0,0.47644221863678976,0.036836142675003965,0.48672163868820634
676ed8014625d5ebd417b5f2|lt|1,676ed8014625d5ebd417b5f2,lt,1,10.0,0.16666666666666666,lt_market,3,8.0,0.3816857395201221,0.11687529794008232,0.5014389625397956
676ed8014625d5ebd417b5f2|lt|1,676ed8014625d5ebd417b5f2,lt,1,10.0,0.16666666666666666,lt_market,3,12.0,0.2908783295915184,0.28015832142337693,0.42896334898510463
676edbd71b2d6c518eae7b45|kw|1,676edbd71b2d6c518eae7b45,kw,1,7.0,0.4166666666666667,kw_market,1,4.0,0.4164008745007025,0.1338833199922762,0.44971580550702134
676edbd71b2d6c518eae7b45|kw|1,676edbd71b2d6c518eae7b45,kw,1,7.0,0.4166666666666667,kw_market,1,6.0,0.4776011186675175,0.06998096845771834,0.45241791287476424
676edbd71b2d6c518eae7b45|kw|1,676edbd71b2d6c518eae7b45,kw,1,7.0,0.4166666666666667,kw_market,1,8.0,0.35733260289200547,0.20736723865446208,0.4353001584535324
676edbd71b2d6c518eae7b45|kw|1,676edbd71b2d6c518eae7b45,kw,1,7.0,0.4166666666666667,kw_market,1,12.0,0.23850463638782385,0.43535114386867885,0.3261442197434974
676fac42c5d67b8d23097ec2|lt|1,676fac42c5d67b8d23097ec2,lt,1,12.0,0.0,lt_market,4,4.0,0.571338770440549,0.17925048060108617,0.24941074895836488
676fac42c5d67b8d23097ec2|lt|1,676fac42c5d67b8d23097ec2,lt,1,12.0,0.0,lt_market,4,6.0,0.6553668294832129,0.0937024317775948,0.25093073873919225
676fac42c5d67b8d23097ec2|lt|1,676fac42c5d67b8d23097ec2,lt,1,12.0,0.0,lt_market,4,8.0,0.48575366787007584,0.2750650314776108,0.23918130065231333
676fac42c5d67b8d23097ec2|lt|1,676fac42c5d67b8d23097ec2,lt,1,12.0,0.0,lt_market,4,12.0,0.29995356075341145,0.5342551021496972,0.1657913370968915
67709d0088d93adec607305e|kw|0,67709d0088d93adec607305e,kw,0,6.0,0.5,kw_control,4,4.0,0.6968665492495063,0.1911689023050412,0.11196454844545256
67709d0088d93adec607305e|kw|0,67709d0088d93adec607305e,kw,0,6.0,0.5,kw_control,4,6.0,0.7899277660422191,0.09875401929139141,0.11131821466638946
67709d0088d93adec607305e|kw|0,67709d0088d93adec607305e,kw,0,6.0,0.5,kw_control,4,8.0,0.5965315652298586,0.295361386949424,0.10810704782071744
67709d0088d93adec607305e|kw|0,67709d0088d93adec607305e,kw,0,6.0,0.5,kw_control,4,12.0,0.3622119022415662,0.5641029475043086,0.07368515025412525
6771d6ffa3daf824eede3f33|kw|1,6771d6ffa3daf824eede3f33,kw,1,9.0,0.25,kw_market,2,4.0,0.7109567691393482,0.1438766614557014,0.1451665694049503
6771d6ffa3daf824eede3f33|kw|1,6771d6ffa3daf824eede3f33,kw,1,9.0,0.25,kw_market,2,6.0,0.7865873386490685,0.07254272782259659,0.14086993352833493
6771d6ffa3daf824eede3f33|kw|1,6771d6ffa3daf824eede3f33,kw,1,9.0,0.25,kw_market,2,8.0,0.6267359714057945,0.22892037106876448,0.14434365752544095
6771d6ffa3daf824eede3f33|kw|1,6771d6ffa3daf824eede3f33,kw,1,9.0,0.25,kw_market,2,12.0,0.41538405570604764,0.4772269972661056,0.10738894702784678
67722aa65639cba87301c81c|lt|1,67722aa65639cba87301c81c,lt,1,8.5,0.2916666666666667,lt_market,2,4.0,0.6975282686655849,0.15944182314185928,0.1430299081925558
67722aa65639cba87301c81c|lt|1,67722aa65639cba87301c81c,lt,1,8.5,0.2916666666666667,lt_market,2,6.0,0.7788037865880962,0.08112753225543877,0.140068681156465
67722aa65639cba87301c81c|lt|1,67722aa65639cba87301c81c,lt,1,8.5,0.2916666666666667,lt_market,2,8.0,0.6083263304308875,0.2509745675975255,0.140699101971587
67722aa65639cba87301c81c|lt|1,67722aa65639cba87301c81c,lt,1,8.5,0.2916666666666667,lt_market,2,12.0,0.3910358228744681,0.5074403610624462,0.10152381606308578
67722f8e3a4f08a288a1f640|kw|1,67722f8e3a4f08a288a1f640,kw,1,11.0,0.08333333333333333,kw_market,2,4.0,0.7109567691393482,0.1438766614557014,0.1451665694049503
67722f8e3a4f08a288a1f640|kw|1,67722f8e3a4f08a288a1f640,kw,1,11.0,0.08333333333333333,kw_market,2,6.0,0.7865873386490685,0.07254272782259659,0.14086993352833493
67722f8e3a4f08a288a1f640|kw|1,67722f8e3a4f08a288a1f640,kw,1,11.0,0.08333333333333333,kw_market,2,8.0,0.6267359714057945,0.22892037106876448,0.14434365752544095
67722f8e3a4f08a288a1f640|kw|1,67722f8e3a4f08a288a1f640,kw,1,11.0,0.08333333333333333,kw_market,2,12.0,0.41538405570604764,0.4772269972661056,0.10738894702784678
6772ea24ce9c71ea7bc07b6b|kw|0,6772ea24ce9c71ea7bc07b6b,kw,0,6.0,0.5,kw_control,4,4.0,0.7967830643922639,0.0863610139892806,0.11685592161845557
6772ea24ce9c71ea7bc07b6b|kw|0,6772ea24ce9c71ea7bc07b6b,kw,0,6.0,0.5,kw_control,4,6.0,0.8488753979574292,0.04192966165494564,0.10919494038762523
6772ea24ce9c71ea7bc07b6b|kw|0,6772ea24ce9c71ea7bc07b6b,kw,0,6.0,0.5,kw_control,4,8.0,0.734725594349773,0.14373266181188782,0.12154174383833914
6772ea24ce9c71ea7bc07b6b|kw|0,6772ea24ce9c71ea7bc07b6b,kw,0,6.0,0.5,kw_control,4,12.0,0.5552408647390824,0.3416544516522735,0.10310468360864405
6772ea24ce9c71ea7bc07b6b|lt|1,6772ea24ce9c71ea7bc07b6b,lt,1,9.5,0.20833333333333334,lt_market,1,4.0,0.6734327212875193,0.15353827029016942,0.17302900842231125
6772ea24ce9c71ea7bc07b6b|lt|1,6772ea24ce9c71ea7bc07b6b,lt,1,9.5,0.20833333333333334,lt_market,1,6.0,0.7522986011249835,0.07816502230134571,0.16953637657367082
6772ea24ce9c71ea7bc07b6b|lt|1,6772ea24ce9c71ea7bc07b6b,lt,1,9.5,0.20833333333333334,lt_market,1,8.0,0.58778040607822,0.2418745615684373,0.1703450323533426
6772ea24ce9c71ea7bc07b6b|lt|1,6772ea24ce9c71ea7bc07b6b,lt,1,9.5,0.20833333333333334,lt_market,1,12.0,0.381727992428549,0.4940881762836564,0.1241838312877946
6772f150498bef722006ff15|kw|1,6772f150498bef722006ff15,kw,1,12.0,0.0,kw_market,1,4.0,0.6581622492398861,0.17242164747245606,0.16941610328765785
6772f150498bef722006ff15|kw|1,6772f150498bef722006ff15,kw,1,12.0,0.0,kw_market,1,6.0,0.7434064265380043,0.0887533808905588,0.16784019257143692
6772f150498bef722006ff15|kw|1,6772f150498bef722006ff15,kw,1,12.0,0.0,kw_market,1,8.0,0.5671570528192297,0.2681728579214787,0.16467008925929158
6772f150498bef722006ff15|kw|1,6772f150498bef722006ff15,kw,1,12.0,0.0,kw_market,1,12.0,0.3554699132209153,0.5286761196575392,0.11585396712154535
6773d37facb21b017a209893|lt|1,6773d37facb21b017a209893,lt,1,8.0,0.3333333333333333,lt_market,4,4.0,0.6968665492495061,0.191168902305041,0.11196454844545285
6773d37facb21b017a209893|lt|1,6773d37facb21b017a209893,lt,1,8.0,0.3333333333333333,lt_market,4,6.0,0.789927766042219,0.09875401929139131,0.1113182146663897
6773d37facb21b017a209893|lt|1,6773d37facb21b017a209893,lt,1,8.0,0.3333333333333333,lt_market,4,8.0,0.5965315652298585,0.29536138694942377,0.10810704782071771
6773d37facb21b017a209893|lt|1,6773d37facb21b017a209893,lt,1,8.0,0.3333333333333333,lt_market,4,12.0,0.3622119022415662,0.5641029475043082,0.07368515025412546
6773d468b0b6f6aacb19640d|kw|0,6773d468b0b6f6aacb19640d,kw,0,10.0,0.16666666666666666,kw_control,3,4.0,0.5991152191771397,0.2892181773880015,0.11166660343485872
6773d468b0b6f6aacb19640d|kw|0,6773d468b0b6f6aacb19640d,kw,0,10.0,0.16666666666666666,kw_control,3,6.0,0.7228176966811188,0.15901708292873432,0.1181652203901469
6773d468b0b6f6aacb19640d|kw|0,6773d468b0b6f6aacb19640d,kw,0,10.0,0.16666666666666666,kw_control,3,8.0,0.48041487877449995,0.41858565753864974,0.10099946368685034
6773d468b0b6f6aacb19640d|kw|0,6773d468b0b6f6aacb19640d,kw,0,10.0,0.16666666666666666,kw_control,3,12.0,0.2514724991166311,0.6891817275088896,0.059345773374479334
6774738db19b119861c727c9|lt|1,6774738db19b119861c727c9,lt,1,6.0,0.5,lt_market,3,4.0,0.45902113891347357,0.4416980374481885,0.09928082363833797
6774738db19b119861c727c9|lt|1,6774738db19b119861c727c9,lt,1,6.0,0.5,lt_market,3,6.0,0.6141642285529435,0.2693252513060585,0.11651052014099801
6774738db19b119861c727c9|lt|1,6774738db19b119861c727c9,lt,1,6.0,0.5,lt_market,3,8.0,0.3354866394421057,0.5826673380950669,0.08184602246282718
6774738db19b119861c727c9|lt|1,6774738db19b119861c727c9,lt,1,6.0,0.5,lt_market,3,12.0,0.1484401194684878,0.8109089658498542,0.04065091468165801
677495e069e5abd571445a65|kw|0,677495e069e5abd571445a65,kw,0,6.0,0.5,kw_control,2,4.0,0.5756275307869297,0.289175828122463,0.1351966410906073
677495e069e5abd571445a65|kw|0,677495e069e5abd571445a65,kw,0,6.0,0.5,kw_control,2,6.0,0.6968924612271754,0.15954601824848022,0.14356152052434434
677495e069e5abd571445a65|kw|0,677495e069e5abd571445a65,kw,0,6.0,0.5,kw_control,2,8.0,0.46048162042858715,0.41752779585571925,0.12199058371569356
677495e069e5abd571445a65|kw|0,677495e069e5abd571445a65,kw,0,6.0,0.5,kw_control,2,12.0,0.24100030959831442,0.687331195008194,0.07166849539349159
677536fb35bfe170ef2d8f1e|lt|1,677536fb35bfe170ef2d8f1e,lt,1,10.5,0.125,lt_market,1,4.0,0.4210450142880932,0.4592488024107363,0.11970618330117044
677536fb35bfe170ef2d8f1e|lt|1,677536fb35bfe170ef2d8f1e,lt,1,10.5,0.125,lt_market,1,6.0,0.5725942893215868,0.2846205727639184,0.1427851379144948
677536fb35bfe170ef2d8f1e|lt|1,677536fb35bfe170ef2d8f1e,lt,1,10.5,0.125,lt_market,1,8.0,0.3040113498375792,0.598496978645627,0.0974916715167939
677536fb35bfe170ef2d8f1e|lt|1,677536fb35bfe170ef2d8f1e,lt,1,10.5,0.125,lt_market,1,12.0,0.13241151806855378,0.8199234200488826,0.047665061882563586
677539286f78d2ffd6438cb0|kw|1,677539286f78d2ffd6438cb0,kw,1,6.0,0.5,kw_market,3,4.0,0.4213081863242474,0.48971733039762383,0.08897448327812882
677539286f78d2ffd6438cb0|kw|1,677539286f78d2ffd6438cb0,kw,1,6.0,0.5,kw_market,3,6.0,0.5831074858897166,0.3088829703369597,0.10800954377332375
677539286f78d2ffd6438cb0|kw|1,677539286f78d2ffd6438cb0,kw,1,6.0,0.5,kw_market,3,8.0,0.2997447026659322,0.6288538924123772,0.07140140492169053
677539286f78d2ffd6438cb0|kw|1,677539286f78d2ffd6438cb0,kw,1,6.0,0.5,kw_market,3,12.0,0.1271241598613031,0.8388835821665274,0.033992257972169336
677679d8f8b195498c2f7a09|lt|0,677679d8f8b195498c2f7a09,lt,0,12.0,0.0,lt_control,4,4.0,0.696866549249506,0.19116890230504152,0.1119645484454525
677679d8f8b195498c2f7a09|lt|0,677679d8f8b195498c2f7a09,lt,0,12.0,0.0,lt_control,4,6.0,0.789927766042219,0.09875401929139162,0.1113182146663894
677679d8f8b195498c2f7a09|lt|0,677679d8f8b195498c2f7a09,lt,0,12.0,0.0,lt_control,4,8.0,0.5965315652298582,0.2953613869494245,0.10810704782071738
677679d8f8b195498c2f7a09|lt|0,677679d8f8b195498c2f7a09,lt,0,12.0,0.0,lt_control,4,12.0,0.36221190224156563,0.5641029475043091,0.07368515025412516
6776856f2c66987268831c12|lt|1,6776856f2c66987268831c12,lt,1,6.5,0.4583333333333333,lt_market,2,4.0,0.40669953307889495,0.2448137797666282,0.3484866871544769
6776856f2c66987268831c12|lt|1,6776856f2c66987268831c12,lt,1,6.5,0.4583333333333333,lt_market,2,6.0,0.4936133118220561,0.13540940234650423,0.3709772858314397
6776856f2c66987268831c12|lt|1,6776856f2c66987268831c12,lt,1,6.5,0.4583333333333333,lt_market,2,8.0,0.3275505930511745,0.35587152283672,0.3165778841121053
6776856f2c66987268831c12|lt|1,6776856f2c66987268831c12,lt,1,6.5,0.4583333333333333,lt_market,2,12.0,0.18174288258460922,0.6210801096663144,0.1971770077490762
6776a0c43e29f81f1d048d18|kw|1,6776a0c43e29f81f1d048d18,kw,1,12.0,0.0,kw_market,4,4.0,0.30512008305287447,0.49150588058411543,0.2033740363630101
6776a0c43e29f81f1d048d18|kw|1,6776a0c43e29f81f1d048d18,kw,1,12.0,0.0,kw_market,4,6.0,0.4312719031480291,0.3165985068206263,0.2521295900313445
6776a0c43e29f81f1d048d18|kw|1,6776a0c43e29f81f1d048d18,kw,1,12.0,0.0,kw_market,4,8.0,0.21462637092254067,0.6240130438195329,0.16136058525792643
6776a0c43e29f81f1d048d18|kw|1,6776a0c43e29f81f1d048d18,kw,1,12.0,0.0,kw_market,4,12.0,0.09100020587767214,0.83220117156253,0.07679862255979761
6776aa5ebfd096ef2a2f19e5|kw|1,6776aa5ebfd096ef2a2f19e5,kw,1,6.0,0.5,kw_market,2,4.0,0.31880406408175854,0.08976745742525209,0.5914284784929894
6776aa5ebfd096ef2a2f19e5|kw|1,6776aa5ebfd096ef2a2f19e5,kw,1,6.0,0.5,kw_market,2,6.0,0.3629151004120382,0.046569318972583075,0.5905155806153788
6776aa5ebfd096ef2a2f19e5|kw|1,6776aa5ebfd096ef2a2f19e5,kw,1,6.0,0.5,kw_market,2,8.0,0.27772163656973553,0.14114238519940644,0.581135978230858
6776aa5ebfd096ef2a2f19e5|kw|1,6776aa5ebfd096ef2a2f19e5,kw,1,6.0,0.5,kw_market,2,12.0,0.20212475310371755,0.3231041984604672,0.4747710484358151
67785cef31ee995e28d95c29|lt|0,67785cef31ee995e28d95c29,lt,0,6.0,0.5,lt_control,4,4.0,0.558660691924327,0.34065656275237055,0.10068274532330242
67785cef31ee995e28d95c29|lt|0,67785cef31ee995e28d95c29,lt,0,6.0,0.5,lt_control,4,6.0,0.6963986685899355,0.193520220348297,0.11008111106176757
67785cef31ee995e28d95c29|lt|0,67785cef31ee995e28d95c29,lt,0,6.0,0.5,lt_control,4,8.0,0.4340541290144629,0.47771095228569643,0.08823491869984058
67785cef31ee995e28d95c29|lt|0,67785cef31ee995e28d95c29,lt,0,6.0,0.5,lt_control,4,12.0,0.21322207286148814,0.7381231557018059,0.048654771436706115
677880f787ed7d2cfb6f7345|kw|0,677880f787ed7d2cfb6f7345,kw,0,9.0,0.25,kw_control,3,4.0,0.6562393468547034,0.2190476107815082,0.12471304236378847
677880f787ed7d2cfb6f7345|kw|0,677880f787ed7d2cfb6f7345,kw,0,9.0,0.25,kw_control,3,6.0,0.758264060438182,0.1153443959489603,0.1263915436128578
677880f787ed7d2cfb6f7345|kw|0,677880f787ed7d2cfb6f7345,kw,0,9.0,0.25,kw_control,3,8.0,0.5504126348226516,0.3316021289999801,0.11798523617736828
677880f787ed7d2cfb6f7345|kw|0,677880f787ed7d2cfb6f7345,kw,0,9.0,0.25,kw_control,3,12.0,0.318918147754441,0.6043430206738475,0.07673883157171162
67790b473a8122e8a6d74a2e|kw|1,67790b473a8122e8a6d74a2e,kw,1,9.0,0.25,kw_market,2,4.0,0.5989695840322894,0.26119314438297425,0.13983727158473636
67790b473a8122e8a6d74a2e|kw|1,67790b473a8122e8a6d74a2e,kw,1,9.0,0.25,kw_market,2,6.0,0.7125060518382478,0.14159415774982745,0.14589979041192477
67790b473a8122e8a6d74a2e|kw|1,67790b473a8122e8a6d74a2e,kw,1,9.0,0.25,kw_market,2,8.0,0.48771022600644126,0.38385882309275593,0.1284309509008029
67790b473a8122e8a6d74a2e|kw|1,67790b473a8122e8a6d74a2e,kw,1,9.0,0.25,kw_market,2,12.0,0.26516575658838953,0.6564512305463766,0.07838301286523398
67798247d6fc9e510470baef|lt|0,67798247d6fc9e510470baef,lt,0,6.0,0.5,lt_control,3,4.0,0.7794878676417544,0.08926461924698191,0.1312475131112637
67798247d6fc9e510470baef|lt|0,67798247d6fc9e510470baef,lt,0,6.0,0.5,lt_control,3,6.0,0.8334231996217707,0.04349460138503271,0.12308219899319657
67798247d6fc9e510470baef|lt|0,67798247d6fc9e510470baef,lt,0,6.0,0.5,lt_control,3,8.0,0.7160185716312878,0.14799496661812256,0.13598646175058957
67798247d6fc9e510470baef|lt|0,67798247d6fc9e510470baef,lt,0,6.0,0.5,lt_control,3,12.0,0.5366772379996384,0.34890821623715873,0.11441454576320284
677ac5abfeff92f43b1755ba|kw|1,677ac5abfeff92f43b1755ba,kw,1,9.0,0.25,kw_market,4,4.0,0.696866549249506,0.19116890230504152,0.1119645484454525
677ac5abfeff92f43b1755ba|kw|1,677ac5abfeff92f43b1755ba,kw,1,9.0,0.25,kw_market,4,6.0,0.789927766042219,0.09875401929139162,0.1113182146663894
677ac5abfeff92f43b1755ba|kw|1,677ac5abfeff92f43b1755ba,kw,1,9.0,0.25,kw_market,4,8.0,0.5965315652298582,0.2953613869494245,0.10810704782071738
677ac5abfeff92f43b1755ba|kw|1,677ac5abfeff92f43b1755ba,kw,1,9.0,0.25,kw_market,4,12.0,0.36221190224156563,0.5641029475043091,0.07368515025412516
677edb96bb091e27806608b9|lt|0,677edb96bb091e27806608b9,lt,0,4.0,0.6666666666666666,lt_control,4,4.0,0.6968665492495063,0.1911689023050412,0.11196454844545256
677edb96bb091e27806608b9|lt|0,677edb96bb091e27806608b9,lt,0,4.0,0.6666666666666666,lt_control,4,6.0,0.7899277660422191,0.09875401929139141,0.11131821466638946
677edb96bb091e27806608b9|lt|0,677edb96bb091e27806608b9,lt,0,4.0,0.6666666666666666,lt_control,4,8.0,0.5965315652298586,0.295361386949424,0.10810704782071744
677edb96bb091e27806608b9|lt|0,677edb96bb091e27806608b9,lt,0,4.0,0.6666666666666666,lt_control,4,12.0,0.3622119022415662,0.5641029475043086,0.07368515025412525
677edcc906221d9231bd83d7|lt|1,677edcc906221d9231bd83d7,lt,1,6.0,0.5,lt_market,1,4.0,0.4554467860866765,0.4126105785648386,0.1319426353484848
677edcc906221d9231bd83d7|lt|1,677edcc906221d9231bd83d7,lt,1,6.0,0.5,lt_market,1,6.0,0.599896467930663,0.2476730737552811,0.1524304583140559
677edcc906221d9231bd83d7|lt|1,677edcc906221d9231bd83d7,lt,1,6.0,0.5,lt_market,1,8.0,0.33762022394749114,0.5520568860680827,0.11032288998442608
677edcc906221d9231bd83d7|lt|1,677edcc906221d9231bd83d7,lt,1,6.0,0.5,lt_market,1,12.0,0.1536104876465857,0.7900445981566485,0.05634491419676593
677fe8f15da513719cd02875|lt|1,677fe8f15da513719cd02875,lt,1,12.0,0.0,lt_market,4,4.0,0.6968665492495063,0.1911689023050412,0.11196454844545256
677fe8f15da513719cd02875|lt|1,677fe8f15da513719cd02875,lt,1,12.0,0.0,lt_market,4,6.0,0.7899277660422191,0.09875401929139141,0.11131821466638946
677fe8f15da513719cd02875|lt|1,677fe8f15da513719cd02875,lt,1,12.0,0.0,lt_market,4,8.0,0.5965315652298586,0.295361386949424,0.10810704782071744
677fe8f15da513719cd02875|lt|1,677fe8f15da513719cd02875,lt,1,12.0,0.0,lt_market,4,12.0,0.3622119022415662,0.5641029475043086,0.07368515025412525
67816b8db5cc9d12f5f77d7a|lt|0,67816b8db5cc9d12f5f77d7a,lt,0,6.0,0.5,lt_control,1,4.0,0.698798224432229,0.11406147889155789,0.18714029667621307
67816b8db5cc9d12f5f77d7a|lt|0,67816b8db5cc9d12f5f77d7a,lt,0,6.0,0.5,lt_control,1,6.0,0.7637816584613157,0.056814109370394335,0.17940423216829
67816b8db5cc9d12f5f77d7a|lt|0,67816b8db5cc9d12f5f77d7a,lt,0,6.0,0.5,lt_control,1,8.0,0.6263022562449089,0.18451167141005792,0.18918607234503312
67816b8db5cc9d12f5f77d7a|lt|0,67816b8db5cc9d12f5f77d7a,lt,0,6.0,0.5,lt_control,1,12.0,0.4413591113573683,0.4089849486994945,0.14965593994313725
67838f3e71616a9dcc042173|kw|1,67838f3e71616a9dcc042173,kw,1,8.0,0.3333333333333333,kw_market,2,4.0,0.4001417668548717,0.28052799471561857,0.3193302384295097
67838f3e71616a9dcc042173|kw|1,67838f3e71616a9dcc042173,kw,1,8.0,0.3333333333333333,kw_market,2,6.0,0.4951831160102514,0.15820781143504398,0.34660907255470474
67838f3e71616a9dcc042173|kw|1,67838f3e71616a9dcc042173,kw,1,8.0,0.3333333333333333,kw_market,2,8.0,0.3159044117831512,0.39973361783917033,0.28436197037767835
67838f3e71616a9dcc042173|kw|1,67838f3e71616a9dcc042173,kw,1,8.0,0.3333333333333333,kw_market,2,12.0,0.16693066077214383,0.6643951567638166,0.16867418246403978
6784ea5cf89f784e621ac9fa|kw|1,6784ea5cf89f784e621ac9fa,kw,1,6.0,0.5,kw_market,2,4.0,0.5366288160549888,0.11142078606715655,0.3519503978778546
6784ea5cf89f784e621ac9fa|kw|1,6784ea5cf89f784e621ac9fa,kw,1,6.0,0.5,kw_market,2,6.0,0.5988488833689295,0.05666426305101425,0.3444868535800562
6784ea5cf89f784e621ac9fa|kw|1,6784ea5cf89f784e621ac9fa,kw,1,6.0,0.5,kw_market,2,8.0,0.4729197817005094,0.17722801363653135,0.3498522046629593
6784ea5cf89f784e621ac9fa|kw|1,6784ea5cf89f784e621ac9fa,kw,1,6.0,0.5,kw_market,2,12.0,0.3323188272707185,0.39171950626808016,0.2759616664612013
6785704c3b1ab8813a4958b0|kw|0,6785704c3b1ab8813a4958b0,kw,0,8.0,0.3333333333333333,kw_control,2,4.0,0.6975282686655849,0.15944182314185928,0.1430299081925558
6785704c3b1ab8813a4958b0|kw|0,6785704c3b1ab8813a4958b0,kw,0,8.0,0.3333333333333333,kw_control,2,6.0,0.7788037865880962,0.08112753225543877,0.140068681156465
6785704c3b1ab8813a4958b0|kw|0,6785704c3b1ab8813a4958b0,kw,0,8.0,0.3333333333333333,kw_control,2,8.0,0.6083263304308875,0.2509745675975255,0.140699101971587
6785704c3b1ab8813a4958b0|kw|0,6785704c3b1ab8813a4958b0,kw,0,8.0,0.3333333333333333,kw_control,2,12.0,0.3910358228744681,0.5074403610624462,0.10152381606308578
6786abc3a98055356d70eb64|kw|1,6786abc3a98055356d70eb64,kw,1,4.0,0.6666666666666666,kw_market,2,4.0,0.5366288160549888,0.11142078606715655,0.3519503978778546
6786abc3a98055356d70eb64|kw|1,6786abc3a98055356d70eb64,kw,1,4.0,0.6666666666666666,kw_market,2,6.0,0.5988488833689295,0.05666426305101425,0.3444868535800562
6786abc3a98055356d70eb64|kw|1,6786abc3a98055356d70eb64,kw,1,4.0,0.6666666666666666,kw_market,2,8.0,0.4729197817005094,0.17722801363653135,0.3498522046629593
6786abc3a98055356d70eb64|kw|1,6786abc3a98055356d70eb64,kw,1,4.0,0.6666666666666666,kw_market,2,12.0,0.3323188272707185,0.39171950626808016,0.2759616664612013
6787c508634bc22939b57be8|kw|1,6787c508634bc22939b57be8,kw,1,12.0,0.0,kw_market,2,4.0,0.5756275307869297,0.289175828122463,0.1351966410906073
6787c508634bc22939b57be8|kw|1,6787c508634bc22939b57be8,kw,1,12.0,0.0,kw_market,2,6.0,0.6968924612271754,0.15954601824848022,0.14356152052434434
6787c508634bc22939b57be8|kw|1,6787c508634bc22939b57be8,kw,1,12.0,0.0,kw_market,2,8.0,0.46048162042858715,0.41752779585571925,0.12199058371569356
6787c508634bc22939b57be8|kw|1,6787c508634bc22939b57be8,kw,1,12.0,0.0,kw_market,2,12.0,0.24100030959831442,0.687331195008194,0.07166849539349159
6788199a271759466f1eb944|kw|1,6788199a271759466f1eb944,kw,1,12.0,0.0,kw_market,3,4.0,0.260519950029666,0.06455573819099836,0.6749243117793358
6788199a271759466f1eb944|kw|1,6788199a271759466f1eb944,kw,1,12.0,0.0,kw_market,3,6.0,0.29540292318457784,0.033358646917398746,0.6712384298980234
6788199a271759466f1eb944|kw|1,6788199a271759466f1eb944,kw,1,12.0,0.0,kw_market,3,8.0,0.22886414249464815,0.10235858679831353,0.6687772707070385
6788199a271759466f1eb944|kw|1,6788199a271759466f1eb944,kw,1,12.0,0.0,kw_market,3,12.0,0.1758406587839122,0.2473666748297031,0.5767926663863848
678d789825b7bb6a61559cd4|lt|1,678d789825b7bb6a61559cd4,lt,1,10.0,0.16666666666666666,lt_market,3,4.0,0.6105873887929046,0.08844908194233575,0.3009635292647596
678d789825b7bb6a61559cd4|lt|1,678d789825b7bb6a61559cd4,lt,1,10.0,0.16666666666666666,lt_market,3,6.0,0.6674034736675772,0.04405890859053265,0.28853761774189013
678d789825b7bb6a61559cd4|lt|1,678d789825b7bb6a61559cd4,lt,1,10.0,0.16666666666666666,lt_market,3,8.0,0.5502271276176789,0.14386003419033044,0.3059128381919907
678d789825b7bb6a61559cd4|lt|1,678d789825b7bb6a61559cd4,lt,1,10.0,0.16666666666666666,lt_market,3,12.0,0.4087506524873526,0.33614912260120056,0.2551002249114469
678d933aeecfeb40cd30b3a9|lt|1,678d933aeecfeb40cd30b3a9,lt,1,0.0,1.0,lt_market,1,4.0,0.4228996357122534,0.12243357875618316,0.4546667855315634
678d933aeecfeb40cd30b3a9|lt|1,678d933aeecfeb40cd30b3a9,lt,1,0.0,1.0,lt_market,1,6.0,0.4819465494923466,0.0635860549491938,0.45446739555845955
678d933aeecfeb40cd30b3a9|lt|1,678d933aeecfeb40cd30b3a9,lt,1,0.0,1.0,lt_market,1,8.0,0.3656021271786469,0.19104013148505083,0.4433577413363022
678d933aeecfeb40cd30b3a9|lt|1,678d933aeecfeb40cd30b3a9,lt,1,0.0,1.0,lt_market,1,12.0,0.24969753917523133,0.4103982678196413,0.33990419300512736
678fb834512bd07496d7f855|kw|0,678fb834512bd07496d7f855,kw,0,6.0,0.5,kw_control,3,4.0,0.6105873887929046,0.08844908194233575,0.3009635292647596
678fb834512bd07496d7f855|kw|0,678fb834512bd07496d7f855,kw,0,6.0,0.5,kw_control,3,6.0,0.6674034736675774,0.04405890859053267,0.2885376177418901
678fb834512bd07496d7f855|kw|0,678fb834512bd07496d7f855,kw,0,6.0,0.5,kw_control,3,8.0,0.550227127617679,0.14386003419033044,0.3059128381919906
678fb834512bd07496d7f855|kw|0,678fb834512bd07496d7f855,kw,0,6.0,0.5,kw_control,3,12.0,0.4087506524873526,0.33614912260120056,0.25510022491144685
678fba732e3c7c2620e94db9|lt|0,678fba732e3c7c2620e94db9,lt,0,6.0,0.5,lt_control,2,4.0,0.5255683979794321,0.35565857059282496,0.11877303142774291
678fba732e3c7c2620e94db9|lt|0,678fba732e3c7c2620e94db9,lt,0,6.0,0.5,lt_control,2,6.0,0.6637428754568033,0.20469332478596133,0.13156379975723528
678fba732e3c7c2620e94db9|lt|0,678fba732e3c7c2620e94db9,lt,0,6.0,0.5,lt_control,2,8.0,0.4038280448819776,0.4932341893478761,0.1029377657701462
678fba732e3c7c2620e94db9|lt|0,678fba732e3c7c2620e94db9,lt,0,6.0,0.5,lt_control,2,12.0,0.1950110791552276,0.7491889175313321,0.05580000331344025
678ff750175fa91b6ee9c424|kw|1,678ff750175fa91b6ee9c424,kw,1,12.0,0.0,kw_market,3,4.0,0.3218465209456065,0.4549322943538709,0.22322118470052246
678ff750175fa91b6ee9c424|kw|1,678ff750175fa91b6ee9c424,kw,1,12.0,0.0,kw_market,3,6.0,0.44395327571588283,0.28597955479580495,0.27006716948831233
678ff750175fa91b6ee9c424|kw|1,678ff750175fa91b6ee9c424,kw,1,12.0,0.0,kw_market,3,8.0,0.230758165737329,0.5887185059928519,0.18052332826981918
678ff750175fa91b6ee9c424|kw|1,678ff750175fa91b6ee9c424,kw,1,12.0,0.0,kw_market,3,12.0,0.10098147746682881,0.810340775249566,0.08867774728360495
679023f5b7572e2b6cb86bf7|kw|0,679023f5b7572e2b6cb86bf7,kw,0,8.0,0.3333333333333333,kw_control,4,4.0,0.6968665492495063,0.1911689023050412,0.11196454844545256
679023f5b7572e2b6cb86bf7|kw|0,679023f5b7572e2b6cb86bf7,kw,0,8.0,0.3333333333333333,kw_control,4,6.0,0.7899277660422191,0.09875401929139141,0.11131821466638946
679023f5b7572e2b6cb86bf7|kw|0,679023f5b7572e2b6cb86bf7,kw,0,8.0,0.3333333333333333,kw_control,4,8.0,0.5965315652298586,0.295361386949424,0.10810704782071744
679023f5b7572e2b6cb86bf7|kw|0,679023f5b7572e2b6cb86bf7,kw,0,8.0,0.3333333333333333,kw_control,4,12.0,0.3622119022415662,0.5641029475043086,0.07368515025412525
67a354e4a190bfc467c9b5c1|lt|1,67a354e4a190bfc467c9b5c1,lt,1,9.0,0.25,lt_market,1,4.0,0.698798224432229,0.11406147889155789,0.18714029667621307
67a354e4a190bfc467c9b5c1|lt|1,67a354e4a190bfc467c9b5c1,lt,1,9.0,0.25,lt_market,1,6.0,0.7637816584613157,0.056814109370394335,0.17940423216829
67a354e4a190bfc467c9b5c1|lt|1,67a354e4a190bfc467c9b5c1,lt,1,9.0,0.25,lt_market,1,8.0,0.6263022562449089,0.18451167141005792,0.18918607234503312
67a354e4a190bfc467c9b5c1|lt|1,67a354e4a190bfc467c9b5c1,lt,1,9.0,0.25,lt_market,1,12.0,0.4413591113573683,0.4089849486994945,0.14965593994313725
67a7d4e19fee63cbe222ae02|kw|1,67a7d4e19fee63cbe222ae02,kw,1,10.0,0.16666666666666666,kw_market,1,4.0,0.5123610570563009,0.3292019650012901,0.15843697794240902
67a7d4e19fee63cbe222ae02|kw|1,67a7d4e19fee63cbe222ae02,kw,1,10.0,0.16666666666666666,kw_market,1,6.0,0.6393721759462824,0.18721464178974315,0.17341318226397448
67a7d4e19fee63cbe222ae02|kw|1,67a7d4e19fee63cbe222ae02,kw,1,10.0,0.16666666666666666,kw_market,1,8.0,0.3986482609986703,0.4623052667384717,0.13904647226285796
67a7d4e19fee63cbe222ae02|kw|1,67a7d4e19fee63cbe222ae02,kw,1,10.0,0.16666666666666666,kw_market,1,12.0,0.19844453675993695,0.7238581635006992,0.07769729973936387
67a929fca6f522114c6bdec7|lt|1,67a929fca6f522114c6bdec7,lt,1,10.0,0.16666666666666666,lt_market,2,4.0,0.5289697293421282,0.11891769139435106,0.3521125792635207
67a929fca6f522114c6bdec7|lt|1,67a929fca6f522114c6bdec7,lt,1,10.0,0.16666666666666666,lt_market,2,6.0,0.5930152460568899,0.060754895898406276,0.3462298580447038
67a929fca6f522114c6bdec7|lt|1,67a929fca6f522114c6bdec7,lt,1,10.0,0.16666666666666666,lt_market,2,8.0,0.46369564308746675,0.1881487451062663,0.3481556118062669
67a929fca6f522114c6bdec7|lt|1,67a929fca6f522114c6bdec7,lt,1,10.0,0.16666666666666666,lt_market,2,12.0,0.3206055499853968,0.409180293251497,0.27021415676310634
67aa4c3d54c8e17bcc8a7975|lt|0,67aa4c3d54c8e17bcc8a7975,lt,0,8.0,0.3333333333333333,lt_control,4,4.0,0.558660691924327,0.34065656275237055,0.10068274532330242
67aa4c3d54c8e17bcc8a7975|lt|0,67aa4c3d54c8e17bcc8a7975,lt,0,8.0,0.3333333333333333,lt_control,4,6.0,0.6963986685899355,0.193520220348297,0.11008111106176757
67aa4c3d54c8e17bcc8a7975|lt|0,67aa4c3d54c8e17bcc8a7975,lt,0,8.0,0.3333333333333333,lt_control,4,8.0,0.4340541290144629,0.47771095228569643,0.08823491869984058
67aa4c3d54c8e17bcc8a7975|lt|0,67aa4c3d54c8e17bcc8a7975,lt,0,8.0,0.3333333333333333,lt_control,4,12.0,0.21322207286148814,0.7381231557018059,0.048654771436706115
67aa74d967279f04eeb4b708|lt|1,67aa74d967279f04eeb4b708,lt,1,9.0,0.25,lt_market,1,4.0,0.6734327212875193,0.15353827029016942,0.17302900842231125
67aa74d967279f04eeb4b708|lt|1,67aa74d967279f04eeb4b708,lt,1,9.0,0.25,lt_market,1,6.0,0.7522986011249835,0.07816502230134571,0.16953637657367082
67aa74d967279f04eeb4b708|lt|1,67aa74d967279f04eeb4b708,lt,1,9.0,0.25,lt_market,1,8.0,0.58778040607822,0.2418745615684373,0.1703450323533426
67aa74d967279f04eeb4b708|lt|1,67aa74d967279f04eeb4b708,lt,1,9.0,0.25,lt_market,1,12.0,0.381727992428549,0.4940881762836564,0.1241838312877946
67abb13cc30b930b97db75e7|kw|0,67abb13cc30b930b97db75e7,kw,0,11.0,0.08333333333333333,kw_control,4,4.0,0.558660691924327,0.34065656275237055,0.10068274532330242
67abb13cc30b930b97db75e7|kw|0,67abb13cc30b930b97db75e7,kw,0,11.0,0.08333333333333333,kw_control,4,6.0,0.6963986685899355,0.193520220348297,0.11008111106176757
67abb13cc30b930b97db75e7|kw|0,67abb13cc30b930b97db75e7,kw,0,11.0,0.08333333333333333,kw_control,4,8.0,0.4340541290144629,0.47771095228569643,0.08823491869984058
67abb13cc30b930b97db75e7|kw|0,67abb13cc30b930b97db75e7,kw,0,11.0,0.08333333333333333,kw_control,4,12.0,0.21322207286148814,0.7381231557018059,0.048654771436706115
67aca52029509c486774daa1|kw|0,67aca52029509c486774daa1,kw,0,6.0,0.5,kw_control,3,4.0,0.7469537774739156,0.1260492290024411,0.12699699352364338
67aca52029509c486774daa1|kw|0,67aca52029509c486774daa1,kw,0,6.0,0.5,kw_control,3,6.0,0.8156423500109986,0.06272577061652274,0.12163187937247864
67aca52029509c486774daa1|kw|0,67aca52029509c486774daa1,kw,0,6.0,0.5,kw_control,3,8.0,0.6682918351132063,0.2035472700851669,0.12816089480162682
67aca52029509c486774daa1|kw|0,67aca52029509c486774daa1,kw,0,6.0,0.5,kw_control,3,12.0,0.46013164729019995,0.44081523307752585,0.09905311963227426
67ace31300abf1fb686b8ce1|kw|0,67ace31300abf1fb686b8ce1,kw,0,6.0,0.5,kw_control,3,4.0,0.7469537774739156,0.1260492290024411,0.12699699352364338
67ace31300abf1fb686b8ce1|kw|0,67ace31300abf1fb686b8ce1,kw,0,6.0,0.5,kw_control,3,6.0,0.8156423500109986,0.06272577061652274,0.12163187937247864
67ace31300abf1fb686b8ce1|kw|0,67ace31300abf1fb686b8ce1,kw,0,6.0,0.5,kw_control,3,8.0,0.6682918351132063,0.2035472700851669,0.12816089480162682
67ace31300abf1fb686b8ce1|kw|0,67ace31300abf1fb686b8ce1,kw,0,6.0,0.5,kw_control,3,12.0,0.46013164729019995,0.44081523307752585,0.09905311963227426
67ace31300abf1fb686b8ce1|lt|1,67ace31300abf1fb686b8ce1,lt,1,10.0,0.16666666666666666,lt_market,1,4.0,0.698798224432229,0.11406147889155789,0.18714029667621307
67ace31300abf1fb686b8ce1|lt|1,67ace31300abf1fb686b8ce1,lt,1,10.0,0.16666666666666666,lt_market,1,6.0,0.7637816584613157,0.056814109370394335,0.17940423216829
67ace31300abf1fb686b8ce1|lt|1,67ace31300abf1fb686b8ce1,lt,1,10.0,0.16666666666666666,lt_market,1,8.0,0.6263022562449089,0.18451167141005792,0.18918607234503312
67ace31300abf1fb686b8ce1|lt|1,67ace31300abf1fb686b8ce1,lt,1,10.0,0.16666666666666666,lt_market,1,12.0,0.4413591113573683,0.4089849486994945,0.14965593994313725
67ace3fc5892a4d45463156b|lt|1,67ace3fc5892a4d45463156b,lt,1,12.0,0.0,lt_market,1,4.0,0.3745517417286762,0.521140484011414,0.1043077742599098
67ace3fc5892a4d45463156b|lt|1,67ace3fc5892a4d45463156b,lt,1,12.0,0.0,lt_market,1,6.0,0.5323854420233631,0.33757395731151846,0.13004060066511847
67ace3fc5892a4d45463156b|lt|1,67ace3fc5892a4d45463156b,lt,1,12.0,0.0,lt_market,1,8.0,0.2614104209299195,0.6564755394581193,0.08211403961196126
67ace3fc5892a4d45463156b|lt|1,67ace3fc5892a4d45463156b,lt,1,12.0,0.0,lt_market,1,12.0,0.1080895607938679,0.853797279803595,0.03811315940253712
67b8ac4a64ff597388f3fcc1|kw|1,67b8ac4a64ff597388f3fcc1,kw,1,4.0,0.6666666666666666,kw_market,2,4.0,0.4001417668548718,0.2805279947156184,0.3193302384295098
67b8ac4a64ff597388f3fcc1|kw|1,67b8ac4a64ff597388f3fcc1,kw,1,4.0,0.6666666666666666,kw_market,2,6.0,0.4951831160102514,0.15820781143504387,0.34660907255470486
67b8ac4a64ff597388f3fcc1|kw|1,67b8ac4a64ff597388f3fcc1,kw,1,4.0,0.6666666666666666,kw_market,2,8.0,0.3159044117831513,0.3997336178391702,0.2843619703776785
67b8ac4a64ff597388f3fcc1|kw|1,67b8ac4a64ff597388f3fcc1,kw,1,4.0,0.6666666666666666,kw_market,2,12.0,0.1669306607721439,0.6643951567638162,0.1686741824640399
67c0ee3c27278be601aa384d|lt|1,67c0ee3c27278be601aa384d,lt,1,12.0,0.0,lt_market,4,4.0,0.4255669663865105,0.161775867593433,0.41265716602005653
67c0ee3c27278be601aa384d|lt|1,67c0ee3c27278be601aa384d,lt,1,12.0,0.0,lt_market,4,6.0,0.4941372148923859,0.08560382366663097,0.4202589614409831
67c0ee3c27278be601aa384d|lt|1,67c0ee3c27278be601aa384d,lt,1,12.0,0.0,lt_market,4,8.0,0.35973163239707334,0.2468181642258094,0.3934502033771172
67c0ee3c27278be601aa384d|lt|1,67c0ee3c27278be601aa384d,lt,1,12.0,0.0,lt_market,4,12.0,0.22800569444991042,0.4920616803254352,0.27993262522465434
67c4d6db7736e277b8582936|kw|0,67c4d6db7736e277b8582936,kw,0,8.0,0.3333333333333333,kw_control,4,4.0,0.42556696638651054,0.161775867593433,0.4126571660200565
67c4d6db7736e277b8582936|kw|0,67c4d6db7736e277b8582936,kw,0,8.0,0.3333333333333333,kw_control,4,6.0,0.494137214892386,0.08560382366663097,0.42025896144098307
67c4d6db7736e277b8582936|kw|0,67c4d6db7736e277b8582936,kw,0,8.0,0.3333333333333333,kw_control,4,8.0,0.35973163239707345,0.2468181642258094,0.39345020337711717
67c4d6db7736e277b8582936|kw|0,67c4d6db7736e277b8582936,kw,0,8.0,0.3333333333333333,kw_control,4,12.0,0.22800569444991042,0.4920616803254351,0.2799326252246543
67d0adc35dda5bdeb6a0c22a|lt|1,67d0adc35dda5bdeb6a0c22a,lt,1,12.0,0.0,lt_market,2,4.0,0.3172907150916196,0.06324602919192966,0.6194632557164508
67d0adc35dda5bdeb6a0c22a|lt|1,67d0adc35dda5bdeb6a0c22a,lt,1,12.0,0.0,lt_market,2,6.0,0.3567296534557542,0.032405213357632516,0.6108651331866133
67d0adc35dda5bdeb6a0c22a|lt|1,67d0adc35dda5bdeb6a0c22a,lt,1,12.0,0.0,lt_market,2,8.0,0.2807468448927725,0.10100513332115688,0.6182480217860706
67d0adc35dda5bdeb6a0c22a|lt|1,67d0adc35dda5bdeb6a0c22a,lt,1,12.0,0.0,lt_market,2,12.0,0.21722101196338223,0.24581351493518863,0.5369654731014291
67d1926649cf8a4fd2b27d37|lt|1,67d1926649cf8a4fd2b27d37,lt,1,12.0,0.0,lt_market,3,4.0,0.33239020215456444,0.1822515361437325,0.48535826170170304
67d1926649cf8a4fd2b27d37|lt|1,67d1926649cf8a4fd2b27d37,lt,1,12.0,0.0,lt_market,3,6.0,0.3951603224651593,0.0987406740680277,0.5060990034668131
67d1926649cf8a4fd2b27d37|lt|1,67d1926649cf8a4fd2b27d37,lt,1,12.0,0.0,lt_market,3,8.0,0.2749764293160345,0.2721266738356639,0.45289689684830176
67d1926649cf8a4fd2b27d37|lt|1,67d1926649cf8a4fd2b27d37,lt,1,12.0,0.0,lt_market,3,12.0,0.16773897407471852,0.5221376257114091,0.3101234002138723
67d89d92eb4323537c13b656|kw|0,67d89d92eb4323537c13b656,kw,0,6.0,0.5,kw_control,4,4.0,0.6968665492495063,0.1911689023050412,0.11196454844545256
67d89d92eb4323537c13b656|kw|0,67d89d92eb4323537c13b656,kw,0,6.0,0.5,kw_control,4,6.0,0.7899277660422191,0.09875401929139141,0.11131821466638946
67d89d92eb4323537c13b656|kw|0,67d89d92eb4323537c13b656,kw,0,6.0,0.5,kw_control,4,8.0,0.5965315652298586,0.295361386949424,0.10810704782071744
67d89d92eb4323537c13b656|kw|0,67d89d92eb4323537c13b656,kw,0,6.0,0.5,kw_control,4,12.0,0.3622119022415662,0.5641029475043086,0.07368515025412525
67d89d92eb4323537c13b656|lt|1,67d89d92eb4323537c13b656,lt,1,9.0,0.25,lt_market,3,4.0,0.6105873887929046,0.08844908194233575,0.3009635292647596
67d89d92eb4323537c13b656|lt|1,67d89d92eb4323537c13b656,lt,1,9.0,0.25,lt_market,3,6.0,0.6674034736675772,0.04405890859053265,0.28853761774189013
67d89d92eb4323537c13b656|lt|1,67d89d92eb4323537c13b656,lt,1,9.0,0.25,lt_market,3,8.0,0.5502271276176789,0.14386003419033044,0.3059128381919907
67d89d92eb4323537c13b656|lt|1,67d89d92eb4323537c13b656,lt,1,9.0,0.25,lt_market,3,12.0,0.4087506524873526,0.33614912260120056,0.2551002249114469
67d94f701307ac0887c44909|kw|1,67d94f701307ac0887c44909,kw,1,7.0,0.4166666666666667,kw_market,3,4.0,0.5991152191771397,0.2892181773880015,0.11166660343485872
67d94f701307ac0887c44909|kw|1,67d94f701307ac0887c44909,kw,1,7.0,0.4166666666666667,kw_market,3,6.0,0.7228176966811188,0.15901708292873432,0.1181652203901469
67d94f701307ac0887c44909|kw|1,67d94f701307ac0887c44909,kw,1,7.0,0.4166666666666667,kw_market,3,8.0,0.48041487877449995,0.41858565753864974,0.10099946368685034
67d94f701307ac0887c44909|kw|1,67d94f701307ac0887c44909,kw,1,7.0,0.4166666666666667,kw_market,3,12.0,0.2514724991166311,0.6891817275088896,0.059345773374479334
67ddd4f85ab870ffd90cc888|kw|1,67ddd4f85ab870ffd90cc888,kw,1,11.0,0.08333333333333333,kw_market,3,4.0,0.37782188524754506,0.3450245179996606,0.2771535967527944
67ddd4f85ab870ffd90cc888|kw|1,67ddd4f85ab870ffd90cc888,kw,1,11.0,0.08333333333333333,kw_market,3,6.0,0.4855399835175571,0.20206338260894738,0.3123966338734956
67ddd4f85ab870ffd90cc888|kw|1,67ddd4f85ab870ffd90cc888,kw,1,11.0,0.08333333333333333,kw_market,3,8.0,0.2877171553338303,0.4742215286942509,0.23806131597191876
67ddd4f85ab870ffd90cc888|kw|1,67ddd4f85ab870ffd90cc888,kw,1,11.0,0.08333333333333333,kw_market,3,12.0,0.14058560782757604,0.7288392182989976,0.13057517387342643
67ddd4f85ab870ffd90cc888|lt|0,67ddd4f85ab870ffd90cc888,lt,0,6.0,0.5,lt_control,4,4.0,0.558660691924327,0.34065656275237055,0.10068274532330242
67ddd4f85ab870ffd90cc888|lt|0,67ddd4f85ab870ffd90cc888,lt,0,6.0,0.5,lt_control,4,6.0,0.6963986685899355,0.193520220348297,0.11008111106176757
67ddd4f85ab870ffd90cc888|lt|0,67ddd4f85ab870ffd90cc888,lt,0,6.0,0.5,lt_control,4,8.0,0.4340541290144629,0.47771095228569643,0.08823491869984058
67ddd4f85ab870ffd90cc888|lt|0,67ddd4f85ab870ffd90cc888,lt,0,6.0,0.5,lt_control,4,12.0,0.21322207286148814,0.7381231557018059,0.048654771436706115
67dde7aad55fd4bb6c2dd4aa|kw|1,67dde7aad55fd4bb6c2dd4aa,kw,1,12.0,0.0,kw_market,4,4.0,0.44487657556760085,0.3211223281330062,0.23400109629939306
67dde7aad55fd4bb6c2dd4aa|kw|1,67dde7aad55fd4bb6c2dd4aa,kw,1,12.0,0.0,kw_market,4,6.0,0.5585668067081484,0.1837409092205851,0.2576922840712665
67dde7aad55fd4bb6c2dd4aa|kw|1,67dde7aad55fd4bb6c2dd4aa,kw,1,12.0,0.0,kw_market,4,8.0,0.3452908739501679,0.44985103710469304,0.20485808894513904
67dde7aad55fd4bb6c2dd4aa|kw|1,67dde7aad55fd4bb6c2dd4aa,kw,1,12.0,0.0,kw_market,4,12.0,0.17349475409415627,0.7109602764015304,0.11554496950431344
67dfdf77fa31c86fb35030aa|lt|1,67dfdf77fa31c86fb35030aa,lt,1,12.0,0.0,lt_market,1,4.0,0.4217863885520073,0.08362403817848542,0.4945895732695073
67dfdf77fa31c86fb35030aa|lt|1,67dfdf77fa31c86fb35030aa,lt,1,12.0,0.0,lt_market,1,6.0,0.4719557437340868,0.042642202044685724,0.4854020542212275
67dfdf77fa31c86fb35030aa|lt|1,67dfdf77fa31c86fb35030aa,lt,1,12.0,0.0,lt_market,1,8.0,0.3730670680706269,0.13349904239715915,0.49343388953221384
67dfdf77fa31c86fb35030aa|lt|1,67dfdf77fa31c86fb35030aa,lt,1,12.0,0.0,lt_market,1,12.0,0.27698876136268313,0.3117659971355975,0.41124524150171937
67e1da8a432675c0e850e8d1|lt|0,67e1da8a432675c0e850e8d1,lt,0,6.0,0.5,lt_control,4,4.0,0.6968665492495063,0.1911689023050412,0.11196454844545256
67e1da8a432675c0e850e8d1|lt|0,67e1da8a432675c0e850e8d1,lt,0,6.0,0.5,lt_control,4,6.0,0.7899277660422191,0.09875401929139141,0.11131821466638946
67e1da8a432675c0e850e8d1|lt|0,67e1da8a432675c0e850e8d1,lt,0,6.0,0.5,lt_control,4,8.0,0.5965315652298586,0.295361386949424,0.10810704782071744
67e1da8a432675c0e850e8d1|lt|0,67e1da8a432675c0e850e8d1,lt,0,6.0,0.5,lt_control,4,12.0,0.3622119022415662,0.5641029475043086,0.07368515025412525
67ea369e95f5a4a14b11b557|kw|1,67ea369e95f5a4a14b11b557,kw,1,6.0,0.5,kw_market,3,4.0,0.6562393468547033,0.2190476107815082,0.12471304236378847
67ea369e95f5a4a14b11b557|kw|1,67ea369e95f5a4a14b11b557,kw,1,6.0,0.5,kw_market,3,6.0,0.758264060438182,0.1153443959489603,0.1263915436128578
67ea369e95f5a4a14b11b557|kw|1,67ea369e95f5a4a14b11b557,kw,1,6.0,0.5,kw_market,3,8.0,0.5504126348226516,0.3316021289999801,0.11798523617736828
67ea369e95f5a4a14b11b557|kw|1,67ea369e95f5a4a14b11b557,kw,1,6.0,0.5,kw_market,3,12.0,0.318918147754441,0.6043430206738475,0.07673883157171162
67ebfee1b828dce41616f576|lt|1,67ebfee1b828dce41616f576,lt,1,8.0,0.3333333333333333,lt_market,2,4.0,0.5423559676102524,0.08727164721805189,0.3703723851716957
67ebfee1b828dce41616f576|lt|1,67ebfee1b828dce41616f576,lt,1,8.0,0.3333333333333333,lt_market,2,6.0,0.5979798772411721,0.043850554789339774,0.35816956796948823
67ebfee1b828dce41616f576|lt|1,67ebfee1b828dce41616f576,lt,1,8.0,0.3333333333333333,lt_market,2,8.0,0.4852716475767551,0.14093742400417322,0.37379092841907163
67ebfee1b828dce41616f576|lt|1,67ebfee1b828dce41616f576,lt,1,8.0,0.3333333333333333,lt_market,2,12.0,0.35994948159736345,0.32882007655342066,0.31123044184921594
67ec2dbc404fd41af3fd389a|lt|0,67ec2dbc404fd41af3fd389a,lt,0,8.0,0.3333333333333333,lt_control,3,4.0,0.7469537774739156,0.1260492290024411,0.12699699352364338
67ec2dbc404fd41af3fd389a|lt|0,67ec2dbc404fd41af3fd389a,lt,0,8.0,0.3333333333333333,lt_control,3,6.0,0.8156423500109986,0.06272577061652274,0.12163187937247864
67ec2dbc404fd41af3fd389a|lt|0,67ec2dbc404fd41af3fd389a,lt,0,8.0,0.3333333333333333,lt_control,3,8.0,0.6682918351132063,0.2035472700851669,0.12816089480162682
67ec2dbc404fd41af3fd389a|lt|0,67ec2dbc404fd41af3fd389a,lt,0,8.0,0.3333333333333333,lt_control,3,12.0,0.46013164729019995,0.44081523307752585,0.09905311963227426
67ed75fa0c2423e85f8b3c8b|kw|1,67ed75fa0c2423e85f8b3c8b,kw,1,8.0,0.3333333333333333,kw_market,3,4.0,0.4284361208108569,0.09042112068811109,0.48114275850103194
67ed75fa0c2423e85f8b3c8b|kw|1,67ed75fa0c2423e85f8b3c8b,kw,1,8.0,0.3333333333333333,kw_market,3,6.0,0.4804969207119871,0.046214066868999905,0.47328901241901306
67ed75fa0c2423e85f8b3c8b|kw|1,67ed75fa0c2423e85f8b3c8b,kw,1,8.0,0.3333333333333333,kw_market,3,8.0,0.3776958008529271,0.14387277647113766,0.47843142267593525
67ed75fa0c2423e85f8b3c8b|kw|1,67ed75fa0c2423e85f8b3c8b,kw,1,8.0,0.3333333333333333,kw_market,3,12.0,0.2762378541980891,0.3309748716279172,0.3927872741739936
67ef19849ce42ec68447928e|kw|0,67ef19849ce42ec68447928e,kw,0,4.0,0.6666666666666666,kw_control,1,4.0,0.6581622492398861,0.17242164747245606,0.16941610328765785
67ef19849ce42ec68447928e|kw|0,67ef19849ce42ec68447928e,kw,0,4.0,0.6666666666666666,kw_control,1,6.0,0.7434064265380043,0.0887533808905588,0.16784019257143692
67ef19849ce42ec68447928e|kw|0,67ef19849ce42ec68447928e,kw,0,4.0,0.6666666666666666,kw_control,1,8.0,0.5671570528192297,0.2681728579214787,0.16467008925929158
67ef19849ce42ec68447928e|kw|0,67ef19849ce42ec68447928e,kw,0,4.0,0.6666666666666666,kw_control,1,12.0,0.3554699132209153,0.5286761196575392,0.11585396712154535
67fb712344e93ae6c23a6805|kw|1,67fb712344e93ae6c23a6805,kw,1,8.0,0.3333333333333333,kw_market,4,4.0,0.5151051505452533,0.07039878187562167,0.41449606757912505
67fb712344e93ae6c23a6805|kw|1,67fb712344e93ae6c23a6805,kw,1,8.0,0.3333333333333333,kw_market,4,6.0,0.5655891103243025,0.0352265461265229,0.39918434354917465
67fb712344e93ae6c23a6805|kw|1,67fb712344e93ae6c23a6805,kw,1,8.0,0.3333333333333333,kw_market,4,8.0,0.46418481399153816,0.11450193911646867,0.4213132468919931
67fb712344e93ae6c23a6805|kw|1,67fb712344e93ae6c23a6805,kw,1,8.0,0.3333333333333333,kw_market,4,12.0,0.3578155122977445,0.277623637545609,0.3645608501566464
67fbe9a435667f13b9bb1371|lt|1,67fbe9a435667f13b9bb1371,lt,1,10.5,0.125,lt_market,2,4.0,0.5989695840322894,0.26119314438297425,0.13983727158473636
67fbe9a435667f13b9bb1371|lt|1,67fbe9a435667f13b9bb1371,lt,1,10.5,0.125,lt_market,2,6.0,0.7125060518382478,0.14159415774982745,0.14589979041192477
67fbe9a435667f13b9bb1371|lt|1,67fbe9a435667f13b9bb1371,lt,1,10.5,0.125,lt_market,2,8.0,0.48771022600644126,0.38385882309275593,0.1284309509008029
67fbe9a435667f13b9bb1371|lt|1,67fbe9a435667f13b9bb1371,lt,1,10.5,0.125,lt_market,2,12.0,0.26516575658838953,0.6564512305463766,0.07838301286523398
67fd7bb4515d79df15f3c967|lt|0,67fd7bb4515d79df15f3c967,lt,0,6.0,0.5,lt_control,4,4.0,0.7967830643922639,0.0863610139892806,0.11685592161845557
67fd7bb4515d79df15f3c967|lt|0,67fd7bb4515d79df15f3c967,lt,0,6.0,0.5,lt_control,4,6.0,0.8488753979574292,0.04192966165494564,0.10919494038762523
67fd7bb4515d79df15f3c967|lt|0,67fd7bb4515d79df15f3c967,lt,0,6.0,0.5,lt_control,4,8.0,0.734725594349773,0.14373266181188782,0.12154174383833914
67fd7bb4515d79df15f3c967|lt|0,67fd7bb4515d79df15f3c967,lt,0,6.0,0.5,lt_control,4,12.0,0.5552408647390824,0.3416544516522735,0.10310468360864405
6819f6ed2c103fe0803b1cb5|kw|1,6819f6ed2c103fe0803b1cb5,kw,1,12.0,0.0,kw_market,4,4.0,0.21742630456476736,0.043251203599202176,0.7393224918360306
6819f6ed2c103fe0803b1cb5|kw|1,6819f6ed2c103fe0803b1cb5,kw,1,12.0,0.0,kw_market,4,6.0,0.24551442514523106,0.02225680904362583,0.732228765811143
6819f6ed2c103fe0803b1cb5|kw|1,6819f6ed2c103fe0803b1cb5,kw,1,12.0,0.0,kw_market,4,8.0,0.1925133851249793,0.06911935948406119,0.7383672553909594
6819f6ed2c103fe0803b1cb5|kw|1,6819f6ed2c103fe0803b1cb5,kw,1,12.0,0.0,kw_market,4,12.0,0.15540837485405848,0.17550462089907573,0.6690870042468657
681b72a2c71900147281b597|kw|1,681b72a2c71900147281b597,kw,1,6.0,0.5,kw_market,1,4.0,0.4228996357122534,0.12243357875618316,0.4546667855315634
681b72a2c71900147281b597|kw|1,681b72a2c71900147281b597,kw,1,6.0,0.5,kw_market,1,6.0,0.4819465494923466,0.0635860549491938,0.45446739555845955
681b72a2c71900147281b597|kw|1,681b72a2c71900147281b597,kw,1,6.0,0.5,kw_market,1,8.0,0.3656021271786469,0.19104013148505083,0.4433577413363022
681b72a2c71900147281b597|kw|1,681b72a2c71900147281b597,kw,1,6.0,0.5,kw_market,1,12.0,0.24969753917523133,0.4103982678196413,0.33990419300512736
683cbc0c0c2d722831c8bc17|kw|0,683cbc0c0c2d722831c8bc17,kw,0,10.0,0.16666666666666666,kw_control,3,4.0,0.7469537774739156,0.1260492290024411,0.12699699352364338
683cbc0c0c2d722831c8bc17|kw|0,683cbc0c0c2d722831c8bc17,kw,0,10.0,0.16666666666666666,kw_control,3,6.0,0.8156423500109986,0.06272577061652274,0.12163187937247864
683cbc0c0c2d722831c8bc17|kw|0,683cbc0c0c2d722831c8bc17,kw,0,10.0,0.16666666666666666,kw_control,3,8.0,0.6682918351132063,0.2035472700851669,0.12816089480162682
683cbc0c0c2d722831c8bc17|kw|0,683cbc0c0c2d722831c8bc17,kw,0,10.0,0.16666666666666666,kw_control,3,12.0,0.46013164729019995,0.44081523307752585,0.09905311963227426
683cbc0c0c2d722831c8bc17|lt|1,683cbc0c0c2d722831c8bc17,lt,1,12.0,0.0,lt_market,4,4.0,0.5151051505452526,0.07039878187562129,0.41449606757912616
683cbc0c0c2d722831c8bc17|lt|1,683cbc0c0c2d722831c8bc17,lt,1,12.0,0.0,lt_market,4,6.0,0.5655891103243016,0.03522654612652271,0.39918434354917565
683cbc0c0c2d722831c8bc17|lt|1,683cbc0c0c2d722831c8bc17,lt,1,12.0,0.0,lt_market,4,8.0,0.4641848139915376,0.11450193911646805,0.4213132468919943
683cbc0c0c2d722831c8bc17|lt|1,683cbc0c0c2d722831c8bc17,lt,1,12.0,0.0,lt_market,4,12.0,0.3578155122977444,0.2776236375456078,0.3645608501566478
68491eeead1c9115dbd5d603|kw|1,68491eeead1c9115dbd5d603,kw,1,6.0,0.5,kw_market,3,4.0,0.5991152191771397,0.2892181773880015,0.11166660343485872
68491eeead1c9115dbd5d603|kw|1,68491eeead1c9115dbd5d603,kw,1,6.0,0.5,kw_market,3,6.0,0.7228176966811188,0.15901708292873432,0.1181652203901469
68491eeead1c9115dbd5d603|kw|1,68491eeead1c9115dbd5d603,kw,1,6.0,0.5,kw_market,3,8.0,0.48041487877449995,0.41858565753864974,0.10099946368685034
68491eeead1c9115dbd5d603|kw|1,68491eeead1c9115dbd5d603,kw,1,6.0,0.5,kw_market,3,12.0,0.2514724991166311,0.6891817275088896,0.059345773374479334
68852bb3841485125559a020|lt|1,68852bb3841485125559a020,lt,1,10.0,0.16666666666666666,lt_market,3,4.0,0.6163372759904854,0.08368033776955726,0.2999823862399574
68852bb3841485125559a020|lt|1,68852bb3841485125559a020,lt,1,10.0,0.16666666666666666,lt_market,3,6.0,0.6716942395356049,0.04156008109599242,0.2867456793684026
68852bb3841485125559a020|lt|1,68852bb3841485125559a020,lt,1,10.0,0.16666666666666666,lt_market,3,8.0,0.5573996546679832,0.13659171142098617,0.3060086339110306
68852bb3841485125559a020|lt|1,68852bb3841485125559a020,lt,1,10.0,0.16666666666666666,lt_market,3,12.0,0.41892815912728165,0.32290336205988246,0.2581684788128359
688ba4bbe01569516b9737b3|lt|1,688ba4bbe01569516b9737b3,lt,1,10.0,0.16666666666666666,lt_market,4,4.0,0.42556696638651054,0.161775867593433,0.4126571660200565
688ba4bbe01569516b9737b3|lt|1,688ba4bbe01569516b9737b3,lt,1,10.0,0.16666666666666666,lt_market,4,6.0,0.494137214892386,0.08560382366663097,0.42025896144098307
688ba4bbe01569516b9737b3|lt|1,688ba4bbe01569516b9737b3,lt,1,10.0,0.16666666666666666,lt_market,4,8.0,0.35973163239707345,0.2468181642258094,0.39345020337711717
688ba4bbe01569516b9737b3|lt|1,688ba4bbe01569516b9737b3,lt,1,10.0,0.16666666666666666,lt_market,4,12.0,0.22800569444991042,0.4920616803254351,0.2799326252246543
68c92222ed786d8ff06e7eb8|lt|1,68c92222ed786d8ff06e7eb8,lt,1,8.0,0.3333333333333333,lt_market,1,4.0,0.5123610570563009,0.3292019650012901,0.15843697794240902
68c92222ed786d8ff06e7eb8|lt|1,68c92222ed786d8ff06e7eb8,lt,1,8.0,0.3333333333333333,lt_market,1,6.0,0.6393721759462824,0.18721464178974315,0.17341318226397448
68c92222ed786d8ff06e7eb8|lt|1,68c92222ed786d8ff06e7eb8,lt,1,8.0,0.3333333333333333,lt_market,1,8.0,0.3986482609986703,0.4623052667384717,0.13904647226285796
68c92222ed786d8ff06e7eb8|lt|1,68c92222ed786d8ff06e7eb8,lt,1,8.0,0.3333333333333333,lt_market,1,12.0,0.19844453675993695,0.7238581635006992,0.07769729973936387
68f92957a58d956e7451acb9|kw|1,68f92957a58d956e7451acb9,kw,1,12.0,0.0,kw_market,4,4.0,0.39745569921070273,0.5203819764357425,0.08216232435355485
68f92957a58d956e7451acb9|kw|1,68f92957a58d956e7451acb9,kw,1,12.0,0.0,kw_market,4,6.0,0.5624350765876526,0.3355874320792443,0.10197749133310305
68f92957a58d956e7451acb9|kw|1,68f92957a58d956e7451acb9,kw,1,12.0,0.0,kw_market,4,8.0,0.2780641283585256,0.6570995126355873,0.06483635900588697
68f92957a58d956e7451acb9|kw|1,68f92957a58d956e7451acb9,kw,1,12.0,0.0,kw_market,4,12.0,0.11501264967932982,0.8548839233422206,0.03010342697844951
6914dc322c5412011be92338|kw|1,6914dc322c5412011be92338,kw,1,7.0,0.4166666666666667,kw_market,4,4.0,0.42556696638651054,0.161775867593433,0.4126571660200565
6914dc322c5412011be92338|kw|1,6914dc322c5412011be92338,kw,1,7.0,0.4166666666666667,kw_market,4,6.0,0.494137214892386,0.08560382366663097,0.42025896144098307
6914dc322c5412011be92338|kw|1,6914dc322c5412011be92338,kw,1,7.0,0.4166666666666667,kw_market,4,8.0,0.35973163239707345,0.2468181642258094,0.39345020337711717
6914dc322c5412011be92338|kw|1,6914dc322c5412011be92338,kw,1,7.0,0.4166666666666667,kw_market,4,12.0,0.22800569444991042,0.4920616803254351,0.2799326252246543
69156cb681f0e747e992b388|lt|1,69156cb681f0e747e992b388,lt,1,7.0,0.4166666666666667,lt_market,4,4.0,0.4448765755676009,0.32112232813300595,0.23400109629939306
69156cb681f0e747e992b388|lt|1,69156cb681f0e747e992b388,lt,1,7.0,0.4166666666666667,lt_market,4,6.0,0.5585668067081485,0.183740909220585,0.2576922840712665
69156cb681f0e747e992b388|lt|1,69156cb681f0e747e992b388,lt,1,7.0,0.4166666666666667,lt_market,4,8.0,0.345290873950168,0.4498510371046928,0.2048580889451391
69156cb681f0e747e992b388|lt|1,69156cb681f0e747e992b388,lt,1,7.0,0.4166666666666667,lt_market,4,12.0,0.17349475409415635,0.7109602764015301,0.11554496950431344
691c9fe1c722dece45e6d6c9|kw|1,691c9fe1c722dece45e6d6c9,kw,1,10.0,0.16666666666666666,kw_market,3,4.0,0.7469537774739156,0.1260492290024411,0.12699699352364338
691c9fe1c722dece45e6d6c9|kw|1,691c9fe1c722dece45e6d6c9,kw,1,10.0,0.16666666666666666,kw_market,3,6.0,0.8156423500109986,0.06272577061652274,0.12163187937247864
691c9fe1c722dece45e6d6c9|kw|1,691c9fe1c722dece45e6d6c9,kw,1,10.0,0.16666666666666666,kw_market,3,8.0,0.6682918351132063,0.2035472700851669,0.12816089480162682
691c9fe1c722dece45e6d6c9|kw|1,691c9fe1c722dece45e6d6c9,kw,1,10.0,0.16666666666666666,kw_market,3,12.0,0.46013164729019995,0.44081523307752585,0.09905311963227426
691dcf9bf03c4a71c02b9344|lt|1,691dcf9bf03c4a71c02b9344,lt,1,12.0,0.0,lt_market,2,4.0,0.36949536564057306,0.34172361640145366,0.2887810179579733
691dcf9bf03c4a71c02b9344|lt|1,691dcf9bf03c4a71c02b9344,lt,1,12.0,0.0,lt_market,2,6.0,0.47461535681043693,0.20003572149952265,0.3253489216900404
691dcf9bf03c4a71c02b9344|lt|1,691dcf9bf03c4a71c02b9344,lt,1,12.0,0.0,lt_market,2,8.0,0.28162712636152254,0.47010313044258384,0.24826974319589382
691dcf9bf03c4a71c02b9344|lt|1,691dcf9bf03c4a71c02b9344,lt,1,12.0,0.0,lt_market,2,12.0,0.13812176635247986,0.725197244675915,0.1366809889716052
691dd5fab1ccbfaa2d6d085a|kw|1,691dd5fab1ccbfaa2d6d085a,kw,1,6.5,0.4583333333333333,kw_market,2,4.0,0.7109567691393482,0.1438766614557014,0.1451665694049503
691dd5fab1ccbfaa2d6d085a|kw|1,691dd5fab1ccbfaa2d6d085a,kw,1,6.5,0.4583333333333333,kw_market,2,6.0,0.7865873386490685,0.07254272782259659,0.14086993352833493
691dd5fab1ccbfaa2d6d085a|kw|1,691dd5fab1ccbfaa2d6d085a,kw,1,6.5,0.4583333333333333,kw_market,2,8.0,0.6267359714057945,0.22892037106876448,0.14434365752544095
691dd5fab1ccbfaa2d6d085a|kw|1,691dd5fab1ccbfaa2d6d085a,kw,1,6.5,0.4583333333333333,kw_market,2,12.0,0.41538405570604764,0.4772269972661056,0.10738894702784678
691df073ae5e6972d8f3983e|lt|0,691df073ae5e6972d8f3983e,lt,0,6.0,0.5,lt_control,4,4.0,0.6968665492495063,0.1911689023050412,0.11196454844545256
691df073ae5e6972d8f3983e|lt|0,691df073ae5e6972d8f3983e,lt,0,6.0,0.5,lt_control,4,6.0,0.7899277660422191,0.09875401929139141,0.11131821466638946
691df073ae5e6972d8f3983e|lt|0,691df073ae5e6972d8f3983e,lt,0,6.0,0.5,lt_control,4,8.0,0.5965315652298586,0.295361386949424,0.10810704782071744
691df073ae5e6972d8f3983e|lt|0,691df073ae5e6972d8f3983e,lt,0,6.0,0.5,lt_control,4,12.0,0.3622119022415662,0.5641029475043086,0.07368515025412525
691dfb0644251a1bff8b8fc0|lt|1,691dfb0644251a1bff8b8fc0,lt,1,12.0,0.0,lt_market,1,4.0,0.4217863885520073,0.08362403817848542,0.4945895732695073
691dfb0644251a1bff8b8fc0|lt|1,691dfb0644251a1bff8b8fc0,lt,1,12.0,0.0,lt_market,1,6.0,0.4719557437340868,0.042642202044685724,0.4854020542212275
691dfb0644251a1bff8b8fc0|lt|1,691dfb0644251a1bff8b8fc0,lt,1,12.0,0.0,lt_market,1,8.0,0.3730670680706269,0.13349904239715915,0.49343388953221384
691dfb0644251a1bff8b8fc0|lt|1,691dfb0644251a1bff8b8fc0,lt,1,12.0,0.0,lt_market,1,12.0,0.27698876136268313,0.3117659971355975,0.41124524150171937
691e33df8b5c61b54f6de0d5|lt|0,691e33df8b5c61b54f6de0d5,lt,0,6.0,0.5,lt_control,4,4.0,0.558660691924327,0.34065656275237055,0.10068274532330242
691e33df8b5c61b54f6de0d5|lt|0,691e33df8b5c61b54f6de0d5,lt,0,6.0,0.5,lt_control,4,6.0,0.6963986685899355,0.193520220348297,0.11008111106176757
691e33df8b5c61b54f6de0d5|lt|0,691e33df8b5c61b54f6de0d5,lt,0,6.0,0.5,lt_control,4,8.0,0.4340541290144629,0.47771095228569643,0.08823491869984058
691e33df8b5c61b54f6de0d5|lt|0,691e33df8b5c61b54f6de0d5,lt,0,6.0,0.5,lt_control,4,12.0,0.21322207286148814,0.7381231557018059,0.048654771436706115
691f7251736800a19a923c4d|lt|1,691f7251736800a19a923c4d,lt,1,6.0,0.5,lt_market,4,4.0,0.39745569921070323,0.520381976435742,0.08216232435355485
691f7251736800a19a923c4d|lt|1,691f7251736800a19a923c4d,lt,1,6.0,0.5,lt_market,4,6.0,0.5624350765876531,0.33558743207924396,0.10197749133310295
691f7251736800a19a923c4d|lt|1,691f7251736800a19a923c4d,lt,1,6.0,0.5,lt_market,4,8.0,0.27806412835852606,0.6570995126355871,0.06483635900588697
691f7251736800a19a923c4d|lt|1,691f7251736800a19a923c4d,lt,1,6.0,0.5,lt_market,4,12.0,0.11501264967933003,0.8548839233422206,0.030103426978449522
6926d10351d9647d730b84a8|kw|0,6926d10351d9647d730b84a8,kw,0,6.0,0.5,kw_control,4,4.0,0.6968665492495063,0.1911689023050412,0.11196454844545256
6926d10351d9647d730b84a8|kw|0,6926d10351d9647d730b84a8,kw,0,6.0,0.5,kw_control,4,6.0,0.7899277660422191,0.09875401929139141,0.11131821466638946
6926d10351d9647d730b84a8|kw|0,6926d10351d9647d730b84a8,kw,0,6.0,0.5,kw_control,4,8.0,0.5965315652298586,0.295361386949424,0.10810704782071744
6926d10351d9647d730b84a8|kw|0,6926d10351d9647d730b84a8,kw,0,6.0,0.5,kw_control,4,12.0,0.3622119022415662,0.5641029475043086,0.07368515025412525
692bcf3bae7933fd836c696d|kw|1,692bcf3bae7933fd836c696d,kw,1,4.5,0.625,kw_market,4,4.0,0.5586606919243268,0.34065656275237094,0.10068274532330232
692bcf3bae7933fd836c696d|kw|1,692bcf3bae7933fd836c696d,kw,1,4.5,0.625,kw_market,4,6.0,0.6963986685899353,0.1935202203482972,0.11008111106176753
692bcf3bae7933fd836c696d|kw|1,692bcf3bae7933fd836c696d,kw,1,4.5,0.625,kw_market,4,8.0,0.4340541290144626,0.4777109522856969,0.0882349186998405
692bcf3bae7933fd836c696d|kw|1,692bcf3bae7933fd836c696d,kw,1,4.5,0.625,kw_market,4,12.0,0.21322207286148784,0.738123155701806,0.04865477143670605
