subject_id,PROLIFIC_PID,source_study,game,Market,kw_dummy,treatment_cell,trial_order,actual_allocation_kept,actual_share_sent,actual_reason,actual_reason_category,actual_reason_category_num,b_S_vs_M,b_C_vs_M,n_substantive_hp,weight_M,weight_S,weight_C
control_kwlt::543e5938fdf99b73557f2136,543e5938fdf99b73557f2136,control_kwlt,kw,0,1,kw_control,2,6.0,0.5,It was fair,Moral,1,-0.6338459784526013,-0.08293100677771605,3,0.7964277519034667,0.17554450988327766,0.02802773821325554
control_kwlt::54f844c0fdf99b2bd032e149,54f844c0fdf99b2bd032e149,control_kwlt,kw,0,1,kw_control,1,6.0,0.5,"This is a windfall; neither of us has earned the money, so it is only fair that the funds be shared equally.",Moral,1,0.035492096109786445,-0.09620122299106279,4,0.7348240386038116,0.24112598057838544,0.024049980817803
control_kwlt::55999e94fdf99b37246adab5,55999e94fdf99b37246adab5,control_kwlt,kw,0,1,kw_control,2,6.0,0.5,i feel bad they got nothing plus its not my money so half seems fair,Moral,1,0.035492096109786445,-0.09620122299106279,4,0.7348240386038116,0.24112598057838544,0.024049980817803
control_kwlt::55e9aa1c735c45001043fbb6,55e9aa1c735c45001043fbb6,control_kwlt,kw,0,1,kw_control,1,8.0,0.3333333333333333,I thought 4 is good not 50% but not too bad,Moral,1,-0.6338459784526013,-0.08293100677771605,3,0.7964277519034667,0.17554450988327766,0.02802773821325554
control_kwlt::561f684fed6e5a000dc7e878,561f684fed6e5a000dc7e878,control_kwlt,kw,0,1,kw_control,1,7.0,0.4166666666666666,This is the only amount i can loan out.,Self-interest,3,1.6203285484162173,-0.047387732865296316,3,0.5357137745288646,0.4476675989661434,0.016618626504992032
control_kwlt::56610c81b018d100126e5da9,56610c81b018d100126e5da9,control_kwlt,kw,0,1,kw_control,2,6.0,0.5,I chose this option to be fair and equal with my partner.,Moral,1,0.09150295042799497,-0.07250595039042276,3,0.7288123664630296,0.24687778125082477,0.024309852286145676
control_kwlt::56a93b0a402025000bd62f17,56a93b0a402025000bd62f17,control_kwlt,kw,0,1,kw_control,1,12.0,0.0,I don't know the other person so don't feel beholden to give them any money,Self-interest,3,0.035492096109786445,-0.09620122299106279,4,0.7348240386038116,0.24112598057838544,0.024049980817803
control_kwlt::56c81007ba8e37000d7b211e,56c81007ba8e37000d7b211e,control_kwlt,kw,0,1,kw_control,2,9.5,0.2083333333333333,It feels fair to share,Moral,1,0.0354920961097864,-0.09620122299106279,4,0.7348240386038116,0.24112598057838544,0.024049980817803
control_kwlt::5731d20d5b8b0600107d1995,5731d20d5b8b0600107d1995,control_kwlt,kw,0,1,kw_control,1,8.0,0.3333333333333333,I do think it's fair they have something but I would like more,Self-interest,3,0.035492096109786445,-0.09620122299106279,4,0.7348240386038116,0.24112598057838544,0.024049980817803
control_kwlt::57a3de9ddcff7d0001c7d35a,57a3de9ddcff7d0001c7d35a,control_kwlt,kw,0,1,kw_control,2,6.0,0.5,"Both unfairly allocated money, best to make it equal",Moral,1,-0.6843279864440104,-0.11026260710346344,4,0.8013508869904555,0.17108433562849146,0.027564777381053
control_kwlt::57a78015454e5400015f57ec,57a78015454e5400015f57ec,control_kwlt,kw,0,1,kw_control,2,6.0,0.5,I believe that we should divide up our resources equally,Moral,1,-0.6843279864440104,-0.11026260710346344,4,0.8013508869904555,0.17108433562849146,0.027564777381053
control_kwlt::5815a5f000b325000184db51,5815a5f000b325000184db51,control_kwlt,kw,0,1,kw_control,2,8.0,0.3333333333333333,"Same as last time. It seems unfair if they get nothing, but I want the money for myself!",Self-interest,3,0.1316652888925463,-0.06926366648785251,3,0.7247105410046907,0.25111932744758747,0.024170131547721904
control_kwlt::58174d95a22f0f0001a3f0be,58174d95a22f0f0001a3f0be,control_kwlt,kw,0,1,kw_control,2,10.0,0.1666666666666666,"I didn't want to be greedy, so gave a small amount to the other participant as they had nothing",Moral,1,0.035492096109786445,-0.09620122299106279,4,0.7348240386038116,0.24112598057838544,0.024049980817803
control_kwlt::5841a2d39d65770001cebfa1,5841a2d39d65770001cebfa1,control_kwlt,kw,0,1,kw_control,2,8.0,0.3333333333333333,"I always do the right thing and for once decided to do slightly less then the right thing. I probably won't think about this again though, and its hypothetical.",Moral,1,0.035492096109786445,-0.09620122299106279,4,0.7348240386038116,0.24112598057838544,0.024049980817803
control_kwlt::589fc07f1521230001ebf494,589fc07f1521230001ebf494,control_kwlt,kw,0,1,kw_control,2,12.0,0.0,Same. I am here to make money so of course I want to maximize my income.,Self-interest,3,-0.10112948304054419,-0.05101403594573973,2,0.747285608713868,0.22682194287474444,0.02589244841138765
control_kwlt::58bd73414cdfd90001778323,58bd73414cdfd90001778323,control_kwlt,kw,0,1,kw_control,1,6.0,0.5,"it seemed a fair distribution for another participant, hopefully they will do the same",Moral,1,1.4001721134209464,-0.041899533733555525,2,0.5693224816765518,0.4127386565373724,0.01793886178607588
control_kwlt::58e4193733ae3700012735e5,58e4193733ae3700012735e5,control_kwlt,kw,0,1,kw_control,1,6.0,0.5,Because it's fair that we get the same each,Moral,1,-0.617179808388059,-0.058969390017264374,2,0.7944639375342607,0.17694258445463806,0.02859347801110124
control_kwlt::590a361371adfd000150e4c2,590a361371adfd000150e4c2,control_kwlt,kw,0,1,kw_control,1,6.0,0.5,because it's fair and i dont know the outcome so hedging my bets,Mutual Benefit / Cooperation,2,0.05569138459223965,0.7779644050161407,4,0.708407241482039,0.2360778812497956,0.05551487726816534
control_kwlt::5937fa89d3501e0001bc077b,5937fa89d3501e0001bc077b,control_kwlt,kw,0,1,kw_control,2,6.0,0.5,even it out,Moral,1,-0.10112948304054419,-0.05101403594573973,2,0.747285608713868,0.22682194287474444,0.02589244841138765
control_kwlt::5944e8d4d8d2690001d0a6fa,5944e8d4d8d2690001d0a6fa,control_kwlt,kw,0,1,kw_control,2,6.0,0.5,"I'm not greedy, we share equally",Moral,1,-0.03727782198302366,-0.025968623280514226,1,0.7406286617817986,0.23320402791426587,0.026167310303935487
control_kwlt::5953acc10dd7710001aec19e,5953acc10dd7710001aec19e,control_kwlt,kw,0,1,kw_control,2,6.5,0.4583333333333333,it was where the cursor stopped and it did not seem to want to go further,No clear justification,0,0.035492096109786445,-0.09620122299106279,4,0.7348240386038116,0.24112598057838544,0.024049980817803
control_kwlt::596ba5ec6956b40001c59bf4,596ba5ec6956b40001c59bf4,control_kwlt,kw,0,1,kw_control,2,9.0,0.25,I wanted to give them something and not leave them with nothing,Moral,1,-0.19474250282503003,-0.07816156922751266,3,0.7567179274067074,0.21755424288361602,0.02572782970967654
control_kwlt::5978828cae36d500016ca8b9,5978828cae36d500016ca8b9,control_kwlt,kw,0,1,kw_control,1,6.0,0.5,I wanted to be as fair as possible. I hope that others would make any decision that affected me in the same way.,Moral,1,0.035492096109786445,-0.09620122299106279,4,0.7348240386038116,0.24112598057838544,0.024049980817803
control_kwlt::5979d62b1fc28a000191759a,5979d62b1fc28a000191759a,control_kwlt,kw,0,1,kw_control,1,9.0,0.25,"Certain I won't get a bonus, as the structure of the study doesn't make it realistic, so picked random, odd amount.",No clear justification,0,0.19855988686252463,-0.044552228515932595,2,0.7174442778377254,0.25816406726181873,0.024391654900455986
control_kwlt::59930c0fb9269d00016ec252,59930c0fb9269d00016ec252,control_kwlt,kw,0,1,kw_control,1,6.0,0.5,i like to be fair,Moral,1,0.6042554469183791,-0.07274063385008926,3,0.673915535233119,0.30449337349279704,0.021591091274083905
control_kwlt::599dacb43c7d1a0001deef97,599dacb43c7d1a0001deef97,control_kwlt,kw,0,1,kw_control,2,6.0,0.5,fairness.,Moral,1,0.09150295042799497,-0.07250595039042276,3,0.7288123664630296,0.24687778125082477,0.024309852286145676
control_kwlt::59d264e2faf42e00012b6cba,59d264e2faf42e00012b6cba,control_kwlt,kw,0,1,kw_control,1,6.0,0.5,"I thought a 50/50 split was fair, it gave us equal amounts. Even though the participant is unknown to me, I imagined how I would feel to be in their position and how I would think it was fair to split it 50/50. I did not want to be selfish.",Moral,1,0.19855988686252463,-0.044552228515932595,2,0.7174442778377254,0.25816406726181873,0.024391654900455986
control_kwlt::59d37a45f7b7a00001198315,59d37a45f7b7a00001198315,control_kwlt,kw,0,1,kw_control,2,6.0,0.5,its fair,Moral,1,-0.6843279864440104,-0.11026260710346344,4,0.8013508869904555,0.17108433562849146,0.027564777381053
control_kwlt::59dc80b77f3d71000171d3c8,59dc80b77f3d71000171d3c8,control_kwlt,kw,0,1,kw_control,1,6.0,0.5,"It seems the most fair to me - neither I nor the other party did anything to make me think we don't deserve equal shares (as far as I know, at least)",Moral,1,0.7234804667959527,-0.08303830320225501,4,0.6601106837385211,0.31913021086148324,0.02075910539999561
control_kwlt::59dc8c1b24d7bf00012f099f,59dc8c1b24d7bf00012f099f,control_kwlt,kw,0,1,kw_control,1,6.0,0.5,i thought it was best to split the money,Moral,1,-0.6553061082647963,-0.08672159303610953,3,0.7983568938432501,0.17360022704942335,0.02804287910732649
control_kwlt::59e60f9a3e4b5a00016aa0cd,59e60f9a3e4b5a00016aa0cd,control_kwlt,kw,0,1,kw_control,2,0.0,1.0,"I would have no hesitation in paying for regular help and support with day to day essentials such as shopping, support in the home, and attending essential medical needs.",No clear justification,0,-0.5842104289318815,-0.03304872731938094,1,0.7910290791819482,0.17983991364527635,0.02913100717277548
control_kwlt::59e8502b7f3d71000171df0a,59e8502b7f3d71000171df0a,control_kwlt,kw,0,1,kw_control,2,6.0,0.5,I thought it was only fair to share evenly.,Moral,1,0.19855988686252463,-0.044552228515932595,2,0.7174442778377254,0.25816406726181873,0.024391654900455986
control_kwlt::59e9d2c6c0d35a0001295448,59e9d2c6c0d35a0001295448,control_kwlt,kw,0,1,kw_control,2,6.0,0.5,To split the money equally,Moral,1,0.035492096109786445,-0.09620122299106279,4,0.7348240386038116,0.24112598057838544,0.024049980817803
control_kwlt::59edc2c816ecc200016ff9cc,59edc2c816ecc200016ff9cc,control_kwlt,kw,0,1,kw_control,1,8.0,0.3333333333333333,I feel that it would be fair to give the other participant a little bit of money. If I didn't I would feel quite guilty. I was quite tempted to take all the money but I thought I should share some of it.,Moral,1,-0.6843279864440104,-0.11026260710346344,4,0.8013508869904555,0.17108433562849146,0.027564777381053
control_kwlt::59fd4a71f5b5a3000139379c,59fd4a71f5b5a3000139379c,control_kwlt,kw,0,1,kw_control,2,6.0,0.5,I decided that we would both get half of the reward,Moral,1,0.1316652888925463,-0.06926366648785251,3,0.7247105410046907,0.25111932744758747,0.024170131547721904
control_kwlt::5a00e6da120fb300019480b3,5a00e6da120fb300019480b3,control_kwlt,kw,0,1,kw_control,1,6.0,0.5,SHARING IS A GOOD THING,Moral,1,0.1316652888925463,-0.06926366648785251,3,0.7247105410046907,0.25111932744758747,0.024170131547721904
control_kwlt::5a4e26a8f4c9dc0001b7a1b5,5a4e26a8f4c9dc0001b7a1b5,control_kwlt,kw,0,1,kw_control,1,8.0,0.3333333333333333,I have decided to transfer a portion as it was allocated to me for a reason and im giving a token amount. It would be selfish to keep it all,Moral,1,0.8904282887081608,-0.05758032756318518,3,0.6392746284443539,0.340326294247655,0.020399077307991058
control_kwlt::5a6f51ec46f0230001ce445f,5a6f51ec46f0230001ce445f,control_kwlt,kw,0,1,kw_control,1,6.0,0.5,It is the fair amount,Moral,1,-0.1408640495161301,-0.05411734619990676,2,0.7511431125319626,0.22282099075970763,0.026035896708329672
control_kwlt::5a7c5a98eea3d300016e1d1e,5a7c5a98eea3d300016e1d1e,control_kwlt,kw,0,1,kw_control,2,6.0,0.5,sharing fairly,Moral,1,-0.6636735400568929,0.7499339763842658,4,0.7715572501077551,0.16592244856587485,0.06252030132636997
control_kwlt::5a8e54c9f49c9a0001f3dc3f,5a8e54c9f49c9a0001f3dc3f,control_kwlt,kw,0,1,kw_control,1,6.0,0.5,I just think it is most fair to transfer half to them. This is unexpected money for me so I won't miss the six dollars I'm giving them.,Moral,1,0.035492096109786445,-0.09620122299106279,4,0.7348240386038116,0.24112598057838544,0.024049980817803
control_kwlt::5a9a24ccb5e2110001c6c391,5a9a24ccb5e2110001c6c391,control_kwlt,kw,0,1,kw_control,2,7.0,0.4166666666666666,"Because they started with nothing, but would have a decent allocation of my money.",Moral,1,-0.6843279864440104,-0.11026260710346344,4,0.8013508869904555,0.17108433562849146,0.027564777381053
control_kwlt::5acb4bac9534ba0001c780aa,5acb4bac9534ba0001c780aa,control_kwlt,kw,0,1,kw_control,2,10.0,0.1666666666666666,I wanted to keep the majority for myself,Self-interest,3,-0.6843279864440104,-0.11026260710346344,4,0.8013508869904555,0.17108433562849146,0.027564777381053
control_kwlt::5acc2d21436f550001003111,5acc2d21436f550001003111,control_kwlt,kw,0,1,kw_control,2,6.0,0.5,to make it even,Moral,1,0.06486492582816115,-0.0730557820495936,3,0.7314833179809022,0.24407625304855812,0.02444042897053967
control_kwlt::5ad9b1111771b700010a0f1a,5ad9b1111771b700010a0f1a,control_kwlt,kw,0,1,kw_control,1,6.0,0.5,I think it's the most fair decision to split the allocation in half,Moral,1,-0.6843279864440104,-0.11026260710346344,4,0.8013508869904555,0.17108433562849146,0.027564777381053
control_kwlt::5aed87e375deca0001627011,5aed87e375deca0001627011,control_kwlt,kw,0,1,kw_control,1,8.5,0.2916666666666666,"I did not want to give them more than the 3.5 allocation as I don't know who the other person is or how they will use the funds, I would prefer to keep more for myself",Self-interest,3,0.035492096109786445,-0.09620122299106279,4,0.7348240386038116,0.24112598057838544,0.024049980817803
control_kwlt::5af15fc9e1b5b8000148a99d,5af15fc9e1b5b8000148a99d,control_kwlt,kw,0,1,kw_control,1,6.0,0.5,"just the fairest way, i see the good in everyone and hoping most people think like myself and share it equally",Moral,1,0.05569138459223965,0.7779644050161401,4,0.7084072414820392,0.2360778812497956,0.0555148772681653
control_kwlt::5af36fff59229a0001d1bd6a,5af36fff59229a0001d1bd6a,control_kwlt,kw,0,1,kw_control,1,10.0,0.1666666666666666,My funds are lower than usual and $10 would buy a couple necessities so I only shared what I felt I could. I can get what I need on $10 and the extra $2 would be better than nothing for the receiver.,Self-interest,3,0.7234804667959527,-0.08303830320225501,4,0.6601106837385211,0.31913021086148324,0.02075910539999561
control_kwlt::5af4579eb625f70001e0cfad,5af4579eb625f70001e0cfad,control_kwlt,kw,0,1,kw_control,1,6.0,0.5,It's the fastest way to do it,No clear justification,0,0.09150295042799497,-0.07250595039042276,3,0.7288123664630296,0.24687778125082477,0.024309852286145676
control_kwlt::5afd6d5b56fe2c0001690178,5afd6d5b56fe2c0001690178,control_kwlt,kw,0,1,kw_control,1,6.0,0.5,Kinder to spilt between us.,Moral,1,0.035492096109786445,-0.09620122299106279,4,0.7348240386038116,0.24112598057838544,0.024049980817803
control_kwlt::5b0d39f4641b1200010ef716,5b0d39f4641b1200010ef716,control_kwlt,kw,0,1,kw_control,1,6.0,0.5,"It seems the fairest allocation, we each get the same amount",Moral,1,0.6042554469183791,-0.07274063385008926,3,0.673915535233119,0.30449337349279704,0.021591091274083905
control_kwlt::5b2405d534ffd00001b41156,5b2405d534ffd00001b41156,control_kwlt,kw,0,1,kw_control,1,6.0,0.5,Because we are both prolific participants to should be divided equally,Moral,1,-0.19474250282503003,-0.07816156922751266,3,0.7567179274067074,0.21755424288361602,0.02572782970967654
control_kwlt::5b5523d6d8348500012cfccf,5b5523d6d8348500012cfccf,control_kwlt,kw,0,1,kw_control,2,6.0,0.5,I think it would be fairer for both of us,Moral,1,0.06486492582816115,-0.0730557820495936,3,0.7314833179809022,0.24407625304855812,0.02444042897053967
control_kwlt::5b60d0396187040001b252f6,5b60d0396187040001b252f6,control_kwlt,kw,0,1,kw_control,2,6.0,0.5,Because it seems fair.,Moral,1,-0.6843279864440104,-0.11026260710346344,4,0.8013508869904555,0.17108433562849146,0.027564777381053
control_kwlt::5b60ddcc6b25590001782ce4,5b60ddcc6b25590001782ce4,control_kwlt,kw,0,1,kw_control,2,12.0,0.0,"I believe if they have 0 dollars, they have every incentive to take away all of my 12 dollars. So, I will be taking none so they might have a chance.",Self-interest,3,-0.6019348164365413,-0.05817519015683462,2,0.7931267787554512,0.17834397085079468,0.028529250393754042
control_kwlt::5b646a727c39ee00010a18b0,5b646a727c39ee00010a18b0,control_kwlt,kw,0,1,kw_control,2,6.0,0.5,,No clear justification,0,-0.18857858658312887,0.8159446417884472,3,0.7288992627058608,0.21053110997781643,0.06056962731632285
control_kwlt::5b7535d184850400011a07b8,5b7535d184850400011a07b8,control_kwlt,kw,0,1,kw_control,1,6.0,0.5,I wanted to share my money equally,Moral,1,0.035492096109786445,-0.09620122299106279,4,0.7348240386038116,0.24112598057838544,0.024049980817803
control_kwlt::5b75ac687dc4b00001af4e50,5b75ac687dc4b00001af4e50,control_kwlt,kw,0,1,kw_control,2,6.0,0.5,Again its the fairest split both receiving exactly the same,Moral,1,0.1316652888925463,-0.06926366648785251,3,0.7247105410046907,0.25111932744758747,0.024170131547721904
control_kwlt::5b91755520257e0001ab1a0b,5b91755520257e0001ab1a0b,control_kwlt,kw,0,1,kw_control,1,10.0,0.1666666666666666,don't like sharing,Self-interest,3,0.824371120853678,-0.05974762368425644,3,0.6475290386846746,0.3317661475520867,0.020704813763238718
control_kwlt::5bad656fb4bc6e0001c1709e,5bad656fb4bc6e0001c1709e,control_kwlt,kw,0,1,kw_control,1,6.0,0.5,I think sharing equally is a fair thing to do,Moral,1,0.035492096109786445,-0.09620122299106279,4,0.7348240386038116,0.24112598057838544,0.024049980817803
control_kwlt::5bbdea3d8f3bd70001e77572,5bbdea3d8f3bd70001e77572,control_kwlt,kw,0,1,kw_control,2,11.0,0.0833333333333333,To leave them some money but it is not my job to pay for them,Self-interest,3,-0.6126859037123781,0.806870997165357,3,0.7647913599311965,0.16989751888954802,0.06531112117925553
control_kwlt::5bdabcdaf43c390001f438e4,5bdabcdaf43c390001f438e4,control_kwlt,kw,0,1,kw_control,2,7.0,0.4166666666666666,It is a good number to share,Moral,1,0.8904282887081608,-0.05758032756318518,3,0.6392746284443539,0.340326294247655,0.020399077307991058
control_kwlt::5c14e1972b16ba0001c94560,5c14e1972b16ba0001c94560,control_kwlt,kw,0,1,kw_control,1,6.0,0.5,This is half each and fair.,Moral,1,0.0354920961097864,-0.09620122299106279,4,0.7348240386038116,0.24112598057838544,0.024049980817803
control_kwlt::5c2fd16fda51990001e49de9,5c2fd16fda51990001e49de9,control_kwlt,kw,0,1,kw_control,2,6.0,0.5,Again this seems the fairest option.,Moral,1,0.035492096109786445,-0.09620122299106279,4,0.7348240386038116,0.24112598057838544,0.024049980817803
control_kwlt::5c31870d8a20f50001ea9dfa,5c31870d8a20f50001ea9dfa,control_kwlt,kw,0,1,kw_control,1,6.0,0.5,"We both have equal odds of being selected to receive a bonus, and I would like to give them an equal chance of getting money.",Moral,1,0.035492096109786445,-0.09620122299106279,4,0.7348240386038116,0.24112598057838544,0.024049980817803
control_kwlt::5c42f9388bb6fd000163d1b4,5c42f9388bb6fd000163d1b4,control_kwlt,kw,0,1,kw_control,1,12.0,0.0,"I chose this amount because I do not know the other participant, and why should I randomly give a stranger money when I need it?",Self-interest,3,0.08589520326674234,0.8274934093342162,3,0.7035431156543198,0.23866466173770026,0.057792222607979934
control_kwlt::5c446608f8b8560001e7c54c,5c446608f8b8560001e7c54c,control_kwlt,kw,0,1,kw_control,1,12.0,0.0,Best idea,No clear justification,0,-0.03727782198302366,-0.025968623280514226,1,0.7406286617817986,0.23320402791426587,0.026167310303935487
control_kwlt::5c44a3c7d511190001151268,5c44a3c7d511190001151268,control_kwlt,kw,0,1,kw_control,2,7.5,0.375,"I don't want the other person to have nothing, but I'd like to keep some for myself",Self-interest,3,0.8243711208536781,-0.059747623684256436,3,0.6475290386846746,0.3317661475520867,0.020704813763238718
control_kwlt::5c4cdcb14cb4630001ec4955,5c4cdcb14cb4630001ec4955,control_kwlt,kw,0,1,kw_control,2,6.0,0.5,Again I belive in being fair minded.,Moral,1,0.035492096109786354,-0.09620122299106279,4,0.7348240386038116,0.24112598057838544,0.024049980817803
control_kwlt::5c5099e98ac59200014d0c2c,5c5099e98ac59200014d0c2c,control_kwlt,kw,0,1,kw_control,2,8.0,0.3333333333333333,"It seems that I am still giving the other player some money, but it seems that I am still gaining something out of the interaction.",Self-interest,3,-0.6843279864440104,-0.11026260710346344,4,0.8013508869904555,0.17108433562849146,0.027564777381053
control_kwlt::5c55dfdcb419770001c0e8eb,5c55dfdcb419770001c0e8eb,control_kwlt,kw,0,1,kw_control,2,6.0,0.5,I wanted to make it fair and equal,Moral,1,0.7234804667959527,-0.08303830320225501,4,0.6601106837385211,0.31913021086148324,0.02075910539999561
control_kwlt::5c55faafb571e7000119e576,5c55faafb571e7000119e576,control_kwlt,kw,0,1,kw_control,2,6.0,0.5,I thought it was best to do the most fair thing which is to split the bonus equally,Moral,1,0.035492096109786445,-0.09620122299106279,4,0.7348240386038116,0.24112598057838544,0.024049980817803
control_kwlt::5c561712f9120f0001d29c4d,5c561712f9120f0001d29c4d,control_kwlt,kw,0,1,kw_control,1,7.0,0.4166666666666666,I chose to transfer 5 because it felt like a fair compromise between self-interest and generosity,Moral,1,0.035492096109786445,-0.09620122299106279,4,0.7348240386038116,0.24112598057838544,0.024049980817803
control_kwlt::5c59836a192d350001d5afbd,5c59836a192d350001d5afbd,control_kwlt,kw,0,1,kw_control,1,10.0,0.1666666666666666,"I do not feel it is fare to offer the other participant nothing, so believed I should give them something. I then thought how they may respond if the situation was the other way around and I think most people would probably not allocate anything.",Moral,1,0.09150295042799497,-0.07250595039042276,3,0.7288123664630296,0.24687778125082477,0.024309852286145676
control_kwlt::5c65b3d45416680001bed9fa,5c65b3d45416680001bed9fa,control_kwlt,kw,0,1,kw_control,1,6.0,0.5,To share the wealth. That's all.,Moral,1,-0.06807469201004503,-0.026179810674385202,1,0.7436141316380389,0.23004848384176463,0.02633738452019649
control_kwlt::5c66e7af348487000178de1f,5c66e7af348487000178de1f,control_kwlt,kw,0,1,kw_control,2,6.0,0.5,to keep compensation for the study fair,Moral,1,-0.6337274912712799,0.7991394542297353,3,0.7668377549379678,0.1680635813897194,0.06509866367231279
control_kwlt::5c674a8f58b97400013b2b34,5c674a8f58b97400013b2b34,control_kwlt,kw,0,1,kw_control,2,6.0,0.5,"Once again, sharing is caring",Moral,1,-0.6843279864440104,-0.11026260710346344,4,0.8013508869904555,0.17108433562849146,0.027564777381053
control_kwlt::5c707aa503f85b0001af8c7b,5c707aa503f85b0001af8c7b,control_kwlt,kw,0,1,kw_control,1,6.0,0.5,I feel like I should share equally,Moral,1,0.7234804667959527,-0.08303830320225501,4,0.6601106837385211,0.31913021086148324,0.02075910539999561
control_kwlt::5c7288f41384ee000111604a,5c7288f41384ee000111604a,control_kwlt,kw,0,1,kw_control,2,6.0,0.5,because it makes it fair,Moral,1,0.742687966460586,0.8052292772625548,4,0.6369705829390352,0.31432961085690836,0.04869980620405645
control_kwlt::5c730ca1f674750001df8d09,5c730ca1f674750001df8d09,control_kwlt,kw,0,1,kw_control,1,6.0,0.5,"I try to put myself in the other person's situation. We all want to earn some money, it's only fair to be equal",Moral,1,0.035492096109786445,-0.09620122299106279,4,0.7348240386038116,0.24112598057838544,0.024049980817803
control_kwlt::5c765990f33ac60016b7b2a1,5c765990f33ac60016b7b2a1,control_kwlt,kw,0,1,kw_control,1,6.0,0.5,I feel that going halves is the moral and best thing to do,Moral,1,0.035492096109786445,-0.09620122299106279,4,0.7348240386038116,0.24112598057838544,0.024049980817803
control_kwlt::5c7700692ceba0001668a988,5c7700692ceba0001668a988,control_kwlt,kw,0,1,kw_control,1,6.0,0.5,We were matched as a pair so it seems we should be equal participants and split the allocation,Moral,1,0.035492096109786445,-0.09620122299106279,4,0.7348240386038116,0.24112598057838544,0.024049980817803
control_kwlt::5c7fb5f2e87c1c00168a7de3,5c7fb5f2e87c1c00168a7de3,control_kwlt,kw,0,1,kw_control,1,6.0,0.5,"whenever faced with a decision in a survey where i have no clue what it wants from me, i always go for the middle option",No clear justification,0,0.06486492582816115,-0.0730557820495936,3,0.7314833179809022,0.24407625304855812,0.02444042897053967
control_kwlt::5c8406438d2bbf0017e4a416,5c8406438d2bbf0017e4a416,control_kwlt,kw,0,1,kw_control,1,6.0,0.5,Its fair to provide half the amount to the other participant,Moral,1,0.1316652888925463,-0.06926366648785251,3,0.7247105410046907,0.25111932744758747,0.024170131547721904
control_kwlt::5c85423f39b9760017938311,5c85423f39b9760017938311,control_kwlt,kw,0,1,kw_control,1,6.0,0.5,It’s just fair really,Moral,1,0.13166528889254636,-0.06926366648785251,3,0.7247105410046907,0.25111932744758747,0.024170131547721904
control_kwlt::5ca345b1506fca0016b358bb,5ca345b1506fca0016b358bb,control_kwlt,kw,0,1,kw_control,2,6.0,0.5,It seems fair that we both have the same amount.,Moral,1,-0.6843279864440104,-0.11026260710346344,4,0.8013508869904555,0.17108433562849146,0.027564777381053
control_kwlt::5ca6bbf13b5fcf00100996e9,5ca6bbf13b5fcf00100996e9,control_kwlt,kw,0,1,kw_control,2,12.0,0.0,in the hopes of getting more bonus money,Mutual Benefit / Cooperation,2,0.035492096109786445,-0.09620122299106279,4,0.7348240386038116,0.24112598057838544,0.024049980817803
control_kwlt::5ca73fe6bcdcc2001291822d,5ca73fe6bcdcc2001291822d,control_kwlt,kw,0,1,kw_control,1,6.0,0.5,its the fairest option,Moral,1,-0.6636735400568929,0.749933976384266,4,0.7715572501077551,0.16592244856587485,0.06252030132636997
control_kwlt::5cb882d33f0af9000159e00f,5cb882d33f0af9000159e00f,control_kwlt,kw,0,1,kw_control,1,12.0,0.0,"I need this money. I use all of my prolific money for dog food, dog treats, cat food and cat treats for my pets.",Self-interest,3,1.0240617117815143,-0.033987127247678085,2,0.6217549672957006,0.3580954952194272,0.020149537484872346
control_kwlt::5cc1663d56214200010e1ca6,5cc1663d56214200010e1ca6,control_kwlt,kw,0,1,kw_control,1,6.0,0.5,"I chose to transfer 6 as this made it fair, we both have equal amounts.",Moral,1,0.035492096109786445,-0.09620122299106279,4,0.7348240386038116,0.24112598057838544,0.024049980817803
control_kwlt::5cc39aa64d7a7f0001817c43,5cc39aa64d7a7f0001817c43,control_kwlt,kw,0,1,kw_control,1,6.0,0.5,Because it's the most equal and fair way to split it. I feel awful if I don't behave fairly.,Moral,1,0.035492096109786445,-0.09620122299106279,4,0.7348240386038116,0.24112598057838544,0.024049980817803
control_kwlt::5cc7f52f4bb96d00018a979f,5cc7f52f4bb96d00018a979f,control_kwlt,kw,0,1,kw_control,1,6.0,0.5,its only fair that they have half of the money,Moral,1,0.035492096109786445,-0.09620122299106279,4,0.7348240386038116,0.24112598057838544,0.024049980817803
control_kwlt::5ccdc8af8866b10015fff794,5ccdc8af8866b10015fff794,control_kwlt,kw,0,1,kw_control,2,8.0,0.3333333333333333,"I don't think it is fair for me to keep all the money when the other person has nothing, however I have to think carefully about my own situation and what I need to do for myself.",Self-interest,3,0.035492096109786445,-0.09620122299106279,4,0.7348240386038116,0.24112598057838544,0.024049980817803
control_kwlt::5cd6f56d4a405a001747f8bc,5cd6f56d4a405a001747f8bc,control_kwlt,kw,0,1,kw_control,1,12.0,0.0,I don't believe that the other participant genuinely exists...,Self-interest,3,-0.6843279864440104,-0.11026260710346344,4,0.8013508869904555,0.17108433562849146,0.027564777381053
control_kwlt::5cd9cdd636e33f00194cb6d6,5cd9cdd636e33f00194cb6d6,control_kwlt,kw,0,1,kw_control,1,11.0,0.0833333333333333,"Because times are tough and although everyone is struggling, I am too so need most of the funds",Self-interest,3,-0.19474250282503003,-0.07816156922751266,3,0.7567179274067074,0.21755424288361602,0.02572782970967654
control_kwlt::5cf8318919f4a3001a24221e,5cf8318919f4a3001a24221e,control_kwlt,kw,0,1,kw_control,1,6.0,0.5,I split it evenly because it is the fairest. We are both doing the same amount of work by taking this survey.,Moral,1,-0.6843279864440104,-0.11026260710346344,4,0.8013508869904555,0.17108433562849146,0.027564777381053
control_kwlt::5cf8e0107d0e5c00166bc2db,5cf8e0107d0e5c00166bc2db,control_kwlt,kw,0,1,kw_control,2,12.0,0.0,Because I have no idea who they are and don't feel the need to donate to them. I would rather keep it and if I was to donate donate it to charities I care about,Self-interest,3,-0.19474250282503003,-0.07816156922751266,3,0.7567179274067074,0.21755424288361602,0.02572782970967654
control_kwlt::5d0dd940312297000137d2a7,5d0dd940312297000137d2a7,control_kwlt,kw,0,1,kw_control,2,11.5,0.0416666666666666,"I am currently in a dangerous situation, having everything stolen or destroyed. My health is variable, and I don't know day to day what will happen. I used to help others more, but since the other participant has 0, I felt it would be kind to offer funds, even though I need them more. I truly need the bonus. Thank you.",Moral,1,0.035492096109786445,-0.09620122299106279,4,0.7348240386038116,0.24112598057838544,0.024049980817803
control_kwlt::5d14f846fdfbed0001af2673,5d14f846fdfbed0001af2673,control_kwlt,kw,0,1,kw_control,1,6.0,0.5,I believe by splitting the allocation this way it benefits everyone as I receive half the allocation and they receive the other half. This way everyone gets something from the allocation and it is done equally meaning I wont feel guilty for taking more.,Moral,1,0.035492096109786445,-0.09620122299106279,4,0.7348240386038116,0.24112598057838544,0.024049980817803
control_kwlt::5d192384c1e685001a907257,5d192384c1e685001a907257,control_kwlt,kw,0,1,kw_control,1,6.0,0.5,It is only fair that 2 equal people get equal amounts,Moral,1,-0.5842104289318815,-0.03304872731938094,1,0.7910290791819482,0.17983991364527635,0.02913100717277548
control_kwlt::5d1b88dd6fb351001b70ae41,5d1b88dd6fb351001b70ae41,control_kwlt,kw,0,1,kw_control,2,6.0,0.5,I think it's more fair and balanced,Moral,1,-0.19474250282503003,-0.07816156922751266,3,0.7567179274067074,0.21755424288361602,0.02572782970967654
control_kwlt::5d220904ce856a00189aed31,5d220904ce856a00189aed31,control_kwlt,kw,0,1,kw_control,1,6.0,0.5,"I felt that an even split was fair for both participants, as the allocation seemed random.",Moral,1,-0.1408640495161301,-0.05411734619990676,2,0.7511431125319626,0.22282099075970763,0.026035896708329672
control_kwlt::5d47abcc2dc88900166f27c9,5d47abcc2dc88900166f27c9,control_kwlt,kw,0,1,kw_control,2,6.0,0.5,"Again, I want to share the money equally. I did not earn this money it was allocated to me and I would like to share it with the other person right down the middle. I also hope they would do the same for me if they were in my shoes",Moral,1,0.035492096109786445,-0.09620122299106279,4,0.7348240386038116,0.24112598057838544,0.024049980817803
control_kwlt::5d55531c78036a00010362b8,5d55531c78036a00010362b8,control_kwlt,kw,0,1,kw_control,2,8.0,0.3333333333333333,Don't want to take money off the other person. Also don't want to give them a large amount,Moral,1,-0.6843279864440104,-0.11026260710346344,4,0.8013508869904555,0.17108433562849146,0.027564777381053
control_kwlt::5d603280c8d0350018a3eacf,5d603280c8d0350018a3eacf,control_kwlt,kw,0,1,kw_control,2,8.0,0.3333333333333333,"I chose this allocation because I wanted to share some of what I was given so that the other person also receives a meaningful amount, while still keeping a reasonable share for myself. It felt like a fair compromise between keeping everything and giving away most of it",Moral,1,0.035492096109786445,-0.09620122299106279,4,0.7348240386038116,0.24112598057838544,0.024049980817803
control_kwlt::5d648fb785633f0019b04570,5d648fb785633f0019b04570,control_kwlt,kw,0,1,kw_control,2,6.0,0.5,"For the same reason as the other task, this is the most fair.",Moral,1,0.035492096109786445,-0.09620122299106279,4,0.7348240386038116,0.24112598057838544,0.024049980817803
control_kwlt::5d67a2bf6cd320001a36cb6b,5d67a2bf6cd320001a36cb6b,control_kwlt,kw,0,1,kw_control,1,6.0,0.5,"Sharing is fair, builds trust and can lead to other rewards",Mutual Benefit / Cooperation,2,0.035492096109786445,-0.09620122299106279,4,0.7348240386038116,0.24112598057838544,0.024049980817803
control_kwlt::5d6c10948cb0f70017b1f7a4,5d6c10948cb0f70017b1f7a4,control_kwlt,kw,0,1,kw_control,1,6.0,0.5,"I wanted to be as fair as possible, and it's what I would hope someone would do for me if I had $0, they had $12, and they had the opportunity to choose how to allocate it.",Moral,1,0.09150295042799497,-0.07250595039042276,3,0.7288123664630296,0.24687778125082477,0.024309852286145676
control_kwlt::5d6d4596d01d750001a7c464,5d6d4596d01d750001a7c464,control_kwlt,kw,0,1,kw_control,1,6.0,0.5,I decided to split the money equally as this felt like the fairest option,Moral,1,0.0925756866388579,1.551576562882978,4,0.6610429997664158,0.22685579605509665,0.11210120417848755
control_kwlt::5d734121d169f0001706ef8f,5d734121d169f0001706ef8f,control_kwlt,kw,0,1,kw_control,1,6.0,0.5,"I like to be giving when possible. it is an important value for our species. also, i'm broke so i want some of the money.",Moral,1,-0.19474250282503003,-0.07816156922751266,3,0.7567179274067074,0.21755424288361602,0.02572782970967654
control_kwlt::5d8154a847a45600189e8f35,5d8154a847a45600189e8f35,control_kwlt,kw,0,1,kw_control,2,12.0,0.0,"Again, no reason to give them money!",Self-interest,3,0.0354920961097864,-0.09620122299106279,4,0.7348240386038116,0.24112598057838544,0.024049980817803
control_kwlt::5d959376884ef500196d458e,5d959376884ef500196d458e,control_kwlt,kw,0,1,kw_control,1,6.0,0.5,We both put in the same amount of effort and should both be rewarded equally,Moral,1,0.824371120853678,-0.05974762368425644,3,0.6475290386846746,0.3317661475520867,0.020704813763238718
control_kwlt::5da9fec949bab300155afb7f,5da9fec949bab300155afb7f,control_kwlt,kw,0,1,kw_control,1,6.0,0.5,its only fair to splt half,Moral,1,-0.617179808388059,-0.058969390017264374,2,0.7944639375342607,0.17694258445463806,0.02859347801110124
control_kwlt::5db1b2202b45640009cfcb36,5db1b2202b45640009cfcb36,control_kwlt,kw,0,1,kw_control,1,6.0,0.5,It feels like a fair amount,Moral,1,0.09150295042799497,-0.07250595039042276,3,0.7288123664630296,0.24687778125082477,0.024309852286145676
control_kwlt::5db8a680ba06ed000f3874f3,5db8a680ba06ed000f3874f3,control_kwlt,kw,0,1,kw_control,1,6.0,0.5,"I think it is only fair, and would like the other person to make the same decision as me. We have not had to do anything to 'earn' the money and are both fully aware of the nature of the money split. I like to be a fair person and think this split is reflective of that.",Moral,1,-0.19474250282503003,-0.07816156922751266,3,0.7567179274067074,0.21755424288361602,0.02572782970967654
control_kwlt::5dbf2635e2fafc3c507f5e06,5dbf2635e2fafc3c507f5e06,control_kwlt,kw,0,1,kw_control,1,9.0,0.25,"I would quite like to keep the whole $12 if I'm honest, but I feel bad!",Moral,1,-0.6843279864440104,-0.11026260710346344,4,0.8013508869904555,0.17108433562849146,0.027564777381053
control_kwlt::5dc474fd45b8f933f16d6241,5dc474fd45b8f933f16d6241,control_kwlt,kw,0,1,kw_control,1,12.0,0.0,"I honestly feel like there is no other participant, so I will keep it to myself.",Self-interest,3,0.16665506126753962,-0.04500815210797405,2,0.7207150901732671,0.25472888575707325,0.024556024069659697
control_kwlt::5dceca2541afe801a32e27ac,5dceca2541afe801a32e27ac,control_kwlt,kw,0,1,kw_control,1,6.0,0.5,I had nothing to begin with so I believe it is only fair to share equally what I have gained in hopes that the other participant would do the same for me.,Moral,1,0.035492096109786354,-0.09620122299106279,4,0.7348240386038116,0.24112598057838544,0.024049980817803
control_kwlt::5dcfa99efd5b280bce1b835d,5dcfa99efd5b280bce1b835d,control_kwlt,kw,0,1,kw_control,2,6.0,0.5,So we have the same amount each. I think that's fair,Moral,1,1.3680772425028895,-0.07046938230215999,4,0.5743978953568137,0.4079858552181117,0.017616249425074573
control_kwlt::5dd3e852b988873c617cd21a,5dd3e852b988873c617cd21a,control_kwlt,kw,0,1,kw_control,1,6.0,0.5,I feel this is the fairest way to share the money and I would hope he or she would do the same and send me $6 if our rolls were reversed.,Moral,1,0.035492096109786445,-0.09620122299106279,4,0.7348240386038116,0.24112598057838544,0.024049980817803
control_kwlt::5dd5e27fe25acf59990e1adf,5dd5e27fe25acf59990e1adf,control_kwlt,kw,0,1,kw_control,1,6.0,0.5,I wanted to be fair with the other participant,Moral,1,0.035492096109786445,-0.09620122299106279,4,0.7348240386038116,0.24112598057838544,0.024049980817803
control_kwlt::5dd7f591ad0a617838322129,5dd7f591ad0a617838322129,control_kwlt,kw,0,1,kw_control,2,6.0,0.5,It's the fairest option,Moral,1,-0.6636735400568929,0.7499339763842658,4,0.7715572501077551,0.16592244856587485,0.06252030132636997
control_kwlt::5ddc4bd4238a91ba3d9af93c,5ddc4bd4238a91ba3d9af93c,control_kwlt,kw,0,1,kw_control,2,6.0,0.5,This is the fairest option. We both get the same money.,Moral,1,-0.6843279864440104,-0.11026260710346344,4,0.8013508869904555,0.17108433562849146,0.027564777381053
control_kwlt::5dded0203c4937e47e77220e,5dded0203c4937e47e77220e,control_kwlt,kw,0,1,kw_control,2,6.0,0.5,Equal share,Moral,1,-0.6338459784526013,-0.08293100677771605,3,0.7964277519034667,0.17554450988327766,0.02802773821325554
control_kwlt::5de2b0cc725abb2d8930c683,5de2b0cc725abb2d8930c683,control_kwlt,kw,0,1,kw_control,2,6.0,0.5,Just thought it was fair to divide the amount between us.,Moral,1,0.035492096109786445,-0.09620122299106279,4,0.7348240386038116,0.24112598057838544,0.024049980817803
control_kwlt::5de8734b44b3127e513ae247,5de8734b44b3127e513ae247,control_kwlt,kw,0,1,kw_control,2,6.0,0.5,It made us even,Moral,1,-0.19474250282503003,-0.07816156922751266,3,0.7567179274067074,0.21755424288361602,0.02572782970967654
control_kwlt::5e09461913064422d0004ecf,5e09461913064422d0004ecf,control_kwlt,kw,0,1,kw_control,2,6.0,0.5,Felt generous and felt like I had more to give with the $12.,Moral,1,0.7234804667959527,-0.08303830320225501,4,0.6601106837385211,0.31913021086148324,0.02075910539999561
control_kwlt::5e0a095a54ff2329aa070d54,5e0a095a54ff2329aa070d54,control_kwlt,kw,0,1,kw_control,1,12.0,0.0,I want to keep all the money for myself,Self-interest,3,-0.03727782198302366,-0.025968623280514226,1,0.7406286617817986,0.23320402791426587,0.026167310303935487
control_kwlt::5e0a8de6b6385332d7cae588,5e0a8de6b6385332d7cae588,control_kwlt,kw,0,1,kw_control,1,12.0,0.0,i thought it would be funny as i just described how it would be unfair. i always like money a lot so i would like to keep it all,Self-interest,3,-0.6843279864440104,-0.11026260710346344,4,0.8013508869904555,0.17108433562849146,0.027564777381053
control_kwlt::5e13189b1d6b469661725154,5e13189b1d6b469661725154,control_kwlt,kw,0,1,kw_control,2,6.0,0.5,Its fair that way.,Moral,1,0.035492096109786445,-0.09620122299106279,4,0.7348240386038116,0.24112598057838544,0.024049980817803
control_kwlt::5e16e7b7c76aa6c8613f2477,5e16e7b7c76aa6c8613f2477,control_kwlt,kw,0,1,kw_control,1,6.0,0.5,It was fair and balanced,Moral,1,0.7234804667959527,-0.08303830320225501,4,0.6601106837385211,0.31913021086148324,0.02075910539999561
control_kwlt::5e1a39f62b01352b6c9e14bf,5e1a39f62b01352b6c9e14bf,control_kwlt,kw,0,1,kw_control,2,12.0,0.0,I believe each participant would attempt to maximise their earnings,Self-interest,3,0.035492096109786445,-0.09620122299106279,4,0.7348240386038116,0.24112598057838544,0.024049980817803
control_kwlt::5e1bdbfd1795083ead4af5ee,5e1bdbfd1795083ead4af5ee,control_kwlt,kw,0,1,kw_control,2,12.0,0.0,"If I got $0 and someone else decided not to share, I wouldn't take it personally. Maybe they win next time",No clear justification,0,0.035492096109786445,-0.09620122299106279,4,0.7348240386038116,0.24112598057838544,0.024049980817803
control_kwlt::5e2b0d34a8dc8c000cc53114,5e2b0d34a8dc8c000cc53114,control_kwlt,kw,0,1,kw_control,1,6.0,0.5,it's fair. it's what i would want.,Moral,1,1.0240617117815143,-0.033987127247678085,2,0.6217549672957006,0.3580954952194272,0.020149537484872346
control_kwlt::5e3019c0b5ba77016e2bcaf4,5e3019c0b5ba77016e2bcaf4,control_kwlt,kw,0,1,kw_control,1,6.0,0.5,"Because the 12 dollars should be shared equally between us, so that the other person will end up having as much as myself",Moral,1,0.035492096109786445,-0.09620122299106279,4,0.7348240386038116,0.24112598057838544,0.024049980817803
control_kwlt::5e399832a6df461b2f4db341,5e399832a6df461b2f4db341,control_kwlt,kw,0,1,kw_control,1,8.0,0.3333333333333333,"I don’t think it’s fair for them to get nothing, but I also think that I need to look after my own interest first and I would rather have the majority of the money.",Self-interest,3,0.09150295042799497,-0.07250595039042276,3,0.7288123664630296,0.24687778125082477,0.024309852286145676
control_kwlt::5e3c7f2860b046068fcf5e4c,5e3c7f2860b046068fcf5e4c,control_kwlt,kw,0,1,kw_control,2,6.0,0.5,"Again, as this is something random and not earned as such it seems fair to split equally",Moral,1,-0.6843279864440104,-0.11026260710346344,4,0.8013508869904555,0.17108433562849146,0.027564777381053
control_kwlt::5e3cc69c13cf130bf27d6c94,5e3cc69c13cf130bf27d6c94,control_kwlt,kw,0,1,kw_control,1,6.0,0.5,Because I believe this decision to be fair and equitable to both of us.,Moral,1,0.7234804667959527,-0.08303830320225501,4,0.6601106837385211,0.31913021086148324,0.02075910539999561
control_kwlt::5e40c06ac0507c307ee951eb,5e40c06ac0507c307ee951eb,control_kwlt,kw,0,1,kw_control,2,9.0,0.25,I believe this provides a fair amount of bonus in case we are actually picked as the team to receive the allocations.,Moral,1,0.06486492582816115,-0.0730557820495936,3,0.7314833179809022,0.24407625304855812,0.02444042897053967
control_kwlt::5e43021e5bb25719df134c7c,5e43021e5bb25719df134c7c,control_kwlt,kw,0,1,kw_control,1,8.0,0.3333333333333333,I honestly would like to keep the majority myself but felt obliged to gift some to the other person,Moral,1,0.09150295042799497,-0.07250595039042276,3,0.7288123664630296,0.24687778125082477,0.024309852286145676
control_kwlt::5e45986b0f5e4105b6067c23,5e45986b0f5e4105b6067c23,control_kwlt,kw,0,1,kw_control,1,8.0,0.3333333333333333,The bonus is a random so I went with medium level risk with a potentially of a higher stake if we end up with the $8 bonus I did not want to leave $0 up to chance but I was tore with a 50/50 split but it was mainly about probability and the best reward,Mutual Benefit / Cooperation,2,-0.579843263131296,0.8612961306311623,2,0.7594758670627455,0.17223801154006946,0.06828612139718511
control_kwlt::5e493133b4bc203a048f8ce9,5e493133b4bc203a048f8ce9,control_kwlt,kw,0,1,kw_control,1,12.0,0.0,I want to retain the majoirty of the money,Self-interest,3,-0.19474250282503003,-0.07816156922751266,3,0.7567179274067074,0.21755424288361602,0.02572782970967654
control_kwlt::5e4aa396b2c8eb000cc39e56,5e4aa396b2c8eb000cc39e56,control_kwlt,kw,0,1,kw_control,1,6.0,0.5,"Because 50% each seems to be the fairest way of splitting the money. There is no more effort required on my part than the other participants, so it doesn't reflect the amount of labour. 50-50 is straight down the middle, and equitable.",Moral,1,0.6042554469183791,-0.07274063385008926,3,0.673915535233119,0.30449337349279704,0.021591091274083905
control_kwlt::5e4ce570d3132c1348aefd4d,5e4ce570d3132c1348aefd4d,control_kwlt,kw,0,1,kw_control,1,10.5,0.125,I wanted to make sure the other participant had something but do not want to give all my money away.,Self-interest,3,0.035492096109786445,-0.09620122299106279,4,0.7348240386038116,0.24112598057838544,0.024049980817803
control_kwlt::5e510d0760dd0913e45370dc,5e510d0760dd0913e45370dc,control_kwlt,kw,0,1,kw_control,2,6.0,0.5,I believe in fairness,Moral,1,-0.6843279864440104,-0.11026260710346344,4,0.8013508869904555,0.17108433562849146,0.027564777381053
control_kwlt::5e62dfa2819b9d079c91b6d2,5e62dfa2819b9d079c91b6d2,control_kwlt,kw,0,1,kw_control,2,8.0,0.3333333333333333,"Giving them a bit more money to what they started with, don't know this other person",Self-interest,3,-0.6843279864440104,-0.11026260710346344,4,0.8013508869904555,0.17108433562849146,0.027564777381053
control_kwlt::5e7c8696aaaa890009345427,5e7c8696aaaa890009345427,control_kwlt,kw,0,1,kw_control,2,6.0,0.5,It is fair as we both take the same amount,Moral,1,0.0925756866388579,1.551576562882978,4,0.6610429997664158,0.22685579605509665,0.11210120417848755
control_kwlt::5e7ca836a60b642ec70880b1,5e7ca836a60b642ec70880b1,control_kwlt,kw,0,1,kw_control,2,6.0,0.5,It is fair.,Moral,1,-0.6843279864440104,-0.11026260710346344,4,0.8013508869904555,0.17108433562849146,0.027564777381053
control_kwlt::5e87a820c35eb042f00d4e3d,5e87a820c35eb042f00d4e3d,control_kwlt,kw,0,1,kw_control,1,11.0,0.0833333333333333,I am acting in the best interest for myself - if I am in luck and have been given this gift I would choose to keep the majority of it for myself as I require money.,Self-interest,3,0.035492096109786445,-0.09620122299106279,4,0.7348240386038116,0.24112598057838544,0.024049980817803
control_kwlt::5e8b9c7054a5cc07dd6e174d,5e8b9c7054a5cc07dd6e174d,control_kwlt,kw,0,1,kw_control,2,6.0,0.5,"Once again, I believe in fairness and equity. It's only fair to give the recipient half of what was offered.",Moral,1,0.7234804667959527,-0.08303830320225501,4,0.6601106837385211,0.31913021086148324,0.02075910539999561
control_kwlt::5e8f89db8ed06f27d73030ae,5e8f89db8ed06f27d73030ae,control_kwlt,kw,0,1,kw_control,2,10.0,0.1666666666666666,It keeps my part a round $10 and breaking a note,Self-interest,3,-0.19474250282503003,-0.07816156922751266,3,0.7567179274067074,0.21755424288361602,0.02572782970967654
control_kwlt::5e8fa37bf594d02a576c7a46,5e8fa37bf594d02a576c7a46,control_kwlt,kw,0,1,kw_control,2,2.5,0.7916666666666666,It seemed like a fair amount to give,Moral,1,-0.19474250282503003,-0.07816156922751266,3,0.7567179274067074,0.21755424288361602,0.02572782970967654
control_kwlt::5e903aadbf2af034503d9bac,5e903aadbf2af034503d9bac,control_kwlt,kw,0,1,kw_control,1,6.0,0.5,"Hopefully the other person will make the same choice, so we will both get a reasonable and equal amount.",Moral,1,-0.6843279864440104,-0.11026260710346344,4,0.8013508869904555,0.17108433562849146,0.027564777381053
control_kwlt::5e917b152952914a6d3043c2,5e917b152952914a6d3043c2,control_kwlt,kw,0,1,kw_control,1,7.0,0.4166666666666666,"It is not quite half, but almost. I would be happy giving that to the other person.",Moral,1,0.035492096109786445,-0.09620122299106279,4,0.7348240386038116,0.24112598057838544,0.024049980817803
control_kwlt::5e9397d303807b2006e77d5a,5e9397d303807b2006e77d5a,control_kwlt,kw,0,1,kw_control,1,9.0,0.25,I need the money just now but did not want to give nothing so gave a small amount as a good gesture.,Self-interest,3,0.035492096109786445,-0.09620122299106279,4,0.7348240386038116,0.24112598057838544,0.024049980817803
control_kwlt::5e9847daec534b03f4769cab,5e9847daec534b03f4769cab,control_kwlt,kw,0,1,kw_control,2,8.0,0.3333333333333333,It was reasonable amount,No clear justification,0,-0.1408640495161301,-0.05411734619990676,2,0.7511431125319626,0.22282099075970763,0.026035896708329672
control_kwlt::5e9a4793c4069d0dd2e7eb4f,5e9a4793c4069d0dd2e7eb4f,control_kwlt,kw,0,1,kw_control,2,8.0,0.3333333333333333,"It was too mean to not give them any, but I still wanted the majority",Moral,1,0.035492096109786445,-0.09620122299106279,4,0.7348240386038116,0.24112598057838544,0.024049980817803
control_kwlt::5ea040d5956554000971fb25,5ea040d5956554000971fb25,control_kwlt,kw,0,1,kw_control,1,11.0,0.0833333333333333,I hoped we were doing a joint investment that required us both to have some funds,Mutual Benefit / Cooperation,2,0.1316652888925463,-0.06926366648785251,3,0.7247105410046907,0.25111932744758747,0.024170131547721904
control_kwlt::5ea047d315537303f1e60ef9,5ea047d315537303f1e60ef9,control_kwlt,kw,0,1,kw_control,2,11.5,0.0416666666666666,feeling quite generous,Moral,1,0.7234804667959525,-0.08303830320225514,4,0.6601106837385211,0.31913021086148324,0.020759105399995613
control_kwlt::5ea0627f31802801d5675c08,5ea0627f31802801d5675c08,control_kwlt,kw,0,1,kw_control,1,12.0,0.0,"I dont know the other person, if theyre real, whether theyll get paid, whether i'll get paid: its all a bit random",Self-interest,3,-0.5842104289318815,-0.03304872731938094,1,0.7910290791819482,0.17983991364527635,0.02913100717277548
control_kwlt::5ea17210ed317101db3ecc0b,5ea17210ed317101db3ecc0b,control_kwlt,kw,0,1,kw_control,2,6.0,0.5,"As I started with $12 and the other participant had £0, after transferring $6, we would each have equal amounts.",Moral,1,0.035492096109786445,-0.09620122299106279,4,0.7348240386038116,0.24112598057838544,0.024049980817803
control_kwlt::5ea48ae3461d1044f2d282cc,5ea48ae3461d1044f2d282cc,control_kwlt,kw,0,1,kw_control,2,6.0,0.5,I wanted to make the payments equal to each of us.,Moral,1,-0.6843279864440104,-0.11026260710346344,4,0.8013508869904555,0.17108433562849146,0.027564777381053
control_kwlt::5ea6f9f2064600098ec3de7d,5ea6f9f2064600098ec3de7d,control_kwlt,kw,0,1,kw_control,1,6.0,0.5,"I think it is a fair decision, which means we both get equal amounts.",Moral,1,-0.19474250282503003,-0.07816156922751266,3,0.7567179274067074,0.21755424288361602,0.02572782970967654
control_kwlt::5ea77e260e5ed316cc418ca3,5ea77e260e5ed316cc418ca3,control_kwlt,kw,0,1,kw_control,1,6.0,0.5,I think both participants have done the same amount of work therefor should receive the same rewards,Moral,1,1.36807724250289,-0.07046938230215992,4,0.5743978953568136,0.40798585521811176,0.01761624942507457
control_kwlt::5eaafded3bb47c09107ec0e2,5eaafded3bb47c09107ec0e2,control_kwlt,kw,0,1,kw_control,1,12.0,0.0,I do not know the other person.,No clear justification,0,0.035492096109786445,-0.09620122299106279,4,0.7348240386038116,0.24112598057838544,0.024049980817803
control_kwlt::5eb19fab4606ca2cc2309390,5eb19fab4606ca2cc2309390,control_kwlt,kw,0,1,kw_control,1,6.0,0.5,Both of us are here to earn money. We are both equally participating and I feel it is only fair that we are both equally compensated for the same amount of work (if you will).,Moral,1,0.035492096109786445,-0.09620122299106279,4,0.7348240386038116,0.24112598057838544,0.024049980817803
control_kwlt::5eb411c4b0526d222fbb4395,5eb411c4b0526d222fbb4395,control_kwlt,kw,0,1,kw_control,2,6.0,0.5,Each of us would have an equal share of the monies offered,Moral,1,-0.6843279864440104,-0.11026260710346344,4,0.8013508869904555,0.17108433562849146,0.027564777381053
control_kwlt::5ec7b132b11a172266fd8915,5ec7b132b11a172266fd8915,control_kwlt,kw,0,1,kw_control,2,6.0,0.5,again this to me is the only fair out come we both get £6,Moral,1,-0.6691514282189474,-0.0874992777375991,3,0.7995609570443725,0.17234118543327498,0.028097857522352596
control_kwlt::5ec8a6e33c420d39237e7682,5ec8a6e33c420d39237e7682,control_kwlt,kw,0,1,kw_control,2,7.0,0.4166666666666666,the other person got 0 dollars if i let it happen it would make me feel guilty for not helping them and makes me feel selfish for taking all the money so i give them less than half cuz i need the money too and even it makes me feel guilty i would remind myself this is kindness not responsibility,Moral,1,0.035492096109786445,-0.09620122299106279,4,0.7348240386038116,0.24112598057838544,0.024049980817803
control_kwlt::5eccf0abdeb69701e9c718da,5eccf0abdeb69701e9c718da,control_kwlt,kw,0,1,kw_control,2,9.0,0.25,I still dont know them so I wouldn't give them that much. However I feel I should give them more than the previous scenario as they have no money at all. That way I also feel a bit better about me having more money,Moral,1,-0.6843279864440104,-0.11026260710346344,4,0.8013508869904555,0.17108433562849146,0.027564777381053
control_kwlt::5ed4c3d73ac88100098198f1,5ed4c3d73ac88100098198f1,control_kwlt,kw,0,1,kw_control,2,12.0,0.0,So I end up with the most amount of money,Self-interest,3,-0.6276599651279458,1.5059605338930302,4,0.7195747411451292,0.15691803764536225,0.12350722120950856
control_kwlt::5ed85f199883863679e485c8,5ed85f199883863679e485c8,control_kwlt,kw,0,1,kw_control,1,6.0,0.5,I just think it's fair. We're both being given this little money opportunity and I think we will both be happy if it's split between us for our participation.,Moral,1,0.6042554469183785,-0.07274063385008926,3,0.6739155352331191,0.304493373492797,0.021591091274083908
control_kwlt::5effecc85d91970e055438db,5effecc85d91970e055438db,control_kwlt,kw,0,1,kw_control,2,6.0,0.5,it just seemed a fair thing to do,Moral,1,0.7234804667959527,-0.08303830320225501,4,0.6601106837385211,0.31913021086148324,0.02075910539999561
control_kwlt::5f072de78ef9940c5dbabf80,5f072de78ef9940c5dbabf80,control_kwlt,kw,0,1,kw_control,1,6.0,0.5,because I didnt have any in the first place so feels the ethical thing to do to give them half,Moral,1,-0.6691514282189474,-0.0874992777375991,3,0.7995609570443725,0.17234118543327498,0.028097857522352596
control_kwlt::5f088ba29bf08d0b3885f726,5f088ba29bf08d0b3885f726,control_kwlt,kw,0,1,kw_control,2,10.0,0.1666666666666666,i have 10 so why not share a bit,Moral,1,0.05569138459223965,0.7779644050161407,4,0.708407241482039,0.2360778812497956,0.05551487726816534
control_kwlt::5f12f9e19b4f8213cf3bdd2c,5f12f9e19b4f8213cf3bdd2c,control_kwlt,kw,0,1,kw_control,1,12.0,0.0,Because I would preferably like the money myself.,Self-interest,3,-0.1408640495161301,-0.05411734619990676,2,0.7511431125319626,0.22282099075970763,0.026035896708329672
control_kwlt::5f2b1bcbfa2da3513cb07b77,5f2b1bcbfa2da3513cb07b77,control_kwlt,kw,0,1,kw_control,1,10.0,0.1666666666666666,it gives them somtehing but I get the most,Self-interest,3,-0.5842104289318815,-0.03304872731938094,1,0.7910290791819482,0.17983991364527635,0.02913100717277548
control_kwlt::5f36bd304ef90a0c47167e1f,5f36bd304ef90a0c47167e1f,control_kwlt,kw,0,1,kw_control,1,8.0,0.3333333333333333,"Because I don't know this person, and currently I'm trying to save money. So, while I want to give them something because I feel bad they got $0, I also have to think of me. I have no reason to give them a lot, but also no reason to give them nothing at all.",Self-interest,3,0.035492096109786445,-0.09620122299106279,4,0.7348240386038116,0.24112598057838544,0.024049980817803
control_kwlt::5f3d6975ef131710ed519c7a,5f3d6975ef131710ed519c7a,control_kwlt,kw,0,1,kw_control,2,7.0,0.4166666666666666,felt that they would want something instead of nothing.,Moral,1,0.05569138459223961,0.7779644050161391,4,0.7084072414820392,0.2360778812497956,0.05551487726816525
control_kwlt::5f3d6ca05772161108bc0e2e,5f3d6ca05772161108bc0e2e,control_kwlt,kw,0,1,kw_control,2,6.0,0.5,"We would both walk away with six dollars, which is an even split and fair.",Moral,1,0.035492096109786445,-0.09620122299106279,4,0.7348240386038116,0.24112598057838544,0.024049980817803
control_kwlt::5f40205989c7a912f71e7ee9,5f40205989c7a912f71e7ee9,control_kwlt,kw,0,1,kw_control,1,11.5,0.0416666666666666,To give myself the most,Self-interest,3,0.19855988686252463,-0.044552228515932595,2,0.7174442778377254,0.25816406726181873,0.024391654900455986
control_kwlt::5f40c670f10f171ff50afe48,5f40c670f10f171ff50afe48,control_kwlt,kw,0,1,kw_control,2,6.0,0.5,"Because it would be the only way to equally dived the amount fairly, anything less or more would result in one participant having more or less than the other.",Moral,1,0.035492096109786445,-0.09620122299106279,4,0.7348240386038116,0.24112598057838544,0.024049980817803
control_kwlt::5f429a57a972c449ac21680e,5f429a57a972c449ac21680e,control_kwlt,kw,0,1,kw_control,2,12.0,0.0,I accept the result of the original split. It was random. Neither party deserves anything,Moral,1,-0.19474250282503003,-0.07816156922751266,3,0.7567179274067074,0.21755424288361602,0.02572782970967654
control_kwlt::5f4818e6d5ce1016c865ed24,5f4818e6d5ce1016c865ed24,control_kwlt,kw,0,1,kw_control,2,6.0,0.5,I chose to make the allocations equal because I thought it was the right and moral thing to do.,Moral,1,0.6042554469183785,-0.07274063385008926,3,0.6739155352331191,0.304493373492797,0.021591091274083908
control_kwlt::5f55a7a08ba70197917cfba3,5f55a7a08ba70197917cfba3,control_kwlt,kw,0,1,kw_control,2,6.0,0.5,Trying to be fair,Moral,1,0.035492096109786445,-0.09620122299106279,4,0.7348240386038116,0.24112598057838544,0.024049980817803
control_kwlt::5f960a9442d5f34e319e3cf7,5f960a9442d5f34e319e3cf7,control_kwlt,kw,0,1,kw_control,2,8.0,0.3333333333333333,"As i said previously, I'm in a precarious financial situation of debt and fundraising for surgery, but would hope they would understand.",Self-interest,3,0.035492096109786445,-0.09620122299106279,4,0.7348240386038116,0.24112598057838544,0.024049980817803
control_kwlt::5fa9392c0cc79c03b3f4eb58,5fa9392c0cc79c03b3f4eb58,control_kwlt,kw,0,1,kw_control,2,12.0,0.0,I don't care about the other person and suspect there isn't really another person,Self-interest,3,-0.19474250282503003,-0.07816156922751266,3,0.7567179274067074,0.21755424288361602,0.02572782970967654
control_kwlt::5fadaad925680e17109e0c0a,5fadaad925680e17109e0c0a,control_kwlt,kw,0,1,kw_control,1,6.0,0.5,"This seems fair to share the allocation, i hope they would do the same in my position.",Moral,1,0.1316652888925463,-0.06926366648785251,3,0.7247105410046907,0.25111932744758747,0.024170131547721904
control_kwlt::5faeb76ca8e4220165dfc9a2,5faeb76ca8e4220165dfc9a2,control_kwlt,kw,0,1,kw_control,1,6.0,0.5,I don't know what's behind the research being done but I'm not going to try and second guess what you expect me to do. It is my belief that if I more than enough of anything I should give some to the man who has none.,Moral,1,0.035492096109786445,-0.09620122299106279,4,0.7348240386038116,0.24112598057838544,0.024049980817803
control_kwlt::5fb6a7d5e6359309c20a5c74,5fb6a7d5e6359309c20a5c74,control_kwlt,kw,0,1,kw_control,2,6.0,0.5,It seems fair and I can sleep at night,Moral,1,0.7773776238438589,-0.05980756874333179,3,0.6532733813901638,0.32577498754921347,0.02095163106062274
control_kwlt::5fbe4fc3b2caf10f92e994ec,5fbe4fc3b2caf10f92e994ec,control_kwlt,kw,0,1,kw_control,1,6.0,0.5,"Because I do not know the other person in this survey, but feel that they are as deserving as I to receive part of the bonus. The $12 is money I never had, so by splitting it equally if we are selected then we both win!",Moral,1,0.7234804667959527,-0.08303830320225501,4,0.6601106837385211,0.31913021086148324,0.02075910539999561
control_kwlt::5fc07d1d954a2251529dcfd6,5fc07d1d954a2251529dcfd6,control_kwlt,kw,0,1,kw_control,2,8.0,0.3333333333333333,It is to my advantage but not totally greedy,Self-interest,3,-0.18857858658312887,0.8159446417884472,3,0.7288992627058608,0.21053110997781643,0.06056962731632285
control_kwlt::5fc10c9ec1c0520a44a0d902,5fc10c9ec1c0520a44a0d902,control_kwlt,kw,0,1,kw_control,2,12.0,0.0,I need the money this month,Self-interest,3,0.7746281755934803,-0.047808285338742186,2,0.6534230279312444,0.325363439101631,0.021213532967124585
control_kwlt::5fc686297a22da0524cc09dd,5fc686297a22da0524cc09dd,control_kwlt,kw,0,1,kw_control,1,6.0,0.5,I believe a 50-50 allocation is fair with no context on the reasons for the money in the first place.,Moral,1,1.36807724250289,-0.07046938230215992,4,0.5743978953568136,0.40798585521811176,0.01761624942507457
control_kwlt::5fc756cec5e5121fdadfb230,5fc756cec5e5121fdadfb230,control_kwlt,kw,0,1,kw_control,2,8.0,0.3333333333333333,"I think its a good amount, not too large or small.",No clear justification,0,-0.575903197285391,2.1567479468778044,4,0.6452095496221373,0.1439765243356811,0.21081392604218163
control_kwlt::5fca60762df9df6328840cae,5fca60762df9df6328840cae,control_kwlt,kw,0,1,kw_control,2,12.0,0.0,I chose to try and maximize my bonus. It's in my own best interest. The other guy is a serial killer.,Self-interest,3,0.035492096109786445,-0.09620122299106279,4,0.7348240386038116,0.24112598057838544,0.024049980817803
control_kwlt::5fcaf45432c262806989840d,5fcaf45432c262806989840d,control_kwlt,kw,0,1,kw_control,1,12.0,0.0,I need the money right now.,Self-interest,3,0.035492096109786445,-0.09620122299106279,4,0.7348240386038116,0.24112598057838544,0.024049980817803
control_kwlt::5fd77a999055b008d1df409c,5fd77a999055b008d1df409c,control_kwlt,kw,0,1,kw_control,2,7.0,0.4166666666666666,I felt a bit bad they got allocated 0 through no fault of their own,Moral,1,-0.6843279864440104,-0.11026260710346344,4,0.8013508869904555,0.17108433562849146,0.027564777381053
control_kwlt::5fd8ea198512a801831f6b85,5fd8ea198512a801831f6b85,control_kwlt,kw,0,1,kw_control,2,8.0,0.3333333333333333,"I wanted to share some of the money with the other participant since they didn't get anything of their own, however i also need the money so i had to limit what i offered them.",Moral,1,0.7234804667959527,-0.08303830320225501,4,0.6601106837385211,0.31913021086148324,0.02075910539999561
control_kwlt::5fd9227fbeeb773aa4d6c986,5fd9227fbeeb773aa4d6c986,control_kwlt,kw,0,1,kw_control,1,12.0,0.0,I am greedy,Self-interest,3,-0.6843279864440104,-0.11026260710346344,4,0.8013508869904555,0.17108433562849146,0.027564777381053
control_kwlt::5fdbdc853ce8060db67cf718,5fdbdc853ce8060db67cf718,control_kwlt,kw,0,1,kw_control,1,6.0,0.5,"I wanted to make things fair for the other participant. I feel like we are both social equals as fellow participants on Prolific so sharing an equal amount would feel appropriate. Giving more than that would be weird and condescending, like treating them like how I'd treat my child, and giving them less would feel like I'm grudgingly giving them some small amount of charity. Giving nothing doesn't seem fair since they are also participating on the platform, and it doesn't seem right to divide things up unequally if we're both doing the same work.",Moral,1,0.035492096109786445,-0.09620122299106279,4,0.7348240386038116,0.24112598057838544,0.024049980817803
control_kwlt::5fe33a4cbf9ae4f929bad4b4,5fe33a4cbf9ae4f929bad4b4,control_kwlt,kw,0,1,kw_control,2,6.0,0.5,Fairness is my watchword. I want us both to get paid the same for the same task if we are lucky enough to be selected.,Moral,1,0.7234804667959527,-0.08303830320225501,4,0.6601106837385211,0.31913021086148324,0.02075910539999561
control_kwlt::5ff8586d4939670266b6623f,5ff8586d4939670266b6623f,control_kwlt,kw,0,1,kw_control,2,6.0,0.5,It is only fair.,Moral,1,0.0354920961097864,-0.09620122299106279,4,0.7348240386038116,0.24112598057838544,0.024049980817803
control_kwlt::5ffa2123b5a05a3b17839781,5ffa2123b5a05a3b17839781,control_kwlt,kw,0,1,kw_control,1,6.0,0.5,"I'm all about equality and fairness - if someone has done the same amount of work and put the same amount of effort into something, regardless of who they are, they should be given the same amount of money back too.",Moral,1,-0.6636735400568929,0.7499339763842658,4,0.7715572501077551,0.16592244856587485,0.06252030132636997
control_kwlt::600f455bb9d3f7107e673797,600f455bb9d3f7107e673797,control_kwlt,kw,0,1,kw_control,2,7.0,0.4166666666666666,I wanted to keep most of the money,Self-interest,3,-0.10112948304054419,-0.05101403594573973,2,0.747285608713868,0.22682194287474444,0.02589244841138765
control_kwlt::601171f52ffe110619bc0d93,601171f52ffe110619bc0d93,control_kwlt,kw,0,1,kw_control,2,12.0,0.0,I'm still trying to be the opposite to who I am giving nothing instead of what I would normally do which is share the amount equally. I feel a bit sneaky and uneasy but this is a good forum for me to try this as it isn't in the real world,Moral,1,0.7234804667959528,-0.08303830320225504,4,0.6601106837385211,0.3191302108614833,0.020759105399995606
control_kwlt::601a67866e12e328676f82da,601a67866e12e328676f82da,control_kwlt,kw,0,1,kw_control,2,6.0,0.5,we both get the same amount,Moral,1,0.035492096109786445,-0.09620122299106279,4,0.7348240386038116,0.24112598057838544,0.024049980817803
control_kwlt::601ac0440ae554365a73246b,601ac0440ae554365a73246b,control_kwlt,kw,0,1,kw_control,2,6.0,0.5,Again happy to split down the middle for same reasons as before.,Moral,1,0.035492096109786445,-0.09620122299106279,4,0.7348240386038116,0.24112598057838544,0.024049980817803
control_kwlt::6028e8deb16a4524f12629de,6028e8deb16a4524f12629de,control_kwlt,kw,0,1,kw_control,1,7.0,0.4166666666666666,"I was originally going to give them more, but I know how badly I need the money for Christmas, so I went to £2, but that didn't sit right (if they had been allocated something, I could justify giving them a small amount, but as they had been allocated nothing I couldn't justify this choice). So I gave the amount I would be happy with if it were the other way around.",Moral,1,0.1316652888925463,-0.06926366648785251,3,0.7247105410046907,0.25111932744758747,0.024170131547721904
control_kwlt::60299d096ab1b93a43d650a7,60299d096ab1b93a43d650a7,control_kwlt,kw,0,1,kw_control,2,6.0,0.5,"Same reason as before, it's fair we both get half each.",Moral,1,0.7234804667959527,-0.08303830320225501,4,0.6601106837385211,0.31913021086148324,0.02075910539999561
control_kwlt::602ba5af8055272f9a36e3fe,602ba5af8055272f9a36e3fe,control_kwlt,kw,0,1,kw_control,1,12.0,0.0,We're in a cost of living crisis so unfortunately I need the chance to keep the money for myself.,Self-interest,3,0.035492096109786445,-0.09620122299106279,4,0.7348240386038116,0.24112598057838544,0.024049980817803
control_kwlt::602bebe42e34a23d1d0f72a3,602bebe42e34a23d1d0f72a3,control_kwlt,kw,0,1,kw_control,1,6.0,0.5,I think this is a fair approach. I can't see taking everything and not sharing it equally as a good thing. Prosperity is meant to be shared. Greed is a lonely old business which doesn't do anyone much good on a deep level.,Moral,1,0.6042554469183785,-0.07274063385008926,3,0.6739155352331191,0.304493373492797,0.021591091274083908
control_kwlt::6038699f5cdecc243c343024,6038699f5cdecc243c343024,control_kwlt,kw,0,1,kw_control,1,7.0,0.4166666666666666,I wanted to split my money as im not selfish but equally unsure if i can trust them yet. So the amount given works in my favour,Self-interest,3,-0.19474250282503003,-0.07816156922751266,3,0.7567179274067074,0.21755424288361602,0.02572782970967654
control_kwlt::604e18398d5d8c1c8b03ffcf,604e18398d5d8c1c8b03ffcf,control_kwlt,kw,0,1,kw_control,2,6.0,0.5,"we should both have half each, i feel better knowing they have something too",Moral,1,0.035492096109786445,-0.09620122299106279,4,0.7348240386038116,0.24112598057838544,0.024049980817803
control_kwlt::60650e72f3359295eb889c0f,60650e72f3359295eb889c0f,control_kwlt,kw,0,1,kw_control,1,7.0,0.4166666666666666,it gives them a good amount of money but also leaves me some for myself,Self-interest,3,0.12411443573360709,-0.04833630771454098,2,0.7250881937087699,0.2502017861723643,0.024710020118865812
control_kwlt::606ca47dac67cbdff9177d6b,606ca47dac67cbdff9177d6b,control_kwlt,kw,0,1,kw_control,2,6.0,0.5,because it is fair,Moral,1,0.035492096109786445,-0.09620122299106279,4,0.7348240386038116,0.24112598057838544,0.024049980817803
control_kwlt::607a6e0e8c59acb5ea6bcd9d,607a6e0e8c59acb5ea6bcd9d,control_kwlt,kw,0,1,kw_control,1,6.0,0.5,It feels fair and the most equal way,Moral,1,-0.10112948304054419,-0.05101403594573973,2,0.747285608713868,0.22682194287474444,0.02589244841138765
control_kwlt::607a7b7d300ce256f51706bd,607a7b7d300ce256f51706bd,control_kwlt,kw,0,1,kw_control,2,6.0,0.5,I wanted to be fair and share the money I was allocated,Moral,1,-0.18857858658312887,0.8159446417884472,3,0.7288992627058608,0.21053110997781643,0.06056962731632285
control_kwlt::607aecf17fba388e74345f3e,607aecf17fba388e74345f3e,control_kwlt,kw,0,1,kw_control,2,6.0,0.5,To be equal monies for both parties,Moral,1,1.5660385166859445,-0.042385265897592984,2,0.5441556603381045,0.4388386261510318,0.01700571351086376
control_kwlt::607be962688dfb9c1aea6cba,607be962688dfb9c1aea6cba,control_kwlt,kw,0,1,kw_control,1,8.0,0.3333333333333333,I gave this amount away and kept two thirds of the money for myself as I need this money.,Self-interest,3,0.0354920961097864,-0.09620122299106279,4,0.7348240386038116,0.24112598057838544,0.024049980817803
control_kwlt::6083e9c30efe49134bb0e89f,6083e9c30efe49134bb0e89f,control_kwlt,kw,0,1,kw_control,1,6.0,0.5,It seems fairer,Moral,1,0.035492096109786445,-0.09620122299106279,4,0.7348240386038116,0.24112598057838544,0.024049980817803
control_kwlt::608ef46bbc5de958af2d6183,608ef46bbc5de958af2d6183,control_kwlt,kw,0,1,kw_control,1,10.0,0.1666666666666666,I would like the money but they deserve some also,Moral,1,-0.19474250282503003,-0.07816156922751266,3,0.7567179274067074,0.21755424288361602,0.02572782970967654
control_kwlt::609428df71e61cae4b2a67f3,609428df71e61cae4b2a67f3,control_kwlt,kw,0,1,kw_control,2,12.0,0.0,I am keeping what I was given,Self-interest,3,0.035492096109786445,-0.09620122299106279,4,0.7348240386038116,0.24112598057838544,0.024049980817803
control_kwlt::60a5319f80178fadc66d833a,60a5319f80178fadc66d833a,control_kwlt,kw,0,1,kw_control,2,7.0,0.4166666666666666,I'm feeling slightly less generous this time and so have decided to still send them some money but not 50/50,Moral,1,-0.10112948304054419,-0.05101403594573973,2,0.747285608713868,0.22682194287474444,0.02589244841138765
control_kwlt::60ab9f9b5d9fdbefa2c95187,60ab9f9b5d9fdbefa2c95187,control_kwlt,kw,0,1,kw_control,2,6.0,0.5,"both participants have done the same work, an equal split is fair",Moral,1,-0.5493646986383572,2.286050148015187,3,0.6259271181450895,0.14191695314049982,0.23215592871441076
control_kwlt::60ae47392195f5455ef262a9,60ae47392195f5455ef262a9,control_kwlt,kw,0,1,kw_control,2,12.0,0.0,This would maximise my potential bonus.,Self-interest,3,-0.19474250282503003,-0.07816156922751266,3,0.7567179274067074,0.21755424288361602,0.02572782970967654
control_kwlt::60aed9850592d6678e2c06ba,60aed9850592d6678e2c06ba,control_kwlt,kw,0,1,kw_control,1,12.0,0.0,I guess I feel that I deserve it more for personal reasons,Self-interest,3,1.3078330093455202,-0.06470033923066859,3,0.5830927297547535,0.39886627132400637,0.018040998921240177
control_kwlt::60bb9dd521d84c33662850ae,60bb9dd521d84c33662850ae,control_kwlt,kw,0,1,kw_control,2,12.0,0.0,"I decided I wanted to be greedy and keep it for myself, why not? It was allocated to me, not them.",Self-interest,3,0.035492096109786445,-0.09620122299106279,4,0.7348240386038116,0.24112598057838544,0.024049980817803
control_kwlt::60cda1a1667997365f21e809,60cda1a1667997365f21e809,control_kwlt,kw,0,1,kw_control,1,6.0,0.5,I chose the allocation of transferring $0 to the other participant because the instructions explicitly stated that the $12 was provisionally allocated to me and that the other participant was provisionally allocated $0.,No clear justification,0,0.035492096109786445,-0.09620122299106279,4,0.7348240386038116,0.24112598057838544,0.024049980817803
control_kwlt::60ce242113ef03f34d95c848,60ce242113ef03f34d95c848,control_kwlt,kw,0,1,kw_control,2,6.0,0.5,"I think we should be kind to others and distribute things equally, especially if someone has nothing due to random allocation or luck.",Moral,1,0.035492096109786445,-0.09620122299106279,4,0.7348240386038116,0.24112598057838544,0.024049980817803
control_kwlt::60d0709ffc9b494cf65a266c,60d0709ffc9b494cf65a266c,control_kwlt,kw,0,1,kw_control,1,12.0,0.0,I need the money,Self-interest,3,0.035492096109786445,-0.09620122299106279,4,0.7348240386038116,0.24112598057838544,0.024049980817803
control_kwlt::60d8aeaa2b64cb81ede60f67,60d8aeaa2b64cb81ede60f67,control_kwlt,kw,0,1,kw_control,2,0.0,1.0,I prefer to give and share,Moral,1,-0.6843279864440104,-0.11026260710346344,4,0.8013508869904555,0.17108433562849146,0.027564777381053
control_kwlt::60d8f98d9d58bf54aeb8438a,60d8f98d9d58bf54aeb8438a,control_kwlt,kw,0,1,kw_control,2,6.0,0.5,"I would have felt bad if the match didn't receive anything at all, so I decided to share it equally.",Moral,1,0.19855988686252463,-0.044552228515932595,2,0.7174442778377254,0.25816406726181873,0.024391654900455986
control_kwlt::60da8c7e85ec8877f716b3e1,60da8c7e85ec8877f716b3e1,control_kwlt,kw,0,1,kw_control,1,8.0,0.3333333333333333,I felt like it,No clear justification,0,-0.19474250282503003,-0.07816156922751266,3,0.7567179274067074,0.21755424288361602,0.02572782970967654
control_kwlt::60e0613b1f66b6b6868ebe22,60e0613b1f66b6b6868ebe22,control_kwlt,kw,0,1,kw_control,2,8.0,0.3333333333333333,I wanted to give them some money as they had none but also did not want to lose all of my money,Self-interest,3,1.36807724250289,-0.07046938230215992,4,0.5743978953568136,0.40798585521811176,0.01761624942507457
control_kwlt::60e308bd29d04d6d790aa1ad,60e308bd29d04d6d790aa1ad,control_kwlt,kw,0,1,kw_control,2,11.0,0.0833333333333333,They had nothing so I felt sorry for them and gave them a dollar,Moral,1,-0.19474250282503003,-0.07816156922751266,3,0.7567179274067074,0.21755424288361602,0.02572782970967654
control_kwlt::60f6846c5e28b2071cb71f1a,60f6846c5e28b2071cb71f1a,control_kwlt,kw,0,1,kw_control,2,9.5,0.2083333333333333,To help share a little,Moral,1,0.0354920961097864,-0.09620122299106279,4,0.7348240386038116,0.24112598057838544,0.024049980817803
control_kwlt::60f80590e5d06cdf9efcb1bb,60f80590e5d06cdf9efcb1bb,control_kwlt,kw,0,1,kw_control,1,6.0,0.5,"Equal. We both get six, I wanted us both to get the same.",Moral,1,-0.06548332978079456,0.9343265225327425,1,0.7125644588148389,0.22146969963251728,0.06596584155264386
control_kwlt::60fccefc9c9427b783d2981a,60fccefc9c9427b783d2981a,control_kwlt,kw,0,1,kw_control,1,6.0,0.5,"I think if we are both working on something & it affects us both on our earnings, we should have an equal share. I can't say that I could handle the full 12 adequately so we need to both have our hands in the pot.",Moral,1,0.035492096109786445,-0.09620122299106279,4,0.7348240386038116,0.24112598057838544,0.024049980817803
control_kwlt::60fd7f9790203beb68012cfe,60fd7f9790203beb68012cfe,control_kwlt,kw,0,1,kw_control,1,6.0,0.5,"i gave half because i think that is what is fair. we are both equal, so we deserve equal.",Moral,1,-0.6843279864440104,-0.11026260710346344,4,0.8013508869904555,0.17108433562849146,0.027564777381053
control_kwlt::60fdaf4b4555dabe6ea3d8e7,60fdaf4b4555dabe6ea3d8e7,control_kwlt,kw,0,1,kw_control,2,6.0,0.5,I chose to share the money equally because it was only by chance I was allocated the amount. I want to keep some because I need money,Moral,1,-0.18857858658312898,0.8159446417884466,3,0.7288992627058608,0.21053110997781643,0.060569627316322816
control_kwlt::60fdbb73e59483be2338d497,60fdbb73e59483be2338d497,control_kwlt,kw,0,1,kw_control,1,4.5,0.625,I am okay to give more than half to the other participant!,Moral,1,-0.1408640495161301,-0.05411734619990676,2,0.7511431125319626,0.22282099075970763,0.026035896708329672
control_kwlt::60fe79117e082892a4e47723,60fe79117e082892a4e47723,control_kwlt,kw,0,1,kw_control,2,6.0,0.5,to split it equally so we have the same amount,Moral,1,0.035492096109786445,-0.09620122299106279,4,0.7348240386038116,0.24112598057838544,0.024049980817803
control_kwlt::60ff3ccd8469031d3dc3bb5d,60ff3ccd8469031d3dc3bb5d,control_kwlt,kw,0,1,kw_control,2,6.0,0.5,It was a halfway point between all the funds we were allocated and it felt fair to me.,Moral,1,-0.6636735400568929,0.749933976384266,4,0.7715572501077551,0.16592244856587485,0.06252030132636997
control_kwlt::610042bd58bb4f6845302491,610042bd58bb4f6845302491,control_kwlt,kw,0,1,kw_control,1,6.0,0.5,I felt that splitting 50/50 was the most fair since there was nothing that we specifically did to earn more vs. less money.,Moral,1,-0.6843279864440104,-0.11026260710346344,4,0.8013508869904555,0.17108433562849146,0.027564777381053
control_kwlt::6102053795bd9b55ab979a48,6102053795bd9b55ab979a48,control_kwlt,kw,0,1,kw_control,2,6.0,0.5,I wanted to be even,Moral,1,0.1316652888925463,-0.06926366648785251,3,0.7247105410046907,0.25111932744758747,0.024170131547721904
control_kwlt::61022a84042923c389bf1499,61022a84042923c389bf1499,control_kwlt,kw,0,1,kw_control,1,6.0,0.5,"I feel it is only fair to split it down the middle and get the same amount each, even if i don't know the person",Moral,1,0.035492096109786445,-0.09620122299106279,4,0.7348240386038116,0.24112598057838544,0.024049980817803
control_kwlt::6103082117238ae6d0c3e805,6103082117238ae6d0c3e805,control_kwlt,kw,0,1,kw_control,1,12.0,0.0,They are a stranger and I know what I need with the money and no nothing about them,Self-interest,3,0.035492096109786445,-0.09620122299106279,4,0.7348240386038116,0.24112598057838544,0.024049980817803
control_kwlt::6103afcc83916ef8ecf8b1c8,6103afcc83916ef8ecf8b1c8,control_kwlt,kw,0,1,kw_control,1,6.0,0.5,I believe in equality and I think the other person deserves to receive a share of the money,Moral,1,-0.19474250282503003,-0.07816156922751266,3,0.7567179274067074,0.21755424288361602,0.02572782970967654
control_kwlt::6105ba07b4fa0867eaed2f5b,6105ba07b4fa0867eaed2f5b,control_kwlt,kw,0,1,kw_control,1,12.0,0.0,The money was allocated to me.,No clear justification,0,0.035492096109786445,-0.09620122299106279,4,0.7348240386038116,0.24112598057838544,0.024049980817803
control_kwlt::61084749cf11f78690969210,61084749cf11f78690969210,control_kwlt,kw,0,1,kw_control,1,6.0,0.5,It is fair and equal.,Moral,1,0.7234804667959527,-0.08303830320225501,4,0.6601106837385211,0.31913021086148324,0.02075910539999561
control_kwlt::610ac4d36cd609092b9815ca,610ac4d36cd609092b9815ca,control_kwlt,kw,0,1,kw_control,2,6.0,0.5,"By transferring 6 dollars, I am giving the other participant half of what was allocated to me. I think that is a fair amount to give away and I felt as though the other participant would be pleased to find out that we were splitting the money.",Moral,1,-0.6843279864440104,-0.11026260710346344,4,0.8013508869904555,0.17108433562849146,0.027564777381053
control_kwlt::610c940475aedaf9c70a190e,610c940475aedaf9c70a190e,control_kwlt,kw,0,1,kw_control,1,6.0,0.5,Why not? I'm not sure how the bonus will be allocated and it seems fair to share the $12.,Moral,1,0.035492096109786445,-0.09620122299106279,4,0.7348240386038116,0.24112598057838544,0.024049980817803
control_kwlt::61128a785cde987fd0b18ac8,61128a785cde987fd0b18ac8,control_kwlt,kw,0,1,kw_control,1,7.0,0.4166666666666666,"I feel bad that the other person didn't get anything, but I would also like to keep the money.",Self-interest,3,0.035492096109786445,-0.09620122299106279,4,0.7348240386038116,0.24112598057838544,0.024049980817803
control_kwlt::6113d05ff415bab1824688e3,6113d05ff415bab1824688e3,control_kwlt,kw,0,1,kw_control,2,6.0,0.5,Its not fair fo rme to keep the whole thing so I gave them half,Moral,1,-0.19474250282503003,-0.07816156922751266,3,0.7567179274067074,0.21755424288361602,0.02572782970967654
control_kwlt::61153455405f1e389764b2a3,61153455405f1e389764b2a3,control_kwlt,kw,0,1,kw_control,1,8.0,0.3333333333333333,I don't want this person to have nothing and want to share a portion of the earnings,Moral,1,0.035492096109786445,-0.09620122299106279,4,0.7348240386038116,0.24112598057838544,0.024049980817803
control_kwlt::61167ac051d9dca3173af391,61167ac051d9dca3173af391,control_kwlt,kw,0,1,kw_control,1,8.0,0.3333333333333333,Id like toi keep all the money but that woyuld be greedy. I should split it but i will never meet the other participant.,Moral,1,-0.19474250282503003,-0.07816156922751266,3,0.7567179274067074,0.21755424288361602,0.02572782970967654
control_kwlt::611c4b67ef5ef50313395ffb,611c4b67ef5ef50313395ffb,control_kwlt,kw,0,1,kw_control,2,10.0,0.1666666666666666,I wanted to give them more as a participant.,Moral,1,0.7773776238438589,-0.05980756874333179,3,0.6532733813901638,0.32577498754921347,0.02095163106062274
control_kwlt::612f538747ef6b8c305a49b3,612f538747ef6b8c305a49b3,control_kwlt,kw,0,1,kw_control,1,6.0,0.5,"I think it the fairest way. we both started the survey with nothing, luck of the draw gave me 12 and them nothing so it feels right we both get an equal amount",Moral,1,0.7773776238438589,-0.059807568743331756,3,0.6532733813901638,0.32577498754921347,0.02095163106062274
control_kwlt::6133c95920f36041dbf40fba,6133c95920f36041dbf40fba,control_kwlt,kw,0,1,kw_control,2,9.0,0.25,felt he needed some money,Moral,1,-0.6843279864440104,-0.11026260710346344,4,0.8013508869904555,0.17108433562849146,0.027564777381053
control_kwlt::61506c47ba993182b68a73d6,61506c47ba993182b68a73d6,control_kwlt,kw,0,1,kw_control,2,6.0,0.5,I split it evenly,Moral,1,0.035492096109786445,-0.09620122299106279,4,0.7348240386038116,0.24112598057838544,0.024049980817803
control_kwlt::615239af65358edf57e7a095,615239af65358edf57e7a095,control_kwlt,kw,0,1,kw_control,2,6.0,0.5,I chose this allocation as a way of being fair and equal. I felt like we both should have $6 that way one of us doesn't have more than the other.,Moral,1,0.742687966460586,0.8052292772625548,4,0.6369705829390352,0.31432961085690836,0.04869980620405645
control_kwlt::615374d9fd9b41728babd974,615374d9fd9b41728babd974,control_kwlt,kw,0,1,kw_control,1,6.0,0.5,"Since I don't know what kind of effort the other put in, the fairest allocation is half the money.",Moral,1,-0.6843279864440104,-0.11026260710346344,4,0.8013508869904555,0.17108433562849146,0.027564777381053
control_kwlt::61571867e8afc5737263fcfe,61571867e8afc5737263fcfe,control_kwlt,kw,0,1,kw_control,2,6.0,0.5,i chose this so we would have the same amount and it was equal,Moral,1,0.035492096109786445,-0.09620122299106279,4,0.7348240386038116,0.24112598057838544,0.024049980817803
control_kwlt::61588a883213fd00ccae7c21,61588a883213fd00ccae7c21,control_kwlt,kw,0,1,kw_control,1,6.0,0.5,I feel like this is fair - it is equal and all humans are equal. It would be unfair for me to give someone less than myself when we are both in the same position.,Moral,1,0.7234804667959527,-0.08303830320225501,4,0.6601106837385211,0.31913021086148324,0.02075910539999561
control_kwlt::6159f89455d1810d6cc8c86b,6159f89455d1810d6cc8c86b,control_kwlt,kw,0,1,kw_control,1,8.0,0.3333333333333333,I think giving them this amount is a good thing to do.,Moral,1,0.035492096109786445,-0.09620122299106279,4,0.7348240386038116,0.24112598057838544,0.024049980817803
control_kwlt::615ded1a0b5ad33384c0326e,615ded1a0b5ad33384c0326e,control_kwlt,kw,0,1,kw_control,1,6.0,0.5,It feels the fairest thing to do,Moral,1,0.035492096109786445,-0.09620122299106279,4,0.7348240386038116,0.24112598057838544,0.024049980817803
control_kwlt::615e68b3f55d1cf5f6defc2a,615e68b3f55d1cf5f6defc2a,control_kwlt,kw,0,1,kw_control,1,6.0,0.5,To keep it fair. I would hope they would do the same.,Moral,1,0.1316652888925463,-0.06926366648785251,3,0.7247105410046907,0.25111932744758747,0.024170131547721904
control_kwlt::615f097035d3a6a38238039b,615f097035d3a6a38238039b,control_kwlt,kw,0,1,kw_control,2,12.0,0.0,I didn’t want to give any money to them as I don’t know them,Self-interest,3,-0.19474250282503003,-0.07816156922751266,3,0.7567179274067074,0.21755424288361602,0.02572782970967654
control_kwlt::616202f3ca5b3ab47923ee80,616202f3ca5b3ab47923ee80,control_kwlt,kw,0,1,kw_control,2,6.0,0.5,I wanted to make it fair again,Moral,1,-0.6553061082647963,-0.08672159303610953,3,0.7983568938432501,0.17360022704942335,0.02804287910732649
control_kwlt::61762d78247d96d4b4b6c132,61762d78247d96d4b4b6c132,control_kwlt,kw,0,1,kw_control,1,9.0,0.25,25% seems fair,Moral,1,-0.19474250282503003,-0.07816156922751266,3,0.7567179274067074,0.21755424288361602,0.02572782970967654
control_kwlt::62029887ef1cb18a1337c2e4,62029887ef1cb18a1337c2e4,control_kwlt,kw,0,1,kw_control,1,11.0,0.0833333333333333,i want the money but i dont want them to result in nothing,Self-interest,3,0.035492096109786445,-0.09620122299106279,4,0.7348240386038116,0.24112598057838544,0.024049980817803
control_kwlt::62681384fd4e3b590854ac76,62681384fd4e3b590854ac76,control_kwlt,kw,0,1,kw_control,2,6.0,0.5,I got given something for nothing. I could easily have been the other person. I think it's fair. I would hope the other person would do the same for me.,Moral,1,0.035492096109786445,-0.09620122299106279,4,0.7348240386038116,0.24112598057838544,0.024049980817803
control_kwlt::6272bd000471b3d9ed5d4da5,6272bd000471b3d9ed5d4da5,control_kwlt,kw,0,1,kw_control,2,6.0,0.5,It just seems right to equally share in a partnership.,Moral,1,0.035492096109786445,-0.09620122299106279,4,0.7348240386038116,0.24112598057838544,0.024049980817803
control_kwlt::627939f8be425f07943f0533,627939f8be425f07943f0533,control_kwlt,kw,0,1,kw_control,2,10.0,0.1666666666666666,I feel guilty for their unlucky allocation but do not feel indebted to share mine - gave alittle out of generosity,Moral,1,0.2383852481652708,-0.019197454319884847,1,0.7128710650642286,0.2623504058982448,0.02477852903752663
control_kwlt::6286800999a782f0e51954a5,6286800999a782f0e51954a5,control_kwlt,kw,0,1,kw_control,1,12.0,0.0,"Screw it, I want all the money",Self-interest,3,0.035492096109786445,-0.09620122299106279,4,0.7348240386038116,0.24112598057838544,0.024049980817803
control_kwlt::62a720d11331233ff4d813d5,62a720d11331233ff4d813d5,control_kwlt,kw,0,1,kw_control,2,6.0,0.5,"I wanted the bonus to be given equally between the two participants. Because the money is a gift that wasn't worked to earn, I thought the fair way is the best choice.",Moral,1,-0.19474250282503003,-0.07816156922751266,3,0.7567179274067074,0.21755424288361602,0.02572782970967654
control_kwlt::62b056b6df8491744cfd6b04,62b056b6df8491744cfd6b04,control_kwlt,kw,0,1,kw_control,2,6.0,0.5,There was such a discrepancy I thought would be good to split it between us,Moral,1,0.035492096109786445,-0.09620122299106279,4,0.7348240386038116,0.24112598057838544,0.024049980817803
control_kwlt::62b5db48089258eeb74f68d2,62b5db48089258eeb74f68d2,control_kwlt,kw,0,1,kw_control,1,6.0,0.5,Because thats just fair we are both taking part in the study and doing teh work i feel it should be split easily down the middle noone is doing more than teh other participant,Moral,1,0.7234804667959527,-0.08303830320225501,4,0.6601106837385211,0.31913021086148324,0.02075910539999561
control_kwlt::62b6cb277460cccbc8f27ad5,62b6cb277460cccbc8f27ad5,control_kwlt,kw,0,1,kw_control,2,6.0,0.5,once again I would like to share the amount out equally,Moral,1,0.035492096109786445,-0.09620122299106279,4,0.7348240386038116,0.24112598057838544,0.024049980817803
control_kwlt::62d5cef0d9f0379a81a33cf1,62d5cef0d9f0379a81a33cf1,control_kwlt,kw,0,1,kw_control,1,7.5,0.375,half is fair,Moral,1,0.2383852481652708,-0.019197454319884847,1,0.7128710650642286,0.2623504058982448,0.02477852903752663
control_kwlt::62e04413fd91f451e42d558d,62e04413fd91f451e42d558d,control_kwlt,kw,0,1,kw_control,1,8.0,0.3333333333333333,It is enough money for someone to be happy with while also letting me have enough of my own share.,Moral,1,-0.6843279864440104,-0.11026260710346344,4,0.8013508869904555,0.17108433562849146,0.027564777381053
control_kwlt::62ea814597e4669c86d1eb46,62ea814597e4669c86d1eb46,control_kwlt,kw,0,1,kw_control,2,12.0,0.0,"Same as before, I want to be greedy in this due to financial gain and I feel like many other users will do the same.",Self-interest,3,0.035492096109786445,-0.09620122299106279,4,0.7348240386038116,0.24112598057838544,0.024049980817803
control_kwlt::62fb79ce60f92702f85d1e40,62fb79ce60f92702f85d1e40,control_kwlt,kw,0,1,kw_control,2,12.0,0.0,I want to keep as much for myself as possible as I think other people would do the same anyway,Self-interest,3,0.035492096109786445,-0.09620122299106279,4,0.7348240386038116,0.24112598057838544,0.024049980817803
control_kwlt::62fcf3d9948e4a6a9623cce8,62fcf3d9948e4a6a9623cce8,control_kwlt,kw,0,1,kw_control,1,6.0,0.5,"The other participant and I are doing the same study, so we should enjoy the fruits equally.",Moral,1,0.1316652888925463,-0.06926366648785251,3,0.7247105410046907,0.25111932744758747,0.024170131547721904
control_kwlt::63038b2eaffacfbe936164c1,63038b2eaffacfbe936164c1,control_kwlt,kw,0,1,kw_control,1,7.0,0.4166666666666666,"I just chose to send slightly less, as i need the bonus",Self-interest,3,0.7234804667959527,-0.08303830320225501,4,0.6601106837385211,0.31913021086148324,0.02075910539999561
control_kwlt::63039f41fa5c21d483996be2,63039f41fa5c21d483996be2,control_kwlt,kw,0,1,kw_control,2,12.0,0.0,I need the money because I don't have any because the bookmaker took £300 from me yesterday,Self-interest,3,0.09150295042799497,-0.07250595039042276,3,0.7288123664630296,0.24687778125082477,0.024309852286145676
control_kwlt::6308dca0fefa374b1d697aba,6308dca0fefa374b1d697aba,control_kwlt,kw,0,1,kw_control,1,6.0,0.5,"I want to keep it fair and even, why dont we both get a bonus and not just one of us.",Moral,1,0.7234804667959527,-0.08303830320225501,4,0.6601106837385211,0.31913021086148324,0.02075910539999561
control_kwlt::63132e0bd4c11adb849be441,63132e0bd4c11adb849be441,control_kwlt,kw,0,1,kw_control,2,12.0,0.0,I wouldn't want to give away fictional dollars to someone I don't know,Self-interest,3,-0.19474250282503003,-0.07816156922751266,3,0.7567179274067074,0.21755424288361602,0.02572782970967654
control_kwlt::6317466e77a46dec7e2909b4,6317466e77a46dec7e2909b4,control_kwlt,kw,0,1,kw_control,2,12.0,0.0,I want the best chance of getting a big bonus,Self-interest,3,0.6042554469183785,-0.07274063385008926,3,0.6739155352331191,0.304493373492797,0.021591091274083908
control_kwlt::631908a8cdd88ee53fb9a0d9,631908a8cdd88ee53fb9a0d9,control_kwlt,kw,0,1,kw_control,2,6.0,0.5,Again it seemed the fairest option without any information about the other person,Moral,1,0.7234804667959527,-0.08303830320225501,4,0.6601106837385211,0.31913021086148324,0.02075910539999561
control_kwlt::6319fb160fc7f174e5861d1d,6319fb160fc7f174e5861d1d,control_kwlt,kw,0,1,kw_control,1,6.0,0.5,Because it's the fair and just solution so everyone gets the same.,Moral,1,-0.19474250282503003,-0.07816156922751266,3,0.7567179274067074,0.21755424288361602,0.02572782970967654
control_kwlt::631b20fe907d287dc6c1ea1e,631b20fe907d287dc6c1ea1e,control_kwlt,kw,0,1,kw_control,2,6.0,0.5,It again seems like the most equitable outcome and I would be happy to receive 6 dollars,Moral,1,0.035492096109786445,-0.09620122299106279,4,0.7348240386038116,0.24112598057838544,0.024049980817803
control_kwlt::632190bcf132c51acad8d760,632190bcf132c51acad8d760,control_kwlt,kw,0,1,kw_control,2,6.0,0.5,It was the fairest way to split the money.,Moral,1,0.035492096109786445,-0.09620122299106279,4,0.7348240386038116,0.24112598057838544,0.024049980817803
control_kwlt::633b0a148c59e60d29652fda,633b0a148c59e60d29652fda,control_kwlt,kw,0,1,kw_control,2,6.0,0.5,Even though I was previously ok with luck of draw this scenario was too lopsided for me so I decided to split the pot with the other participant. It's not that much money in the grand scheme of things anyway.,Moral,1,0.19855988686252463,-0.044552228515932595,2,0.7174442778377254,0.25816406726181873,0.024391654900455986
control_kwlt::63469936667ba15958274dc7,63469936667ba15958274dc7,control_kwlt,kw,0,1,kw_control,1,6.0,0.5,"I wanted to make sure it was fair, both myself and the participant is doing the same amount of work so we should be treated equally.",Moral,1,0.06486492582816109,-0.0730557820495936,3,0.7314833179809022,0.24407625304855812,0.02444042897053967
control_kwlt::6346b5a6ea546c77fae4c827,6346b5a6ea546c77fae4c827,control_kwlt,kw,0,1,kw_control,2,6.0,0.5,"As much as I need the money, the other person might also need it as much as me - or more. I don't know that, so why would I be greedy and keep it all myself or even give myself more than them.",Moral,1,0.09150295042799497,-0.07250595039042276,3,0.7288123664630296,0.24687778125082477,0.024309852286145676
control_kwlt::63614851eba9f853fc9ffb45,63614851eba9f853fc9ffb45,control_kwlt,kw,0,1,kw_control,2,6.0,0.5,I think again this is the fair option for two people who did the same amount of work.,Moral,1,0.035492096109786445,-0.09620122299106279,4,0.7348240386038116,0.24112598057838544,0.024049980817803
control_kwlt::63d15a7517e523b16d71c5a9,63d15a7517e523b16d71c5a9,control_kwlt,kw,0,1,kw_control,1,10.0,0.1666666666666666,"I wanted to give a little, but keep the majority for myself.",Self-interest,3,-0.16677395931887304,-0.0544598265902651,2,0.753608824986274,0.22021916379782788,0.02617201121589807
control_kwlt::63d276cb9267b23170884be3,63d276cb9267b23170884be3,control_kwlt,kw,0,1,kw_control,2,9.0,0.25,"I'm a team player. I can feel good about my self, and the other person will go away happier than if they had less.",Moral,1,0.09150295042799497,-0.07250595039042276,3,0.7288123664630296,0.24687778125082477,0.024309852286145676
control_kwlt::63d2a265f30f192a148f83cc,63d2a265f30f192a148f83cc,control_kwlt,kw,0,1,kw_control,1,6.0,0.5,It felt fair to share equally,Moral,1,-0.6691514282189474,-0.0874992777375991,3,0.7995609570443725,0.17234118543327498,0.028097857522352596
control_kwlt::63d405a83ba700cc5bb12e9c,63d405a83ba700cc5bb12e9c,control_kwlt,kw,0,1,kw_control,1,12.0,0.0,I do not know the other person and they would probably do the same,Self-interest,3,0.1316652888925463,-0.06926366648785251,3,0.7247105410046907,0.25111932744758747,0.024170131547721904
control_kwlt::63d445e3a5aba6622cd022d4,63d445e3a5aba6622cd022d4,control_kwlt,kw,0,1,kw_control,2,6.0,0.5,It seemed fairest that both participants should receive the same amount.,Moral,1,0.035492096109786445,-0.09620122299106279,4,0.7348240386038116,0.24112598057838544,0.024049980817803
control_kwlt::63d53d150a864eb06120bb88,63d53d150a864eb06120bb88,control_kwlt,kw,0,1,kw_control,2,12.0,0.0,I wanna keep my money,Self-interest,3,1.5660385166859445,-0.042385265897592984,2,0.5441556603381045,0.4388386261510318,0.01700571351086376
control_kwlt::63d7a7a1d17deb01f7afddd2,63d7a7a1d17deb01f7afddd2,control_kwlt,kw,0,1,kw_control,1,6.0,0.5,Equality. This is how I was raised.,Moral,1,0.09150295042799497,-0.07250595039042276,3,0.7288123664630296,0.24687778125082477,0.024309852286145676
control_kwlt::63d7cbbc05916152378dfcb5,63d7cbbc05916152378dfcb5,control_kwlt,kw,0,1,kw_control,2,9.0,0.25,Something is better than nothing,Self-interest,3,0.035492096109786445,-0.09620122299106279,4,0.7348240386038116,0.24112598057838544,0.024049980817803
control_kwlt::63d7f363c1c417a758d5b4ea,63d7f363c1c417a758d5b4ea,control_kwlt,kw,0,1,kw_control,2,9.0,0.25,"I felt like being a little generous, but I still kept more for myself.",Moral,1,0.035492096109786445,-0.09620122299106279,4,0.7348240386038116,0.24112598057838544,0.024049980817803
control_kwlt::63ea48a5aebf913c16ce4c9e,63ea48a5aebf913c16ce4c9e,control_kwlt,kw,0,1,kw_control,1,10.5,0.125,Similar amount I would donate to a chosen charity if asked,Moral,1,0.09150295042799497,-0.07250595039042276,3,0.7288123664630296,0.24687778125082477,0.024309852286145676
control_kwlt::63f8705ae362b217290d08c2,63f8705ae362b217290d08c2,control_kwlt,kw,0,1,kw_control,2,6.0,0.5,equality,Moral,1,0.7234804667959527,-0.08303830320225501,4,0.6601106837385211,0.31913021086148324,0.02075910539999561
control_kwlt::640152774945eb00209175b4,640152774945eb00209175b4,control_kwlt,kw,0,1,kw_control,2,7.0,0.4166666666666666,I feel this was a good a fair option. I was able to keep 7 and give 5 to the person who began with nothing. I don't feel guilty as a result though I supposed I now notice this was more than I gave last time. I think this is fine and fair however.,Moral,1,0.035492096109786445,-0.09620122299106279,4,0.7348240386038116,0.24112598057838544,0.024049980817803
control_kwlt::640242b8a64a7390539f302b,640242b8a64a7390539f302b,control_kwlt,kw,0,1,kw_control,2,6.0,0.5,"I would be grateful if someone split the money with me rather than leaving me with nothing, so I decided to do the same.",Moral,1,-0.6843279864440104,-0.11026260710346344,4,0.8013508869904555,0.17108433562849146,0.027564777381053
control_kwlt::64135a534b0cddfc3e993248,64135a534b0cddfc3e993248,control_kwlt,kw,0,1,kw_control,2,6.0,0.5,I want the split to be equal and fair.,Moral,1,-0.06807469201004503,-0.026179810674385202,1,0.7436141316380389,0.23004848384176463,0.02633738452019649
control_kwlt::64136140e1cce438bf993257,64136140e1cce438bf993257,control_kwlt,kw,0,1,kw_control,2,7.0,0.4166666666666666,"I considered that it would be a lot to meet this other person halfway, but I still wanted to be generous. I am not obligated to give them anything, but I wanted to at least make sure they had a fair amount.",Moral,1,0.09150295042799497,-0.07250595039042276,3,0.7288123664630296,0.24687778125082477,0.024309852286145676
control_kwlt::64136981aa9af9154f69c8d7,64136981aa9af9154f69c8d7,control_kwlt,kw,0,1,kw_control,2,6.0,0.5,It just feels fair to split it equally.,Moral,1,0.7234804667959527,-0.08303830320225501,4,0.6601106837385211,0.31913021086148324,0.02075910539999561
control_kwlt::641c8d70daf41e655220606d,641c8d70daf41e655220606d,control_kwlt,kw,0,1,kw_control,1,6.0,0.5,I believe it is fair to split the money in half as I see it as not earned by me however it would be beneficial in my current circumstances to keep some of it.,Moral,1,-0.19474250282503003,-0.07816156922751266,3,0.7567179274067074,0.21755424288361602,0.02572782970967654
control_kwlt::642727be26e2e928b64f0ab0,642727be26e2e928b64f0ab0,control_kwlt,kw,0,1,kw_control,2,6.0,0.5,Because this made us equal in dollars,Moral,1,0.035492096109786445,-0.09620122299106279,4,0.7348240386038116,0.24112598057838544,0.024049980817803
control_kwlt::643808a66bb6ef1aff6bcf27,643808a66bb6ef1aff6bcf27,control_kwlt,kw,0,1,kw_control,1,10.0,0.1666666666666666,well at this point in time i have no idea what they have done,No clear justification,0,-0.19474250282503003,-0.07816156922751266,3,0.7567179274067074,0.21755424288361602,0.02572782970967654
control_kwlt::64403df6a907abab42be962a,64403df6a907abab42be962a,control_kwlt,kw,0,1,kw_control,2,5.5,0.5416666666666667,I wanted to help the other participant,Moral,1,-0.19474250282503003,-0.07816156922751266,3,0.7567179274067074,0.21755424288361602,0.02572782970967654
control_kwlt::644655c01a3123d677fe7b2d,644655c01a3123d677fe7b2d,control_kwlt,kw,0,1,kw_control,2,9.0,0.25,I wanted them to have something to I thought a 1/4 was a fair amount without taking too much from myself,Moral,1,-0.6843279864440104,-0.11026260710346344,4,0.8013508869904555,0.17108433562849146,0.027564777381053
control_kwlt::644a4cace89b63c509a1e3df,644a4cace89b63c509a1e3df,control_kwlt,kw,0,1,kw_control,2,9.0,0.25,I felt bad because they were allocated no money so i gave them some of mine to be nice.,Moral,1,-0.617179808388059,-0.058969390017264374,2,0.7944639375342607,0.17694258445463806,0.02859347801110124
control_kwlt::644bdfbf6078442ff277a4bb,644bdfbf6078442ff277a4bb,control_kwlt,kw,0,1,kw_control,2,8.0,0.3333333333333333,"I need to give something, but I prefer to end up with more. I think £4 would cover some basics and just about be fair. I wouldn't give nothing as that's too mean.",Moral,1,-0.19474250282503003,-0.07816156922751266,3,0.7567179274067074,0.21755424288361602,0.02572782970967654
control_kwlt::644bf7fe4fa5d41d1b261946,644bf7fe4fa5d41d1b261946,control_kwlt,kw,0,1,kw_control,1,8.0,0.3333333333333333,"As I do not know the kind of person that the other participant is, I would not want them to not have any amount, at the same time I think I am generous to gift 4 pounds to them and I hope they don't think that its too little.",Moral,1,0.035492096109786445,-0.09620122299106279,4,0.7348240386038116,0.24112598057838544,0.024049980817803
control_kwlt::645530b386664621fd98a8fc,645530b386664621fd98a8fc,control_kwlt,kw,0,1,kw_control,1,6.0,0.5,I just think it's fair - we are both participating in the same study so we should get the same amount of remuneration.,Moral,1,0.1316652888925463,-0.06926366648785251,3,0.7247105410046907,0.25111932744758747,0.024170131547721904
control_kwlt::64666a24d4af630f6124f177,64666a24d4af630f6124f177,control_kwlt,kw,0,1,kw_control,1,6.0,0.5,I chose this simply because I thought it was fair.,Moral,1,-0.6019348164365413,-0.05817519015683462,2,0.7931267787554512,0.17834397085079468,0.028529250393754042
control_kwlt::646bf9533847a5cbaac4825c,646bf9533847a5cbaac4825c,control_kwlt,kw,0,1,kw_control,2,6.0,0.5,"I merely wanted to be completely fair and give another person a break, thus sharing evenly between us.",Moral,1,0.035492096109786445,-0.09620122299106279,4,0.7348240386038116,0.24112598057838544,0.024049980817803
control_kwlt::647205d8a9928c1f1f9ca9b9,647205d8a9928c1f1f9ca9b9,control_kwlt,kw,0,1,kw_control,2,6.0,0.5,As before. An equal share each is fair,Moral,1,0.035492096109786445,-0.09620122299106279,4,0.7348240386038116,0.24112598057838544,0.024049980817803
control_kwlt::64e61891542003e1b394bad3,64e61891542003e1b394bad3,control_kwlt,kw,0,1,kw_control,1,6.0,0.5,Its money I haven't had to earn so it seems reasonable to share it equally,Moral,1,0.09150295042799497,-0.07250595039042276,3,0.7288123664630296,0.24687778125082477,0.024309852286145676
control_kwlt::64fb1c70c9719e368a47142d,64fb1c70c9719e368a47142d,control_kwlt,kw,0,1,kw_control,1,6.0,0.5,It seems fair. The allocation is for two people so allocating half to each seems the moral thing to do. It is what I would hope the other person would do if the situation was reversed.,Moral,1,0.035492096109786445,-0.09620122299106279,4,0.7348240386038116,0.24112598057838544,0.024049980817803
control_kwlt::64fb7a063c124d3259221f63,64fb7a063c124d3259221f63,control_kwlt,kw,0,1,kw_control,1,6.0,0.5,I wouldn't feel good if it were me and I didn't recieve anything. I think splitting the money is the right thing to do,Moral,1,-0.1769388570000798,1.6184587447755827,3,0.6771528092642831,0.1973916769014874,0.12545551383422943
control_kwlt::65017e37444eabcb98a0f4c9,65017e37444eabcb98a0f4c9,control_kwlt,kw,0,1,kw_control,1,6.0,0.5,I feel we both worked hard together to earn the amount so shouod be shared equally,Moral,1,-0.6843279864440104,-0.11026260710346344,4,0.8013508869904555,0.17108433562849146,0.027564777381053
control_kwlt::6534cceb3847273f3c9b8239,6534cceb3847273f3c9b8239,control_kwlt,kw,0,1,kw_control,2,8.0,0.3333333333333333,I would like to give the other person some money as I do not need it all and they may need it more than me.,Moral,1,0.0354920961097864,-0.09620122299106279,4,0.7348240386038116,0.24112598057838544,0.024049980817803
control_kwlt::653e8aa7a31cfbf34da5939a,653e8aa7a31cfbf34da5939a,control_kwlt,kw,0,1,kw_control,2,6.0,0.5,Because it is the fair and equal thing to do,Moral,1,0.035492096109786445,-0.09620122299106279,4,0.7348240386038116,0.24112598057838544,0.024049980817803
control_kwlt::6543b26af1e6e62e562a4177,6543b26af1e6e62e562a4177,control_kwlt,kw,0,1,kw_control,1,6.0,0.5,it seems the fairest. i would want my partner to split it evenly with me,Moral,1,0.035492096109786445,-0.09620122299106279,4,0.7348240386038116,0.24112598057838544,0.024049980817803
control_kwlt::6544fdc7d89f7e26184cd12e,6544fdc7d89f7e26184cd12e,control_kwlt,kw,0,1,kw_control,2,12.0,0.0,Why should I give up my resources.,Self-interest,3,0.035492096109786445,-0.09620122299106279,4,0.7348240386038116,0.24112598057838544,0.024049980817803
control_kwlt::6545400d6d15a71561d3d2e9,6545400d6d15a71561d3d2e9,control_kwlt,kw,0,1,kw_control,2,6.0,0.5,It would split it evenly and would be fair.,Moral,1,-0.16677395931887304,-0.0544598265902651,2,0.753608824986274,0.22021916379782788,0.02617201121589807
control_kwlt::65465ad50fb5c91a7da03f86,65465ad50fb5c91a7da03f86,control_kwlt,kw,0,1,kw_control,1,6.0,0.5,Fairness. 50/50 split.,Moral,1,0.7234804667959527,-0.08303830320225501,4,0.6601106837385211,0.31913021086148324,0.02075910539999561
control_kwlt::6548ecb8df0db5617e001aef,6548ecb8df0db5617e001aef,control_kwlt,kw,0,1,kw_control,1,8.0,0.3333333333333333,I don't feel that I can keep all the money as that would seem greedy and unfair. By passing on less than half I feel that is fair.,Moral,1,0.035492096109786445,-0.09620122299106279,4,0.7348240386038116,0.24112598057838544,0.024049980817803
control_kwlt::6563b8c95e1de3467955294d,6563b8c95e1de3467955294d,control_kwlt,kw,0,1,kw_control,2,8.0,0.3333333333333333,"$0 would be unfair. I could use the money but wish to share some part of it, so 1/3 feels ok.",Moral,1,0.1316652888925463,-0.06926366648785251,3,0.7247105410046907,0.25111932744758747,0.024170131547721904
control_kwlt::65674bbe06cda795e73bfcce,65674bbe06cda795e73bfcce,control_kwlt,kw,0,1,kw_control,2,6.0,0.5,I once again did an equal split because we are again doing the same amount of work with the same amount of effort and time.,Moral,1,-0.6636735400568929,0.749933976384266,4,0.7715572501077551,0.16592244856587485,0.06252030132636997
control_kwlt::6569e71e2dc4cb2ac7e49e89,6569e71e2dc4cb2ac7e49e89,control_kwlt,kw,0,1,kw_control,2,5.0,0.5833333333333333,I didnt want to be stingy or too soft so i opted close to the middle,Moral,1,-0.19474250282503003,-0.07816156922751266,3,0.7567179274067074,0.21755424288361602,0.02572782970967654
control_kwlt::656de737da10444f5be8063e,656de737da10444f5be8063e,control_kwlt,kw,0,1,kw_control,1,6.0,0.5,I think we are both doing the same survey so seems fair that we both get 50/50.,Moral,1,-0.6843279864440104,-0.11026260710346344,4,0.8013508869904555,0.17108433562849146,0.027564777381053
control_kwlt::659434e70eca9f5cb8c6f1d5,659434e70eca9f5cb8c6f1d5,control_kwlt,kw,0,1,kw_control,1,6.0,0.5,"I chose this allocation because it is the most fair. If I got 0 dollars and the other participant got 12, I would hope and somewhat expect that they would also split the cash evenly.",Moral,1,-0.617179808388059,-0.058969390017264374,2,0.7944639375342607,0.17694258445463806,0.02859347801110124
control_kwlt::6598f71c3d07928cc1890b9f,6598f71c3d07928cc1890b9f,control_kwlt,kw,0,1,kw_control,1,6.0,0.5,i think a 50/50 split is fair,Moral,1,0.7234804667959527,-0.08303830320225501,4,0.6601106837385211,0.31913021086148324,0.02075910539999561
control_kwlt::65a0af125aba9e5f885c0ff3,65a0af125aba9e5f885c0ff3,control_kwlt,kw,0,1,kw_control,1,6.5,0.4583333333333333,I think in fairness in this particular situation I would allocate a significant amount of the earnings to another party as a part of this study with out it being the majority,Moral,1,0.035492096109786445,-0.09620122299106279,4,0.7348240386038116,0.24112598057838544,0.024049980817803
control_kwlt::65aafa301d1aa8daf91f5bee,65aafa301d1aa8daf91f5bee,control_kwlt,kw,0,1,kw_control,2,6.0,0.5,"It is fair. If I was the other participant, I would love to get the same as the allocator.",Moral,1,0.035492096109786445,-0.09620122299106279,4,0.7348240386038116,0.24112598057838544,0.024049980817803
control_kwlt::65af6825dc5ec1a8d28d4183,65af6825dc5ec1a8d28d4183,control_kwlt,kw,0,1,kw_control,1,12.0,0.0,I had luck at start and given full amount - i would like to keep that,Self-interest,3,0.035492096109786445,-0.09620122299106279,4,0.7348240386038116,0.24112598057838544,0.024049980817803
control_kwlt::65b3ed69eb1a6277cdc1ee3a,65b3ed69eb1a6277cdc1ee3a,control_kwlt,kw,0,1,kw_control,1,6.0,0.5,"I try to be fair to everyone, especially if I have the deciding vote. I am on a fixed income but that would never justify hoarding the funds to myself. This amount of money, while helpful, I can do without if necessary or someone else needs it more.",Moral,1,1.0240617117815143,-0.033987127247678085,2,0.6217549672957006,0.3580954952194272,0.020149537484872346
control_kwlt::65b6dc6d9d685626cfef6857,65b6dc6d9d685626cfef6857,control_kwlt,kw,0,1,kw_control,1,6.0,0.5,It seems like the most fair option.,Moral,1,0.035492096109786445,-0.09620122299106279,4,0.7348240386038116,0.24112598057838544,0.024049980817803
control_kwlt::65c14eb17b368ee1ed773e03,65c14eb17b368ee1ed773e03,control_kwlt,kw,0,1,kw_control,2,11.5,0.0416666666666666,Keep most of the money that was allocated,Self-interest,3,0.11201570315478858,0.8286032049788452,3,0.7010457663191887,0.24142662903333345,0.05752760464747788
control_kwlt::65cb86f5d66c449d8c8f69af,65cb86f5d66c449d8c8f69af,control_kwlt,kw,0,1,kw_control,1,7.0,0.4166666666666666,I wanted to give the other participant close to half of the money,Moral,1,-0.18857858658312887,0.8159446417884472,3,0.7288992627058608,0.21053110997781643,0.06056962731632285
control_kwlt::65cccdff4fd2300b7bfef505,65cccdff4fd2300b7bfef505,control_kwlt,kw,0,1,kw_control,2,6.0,0.5,Fairness. I like things to be fair,Moral,1,-0.6338459784526013,-0.08293100677771605,3,0.7964277519034667,0.17554450988327766,0.02802773821325554
control_kwlt::65d23bd4ff1b1b2309615228,65d23bd4ff1b1b2309615228,control_kwlt,kw,0,1,kw_control,2,6.0,0.5,A fair division of assets.,Moral,1,-0.19474250282503003,-0.07816156922751266,3,0.7567179274067074,0.21755424288361602,0.02572782970967654
control_kwlt::65dfc96e7508cdc692c77fa4,65dfc96e7508cdc692c77fa4,control_kwlt,kw,0,1,kw_control,1,6.0,0.5,seemed fair and not overly too much,Moral,1,0.035492096109786445,-0.09620122299106279,4,0.7348240386038116,0.24112598057838544,0.024049980817803
control_kwlt::65e93461002cbec4e9a28f80,65e93461002cbec4e9a28f80,control_kwlt,kw,0,1,kw_control,2,9.0,0.25,giving the person something but not all,Moral,1,0.7234804667959527,-0.08303830320225501,4,0.6601106837385211,0.31913021086148324,0.02075910539999561
control_kwlt::65ea3ad7b77c607619e7def6,65ea3ad7b77c607619e7def6,control_kwlt,kw,0,1,kw_control,2,12.0,0.0,It is most important to me to get the most money in a potential bonus.,Self-interest,3,0.035492096109786445,-0.09620122299106279,4,0.7348240386038116,0.24112598057838544,0.024049980817803
control_kwlt::65f188fa5c340214664f1951,65f188fa5c340214664f1951,control_kwlt,kw,0,1,kw_control,1,6.0,0.5,"I think it's the most fair option - I wasn't chosen to receive $12 for any specific reason. So, I can't rationally argue that I deserve it.",Moral,1,0.06486492582816115,-0.0730557820495936,3,0.7314833179809022,0.24407625304855812,0.02444042897053967
control_kwlt::65fcc84e70796a69373bcd0e,65fcc84e70796a69373bcd0e,control_kwlt,kw,0,1,kw_control,2,6.0,0.5,I tried to be fair,Moral,1,0.7234804667959527,-0.08303830320225501,4,0.6601106837385211,0.31913021086148324,0.02075910539999561
control_kwlt::660338e4a1acbad65a2955ec,660338e4a1acbad65a2955ec,control_kwlt,kw,0,1,kw_control,1,6.0,0.5,I think it is the most fair for everyone that we split the allocation.,Moral,1,-0.6843279864440104,-0.11026260710346344,4,0.8013508869904555,0.17108433562849146,0.027564777381053
control_kwlt::66047cf334cba5fe8be31eeb,66047cf334cba5fe8be31eeb,control_kwlt,kw,0,1,kw_control,1,12.0,0.0,I have to be very frugal and preserve what money I have,Self-interest,3,-0.16677395931887304,-0.0544598265902651,2,0.753608824986274,0.22021916379782788,0.02617201121589807
control_kwlt::660d5572c059afcbc587f8ac,660d5572c059afcbc587f8ac,control_kwlt,kw,0,1,kw_control,1,6.0,0.5,i think it is fair to share equally,Moral,1,0.035492096109786445,-0.09620122299106279,4,0.7348240386038116,0.24112598057838544,0.024049980817803
control_kwlt::660d93e761fbbc2c4bd8e758,660d93e761fbbc2c4bd8e758,control_kwlt,kw,0,1,kw_control,1,6.0,0.5,I think its only fair to split it.,Moral,1,0.6042554469183785,-0.07274063385008926,3,0.6739155352331191,0.304493373492797,0.021591091274083908
control_kwlt::66117731dd2d071debd435a4,66117731dd2d071debd435a4,control_kwlt,kw,0,1,kw_control,1,6.0,0.5,I think it should be fair.,Moral,1,0.035492096109786445,-0.09620122299106279,4,0.7348240386038116,0.24112598057838544,0.024049980817803
control_kwlt::66131cf497c722e7c66752d5,66131cf497c722e7c66752d5,control_kwlt,kw,0,1,kw_control,1,6.0,0.5,I felt it was only fair - seeing as this is money that has been given to me and is not my own to start with.,Moral,1,0.7234804667959527,-0.08303830320225501,4,0.6601106837385211,0.31913021086148324,0.02075910539999561
control_kwlt::6617e789dda93f132b28b306,6617e789dda93f132b28b306,control_kwlt,kw,0,1,kw_control,1,6.0,0.5,"As the other person received $0, it is fair if I split the amount equally. I don't see myself as a selfish person and it would be greedy of me to keep more.",Moral,1,-0.639274452242488,-0.06291765360710877,2,0.7964565574499164,0.17493492732181543,0.02860851522826821
control_kwlt::661aa46607e2174c41fdcfea,661aa46607e2174c41fdcfea,control_kwlt,kw,0,1,kw_control,2,6.0,0.5,Same reasons as I'm hoping we'll even out with the same amount.,Moral,1,-0.06807469201004503,-0.026179810674385202,1,0.7436141316380389,0.23004848384176463,0.02633738452019649
control_kwlt::661fc92a62f9024a3aa5d28d,661fc92a62f9024a3aa5d28d,control_kwlt,kw,0,1,kw_control,1,8.0,0.3333333333333333,I was allocated the money so decided in a donation of 1/3,Moral,1,0.19855988686252463,-0.044552228515932595,2,0.7174442778377254,0.25816406726181873,0.024391654900455986
control_kwlt::66257a414b2977d75dcbd625,66257a414b2977d75dcbd625,control_kwlt,kw,0,1,kw_control,2,7.5,0.375,"I'm unsure who this person is or how wealthy. I'm not wealthy myself - but neither am I poor, so I chose this amount to keep most for myself - but enough to help the other person out today should they need it.",Self-interest,3,-0.6019348164365413,-0.05817519015683462,2,0.7931267787554512,0.17834397085079468,0.028529250393754042
control_kwlt::66294441f6545cc65fd7e23f,66294441f6545cc65fd7e23f,control_kwlt,kw,0,1,kw_control,1,6.0,0.5,"I want to be fair and split the money with my partner, since I assume they did the same thing that I just did. It only seems fair.",Moral,1,0.035492096109786445,-0.09620122299106279,4,0.7348240386038116,0.24112598057838544,0.024049980817803
control_kwlt::662958eb81091be0624ab054,662958eb81091be0624ab054,control_kwlt,kw,0,1,kw_control,1,6.0,0.5,The other participant and I are both doing to same study which did not cost anything so there is no reason more dollars should be allocated to me.,Moral,1,-0.6691514282189474,-0.0874992777375991,3,0.7995609570443725,0.17234118543327498,0.028097857522352596
control_kwlt::662f8a3bc02a7f164555439a,662f8a3bc02a7f164555439a,control_kwlt,kw,0,1,kw_control,2,6.0,0.5,I sent half of what I had so we would both have the same amount of money. its money I didn't have so I won't miss half of it. Christmas is coming so merry x mas to them.,Moral,1,-0.03583405803866328,0.9348050162876117,1,0.7098938753607666,0.22451910033391315,0.06558702430532021
control_kwlt::662fb3c5e1820641167cb02a,662fb3c5e1820641167cb02a,control_kwlt,kw,0,1,kw_control,1,6.0,0.5,Its fair,Moral,1,0.7234804667959527,-0.08303830320225501,4,0.6601106837385211,0.31913021086148324,0.02075910539999561
control_kwlt::66350a6a2e4e570ebbde861f,66350a6a2e4e570ebbde861f,control_kwlt,kw,0,1,kw_control,1,7.0,0.4166666666666666,I have a problem with just giving money away and not knowing the purpose of why. So if i lose $5 I in oppose to the whole thing I won't be to upset about that. However if I give the entire amount and have nothing than I would not be happy about that decision.,Self-interest,3,0.05569138459223961,0.7779644050161391,4,0.7084072414820392,0.2360778812497956,0.05551487726816525
control_kwlt::66371cc4de71aac65b5f1980,66371cc4de71aac65b5f1980,control_kwlt,kw,0,1,kw_control,2,6.0,0.5,"I wanted us to have equal amounts. I like to be fair, but I also use Prolific to care for my family.",Moral,1,-0.6843279864440104,-0.11026260710346344,4,0.8013508869904555,0.17108433562849146,0.027564777381053
control_kwlt::6638f1869e08291a2a97c4fb,6638f1869e08291a2a97c4fb,control_kwlt,kw,0,1,kw_control,1,6.0,0.5,it is a fair split for the two people doing the same task,Moral,1,0.7060675519619684,-0.04965242112497788,2,0.6616665690023041,0.31679274140950836,0.02154068958818751
control_kwlt::6639ebf807878b4110374f02,6639ebf807878b4110374f02,control_kwlt,kw,0,1,kw_control,1,9.0,0.25,"I honestly do not believe that there is another participant, but I do want them to get a small amount if they are real. I have to take care of myself first and I want the majority of the money. It's like me ordering a cheesecake at the Cheesecake Factory while dining with friends or family; I'm eating the majority of it, but I will share some of it to be nice.",Self-interest,3,1.36807724250289,-0.07046938230215992,4,0.5743978953568136,0.40798585521811176,0.01761624942507457
control_kwlt::664228a624fe120dff73fe02,664228a624fe120dff73fe02,control_kwlt,kw,0,1,kw_control,1,6.0,0.5,"I chose this allocation because it's fair, I get half and they get half. It only seems fair to me.",Moral,1,0.0354920961097864,-0.09620122299106279,4,0.7348240386038116,0.24112598057838544,0.024049980817803
control_kwlt::664230ff478688a0ab55d36d,664230ff478688a0ab55d36d,control_kwlt,kw,0,1,kw_control,1,6.0,0.5,Me and my partner are both doing the same thing and after the same goal. We should share it.,Moral,1,0.035492096109786354,-0.09620122299106279,4,0.7348240386038116,0.24112598057838544,0.024049980817803
control_kwlt::664515f07bf2c87db2ba3ac9,664515f07bf2c87db2ba3ac9,control_kwlt,kw,0,1,kw_control,1,6.0,0.5,Because its fair to both parties. I wouldnt wanna walk out with all $12 because i just dont feel that its fair.,Moral,1,0.035492096109786354,-0.09620122299106279,4,0.7348240386038116,0.24112598057838544,0.024049980817803
control_kwlt::664a04b30f003bd2e95da94f,664a04b30f003bd2e95da94f,control_kwlt,kw,0,1,kw_control,1,6.0,0.5,I wanted it to be equal for everyone involved.,Moral,1,0.1316652888925463,-0.06926366648785251,3,0.7247105410046907,0.25111932744758747,0.024170131547721904
control_kwlt::664efd1322a0666254a51974,664efd1322a0666254a51974,control_kwlt,kw,0,1,kw_control,2,6.0,0.5,"It lines up with my morals, it is fair and it seemed like the right thing to do.",Moral,1,0.035492096109786445,-0.09620122299106279,4,0.7348240386038116,0.24112598057838544,0.024049980817803
control_kwlt::66509dfc95969d3e9c64f2f1,66509dfc95969d3e9c64f2f1,control_kwlt,kw,0,1,kw_control,1,6.0,0.5,I feel that this is a fair amount. I got allocated $12 and they got nothing. I think it would only be right for me to split that with them.,Moral,1,0.7234804667959527,-0.08303830320225501,4,0.6601106837385211,0.31913021086148324,0.02075910539999561
control_kwlt::6650f47bc2ef800182aa05f8,6650f47bc2ef800182aa05f8,control_kwlt,kw,0,1,kw_control,2,6.0,0.5,so my partner and I have equal amounts,Moral,1,-0.6337274912712799,0.7991394542297352,3,0.7668377549379678,0.1680635813897194,0.06509866367231279
control_kwlt::6651d67c16a15ab9a2efbe48,6651d67c16a15ab9a2efbe48,control_kwlt,kw,0,1,kw_control,2,12.0,0.0,"As I noted before, I don't know this other person, & I have no incentive to give him or her anything, particularly if it would take money away from me.",Self-interest,3,0.6680592551615261,0.8796843248062658,2,0.6426242110087336,0.3041670922195645,0.05320869677170189
control_kwlt::6651fc6fa76f8668988064e8,6651fc6fa76f8668988064e8,control_kwlt,kw,0,1,kw_control,2,6.0,0.5,Again this makes us both equal and we can both have the same amount,Moral,1,0.7234804667959527,-0.08303830320225501,4,0.6601106837385211,0.31913021086148324,0.02075910539999561
control_kwlt::6653f8bc66ee537ef3ff0168,6653f8bc66ee537ef3ff0168,control_kwlt,kw,0,1,kw_control,1,10.0,0.1666666666666666,I want to keep the most part of the money since it is not a requirement to transfer any amount to another participant.,Self-interest,3,0.1316652888925463,-0.06926366648785251,3,0.7247105410046907,0.25111932744758747,0.024170131547721904
control_kwlt::6654847971e9e4d8aa4321eb,6654847971e9e4d8aa4321eb,control_kwlt,kw,0,1,kw_control,1,8.0,0.3333333333333333,I don’t know the person and would like more of the money,Self-interest,3,-0.6843279864440104,-0.11026260710346344,4,0.8013508869904555,0.17108433562849146,0.027564777381053
control_kwlt::66572bc15acff114c6c4a7ce,66572bc15acff114c6c4a7ce,control_kwlt,kw,0,1,kw_control,2,6.0,0.5,I split the money equally as I like to be fair.,Moral,1,0.7234804667959527,-0.08303830320225501,4,0.6601106837385211,0.31913021086148324,0.02075910539999561
control_kwlt::66587a4361d2e3d1f0e2ffa8,66587a4361d2e3d1f0e2ffa8,control_kwlt,kw,0,1,kw_control,1,6.0,0.5,"I feel like it's nice for me to get a good bonus, and it will be a nice surprise for the other person to be given that chunk as well.",Moral,1,0.035492096109786445,-0.09620122299106279,4,0.7348240386038116,0.24112598057838544,0.024049980817803
control_kwlt::6658b1d67df7606690e4d6da,6658b1d67df7606690e4d6da,control_kwlt,kw,0,1,kw_control,2,8.0,0.3333333333333333,"I wanted to give them an amount, but ensure there was plenty for me",Self-interest,3,0.0925756866388579,1.551576562882978,4,0.6610429997664158,0.22685579605509665,0.11210120417848755
control_kwlt::6658b62f5e45cac0aaeb4bfc,6658b62f5e45cac0aaeb4bfc,control_kwlt,kw,0,1,kw_control,1,9.0,0.25,"I don't know this person, so I have no reason to give them much! It's almost like they're not a real person in this situation, I know nothing about them, their wants, needs, personality, etc., so why should I give them money?",Self-interest,3,-0.6843279864440104,-0.11026260710346344,4,0.8013508869904555,0.17108433562849146,0.027564777381053
control_kwlt::6658b7718052141aa21e749d,6658b7718052141aa21e749d,control_kwlt,kw,0,1,kw_control,2,6.0,0.5,it was fair and equal to allocate that much,Moral,1,-0.03727782198302366,-0.025968623280514226,1,0.7406286617817986,0.23320402791426587,0.026167310303935487
control_kwlt::6658c25c10a2740f4cb35c36,6658c25c10a2740f4cb35c36,control_kwlt,kw,0,1,kw_control,2,6.0,0.5,I've split it in half,Moral,1,-0.5948251697720706,0.8596198173741333,2,0.7607509908572179,0.17087586537229044,0.06837314377049174
control_kwlt::6658c7eda8960c58d35f2b18,6658c7eda8960c58d35f2b18,control_kwlt,kw,0,1,kw_control,2,12.0,0.0,because I do not know the person so I want to keep as much money as possible,Self-interest,3,-0.1408640495161301,-0.05411734619990676,2,0.7511431125319626,0.22282099075970763,0.026035896708329672
control_kwlt::6659f6567651f4da7426a25e,6659f6567651f4da7426a25e,control_kwlt,kw,0,1,kw_control,1,12.0,0.0,I chose not to transfer any amount due to being selfish and wanting to retain the full amount to make the most of the bonus if I am selected.,Self-interest,3,0.19855988686252463,-0.044552228515932595,2,0.7174442778377254,0.25816406726181873,0.024391654900455986
control_kwlt::665c6ee4155e88c33bcd1d3e,665c6ee4155e88c33bcd1d3e,control_kwlt,kw,0,1,kw_control,2,6.0,0.5,"Once again, I believe that we should split the value down the middle, as it is a randomised allocation",Moral,1,-0.6843279864440104,-0.11026260710346344,4,0.8013508869904555,0.17108433562849146,0.027564777381053
control_kwlt::665dcf25bfb5635f99d85d44,665dcf25bfb5635f99d85d44,control_kwlt,kw,0,1,kw_control,2,7.0,0.4166666666666666,I have it to spare and its a nice thing to do - money means nothing but being good means everything,Moral,1,0.09150295042799497,-0.07250595039042276,3,0.7288123664630296,0.24687778125082477,0.024309852286145676
control_kwlt::665df9761e71be748c0f0013,665df9761e71be748c0f0013,control_kwlt,kw,0,1,kw_control,1,6.0,0.5,"i thought it was only fair we shared the amount, i wouldnt like it if it was the other way round",Moral,1,-0.6553061082647963,-0.08672159303610953,3,0.7983568938432501,0.17360022704942335,0.02804287910732649
control_kwlt::665e341114fbbafee8a19cc5,665e341114fbbafee8a19cc5,control_kwlt,kw,0,1,kw_control,2,6.0,0.5,I think it is fairest we both have the same amount of money - we were given the same tasks,Moral,1,-0.6843279864440104,-0.11026260710346344,4,0.8013508869904555,0.17108433562849146,0.027564777381053
control_kwlt::666062eebeee2e91dcde4add,666062eebeee2e91dcde4add,control_kwlt,kw,0,1,kw_control,2,6.0,0.5,im assuming they have done the same work as me so they deserve what i got,Moral,1,0.09150295042799497,-0.07250595039042276,3,0.7288123664630296,0.24687778125082477,0.024309852286145676
control_kwlt::6661b48a07e7867867d69d5c,6661b48a07e7867867d69d5c,control_kwlt,kw,0,1,kw_control,1,6.0,0.5,Splitting it in half,Moral,1,-0.19474250282503003,-0.07816156922751266,3,0.7567179274067074,0.21755424288361602,0.02572782970967654
control_kwlt::6662284a47e15ebf4719c42f,6662284a47e15ebf4719c42f,control_kwlt,kw,0,1,kw_control,1,6.0,0.5,"Found money, only fair to share it",Moral,1,0.08589520326674242,0.8274934093342162,3,0.7035431156543198,0.23866466173770026,0.057792222607979934
control_kwlt::6662ad148ef5e11fdf2dd894,6662ad148ef5e11fdf2dd894,control_kwlt,kw,0,1,kw_control,1,6.0,0.5,Because it is only fair that we both share the money,Moral,1,0.035492096109786445,-0.09620122299106279,4,0.7348240386038116,0.24112598057838544,0.024049980817803
control_kwlt::666355b585eb54794eb9f6c5,666355b585eb54794eb9f6c5,control_kwlt,kw,0,1,kw_control,2,6.0,0.5,"That way we both get equal amounts if chosen, which seems fair",Moral,1,0.19855988686252465,-0.044552228515932574,2,0.7174442778377254,0.25816406726181873,0.024391654900455986
control_kwlt::6666c0a8a6946a690bc0cdbf,6666c0a8a6946a690bc0cdbf,control_kwlt,kw,0,1,kw_control,2,6.0,0.5,fair,Moral,1,0.035492096109786445,-0.09620122299106279,4,0.7348240386038116,0.24112598057838544,0.024049980817803
control_kwlt::666775aeaff08da8a359a0ba,666775aeaff08da8a359a0ba,control_kwlt,kw,0,1,kw_control,2,6.0,0.5,Transferring 6 gave us each an equal amount,Moral,1,0.7234804667959527,-0.08303830320225501,4,0.6601106837385211,0.31913021086148324,0.02075910539999561
control_kwlt::6669a9dd31aed01f0969b063,6669a9dd31aed01f0969b063,control_kwlt,kw,0,1,kw_control,2,6.0,0.5,I think it would only be right and fair to divide equally a bonus that I have earned no more than the other participant and it would be unjust to keep most of all for myself.,Moral,1,-0.6843279864440104,-0.11026260710346344,4,0.8013508869904555,0.17108433562849146,0.027564777381053
control_kwlt::66706bf3288568808d36ff2c,66706bf3288568808d36ff2c,control_kwlt,kw,0,1,kw_control,1,10.0,0.1666666666666666,I wanted to give them something but I also wanted a good amount for myself. So I was being pretty selfish.,Self-interest,3,0.035492096109786445,-0.09620122299106279,4,0.7348240386038116,0.24112598057838544,0.024049980817803
control_kwlt::66719e649384370db5e1b1c9,66719e649384370db5e1b1c9,control_kwlt,kw,0,1,kw_control,2,6.0,0.5,I shared my portion equally.,Moral,1,0.035492096109786445,-0.09620122299106279,4,0.7348240386038116,0.24112598057838544,0.024049980817803
control_kwlt::6672e5e2b99cab96498a3126,6672e5e2b99cab96498a3126,control_kwlt,kw,0,1,kw_control,2,6.0,0.5,It's the fairest option.,Moral,1,0.035492096109786445,-0.09620122299106279,4,0.7348240386038116,0.24112598057838544,0.024049980817803
control_kwlt::6673eea04e15d2d270aa7ff8,6673eea04e15d2d270aa7ff8,control_kwlt,kw,0,1,kw_control,2,0.0,1.0,As I said before I enjoy giving.,Moral,1,-0.19474250282503003,-0.07816156922751266,3,0.7567179274067074,0.21755424288361602,0.02572782970967654
control_kwlt::66747a68ffbb5cc37d6d2773,66747a68ffbb5cc37d6d2773,control_kwlt,kw,0,1,kw_control,2,12.0,0.0,"I chose this because, again, it would benefit me maximally.",Self-interest,3,-0.19474250282503003,-0.07816156922751266,3,0.7567179274067074,0.21755424288361602,0.02572782970967654
control_kwlt::6678828c7f4f962c707ab60c,6678828c7f4f962c707ab60c,control_kwlt,kw,0,1,kw_control,2,8.0,0.3333333333333333,I dont mind sharing some.,Moral,1,-0.6843279864440104,-0.11026260710346344,4,0.8013508869904555,0.17108433562849146,0.027564777381053
control_kwlt::6682504bc0252a33b4c4406e,6682504bc0252a33b4c4406e,control_kwlt,kw,0,1,kw_control,1,6.0,0.5,"it is just fair, 50% each",Moral,1,0.7234804667959527,-0.08303830320225501,4,0.6601106837385211,0.31913021086148324,0.02075910539999561
control_kwlt::6682c269b9b9b8b8bcdffa07,6682c269b9b9b8b8bcdffa07,control_kwlt,kw,0,1,kw_control,1,6.0,0.5,"It is fair, I am not greedy, and life blesses us all more when we choose to do what is right and help everyone not just ourselves.",Moral,1,0.035492096109786445,-0.09620122299106279,4,0.7348240386038116,0.24112598057838544,0.024049980817803
control_kwlt::668321718205177075b07f40,668321718205177075b07f40,control_kwlt,kw,0,1,kw_control,2,6.0,0.5,I just prefer to make it an even split.,Moral,1,0.13166528889254636,-0.06926366648785251,3,0.7247105410046907,0.25111932744758747,0.024170131547721904
control_kwlt::668525b0e1eff8d40c686ec0,668525b0e1eff8d40c686ec0,control_kwlt,kw,0,1,kw_control,2,8.0,0.3333333333333333,I want to give other person some amount of the money and but i still want to keep a bit more,Self-interest,3,0.1316652888925463,-0.06926366648785251,3,0.7247105410046907,0.25111932744758747,0.024170131547721904
control_kwlt::6685b14fabbdf1d4cd38e9d0,6685b14fabbdf1d4cd38e9d0,control_kwlt,kw,0,1,kw_control,1,4.0,0.6666666666666667,Maybe they need the money more than me.,Moral,1,0.035492096109786445,-0.09620122299106279,4,0.7348240386038116,0.24112598057838544,0.024049980817803
control_kwlt::6687a66faa865642f33dc043,6687a66faa865642f33dc043,control_kwlt,kw,0,1,kw_control,1,6.0,0.5,I share equally of what I have,Moral,1,0.035492096109786445,-0.09620122299106279,4,0.7348240386038116,0.24112598057838544,0.024049980817803
control_kwlt::668bf2f5dfd0a6bf4125f1aa,668bf2f5dfd0a6bf4125f1aa,control_kwlt,kw,0,1,kw_control,2,8.0,0.3333333333333333,I decided to transfer $4 because that will make a substantial difference to them since they had $0 to begin with.,Moral,1,-0.6843279864440104,-0.11026260710346344,4,0.8013508869904555,0.17108433562849146,0.027564777381053
control_kwlt::668edc4e7f59ae2c7858032f,668edc4e7f59ae2c7858032f,control_kwlt,kw,0,1,kw_control,1,6.0,0.5,I always find it kind to share your good luck with another person. Because it will help put a smile on someone face and lift their spirits.,Moral,1,0.0354920961097864,-0.09620122299106279,4,0.7348240386038116,0.24112598057838544,0.024049980817803
control_kwlt::66902beeac0559a80fe53186,66902beeac0559a80fe53186,control_kwlt,kw,0,1,kw_control,2,8.0,0.3333333333333333,It is below half and a token gesture,Moral,1,0.1316652888925463,-0.06926366648785251,3,0.7247105410046907,0.25111932744758747,0.024170131547721904
control_kwlt::66912bb9401dfb0ab6027e4c,66912bb9401dfb0ab6027e4c,control_kwlt,kw,0,1,kw_control,2,6.0,0.5,as its fair and equal,Moral,1,-0.6843279864440104,-0.11026260710346344,4,0.8013508869904555,0.17108433562849146,0.027564777381053
control_kwlt::66956ab371a84d32198ee4f1,66956ab371a84d32198ee4f1,control_kwlt,kw,0,1,kw_control,1,6.0,0.5,I have been gifted this amount so it only feels fair to split it equally,Moral,1,0.05569138459223964,0.7779644050161398,4,0.7084072414820392,0.2360778812497956,0.05551487726816529
control_kwlt::669a88248079035630cd7587,669a88248079035630cd7587,control_kwlt,kw,0,1,kw_control,1,6.0,0.5,"I'm getting money for free, essentially. The other person has no control over whether any of this gets allocated to them, so I think it's fair to share.",Moral,1,0.035492096109786354,-0.09620122299106279,4,0.7348240386038116,0.24112598057838544,0.024049980817803
control_kwlt::669f483731a6e90c5f0e341c,669f483731a6e90c5f0e341c,control_kwlt,kw,0,1,kw_control,2,6.0,0.5,To ensure both people have the same amount.,Moral,1,0.7234804667959527,-0.08303830320225501,4,0.6601106837385211,0.31913021086148324,0.02075910539999561
control_kwlt::66a68f5a8f00fcc4e3ed4db5,66a68f5a8f00fcc4e3ed4db5,control_kwlt,kw,0,1,kw_control,2,6.0,0.5,I chose $6 because it would make the allocation even for us so it would be fair.,Moral,1,-0.6553061082647963,-0.08672159303610953,3,0.7983568938432501,0.17360022704942335,0.02804287910732649
control_kwlt::66ae6229ffbaa5975422455e,66ae6229ffbaa5975422455e,control_kwlt,kw,0,1,kw_control,1,6.0,0.5,We both are Prolific participants just trying to get by financially. I look at the $12 as a blessing that I was not expecting. I would like to split it evenly to share in the blessing with someone else.,Moral,1,-0.6636735400568929,0.7499339763842658,4,0.7715572501077551,0.16592244856587485,0.06252030132636997
control_kwlt::66ae868b17efd9b24826809f,66ae868b17efd9b24826809f,control_kwlt,kw,0,1,kw_control,2,10.0,0.1666666666666666,It is Christmas time and I am broke.,Self-interest,3,0.035492096109786445,-0.09620122299106279,4,0.7348240386038116,0.24112598057838544,0.024049980817803
control_kwlt::66b20339b1ea6c44133d8841,66b20339b1ea6c44133d8841,control_kwlt,kw,0,1,kw_control,2,8.0,0.3333333333333333,I am willing to help them out but not give them all of my money since I was allocated 12.,Moral,1,0.1316652888925463,-0.06926366648785251,3,0.7247105410046907,0.25111932744758747,0.024170131547721904
control_kwlt::66ba656b9769323a25debda9,66ba656b9769323a25debda9,control_kwlt,kw,0,1,kw_control,1,6.0,0.5,Because the compensation for this study did not mention any potential for a bonus before I started. And so I view this as an unexpected 'bonus' of which I'm prepared to share with the other participant.,Moral,1,0.1316652888925463,-0.06926366648785251,3,0.7247105410046907,0.25111932744758747,0.024170131547721904
control_kwlt::66bba69a028672278914afe8,66bba69a028672278914afe8,control_kwlt,kw,0,1,kw_control,1,7.5,0.375,to give money but still have some for myself,Self-interest,3,-0.575903197285391,2.1567479468778044,4,0.6452095496221373,0.1439765243356811,0.21081392604218163
control_kwlt::66c3578812da7fda730611d2,66c3578812da7fda730611d2,control_kwlt,kw,0,1,kw_control,1,6.0,0.5,I believe this to be fair for both of us and I would feel guilty doing more or less.,Moral,1,0.824371120853678,-0.05974762368425644,3,0.6475290386846746,0.3317661475520867,0.020704813763238718
control_kwlt::66c715bdcfed428be15f400d,66c715bdcfed428be15f400d,control_kwlt,kw,0,1,kw_control,2,11.0,0.0833333333333333,as a fellow participant they should receive something....but I am not that worried about them.,Self-interest,3,-0.19474250282503003,-0.07816156922751266,3,0.7567179274067074,0.21755424288361602,0.02572782970967654
control_kwlt::66c76d8601fd9674a3062c66,66c76d8601fd9674a3062c66,control_kwlt,kw,0,1,kw_control,1,6.0,0.5,We are both doing equal work so equal pay.,Moral,1,-0.19474250282503003,-0.07816156922751266,3,0.7567179274067074,0.21755424288361602,0.02572782970967654
control_kwlt::66cbb62255e119f746ff9694,66cbb62255e119f746ff9694,control_kwlt,kw,0,1,kw_control,2,6.0,0.5,"If the participant had nothing and I had £12. If they could not take anything away from me, I think its fair to split the money down the middle",Moral,1,-0.6338459784526013,-0.08293100677771605,3,0.7964277519034667,0.17554450988327766,0.02802773821325554
control_kwlt::66ccf16c299b596f56830f1e,66ccf16c299b596f56830f1e,control_kwlt,kw,0,1,kw_control,2,6.0,0.5,We each get an equal amount which seems fair,Moral,1,-0.19474250282503003,-0.07816156922751266,3,0.7567179274067074,0.21755424288361602,0.02572782970967654
control_kwlt::66cdd9177bafb0d2d4ca488c,66cdd9177bafb0d2d4ca488c,control_kwlt,kw,0,1,kw_control,1,8.0,0.3333333333333333,its better than nothing and not a silly amount,Self-interest,3,-0.6843279864440104,-0.11026260710346344,4,0.8013508869904555,0.17108433562849146,0.027564777381053
control_kwlt::66cddc1046e1bbb7142db108,66cddc1046e1bbb7142db108,control_kwlt,kw,0,1,kw_control,2,6.0,0.5,This way we both have the same amount of money which is fair.,Moral,1,-0.11000998536910686,-0.029356674843612457,1,0.7477061929491076,0.22579889494468322,0.026494912106209252
control_kwlt::66ce77e3d21bb5b5d6a83d37,66ce77e3d21bb5b5d6a83d37,control_kwlt,kw,0,1,kw_control,2,6.0,0.5,to make it even,Moral,1,-0.16677395931887304,-0.0544598265902651,2,0.753608824986274,0.22021916379782788,0.02617201121589807
control_kwlt::66cf368865143e842d98389d,66cf368865143e842d98389d,control_kwlt,kw,0,1,kw_control,2,6.0,0.5,Half each so that it is fair,Moral,1,-0.6553061082647963,-0.08672159303610953,3,0.7983568938432501,0.17360022704942335,0.02804287910732649
control_kwlt::66d20f7f74d51c4de3cf0cce,66d20f7f74d51c4de3cf0cce,control_kwlt,kw,0,1,kw_control,1,6.0,0.5,As this seemed to me to be the fairest outcome - that we each have an equal share of the resources,Moral,1,0.035492096109786445,-0.09620122299106279,4,0.7348240386038116,0.24112598057838544,0.024049980817803
control_kwlt::66d6eca37ee58663933041c9,66d6eca37ee58663933041c9,control_kwlt,kw,0,1,kw_control,1,8.0,0.3333333333333333,I thought this might be enough for a coffee but I would be able to save something back as well.,Self-interest,3,0.2383852481652708,-0.019197454319884847,1,0.7128710650642286,0.2623504058982448,0.02477852903752663
control_kwlt::66d9f094c75201b676af64e9,66d9f094c75201b676af64e9,control_kwlt,kw,0,1,kw_control,2,12.0,0.0,"Again there was no consequences to me keeping all the money, so i kept it.",Self-interest,3,-0.16677395931887304,-0.0544598265902651,2,0.753608824986274,0.22021916379782788,0.02617201121589807
control_kwlt::66db8a4bf336df22101e0e4b,66db8a4bf336df22101e0e4b,control_kwlt,kw,0,1,kw_control,1,6.0,0.5,I felt that it was only fair. I mean we are basically doing the same thing except the decision was left for me to decide.,Moral,1,-0.6338459784526013,-0.08293100677771605,3,0.7964277519034667,0.17554450988327766,0.02802773821325554
control_kwlt::66e02a26f917d7b8ebf7cb72,66e02a26f917d7b8ebf7cb72,control_kwlt,kw,0,1,kw_control,1,6.5,0.4583333333333333,"I thought that I should split it evenly, but then I wanted a bit more so just tipped it in my favour",Self-interest,3,-0.03727782198302366,-0.025968623280514226,1,0.7406286617817986,0.23320402791426587,0.026167310303935487
control_kwlt::66e4970deb6632c346bf3982,66e4970deb6632c346bf3982,control_kwlt,kw,0,1,kw_control,2,6.0,0.5,Again this is the only fair option in my opinion.,Moral,1,0.035492096109786445,-0.09620122299106279,4,0.7348240386038116,0.24112598057838544,0.024049980817803
control_kwlt::66e55fbb5f438f51e9340c93,66e55fbb5f438f51e9340c93,control_kwlt,kw,0,1,kw_control,1,10.0,0.1666666666666666,I felt obligated to transfer some amount to the other participant but wanted to keep the majority to myself. This felt like numbers that I would be o.k. with transferring.,Self-interest,3,-0.18857858658312887,0.8159446417884472,3,0.7288992627058608,0.21053110997781643,0.06056962731632285
control_kwlt::66e56dcf49c32bae8e4bfb87,66e56dcf49c32bae8e4bfb87,control_kwlt,kw,0,1,kw_control,2,12.0,0.0,I have been given this money and will take care of it and not let it slip away or be parted with it.,Self-interest,3,-0.6843279864440104,-0.11026260710346344,4,0.8013508869904555,0.17108433562849146,0.027564777381053
control_kwlt::66e5e0262fb2c24edceb8e26,66e5e0262fb2c24edceb8e26,control_kwlt,kw,0,1,kw_control,1,11.0,0.0833333333333333,I dont know anything about the other participant and have no clue whether they have good intentions or not. But I chose a small amount as a courtesy.,Moral,1,0.1316652888925463,-0.06926366648785251,3,0.7247105410046907,0.25111932744758747,0.024170131547721904
control_kwlt::66ea8a49fe8d363b3ab1c952,66ea8a49fe8d363b3ab1c952,control_kwlt,kw,0,1,kw_control,2,6.0,0.5,splitting evenly or some other amount you feel is reasonable.,Moral,1,-0.19474250282503003,-0.07816156922751266,3,0.7567179274067074,0.21755424288361602,0.02572782970967654
control_kwlt::66eada82e2a59d472d2dd086,66eada82e2a59d472d2dd086,control_kwlt,kw,0,1,kw_control,2,10.0,0.1666666666666666,"Because I feel guilty giving nothing, but think other participants would be selfish with this as it’s anonymous",Moral,1,0.035492096109786445,-0.09620122299106279,4,0.7348240386038116,0.24112598057838544,0.024049980817803
control_kwlt::66ec20c9c0f487f5c4f0e2b0,66ec20c9c0f487f5c4f0e2b0,control_kwlt,kw,0,1,kw_control,2,6.0,0.5,Being very conservative.,Self-interest,3,1.532091561967578,-0.04820907217369146,3,0.5494700905383886,0.4334318532460913,0.017098056215520095
control_kwlt::66ec5a47eb3b78d9de16a447,66ec5a47eb3b78d9de16a447,control_kwlt,kw,0,1,kw_control,1,6.0,0.5,Giving part to the other participant shows how I care and believe the other participant also deserves to have a bonus,Moral,1,0.035492096109786445,-0.09620122299106279,4,0.7348240386038116,0.24112598057838544,0.024049980817803
control_kwlt::66fa8891ce6034e440bb5ec8,66fa8891ce6034e440bb5ec8,control_kwlt,kw,0,1,kw_control,1,6.0,0.5,it's fair when both of us are doing the same task to get equal reward,Moral,1,0.035492096109786354,-0.09620122299106279,4,0.7348240386038116,0.24112598057838544,0.024049980817803
control_kwlt::66fd386d832556a63a82cd23,66fd386d832556a63a82cd23,control_kwlt,kw,0,1,kw_control,2,11.0,0.0833333333333333,"Because, like most people, I would not want to give much money to someone I do not know.",Self-interest,3,0.035492096109786445,-0.09620122299106279,4,0.7348240386038116,0.24112598057838544,0.024049980817803
control_kwlt::67027e6f4542772b475935ac,67027e6f4542772b475935ac,control_kwlt,kw,0,1,kw_control,2,6.0,0.5,it is the fair and just thing to do,Moral,1,-0.6843279864440104,-0.11026260710346344,4,0.8013508869904555,0.17108433562849146,0.027564777381053
control_kwlt::671506aa5b141b865ddec00b,671506aa5b141b865ddec00b,control_kwlt,kw,0,1,kw_control,1,12.0,0.0,I don't know anything about the person who I'd be donating to - or even if they really exist. Based on that I would choose not to donate anything and keep it all for myself,Self-interest,3,0.1316652888925463,-0.06926366648785251,3,0.7247105410046907,0.25111932744758747,0.024170131547721904
control_kwlt::67185ee6a496b39bb781001c,67185ee6a496b39bb781001c,control_kwlt,kw,0,1,kw_control,2,6.0,0.5,I think it is fair to go half and split the allocation evenly,Moral,1,0.035492096109786445,-0.09620122299106279,4,0.7348240386038116,0.24112598057838544,0.024049980817803
control_kwlt::6718ea85b24444087aaeb35b,6718ea85b24444087aaeb35b,control_kwlt,kw,0,1,kw_control,2,6.0,0.5,I shared the allocated amount equally of $6 each which is fair,Moral,1,-0.10112948304054419,-0.05101403594573973,2,0.747285608713868,0.22682194287474444,0.02589244841138765
control_kwlt::671a64f3a766bb5b94d9f89a,671a64f3a766bb5b94d9f89a,control_kwlt,kw,0,1,kw_control,1,9.0,0.25,The receiver should consider him/herself lucky I transferred out,Self-interest,3,-0.6843279864440104,-0.11026260710346344,4,0.8013508869904555,0.17108433562849146,0.027564777381053
control_kwlt::671aa20dd2eff1305ac83af5,671aa20dd2eff1305ac83af5,control_kwlt,kw,0,1,kw_control,1,10.0,0.1666666666666666,It appears ive answered all the questions and done the work and therefore deserve more compensation,Self-interest,3,-0.6843279864440104,-0.11026260710346344,4,0.8013508869904555,0.17108433562849146,0.027564777381053
control_kwlt::671be80dd312fef1ab1d7c31,671be80dd312fef1ab1d7c31,control_kwlt,kw,0,1,kw_control,1,0.0,1.0,I believe that I should try to be generous as this is an anonymous situation which has a trivial reward so I have no reason to be Scrooge-like at this time of the year.,Moral,1,0.035492096109786445,-0.09620122299106279,4,0.7348240386038116,0.24112598057838544,0.024049980817803
control_kwlt::671c1c699ca32031a83014e8,671c1c699ca32031a83014e8,control_kwlt,kw,0,1,kw_control,2,12.0,0.0,I want to keep the most amount of money.,Self-interest,3,-0.6843279864440104,-0.11026260710346344,4,0.8013508869904555,0.17108433562849146,0.027564777381053
control_kwlt::671d68f0cf75beaa737fe99a,671d68f0cf75beaa737fe99a,control_kwlt,kw,0,1,kw_control,2,6.0,0.5,to make things even,Moral,1,0.035492096109786465,-0.09620122299106279,4,0.7348240386038116,0.24112598057838544,0.024049980817803
control_kwlt::671e8a1e55becb8595564b4d,671e8a1e55becb8595564b4d,control_kwlt,kw,0,1,kw_control,1,0.0,1.0,"I felt like being in generous today. I don’t know what my partner may be going through, but I think as long as I get the base payment, they can have the rest of the money. It’s also the Christmas season and I’m feeling generous.",Moral,1,0.1316652888925463,-0.06926366648785251,3,0.7247105410046907,0.25111932744758747,0.024170131547721904
control_kwlt::671f93838d7481cd8a0d137d,671f93838d7481cd8a0d137d,control_kwlt,kw,0,1,kw_control,1,6.0,0.5,"Because it's possible in the next round, that my partner might match my generosity and share as well.",Mutual Benefit / Cooperation,2,0.824371120853678,-0.05974762368425644,3,0.6475290386846746,0.3317661475520867,0.020704813763238718
control_kwlt::67202234fd2f16cdb9c34721,67202234fd2f16cdb9c34721,control_kwlt,kw,0,1,kw_control,1,8.0,0.3333333333333333,"I don't want to give them nothing, but at the end of the day I'm earning money here and want the possibility of earning a decent bonus.",Self-interest,3,-0.6338459784526013,-0.08293100677771605,3,0.7964277519034667,0.17554450988327766,0.02802773821325554
control_kwlt::67215ddb4fe41f208fba792b,67215ddb4fe41f208fba792b,control_kwlt,kw,0,1,kw_control,1,7.0,0.4166666666666666,I think 5 dollars is fair if I am the one controlling the allocation with 12$ in total.,Moral,1,-0.6691514282189474,-0.0874992777375991,3,0.7995609570443725,0.17234118543327498,0.028097857522352596
control_kwlt::67224e48f4f4f3fff687820f,67224e48f4f4f3fff687820f,control_kwlt,kw,0,1,kw_control,2,6.0,0.5,"I think society needs a baseline and everyone needs the same standards of care and safety. If someone surpasses that, that’s their hard work and dedication",Moral,1,0.035492096109786445,-0.09620122299106279,4,0.7348240386038116,0.24112598057838544,0.024049980817803
control_kwlt::67261e11a3b1f0efae30f22e,67261e11a3b1f0efae30f22e,control_kwlt,kw,0,1,kw_control,1,6.0,0.5,I felt it was fair to have half each as we both participated,Moral,1,0.7234804667959527,-0.08303830320225501,4,0.6601106837385211,0.31913021086148324,0.02075910539999561
control_kwlt::6728a66faf35f882b75c5388,6728a66faf35f882b75c5388,control_kwlt,kw,0,1,kw_control,2,6.0,0.5,"I want the person, and I get to share equally",Moral,1,-0.11000998536910686,-0.029356674843612457,1,0.7477061929491076,0.22579889494468322,0.026494912106209252
control_kwlt::672a35319c5a754a0358a842,672a35319c5a754a0358a842,control_kwlt,kw,0,1,kw_control,2,9.0,0.25,He gets a quarter,No clear justification,0,0.035492096109786445,-0.09620122299106279,4,0.7348240386038116,0.24112598057838544,0.024049980817803
control_kwlt::672a556afa8f0c44bda988b3,672a556afa8f0c44bda988b3,control_kwlt,kw,0,1,kw_control,1,6.0,0.5,It was right in the middle. I felt it was a fair amount to give.,Moral,1,-0.19474250282503003,-0.07816156922751266,3,0.7567179274067074,0.21755424288361602,0.02572782970967654
control_kwlt::672d533e0725ac855a0feab1,672d533e0725ac855a0feab1,control_kwlt,kw,0,1,kw_control,1,6.0,0.5,"I feel that it is only fair that we both get half if we are completing the same task, and that I would like to think that a lot of people would do the same with all biases removed since we don't know anything about the other participant.",Moral,1,-0.6843279864440104,-0.11026260710346344,4,0.8013508869904555,0.17108433562849146,0.027564777381053
control_kwlt::672e86a538b9e142805a426e,672e86a538b9e142805a426e,control_kwlt,kw,0,1,kw_control,2,12.0,0.0,i wanted to minimize my loss of the money,Self-interest,3,0.035492096109786445,-0.09620122299106279,4,0.7348240386038116,0.24112598057838544,0.024049980817803
control_kwlt::67332f2e872e84a2fc1afb0b,67332f2e872e84a2fc1afb0b,control_kwlt,kw,0,1,kw_control,1,6.0,0.5,To express fairness,Moral,1,-0.6843279864440104,-0.11026260710346344,4,0.8013508869904555,0.17108433562849146,0.027564777381053
control_kwlt::673358282519927a2c5cf4c9,673358282519927a2c5cf4c9,control_kwlt,kw,0,1,kw_control,2,7.0,0.4166666666666666,"I truly wanted to share with the other person who has $0, would help with daily planning.",Moral,1,-0.6553061082647963,-0.08672159303610953,3,0.7983568938432501,0.17360022704942335,0.02804287910732649
control_kwlt::6734f38285a487704a4dc0e1,6734f38285a487704a4dc0e1,control_kwlt,kw,0,1,kw_control,2,6.0,0.5,"This is the fair thing to do, as both of us will end up with the same amount of money after the transfer.",Moral,1,0.05569138459223965,0.7779644050161398,4,0.7084072414820392,0.2360778812497956,0.05551487726816529
control_kwlt::6734f4ed2cbd088a82b7f79e,6734f4ed2cbd088a82b7f79e,control_kwlt,kw,0,1,kw_control,1,6.0,0.5,Due to my intuitive moral objectivity.,Moral,1,-0.19474250282503003,-0.07816156922751266,3,0.7567179274067074,0.21755424288361602,0.02572782970967654
control_kwlt::673654fe4689394b4c0bb101,673654fe4689394b4c0bb101,control_kwlt,kw,0,1,kw_control,1,5.5,0.5416666666666667,"I chose to transfer $6.50 because I wanted to strike a balance between fairness and self interest. The other participant initially had nothing, so giving them more than half ensures they receive a meaningful share, while I still keep a portion for myself. This amount feels equitable and reflects a desire to be generous without giving everything away.",Moral,1,0.035492096109786445,-0.09620122299106279,4,0.7348240386038116,0.24112598057838544,0.024049980817803
control_kwlt::67366d50b1a10d4f69e6a1ac,67366d50b1a10d4f69e6a1ac,control_kwlt,kw,0,1,kw_control,2,6.0,0.5,I am a fair person in general and not greedy.,Moral,1,0.035492096109786445,-0.09620122299106279,4,0.7348240386038116,0.24112598057838544,0.024049980817803
control_kwlt::673a596bdb0ad1f5359cf64b,673a596bdb0ad1f5359cf64b,control_kwlt,kw,0,1,kw_control,1,6.0,0.5,U think allocating $6 being half is pretty fair,Moral,1,0.035492096109786445,-0.09620122299106279,4,0.7348240386038116,0.24112598057838544,0.024049980817803
control_kwlt::673cebf921638a43957abea0,673cebf921638a43957abea0,control_kwlt,kw,0,1,kw_control,1,8.0,0.3333333333333333,I like to be kind and treat others like I would like to be treated,Moral,1,0.8459123381083551,-0.023823519129857876,1,0.644324064343149,0.33434886933305397,0.021327066323796946
control_kwlt::673f63f734a88f90705704ea,673f63f734a88f90705704ea,control_kwlt,kw,0,1,kw_control,1,8.0,0.3333333333333333,So I could have more to save for myself.,Self-interest,3,0.06486492582816115,-0.0730557820495936,3,0.7314833179809022,0.24407625304855812,0.02444042897053967
control_kwlt::674073d8479b986ba8d799ec,674073d8479b986ba8d799ec,control_kwlt,kw,0,1,kw_control,2,7.0,0.4166666666666666,its me being fair,Moral,1,-0.6843279864440104,-0.11026260710346344,4,0.8013508869904555,0.17108433562849146,0.027564777381053
control_kwlt::6743905b3105844d1c76e0b5,6743905b3105844d1c76e0b5,control_kwlt,kw,0,1,kw_control,1,6.0,0.5,This was the fairest option,Moral,1,0.035492096109786445,-0.09620122299106279,4,0.7348240386038116,0.24112598057838544,0.024049980817803
control_kwlt::67450946b04fde22747d21e2,67450946b04fde22747d21e2,control_kwlt,kw,0,1,kw_control,2,12.0,0.0,"I am again not inclined to change the random allocation previously chosen. Mathematically the randomness of decisions equals out over time. If I controlled the allocations from beginning to end, then I would have changed the subsequent allocation for more equity over the entire task.",Moral,1,-0.6843279864440104,-0.11026260710346344,4,0.8013508869904555,0.17108433562849146,0.027564777381053
control_kwlt::6745109c444973d1fa9f17d4,6745109c444973d1fa9f17d4,control_kwlt,kw,0,1,kw_control,1,8.5,0.2916666666666666,I did almost half. I thought that would be fair,Moral,1,0.7234804667959527,-0.08303830320225501,4,0.6601106837385211,0.31913021086148324,0.02075910539999561
control_kwlt::67460e257c0798f65d47f732,67460e257c0798f65d47f732,control_kwlt,kw,0,1,kw_control,1,6.0,0.5,I think that splitting the money equally is the only fair way to go about this. I do not want to slight myself nor my partner so I find this the most appropriate solution.,Moral,1,0.035492096109786445,-0.09620122299106279,4,0.7348240386038116,0.24112598057838544,0.024049980817803
control_kwlt::674c8d7fe7f6ef790dd7649a,674c8d7fe7f6ef790dd7649a,control_kwlt,kw,0,1,kw_control,2,9.0,0.25,It seems fair,Moral,1,-0.19474250282503003,-0.07816156922751266,3,0.7567179274067074,0.21755424288361602,0.02572782970967654
control_kwlt::674d85e49df40f8d23e4416f,674d85e49df40f8d23e4416f,control_kwlt,kw,0,1,kw_control,2,6.0,0.5,"I always like to try and be fair in these scenarios. Partly because that is the way I am, (I'm quite rigid in regards to concepts of fairness and I also like to help other people.)",Moral,1,-0.6843279864440104,-0.11026260710346344,4,0.8013508869904555,0.17108433562849146,0.027564777381053
control_kwlt::674e3d28cbbcc0e6969e497c,674e3d28cbbcc0e6969e497c,control_kwlt,kw,0,1,kw_control,2,6.0,0.5,It was equal amount each $6 which is fair.,Moral,1,-0.10112948304054419,-0.05101403594573973,2,0.747285608713868,0.22682194287474444,0.02589244841138765
control_kwlt::674f2d987faf13021ccc6de8,674f2d987faf13021ccc6de8,control_kwlt,kw,0,1,kw_control,1,6.0,0.5,It is fair...share the money 50/50. Nobody benefits more than the other person,Moral,1,-0.6843279864440104,-0.11026260710346344,4,0.8013508869904555,0.17108433562849146,0.027564777381053
control_kwlt::674f4c0db6ecc63070c44d6d,674f4c0db6ecc63070c44d6d,control_kwlt,kw,0,1,kw_control,1,8.0,0.3333333333333333,Sick family member could use the money for medication but also didn't want to stiff the other person.,Moral,1,-0.1408640495161301,-0.05411734619990676,2,0.7511431125319626,0.22282099075970763,0.026035896708329672
control_kwlt::674f598ded47fd75002ee276,674f598ded47fd75002ee276,control_kwlt,kw,0,1,kw_control,1,6.0,0.5,"I feel that if someone is doing the same quiz as me, but is randomly allocated zero through pure chance and nothing else, it is only fair I split the money with them.",Moral,1,0.035492096109786445,-0.09620122299106279,4,0.7348240386038116,0.24112598057838544,0.024049980817803
control_kwlt::675116b37af67e7d9958a583,675116b37af67e7d9958a583,control_kwlt,kw,0,1,kw_control,1,6.0,0.5,I transferred $6 because I think its fair for us to end with the same amount of money.,Moral,1,-0.06807469201004503,-0.026179810674385202,1,0.7436141316380389,0.23004848384176463,0.02633738452019649
control_kwlt::6752cf8ec289846cfdcd04b0,6752cf8ec289846cfdcd04b0,control_kwlt,kw,0,1,kw_control,2,12.0,0.0,I don’t want to share my money.,Self-interest,3,0.7746281755934803,-0.047808285338742186,2,0.6534230279312444,0.325363439101631,0.021213532967124585
control_kwlt::675c5393b9b2d381baa880c2,675c5393b9b2d381baa880c2,control_kwlt,kw,0,1,kw_control,2,6.0,0.5,i received all the money so it seemed fair to split it evenly,Moral,1,-0.19474250282503003,-0.07816156922751266,3,0.7567179274067074,0.21755424288361602,0.02572782970967654
control_kwlt::675c64b95d8683943d557b71,675c64b95d8683943d557b71,control_kwlt,kw,0,1,kw_control,1,12.0,0.0,If I have a chance to get $12 I would take it.,Self-interest,3,0.13166528889254647,-0.06926366648785251,3,0.7247105410046906,0.25111932744758747,0.0241701315477219
control_kwlt::675c79491bbd4e232d192d78,675c79491bbd4e232d192d78,control_kwlt,kw,0,1,kw_control,2,12.0,0.0,Again I have no context as to whether i should pay or receive funds hence remain with the status quo of 0,No clear justification,0,0.12411443573360709,-0.04833630771454098,2,0.7250881937087699,0.2502017861723643,0.024710020118865812
control_kwlt::675eccd5616a615b90c53f5d,675eccd5616a615b90c53f5d,control_kwlt,kw,0,1,kw_control,2,6.0,0.5,I don't want to feel guilty - equal amount for equal effort,Moral,1,0.035492096109786465,-0.09620122299106279,4,0.7348240386038116,0.24112598057838544,0.024049980817803
control_kwlt::67605337c41b9ba5ae52a0c8,67605337c41b9ba5ae52a0c8,control_kwlt,kw,0,1,kw_control,1,6.0,0.5,because i would like to be equal with others and would prefer this option if the other participant had the choice of how much to transfer to me,Moral,1,0.035492096109786445,-0.09620122299106279,4,0.7348240386038116,0.24112598057838544,0.024049980817803
control_kwlt::6760674a9c67827bc76493f4,6760674a9c67827bc76493f4,control_kwlt,kw,0,1,kw_control,2,8.0,0.3333333333333333,My partner was given nothing in this activity yet I was given $12. In order to make it fair I must allow them to receive some portion of the pot.,Moral,1,0.035492096109786445,-0.09620122299106279,4,0.7348240386038116,0.24112598057838544,0.024049980817803
control_kwlt::67606b4f53533eb280754db1,67606b4f53533eb280754db1,control_kwlt,kw,0,1,kw_control,1,6.0,0.5,"fairness, equality",Moral,1,0.7234804667959527,-0.08303830320225501,4,0.6601106837385211,0.31913021086148324,0.02075910539999561
control_kwlt::6760b44aeaf09fa9989fbea9,6760b44aeaf09fa9989fbea9,control_kwlt,kw,0,1,kw_control,2,9.0,0.25,Gesture of goodwill,Moral,1,0.035492096109786445,-0.09620122299106279,4,0.7348240386038116,0.24112598057838544,0.024049980817803
control_kwlt::67612db5f1caee703cf4d8b8,67612db5f1caee703cf4d8b8,control_kwlt,kw,0,1,kw_control,2,6.0,0.5,Fairest way,Moral,1,-0.6553061082647963,-0.08672159303610953,3,0.7983568938432501,0.17360022704942335,0.02804287910732649
control_kwlt::6761adf900e5cf16c621131b,6761adf900e5cf16c621131b,control_kwlt,kw,0,1,kw_control,2,6.0,0.5,"Like before, I am being FAIR and allowing us to split the money equally (50/50)",Moral,1,0.09150295042799497,-0.07250595039042276,3,0.7288123664630296,0.24687778125082477,0.024309852286145676
control_kwlt::6762a6c453dc00bbd597daad,6762a6c453dc00bbd597daad,control_kwlt,kw,0,1,kw_control,2,6.5,0.4583333333333333,Same as the first Trial - I still end up with more and the other person ends up with nearly half,Moral,1,0.035492096109786445,-0.09620122299106279,4,0.7348240386038116,0.24112598057838544,0.024049980817803
control_kwlt::6765faff976fdcf31c7dbd98,6765faff976fdcf31c7dbd98,control_kwlt,kw,0,1,kw_control,2,6.0,0.5,"The participant had nothing and we are in this together, i'm not going to hoard what you have given me, when i can share it with them.",Moral,1,0.035492096109786445,-0.09620122299106279,4,0.7348240386038116,0.24112598057838544,0.024049980817803
control_kwlt::676c8e8df63cc50e555f5b02,676c8e8df63cc50e555f5b02,control_kwlt,kw,0,1,kw_control,1,7.5,0.375,I feel like this is a fair amount as it is more than a third of the amount,Moral,1,0.09150295042799497,-0.07250595039042276,3,0.7288123664630296,0.24687778125082477,0.024309852286145676
control_kwlt::676ddb7025de5f8b463d008e,676ddb7025de5f8b463d008e,control_kwlt,kw,0,1,kw_control,1,8.0,0.3333333333333333,To see whether it would be appreciated by the recipient,No clear justification,0,0.6581918780946039,-0.04940484976636676,2,0.6672948484737621,0.3109039478562445,0.021801203669993465
control_kwlt::6772fd60f775cd72008c803f,6772fd60f775cd72008c803f,control_kwlt,kw,0,1,kw_control,2,6.0,0.5,"I want the amount to be equal, I wouldnt want to get less and `i feel that that would want the same amount, both parties would be happy with this",Moral,1,0.1316652888925463,-0.06926366648785251,3,0.7247105410046907,0.25111932744758747,0.024170131547721904
control_kwlt::6773e0b40f0b2ff8e3f09da3,6773e0b40f0b2ff8e3f09da3,control_kwlt,kw,0,1,kw_control,1,6.0,0.5,"I already said that it was the fairest split, I thought I would follow through on that.",Moral,1,0.7234804667959527,-0.08303830320225501,4,0.6601106837385211,0.31913021086148324,0.02075910539999561
control_kwlt::67751fbf8a2226d994521789,67751fbf8a2226d994521789,control_kwlt,kw,0,1,kw_control,2,12.0,0.0,They had nothing to begin with and were not expecting anything. The situation remained the same.,Self-interest,3,-0.6636735400568929,0.749933976384266,4,0.7715572501077551,0.16592244856587485,0.06252030132636997
control_kwlt::6775c9d9479703751fd280a0,6775c9d9479703751fd280a0,control_kwlt,kw,0,1,kw_control,1,7.0,0.4166666666666666,Seems more fair as they were given zero,Moral,1,-0.6843279864440104,-0.11026260710346344,4,0.8013508869904555,0.17108433562849146,0.027564777381053
control_kwlt::6776a8fcc1ca26458f048f29,6776a8fcc1ca26458f048f29,control_kwlt,kw,0,1,kw_control,2,4.0,0.6666666666666667,"I started out with 12, the other person started out with 0. it seemed only fair to give them the larger share this time.",Moral,1,-0.6843279864440104,-0.11026260710346344,4,0.8013508869904555,0.17108433562849146,0.027564777381053
control_kwlt::677703d847b1d7a5c0c3177b,677703d847b1d7a5c0c3177b,control_kwlt,kw,0,1,kw_control,1,6.0,0.5,"It could have gone either way. By this, I would ensure everyone gets their fair share of what there is to gain, other than the winner gets it all narrative.",Moral,1,0.035492096109786445,-0.09620122299106279,4,0.7348240386038116,0.24112598057838544,0.024049980817803
control_kwlt::677be0f071b469bf550bf55f,677be0f071b469bf550bf55f,control_kwlt,kw,0,1,kw_control,1,6.0,0.5,I wanted to share equallly,Moral,1,0.035492096109786445,-0.09620122299106279,4,0.7348240386038116,0.24112598057838544,0.024049980817803
control_kwlt::677c744b5a9907b536f144ef,677c744b5a9907b536f144ef,control_kwlt,kw,0,1,kw_control,1,6.0,0.5,I believe in fairness and that each party should be blessed with 50/50 especially since the other party has no say in the matter.,Moral,1,-0.6843279864440104,-0.11026260710346344,4,0.8013508869904555,0.17108433562849146,0.027564777381053
control_kwlt::677d6b29b44ccabd2fce33cb,677d6b29b44ccabd2fce33cb,control_kwlt,kw,0,1,kw_control,2,8.0,0.3333333333333333,"I wanted the other person to have some money. I felt bad that they were not allocated anything. But I still need money myself, so I kept that majority of it.",Moral,1,0.035492096109786445,-0.09620122299106279,4,0.7348240386038116,0.24112598057838544,0.024049980817803
control_kwlt::677d8df4fb855e239a363f89,677d8df4fb855e239a363f89,control_kwlt,kw,0,1,kw_control,1,10.0,0.1666666666666666,that way I would have exactly $10 left,Self-interest,3,0.6042554469183788,-0.07274063385008926,3,0.673915535233119,0.30449337349279704,0.021591091274083905
control_kwlt::677ec934bf9e4c07a797864b,677ec934bf9e4c07a797864b,control_kwlt,kw,0,1,kw_control,2,7.0,0.4166666666666666,I chose this because if I was going to give it to the other person and I did the hard work to get it I should have a little more,Self-interest,3,-0.16677395931887304,-0.0544598265902651,2,0.753608824986274,0.22021916379782788,0.02617201121589807
control_kwlt::678566c2d8d97d8e408c6384,678566c2d8d97d8e408c6384,control_kwlt,kw,0,1,kw_control,1,6.0,0.5,I think it's fair to split the total because we are both working on the same survey.,Moral,1,0.035492096109786445,-0.09620122299106279,4,0.7348240386038116,0.24112598057838544,0.024049980817803
control_kwlt::6785f697c1f2f14ed98ea5cd,6785f697c1f2f14ed98ea5cd,control_kwlt,kw,0,1,kw_control,1,6.0,0.5,"I split the money evenly in half, so there was a fair split. Neither of us would receive more or less because the money is equal, just like how we're equal.",Moral,1,-0.6843279864440104,-0.11026260710346344,4,0.8013508869904555,0.17108433562849146,0.027564777381053
control_kwlt::6787027230a5a1f3f6adad4b,6787027230a5a1f3f6adad4b,control_kwlt,kw,0,1,kw_control,2,6.0,0.5,I wanted to make us equal.,Moral,1,0.05569138459223965,0.7779644050161401,4,0.7084072414820392,0.2360778812497956,0.0555148772681653
control_kwlt::678799e90198a411946a4d05,678799e90198a411946a4d05,control_kwlt,kw,0,1,kw_control,1,6.0,0.5,because i think it is fair that we are both playing the same game and should have the same amount,Moral,1,-0.19474250282503003,-0.07816156922751266,3,0.7567179274067074,0.21755424288361602,0.02572782970967654
control_kwlt::678bf2a1a22602d74a2d098d,678bf2a1a22602d74a2d098d,control_kwlt,kw,0,1,kw_control,2,6.0,0.5,i want it to be completely equal and i think that is more fair to have it be exactly the same for each person,Moral,1,0.035492096109786445,-0.09620122299106279,4,0.7348240386038116,0.24112598057838544,0.024049980817803
control_kwlt::678c7dbb5dc35d491d791bce,678c7dbb5dc35d491d791bce,control_kwlt,kw,0,1,kw_control,2,12.0,0.0,I don't want to give them any of my money.,Self-interest,3,-0.19474250282503003,-0.07816156922751266,3,0.7567179274067074,0.21755424288361602,0.02572782970967654
control_kwlt::678e39da4cd42707dbfb8f62,678e39da4cd42707dbfb8f62,control_kwlt,kw,0,1,kw_control,2,6.0,0.5,It is a fair balance,Moral,1,0.7234804667959527,-0.08303830320225501,4,0.6601106837385211,0.31913021086148324,0.02075910539999561
control_kwlt::679031685d8da047e45ba3c5,679031685d8da047e45ba3c5,control_kwlt,kw,0,1,kw_control,1,6.0,0.5,It's fair to split the money equals,Moral,1,0.7234804667959527,-0.08303830320225501,4,0.6601106837385211,0.31913021086148324,0.02075910539999561
control_kwlt::679032d7919ecf9731e95358,679032d7919ecf9731e95358,control_kwlt,kw,0,1,kw_control,1,10.0,0.1666666666666666,I want the majority and 10 and 2 made the number seem more acceptable to give,Self-interest,3,-0.16677395931887304,-0.0544598265902651,2,0.753608824986274,0.22021916379782788,0.02617201121589807
control_kwlt::6792b1e3e08ffea42164f5bb,6792b1e3e08ffea42164f5bb,control_kwlt,kw,0,1,kw_control,1,6.0,0.5,The other person has equal chance to profit from this survey. showing generosity that is fair to each participant,Moral,1,0.1316652888925463,-0.06926366648785251,3,0.7247105410046907,0.25111932744758747,0.024170131547721904
control_kwlt::67ab317d4245c4e2b33e2753,67ab317d4245c4e2b33e2753,control_kwlt,kw,0,1,kw_control,1,6.0,0.5,I will want the other participant to take the half share of the allocated price,Moral,1,-0.06807469201004503,-0.026179810674385202,1,0.7436141316380389,0.23004848384176463,0.02633738452019649
control_kwlt::67ac5678d6ff3c43d30b333f,67ac5678d6ff3c43d30b333f,control_kwlt,kw,0,1,kw_control,1,10.5,0.125,"Ummmm i know this all hypothetical. But basically I am broke, and its just the name of the game for me to keep more",Self-interest,3,0.09150295042799497,-0.07250595039042276,3,0.7288123664630296,0.24687778125082477,0.024309852286145676
control_kwlt::67acfb68c3860389b0c4db4b,67acfb68c3860389b0c4db4b,control_kwlt,kw,0,1,kw_control,2,6.0,0.5,I'm fine to split the money equally with the other participant,Moral,1,0.7746281755934803,-0.047808285338742186,2,0.6534230279312444,0.325363439101631,0.021213532967124585
control_kwlt::67b361ee899cfdd964fddf00,67b361ee899cfdd964fddf00,control_kwlt,kw,0,1,kw_control,2,6.0,0.5,Again i just wanted my partner to recieve an equal amount as me. I wanted to be fair as possible.,Moral,1,-0.6843279864440104,-0.11026260710346344,4,0.8013508869904555,0.17108433562849146,0.027564777381053
control_kwlt::67bc827bda4f8e3244e03c7a,67bc827bda4f8e3244e03c7a,control_kwlt,kw,0,1,kw_control,1,6.0,0.5,"It seems to fairest thing to do, also if I didn't split it evenly I'd feel really bad about myself.",Moral,1,0.035492096109786445,-0.09620122299106279,4,0.7348240386038116,0.24112598057838544,0.024049980817803
control_kwlt::67cb40e5562e803bd6532a64,67cb40e5562e803bd6532a64,control_kwlt,kw,0,1,kw_control,1,12.0,0.0,"I think when randomized, everyone will choose to split similarly.",Moral,1,0.035492096109786445,-0.09620122299106279,4,0.7348240386038116,0.24112598057838544,0.024049980817803
control_kwlt::67cf0c70aa43b13b6168ecbf,67cf0c70aa43b13b6168ecbf,control_kwlt,kw,0,1,kw_control,1,6.0,0.5,"I chose $6 because it splits the $12 evenly between us, which felt like the fairest compromise.",Moral,1,0.035492096109786445,-0.09620122299106279,4,0.7348240386038116,0.24112598057838544,0.024049980817803
control_kwlt::67d0a4ccb5587fff790273a7,67d0a4ccb5587fff790273a7,control_kwlt,kw,0,1,kw_control,2,6.0,0.5,Because the amount is fair,Moral,1,0.035492096109786445,-0.09620122299106279,4,0.7348240386038116,0.24112598057838544,0.024049980817803
control_kwlt::67ee7da9117dd0baae454be2,67ee7da9117dd0baae454be2,control_kwlt,kw,0,1,kw_control,2,8.5,0.2916666666666666,I chose to share some with them because they did not receive any,Moral,1,0.035492096109786445,-0.09620122299106279,4,0.7348240386038116,0.24112598057838544,0.024049980817803
control_kwlt::67f05d8a2b2f772e31167590,67f05d8a2b2f772e31167590,control_kwlt,kw,0,1,kw_control,1,6.0,0.5,"I believe in sharing fairly if work allocation is fair, My instincts would rest well knowing i did the right thing",Moral,1,1.36807724250289,-0.07046938230215992,4,0.5743978953568136,0.40798585521811176,0.01761624942507457
control_kwlt::6811ae8d25eeeceed5d39e96,6811ae8d25eeeceed5d39e96,control_kwlt,kw,0,1,kw_control,2,0.0,1.0,It seems appropriate,No clear justification,0,-0.06807469201004503,-0.026179810674385202,1,0.7436141316380389,0.23004848384176463,0.02633738452019649
control_kwlt::6813885e4fa46f733a3ebcc3,6813885e4fa46f733a3ebcc3,control_kwlt,kw,0,1,kw_control,2,6.0,0.5,So we could potentially both receive the same reward,Moral,1,0.0354920961097864,-0.09620122299106279,4,0.7348240386038116,0.24112598057838544,0.024049980817803
control_kwlt::681fb4307ad889766965fc3b,681fb4307ad889766965fc3b,control_kwlt,kw,0,1,kw_control,2,6.0,0.5,"Since we are both equal participants in the same study, the only fair outcome is to split the total amount evenly. The initial allocation was arbitrary and did not reflect the work we both put in. An equal distribution ensures we are both compensated equally for our participation.",Moral,1,0.035492096109786445,-0.09620122299106279,4,0.7348240386038116,0.24112598057838544,0.024049980817803
control_kwlt::68235b144fe81cbe2c4a41a2,68235b144fe81cbe2c4a41a2,control_kwlt,kw,0,1,kw_control,1,12.0,0.0,This maximises my outcome.,Self-interest,3,0.1316652888925463,-0.06926366648785251,3,0.7247105410046907,0.25111932744758747,0.024170131547721904
control_kwlt::6835b0780e790391d50bc621,6835b0780e790391d50bc621,control_kwlt,kw,0,1,kw_control,1,6.0,0.5,because they also would have done this same task and answered the same questions so i think we should each get an equal amount,Moral,1,-0.6843279864440104,-0.11026260710346344,4,0.8013508869904555,0.17108433562849146,0.027564777381053
control_kwlt::6839e3b9ecfc442ddb8bfee4,6839e3b9ecfc442ddb8bfee4,control_kwlt,kw,0,1,kw_control,1,6.0,0.5,Neither of us has done anything to deserve it so it felt fair.,Moral,1,0.035492096109786445,-0.09620122299106279,4,0.7348240386038116,0.24112598057838544,0.024049980817803
control_kwlt::6877bfe8c0c3737680ecf16b,6877bfe8c0c3737680ecf16b,control_kwlt,kw,0,1,kw_control,1,6.0,0.5,Its fair based on the work involved,Moral,1,-0.6553061082647963,-0.08672159303610953,3,0.7983568938432501,0.17360022704942335,0.02804287910732649
control_kwlt::6888ef1c4b2aaea8b61ec0e3,6888ef1c4b2aaea8b61ec0e3,control_kwlt,kw,0,1,kw_control,1,8.0,0.3333333333333333,I don't know who this is. But as a good faith I decided I would share a little bit of my money to say welcome to the new person,Moral,1,-0.6553061082647963,-0.08672159303610953,3,0.7983568938432501,0.17360022704942335,0.02804287910732649
control_kwlt::68892827bc7da25e4a9ba9bf,68892827bc7da25e4a9ba9bf,control_kwlt,kw,0,1,kw_control,2,6.0,0.5,"Again, as the original allocation was random, I feel that it is most fair that me and the other person receive the same amount.",Moral,1,0.035492096109786445,-0.09620122299106279,4,0.7348240386038116,0.24112598057838544,0.024049980817803
control_kwlt::68a83eface48a4e4cd943a38,68a83eface48a4e4cd943a38,control_kwlt,kw,0,1,kw_control,2,9.5,0.2083333333333333,This would be reasonable as I still get to keep my amount by giving the other person a moderate amount.,Self-interest,3,0.09150295042799497,-0.07250595039042276,3,0.7288123664630296,0.24687778125082477,0.024309852286145676
control_kwlt::69175adfb0a9c60f05294e94,69175adfb0a9c60f05294e94,control_kwlt,kw,0,1,kw_control,2,6.0,0.5,"I think it's fair that we receive an equal amount of money, regardless of who we are.",Moral,1,0.035492096109786445,-0.09620122299106279,4,0.7348240386038116,0.24112598057838544,0.024049980817803
control_kwlt::691ca5b72bce06aa81ffc8f6,691ca5b72bce06aa81ffc8f6,control_kwlt,kw,0,1,kw_control,1,6.0,0.5,"I hope the other participant puts in an equal amount of effort. I didn't expect $12, so there's no harm in my splitting the baby with a stranger in this situation, and it seems like the most compassionate option to take.",Moral,1,-0.6843279864440104,-0.11026260710346344,4,0.8013508869904555,0.17108433562849146,0.027564777381053
control_kwlt::691e246aacdd6da848319345,691e246aacdd6da848319345,control_kwlt,kw,0,1,kw_control,1,7.0,0.4166666666666666,"I wanted us each to get a decent amount, but for me to still end up with more.",Self-interest,3,0.035492096109786445,-0.09620122299106279,4,0.7348240386038116,0.24112598057838544,0.024049980817803
control_kwlt::6927bfe3ceea71f68154a310,6927bfe3ceea71f68154a310,control_kwlt,kw,0,1,kw_control,2,9.5,0.2083333333333333,I wanted to give $2 but when I visually saw where the bar was and how it looked like I was holding money from someone and not distributing evenly made me want to give more. I started to slide the bar to 4 dollars but decided on $2.50 when I remembered I only have 12.,Moral,1,0.21766445646164614,0.8910219270951396,2,0.6883576409552478,0.2520233432578452,0.05961901578690699
control_kwlt::6938092bf2851f0069c1829e,6938092bf2851f0069c1829e,control_kwlt,kw,0,1,kw_control,2,6.0,0.5,"Again, I feel like equally dividing resources, especially to someone who has nothing seems like the right thing to do.",Moral,1,-0.6843279864440104,-0.11026260710346344,4,0.8013508869904555,0.17108433562849146,0.027564777381053
market_control::kw::53a18b8ffdf99b79ca51df6e,53a18b8ffdf99b79ca51df6e,market_control,kw,0,1,kw_control,1,6.0,0.5,"I came with nothing, I think it is good karma to just split it between us. It's Christmas!",Moral,1,0.05569138459223961,0.7779644050161391,4,0.7084072414820392,0.2360778812497956,0.05551487726816525
market_control::kw::545f1e11fdf99b3156e7588b,545f1e11fdf99b3156e7588b,market_control,kw,0,1,kw_control,1,12.0,0.0,I don't have any reason to think that the other participant is going to split the pot with me evenly or that they need the money more than me.,Self-interest,3,-0.6843279864440104,-0.11026260710346344,4,0.8013508869904555,0.17108433562849146,0.027564777381053
market_control::kw::54a439f9fdf99b5010dca84e,54a439f9fdf99b5010dca84e,market_control,kw,0,1,kw_control,1,9.0,0.25,I am sure most people will transfer little or nothing. However I am a little more generous than most,Moral,1,-0.16677395931887304,-0.0544598265902651,2,0.753608824986274,0.22021916379782788,0.02617201121589807
market_control::kw::54ab0771fdf99b55c3f55227,54ab0771fdf99b55c3f55227,market_control,kw,0,1,kw_control,1,8.0,0.3333333333333333,I wanted to be somewhat fair since the other person put in the same effort as me but i would like to receive more because i could use the extra money. I wouldn't feel too much guilt about an extra few dollars.,Moral,1,0.035492096109786445,-0.09620122299106279,4,0.7348240386038116,0.24112598057838544,0.024049980817803
market_control::kw::54b60d74fdf99b1ce0367ab5,54b60d74fdf99b1ce0367ab5,market_control,kw,0,1,kw_control,2,9.5,0.2083333333333333,im giving them something while keeping the most for myself,Self-interest,3,0.035492096109786445,-0.09620122299106279,4,0.7348240386038116,0.24112598057838544,0.024049980817803
market_control::kw::55871e2efdf99b28762c4604,55871e2efdf99b28762c4604,market_control,kw,0,1,kw_control,1,11.0,0.0833333333333333,"I chose this allocation because I wanted to transfer something but given that I do not know anything about the other participant, I chose the amount that I did.",Self-interest,3,0.0925756866388579,1.551576562882978,4,0.6610429997664158,0.22685579605509665,0.11210120417848755
market_control::kw::559a78a5fdf99b76964a0ddd,559a78a5fdf99b76964a0ddd,market_control,kw,0,1,kw_control,2,9.0,0.25,I need money as don't have much at the moment and didn't really want to give any away so gave a little.,Self-interest,3,0.09150295042799497,-0.07250595039042276,3,0.7288123664630296,0.24687778125082477,0.024309852286145676
market_control::kw::55b47001fdf99b615b12d66c,55b47001fdf99b615b12d66c,market_control,kw,0,1,kw_control,1,8.0,0.3333333333333333,I wanted to share some money,Moral,1,-0.18857858658312887,0.8159446417884472,3,0.7288992627058608,0.21053110997781643,0.06056962731632285
market_control::kw::55c913d1fdf99b526d9b8351,55c913d1fdf99b526d9b8351,market_control,kw,0,1,kw_control,1,6.0,0.5,"I was affected by the questions earlier, about how it feels to be given certain amounts of money, and the fairness of it. I felt empathy so decided to be fair because I would not like it if it was the other way around and someone gave me less than half.",Moral,1,-0.6843279864440104,-0.11026260710346344,4,0.8013508869904555,0.17108433562849146,0.027564777381053
market_control::kw::55eee81b9df9fe000efae1d4,55eee81b9df9fe000efae1d4,market_control,kw,0,1,kw_control,1,6.0,0.5,It felt fairest to split the money evenly.,Moral,1,0.035492096109786445,-0.09620122299106279,4,0.7348240386038116,0.24112598057838544,0.024049980817803
market_control::kw::563e35190980220011572d9a,563e35190980220011572d9a,market_control,kw,0,1,kw_control,1,6.0,0.5,seemed like the fairest outcome,Moral,1,0.035492096109786445,-0.09620122299106279,4,0.7348240386038116,0.24112598057838544,0.024049980817803
market_control::kw::563e5abecbd4c60005dc9153,563e5abecbd4c60005dc9153,market_control,kw,0,1,kw_control,1,12.0,0.0,I don't know them and I'm not obligated to them.,Self-interest,3,0.1316652888925463,-0.06926366648785251,3,0.7247105410046907,0.25111932744758747,0.024170131547721904
market_control::kw::563fecf4074be600055e98c7,563fecf4074be600055e98c7,market_control,kw,0,1,kw_control,1,11.0,0.0833333333333333,Because I always used to share 50/50 in studies like this then found out no-one else was bothering so now I don't bother either.,Self-interest,3,0.035492096109786445,-0.09620122299106279,4,0.7348240386038116,0.24112598057838544,0.024049980817803
market_control::kw::5687d434369319000c269c03,5687d434369319000c269c03,market_control,kw,0,1,kw_control,1,7.0,0.4166666666666666,"I need to keep some money for myself, to 'ringfence' it, if you like. But it's not fair that they get none at all, so I gave them a fiver :-)",Moral,1,0.035492096109786445,-0.09620122299106279,4,0.7348240386038116,0.24112598057838544,0.024049980817803
market_control::kw::569c01a19e8363000b2ffa33,569c01a19e8363000b2ffa33,market_control,kw,0,1,kw_control,2,12.0,0.0,Money is tight for everybody and I want to keep as much as possible for myself,Self-interest,3,0.035492096109786445,-0.09620122299106279,4,0.7348240386038116,0.24112598057838544,0.024049980817803
market_control::kw::56aa77fc638440000b8b4f4a,56aa77fc638440000b8b4f4a,market_control,kw,0,1,kw_control,2,6.0,0.5,I would want to be fair and even so I split it down the middle evenly.,Moral,1,0.05569138459223965,0.7779644050161401,4,0.7084072414820392,0.2360778812497956,0.0555148772681653
market_control::kw::56fc1245f37e08000cbea351,56fc1245f37e08000cbea351,market_control,kw,0,1,kw_control,2,8.5,0.2916666666666666,It's nothing more than a small gesture.,Moral,1,-0.6843279864440104,-0.11026260710346344,4,0.8013508869904555,0.17108433562849146,0.027564777381053
market_control::kw::57509aade19ee9000680df04,57509aade19ee9000680df04,market_control,kw,0,1,kw_control,2,9.5,0.2083333333333333,For this actual experiement i felt like i wanted a little more but felt kind in the offering,Moral,1,-0.6636735400568929,0.7499339763842658,4,0.7715572501077551,0.16592244856587485,0.06252030132636997
market_control::kw::577bfa3c9fecfe0001a5bcbf,577bfa3c9fecfe0001a5bcbf,market_control,kw,0,1,kw_control,2,6.0,0.5,It is the most fair outcome.,Moral,1,-0.6843279864440104,-0.11026260710346344,4,0.8013508869904555,0.17108433562849146,0.027564777381053
market_control::kw::5786a6cc07724c000114b618,5786a6cc07724c000114b618,market_control,kw,0,1,kw_control,2,7.0,0.4166666666666666,seemed fairer to give the other person some reward,Moral,1,0.2383852481652708,-0.019197454319884847,1,0.7128710650642286,0.2623504058982448,0.02477852903752663
market_control::kw::57892012454e5400015f35c4,57892012454e5400015f35c4,market_control,kw,0,1,kw_control,1,7.0,0.4166666666666666,"In my heart I wanted to go 50:50 and transfer $6. However, I am afraid that other participants won't do this so I decided to be generous but also keep the majority of the money for myself",Self-interest,3,-0.06807469201004503,-0.026179810674385202,1,0.7436141316380389,0.23004848384176463,0.02633738452019649
market_control::kw::579e431a81f331000139d5d0,579e431a81f331000139d5d0,market_control,kw,0,1,kw_control,1,6.0,0.5,i started with nothing and it seems fair to the other participant to give them a chance,Moral,1,0.035492096109786445,-0.09620122299106279,4,0.7348240386038116,0.24112598057838544,0.024049980817803
market_control::kw::57a7337e913c710001977341,57a7337e913c710001977341,market_control,kw,0,1,kw_control,2,8.0,0.3333333333333333,There is enough of a margin for me to be satisfied and makes sure the other party doesn’t get nothing so they might deal with me in the future.,Mutual Benefit / Cooperation,2,0.06486492582816115,-0.0730557820495936,3,0.7314833179809022,0.24407625304855812,0.02444042897053967
market_control::kw::57d6b1718e00270001b430cc,57d6b1718e00270001b430cc,market_control,kw,0,1,kw_control,2,6.0,0.5,It was an even amount,Moral,1,-0.06807469201004503,-0.026179810674385202,1,0.7436141316380389,0.23004848384176463,0.02633738452019649
market_control::kw::5800eb53beccf8000100cb06,5800eb53beccf8000100cb06,market_control,kw,0,1,kw_control,2,2.0,0.8333333333333334,"No reason to give anything away, but was feeling generous.",Moral,1,0.035492096109786445,-0.09620122299106279,4,0.7348240386038116,0.24112598057838544,0.024049980817803
market_control::kw::5823c1b185e40e00012f2e68,5823c1b185e40e00012f2e68,market_control,kw,0,1,kw_control,2,12.0,0.0,I do not know the other person and I do not want to support them.,Self-interest,3,0.1316652888925463,-0.06926366648785251,3,0.7247105410046907,0.25111932744758747,0.024170131547721904
market_control::kw::58660808db3e720001e228d9,58660808db3e720001e228d9,market_control,kw,0,1,kw_control,2,12.0,0.0,I gave zero because I don't believe there is another person,Self-interest,3,0.035492096109786445,-0.09620122299106279,4,0.7348240386038116,0.24112598057838544,0.024049980817803
market_control::kw::586d71f3a205a90001e7ea7e,586d71f3a205a90001e7ea7e,market_control,kw,0,1,kw_control,1,10.0,0.1666666666666666,Because it would leave me with a round number of $10,Self-interest,3,-0.19474250282503003,-0.07816156922751266,3,0.7567179274067074,0.21755424288361602,0.02572782970967654
market_control::kw::5885129a6907b40001de425a,5885129a6907b40001de425a,market_control,kw,0,1,kw_control,2,8.0,0.3333333333333333,"I was under no obligation to share the money, but felt it was unfair to be the only person to receive a bonus.",Moral,1,0.035492096109786445,-0.09620122299106279,4,0.7348240386038116,0.24112598057838544,0.024049980817803
market_control::kw::588a4cbb670d6600012bd509,588a4cbb670d6600012bd509,market_control,kw,0,1,kw_control,2,6.0,0.5,"I think it's fair to split the profits equally if people work equally hard, and I would feel better in myself if I did that.",Moral,1,-0.6843279864440104,-0.11026260710346344,4,0.8013508869904555,0.17108433562849146,0.027564777381053
market_control::kw::58921be25c15e0000158405c,58921be25c15e0000158405c,market_control,kw,0,1,kw_control,2,12.0,0.0,"Again, i just wanted the most amount possible.",Self-interest,3,0.035492096109786445,-0.09620122299106279,4,0.7348240386038116,0.24112598057838544,0.024049980817803
market_control::kw::595f88cc135b5e0001928a9c,595f88cc135b5e0001928a9c,market_control,kw,0,1,kw_control,2,12.0,0.0,it would be most beneficial to me,Self-interest,3,0.035492096109786445,-0.09620122299106279,4,0.7348240386038116,0.24112598057838544,0.024049980817803
market_control::kw::595fd893a670a10001941bf9,595fd893a670a10001941bf9,market_control,kw,0,1,kw_control,2,7.0,0.4166666666666666,So the other participant also receives some financial input,Moral,1,0.21766445646164614,0.8910219270951386,2,0.6883576409552478,0.25202334325784526,0.05961901578690694
market_control::kw::5977986837d15f00016f1d08,5977986837d15f00016f1d08,market_control,kw,0,1,kw_control,1,6.0,0.5,i wanted to be fair to the other participant,Moral,1,0.7234804667959527,-0.08303830320225501,4,0.6601106837385211,0.31913021086148324,0.02075910539999561
market_control::kw::5979ff012cce5b0001d0ddf0,5979ff012cce5b0001d0ddf0,market_control,kw,0,1,kw_control,1,7.0,0.4166666666666666,I thought it would be nice and thoughtful to share some of the money I have,Moral,1,1.4743686948982369,-0.04288432714251335,2,0.5582220400489585,0.42426826025296477,0.017509699698076656
market_control::kw::59900f959d487e0001ac3a8e,59900f959d487e0001ac3a8e,market_control,kw,0,1,kw_control,1,6.0,0.5,it is fair to share it equally so we both get the same amount,Moral,1,0.05569138459223961,0.7779644050161391,4,0.7084072414820392,0.2360778812497956,0.05551487726816525
market_control::kw::59921d7bb83f800001a5e452,59921d7bb83f800001a5e452,market_control,kw,0,1,kw_control,2,7.0,0.4166666666666666,"I feel that the opportunity was presented to me and I would like to be adequately rewarded, but I would not like to see another participant go away empty-handed.",Self-interest,3,-0.6691514282189474,-0.0874992777375991,3,0.7995609570443725,0.17234118543327498,0.028097857522352596
market_control::kw::5992f3b9004c4f0001cc81ac,5992f3b9004c4f0001cc81ac,market_control,kw,0,1,kw_control,2,8.5,0.2916666666666666,It just seems fair. I’m providing all of the information but they should get something,Moral,1,0.13166528889254636,-0.06926366648785251,3,0.7247105410046907,0.25111932744758747,0.024170131547721904
market_control::kw::59931157f9db7d00018955b8,59931157f9db7d00018955b8,market_control,kw,0,1,kw_control,2,12.0,0.0,i want to keep it for myself,Self-interest,3,0.09150295042799497,-0.07250595039042276,3,0.7288123664630296,0.24687778125082477,0.024309852286145676
market_control::kw::5996d2256b939900012d9f22,5996d2256b939900012d9f22,market_control,kw,0,1,kw_control,1,9.0,0.25,"I wanted them to have something, but i need to put the needs of my family first.",Self-interest,3,-0.18857858658312898,0.8159446417884466,3,0.7288992627058608,0.21053110997781643,0.060569627316322816
market_control::kw::599ec7dc617ca80001fcd124,599ec7dc617ca80001fcd124,market_control,kw,0,1,kw_control,1,12.0,0.0,I maximized the recovery to myself,Self-interest,3,0.035492096109786445,-0.09620122299106279,4,0.7348240386038116,0.24112598057838544,0.024049980817803
market_control::kw::59a23b5d1bf9070001ce8d73,59a23b5d1bf9070001ce8d73,market_control,kw,0,1,kw_control,1,10.0,0.1666666666666666,I don't know the other participant so I chose to only give them a small amount of money.,Self-interest,3,0.035492096109786445,-0.09620122299106279,4,0.7348240386038116,0.24112598057838544,0.024049980817803
market_control::kw::59d39f387d08030001f345a5,59d39f387d08030001f345a5,market_control,kw,0,1,kw_control,2,12.0,0.0,I don't feel any connection to this other person and don't feel duty bound to share!,Self-interest,3,0.035492096109786445,-0.09620122299106279,4,0.7348240386038116,0.24112598057838544,0.024049980817803
market_control::kw::59d4fb316cc82800013e32d3,59d4fb316cc82800013e32d3,market_control,kw,0,1,kw_control,1,6.0,0.5,If we are lucky enough to be chosen for the bonus then it’s only fair that it shared equally,Moral,1,0.035492096109786445,-0.09620122299106279,4,0.7348240386038116,0.24112598057838544,0.024049980817803
market_control::kw::59d8ec713e5ea00001e1d09c,59d8ec713e5ea00001e1d09c,market_control,kw,0,1,kw_control,2,6.0,0.5,i think it is a fair price,Moral,1,-0.19474250282503003,-0.07816156922751266,3,0.7567179274067074,0.21755424288361602,0.02572782970967654
market_control::kw::59ea4fd07d6df50001e6930f,59ea4fd07d6df50001e6930f,market_control,kw,0,1,kw_control,1,6.0,0.5,"We're both matched to this study, so might as well split the allocation as we're in the same situation.",Moral,1,-0.6843279864440104,-0.11026260710346344,4,0.8013508869904555,0.17108433562849146,0.027564777381053
market_control::kw::5a031384fe645f0001e9ea24,5a031384fe645f0001e9ea24,market_control,kw,0,1,kw_control,2,10.0,0.1666666666666666,I would like to keep most of the money,Self-interest,3,0.8904282887081608,-0.05758032756318518,3,0.6392746284443539,0.340326294247655,0.020399077307991058
market_control::kw::5a0f2b13f2e3460001edbbcf,5a0f2b13f2e3460001edbbcf,market_control,kw,0,1,kw_control,1,6.0,0.5,It's a fair split between me and them 50/50. I believe this should be shared fairly between two participants.,Moral,1,0.06486492582816115,-0.0730557820495936,3,0.7314833179809022,0.24407625304855812,0.02444042897053967
market_control::kw::5a219133b4665b00011fd87a,5a219133b4665b00011fd87a,market_control,kw,0,1,kw_control,2,10.0,0.1666666666666666,i want to keep most of the allotment for myself,Self-interest,3,0.6042554469183785,-0.07274063385008926,3,0.6739155352331191,0.304493373492797,0.021591091274083908
market_control::kw::5a21f3731a1ad3000138f901,5a21f3731a1ad3000138f901,market_control,kw,0,1,kw_control,1,12.0,0.0,"If it were in person, I would likely give the other person some and the amount would depend on who that person is. Less if a stranger and more if a friend in need. In this case, I don't believe the other person is actually a real person.",Self-interest,3,0.09150295042799497,-0.07250595039042276,3,0.7288123664630296,0.24687778125082477,0.024309852286145676
market_control::kw::5a5a6318ac5624000153e365,5a5a6318ac5624000153e365,market_control,kw,0,1,kw_control,1,8.0,0.3333333333333333,i have been given no real reason why I should allocate any money to the other participant. i have no knowledge of their financial background and for all I know they may well be better off than me. As they have started off with $0 then a $4 share seems pretty fair to me.,Moral,1,0.05569138459223961,0.7779644050161391,4,0.7084072414820392,0.2360778812497956,0.05551487726816525
market_control::kw::5a638fa6c0d836000107b8bc,5a638fa6c0d836000107b8bc,market_control,kw,0,1,kw_control,1,6.0,0.5,I feel like it os the only fair option,Moral,1,0.09150295042799497,-0.07250595039042276,3,0.7288123664630296,0.24687778125082477,0.024309852286145676
market_control::kw::5a65ea8363394a000155745d,5a65ea8363394a000155745d,market_control,kw,0,1,kw_control,2,12.0,0.0,i want to maximise my potential reward,Self-interest,3,-0.6553061082647963,-0.08672159303610953,3,0.7983568938432501,0.17360022704942335,0.02804287910732649
market_control::kw::5a6ce61e9d65ec00017e9618,5a6ce61e9d65ec00017e9618,market_control,kw,0,1,kw_control,2,6.0,0.5,Seems like a fair split between me and the other participant.,Moral,1,0.035492096109786445,-0.09620122299106279,4,0.7348240386038116,0.24112598057838544,0.024049980817803
market_control::kw::5a775b638fe2dc00010579b2,5a775b638fe2dc00010579b2,market_control,kw,0,1,kw_control,1,6.0,0.5,because i dont know any thing about them or situation its better to share it equally,Moral,1,0.7234804667959527,-0.08303830320225501,4,0.6601106837385211,0.31913021086148324,0.02075910539999561
market_control::kw::5a82032017ef350001706e9a,5a82032017ef350001706e9a,market_control,kw,0,1,kw_control,1,6.0,0.5,"I chose $6 because it is out of both of our control who gets the provisional $12. If I were in their position, I would want and expect to receive $6 as well.",Moral,1,0.035492096109786445,-0.09620122299106279,4,0.7348240386038116,0.24112598057838544,0.024049980817803
market_control::kw::5a847fd2aa46dd00016ba03c,5a847fd2aa46dd00016ba03c,market_control,kw,0,1,kw_control,1,6.0,0.5,"I think this is fair, theres no reason why i should keep the majority or have a minority.",Moral,1,0.035492096109786445,-0.09620122299106279,4,0.7348240386038116,0.24112598057838544,0.024049980817803
market_control::kw::5a8f05faf49c9a0001f3e4c6,5a8f05faf49c9a0001f3e4c6,market_control,kw,0,1,kw_control,1,6.0,0.5,I like to share so we can have half of it together.,Moral,1,0.05569138459223965,0.7779644050161407,4,0.708407241482039,0.2360778812497956,0.05551487726816534
market_control::kw::5a94d24fb5e2110001c689b5,5a94d24fb5e2110001c689b5,market_control,kw,0,1,kw_control,2,6.0,0.5,I assume we will do equal work,Moral,1,-0.6636735400568929,0.749933976384266,4,0.7715572501077551,0.16592244856587485,0.06252030132636997
market_control::kw::5a9bcd3f1eda410001366c55,5a9bcd3f1eda410001366c55,market_control,kw,0,1,kw_control,2,9.0,0.25,I want to keep most of the money but also give the other participant something.,Self-interest,3,-0.6843279864440104,-0.11026260710346344,4,0.8013508869904555,0.17108433562849146,0.027564777381053
market_control::kw::5adeeea15f327e0001fb74e1,5adeeea15f327e0001fb74e1,market_control,kw,0,1,kw_control,1,6.0,0.5,As I am not sure what I would be transferring for so I would prefer to be fair in my decision and split the money,Moral,1,0.2383852481652708,-0.019197454319884847,1,0.7128710650642286,0.2623504058982448,0.02477852903752663
market_control::kw::5ae96d1878b0060001e69b8a,5ae96d1878b0060001e69b8a,market_control,kw,0,1,kw_control,2,6.0,0.5,"Again, same reason as before, it is fair",Moral,1,-0.6338459784526013,-0.08293100677771605,3,0.7964277519034667,0.17554450988327766,0.02802773821325554
market_control::kw::5b0b08941e55760001b94b98,5b0b08941e55760001b94b98,market_control,kw,0,1,kw_control,1,6.0,0.5,The amount is not enough to have a significant effect on me so might as well share it equally.,Moral,1,0.035492096109786445,-0.09620122299106279,4,0.7348240386038116,0.24112598057838544,0.024049980817803
market_control::kw::5b1d8c8988ee7400012b2730,5b1d8c8988ee7400012b2730,market_control,kw,0,1,kw_control,1,6.0,0.5,I thought to make things equal between us both is only morally right.,Moral,1,-0.6636735400568929,0.7499339763842658,4,0.7715572501077551,0.16592244856587485,0.06252030132636997
market_control::kw::5b20c5e04c72120001f25dda,5b20c5e04c72120001f25dda,market_control,kw,0,1,kw_control,2,12.0,0.0,"Because I need the money. Maybe they were unlucky today and received zero, thus this was their fate. Perhaps I will not receive $12 in bonus and such will be my fate. However, I need the money and I cannot forfeit a dollar for someone else at the moment. It makes me feel bad and selfish, but the truth is that I right now would desperately need those 12. No hard feelings. I would understand if they did the same to me.",Self-interest,3,-0.6843279864440104,-0.11026260710346344,4,0.8013508869904555,0.17108433562849146,0.027564777381053
market_control::kw::5b2122b319113a0001168cd4,5b2122b319113a0001168cd4,market_control,kw,0,1,kw_control,1,6.0,0.5,It is the most fair outcome - both people get 50% of the earnings,Moral,1,0.035492096109786445,-0.09620122299106279,4,0.7348240386038116,0.24112598057838544,0.024049980817803
market_control::kw::5b2c0de67297750001c794ab,5b2c0de67297750001c794ab,market_control,kw,0,1,kw_control,2,7.0,0.4166666666666666,I didn't want to give half but wanted to give close to half,Moral,1,0.1316652888925463,-0.06926366648785251,3,0.7247105410046907,0.25111932744758747,0.024170131547721904
market_control::kw::5b3b48c5b6b4410001614786,5b3b48c5b6b4410001614786,market_control,kw,0,1,kw_control,1,6.0,0.5,Because it is the fairest option to share the money equally.,Moral,1,0.035492096109786445,-0.09620122299106279,4,0.7348240386038116,0.24112598057838544,0.024049980817803
market_control::kw::5b7af69d2f3fc30001374190,5b7af69d2f3fc30001374190,market_control,kw,0,1,kw_control,2,6.0,0.5,I chose this amount so that the other person and I would both receive the same amount of money.,Moral,1,0.7234804667959527,-0.08303830320225501,4,0.6601106837385211,0.31913021086148324,0.02075910539999561
market_control::kw::5b905d5d2f789f00011c4cc2,5b905d5d2f789f00011c4cc2,market_control,kw,0,1,kw_control,1,6.0,0.5,I transferred half as I would hope that the other person would do the same,Moral,1,0.035492096109786445,-0.09620122299106279,4,0.7348240386038116,0.24112598057838544,0.024049980817803
market_control::kw::5baca9c4bf876e000149b586,5baca9c4bf876e000149b586,market_control,kw,0,1,kw_control,1,7.0,0.4166666666666666,i would like to split the money but i think i should have a little more,Moral,1,0.09150295042799497,-0.07250595039042276,3,0.7288123664630296,0.24687778125082477,0.024309852286145676
market_control::kw::5bb627b7f047e200014ee3bd,5bb627b7f047e200014ee3bd,market_control,kw,0,1,kw_control,1,6.0,0.5,I started with nothing and chose to share. If every one did this the world would be a better place. I was tempted to keep it but i couldn't do it,Moral,1,0.19855988686252463,-0.044552228515932595,2,0.7174442778377254,0.25816406726181873,0.024391654900455986
market_control::kw::5bdad3fa0bde32000170745b,5bdad3fa0bde32000170745b,market_control,kw,0,1,kw_control,2,10.0,0.1666666666666666,I wanted to feel like I was going to be better off than I was initially,Self-interest,3,0.1316652888925463,-0.06926366648785251,3,0.7247105410046907,0.25111932744758747,0.024170131547721904
market_control::kw::5be92cf1ba2782000117743e,5be92cf1ba2782000117743e,market_control,kw,0,1,kw_control,2,8.0,0.3333333333333333,It was a gesture of kindness but not wanting to shoot myself in the foot,Moral,1,0.035492096109786445,-0.09620122299106279,4,0.7348240386038116,0.24112598057838544,0.024049980817803
market_control::kw::5bf8ff200b616400019cc2fd,5bf8ff200b616400019cc2fd,market_control,kw,0,1,kw_control,2,6.0,0.5,"In the interest of fairness, I chose this allocation. It seems like the kind/right thing to do and I'd hope that the universe pays it forward.",Moral,1,-0.6843279864440104,-0.11026260710346344,4,0.8013508869904555,0.17108433562849146,0.027564777381053
market_control::kw::5c0595bb1a20110001e9f1e1,5c0595bb1a20110001e9f1e1,market_control,kw,0,1,kw_control,2,6.0,0.5,I wanted to be fair to the other participant.,Moral,1,0.035492096109786445,-0.09620122299106279,4,0.7348240386038116,0.24112598057838544,0.024049980817803
market_control::kw::5c06c226c1a4b2000135f395,5c06c226c1a4b2000135f395,market_control,kw,0,1,kw_control,1,6.0,0.5,"I would hope in this scenario, the other person would have done the same and split the money equally",Moral,1,0.035492096109786445,-0.09620122299106279,4,0.7348240386038116,0.24112598057838544,0.024049980817803
market_control::kw::5c080adf76e77b00016744dc,5c080adf76e77b00016744dc,market_control,kw,0,1,kw_control,1,6.0,0.5,Because its evenly split. With both get an even cut.,Moral,1,0.7234804667959527,-0.08303830320225501,4,0.6601106837385211,0.31913021086148324,0.02075910539999561
market_control::kw::5c0c90e7632102000147c3cc,5c0c90e7632102000147c3cc,market_control,kw,0,1,kw_control,1,6.0,0.5,equality. I view everyone as a reflection of the real me (the atman) and I want us both to have the same amount.,Moral,1,0.035492096109786445,-0.09620122299106279,4,0.7348240386038116,0.24112598057838544,0.024049980817803
market_control::kw::5c0cb29e1b80df00017843d2,5c0cb29e1b80df00017843d2,market_control,kw,0,1,kw_control,2,12.0,0.0,I want the bonus for myself hence I did not allocate money to anyone,Self-interest,3,-0.19474250282503003,-0.07816156922751266,3,0.7567179274067074,0.21755424288361602,0.02572782970967654
market_control::kw::5c0fe8b95096c60001f16140,5c0fe8b95096c60001f16140,market_control,kw,0,1,kw_control,2,11.0,0.0833333333333333,I'll give them a share of $1 so they still feel they won something and they have gained and not made a loss,Moral,1,-0.6019348164365413,-0.05817519015683462,2,0.7931267787554512,0.17834397085079468,0.028529250393754042
market_control::kw::5c1a1c6b0bdf8b0001c5928e,5c1a1c6b0bdf8b0001c5928e,market_control,kw,0,1,kw_control,1,6.0,0.5,to share the same amount. to start equal. and honesty.,Moral,1,0.824371120853678,-0.05974762368425644,3,0.6475290386846746,0.3317661475520867,0.020704813763238718
market_control::kw::5c20056791305c000171dcd9,5c20056791305c000171dcd9,market_control,kw,0,1,kw_control,1,9.0,0.25,"I chose this so that they have something from what I was going to receive, however, not so much that I would miss out.",Self-interest,3,-0.6338459784526013,-0.08293100677771605,3,0.7964277519034667,0.17554450988327766,0.02802773821325554
market_control::kw::5c2df24a2c45d400014a87f5,5c2df24a2c45d400014a87f5,market_control,kw,0,1,kw_control,1,6.0,0.5,fairest way really when don't know the other person,Moral,1,0.06486492582816115,-0.0730557820495936,3,0.7314833179809022,0.24407625304855812,0.02444042897053967
market_control::kw::5c38f43bb594c40001212d39,5c38f43bb594c40001212d39,market_control,kw,0,1,kw_control,2,6.0,0.5,Just dividing up the money that neither of us had before,Moral,1,0.035492096109786445,-0.09620122299106279,4,0.7348240386038116,0.24112598057838544,0.024049980817803
market_control::kw::5c477c3b302d8a0001c52ee2,5c477c3b302d8a0001c52ee2,market_control,kw,0,1,kw_control,1,10.0,0.1666666666666666,Because I am not sure who the person is,Self-interest,3,0.09150295042799497,-0.07250595039042276,3,0.7288123664630296,0.24687778125082477,0.024309852286145676
market_control::kw::5c509487172b6c0001779b34,5c509487172b6c0001779b34,market_control,kw,0,1,kw_control,2,8.5,0.2916666666666666,It felt natural and in the previous task I slid the cursor to the other side.,No clear justification,0,-0.11000998536910686,-0.029356674843612457,1,0.7477061929491076,0.22579889494468322,0.026494912106209252
market_control::kw::5c578b57e66e510001eec4c6,5c578b57e66e510001eec4c6,market_control,kw,0,1,kw_control,2,9.0,0.25,I still want more money than them in this study but gave them a little so I didn't feel so bad about it,Moral,1,0.035492096109786445,-0.09620122299106279,4,0.7348240386038116,0.24112598057838544,0.024049980817803
market_control::kw::5c5865627607d00001432199,5c5865627607d00001432199,market_control,kw,0,1,kw_control,2,6.0,0.5,I think it is fair to share equally.,Moral,1,0.035492096109786445,-0.09620122299106279,4,0.7348240386038116,0.24112598057838544,0.024049980817803
market_control::kw::5c608e91001e34000145185a,5c608e91001e34000145185a,market_control,kw,0,1,kw_control,1,6.0,0.5,"I would like to think that the other participant would share the money, as we are both in similar positions, i.e. working on a Prolific survey. Its only fair.",Moral,1,0.035492096109786445,-0.09620122299106279,4,0.7348240386038116,0.24112598057838544,0.024049980817803
market_control::kw::5c6df5298c5fd30001b83926,5c6df5298c5fd30001b83926,market_control,kw,0,1,kw_control,2,12.0,0.0,I wouldnt transfer anything to the other participant due to lacking information about them and the allocation is randomised.,Self-interest,3,-0.19474250282503003,-0.07816156922751266,3,0.7567179274067074,0.21755424288361602,0.02572782970967654
market_control::kw::5c7075f618126000010d4c97,5c7075f618126000010d4c97,market_control,kw,0,1,kw_control,2,6.0,0.5,I dont want to be selfish and want to give the other participant half of the money,Moral,1,0.742687966460586,0.8052292772625548,4,0.6369705829390352,0.31432961085690836,0.04869980620405645
market_control::kw::5c753cfc25c76b00017068ab,5c753cfc25c76b00017068ab,market_control,kw,0,1,kw_control,1,6.0,0.5,I thought it to be fair to split what i had,Moral,1,-0.03727782198302366,-0.025968623280514226,1,0.7406286617817986,0.23320402791426587,0.026167310303935487
market_control::kw::5c88f3e70c07be00143e5697,5c88f3e70c07be00143e5697,market_control,kw,0,1,kw_control,2,6.0,0.5,because I wanted to be fair and not take everything,Moral,1,0.9092627318866225,-0.02456552204700862,1,0.6364094727383907,0.3426252307668597,0.020965296494749597
market_control::kw::5c8c22bafeeaeb0016207a00,5c8c22bafeeaeb0016207a00,market_control,kw,0,1,kw_control,1,10.0,0.1666666666666666,"I could really do with the money right now, but I would feel too guilty not giving anything to the other participant, who could also be in a bad financial situation",Moral,1,-0.6843279864440104,-0.11026260710346344,4,0.8013508869904555,0.17108433562849146,0.027564777381053
market_control::kw::5c8d4db8c6eef00001bd2510,5c8d4db8c6eef00001bd2510,market_control,kw,0,1,kw_control,1,6.0,0.5,Because this money is the equivalent of getting a free ticket to something and I feel it's only fair to split it. I would also hope that someone would do the same for me if it was the other way round.,Moral,1,0.15102183789012513,0.8353555037227856,3,0.6970758853054349,0.2455170463213014,0.057407068373263814
market_control::kw::5c90bb590d21a20017ec455d,5c90bb590d21a20017ec455d,market_control,kw,0,1,kw_control,2,6.0,0.5,Its fair we both recieve the same amount,Moral,1,0.035492096109786445,-0.09620122299106279,4,0.7348240386038116,0.24112598057838544,0.024049980817803
market_control::kw::5c93fa19104ec70017bfa894,5c93fa19104ec70017bfa894,market_control,kw,0,1,kw_control,2,10.0,0.1666666666666666,"I'd like ten pounds to myself and I'm not selfless enough to give away half because I'm poor and ten pounds makes a big difference to me and its hard to worry about everyone else struggling, I know they are, same.",Self-interest,3,0.035492096109786445,-0.09620122299106279,4,0.7348240386038116,0.24112598057838544,0.024049980817803
market_control::kw::5c9d137bc00f5a0001f981ef,5c9d137bc00f5a0001f981ef,market_control,kw,0,1,kw_control,2,8.0,0.3333333333333333,"I believe in sharing and kindness, therefore I decided to share 30% of my earnings which I believe is fair. As I do not know this person, I did not wish to share any more than this.",Moral,1,0.7234804667959527,-0.08303830320225501,4,0.6601106837385211,0.31913021086148324,0.02075910539999561
market_control::kw::5c9e119a881e9800147050da,5c9e119a881e9800147050da,market_control,kw,0,1,kw_control,2,6.0,0.5,i think sharing it 50-50 is the fairest way,Moral,1,0.035492096109786445,-0.09620122299106279,4,0.7348240386038116,0.24112598057838544,0.024049980817803
market_control::kw::5ca9106716aa84001725d880,5ca9106716aa84001725d880,market_control,kw,0,1,kw_control,2,12.0,0.0,"I didn't want to share, so I didn't",Self-interest,3,0.8904282887081608,-0.05758032756318518,3,0.6392746284443539,0.340326294247655,0.020399077307991058
market_control::kw::5caa178ffd086000016dd2d3,5caa178ffd086000016dd2d3,market_control,kw,0,1,kw_control,2,6.0,0.5,Seem like a fair deal for everyone,Moral,1,-0.6553061082647963,-0.08672159303610953,3,0.7983568938432501,0.17360022704942335,0.02804287910732649
market_control::kw::5caa1cc0a5568f0001f75654,5caa1cc0a5568f0001f75654,market_control,kw,0,1,kw_control,2,6.0,0.5,I wanted to transfer half the amount as I believe it is fair and we are equal.,Moral,1,0.035492096109786445,-0.09620122299106279,4,0.7348240386038116,0.24112598057838544,0.024049980817803
market_control::kw::5cab3a6f797d90001402fd4d,5cab3a6f797d90001402fd4d,market_control,kw,0,1,kw_control,2,6.0,0.5,"There was no indication of the hypothetical task that implied that either participant did less or more work, so an equal split seemed reasonable",Moral,1,0.035492096109786445,-0.09620122299106279,4,0.7348240386038116,0.24112598057838544,0.024049980817803
market_control::kw::5cbe1e098f939c0015c0b9d8,5cbe1e098f939c0015c0b9d8,market_control,kw,0,1,kw_control,1,12.0,0.0,"i have no vested interest in this 'other person', i owe them nothing and haven't been offered any legitimate reason why i should allocate anything to them.",Self-interest,3,0.19855988686252463,-0.044552228515932595,2,0.7174442778377254,0.25816406726181873,0.024391654900455986
market_control::kw::5ccb343fcdcf0f0001ba779e,5ccb343fcdcf0f0001ba779e,market_control,kw,0,1,kw_control,1,6.0,0.5,because they deserve half. its only right and fair im not a greedy person,Moral,1,-0.5842104289318815,-0.03304872731938094,1,0.7910290791819482,0.17983991364527635,0.02913100717277548
market_control::kw::5cd9712d725bb3000128f2bd,5cd9712d725bb3000128f2bd,market_control,kw,0,1,kw_control,1,6.0,0.5,I want us to be equal,Moral,1,0.035492096109786445,-0.09620122299106279,4,0.7348240386038116,0.24112598057838544,0.024049980817803
market_control::kw::5ce031fc7f65ee001a985a6b,5ce031fc7f65ee001a985a6b,market_control,kw,0,1,kw_control,1,9.0,0.25,because think its fair,Moral,1,-0.5842104289318815,-0.03304872731938094,1,0.7910290791819482,0.17983991364527635,0.02913100717277548
market_control::kw::5ceafa32a20e6000160c5e74,5ceafa32a20e6000160c5e74,market_control,kw,0,1,kw_control,1,6.0,0.5,we are both doing the same job so should be paid the same,Moral,1,0.035492096109786445,-0.09620122299106279,4,0.7348240386038116,0.24112598057838544,0.024049980817803
market_control::kw::5cf510ccb0bafb00161ffd56,5cf510ccb0bafb00161ffd56,market_control,kw,0,1,kw_control,1,8.0,0.3333333333333333,because i know absolutely nothing about the person therefore i don't know what they are going through at the moment and i didn't share it 50/50 because they are not someone i know or trust,Self-interest,3,-0.19474250282503003,-0.07816156922751266,3,0.7567179274067074,0.21755424288361602,0.02572782970967654
market_control::kw::5d0b7d3a1c9a4e001a11dd19,5d0b7d3a1c9a4e001a11dd19,market_control,kw,0,1,kw_control,1,9.0,0.25,"I am in need of the money badly. However, I wanted to at least give them a few dollars to be kind.",Moral,1,0.035492096109786445,-0.09620122299106279,4,0.7348240386038116,0.24112598057838544,0.024049980817803
market_control::kw::5d13d6a2d4888600182efdd6,5d13d6a2d4888600182efdd6,market_control,kw,0,1,kw_control,2,12.0,0.0,i dont want to give a random person anything,Self-interest,3,0.035492096109786445,-0.09620122299106279,4,0.7348240386038116,0.24112598057838544,0.024049980817803
market_control::kw::5d16d17119d2ed0015e21360,5d16d17119d2ed0015e21360,market_control,kw,0,1,kw_control,1,6.0,0.5,I feel as if it is only fair to split the bonus evenly.,Moral,1,0.035492096109786445,-0.09620122299106279,4,0.7348240386038116,0.24112598057838544,0.024049980817803
market_control::kw::5d1e70384a8a0c00015cb200,5d1e70384a8a0c00015cb200,market_control,kw,0,1,kw_control,2,8.0,0.3333333333333333,"I believe that the allocation is mine, so would keep a larger portion but I also would want the other participant to have some funds also.",Self-interest,3,0.035492096109786445,-0.09620122299106279,4,0.7348240386038116,0.24112598057838544,0.024049980817803
market_control::kw::5d332ea34007ad00199c3713,5d332ea34007ad00199c3713,market_control,kw,0,1,kw_control,2,6.0,0.5,Because it's fair to half the money,Moral,1,1.368077242502889,-0.07046938230215995,4,0.5743978953568138,0.40798585521811165,0.017616249425074573
market_control::kw::5d421d6e6247ef001900bdf9,5d421d6e6247ef001900bdf9,market_control,kw,0,1,kw_control,1,8.0,0.3333333333333333,"I wanted to give the other party something, not as much as mine but something worth it.",Moral,1,-0.19474250282503003,-0.07816156922751266,3,0.7567179274067074,0.21755424288361602,0.02572782970967654
market_control::kw::5d4acbc3cfe6e90001ad87c9,5d4acbc3cfe6e90001ad87c9,market_control,kw,0,1,kw_control,1,10.0,0.1666666666666666,I don't know the other person and don't feel a consequence from not sharing more of the money,Self-interest,3,-0.6843279864440104,-0.11026260710346344,4,0.8013508869904555,0.17108433562849146,0.027564777381053
market_control::kw::5d5035c5d87393001af70561,5d5035c5d87393001af70561,market_control,kw,0,1,kw_control,1,6.0,0.5,I thought I would buy the other participant a cup of coffee for the holidays.,Moral,1,0.19855988686252463,-0.044552228515932595,2,0.7174442778377254,0.25816406726181873,0.024391654900455986
market_control::kw::5d51ad87e02e5500182bb86e,5d51ad87e02e5500182bb86e,market_control,kw,0,1,kw_control,1,6.5,0.4583333333333333,more or less half way,Moral,1,0.035492096109786445,-0.09620122299106279,4,0.7348240386038116,0.24112598057838544,0.024049980817803
market_control::kw::5d52a800c42ad6001a1f6482,5d52a800c42ad6001a1f6482,market_control,kw,0,1,kw_control,1,11.0,0.0833333333333333,I don't know this person but there is a connection because we are both doing this survey,Moral,1,-0.1589639983807394,2.3196431608435697,3,0.5990889296007764,0.17732821571041815,0.2235828546888054
market_control::kw::5d53326a70729700015efb69,5d53326a70729700015efb69,market_control,kw,0,1,kw_control,2,12.0,0.0,Didn't feel obligated to allocate any money.,Self-interest,3,-0.6843279864440104,-0.11026260710346344,4,0.8013508869904555,0.17108433562849146,0.027564777381053
market_control::kw::5d56e5c7844d0e0016eccc25,5d56e5c7844d0e0016eccc25,market_control,kw,0,1,kw_control,1,8.0,0.3333333333333333,"I chose this amount because I feel its not fair to keep the full amount, I would feel guilty about that. But then I also feel I do not know them or owe them anything so I would just transfer a small chunk of the total rather than any more.",Moral,1,-0.1408640495161301,-0.05411734619990676,2,0.7511431125319626,0.22282099075970763,0.026035896708329672
market_control::kw::5d697ea28572fc000126b779,5d697ea28572fc000126b779,market_control,kw,0,1,kw_control,1,6.0,0.5,I want to share my money with the other person.,Moral,1,0.6042554469183791,-0.07274063385008926,3,0.673915535233119,0.30449337349279704,0.021591091274083905
market_control::kw::5d6e5462c5a2e300169b687e,5d6e5462c5a2e300169b687e,market_control,kw,0,1,kw_control,1,8.0,0.3333333333333333,"I chose this amount because I wanted to give them something, but as I do not know them, I still wanted to be better off myself.",Self-interest,3,-0.19474250282503003,-0.07816156922751266,3,0.7567179274067074,0.21755424288361602,0.02572782970967654
market_control::kw::5d7047d764b37b0017ffa710,5d7047d764b37b0017ffa710,market_control,kw,0,1,kw_control,1,8.0,0.3333333333333333,"I wanted to give some to the other participant, but I feel that if it were their decision, they wouldn't have given me any of the allocation.",Self-interest,3,0.6042554469183788,-0.07274063385008926,3,0.673915535233119,0.30449337349279704,0.021591091274083905
market_control::kw::5d70dd0b28805f001aaf9a94,5d70dd0b28805f001aaf9a94,market_control,kw,0,1,kw_control,1,6.0,0.5,I want to share everything i have so i gave half,Moral,1,0.035492096109786445,-0.09620122299106279,4,0.7348240386038116,0.24112598057838544,0.024049980817803
market_control::kw::5d72263be0c76e001b132794,5d72263be0c76e001b132794,market_control,kw,0,1,kw_control,2,0.0,1.0,"Greed, but feel ok about it because it is essentially luck of the draw",Self-interest,3,-0.6843279864440104,-0.11026260710346344,4,0.8013508869904555,0.17108433562849146,0.027564777381053
market_control::kw::5d75555c99bf5b0018864ed3,5d75555c99bf5b0018864ed3,market_control,kw,0,1,kw_control,2,6.0,0.5,"By transfering this amount, I aimed to ensure we both had a fair share.",Moral,1,0.035492096109786445,-0.09620122299106279,4,0.7348240386038116,0.24112598057838544,0.024049980817803
market_control::kw::5d791ec483d5a400018d8629,5d791ec483d5a400018d8629,market_control,kw,0,1,kw_control,2,12.0,0.0,I want the maximum reward,Self-interest,3,0.035492096109786445,-0.09620122299106279,4,0.7348240386038116,0.24112598057838544,0.024049980817803
market_control::kw::5d7929cc3dd8fd0001de3b98,5d7929cc3dd8fd0001de3b98,market_control,kw,0,1,kw_control,1,6.0,0.5,"It's the most fair, I get half and they get half.",Moral,1,-0.6338459784526013,-0.08293100677771605,3,0.7964277519034667,0.17554450988327766,0.02802773821325554
market_control::kw::5d7fd2a5987f70001602d95b,5d7fd2a5987f70001602d95b,market_control,kw,0,1,kw_control,2,12.0,0.0,I chose to not transfer any money to increase my odds of receiving more income or money.,Self-interest,3,-0.19474250282503003,-0.07816156922751266,3,0.7567179274067074,0.21755424288361602,0.02572782970967654
market_control::kw::5d820503d2ef9c0001a3f0da,5d820503d2ef9c0001a3f0da,market_control,kw,0,1,kw_control,1,6.0,0.5,"I'd choose this option as they deserve the money as much as I do. I haven't done anything to deserve more than them, and they are entitled to it just as much as I am.",Moral,1,0.1316652888925463,-0.06926366648785251,3,0.7247105410046907,0.25111932744758747,0.024170131547721904
market_control::kw::5d8a3031baf792001640a637,5d8a3031baf792001640a637,market_control,kw,0,1,kw_control,2,9.0,0.25,I wanted to give them something but not lots as I dont know them.,Self-interest,3,-0.19474250282503003,-0.07816156922751266,3,0.7567179274067074,0.21755424288361602,0.02572782970967654
market_control::kw::5d95d2bbd84e9e001607bfea,5d95d2bbd84e9e001607bfea,market_control,kw,0,1,kw_control,2,8.0,0.3333333333333333,Less than 50% but greater than nothing.,No clear justification,0,-0.6843279864440104,-0.11026260710346344,4,0.8013508869904555,0.17108433562849146,0.027564777381053
market_control::kw::5da09f733c3367001a72dec6,5da09f733c3367001a72dec6,market_control,kw,0,1,kw_control,2,6.0,0.5,It was fair to split it evenly,Moral,1,0.05569138459223961,0.7779644050161391,4,0.7084072414820392,0.2360778812497956,0.05551487726816525
market_control::kw::5da18dd5f362630015ee5f72,5da18dd5f362630015ee5f72,market_control,kw,0,1,kw_control,2,6.0,0.5,it seems fair that we share as we are both doing the work,Moral,1,0.035492096109786445,-0.09620122299106279,4,0.7348240386038116,0.24112598057838544,0.024049980817803
market_control::kw::5da78f61a60c0d0017d6ed89,5da78f61a60c0d0017d6ed89,market_control,kw,0,1,kw_control,1,10.0,0.1666666666666666,I chose $2 because I felt morally oblidged to do so. The amount seems reasonable as I do not know this other participant,Moral,1,0.08589520326674242,0.8274934093342162,3,0.7035431156543198,0.23866466173770026,0.057792222607979934
market_control::kw::5dad865e32175a0014451b20,5dad865e32175a0014451b20,market_control,kw,0,1,kw_control,2,6.0,0.5,"I did nothing to earn the money, so I see no reason not to share it equally.",Moral,1,0.7234804667959527,-0.08303830320225501,4,0.6601106837385211,0.31913021086148324,0.02075910539999561
market_control::kw::5dadbc8a7ac8810019838e8f,5dadbc8a7ac8810019838e8f,market_control,kw,0,1,kw_control,1,8.0,0.3333333333333333,"I chose this amount because although I was allocated $12 and the other participant was allocated $0, I think it would be fair to give them some of the money as they had no choice in receiving $0. Although I recognise this isn't an equitable 50/50 split, because I was chosen to receive $12, I think I should retain the majority and I am doing a decent act by allocating some of this money to the other person despite not knowing anything about them.",Moral,1,0.035492096109786445,-0.09620122299106279,4,0.7348240386038116,0.24112598057838544,0.024049980817803
market_control::kw::5db01e642282410011fc7f17,5db01e642282410011fc7f17,market_control,kw,0,1,kw_control,2,8.0,0.3333333333333333,I thought it was a reasonable amount as a gift.,Moral,1,0.035492096109786445,-0.09620122299106279,4,0.7348240386038116,0.24112598057838544,0.024049980817803
market_control::kw::5db77b2f181176000b66533c,5db77b2f181176000b66533c,market_control,kw,0,1,kw_control,2,12.0,0.0,I want to keep all the money myself.,Self-interest,3,0.09150295042799497,-0.07250595039042276,3,0.7288123664630296,0.24687778125082477,0.024309852286145676
market_control::kw::5dbb9407e0a6e81863526af7,5dbb9407e0a6e81863526af7,market_control,kw,0,1,kw_control,1,6.0,0.5,"I went with an even split because starting at $12/$0 felt way off. Giving $6 makes it fair so we both walk away equal. Honestly, it just sits better with me to balance things out.",Moral,1,-0.19474250282503003,-0.07816156922751266,3,0.7567179274067074,0.21755424288361602,0.02572782970967654
market_control::kw::5dc9cbe8be3c0f6f54f8be65,5dc9cbe8be3c0f6f54f8be65,market_control,kw,0,1,kw_control,2,12.0,0.0,I dont know the other person so I have no ties to them so dont feel any responsibility,Self-interest,3,0.2383852481652708,-0.019197454319884847,1,0.7128710650642286,0.2623504058982448,0.02477852903752663
market_control::kw::5dcf14459595a105c52cd304,5dcf14459595a105c52cd304,market_control,kw,0,1,kw_control,2,8.0,0.3333333333333333,"Because it was enough to feel like I have given them some money, but not a big enough amount for me to lost a lot of the bonus if I get one.",Self-interest,3,-0.10112948304054419,-0.05101403594573973,2,0.747285608713868,0.22682194287474444,0.02589244841138765
market_control::kw::5ddbd6e518beb6b1e1de0326,5ddbd6e518beb6b1e1de0326,market_control,kw,0,1,kw_control,2,6.0,0.5,I am not a greedy person and will share when ever I can,Moral,1,0.035492096109786445,-0.09620122299106279,4,0.7348240386038116,0.24112598057838544,0.024049980817803
market_control::kw::5dddb4071e70dad3885f1601,5dddb4071e70dad3885f1601,market_control,kw,0,1,kw_control,2,10.0,0.1666666666666666,i wanted to be nice to the other participant,Moral,1,0.1316652888925463,-0.06926366648785251,3,0.7247105410046907,0.25111932744758747,0.024170131547721904
market_control::kw::5ddee2c82e4a05e53854a5d4,5ddee2c82e4a05e53854a5d4,market_control,kw,0,1,kw_control,2,6.5,0.4583333333333333,I wanted to give the other participant an near equal share while still keeping the controlling share,Moral,1,0.09150295042799497,-0.07250595039042276,3,0.7288123664630296,0.24687778125082477,0.024309852286145676
market_control::kw::5de3bb4674c6793bb8b1fdcc,5de3bb4674c6793bb8b1fdcc,market_control,kw,0,1,kw_control,1,6.0,0.5,we both worked on this together,Moral,1,0.035492096109786445,-0.09620122299106279,4,0.7348240386038116,0.24112598057838544,0.024049980817803
market_control::kw::5de7ca192294f172c699b7dc,5de7ca192294f172c699b7dc,market_control,kw,0,1,kw_control,1,6.0,0.5,I didn't mind sharing half of what I was given.,Moral,1,0.035492096109786445,-0.09620122299106279,4,0.7348240386038116,0.24112598057838544,0.024049980817803
market_control::kw::5deadb731aaabf212ed16016,5deadb731aaabf212ed16016,market_control,kw,0,1,kw_control,2,11.5,0.0416666666666666,why transfer when i can keep most ofr myself. i dont know them so dont care,Self-interest,3,0.035492096109786445,-0.09620122299106279,4,0.7348240386038116,0.24112598057838544,0.024049980817803
market_control::kw::5dee265613911c4bb3c0ac7e,5dee265613911c4bb3c0ac7e,market_control,kw,0,1,kw_control,2,6.0,0.5,Because we can share in the good fortune if successful. A random act of kindness.,Moral,1,-0.6019348164365413,-0.05817519015683462,2,0.7931267787554512,0.17834397085079468,0.028529250393754042
market_control::kw::5e0629a51d46070022c94ac9,5e0629a51d46070022c94ac9,market_control,kw,0,1,kw_control,2,6.0,0.5,Fairness. We deserve the same amount each. It would feel wrong to take more than my fair share.,Moral,1,0.035492096109786445,-0.09620122299106279,4,0.7348240386038116,0.24112598057838544,0.024049980817803
market_control::kw::5e13ad514c81b2a01ae4aa9f,5e13ad514c81b2a01ae4aa9f,market_control,kw,0,1,kw_control,2,6.0,0.5,it seemed fair to me,Moral,1,-0.6691514282189474,-0.0874992777375991,3,0.7995609570443725,0.17234118543327498,0.028097857522352596
market_control::kw::5e14ffee6f6c63b33cf77eb3,5e14ffee6f6c63b33cf77eb3,market_control,kw,0,1,kw_control,2,6.0,0.5,i wanted to be fair and make it equal,Moral,1,0.7234804667959527,-0.08303830320225501,4,0.6601106837385211,0.31913021086148324,0.02075910539999561
market_control::kw::5e1c70532bf95145ccc6393f,5e1c70532bf95145ccc6393f,market_control,kw,0,1,kw_control,2,6.0,0.5,Because its nice to share,Moral,1,-0.1408640495161301,-0.05411734619990676,2,0.7511431125319626,0.22282099075970763,0.026035896708329672
market_control::kw::5e1cf0eb65b6d3071f489de9,5e1cf0eb65b6d3071f489de9,market_control,kw,0,1,kw_control,2,8.0,0.3333333333333333,"to give myself a good amount of bonus whilst also giving them some money too, trying to be fair without reducing all of my money",Moral,1,0.035492096109786445,-0.09620122299106279,4,0.7348240386038116,0.24112598057838544,0.024049980817803
market_control::kw::5e22fce6db62ba5aec3e53b1,5e22fce6db62ba5aec3e53b1,market_control,kw,0,1,kw_control,1,10.5,0.125,It wasn’t to much to part with,Self-interest,3,1.3872088005643022,0.8321181950362672,4,0.5548188638010448,0.40320338387313276,0.041977752325822335
market_control::kw::5e28b99e1aacba092acd8cbd,5e28b99e1aacba092acd8cbd,market_control,kw,0,1,kw_control,2,0.0,1.0,I dont know at all im very confused,No clear justification,0,0.8459123381083551,-0.023823519129857876,1,0.644324064343149,0.33434886933305397,0.021327066323796946
market_control::kw::5e42c26bcea1861491e28258,5e42c26bcea1861491e28258,market_control,kw,0,1,kw_control,1,12.0,0.0,In this world at the moment every penny counts so why would I give it to a complete stranger,Self-interest,3,0.1316652888925463,-0.06926366648785251,3,0.7247105410046907,0.25111932744758747,0.024170131547721904
market_control::kw::5e52b65a6c3d7d2bf47c7cab,5e52b65a6c3d7d2bf47c7cab,market_control,kw,0,1,kw_control,1,12.0,0.0,Because I need the money.,Self-interest,3,0.8904282887081608,-0.05758032756318518,3,0.6392746284443539,0.340326294247655,0.020399077307991058
market_control::kw::5e532bad158f1d33b3473072,5e532bad158f1d33b3473072,market_control,kw,0,1,kw_control,2,6.0,0.5,half seem like a fine partner split win win,Mutual Benefit / Cooperation,2,0.19855988686252463,-0.044552228515932595,2,0.7174442778377254,0.25816406726181873,0.024391654900455986
market_control::kw::5e57d38b533eec1818078f0b,5e57d38b533eec1818078f0b,market_control,kw,0,1,kw_control,2,8.0,0.3333333333333333,like i say its not too noticeable its just like buying a pack of sweets,No clear justification,0,-0.16677395931887304,-0.0544598265902651,2,0.753608824986274,0.22021916379782788,0.02617201121589807
market_control::kw::5e58327c315ddb02593a4244,5e58327c315ddb02593a4244,market_control,kw,0,1,kw_control,2,12.0,0.0,"I want to potentially gain as much as possible, I don't know the other participant or owe them anything",Self-interest,3,0.035492096109786445,-0.09620122299106279,4,0.7348240386038116,0.24112598057838544,0.024049980817803
market_control::kw::5e64a02eb7d70b20f250b129,5e64a02eb7d70b20f250b129,market_control,kw,0,1,kw_control,1,9.0,0.25,"I am broke and financially strapped, so I can only afford to share $3 and I want to keep the remainder of the money for myself.",Self-interest,3,0.19855988686252463,-0.044552228515932595,2,0.7174442778377254,0.25816406726181873,0.024391654900455986
market_control::kw::5e64da5ac34e832466061bf8,5e64da5ac34e832466061bf8,market_control,kw,0,1,kw_control,2,6.0,0.5,It seems like the fairest option to me,Moral,1,0.035492096109786445,-0.09620122299106279,4,0.7348240386038116,0.24112598057838544,0.024049980817803
market_control::kw::5e7897841fc50b000c787b94,5e7897841fc50b000c787b94,market_control,kw,0,1,kw_control,2,12.0,0.0,"I don't know if they are even real, and I really need the cash myself",Self-interest,3,0.7746281755934803,-0.047808285338742186,2,0.6534230279312444,0.325363439101631,0.021213532967124585
market_control::kw::5e83425144753905a3a17ad8,5e83425144753905a3a17ad8,market_control,kw,0,1,kw_control,2,7.5,0.375,"reasonable sharing, so both parties get something",Moral,1,0.035492096109786445,-0.09620122299106279,4,0.7348240386038116,0.24112598057838544,0.024049980817803
market_control::kw::5e8592a92c33ae18079ebf68,5e8592a92c33ae18079ebf68,market_control,kw,0,1,kw_control,1,12.0,0.0,Kept all the money to myself as originally allocated,Self-interest,3,-0.6843279864440104,-0.11026260710346344,4,0.8013508869904555,0.17108433562849146,0.027564777381053
market_control::kw::5e8e474ffacc7d10481f2f15,5e8e474ffacc7d10481f2f15,market_control,kw,0,1,kw_control,2,12.0,0.0,"I like money, I am doing a paid survey for next to nothing, of course I am not going to be charitable",Self-interest,3,-0.6553061082647963,-0.08672159303610953,3,0.7983568938432501,0.17360022704942335,0.02804287910732649
market_control::kw::5e90d908621d9b40667fc3d5,5e90d908621d9b40667fc3d5,market_control,kw,0,1,kw_control,2,3.5,0.7083333333333333,"It is only a relative small amount, so I would like to be generous to the other participant and it means I get to keep a bit of it, and it feels good to be generous when you can.",Moral,1,-0.6553061082647963,-0.08672159303610953,3,0.7983568938432501,0.17360022704942335,0.02804287910732649
market_control::kw::5e9b1378b0f218000c570018,5e9b1378b0f218000c570018,market_control,kw,0,1,kw_control,2,10.0,0.1666666666666666,I don't want to contribute anything and not knowing the value (other person) I think they would be content with some value,Self-interest,3,0.8243711208536781,-0.059747623684256436,3,0.6475290386846746,0.3317661475520867,0.020704813763238718
market_control::kw::5e9b85a506abba08c1bf0ae8,5e9b85a506abba08c1bf0ae8,market_control,kw,0,1,kw_control,2,4.0,0.6666666666666667,"If I was helping a friend, I'd want to help them a bit more but within my financial means still. I'd like to be generous but also realistic.",Moral,1,0.035492096109786445,-0.09620122299106279,4,0.7348240386038116,0.24112598057838544,0.024049980817803
market_control::kw::5e9f897c20320b000b1cc4cb,5e9f897c20320b000b1cc4cb,market_control,kw,0,1,kw_control,1,6.0,0.5,"I like to be fair and kind, so half of this being transferred shows my personality",Moral,1,-0.6843279864440104,-0.11026260710346344,4,0.8013508869904555,0.17108433562849146,0.027564777381053
market_control::kw::5e9fefeb0ccdc51a4ad7632e,5e9fefeb0ccdc51a4ad7632e,market_control,kw,0,1,kw_control,1,8.0,0.3333333333333333,I do not feel as if i can transfer nothing as i am not a mean person,Moral,1,-0.639274452242488,-0.06291765360710877,2,0.7964565574499164,0.17493492732181543,0.02860851522826821
market_control::kw::5ea0c2ecb8640c0c0b56bc46,5ea0c2ecb8640c0c0b56bc46,market_control,kw,0,1,kw_control,2,8.5,0.2916666666666666,Seems fairer to me as a solution,Moral,1,-0.6691514282189474,-0.0874992777375991,3,0.7995609570443725,0.17234118543327498,0.028097857522352596
market_control::kw::5ea18fee43087803c739ccef,5ea18fee43087803c739ccef,market_control,kw,0,1,kw_control,1,6.0,0.5,"think it good to share, and a 50/50 split seemed to be the fairest way to do it.",Moral,1,-0.19474250282503003,-0.07816156922751266,3,0.7567179274067074,0.21755424288361602,0.02572782970967654
market_control::kw::5ea25b82a46065174c689daa,5ea25b82a46065174c689daa,market_control,kw,0,1,kw_control,1,6.0,0.5,i believe everyone should have the same amount i did nothing special to get extra,Moral,1,0.7234804667959527,-0.08303830320225501,4,0.6601106837385211,0.31913021086148324,0.02075910539999561
market_control::kw::5ea3f7021782d23892358af1,5ea3f7021782d23892358af1,market_control,kw,0,1,kw_control,2,8.0,0.3333333333333333,I wanted to make sure they got something but I got a bigger share as I have done all the answering of the questions.,Self-interest,3,0.035492096109786445,-0.09620122299106279,4,0.7348240386038116,0.24112598057838544,0.024049980817803
market_control::kw::5ea9cc9195f36c126a27d0a7,5ea9cc9195f36c126a27d0a7,market_control,kw,0,1,kw_control,1,6.0,0.5,I think it's fair to be fair. It's money we've never had so it's best to be even.,Moral,1,-0.6843279864440104,-0.11026260710346344,4,0.8013508869904555,0.17108433562849146,0.027564777381053
market_control::kw::5eb326b506340e120aa20780,5eb326b506340e120aa20780,market_control,kw,0,1,kw_control,2,8.0,0.3333333333333333,I think that it is a nice gift but I still keep most of my earnings,Self-interest,3,0.035492096109786445,-0.09620122299106279,4,0.7348240386038116,0.24112598057838544,0.024049980817803
market_control::kw::5eb517998224d338dd4e7ca4,5eb517998224d338dd4e7ca4,market_control,kw,0,1,kw_control,1,12.0,0.0,"I do not know the other participant, so a don't feel any obligation. There is a chance that they are just a robot.",Self-interest,3,-0.1408640495161301,-0.05411734619990676,2,0.7511431125319626,0.22282099075970763,0.026035896708329672
market_control::kw::5eb5f6d5e38e9f4e6c8dde3f,5eb5f6d5e38e9f4e6c8dde3f,market_control,kw,0,1,kw_control,1,0.0,1.0,I wanted to act generously.,Moral,1,0.7234804667959527,-0.08303830320225501,4,0.6601106837385211,0.31913021086148324,0.02075910539999561
market_control::kw::5eba1056248e4a00088cd9da,5eba1056248e4a00088cd9da,market_control,kw,0,1,kw_control,1,10.0,0.1666666666666666,I want to save for my bills but be kind,Moral,1,-0.10112948304054419,-0.05101403594573973,2,0.747285608713868,0.22682194287474444,0.02589244841138765
market_control::kw::5ebaa6dd28b52b000c94b78c,5ebaa6dd28b52b000c94b78c,market_control,kw,0,1,kw_control,1,6.0,0.5,"I think it's fair! I've been allocated this money and they've been allocated nothing, so it makes sense to split it.",Moral,1,0.035492096109786445,-0.09620122299106279,4,0.7348240386038116,0.24112598057838544,0.024049980817803
market_control::kw::5ec1443eede69055ff0dd051,5ec1443eede69055ff0dd051,market_control,kw,0,1,kw_control,1,6.0,0.5,I chose to transfer 6 as I feel this is a fair amount and it is split equally between both participants. I know if I was on the receiving end I would be happy for it to be split equally.,Moral,1,0.7234804667959527,-0.08303830320225501,4,0.6601106837385211,0.31913021086148324,0.02075910539999561
market_control::kw::5ec566d96750985448f14950,5ec566d96750985448f14950,market_control,kw,0,1,kw_control,2,8.0,0.3333333333333333,i didn't want to give away all of the money but also if everybody has that mindset i wouldn't get any either,Self-interest,3,0.06486492582816115,-0.0730557820495936,3,0.7314833179809022,0.24407625304855812,0.02444042897053967
market_control::kw::5ec94f9f4907d9451096dc3d,5ec94f9f4907d9451096dc3d,market_control,kw,0,1,kw_control,1,6.0,0.5,Its fair to split the money equally so we both get something,Moral,1,0.19855988686252463,-0.044552228515932595,2,0.7174442778377254,0.25816406726181873,0.024391654900455986
market_control::kw::5ed4eb0e91ac4d011cb77c93,5ed4eb0e91ac4d011cb77c93,market_control,kw,0,1,kw_control,1,6.0,0.5,I think this is the fairest way to share the money.,Moral,1,0.035492096109786445,-0.09620122299106279,4,0.7348240386038116,0.24112598057838544,0.024049980817803
market_control::kw::5efa66c030577f1782e0311a,5efa66c030577f1782e0311a,market_control,kw,0,1,kw_control,1,12.0,0.0,"I'm struggling financially and could do with the money. If I knew the other participant's financial situation, I'd be likely willing to allocate more.",Self-interest,3,-0.19474250282503003,-0.07816156922751266,3,0.7567179274067074,0.21755424288361602,0.02572782970967654
market_control::kw::5f061f46dc944614ea1be5b9,5f061f46dc944614ea1be5b9,market_control,kw,0,1,kw_control,1,6.0,0.5,It makes sense since we both participated in something but one person was unfairly rewarded with $0. It makes sense to split it down the middle.,Moral,1,-0.6843279864440104,-0.11026260710346344,4,0.8013508869904555,0.17108433562849146,0.027564777381053
market_control::kw::5f119d6034b87902fdd7d772,5f119d6034b87902fdd7d772,market_control,kw,0,1,kw_control,1,6.0,0.5,"I thought we are both in this together trying to earn some money on prolific doing these studies so its only fair that we should split it down the middle, that is what I hope someone would do for me if the roles were reversed.",Moral,1,0.1316652888925463,-0.06926366648785251,3,0.7247105410046907,0.25111932744758747,0.024170131547721904
market_control::kw::5f146f8b9a35f72602d03ddc,5f146f8b9a35f72602d03ddc,market_control,kw,0,1,kw_control,2,6.0,0.5,"I would transfer $6 because it creates an equal split, which feels fair since neither of us earned the money and we started from an unequal allocation. Sharing it evenly seems like a reasonable and balanced choice that treats the other participant as an equal rather than keeping an unfair advantage.",Moral,1,0.035492096109786445,-0.09620122299106279,4,0.7348240386038116,0.24112598057838544,0.024049980817803
market_control::kw::5f155b98b1393b000d6bf745,5f155b98b1393b000d6bf745,market_control,kw,0,1,kw_control,2,8.0,0.3333333333333333,I think it is fair to give away some of my allocation to someone as I would share my money by sharing with charity,Moral,1,0.7234804667959527,-0.08303830320225501,4,0.6601106837385211,0.31913021086148324,0.02075910539999561
market_control::kw::5f15672bb9e53c000b59d81b,5f15672bb9e53c000b59d81b,market_control,kw,0,1,kw_control,2,6.0,0.5,It seems the fairest option as I didn;t have anything to start with anyway,Moral,1,0.035492096109786445,-0.09620122299106279,4,0.7348240386038116,0.24112598057838544,0.024049980817803
market_control::kw::5f16b54f545875491515958b,5f16b54f545875491515958b,market_control,kw,0,1,kw_control,1,6.0,0.5,It's half and half so fair,Moral,1,-0.11000998536910686,-0.029356674843612457,1,0.7477061929491076,0.22579889494468322,0.026494912106209252
market_control::kw::5f1daf67e539fb6e9a42f300,5f1daf67e539fb6e9a42f300,market_control,kw,0,1,kw_control,1,12.0,0.0,"I don't know this person, don't owe them anything, and want to keep all of the money for myself.",Self-interest,3,0.0354920961097864,-0.09620122299106279,4,0.7348240386038116,0.24112598057838544,0.024049980817803
market_control::kw::5f2042752276432e3a7ef104,5f2042752276432e3a7ef104,market_control,kw,0,1,kw_control,1,6.0,0.5,its half so it would be fair but I really wanted to give them 2 because I don't know them and are not bonded with them and don't know their needs,Moral,1,0.035492096109786445,-0.09620122299106279,4,0.7348240386038116,0.24112598057838544,0.024049980817803
market_control::kw::5f2b30b6a340af558e1f1d32,5f2b30b6a340af558e1f1d32,market_control,kw,0,1,kw_control,2,6.0,0.5,I wanted to be fair and share the money for both taking part,Moral,1,-0.6338459784526013,-0.08293100677771605,3,0.7964277519034667,0.17554450988327766,0.02802773821325554
market_control::kw::5f3d63427c561a0f0d0cb09c,5f3d63427c561a0f0d0cb09c,market_control,kw,0,1,kw_control,2,6.0,0.5,"This feels the fairest way to split the money, i could of kept it all but that feels wrong to me",Moral,1,0.7234804667959527,-0.08303830320225501,4,0.6601106837385211,0.31913021086148324,0.02075910539999561
market_control::kw::5f450738ab827a05e739ef40,5f450738ab827a05e739ef40,market_control,kw,0,1,kw_control,1,12.0,0.0,Don't like sharing. Regardless of how it affects my earnings in this study,Self-interest,3,-0.06807469201004503,-0.026179810674385202,1,0.7436141316380389,0.23004848384176463,0.02633738452019649
market_control::kw::5f485c765324cf1ed7d564cd,5f485c765324cf1ed7d564cd,market_control,kw,0,1,kw_control,1,10.0,0.1666666666666666,The person can flip the money if they choose. I have enough money to donate to someone else if I choose that option.,Self-interest,3,0.035492096109786445,-0.09620122299106279,4,0.7348240386038116,0.24112598057838544,0.024049980817803
market_control::kw::5f4f990e0e7da9068d0a9802,5f4f990e0e7da9068d0a9802,market_control,kw,0,1,kw_control,2,11.0,0.0833333333333333,that was the best in my situation to transfer,Self-interest,3,-0.6843279864440104,-0.11026260710346344,4,0.8013508869904555,0.17108433562849146,0.027564777381053
market_control::kw::5f4f9bc1f7598f06b2dc816f,5f4f9bc1f7598f06b2dc816f,market_control,kw,0,1,kw_control,1,6.0,0.5,I felt this is money that should be shared with the other person since they are not getting anything. Splitting it 50/50 seems fair.,Moral,1,0.035492096109786445,-0.09620122299106279,4,0.7348240386038116,0.24112598057838544,0.024049980817803
market_control::kw::5f63f7b97652ac171be54075,5f63f7b97652ac171be54075,market_control,kw,0,1,kw_control,1,12.0,0.0,"I chose to give $0 because 1) I'm not convinced there is another Prolific user on the other end of this (rather, an automated partner), and 2) I am broke and desperately trying to make ends meet, so I can use every dollar I can get.",Self-interest,3,0.035492096109786445,-0.09620122299106279,4,0.7348240386038116,0.24112598057838544,0.024049980817803
market_control::kw::5f6e76757befe43b22307387,5f6e76757befe43b22307387,market_control,kw,0,1,kw_control,2,9.0,0.25,"I want to give - but not too much, similar to Part 1 :)",Moral,1,-0.6338459784526013,-0.08293100677771605,3,0.7964277519034667,0.17554450988327766,0.02802773821325554
market_control::kw::5f7b3e3d831aa60b4c16d6d7,5f7b3e3d831aa60b4c16d6d7,market_control,kw,0,1,kw_control,1,7.0,0.4166666666666666,I would like to share the amount but would like to keep a little more than half. I wouldn't like to keep it all. I would feel mean.,Moral,1,0.035492096109786445,-0.09620122299106279,4,0.7348240386038116,0.24112598057838544,0.024049980817803
market_control::kw::5f953584d654c638ae82c4b2,5f953584d654c638ae82c4b2,market_control,kw,0,1,kw_control,2,6.0,0.5,I believe in fairness,Moral,1,0.7234804667959527,-0.08303830320225501,4,0.6601106837385211,0.31913021086148324,0.02075910539999561
market_control::kw::5f994db35d140f02b07f6faa,5f994db35d140f02b07f6faa,market_control,kw,0,1,kw_control,2,8.0,0.3333333333333333,I didn't want to give too much of my money away yet I felt I needed to give something,Self-interest,3,-0.16677395931887304,-0.0544598265902651,2,0.753608824986274,0.22021916379782788,0.02617201121589807
market_control::kw::5fa17ddeabc188288bde81c8,5fa17ddeabc188288bde81c8,market_control,kw,0,1,kw_control,2,6.0,0.5,I choose to believe that this an equal partnership relationship and have no reason to doubt that it is.,Moral,1,0.6042554469183791,-0.07274063385008926,3,0.673915535233119,0.30449337349279704,0.021591091274083905
market_control::kw::5fa2e56fe794555527f2c8ef,5fa2e56fe794555527f2c8ef,market_control,kw,0,1,kw_control,1,12.0,0.0,"Because I haven't met the other participant, I feel less compelled to give them any money",Self-interest,3,-0.19474250282503003,-0.07816156922751266,3,0.7567179274067074,0.21755424288361602,0.02572782970967654
market_control::kw::5fa92f3172de7e02d5d77656,5fa92f3172de7e02d5d77656,market_control,kw,0,1,kw_control,2,6.0,0.5,I feel generous and want to bless someone else.,Moral,1,-0.19474250282503003,-0.07816156922751266,3,0.7567179274067074,0.21755424288361602,0.02572782970967654
market_control::kw::5fabf588f711fa0c6b0aebf6,5fabf588f711fa0c6b0aebf6,market_control,kw,0,1,kw_control,2,6.0,0.5,I like to be fair and the equal share would ensure our friendship continued.,Moral,1,0.035492096109786445,-0.09620122299106279,4,0.7348240386038116,0.24112598057838544,0.024049980817803
market_control::kw::5faf5be7eb05711e07faf4cf,5faf5be7eb05711e07faf4cf,market_control,kw,0,1,kw_control,2,6.0,0.5,I wanted to benefit my partner in the most way possible so that I could be benefitted too.,Mutual Benefit / Cooperation,2,0.035492096109786445,-0.09620122299106279,4,0.7348240386038116,0.24112598057838544,0.024049980817803
market_control::kw::5fb3eee93064870009d4ed30,5fb3eee93064870009d4ed30,market_control,kw,0,1,kw_control,1,6.0,0.5,I think it's fair to split any such bonuses and I'm still $6 up!,Moral,1,-0.19474250282503003,-0.07816156922751266,3,0.7567179274067074,0.21755424288361602,0.02572782970967654
market_control::kw::5fc4fdc2be4fcc0008030baa,5fc4fdc2be4fcc0008030baa,market_control,kw,0,1,kw_control,1,10.0,0.1666666666666666,"I wanted to even up; it felt unfair they had less and I had more. I know I now have less, but that is my choice.",Moral,1,0.035492096109786445,-0.09620122299106279,4,0.7348240386038116,0.24112598057838544,0.024049980817803
market_control::kw::5fc56c12a032f00a7e0ab5c8,5fc56c12a032f00a7e0ab5c8,market_control,kw,0,1,kw_control,1,8.0,0.3333333333333333,I feel like a third of the money would be alright to give the other participant.,No clear justification,0,0.2383852481652708,-0.019197454319884847,1,0.7128710650642286,0.2623504058982448,0.02477852903752663
market_control::kw::5fc7977f990ff909859b4b77,5fc7977f990ff909859b4b77,market_control,kw,0,1,kw_control,1,8.0,0.3333333333333333,"it felt fair, i was given all the money but I chose to give them a third of it to be kind",Moral,1,-0.6843279864440104,-0.11026260710346344,4,0.8013508869904555,0.17108433562849146,0.027564777381053
market_control::kw::5fc947712905593dea509cce,5fc947712905593dea509cce,market_control,kw,0,1,kw_control,2,12.0,0.0,I need the money and I have goals that I am saving for.,Self-interest,3,0.7060675519619684,-0.04965242112497788,2,0.6616665690023041,0.31679274140950836,0.02154068958818751
market_control::kw::5fd126635bdf8f092278bdcf,5fd126635bdf8f092278bdcf,market_control,kw,0,1,kw_control,1,6.0,0.5,I just want to share half with the other person so they are not left empty handed. It is most logical to simply split it equally.,Moral,1,0.035492096109786445,-0.09620122299106279,4,0.7348240386038116,0.24112598057838544,0.024049980817803
market_control::kw::5fd18d125e1f92195b1717bc,5fd18d125e1f92195b1717bc,market_control,kw,0,1,kw_control,1,8.0,0.3333333333333333,"I want to keep most of it for myself, but I will still make sure the other party gets something themselves.",Self-interest,3,0.7234804667959527,-0.08303830320225501,4,0.6601106837385211,0.31913021086148324,0.02075910539999561
market_control::kw::5fe73bab13597c0aade80e9b,5fe73bab13597c0aade80e9b,market_control,kw,0,1,kw_control,2,8.0,0.3333333333333333,"I wanted to give them some money as I felt it was unfair to give nothing, but also wanted to keep some for myself as I don't know them and they are a stranger to me",Moral,1,0.035492096109786445,-0.09620122299106279,4,0.7348240386038116,0.24112598057838544,0.024049980817803
market_control::kw::5fef6eebbf7c822b2cff43e0,5fef6eebbf7c822b2cff43e0,market_control,kw,0,1,kw_control,2,10.0,0.1666666666666666,I am broke so I need more money without being too greedy,Self-interest,3,-0.6843279864440104,-0.11026260710346344,4,0.8013508869904555,0.17108433562849146,0.027564777381053
market_control::kw::602fea460a29c4d98a5d8034,602fea460a29c4d98a5d8034,market_control,kw,0,1,kw_control,2,6.0,0.5,fair and equal share of $12,Moral,1,0.035492096109786445,-0.09620122299106279,4,0.7348240386038116,0.24112598057838544,0.024049980817803
market_control::kw::60301bf422eb78e24698d956,60301bf422eb78e24698d956,market_control,kw,0,1,kw_control,2,12.0,0.0,"It felt funny to do that but also harsh because they didnt deserve it, but maybe they would do the same",Moral,1,0.19855988686252463,-0.044552228515932595,2,0.7174442778377254,0.25816406726181873,0.024391654900455986
market_control::kw::6033d643f0cc960c580c716c,6033d643f0cc960c580c716c,market_control,kw,0,1,kw_control,1,12.0,0.0,I really need the money and I am greedy,Self-interest,3,0.035492096109786445,-0.09620122299106279,4,0.7348240386038116,0.24112598057838544,0.024049980817803
market_control::kw::603421c858a3bd213d7c24b2,603421c858a3bd213d7c24b2,market_control,kw,0,1,kw_control,2,12.0,0.0,"I chose this allocation because it felt like the fairest balance between keeping some of what I was given and sharing a portion with the other participant. I wanted my decision to reflect both my own interests and a sense of fairness, and the amount I selected matched the reasoning I used during the task.",Moral,1,0.035492096109786445,-0.09620122299106279,4,0.7348240386038116,0.24112598057838544,0.024049980817803
market_control::kw::603ceb8f82d6b0a88e6cb99a,603ceb8f82d6b0a88e6cb99a,market_control,kw,0,1,kw_control,2,6.0,0.5,I felt it was the fairest option,Moral,1,0.7234804667959527,-0.08303830320225501,4,0.6601106837385211,0.31913021086148324,0.02075910539999561
market_control::kw::60400327a152361b2838dcc3,60400327a152361b2838dcc3,market_control,kw,0,1,kw_control,1,6.0,0.5,It seemed fair to share the money as the other person had nothing and this was the right thing to do.,Moral,1,0.19855988686252463,-0.044552228515932595,2,0.7174442778377254,0.25816406726181873,0.024391654900455986
market_control::kw::6042485be854a50b567878ab,6042485be854a50b567878ab,market_control,kw,0,1,kw_control,2,5.0,0.5833333333333333,GOOD AND VERY NICE AMOUNT,Moral,1,-0.11000998536910686,-0.029356674843612457,1,0.7477061929491076,0.22579889494468322,0.026494912106209252
market_control::kw::604a06acf362ce3bbf7b5106,604a06acf362ce3bbf7b5106,market_control,kw,0,1,kw_control,1,7.0,0.4166666666666666,I am happy to share it but still would like to keep some for myself.,Moral,1,-0.1408640495161301,-0.05411734619990676,2,0.7511431125319626,0.22282099075970763,0.026035896708329672
market_control::kw::604a7e9f84bf0e7937200df5,604a7e9f84bf0e7937200df5,market_control,kw,0,1,kw_control,1,12.0,0.0,"I want it for myself, I don't even think they're real.",Self-interest,3,0.09150295042799497,-0.07250595039042276,3,0.7288123664630296,0.24687778125082477,0.024309852286145676
market_control::kw::6050a8d916ed9ccb611761b4,6050a8d916ed9ccb611761b4,market_control,kw,0,1,kw_control,1,10.0,0.1666666666666666,"So that the other person can still have some money, but I'm not giving away too much of mine.",Self-interest,3,0.12411443573360709,-0.04833630771454098,2,0.7250881937087699,0.2502017861723643,0.024710020118865812
market_control::kw::605269ed69c7aac84a09dc72,605269ed69c7aac84a09dc72,market_control,kw,0,1,kw_control,1,10.0,0.1666666666666666,I dont know or owe the other person anything but would feel bad if u said nothing.,Moral,1,0.06486492582816115,-0.0730557820495936,3,0.7314833179809022,0.24407625304855812,0.02444042897053967
market_control::kw::6054c99c850918fc1ee83760,6054c99c850918fc1ee83760,market_control,kw,0,1,kw_control,2,6.0,0.5,Because I like to be fair and want us both the opportunity to have something that is equal and not greedy,Moral,1,-0.6843279864440104,-0.11026260710346344,4,0.8013508869904555,0.17108433562849146,0.027564777381053
market_control::kw::607e6e60568d9d3b270c7ef8,607e6e60568d9d3b270c7ef8,market_control,kw,0,1,kw_control,2,6.0,0.5,"I like to be fair and would rather share than take it all and if I get it, I'll be quids in anyway!",Moral,1,0.035492096109786445,-0.09620122299106279,4,0.7348240386038116,0.24112598057838544,0.024049980817803
market_control::kw::607eb186570e252f053ee561,607eb186570e252f053ee561,market_control,kw,0,1,kw_control,2,6.0,0.5,I want my decision to be as fair as possible. I'd hope other people would do the same.,Moral,1,-0.6553061082647963,-0.08672159303610953,3,0.7983568938432501,0.17360022704942335,0.02804287910732649
market_control::kw::608702d7661a76c56f62a02a,608702d7661a76c56f62a02a,market_control,kw,0,1,kw_control,1,10.0,0.1666666666666666,Because I wanted to keep most of the money but still wanted to share some of it.,Self-interest,3,0.035492096109786445,-0.09620122299106279,4,0.7348240386038116,0.24112598057838544,0.024049980817803
market_control::kw::609122350e5b8e743ab41f79,609122350e5b8e743ab41f79,market_control,kw,0,1,kw_control,2,6.0,0.5,"I feel that in many cases, it is good to be fair and equal, following the golden rule of treating others fairly and as you would want to be treated.",Moral,1,-0.6843279864440104,-0.11026260710346344,4,0.8013508869904555,0.17108433562849146,0.027564777381053
market_control::kw::609508422fc138baacc04355,609508422fc138baacc04355,market_control,kw,0,1,kw_control,1,10.0,0.1666666666666666,I didn't want to be completely selfish and keep the whole amount and thought a token gesture would be nice.,Moral,1,-0.6691514282189474,-0.0874992777375991,3,0.7995609570443725,0.17234118543327498,0.028097857522352596
market_control::kw::60a2286e51973ae842a306ea,60a2286e51973ae842a306ea,market_control,kw,0,1,kw_control,2,7.0,0.4166666666666666,I just picked a random number,No clear justification,0,0.035492096109786445,-0.09620122299106279,4,0.7348240386038116,0.24112598057838544,0.024049980817803
market_control::kw::60a3304ffb8cf482f8d11b6f,60a3304ffb8cf482f8d11b6f,market_control,kw,0,1,kw_control,1,6.0,0.5,Fairest way to split the money when we are both doing the same thing. It would unfair for me to earn more,Moral,1,0.035492096109786445,-0.09620122299106279,4,0.7348240386038116,0.24112598057838544,0.024049980817803
market_control::kw::60a674515b64fa204593b1f3,60a674515b64fa204593b1f3,market_control,kw,0,1,kw_control,1,8.0,0.3333333333333333,It feels fair - they get something and I get the bulk of the money.,Moral,1,0.1316652888925463,-0.06926366648785251,3,0.7247105410046907,0.25111932744758747,0.024170131547721904
market_control::kw::60ae648439ae911bc987c73f,60ae648439ae911bc987c73f,market_control,kw,0,1,kw_control,2,6.0,0.5,Being fair to my colleague,Moral,1,0.035492096109786445,-0.09620122299106279,4,0.7348240386038116,0.24112598057838544,0.024049980817803
market_control::kw::60aeadce9535d20570242b82,60aeadce9535d20570242b82,market_control,kw,0,1,kw_control,2,6.0,0.5,"This would seem to be the fairest way to share the money equally between us, I am happy with this outcome.",Moral,1,-0.6843279864440104,-0.11026260710346344,4,0.8013508869904555,0.17108433562849146,0.027564777381053
market_control::kw::60b014e8fd54e70643da606c,60b014e8fd54e70643da606c,market_control,kw,0,1,kw_control,2,7.0,0.4166666666666666,I did this before and it felt like a comfortable amount,No clear justification,0,-0.19474250282503003,-0.07816156922751266,3,0.7567179274067074,0.21755424288361602,0.02572782970967654
market_control::kw::60b6938ae5e1bcc48326db9e,60b6938ae5e1bcc48326db9e,market_control,kw,0,1,kw_control,2,6.0,0.5,"I believe in absolute fairness. Since I have no reason to give the other participant any less, the should get half.",Moral,1,-0.10112948304054419,-0.05101403594573973,2,0.747285608713868,0.22682194287474444,0.02589244841138765
market_control::kw::60c0b72e6692e0a14776eafd,60c0b72e6692e0a14776eafd,market_control,kw,0,1,kw_control,1,4.5,0.625,"I chose the allocation of transferring $7.50 to the other participant (leaving myself $4.50) primarily due to a principle of fairness combined with a greater emphasis on generosity, especially given the other participant's starting allocation of $0.",Moral,1,-0.19474250282503003,-0.07816156922751266,3,0.7567179274067074,0.21755424288361602,0.02572782970967654
market_control::kw::60c6cd8bacdf5d1f27924048,60c6cd8bacdf5d1f27924048,market_control,kw,0,1,kw_control,2,6.0,0.5,I chose this allocation to be equally divided with the participant,Moral,1,0.1316652888925463,-0.06926366648785251,3,0.7247105410046907,0.25111932744758747,0.024170131547721904
market_control::kw::60ccdc25fd512fd47ae6d64c,60ccdc25fd512fd47ae6d64c,market_control,kw,0,1,kw_control,2,6.0,0.5,I think its fair that we both share and have equal amounts,Moral,1,-0.6553061082647963,-0.08672159303610953,3,0.7983568938432501,0.17360022704942335,0.02804287910732649
market_control::kw::60d4817e29759c91a36132e2,60d4817e29759c91a36132e2,market_control,kw,0,1,kw_control,1,8.0,0.3333333333333333,"Similar to the work analogy, this is like sharing with a work colleague you dont know well at all- its polite but I dont want to give too much!",Moral,1,-0.6337274912712799,0.7991394542297353,3,0.7668377549379678,0.1680635813897194,0.06509866367231279
market_control::kw::60e93525447d5e9ac6ebbd55,60e93525447d5e9ac6ebbd55,market_control,kw,0,1,kw_control,2,8.0,0.3333333333333333,I chose this amount to be somewhat fair,Moral,1,0.035492096109786445,-0.09620122299106279,4,0.7348240386038116,0.24112598057838544,0.024049980817803
market_control::kw::60eb7a4e37a7b08a26f2e8ef,60eb7a4e37a7b08a26f2e8ef,market_control,kw,0,1,kw_control,2,7.5,0.375,"I wanted to give them some money, but I felt that as I had 12 I had the power to move the money as I saw fit. I gave a greater share to myself.",Self-interest,3,0.035492096109786445,-0.09620122299106279,4,0.7348240386038116,0.24112598057838544,0.024049980817803
market_control::kw::60eead911e567d29abb34468,60eead911e567d29abb34468,market_control,kw,0,1,kw_control,1,10.0,0.1666666666666666,It gives them some but keeps majority for me,Self-interest,3,-0.19474250282503003,-0.07816156922751266,3,0.7567179274067074,0.21755424288361602,0.02572782970967654
market_control::kw::60eed08c1ad192ce66a0c85a,60eed08c1ad192ce66a0c85a,market_control,kw,0,1,kw_control,1,6.0,0.5,I decided to give the other participant half of the money because that is the fairest thing to do. I believe this to be the case because we are then level - we have the same amount of money.,Moral,1,0.035492096109786445,-0.09620122299106279,4,0.7348240386038116,0.24112598057838544,0.024049980817803
market_control::kw::60f1e7976ffb0d77b67a6438,60f1e7976ffb0d77b67a6438,market_control,kw,0,1,kw_control,1,7.0,0.4166666666666666,I wanted to give half and half but then decided i didn't personally know the other person so i would take a little bit extra,Self-interest,3,0.035492096109786445,-0.09620122299106279,4,0.7348240386038116,0.24112598057838544,0.024049980817803
market_control::kw::60f716c8e672d09c3ba24006,60f716c8e672d09c3ba24006,market_control,kw,0,1,kw_control,1,11.5,0.0416666666666666,"I allocated it it like, because i would treat it like a game - being randomly allocated an initial amount is a bit like gambling or a game of chance. So being given the full 12 is like a win. therefore i didnt want to share it",Self-interest,3,0.035492096109786445,-0.09620122299106279,4,0.7348240386038116,0.24112598057838544,0.024049980817803
market_control::kw::60f863b2ae8c09536abefab8,60f863b2ae8c09536abefab8,market_control,kw,0,1,kw_control,1,10.0,0.1666666666666666,I would want the most and I was allocated it so it doesn't technically belong the other person anyway,Self-interest,3,0.035492096109786445,-0.09620122299106279,4,0.7348240386038116,0.24112598057838544,0.024049980817803
market_control::kw::60fd50570dd4923fec4a6f50,60fd50570dd4923fec4a6f50,market_control,kw,0,1,kw_control,1,6.0,0.5,I wanted it to be the most fair for both of us. I figured splitting it in half was best. Then we would both be happy.,Moral,1,0.824371120853678,-0.05974762368425644,3,0.6475290386846746,0.3317661475520867,0.020704813763238718
market_control::kw::60fde5019e79712412b86751,60fde5019e79712412b86751,market_control,kw,0,1,kw_control,2,6.0,0.5,i decided to allocate this way because it is even and fair,Moral,1,-0.19474250282503003,-0.07816156922751266,3,0.7567179274067074,0.21755424288361602,0.02572782970967654
market_control::kw::60fec39221b78233fb4f9054,60fec39221b78233fb4f9054,market_control,kw,0,1,kw_control,2,6.0,0.5,"I gave them $6 because I feel that if I was in their shoes, I would hope they would split the payment in half so we both got equal parts.",Moral,1,0.035492096109786445,-0.09620122299106279,4,0.7348240386038116,0.24112598057838544,0.024049980817803
market_control::kw::61005c19dbd2976cc4a2db0f,61005c19dbd2976cc4a2db0f,market_control,kw,0,1,kw_control,1,11.0,0.0833333333333333,i honestly would want most of the money for myself,Self-interest,3,0.035492096109786445,-0.09620122299106279,4,0.7348240386038116,0.24112598057838544,0.024049980817803
market_control::kw::61036710e1eb1d931b7a34a6,61036710e1eb1d931b7a34a6,market_control,kw,0,1,kw_control,1,10.0,0.1666666666666666,"Honestly, I would like the money but also would like to give my partner something because it is free money after all. I could give more but I'm feeling a bit selfish.",Self-interest,3,0.7234804667959527,-0.08303830320225501,4,0.6601106837385211,0.31913021086148324,0.02075910539999561
market_control::kw::61096ec7e47204510ccb187b,61096ec7e47204510ccb187b,market_control,kw,0,1,kw_control,2,6.0,0.5,It felt fair after review,Moral,1,-0.6843279864440104,-0.11026260710346344,4,0.8013508869904555,0.17108433562849146,0.027564777381053
market_control::kw::610ed1ac68f6c344f9a8b17d,610ed1ac68f6c344f9a8b17d,market_control,kw,0,1,kw_control,2,8.0,0.3333333333333333,I chose 4$ because it would suck to be on the other end of things and not get any money because the person just kept it all to themselves.,Moral,1,0.035492096109786445,-0.09620122299106279,4,0.7348240386038116,0.24112598057838544,0.024049980817803
market_control::kw::611a435c3f45b6c288196363,611a435c3f45b6c288196363,market_control,kw,0,1,kw_control,1,7.0,0.4166666666666666,Wanted it to be mostly equal but also slightly reserved in case the other participant did not want to allocate any of theirs to me in a different scenario,Self-interest,3,0.8904282887081608,-0.05758032756318518,3,0.6392746284443539,0.340326294247655,0.020399077307991058
market_control::kw::612266e2ea3c172619abba50,612266e2ea3c172619abba50,market_control,kw,0,1,kw_control,1,6.0,0.5,I feel that this is the fairest option and helps me remain true to myself as both participants have the same allocation,Moral,1,0.035492096109786445,-0.09620122299106279,4,0.7348240386038116,0.24112598057838544,0.024049980817803
market_control::kw::61235c4890e3db52760fc5e0,61235c4890e3db52760fc5e0,market_control,kw,0,1,kw_control,1,6.0,0.5,"Because it is only fair. There is $12 to allocate across two people. I don't know what the socio-economic status of the other participant is. They could be in a better or worse position than me, so without any other information, I can only really do what is even and fair which is to split the $12 into $6 each",Moral,1,-0.19474250282503003,-0.07816156922751266,3,0.7567179274067074,0.21755424288361602,0.02572782970967654
market_control::kw::612cebaa82955dc557a8ba2c,612cebaa82955dc557a8ba2c,market_control,kw,0,1,kw_control,1,12.0,0.0,"I want the money, especially this side of Christmas where I always seem to be spending money on my friends and family.",Self-interest,3,-0.06807469201004503,-0.026179810674385202,1,0.7436141316380389,0.23004848384176463,0.02633738452019649
market_control::kw::612e84246be2cbd9a86173f8,612e84246be2cbd9a86173f8,market_control,kw,0,1,kw_control,2,12.0,0.0,I feel i need the money more,Self-interest,3,0.08589520326674234,0.8274934093342162,3,0.7035431156543198,0.23866466173770026,0.057792222607979934
market_control::kw::61329bcf0acf6721508f7ed1,61329bcf0acf6721508f7ed1,market_control,kw,0,1,kw_control,1,6.0,0.5,whichever is chosen for the bonus I should do equally well,Moral,1,0.7234804667959527,-0.08303830320225501,4,0.6601106837385211,0.31913021086148324,0.02075910539999561
market_control::kw::613b3dce563b993c5942912b,613b3dce563b993c5942912b,market_control,kw,0,1,kw_control,2,6.0,0.5,I want to give the other participant some and to be fair since it is Christmas. I believe this is fair for both of us.,Moral,1,-0.6843279864440104,-0.11026260710346344,4,0.8013508869904555,0.17108433562849146,0.027564777381053
market_control::kw::613c927a3da2129cd285ef58,613c927a3da2129cd285ef58,market_control,kw,0,1,kw_control,1,8.0,0.3333333333333333,"I chose to give £4 out of my £12 allocation because I wanted to share a fair portion without giving away too much. It felt like a balance between being generous and keeping enough for myself, acknowledging the other person’s need while still valuing my own resources.",Moral,1,0.035492096109786445,-0.09620122299106279,4,0.7348240386038116,0.24112598057838544,0.024049980817803
market_control::kw::6149c3f9627672a6944a61e2,6149c3f9627672a6944a61e2,market_control,kw,0,1,kw_control,1,12.0,0.0,I chose this because i was allocated all the money and want to keep it,Self-interest,3,-0.6636735400568929,0.7499339763842658,4,0.7715572501077551,0.16592244856587485,0.06252030132636997
market_control::kw::614e0468bbbac16be38fa13f,614e0468bbbac16be38fa13f,market_control,kw,0,1,kw_control,2,9.5,0.2083333333333333,I wanted to share some of the payout but I wanted the most,Self-interest,3,0.035492096109786445,-0.09620122299106279,4,0.7348240386038116,0.24112598057838544,0.024049980817803
market_control::kw::6150f3191250f2a12a607e82,6150f3191250f2a12a607e82,market_control,kw,0,1,kw_control,1,6.0,0.5,"This is what I would consider windfall money. Since the other participant and I are in this experience together, it makes sense to divide it evenly.",Moral,1,0.035492096109786445,-0.09620122299106279,4,0.7348240386038116,0.24112598057838544,0.024049980817803
market_control::kw::615ec0557ed77fa14b565382,615ec0557ed77fa14b565382,market_control,kw,0,1,kw_control,1,7.5,0.375,I want to keep more for myself and they still get a bit,Self-interest,3,0.6042554469183785,-0.07274063385008926,3,0.6739155352331191,0.304493373492797,0.021591091274083908
market_control::kw::616ab38422e8cf63905eec70,616ab38422e8cf63905eec70,market_control,kw,0,1,kw_control,2,8.0,0.3333333333333333,I didnt want to be too greedy,Moral,1,0.19855988686252463,-0.044552228515932595,2,0.7174442778377254,0.25816406726181873,0.024391654900455986
market_control::kw::616d3d7cbf9e78d1a6e3219e,616d3d7cbf9e78d1a6e3219e,market_control,kw,0,1,kw_control,1,8.0,0.3333333333333333,"While I don't want them to be given nothing, I do want my share to be higher.",Self-interest,3,0.035492096109786445,-0.09620122299106279,4,0.7348240386038116,0.24112598057838544,0.024049980817803
market_control::kw::622921142ed6785f172cae98,622921142ed6785f172cae98,market_control,kw,0,1,kw_control,2,6.5,0.4583333333333333,It was almost half so they wouldn't feel too aggrieved.,Moral,1,0.035492096109786445,-0.09620122299106279,4,0.7348240386038116,0.24112598057838544,0.024049980817803
market_control::kw::622a48bca4c51a90e35d1b2b,622a48bca4c51a90e35d1b2b,market_control,kw,0,1,kw_control,1,12.0,0.0,I don't know the other participant and wont' give to someone I don't know.,Self-interest,3,-0.19474250282503003,-0.07816156922751266,3,0.7567179274067074,0.21755424288361602,0.02572782970967654
market_control::kw::62825aef9d9d5544867a6fc0,62825aef9d9d5544867a6fc0,market_control,kw,0,1,kw_control,1,12.0,0.0,I don't know that the other person would share with me,Self-interest,3,-0.19474250282503003,-0.07816156922751266,3,0.7567179274067074,0.21755424288361602,0.02572782970967654
market_control::kw::6290baefc1820d33bb4afed4,6290baefc1820d33bb4afed4,market_control,kw,0,1,kw_control,2,6.0,0.5,I think if is generous and good karma.,Moral,1,0.7773776238438589,-0.059807568743331756,3,0.6532733813901638,0.32577498754921347,0.02095163106062274
market_control::kw::6294b77f8782497d0f35bd25,6294b77f8782497d0f35bd25,market_control,kw,0,1,kw_control,1,6.0,0.5,"I chose to transfer $6 because it felt fair to share the money so that we both get something, while still keeping part of the amount I was originally given. It makes the final outcome more balanced without giving everything away.",Moral,1,0.035492096109786445,-0.09620122299106279,4,0.7348240386038116,0.24112598057838544,0.024049980817803
market_control::kw::629e1fc50453c5096d91c5f4,629e1fc50453c5096d91c5f4,market_control,kw,0,1,kw_control,1,6.0,0.5,Divided in half to make it equal and a level playing field,Moral,1,-0.6338459784526013,-0.08293100677771605,3,0.7964277519034667,0.17554450988327766,0.02802773821325554
market_control::kw::62ab362f8fdafe0a558b42fe,62ab362f8fdafe0a558b42fe,market_control,kw,0,1,kw_control,2,6.0,0.5,I think an equal amount is a fair share,Moral,1,-0.10112948304054419,-0.05101403594573973,2,0.747285608713868,0.22682194287474444,0.02589244841138765
market_control::kw::62ab53520bb280439345fd6c,62ab53520bb280439345fd6c,market_control,kw,0,1,kw_control,1,6.0,0.5,I wanted to be nice and sharing is caring.,Moral,1,0.09150295042799497,-0.07250595039042276,3,0.7288123664630296,0.24687778125082477,0.024309852286145676
market_control::kw::62b722b5892044fe80d8bdcb,62b722b5892044fe80d8bdcb,market_control,kw,0,1,kw_control,2,12.0,0.0,I cant see the other person being real so I'm not that worried the AI gets nothing,Self-interest,3,0.7234804667959527,-0.08303830320225501,4,0.6601106837385211,0.31913021086148324,0.02075910539999561
market_control::kw::62c421e8a63143ac6dc843cc,62c421e8a63143ac6dc843cc,market_control,kw,0,1,kw_control,2,6.0,0.5,I wanted to be as fair as possible to the other participant without losing out myself,Moral,1,0.035492096109786445,-0.09620122299106279,4,0.7348240386038116,0.24112598057838544,0.024049980817803
market_control::kw::62c44d672834a5c5ce7362f1,62c44d672834a5c5ce7362f1,market_control,kw,0,1,kw_control,2,6.0,0.5,I wanted to be as fair as possible.,Moral,1,0.7234804667959527,-0.08303830320225501,4,0.6601106837385211,0.31913021086148324,0.02075910539999561
market_control::kw::62c5cfc8fc36092bf064a1fc,62c5cfc8fc36092bf064a1fc,market_control,kw,0,1,kw_control,2,6.0,0.5,I'm a fair person - happy to receive half each.,Moral,1,0.19855988686252463,-0.044552228515932595,2,0.7174442778377254,0.25816406726181873,0.024391654900455986
market_control::kw::62fb8276f170965e7e3899e7,62fb8276f170965e7e3899e7,market_control,kw,0,1,kw_control,1,8.0,0.3333333333333333,I'm selfish and kept the majority to myself but still shared,Self-interest,3,0.035492096109786445,-0.09620122299106279,4,0.7348240386038116,0.24112598057838544,0.024049980817803
market_control::kw::62fd55dc6d29d64eaaea2dec,62fd55dc6d29d64eaaea2dec,market_control,kw,0,1,kw_control,1,6.0,0.5,Given that we are undertaking the same task I would uncomfortable if we did have an equal reward for undertaking the task.,Moral,1,0.09150295042799497,-0.07250595039042276,3,0.7288123664630296,0.24687778125082477,0.024309852286145676
market_control::kw::631385edd622a2b9907f19a4,631385edd622a2b9907f19a4,market_control,kw,0,1,kw_control,1,9.0,0.25,I don't feel the other person would send me anything but I want to at least send some amount of the twelve dollars to be somewhat fair,Moral,1,0.035492096109786445,-0.09620122299106279,4,0.7348240386038116,0.24112598057838544,0.024049980817803
market_control::kw::631609c541905b75bd84f002,631609c541905b75bd84f002,market_control,kw,0,1,kw_control,1,6.0,0.5,To make it fair for both of us.,Moral,1,0.035492096109786445,-0.09620122299106279,4,0.7348240386038116,0.24112598057838544,0.024049980817803
market_control::kw::6317511c1dd0acb82cf4b131,6317511c1dd0acb82cf4b131,market_control,kw,0,1,kw_control,1,7.5,0.375,"To get more presents for my child for Christmas. And probably because the other person is hypothetical, or a bot.",Self-interest,3,0.035492096109786445,-0.09620122299106279,4,0.7348240386038116,0.24112598057838544,0.024049980817803
market_control::kw::63468af37b3dfa433e101723,63468af37b3dfa433e101723,market_control,kw,0,1,kw_control,1,6.0,0.5,I think this would be the fairest thing to do,Moral,1,0.035492096109786445,-0.09620122299106279,4,0.7348240386038116,0.24112598057838544,0.024049980817803
market_control::kw::636259854da454099f895513,636259854da454099f895513,market_control,kw,0,1,kw_control,1,8.0,0.3333333333333333,I believe I want to be a little bit fair and considerate to the other person.,Moral,1,0.09150295042799497,-0.07250595039042276,3,0.7288123664630296,0.24687778125082477,0.024309852286145676
market_control::kw::63824c757fdc333ffa22ea03,63824c757fdc333ffa22ea03,market_control,kw,0,1,kw_control,1,6.0,0.5,"Because it is fair. I would like someone to do it to me. I would feel greedy and wrong to take all of it, even though I need it.",Moral,1,0.035492096109786354,-0.09620122299106279,4,0.7348240386038116,0.24112598057838544,0.024049980817803
market_control::kw::6387984be099d077b7cd8508,6387984be099d077b7cd8508,market_control,kw,0,1,kw_control,1,6.0,0.5,I think its fair to split it.,Moral,1,-0.6843279864440104,-0.11026260710346344,4,0.8013508869904555,0.17108433562849146,0.027564777381053
market_control::kw::63d038b4d8d9332a346dea31,63d038b4d8d9332a346dea31,market_control,kw,0,1,kw_control,2,8.0,0.3333333333333333,"Since I was fully in charge of the money, I was inclined to keep more of it to myself. However, I didn't want to leave the other participant with nothing.",Self-interest,3,0.09150295042799497,-0.07250595039042276,3,0.7288123664630296,0.24687778125082477,0.024309852286145676
market_control::kw::63d13bbefe685427e3f96122,63d13bbefe685427e3f96122,market_control,kw,0,1,kw_control,1,6.0,0.5,"It feels fair, given I didn't have this money before and neither did they.",Moral,1,0.035492096109786445,-0.09620122299106279,4,0.7348240386038116,0.24112598057838544,0.024049980817803
market_control::kw::63d13f343d0cb5503347e5ea,63d13f343d0cb5503347e5ea,market_control,kw,0,1,kw_control,1,12.0,0.0,I wanted the money rather than transferring it to them.,Self-interest,3,-0.06807469201004503,-0.026179810674385202,1,0.7436141316380389,0.23004848384176463,0.02633738452019649
market_control::kw::63d3fa1fc1384af994ef6bba,63d3fa1fc1384af994ef6bba,market_control,kw,0,1,kw_control,2,2.0,0.8333333333333334,I transferred this amount as I believe this would be fair to the other participant and is a fair amount to allocate this person.,Moral,1,-0.6338459784526013,-0.08293100677771605,3,0.7964277519034667,0.17554450988327766,0.02802773821325554
market_control::kw::63d3fb730f03adf8b4a28a37,63d3fb730f03adf8b4a28a37,market_control,kw,0,1,kw_control,2,11.5,0.0416666666666666,I wanted to keep a large amount while still giving the other person a token amount.,Self-interest,3,0.035492096109786445,-0.09620122299106279,4,0.7348240386038116,0.24112598057838544,0.024049980817803
market_control::kw::63d7b0b45f9993cbb237fcd6,63d7b0b45f9993cbb237fcd6,market_control,kw,0,1,kw_control,2,12.0,0.0,"I decided not to transfer any of the $12 because my main goal in this task is to maximize my own potential bonus. The other participant started with $0, but there is no requirement or incentive for me to share, and any amount I transfer would strictly reduce my own possible earnings. Since the allocation is anonymous and there is no additional information about the other person’s situation, I chose to keep the full amount I was provisionally given.",Self-interest,3,-0.6843279864440104,-0.11026260710346344,4,0.8013508869904555,0.17108433562849146,0.027564777381053
market_control::kw::63d7b72765ddb017724e78d3,63d7b72765ddb017724e78d3,market_control,kw,0,1,kw_control,1,6.0,0.5,I think its a fair even split and I would hope they would do the same in my position,Moral,1,0.035492096109786445,-0.09620122299106279,4,0.7348240386038116,0.24112598057838544,0.024049980817803
market_control::kw::63d8251edc6c5ee9274816fd,63d8251edc6c5ee9274816fd,market_control,kw,0,1,kw_control,2,6.0,0.5,"I wanted to be fair so that the other person is not left with nothing. There is no guarantee that I will get anything either, so I'd be happy to share.",Moral,1,0.035492096109786445,-0.09620122299106279,4,0.7348240386038116,0.24112598057838544,0.024049980817803
market_control::kw::63d96ff56b577f6ac10e5f6c,63d96ff56b577f6ac10e5f6c,market_control,kw,0,1,kw_control,1,6.0,0.5,Free money for where we both had the same chance of winning $12,Moral,1,0.035492096109786445,-0.09620122299106279,4,0.7348240386038116,0.24112598057838544,0.024049980817803
market_control::kw::63dab24ece887158c2adb6d7,63dab24ece887158c2adb6d7,market_control,kw,0,1,kw_control,2,12.0,0.0,I want to keep it all an I don't believe the other participant really exists,Self-interest,3,0.035492096109786445,-0.09620122299106279,4,0.7348240386038116,0.24112598057838544,0.024049980817803
market_control::kw::63daca8ae542ff8f19d3099a,63daca8ae542ff8f19d3099a,market_control,kw,0,1,kw_control,1,10.0,0.1666666666666666,there is a 10 percent chance i will receive the amount allocated to the other person. i would rather receive something rather than nothing in that eventuality,Self-interest,3,-0.6843279864440104,-0.11026260710346344,4,0.8013508869904555,0.17108433562849146,0.027564777381053
market_control::kw::63e52debbbb982734deba89a,63e52debbbb982734deba89a,market_control,kw,0,1,kw_control,2,6.0,0.5,I know nothing about this person so it seems fair to share the money equally.,Moral,1,0.035492096109786445,-0.09620122299106279,4,0.7348240386038116,0.24112598057838544,0.024049980817803
market_control::kw::63ea52773c5861d1f32c4bdb,63ea52773c5861d1f32c4bdb,market_control,kw,0,1,kw_control,1,12.0,0.0,I thought it would be funny and it amuses me,No clear justification,0,-0.03727782198302366,-0.025968623280514226,1,0.7406286617817986,0.23320402791426587,0.026167310303935487
market_control::kw::63eb4aeb58b63438ec09f5d2,63eb4aeb58b63438ec09f5d2,market_control,kw,0,1,kw_control,1,7.0,0.4166666666666666,"I thought that just going under half way was good enough. I don't know them not sure if they would do the same, but wanted to give something rather than nothing",Self-interest,3,0.9092627318866225,-0.02456552204700862,1,0.6364094727383907,0.3426252307668597,0.020965296494749597
market_control::kw::63ed78d1217e614a3c6b392e,63ed78d1217e614a3c6b392e,market_control,kw,0,1,kw_control,2,0.0,1.0,"For reason of justice or selflessness, you decided to send the full $12",Moral,1,-0.06548332978079456,0.9343265225327425,1,0.7125644588148389,0.22146969963251728,0.06596584155264386
market_control::kw::63f87480149da1634d6c4464,63f87480149da1634d6c4464,market_control,kw,0,1,kw_control,2,0.0,1.0,Why give money to someone I have never met or know or will know,Self-interest,3,-0.19474250282503003,-0.07816156922751266,3,0.7567179274067074,0.21755424288361602,0.02572782970967654
market_control::kw::63fcde3494055a563c72cb12,63fcde3494055a563c72cb12,market_control,kw,0,1,kw_control,1,12.0,0.0,i chose 0 because im needing cash more than them probably,Self-interest,3,0.7234804667959527,-0.08303830320225501,4,0.6601106837385211,0.31913021086148324,0.02075910539999561
market_control::kw::6400d9b9ff7296c2bce939ef,6400d9b9ff7296c2bce939ef,market_control,kw,0,1,kw_control,1,6.0,0.5,We each get something and it is split evenly between the two of us which seems the most fair,Moral,1,0.035492096109786445,-0.09620122299106279,4,0.7348240386038116,0.24112598057838544,0.024049980817803
market_control::kw::6412414d0d4f6d18512b7714,6412414d0d4f6d18512b7714,market_control,kw,0,1,kw_control,2,0.5,0.9583333333333334,"A capricious whim, an urge to not do the obvious, which was straight down the middle.",No clear justification,0,0.1316652888925463,-0.06926366648785251,3,0.7247105410046907,0.25111932744758747,0.024170131547721904
market_control::kw::64136f616f4202871d6bb12e,64136f616f4202871d6bb12e,market_control,kw,0,1,kw_control,2,6.0,0.5,I feel this was the fair thing to do - I would assume people would do similar things regardless of whether or not they are ever to meet them,Moral,1,-0.6636735400568929,0.749933976384266,4,0.7715572501077551,0.16592244856587485,0.06252030132636997
market_control::kw::6413a8ae4d8739dd77933117,6413a8ae4d8739dd77933117,market_control,kw,0,1,kw_control,2,6.0,0.5,Seemed fair to split it in half,Moral,1,-0.5842104289318815,-0.03304872731938094,1,0.7910290791819482,0.17983991364527635,0.02913100717277548
market_control::kw::64649341d6cf5354575444d1,64649341d6cf5354575444d1,market_control,kw,0,1,kw_control,2,12.0,0.0,There was nothing to begin with so I will stay at that,Self-interest,3,-0.09765907618652837,0.8759659503818852,2,0.7181590709609008,0.21895862775343847,0.06288230128566082
market_control::kw::646f8a859c69c3cb1d5f08c8,646f8a859c69c3cb1d5f08c8,market_control,kw,0,1,kw_control,1,6.0,0.5,I like to always be fair when I deal with people.,Moral,1,-0.6338459784526013,-0.08293100677771605,3,0.7964277519034667,0.17554450988327766,0.02802773821325554
market_control::kw::6475f6ae824f9aa5342903fa,6475f6ae824f9aa5342903fa,market_control,kw,0,1,kw_control,2,6.0,0.5,because halve is better tham nothing,Moral,1,-0.5842104289318815,-0.03304872731938094,1,0.7910290791819482,0.17983991364527635,0.02913100717277548
market_control::kw::6483648c280beabafcb3797e,6483648c280beabafcb3797e,market_control,kw,0,1,kw_control,2,10.0,0.1666666666666666,I want to appear to be generous without giving away too much cash,Self-interest,3,-0.6843279864440104,-0.11026260710346344,4,0.8013508869904555,0.17108433562849146,0.027564777381053
market_control::kw::6486a553007b81f8f2d486f6,6486a553007b81f8f2d486f6,market_control,kw,0,1,kw_control,2,9.5,0.2083333333333333,So that the other person has something but I have plenty,Moral,1,0.035492096109786445,-0.09620122299106279,4,0.7348240386038116,0.24112598057838544,0.024049980817803
market_control::kw::64bbe3ccf05e537a07257be2,64bbe3ccf05e537a07257be2,market_control,kw,0,1,kw_control,2,6.0,0.5,"This is how I would want to be treated. Not knowing the other person, I would hope they would see this fair.",Moral,1,0.742687966460586,0.8052292772625548,4,0.6369705829390352,0.31432961085690836,0.04869980620405645
market_control::kw::64f22ad418d6bb613bca00e4,64f22ad418d6bb613bca00e4,market_control,kw,0,1,kw_control,1,6.0,0.5,Because I wanted to split it fairly between the two of us.,Moral,1,-0.16677395931887304,-0.0544598265902651,2,0.753608824986274,0.22021916379782788,0.02617201121589807
market_control::kw::6517f127855e8baf0247b2dd,6517f127855e8baf0247b2dd,market_control,kw,0,1,kw_control,1,7.0,0.4166666666666666,"I made the transfer generous, but took a little bonus for myself since I'm the one making the choice.",Moral,1,0.035492096109786445,-0.09620122299106279,4,0.7348240386038116,0.24112598057838544,0.024049980817803
market_control::kw::65198ae1d2294dbc8561e90c,65198ae1d2294dbc8561e90c,market_control,kw,0,1,kw_control,1,6.0,0.5,easy come easy go and this equalizes the odds,Moral,1,0.09150295042799497,-0.07250595039042276,3,0.7288123664630296,0.24687778125082477,0.024309852286145676
market_control::kw::651aba4f4c64d6e7364a5483,651aba4f4c64d6e7364a5483,market_control,kw,0,1,kw_control,1,6.0,0.5,"I wanted the funds to be distributed fairly. If the roles were reversed, this is how I would like to have been treated",Moral,1,-0.6843279864440104,-0.11026260710346344,4,0.8013508869904555,0.17108433562849146,0.027564777381053
market_control::kw::651d3da180d4b0d9a79c33dd,651d3da180d4b0d9a79c33dd,market_control,kw,0,1,kw_control,2,10.0,0.1666666666666666,I think that the amount I chose is fair and gives me something too.,Moral,1,-0.19474250282503003,-0.07816156922751266,3,0.7567179274067074,0.21755424288361602,0.02572782970967654
market_control::kw::6528037f85230503e406a076,6528037f85230503e406a076,market_control,kw,0,1,kw_control,2,6.0,0.5,If we did equal work we should get equal pay.,Moral,1,0.035492096109786354,-0.09620122299106279,4,0.7348240386038116,0.24112598057838544,0.024049980817803
market_control::kw::652d8a4cd08c6435db58fd9b,652d8a4cd08c6435db58fd9b,market_control,kw,0,1,kw_control,1,9.0,0.25,I would give more but I need the money,Self-interest,3,-0.6636735400568929,0.7499339763842658,4,0.7715572501077551,0.16592244856587485,0.06252030132636997
market_control::kw::652ef14a9b030a4423aba2b2,652ef14a9b030a4423aba2b2,market_control,kw,0,1,kw_control,1,6.0,0.5,"While I could really use the money, I know I would feel bad if I wasn't fair. It felt like the right thing to do.",Moral,1,0.1316652888925463,-0.06926366648785251,3,0.7247105410046907,0.25111932744758747,0.024170131547721904
market_control::kw::652fd6db8f5f2657e3ce2f0e,652fd6db8f5f2657e3ce2f0e,market_control,kw,0,1,kw_control,2,12.0,0.0,Wanted to keep the amount for myself as I don't know the other person.,Self-interest,3,0.035492096109786445,-0.09620122299106279,4,0.7348240386038116,0.24112598057838544,0.024049980817803
market_control::kw::654001b69df601c766451ba4,654001b69df601c766451ba4,market_control,kw,0,1,kw_control,1,6.0,0.5,"So that two people can have something, and no one feels like they are missing out or taking advantage. Sharing is caring.",Moral,1,0.035492096109786445,-0.09620122299106279,4,0.7348240386038116,0.24112598057838544,0.024049980817803
market_control::kw::6543abd612dc7fc77f466814,6543abd612dc7fc77f466814,market_control,kw,0,1,kw_control,2,0.0,1.0,"If I transfer funds, it should be for an amount that makes sense. Transferring the entire $12 made sense (unlike this survey).",No clear justification,0,-0.5842104289318815,-0.03304872731938094,1,0.7910290791819482,0.17983991364527635,0.02913100717277548
market_control::kw::65452b2decb32a279cc02cbe,65452b2decb32a279cc02cbe,market_control,kw,0,1,kw_control,2,6.0,0.5,Think it's fair to share so everyone gets the same,Moral,1,-0.6843279864440104,-0.11026260710346344,4,0.8013508869904555,0.17108433562849146,0.027564777381053
market_control::kw::65466a2dd5eda75680390e5a,65466a2dd5eda75680390e5a,market_control,kw,0,1,kw_control,2,6.0,0.5,It seems fair to split the allocation 50/50 as it would be disingenuous for me to keep the full amount when I entered the study without any allocation anyway.,Moral,1,0.09150295042799497,-0.07250595039042276,3,0.7288123664630296,0.24687778125082477,0.024309852286145676
market_control::kw::654cc4367585dc78f77e81cb,654cc4367585dc78f77e81cb,market_control,kw,0,1,kw_control,1,12.0,0.0,I think i deserve the reward,Self-interest,3,0.035492096109786445,-0.09620122299106279,4,0.7348240386038116,0.24112598057838544,0.024049980817803
market_control::kw::654e381b51d046449fdfdd6e,654e381b51d046449fdfdd6e,market_control,kw,0,1,kw_control,2,12.0,0.0,"Because it is the cost of living and everybody is out for survival so therefore transfering nothing you are protectig yoursrlf, the situation may be different if it is a friend or somebody i know in need.",Self-interest,3,0.035492096109786445,-0.09620122299106279,4,0.7348240386038116,0.24112598057838544,0.024049980817803
market_control::kw::654e555a3a0310fc21aee9ce,654e555a3a0310fc21aee9ce,market_control,kw,0,1,kw_control,1,8.0,0.3333333333333333,I feel like they would do the same. Giving a third away makes me feel as if that is still fair as I don't know them.,Moral,1,-0.6843279864440104,-0.11026260710346344,4,0.8013508869904555,0.17108433562849146,0.027564777381053
market_control::kw::656126622ad0ac5a2118e2fc,656126622ad0ac5a2118e2fc,market_control,kw,0,1,kw_control,2,7.5,0.375,I think this is a fair choice between us,Moral,1,-0.1769388570000798,1.6184587447755827,3,0.6771528092642831,0.1973916769014874,0.12545551383422943
market_control::kw::6571d671bd27124fc516adba,6571d671bd27124fc516adba,market_control,kw,0,1,kw_control,1,0.0,1.0,It just felt like that was not real. So if it's not real then I'm really not donating and I'm able to assist this person 100 percent.,No clear justification,0,0.035492096109786445,-0.09620122299106279,4,0.7348240386038116,0.24112598057838544,0.024049980817803
market_control::kw::657dbba8aee3176b18b72b0a,657dbba8aee3176b18b72b0a,market_control,kw,0,1,kw_control,2,6.0,0.5,Sharing half seems to help both come out with something and not empty-handed.,Moral,1,0.035492096109786445,-0.09620122299106279,4,0.7348240386038116,0.24112598057838544,0.024049980817803
market_control::kw::659585d0d682df995ad2c5b5,659585d0d682df995ad2c5b5,market_control,kw,0,1,kw_control,1,6.0,0.5,I think it is fair to share the reward.,Moral,1,0.035492096109786465,-0.09620122299106279,4,0.7348240386038116,0.24112598057838544,0.024049980817803
market_control::kw::6595b73546b2341b46337789,6595b73546b2341b46337789,market_control,kw,0,1,kw_control,2,10.0,0.1666666666666666,"I'd rather be consistent and true to my morals than selfish and greedy for my own benefit, even though I'm still taking majority of the money. We're also trying our best on Prolific to make money, and I believe they deserve some sort of profit for that.",Moral,1,0.05569138459223964,0.7779644050161398,4,0.7084072414820392,0.2360778812497956,0.05551487726816529
market_control::kw::65995e978288a8907a2c4612,65995e978288a8907a2c4612,market_control,kw,0,1,kw_control,1,6.0,0.5,Fair and splitting the money down the middle with the other person. why try and take more money that you;d be given for only a small portion of your time.,Moral,1,0.035492096109786354,-0.09620122299106279,4,0.7348240386038116,0.24112598057838544,0.024049980817803
market_control::kw::6599b15ac5bd63ec64f8b1f5,6599b15ac5bd63ec64f8b1f5,market_control,kw,0,1,kw_control,1,10.0,0.1666666666666666,I chose this amount because I was unsure of how it would affect me in the end. I chose to go with a low amount in case it would benefit me in the outcome.,Self-interest,3,-0.6691514282189474,-0.0874992777375991,3,0.7995609570443725,0.17234118543327498,0.028097857522352596
market_control::kw::65abea576ca74c598aef13c3,65abea576ca74c598aef13c3,market_control,kw,0,1,kw_control,2,12.0,0.0,I would want to keep all the money,Self-interest,3,0.7234804667959527,-0.08303830320225501,4,0.6601106837385211,0.31913021086148324,0.02075910539999561
market_control::kw::65ae2baa95efab88c481edc3,65ae2baa95efab88c481edc3,market_control,kw,0,1,kw_control,2,9.5,0.2083333333333333,I don't know this participant and I am not going to meet them so i have shared some of the value but not a great deal. Something is better than nothing.,Self-interest,3,0.09150295042799497,-0.07250595039042276,3,0.7288123664630296,0.24687778125082477,0.024309852286145676
market_control::kw::65b575663c338ad8fff0badb,65b575663c338ad8fff0badb,market_control,kw,0,1,kw_control,1,6.0,0.5,It is half of $12. I think it is fair...this way we both have the equal amount of money,Moral,1,-0.03727782198302366,-0.025968623280514226,1,0.7406286617817986,0.23320402791426587,0.026167310303935487
market_control::kw::65b7cd609e8e7e53fb113123,65b7cd609e8e7e53fb113123,market_control,kw,0,1,kw_control,1,6.0,0.5,to be fair - 50/50 allocation,Moral,1,1.3078330093455193,-0.06470033923066859,3,0.5830927297547536,0.39886627132400626,0.018040998921240184
market_control::kw::65ba6a143395d20859b4de80,65ba6a143395d20859b4de80,market_control,kw,0,1,kw_control,1,6.0,0.5,I always want to be fair to other people as In have experienced this both ways,Moral,1,0.11201570315478858,0.8286032049788452,3,0.7010457663191887,0.24142662903333345,0.05752760464747788
market_control::kw::65baa72531ba3e8cb06d96ea,65baa72531ba3e8cb06d96ea,market_control,kw,0,1,kw_control,2,10.0,0.1666666666666666,If I give away two dollars I'd have ten dollars and I like the number ten,Self-interest,3,-0.6019348164365413,-0.05817519015683462,2,0.7931267787554512,0.17834397085079468,0.028529250393754042
market_control::kw::65be59f9d75c57ef759fd8d1,65be59f9d75c57ef759fd8d1,market_control,kw,0,1,kw_control,2,12.0,0.0,I feel as though I am more in control and have a better chance of receiving my bonus.,Self-interest,3,0.1316652888925463,-0.06926366648785251,3,0.7247105410046907,0.25111932744758747,0.024170131547721904
market_control::kw::65bf6a50211c74f0d87b9838,65bf6a50211c74f0d87b9838,market_control,kw,0,1,kw_control,1,7.5,0.375,I chose to send that amount since its voluntary and it should be able to cover the cost of a meal,Moral,1,0.6042554469183791,-0.07274063385008926,3,0.673915535233119,0.30449337349279704,0.021591091274083905
market_control::kw::65c10d00ae3f026034946adb,65c10d00ae3f026034946adb,market_control,kw,0,1,kw_control,2,8.0,0.3333333333333333,"Since I do not know what else may happen, that is an amount that I am comfortable with.",Self-interest,3,-0.06807469201004503,-0.026179810674385202,1,0.7436141316380389,0.23004848384176463,0.02633738452019649
market_control::kw::65c124f50d9f69bff3c15313,65c124f50d9f69bff3c15313,market_control,kw,0,1,kw_control,2,8.0,0.3333333333333333,This is fair enough not too small or too much,Moral,1,0.035492096109786445,-0.09620122299106279,4,0.7348240386038116,0.24112598057838544,0.024049980817803
market_control::kw::65ca7d29af5b6440d955430a,65ca7d29af5b6440d955430a,market_control,kw,0,1,kw_control,2,12.0,0.0,"I chose to transfer $0 because I wanted to keep the full amount for myself. It’s similar to receiving a reward or prize and deciding not to share any of it with others, either because I felt I earned it all or wanted to maintain full control over it.",Self-interest,3,0.19855988686252463,-0.044552228515932595,2,0.7174442778377254,0.25816406726181873,0.024391654900455986
market_control::kw::65cbf8c525b3403076c1dfb2,65cbf8c525b3403076c1dfb2,market_control,kw,0,1,kw_control,2,12.0,0.0,I think this is the best way for me to get paid the most.,Self-interest,3,0.18660014273958522,0.890067908350507,2,0.6913707224458759,0.24865747910267283,0.05997179845145122
market_control::kw::65d515e376d72f9184ef8a5b,65d515e376d72f9184ef8a5b,market_control,kw,0,1,kw_control,2,6.0,0.5,we both deserve the same amount,Moral,1,0.8243711208536781,-0.059747623684256436,3,0.6475290386846746,0.3317661475520867,0.020704813763238718
market_control::kw::65d90ed584cbeefbb401d0e5,65d90ed584cbeefbb401d0e5,market_control,kw,0,1,kw_control,1,12.0,0.0,"If there is a 1 in 10 chance to earn money, I'll take the additional cash as it was already allocated to me",Self-interest,3,-0.19474250282503003,-0.07816156922751266,3,0.7567179274067074,0.21755424288361602,0.02572782970967654
market_control::kw::65ddf5b38e9a6e841cf8cd68,65ddf5b38e9a6e841cf8cd68,market_control,kw,0,1,kw_control,1,6.0,0.5,"If in doubt, my default position is to share equally which is what I did here.",Moral,1,-0.19474250282503003,-0.07816156922751266,3,0.7567179274067074,0.21755424288361602,0.02572782970967654
market_control::kw::65e25a56b48b9af00aaf76d5,65e25a56b48b9af00aaf76d5,market_control,kw,0,1,kw_control,1,6.0,0.5,I felt that it was fair to split,Moral,1,0.035492096109786445,-0.09620122299106279,4,0.7348240386038116,0.24112598057838544,0.024049980817803
market_control::kw::65e4d77aff8f62cfcb72fe4c,65e4d77aff8f62cfcb72fe4c,market_control,kw,0,1,kw_control,2,8.0,0.3333333333333333,They were initially allocated nothing so $4 is better than that,Moral,1,0.035492096109786445,-0.09620122299106279,4,0.7348240386038116,0.24112598057838544,0.024049980817803
market_control::kw::65f5a84b838dcc1ac14602f2,65f5a84b838dcc1ac14602f2,market_control,kw,0,1,kw_control,1,6.0,0.5,I wanted them to have as much money as i do,Moral,1,-0.1408640495161301,-0.05411734619990676,2,0.7511431125319626,0.22282099075970763,0.026035896708329672
market_control::kw::65f98f88e930149a09c81d7d,65f98f88e930149a09c81d7d,market_control,kw,0,1,kw_control,1,9.0,0.25,"i do not know who the person is so i do not feel that i owe them that much, but i do not want to give them nothing. i feel i owe them something even if i dont know them at all.",Moral,1,0.035492096109786445,-0.09620122299106279,4,0.7348240386038116,0.24112598057838544,0.024049980817803
market_control::kw::660db49bcdfa7d05c613c1d2,660db49bcdfa7d05c613c1d2,market_control,kw,0,1,kw_control,2,6.0,0.5,I just thought it would be fair to split it down the middle,Moral,1,0.19855988686252463,-0.044552228515932595,2,0.7174442778377254,0.25816406726181873,0.024391654900455986
market_control::kw::660ea2291c47933085748669,660ea2291c47933085748669,market_control,kw,0,1,kw_control,1,8.0,0.3333333333333333,"I wanted to give the participant something but I do Prolific to make money, not give to charity.",Self-interest,3,-0.19474250282503003,-0.07816156922751266,3,0.7567179274067074,0.21755424288361602,0.02572782970967654
market_control::kw::661b3eeea891251d71cf97d5,661b3eeea891251d71cf97d5,market_control,kw,0,1,kw_control,1,8.0,0.3333333333333333,I choose to give him the quarter so I can earn more bonus,Self-interest,3,0.7773776238438589,-0.059807568743331756,3,0.6532733813901638,0.32577498754921347,0.02095163106062274
market_control::kw::66293af123d55f1dadad5ceb,66293af123d55f1dadad5ceb,market_control,kw,0,1,kw_control,2,6.0,0.5,its good to be half and spilt with someone else. im not selfish and want them to get something as well,Moral,1,0.1316652888925463,-0.06926366648785251,3,0.7247105410046907,0.25111932744758747,0.024170131547721904
market_control::kw::662a64b57d9dbef7d2909788,662a64b57d9dbef7d2909788,market_control,kw,0,1,kw_control,2,7.0,0.4166666666666666,I wanted to help add money for a drink with the pizza as a good faith .,Moral,1,0.12411443573360709,-0.04833630771454098,2,0.7250881937087699,0.2502017861723643,0.024710020118865812
market_control::kw::6630f10a3f5ea2fb9b5afb71,6630f10a3f5ea2fb9b5afb71,market_control,kw,0,1,kw_control,1,12.0,0.0,I wanted the money for myself so I kept the money entirely,Self-interest,3,0.035492096109786445,-0.09620122299106279,4,0.7348240386038116,0.24112598057838544,0.024049980817803
market_control::kw::66319e0f2593595737d7a13f,66319e0f2593595737d7a13f,market_control,kw,0,1,kw_control,1,6.0,0.5,I would want to split it easily,Moral,1,-0.6338459784526013,-0.08293100677771605,3,0.7964277519034667,0.17554450988327766,0.02802773821325554
market_control::kw::663388f6d4e404ce37e9b350,663388f6d4e404ce37e9b350,market_control,kw,0,1,kw_control,2,3.0,0.75,I just took a random guess,No clear justification,0,0.035492096109786445,-0.09620122299106279,4,0.7348240386038116,0.24112598057838544,0.024049980817803
market_control::kw::66341ea0271d271dc78c8283,66341ea0271d271dc78c8283,market_control,kw,0,1,kw_control,2,6.0,0.5,I wanted it to be a fair 50/50.,Moral,1,0.035492096109786445,-0.09620122299106279,4,0.7348240386038116,0.24112598057838544,0.024049980817803
market_control::kw::6634e6202da0719ae4ec6455,6634e6202da0719ae4ec6455,market_control,kw,0,1,kw_control,2,12.0,0.0,I would like to keep it all to myself.,Self-interest,3,0.09150295042799497,-0.07250595039042276,3,0.7288123664630296,0.24687778125082477,0.024309852286145676
market_control::kw::66350282637e3f6f399f375b,66350282637e3f6f399f375b,market_control,kw,0,1,kw_control,1,6.0,0.5,"We've done the same study, we should get the same reward.",Moral,1,0.7234804667959527,-0.08303830320225501,4,0.6601106837385211,0.31913021086148324,0.02075910539999561
market_control::kw::6635316958a453da5e2af8b2,6635316958a453da5e2af8b2,market_control,kw,0,1,kw_control,1,7.0,0.4166666666666666,"I allocated less than half, because I am greedy.",Self-interest,3,-0.1408640495161301,-0.05411734619990676,2,0.7511431125319626,0.22282099075970763,0.026035896708329672
market_control::kw::6636db94fa3ed150c2d78447,6636db94fa3ed150c2d78447,market_control,kw,0,1,kw_control,2,12.0,0.0,i literally just want all the money for myself,Self-interest,3,0.035492096109786445,-0.09620122299106279,4,0.7348240386038116,0.24112598057838544,0.024049980817803
market_control::kw::6637fddf5464c05b3db40434,6637fddf5464c05b3db40434,market_control,kw,0,1,kw_control,2,7.0,0.4166666666666666,I wanted to be fair but still have the bigger portion,Self-interest,3,0.035492096109786354,-0.09620122299106279,4,0.7348240386038116,0.24112598057838544,0.024049980817803
market_control::kw::6639038205f5175bb2fefbe4,6639038205f5175bb2fefbe4,market_control,kw,0,1,kw_control,2,6.0,0.5,Equal pay for both participants,Moral,1,0.06486492582816115,-0.0730557820495936,3,0.7314833179809022,0.24407625304855812,0.02444042897053967
market_control::kw::663923d5b1836b8c97f64a5b,663923d5b1836b8c97f64a5b,market_control,kw,0,1,kw_control,1,7.0,0.4166666666666666,"I just think i get to keep a little more than half, as i found the money and they did not",Self-interest,3,-0.19474250282503003,-0.07816156922751266,3,0.7567179274067074,0.21755424288361602,0.02572782970967654
market_control::kw::66393ddc9483d4299b5e311e,66393ddc9483d4299b5e311e,market_control,kw,0,1,kw_control,1,9.0,0.25,I only wanted to give them a small amount of the $12,Self-interest,3,-0.6276599651279458,1.50596053389303,4,0.7195747411451292,0.15691803764536225,0.12350722120950855
market_control::kw::663a818059df393da465a8c3,663a818059df393da465a8c3,market_control,kw,0,1,kw_control,2,9.0,0.25,I decided the amount due to the transfer.,No clear justification,0,-0.10112948304054419,-0.05101403594573973,2,0.747285608713868,0.22682194287474444,0.02589244841138765
market_control::kw::6642b0aa7f8de66d503f5f4e,6642b0aa7f8de66d503f5f4e,market_control,kw,0,1,kw_control,1,6.0,0.5,"This is a pretend situation and I figured if there's a chance that we can get the bonus, the fairest would be to split it evenly between us.",Moral,1,0.035492096109786445,-0.09620122299106279,4,0.7348240386038116,0.24112598057838544,0.024049980817803
market_control::kw::6643ab5b0c0f7e724662e6a9,6643ab5b0c0f7e724662e6a9,market_control,kw,0,1,kw_control,2,10.0,0.1666666666666666,I didn’t want to give them any more than that.,Self-interest,3,-0.11000998536910686,-0.029356674843612457,1,0.7477061929491076,0.22579889494468322,0.026494912106209252
market_control::kw::6643b6fd551de255d4e917d3,6643b6fd551de255d4e917d3,market_control,kw,0,1,kw_control,1,6.0,0.5,"I chose this because id rather give an individual the same chance as me , vs making it unfair. I'm a moral person and fair individual and believe we all deserve the same chances",Moral,1,0.035492096109786445,-0.09620122299106279,4,0.7348240386038116,0.24112598057838544,0.024049980817803
market_control::kw::6644cd28fd7654a27299baff,6644cd28fd7654a27299baff,market_control,kw,0,1,kw_control,1,6.0,0.5,"I feel happy to allocate equal shares,",Moral,1,-0.1408640495161301,-0.05411734619990676,2,0.7511431125319626,0.22282099075970763,0.026035896708329672
market_control::kw::6645755c72f71662e832dfb8,6645755c72f71662e832dfb8,market_control,kw,0,1,kw_control,1,6.0,0.5,"I transferred $6 because that leaves us both with $6 at the end of the transfer. It feels the most fair to split it equally, since neither of us did anything in particular to earn the money.",Moral,1,0.035492096109786445,-0.09620122299106279,4,0.7348240386038116,0.24112598057838544,0.024049980817803
market_control::kw::6648be07b6deb19cf4573941,6648be07b6deb19cf4573941,market_control,kw,0,1,kw_control,1,12.0,0.0,I would like to keep as much money as possible.,Self-interest,3,-0.6843279864440104,-0.11026260710346344,4,0.8013508869904555,0.17108433562849146,0.027564777381053
market_control::kw::664bbefbfaa70d966adfb11e,664bbefbfaa70d966adfb11e,market_control,kw,0,1,kw_control,1,12.0,0.0,I need the money to repay my credit card debt and I'm not feeling generous at the moment.,Self-interest,3,0.035492096109786445,-0.09620122299106279,4,0.7348240386038116,0.24112598057838544,0.024049980817803
market_control::kw::664f5726fc04984e2d289a3f,664f5726fc04984e2d289a3f,market_control,kw,0,1,kw_control,2,6.0,0.5,I think sharing half is fair to do and gives the other participant an equal amount to me.,Moral,1,0.0354920961097864,-0.09620122299106279,4,0.7348240386038116,0.24112598057838544,0.024049980817803
market_control::kw::6650c46dc4f3ab332602c04b,6650c46dc4f3ab332602c04b,market_control,kw,0,1,kw_control,2,6.0,0.5,"If the other participant didn't have any money, then I would like to split with them so we both have an even amount.",Moral,1,-0.1408640495161301,-0.05411734619990676,2,0.7511431125319626,0.22282099075970763,0.026035896708329672
market_control::kw::6658b17457c78cae33858218,6658b17457c78cae33858218,market_control,kw,0,1,kw_control,2,6.0,0.5,I don’t feel the need to be selfish. Both entering the same survey,Moral,1,-0.18857858658312898,0.8159446417884466,3,0.7288992627058608,0.21053110997781643,0.060569627316322816
market_control::kw::6658b3b6347b527af5f3bad3,6658b3b6347b527af5f3bad3,market_control,kw,0,1,kw_control,1,5.5,0.5416666666666667,I chose this because it made sense to me.,No clear justification,0,0.035492096109786445,-0.09620122299106279,4,0.7348240386038116,0.24112598057838544,0.024049980817803
market_control::kw::6658d40b7c86929c183cea9b,6658d40b7c86929c183cea9b,market_control,kw,0,1,kw_control,2,6.0,0.5,"It seems reasonable to offer half. I acknowledge that this is basically the first challenge reversed, and stand by my different answers!",Moral,1,0.09150295042799494,-0.07250595039042267,3,0.7288123664630296,0.24687778125082477,0.024309852286145676
market_control::kw::6658e5d739ded7679b0d3648,6658e5d739ded7679b0d3648,market_control,kw,0,1,kw_control,1,8.0,0.3333333333333333,I would have sent £6 to be fair but because they had send me so little I felt obliged to be mean too.,Moral,1,0.7234804667959527,-0.08303830320225501,4,0.6601106837385211,0.31913021086148324,0.02075910539999561
market_control::kw::66597d08a5b7d3d99e5c30b6,66597d08a5b7d3d99e5c30b6,market_control,kw,0,1,kw_control,1,12.0,0.0,Because the other participant has done nothing for me,Self-interest,3,-0.19474250282503003,-0.07816156922751266,3,0.7567179274067074,0.21755424288361602,0.02572782970967654
market_control::kw::6659f66a90c067aa84c591c0,6659f66a90c067aa84c591c0,market_control,kw,0,1,kw_control,2,8.0,0.3333333333333333,I chose $4 because it's a small but meaningful amount to give the other participant while keeping most for myself. It feels like helping someone without giving away too much.,Self-interest,3,0.035492096109786445,-0.09620122299106279,4,0.7348240386038116,0.24112598057838544,0.024049980817803
market_control::kw::665b81efe8e62bc79a734cc4,665b81efe8e62bc79a734cc4,market_control,kw,0,1,kw_control,2,10.0,0.1666666666666666,"I don't know this person but if they are completing this study in a similar way, I'd like to make sure they have something for their time. They might not be real though, so I don't want to give too much away.",Self-interest,3,0.06486492582816115,-0.0730557820495936,3,0.7314833179809022,0.24407625304855812,0.02444042897053967
market_control::kw::665dccea1d994deb86673695,665dccea1d994deb86673695,market_control,kw,0,1,kw_control,2,6.0,0.5,it makes it equal for everyone,Moral,1,-0.6843279864440104,-0.11026260710346344,4,0.8013508869904555,0.17108433562849146,0.027564777381053
market_control::kw::665e26502758155528c8793e,665e26502758155528c8793e,market_control,kw,0,1,kw_control,1,6.0,0.5,Since I am not absolutely clear on how much the other person put into this survey I decided to split the bonus equal.,Moral,1,-0.6843279864440104,-0.11026260710346344,4,0.8013508869904555,0.17108433562849146,0.027564777381053
market_control::kw::665e313a25cb5f40960dcc3e,665e313a25cb5f40960dcc3e,market_control,kw,0,1,kw_control,1,9.5,0.2083333333333333,I wanted the bigger share of the money.,Self-interest,3,-0.6843279864440104,-0.11026260710346344,4,0.8013508869904555,0.17108433562849146,0.027564777381053
market_control::kw::665ed3e9a6d856341025d5e1,665ed3e9a6d856341025d5e1,market_control,kw,0,1,kw_control,1,6.0,0.5,I think it's the most fair,Moral,1,0.8904282887081607,-0.05758032756318518,3,0.6392746284443539,0.34032629424765504,0.020399077307991058
market_control::kw::665f13b701b67f69ce7bfee8,665f13b701b67f69ce7bfee8,market_control,kw,0,1,kw_control,2,6.0,0.5,It's only fair as both parties have contributed equally,Moral,1,-0.6019348164365413,-0.05817519015683462,2,0.7931267787554512,0.17834397085079468,0.028529250393754042
market_control::kw::665fad6a33f0031a4058cc26,665fad6a33f0031a4058cc26,market_control,kw,0,1,kw_control,1,7.0,0.4166666666666666,It was completely unequal to start with through no effort or merit of mine. Splitting it evenly feels fair and makes me feel good without costing me anything I earned. Simple as that.,Moral,1,0.035492096109786445,-0.09620122299106279,4,0.7348240386038116,0.24112598057838544,0.024049980817803
market_control::kw::6660430efa2c89f74206b36f,6660430efa2c89f74206b36f,market_control,kw,0,1,kw_control,1,8.0,0.3333333333333333,I feel like being slightly generous but not too much,Moral,1,-0.6553061082647963,-0.08672159303610953,3,0.7983568938432501,0.17360022704942335,0.02804287910732649
market_control::kw::666062305c022b9132277913,666062305c022b9132277913,market_control,kw,0,1,kw_control,2,9.0,0.25,"I think this is a fair and reasonable allocation, given that data sellers earn in bulk, whereas the data provider has to earn through individual tasks",Moral,1,0.1316652888925463,-0.06926366648785251,3,0.7247105410046907,0.25111932744758747,0.024170131547721904
market_control::kw::66636514bc4749ad83a2adc8,66636514bc4749ad83a2adc8,market_control,kw,0,1,kw_control,2,8.0,0.3333333333333333,I chose to transfer $4 because it felt fair to give the other participant something while still keeping most of the allocation for myself.,Moral,1,0.035492096109786445,-0.09620122299106279,4,0.7348240386038116,0.24112598057838544,0.024049980817803
market_control::kw::66645fd734fffd1ce19b743b,66645fd734fffd1ce19b743b,market_control,kw,0,1,kw_control,2,6.0,0.5,"so it's fair, half and half. I",Moral,1,0.035492096109786445,-0.09620122299106279,4,0.7348240386038116,0.24112598057838544,0.024049980817803
market_control::kw::666601d2d09c8744714ca8a1,666601d2d09c8744714ca8a1,market_control,kw,0,1,kw_control,2,0.0,1.0,"Because I want the most money, seriously.",Self-interest,3,-0.19474250282503003,-0.07816156922751266,3,0.7567179274067074,0.21755424288361602,0.02572782970967654
market_control::kw::66684184ca1b579ea53e2001,66684184ca1b579ea53e2001,market_control,kw,0,1,kw_control,2,6.0,0.5,A fair share of the total amount,Moral,1,-0.6843279864440104,-0.11026260710346344,4,0.8013508869904555,0.17108433562849146,0.027564777381053
market_control::kw::66684b1580d4a4d68d9f6d16,66684b1580d4a4d68d9f6d16,market_control,kw,0,1,kw_control,1,6.0,0.5,we are both completing the same study so it is only fair that we both get equal amounts,Moral,1,0.19855988686252463,-0.044552228515932595,2,0.7174442778377254,0.25816406726181873,0.024391654900455986
market_control::kw::6668a638ee51b4f1656862e8,6668a638ee51b4f1656862e8,market_control,kw,0,1,kw_control,2,12.0,0.0,I need the money. I don't know anything about the other participant's needs.,Self-interest,3,0.035492096109786445,-0.09620122299106279,4,0.7348240386038116,0.24112598057838544,0.024049980817803
market_control::kw::667178d77f8b6ed980c256ff,667178d77f8b6ed980c256ff,market_control,kw,0,1,kw_control,2,12.0,0.0,I think the $12 would benefit me more.,Self-interest,3,-0.6338459784526013,-0.08293100677771605,3,0.7964277519034667,0.17554450988327766,0.02802773821325554
market_control::kw::66718b56365fa9f7aa5a330b,66718b56365fa9f7aa5a330b,market_control,kw,0,1,kw_control,1,6.0,0.5,It is only fair that it is split equally.,Moral,1,-0.18857858658312898,0.8159446417884466,3,0.7288992627058608,0.21053110997781643,0.060569627316322816
market_control::kw::66782f06ba5ff211f5e74fb6,66782f06ba5ff211f5e74fb6,market_control,kw,0,1,kw_control,1,7.0,0.4166666666666666,I wanted to keep slightly more for myself however still wanted to be fair to the other person,Moral,1,0.06486492582816115,-0.0730557820495936,3,0.7314833179809022,0.24407625304855812,0.02444042897053967
market_control::kw::667871d17d7fdf0358f82a28,667871d17d7fdf0358f82a28,market_control,kw,0,1,kw_control,2,12.0,0.0,"I chose to keep the full $12 because I was the participant who completed the survey tasks, and the initial provisional allocation designated the money to me. Since the other participant did not contribute to earning this specific amount, I decided to keep the full allocation",Self-interest,3,0.035492096109786445,-0.09620122299106279,4,0.7348240386038116,0.24112598057838544,0.024049980817803
market_control::kw::6679d2f916fe8e0bccf073b7,6679d2f916fe8e0bccf073b7,market_control,kw,0,1,kw_control,2,12.0,0.0,I wanted to try a different amount and use an amount that was more drastic than,No clear justification,0,0.8243711208536781,-0.059747623684256436,3,0.6475290386846746,0.3317661475520867,0.020704813763238718
market_control::kw::667c9f9c07cc857002729af5,667c9f9c07cc857002729af5,market_control,kw,0,1,kw_control,1,7.0,0.4166666666666666,"I wanted the other participant to have some money, but since I received it, I wanted to keep the majority of it without feeling bad about myself.",Self-interest,3,0.035492096109786445,-0.09620122299106279,4,0.7348240386038116,0.24112598057838544,0.024049980817803
market_control::kw::667ca8ea11f10743686a4158,667ca8ea11f10743686a4158,market_control,kw,0,1,kw_control,2,11.0,0.0833333333333333,If I knew the person was kind I would split it equally but its more likely they're unkind and I should keep the money for food.,Self-interest,3,-0.19474250282503003,-0.07816156922751266,3,0.7567179274067074,0.21755424288361602,0.02572782970967654
market_control::kw::66951ddbfab86d4133dfb14a,66951ddbfab86d4133dfb14a,market_control,kw,0,1,kw_control,1,6.0,0.5,we both contributed equal amounts of work so we should both be paid equal amounts,Moral,1,0.035492096109786445,-0.09620122299106279,4,0.7348240386038116,0.24112598057838544,0.024049980817803
market_control::kw::669644b94d5073adf1f9f941,669644b94d5073adf1f9f941,market_control,kw,0,1,kw_control,1,9.5,0.2083333333333333,I want to keep most of the money,Self-interest,3,0.7060675519619684,-0.04965242112497788,2,0.6616665690023041,0.31679274140950836,0.02154068958818751
market_control::kw::669f1b414df434c089390389,669f1b414df434c089390389,market_control,kw,0,1,kw_control,2,12.0,0.0,I want to keep the money for myself.,Self-interest,3,0.2383852481652708,-0.019197454319884847,1,0.7128710650642286,0.2623504058982448,0.02477852903752663
market_control::kw::66a1561d05457dd7ec9cd3a8,66a1561d05457dd7ec9cd3a8,market_control,kw,0,1,kw_control,1,8.0,0.3333333333333333,Don’t expect anything back in return,Self-interest,3,-0.19474250282503003,-0.07816156922751266,3,0.7567179274067074,0.21755424288361602,0.02572782970967654
market_control::kw::66a6661ce594fac728e89a59,66a6661ce594fac728e89a59,market_control,kw,0,1,kw_control,2,9.0,0.25,This number would be more acceptable with my finances.,Self-interest,3,1.3078330093455202,-0.06470033923066859,3,0.5830927297547535,0.39886627132400637,0.018040998921240177
market_control::kw::66a795593c74c575b4b558c5,66a795593c74c575b4b558c5,market_control,kw,0,1,kw_control,2,2.0,0.8333333333333334,I have no money for basic groceries right now and need every single penny,Self-interest,3,1.36807724250289,-0.07046938230215992,4,0.5743978953568136,0.40798585521811176,0.01761624942507457
market_control::kw::66a9843c53827f826e9738ed,66a9843c53827f826e9738ed,market_control,kw,0,1,kw_control,1,7.0,0.4166666666666666,"I felt they deserve about the same, but since I am so broke and the bills keep adding up with the option to keep a little more I did.",Moral,1,-0.19474250282503003,-0.07816156922751266,3,0.7567179274067074,0.21755424288361602,0.02572782970967654
market_control::kw::66ad3561c1e5c019916365fb,66ad3561c1e5c019916365fb,market_control,kw,0,1,kw_control,1,6.0,0.5,"i believe as a rule that in the world in general it is good to give an equal amount of resources to others in some situations. This kind of fairness in my humble opinion is lacking in the world. That is why we have bigotry, religious persecution, transphobic abuse, political war between the right and left and so on. But if everyone had an inherent policy to give 50% of their resources whatever they are then there would be less greed and selfishness.",Moral,1,-0.16677395931887304,-0.0544598265902651,2,0.753608824986274,0.22021916379782788,0.02617201121589807
market_control::kw::66b0dbca7f5f04da0a408c1d,66b0dbca7f5f04da0a408c1d,market_control,kw,0,1,kw_control,1,6.0,0.5,Because I am not a total piece of shit.,Moral,1,0.035492096109786445,-0.09620122299106279,4,0.7348240386038116,0.24112598057838544,0.024049980817803
market_control::kw::66b271a483c363838de07a98,66b271a483c363838de07a98,market_control,kw,0,1,kw_control,1,6.0,0.5,I think this is the fair decision for both of us. I would hope that if it ever is turned around the person would treat me as fairly.,Moral,1,0.7234804667959527,-0.08303830320225501,4,0.6601106837385211,0.31913021086148324,0.02075910539999561
market_control::kw::66b27d1addb6c513d4d783cb,66b27d1addb6c513d4d783cb,market_control,kw,0,1,kw_control,2,6.0,0.5,I would share equally what I had in the hope that it would benefit the other person. Three out of four of the previous scenarios involved someone or an organisation that I knew.,Moral,1,0.035492096109786445,-0.09620122299106279,4,0.7348240386038116,0.24112598057838544,0.024049980817803
market_control::kw::66b4b315e01eaf4739f7ef6a,66b4b315e01eaf4739f7ef6a,market_control,kw,0,1,kw_control,1,6.0,0.5,I felt it was the right and fair thing to do to split the money equally,Moral,1,-0.19474250282503003,-0.07816156922751266,3,0.7567179274067074,0.21755424288361602,0.02572782970967654
market_control::kw::66ba5e1536b184eb208686a3,66ba5e1536b184eb208686a3,market_control,kw,0,1,kw_control,1,12.0,0.0,I’m busted broke and I need the money.,Self-interest,3,-0.03727782198302366,-0.025968623280514226,1,0.7406286617817986,0.23320402791426587,0.026167310303935487
market_control::kw::66c3a8ddd2149ba10569cead,66c3a8ddd2149ba10569cead,market_control,kw,0,1,kw_control,1,6.0,0.5,Being that I had $12 and the other participant had 0. I felt that it was fair to give half.,Moral,1,0.09150295042799497,-0.07250595039042276,3,0.7288123664630296,0.24687778125082477,0.024309852286145676
market_control::kw::66c3b7035a46fdbb0859d0ab,66c3b7035a46fdbb0859d0ab,market_control,kw,0,1,kw_control,2,6.0,0.5,Just trying to be fair to the other person,Moral,1,0.035492096109786445,-0.09620122299106279,4,0.7348240386038116,0.24112598057838544,0.024049980817803
market_control::kw::66c68b403ed0615d73a557e0,66c68b403ed0615d73a557e0,market_control,kw,0,1,kw_control,1,6.0,0.5,I decided to split the money with my partner and be equitable.,Moral,1,0.7234804667959527,-0.08303830320225501,4,0.6601106837385211,0.31913021086148324,0.02075910539999561
market_control::kw::66c6ad713afa83a1ba517d18,66c6ad713afa83a1ba517d18,market_control,kw,0,1,kw_control,1,12.0,0.0,I do not have any information on who this person is and why they would need any portion of my $12. If I were to gather more information my choices for donating would probably change depending on the circumstance.,Self-interest,3,-0.6553061082647963,-0.08672159303610953,3,0.7983568938432501,0.17360022704942335,0.02804287910732649
market_control::kw::66c7407a167811bbcfc04d21,66c7407a167811bbcfc04d21,market_control,kw,0,1,kw_control,2,12.0,0.0,Because I would keep the full $12. I wouldn't give cash to a random stranger in real life.,Self-interest,3,1.9708289643926742,-0.057920138004372096,4,0.47822807936284745,0.5072936389712184,0.014478281665934165
market_control::kw::66c746f450506abe4d80b5e1,66c746f450506abe4d80b5e1,market_control,kw,0,1,kw_control,1,6.0,0.5,It seemed the fairest way to do it,Moral,1,0.7234804667959527,-0.08303830320225501,4,0.6601106837385211,0.31913021086148324,0.02075910539999561
market_control::kw::66cb2cff2ed7c15cf86a457e,66cb2cff2ed7c15cf86a457e,market_control,kw,0,1,kw_control,2,8.0,0.3333333333333333,I wanted to show some generosity of spirit.,Moral,1,0.035492096109786445,-0.09620122299106279,4,0.7348240386038116,0.24112598057838544,0.024049980817803
market_control::kw::66ccca31c45aad520357f3fb,66ccca31c45aad520357f3fb,market_control,kw,0,1,kw_control,1,6.0,0.5,"I thought it would be fair if instead of me having $12 and my partner having $0, that we should each have $6 instead",Moral,1,0.9092627318866225,-0.02456552204700862,1,0.6364094727383907,0.3426252307668597,0.020965296494749597
market_control::kw::66cde12da4d4980e9b1e0556,66cde12da4d4980e9b1e0556,market_control,kw,0,1,kw_control,1,6.0,0.5,because I was matched with the other participant and we did the same task and same amount of work,Moral,1,-0.19474250282503003,-0.07816156922751266,3,0.7567179274067074,0.21755424288361602,0.02572782970967654
market_control::kw::66d1e7730fc4fc09fb825a43,66d1e7730fc4fc09fb825a43,market_control,kw,0,1,kw_control,1,12.0,0.0,I feel I earnt the money fairly and don’t want to share.,Self-interest,3,0.7703873864478128,-0.025511212331995523,1,0.6535888811260231,0.32470715516494786,0.021703963709029092
market_control::kw::66d5fb4827efff6d57854f92,66d5fb4827efff6d57854f92,market_control,kw,0,1,kw_control,2,6.0,0.5,each pair is paying the same amount seems more fairer,Moral,1,0.05569138459223965,0.7779644050161401,4,0.7084072414820392,0.2360778812497956,0.0555148772681653
market_control::kw::66d6f727b4c2d9e52aa9a626,66d6f727b4c2d9e52aa9a626,market_control,kw,0,1,kw_control,1,12.0,0.0,"because I don't know who the other person is, and have no repercussions, so can act as selfishly as I need to",Self-interest,3,0.035492096109786445,-0.09620122299106279,4,0.7348240386038116,0.24112598057838544,0.024049980817803
market_control::kw::66d88659f847e91642700180,66d88659f847e91642700180,market_control,kw,0,1,kw_control,1,6.0,0.5,Because I would want the other participant to do the same if our roles were reversed.,Moral,1,-0.1408640495161301,-0.05411734619990676,2,0.7511431125319626,0.22282099075970763,0.026035896708329672
market_control::kw::66de746bcfef35f46e85ed0f,66de746bcfef35f46e85ed0f,market_control,kw,0,1,kw_control,1,6.0,0.5,Because it seemed like the fair thing to do,Moral,1,0.1316652888925463,-0.06926366648785251,3,0.7247105410046907,0.25111932744758747,0.024170131547721904
market_control::kw::66dee58aac3312556cc5bef0,66dee58aac3312556cc5bef0,market_control,kw,0,1,kw_control,2,10.0,0.1666666666666666,"I don't know the other participant, so don't feel bad about not giving them much of the money",Self-interest,3,0.7234804667959527,-0.08303830320225501,4,0.6601106837385211,0.31913021086148324,0.02075910539999561
market_control::kw::66e4906547365a7208341b04,66e4906547365a7208341b04,market_control,kw,0,1,kw_control,2,10.0,0.1666666666666666,It's better than 0 so I figure I'd be happy with that.,Self-interest,3,0.19855988686252463,-0.044552228515932595,2,0.7174442778377254,0.25816406726181873,0.024391654900455986
market_control::kw::66e76d0de95113d62f709ec5,66e76d0de95113d62f709ec5,market_control,kw,0,1,kw_control,1,6.0,0.5,I felt it fair to share the allocation and split it evenly between us is fair and square.,Moral,1,-0.6843279864440104,-0.11026260710346344,4,0.8013508869904555,0.17108433562849146,0.027564777381053
market_control::kw::66e804006fa64fe4f37ae7b8,66e804006fa64fe4f37ae7b8,market_control,kw,0,1,kw_control,2,7.0,0.4166666666666666,I still have more than them but have given a good will payment to create a beneficial trading relationship between us,Mutual Benefit / Cooperation,2,0.21766445646164614,0.8910219270951396,2,0.6883576409552478,0.2520233432578452,0.05961901578690699
market_control::kw::66e982b2da4a8dde63eac56c,66e982b2da4a8dde63eac56c,market_control,kw,0,1,kw_control,2,2.0,0.8333333333333334,The option i chose is quite fairer,Moral,1,-0.03727782198302366,-0.025968623280514226,1,0.7406286617817986,0.23320402791426587,0.026167310303935487
market_control::kw::66eae2c28ad8563584cb7a55,66eae2c28ad8563584cb7a55,market_control,kw,0,1,kw_control,1,6.0,0.5,I chose this allocation because I am desperate but not desperate enough to take more than what I feel I should take. Half is the limit that I would accept between me and another stranger.,Moral,1,0.7234804667959527,-0.08303830320225501,4,0.6601106837385211,0.31913021086148324,0.02075910539999561
market_control::kw::66eb8427a91699e7d2eefc29,66eb8427a91699e7d2eefc29,market_control,kw,0,1,kw_control,1,6.0,0.5,"If our roles were reversed, this is what I would prefer the other party offered me.",Moral,1,0.7234804667959525,-0.08303830320225514,4,0.6601106837385211,0.31913021086148324,0.020759105399995613
market_control::kw::66f043f0c38f7c2ec60770e4,66f043f0c38f7c2ec60770e4,market_control,kw,0,1,kw_control,1,10.0,0.1666666666666666,I really need money after being in an accident..,Self-interest,3,-0.03727782198302366,-0.025968623280514226,1,0.7406286617817986,0.23320402791426587,0.026167310303935487
market_control::kw::66f0a1d13629250f84bc2598,66f0a1d13629250f84bc2598,market_control,kw,0,1,kw_control,2,10.0,0.1666666666666666,"I know my last option wasn't very fair, even though I said it was. 10-2 seems alright to me.",Moral,1,-0.11000998536910686,-0.029356674843612457,1,0.7477061929491076,0.22579889494468322,0.026494912106209252
market_control::kw::66f305037af69346a9a55b42,66f305037af69346a9a55b42,market_control,kw,0,1,kw_control,1,10.0,0.1666666666666666,I choose $2 because they had 0 and two is better than zero.,Moral,1,0.035492096109786445,-0.09620122299106279,4,0.7348240386038116,0.24112598057838544,0.024049980817803
market_control::kw::66f5366c7e5543684f266590,66f5366c7e5543684f266590,market_control,kw,0,1,kw_control,2,6.0,0.5,I think it best to start from the stance of equal partnership and this is what strongly influenced my decision,Moral,1,0.05569138459223965,0.7779644050161401,4,0.7084072414820392,0.2360778812497956,0.0555148772681653
market_control::kw::67002f5d9dbfa2b783bc13fd,67002f5d9dbfa2b783bc13fd,market_control,kw,0,1,kw_control,1,12.0,0.0,I just need the cash and have no idea what the other person is like. I was also feeling greedy today.,Self-interest,3,0.7746281755934803,-0.047808285338742186,2,0.6534230279312444,0.325363439101631,0.021213532967124585
market_control::kw::67028e3c5308fc008653cf26,67028e3c5308fc008653cf26,market_control,kw,0,1,kw_control,2,6.0,0.5,I would want us to split the money evenly.,Moral,1,-0.6843279864440104,-0.11026260710346344,4,0.8013508869904555,0.17108433562849146,0.027564777381053
market_control::kw::670391e01385e6794f0eff25,670391e01385e6794f0eff25,market_control,kw,0,1,kw_control,2,10.0,0.1666666666666666,i wanted to give to them something,Moral,1,-0.19474250282503003,-0.07816156922751266,3,0.7567179274067074,0.21755424288361602,0.02572782970967654
market_control::kw::670c812982889b44a1cd12fb,670c812982889b44a1cd12fb,market_control,kw,0,1,kw_control,2,9.0,0.25,I don't believe there is another participant dependent upon my decision. I'll allocate a little in case I am incorrect.,Self-interest,3,0.1316652888925463,-0.06926366648785251,3,0.7247105410046907,0.25111932744758747,0.024170131547721904
market_control::kw::670d9a104c440aaf6ee94ed7,670d9a104c440aaf6ee94ed7,market_control,kw,0,1,kw_control,1,6.0,0.5,Sharing the amount equally between both parties seemed to be the fairest thing to do,Moral,1,0.824371120853678,-0.05974762368425644,3,0.6475290386846746,0.3317661475520867,0.020704813763238718
market_control::kw::6717cd1dc7ef68bb9dc8bf91,6717cd1dc7ef68bb9dc8bf91,market_control,kw,0,1,kw_control,1,6.0,0.5,"because its exactly equal, no unfairness as its selfish to keep more for myself as we are equally taking part in the study and are working equally as hard",Moral,1,-0.6843279864440104,-0.11026260710346344,4,0.8013508869904555,0.17108433562849146,0.027564777381053
market_control::kw::671846c76953b192c9269992,671846c76953b192c9269992,market_control,kw,0,1,kw_control,2,0.0,1.0,I value a square deal.,Moral,1,-0.6553061082647963,-0.08672159303610953,3,0.7983568938432501,0.17360022704942335,0.02804287910732649
market_control::kw::671912820d4a64051a764936,671912820d4a64051a764936,market_control,kw,0,1,kw_control,2,6.0,0.5,Its the most agreeable amount split between both parties. Neither one feels like they're slighted and is the fairest between the two.,Moral,1,-0.6843279864440104,-0.11026260710346344,4,0.8013508869904555,0.17108433562849146,0.027564777381053
market_control::kw::6724ee8fabad68ecf0315732,6724ee8fabad68ecf0315732,market_control,kw,0,1,kw_control,2,12.0,0.0,I feel you earned the allocation or that the other participant doesn’t deserve a share.,Moral,1,0.035492096109786445,-0.09620122299106279,4,0.7348240386038116,0.24112598057838544,0.024049980817803
market_control::kw::6726ae14a783520d944f2951,6726ae14a783520d944f2951,market_control,kw,0,1,kw_control,1,6.0,0.5,"It levels the playing field. If I want to work with or compete with another person, I want to win fairly. I don't like to have an advantage and then claim a win.",Moral,1,0.035492096109786445,-0.09620122299106279,4,0.7348240386038116,0.24112598057838544,0.024049980817803
market_control::kw::6727964977929019f6ff8a5d,6727964977929019f6ff8a5d,market_control,kw,0,1,kw_control,2,8.0,0.3333333333333333,it felt good on my conscience and my selfish side,Moral,1,0.05569138459223961,0.7779644050161391,4,0.7084072414820392,0.2360778812497956,0.05551487726816525
market_control::kw::672a6f5fc7bda7ce7ce814a7,672a6f5fc7bda7ce7ce814a7,market_control,kw,0,1,kw_control,1,8.0,0.3333333333333333,"In all honestly, with the given situation, it's feels a bit like donating to a cause. Unless I know how the money will be used, it's hard for me to give money to someone. For instance, when a homeless person asks for money, I hesitate most of the time because I don't know how they will use it. Would they use it for necessities or waste it on something they don't need. In most cases, I rather buy them food or something of their need, than to give them cash. I sort of have the same feeling right now. But considering this study is in an organized environment, I feel less hesitant to give part of the money.",Self-interest,3,-0.19474250282503003,-0.07816156922751266,3,0.7567179274067074,0.21755424288361602,0.02572782970967654
market_control::kw::672bbb444ab4546a33718004,672bbb444ab4546a33718004,market_control,kw,0,1,kw_control,2,12.0,0.0,im sorry I am selfish but why would I not want to keep all the money myself plus its only 12 dollars already,Self-interest,3,-0.19474250282503003,-0.07816156922751266,3,0.7567179274067074,0.21755424288361602,0.02572782970967654
market_control::kw::672e5a63b70948690942e599,672e5a63b70948690942e599,market_control,kw,0,1,kw_control,1,7.0,0.4166666666666666,I chose to transfer $5 of the $12 to the other participant because I wanted to share the money fairly while still keeping a slightly larger portion for myself. I felt this was a reasonable compromise between being generous and also valuing my own allocation.,Moral,1,0.7234804667959527,-0.08303830320225501,4,0.6601106837385211,0.31913021086148324,0.02075910539999561
market_control::kw::67311201ae5343816a576b29,67311201ae5343816a576b29,market_control,kw,0,1,kw_control,2,6.0,0.5,"i just shared my hypothetical earnings 50-50, and i don't feel bad because it will yield some profit",Moral,1,0.7426879664605859,0.8052292772625548,4,0.6369705829390352,0.31432961085690836,0.04869980620405645
market_control::kw::67376ab89f1322d144ef3a0d,67376ab89f1322d144ef3a0d,market_control,kw,0,1,kw_control,2,7.0,0.4166666666666666,I'd like to share it and would transfer half but I'm a bit short on cash and could do with some extra if I win the bonus.,Self-interest,3,0.7234804667959527,-0.08303830320225501,4,0.6601106837385211,0.31913021086148324,0.02075910539999561
market_control::kw::673a0e734bd93029881db411,673a0e734bd93029881db411,market_control,kw,0,1,kw_control,2,12.0,0.0,to maximize my own profits,Self-interest,3,0.035492096109786445,-0.09620122299106279,4,0.7348240386038116,0.24112598057838544,0.024049980817803
market_control::kw::673ab02669cc4fadd7431dd4,673ab02669cc4fadd7431dd4,market_control,kw,0,1,kw_control,1,6.0,0.5,because it is fair and we both should get something out of it,Moral,1,-0.6019348164365413,-0.05817519015683462,2,0.7931267787554512,0.17834397085079468,0.028529250393754042
market_control::kw::673c1f36a2a0f1b3cac7e5dd,673c1f36a2a0f1b3cac7e5dd,market_control,kw,0,1,kw_control,1,12.0,0.0,"i was given a choice to donate money. i chose not to do so, and keep the money for myself",Self-interest,3,-0.6843279864440104,-0.11026260710346344,4,0.8013508869904555,0.17108433562849146,0.027564777381053
market_control::kw::673dbd8c0a9f2198fd592502,673dbd8c0a9f2198fd592502,market_control,kw,0,1,kw_control,2,9.0,0.25,i would love to keep the bigger part of the amount,Self-interest,3,0.05569138459223965,0.7779644050161398,4,0.7084072414820392,0.2360778812497956,0.05551487726816529
market_control::kw::67407c617ee8b91996aed6ae,67407c617ee8b91996aed6ae,market_control,kw,0,1,kw_control,1,6.0,0.5,I though 50/50 was fair and it's a tough world lately.,Moral,1,0.16665506126753962,-0.04500815210797405,2,0.7207150901732671,0.25472888575707325,0.024556024069659697
market_control::kw::67420b3488f0786c8c142096,67420b3488f0786c8c142096,market_control,kw,0,1,kw_control,2,7.0,0.4166666666666666,I wanted to be fair and just. I find this amount to be a good bargain and I am comfortable allocating the money in this way.,Moral,1,0.035492096109786445,-0.09620122299106279,4,0.7348240386038116,0.24112598057838544,0.024049980817803
market_control::kw::67425ff05a1e573622ade37a,67425ff05a1e573622ade37a,market_control,kw,0,1,kw_control,2,6.0,0.5,As I don't know the person or their circumstances it is only fair to split the money down the middle.,Moral,1,0.06486492582816115,-0.0730557820495936,3,0.7314833179809022,0.24407625304855812,0.02444042897053967
market_control::kw::6742ecbc50ae979ed5099784,6742ecbc50ae979ed5099784,market_control,kw,0,1,kw_control,1,11.0,0.0833333333333333,I have never met this person before,No clear justification,0,-0.11000998536910686,-0.029356674843612457,1,0.7477061929491076,0.22579889494468322,0.026494912106209252
market_control::kw::67464f1e7e327bb792ac9af4,67464f1e7e327bb792ac9af4,market_control,kw,0,1,kw_control,1,6.0,0.5,It was fair. We each get 6,Moral,1,0.824371120853678,-0.05974762368425644,3,0.6475290386846746,0.3317661475520867,0.020704813763238718
market_control::kw::6749b08769e9ad43df3f085a,6749b08769e9ad43df3f085a,market_control,kw,0,1,kw_control,2,6.0,0.5,I just feel I should share,Moral,1,-0.6338459784526013,-0.08293100677771605,3,0.7964277519034667,0.17554450988327766,0.02802773821325554
market_control::kw::674d54d63248254461466239,674d54d63248254461466239,market_control,kw,0,1,kw_control,1,6.0,0.5,i think its only fair to split it down the middle.,Moral,1,-0.6691514282189474,-0.0874992777375991,3,0.7995609570443725,0.17234118543327498,0.028097857522352596
market_control::kw::67506c9140f7ec4223d6c7be,67506c9140f7ec4223d6c7be,market_control,kw,0,1,kw_control,2,12.0,0.0,I wanted to save money,Self-interest,3,0.2383852481652708,-0.019197454319884847,1,0.7128710650642286,0.2623504058982448,0.02477852903752663
market_control::kw::67574cd454695a33d97d764a,67574cd454695a33d97d764a,market_control,kw,0,1,kw_control,1,5.0,0.5833333333333333,"I chose this allocation to benefit me slightly, but not massively so it is largely equal for both of us",Moral,1,-0.5842104289318815,-0.03304872731938094,1,0.7910290791819482,0.17983991364527635,0.02913100717277548
market_control::kw::675b73a2f8ca714cdf307be7,675b73a2f8ca714cdf307be7,market_control,kw,0,1,kw_control,1,5.5,0.5416666666666667,I did hat becasue I think they needed the money more than I did,Moral,1,0.7234804667959527,-0.08303830320225501,4,0.6601106837385211,0.31913021086148324,0.02075910539999561
market_control::kw::675ca2857e8537d362e26893,675ca2857e8537d362e26893,market_control,kw,0,1,kw_control,2,6.0,0.5,its fair to meet half way,Moral,1,0.11201570315478858,0.8286032049788452,3,0.7010457663191887,0.24142662903333345,0.05752760464747788
market_control::kw::676068908d3ceab2c0ff4c15,676068908d3ceab2c0ff4c15,market_control,kw,0,1,kw_control,1,6.0,0.5,I'd want to be given an even split of money if i were the other participant.,Moral,1,-0.19474250282503003,-0.07816156922751266,3,0.7567179274067074,0.21755424288361602,0.02572782970967654
market_control::kw::6761f75300af0601c94fb5fa,6761f75300af0601c94fb5fa,market_control,kw,0,1,kw_control,2,6.0,0.5,I think it is fair to share the money equally with the other person.,Moral,1,0.035492096109786445,-0.09620122299106279,4,0.7348240386038116,0.24112598057838544,0.024049980817803
market_control::kw::67621d161556ae02bd0c2a8b,67621d161556ae02bd0c2a8b,market_control,kw,0,1,kw_control,1,6.0,0.5,I think it is fair to share the money equally,Moral,1,0.7234804667959527,-0.08303830320225501,4,0.6601106837385211,0.31913021086148324,0.02075910539999561
market_control::kw::67628ff33a15445ebd5eda69,67628ff33a15445ebd5eda69,market_control,kw,0,1,kw_control,2,6.0,0.5,Sharing the amount in half seems fair to me and I hope that if the situation were reversed the other person would do the same.,Moral,1,-0.6337274912712799,0.7991394542297353,3,0.7668377549379678,0.1680635813897194,0.06509866367231279
market_control::kw::6762e3d80af1b3f2a2c3895a,6762e3d80af1b3f2a2c3895a,market_control,kw,0,1,kw_control,1,8.0,0.3333333333333333,Just be nice. I didn't want to keep all the money for myself because I would've felt guilty but equally I don't want to give too much or all of the money allocated to me to a person I've never met,Moral,1,-0.6553061082647963,-0.08672159303610953,3,0.7983568938432501,0.17360022704942335,0.02804287910732649
market_control::kw::676302645c023570f5d43a0f,676302645c023570f5d43a0f,market_control,kw,0,1,kw_control,1,6.0,0.5,I chose this allocation because I feel you should give half of what you have to help others.,Moral,1,-0.6843279864440104,-0.11026260710346344,4,0.8013508869904555,0.17108433562849146,0.027564777381053
market_control::kw::67630619de3ffd0967c49875,67630619de3ffd0967c49875,market_control,kw,0,1,kw_control,2,7.0,0.4166666666666666,"its my money, and its a low amount.so i should walk away with a little more, but id feel good helping ihm too",Self-interest,3,0.7234804667959527,-0.08303830320225501,4,0.6601106837385211,0.31913021086148324,0.02075910539999561
market_control::kw::6764260cc5b6436f25820b52,6764260cc5b6436f25820b52,market_control,kw,0,1,kw_control,2,6.0,0.5,to keep things fair and simple,Moral,1,-0.6019348164365413,-0.05817519015683462,2,0.7931267787554512,0.17834397085079468,0.028529250393754042
market_control::kw::6764511bc51bb2dab8c64b16,6764511bc51bb2dab8c64b16,market_control,kw,0,1,kw_control,2,6.0,0.5,Seems the most fair option,Moral,1,-0.6843279864440104,-0.11026260710346344,4,0.8013508869904555,0.17108433562849146,0.027564777381053
market_control::kw::67648c8aedf5d8073ca5f120,67648c8aedf5d8073ca5f120,market_control,kw,0,1,kw_control,1,8.0,0.3333333333333333,I felt inclined to offer them something did not feel it was right they had nothing,Moral,1,-0.6337274912712799,0.7991394542297352,3,0.7668377549379678,0.1680635813897194,0.06509866367231279
market_control::kw::6764d8c9aaf6f9510d1c68a9,6764d8c9aaf6f9510d1c68a9,market_control,kw,0,1,kw_control,2,8.0,0.3333333333333333,"At the end of the day its my money to decide how to split, I've given him 4 as originally he wasn't going to get anything so we both get something.",Self-interest,3,0.035492096109786445,-0.09620122299106279,4,0.7348240386038116,0.24112598057838544,0.024049980817803
market_control::kw::6765729d20a03e951aa84f2c,6765729d20a03e951aa84f2c,market_control,kw,0,1,kw_control,1,6.0,0.5,Being honest and being fair,Moral,1,-0.16677395931887304,-0.0544598265902651,2,0.753608824986274,0.22021916379782788,0.02617201121589807
market_control::kw::67657d4bd50d390b8e785097,67657d4bd50d390b8e785097,market_control,kw,0,1,kw_control,2,12.0,0.0,It's anonymous and those are my true feelings about the outcome I would like to take place. I feel a bit bad but not enough,Moral,1,-0.1408640495161301,-0.05411734619990676,2,0.7511431125319626,0.22282099075970763,0.026035896708329672
market_control::kw::6769ca30dda9131a6c8a92cb,6769ca30dda9131a6c8a92cb,market_control,kw,0,1,kw_control,1,6.0,0.5,because i dont know this other person and they may be doing these studies for the same reason as i am so giving them some extra money doesnt hurt,Self-interest,3,0.035492096109786445,-0.09620122299106279,4,0.7348240386038116,0.24112598057838544,0.024049980817803
market_control::kw::676c759c9461dbd7edccdca6,676c759c9461dbd7edccdca6,market_control,kw,0,1,kw_control,2,11.0,0.0833333333333333,i want the profit to myself,Self-interest,3,-0.639274452242488,-0.06291765360710877,2,0.7964565574499164,0.17493492732181543,0.02860851522826821
market_control::kw::676f6126efc59fd607207687,676f6126efc59fd607207687,market_control,kw,0,1,kw_control,2,6.0,0.5,I think this is a fair option to split it equally,Moral,1,0.824371120853678,-0.05974762368425644,3,0.6475290386846746,0.3317661475520867,0.020704813763238718
market_control::kw::676fe0077976e8807cd2600f,676fe0077976e8807cd2600f,market_control,kw,0,1,kw_control,1,12.0,0.0,I chose this option because previously in similar tasks I have been allocated to the lower options - this is now my turn to have the higher amount so i will take advantage of it,Self-interest,3,0.1316652888925463,-0.06926366648785251,3,0.7247105410046907,0.25111932744758747,0.024170131547721904
market_control::kw::6772edf57fe25105c06f1910,6772edf57fe25105c06f1910,market_control,kw,0,1,kw_control,2,6.0,0.5,I just felt that it was fair as we would both have the same amount.,Moral,1,-0.1408640495161301,-0.05411734619990676,2,0.7511431125319626,0.22282099075970763,0.026035896708329672
market_control::kw::6772f2f973632e9abc06ff3b,6772f2f973632e9abc06ff3b,market_control,kw,0,1,kw_control,2,6.0,0.5,"If we're doing the same thing, we're in the same position and have done the same amount of effort. 50/50 split seems fair without any more information available.",Moral,1,0.035492096109786445,-0.09620122299106279,4,0.7348240386038116,0.24112598057838544,0.024049980817803
market_control::kw::67740dc45be1bcdc911ee2fe,67740dc45be1bcdc911ee2fe,market_control,kw,0,1,kw_control,2,6.0,0.5,"half and half, its very fair",Moral,1,0.035492096109786445,-0.09620122299106279,4,0.7348240386038116,0.24112598057838544,0.024049980817803
market_control::kw::67744e9237074809b2e1a2d4,67744e9237074809b2e1a2d4,market_control,kw,0,1,kw_control,2,6.0,0.5,So we have an equal amount of money - £6 each,Moral,1,1.3078330093455193,-0.06470033923066859,3,0.5830927297547536,0.39886627132400626,0.018040998921240184
market_control::kw::6774958ebee5b6ba3bafe4c6,6774958ebee5b6ba3bafe4c6,market_control,kw,0,1,kw_control,1,6.0,0.5,I have a strong sense of sharing and not being selfish.,Moral,1,0.035492096109786445,-0.09620122299106279,4,0.7348240386038116,0.24112598057838544,0.024049980817803
market_control::kw::67755e6f391dd47ac7525c87,67755e6f391dd47ac7525c87,market_control,kw,0,1,kw_control,1,6.0,0.5,It's just a fair share of the £12,Moral,1,0.06486492582816115,-0.0730557820495936,3,0.7314833179809022,0.24407625304855812,0.02444042897053967
market_control::kw::6775aacf5a466dcc31d5b368,6775aacf5a466dcc31d5b368,market_control,kw,0,1,kw_control,2,0.0,1.0,"This Yuletide season we are in is always a good time to show and share love and joy with those around me, no matter how little, and I choose to do the same, even with this survey and task.",Moral,1,0.035492096109786445,-0.09620122299106279,4,0.7348240386038116,0.24112598057838544,0.024049980817803
market_control::kw::6776c640c441a770cf2f7db5,6776c640c441a770cf2f7db5,market_control,kw,0,1,kw_control,2,6.0,0.5,Because it is equal so feel fair,Moral,1,0.7234804667959527,-0.08303830320225501,4,0.6601106837385211,0.31913021086148324,0.02075910539999561
market_control::kw::67770561d2aa386a73c31680,67770561d2aa386a73c31680,market_control,kw,0,1,kw_control,1,6.0,0.5,"As the decision was solely down to me, bur would affect both of us, it seemed fair that I split the money equally.",Moral,1,0.035492096109786445,-0.09620122299106279,4,0.7348240386038116,0.24112598057838544,0.024049980817803
market_control::kw::677819172a941c8b9502932f,677819172a941c8b9502932f,market_control,kw,0,1,kw_control,2,7.0,0.4166666666666666,the money being allocated to me means i'm either the leader or i have done more work,No clear justification,0,0.09150295042799497,-0.07250595039042276,3,0.7288123664630296,0.24687778125082477,0.024309852286145676
market_control::kw::677958490f7a301549a76602,677958490f7a301549a76602,market_control,kw,0,1,kw_control,1,7.0,0.4166666666666666,I thought 5 dollars was a fair amount,Moral,1,0.6042554469183791,-0.07274063385008926,3,0.673915535233119,0.30449337349279704,0.021591091274083905
market_control::kw::677af995d5aabfb59f938acf,677af995d5aabfb59f938acf,market_control,kw,0,1,kw_control,1,6.0,0.5,I would like to be fair in my allocation as this was free money I didn't physically earn so I do not see myself as losing out on anything.,Moral,1,-0.6843279864440104,-0.11026260710346344,4,0.8013508869904555,0.17108433562849146,0.027564777381053
market_control::kw::677d6b77fb855e239a363913,677d6b77fb855e239a363913,market_control,kw,0,1,kw_control,1,6.0,0.5,"I always feel if i treat someone how i would like to be treated, somehow it is reciprocated",Moral,1,-0.6843279864440104,-0.11026260710346344,4,0.8013508869904555,0.17108433562849146,0.027564777381053
market_control::kw::677db392d5b39cac125c8dfb,677db392d5b39cac125c8dfb,market_control,kw,0,1,kw_control,1,6.0,0.5,"I chose to transfer $6 because it is an even split, which I feel is fair. Both participants started with different provisional amounts, so sharing the money equally ensures that neither person is left out and reflects a balanced and reasonable decision",Moral,1,0.035492096109786445,-0.09620122299106279,4,0.7348240386038116,0.24112598057838544,0.024049980817803
market_control::kw::677e66aeda5ddb35145c52eb,677e66aeda5ddb35145c52eb,market_control,kw,0,1,kw_control,2,10.0,0.1666666666666666,I just wanted to share something small,Moral,1,0.035492096109786445,-0.09620122299106279,4,0.7348240386038116,0.24112598057838544,0.024049980817803
market_control::kw::678041088952b9da0a4734ae,678041088952b9da0a4734ae,market_control,kw,0,1,kw_control,2,3.0,0.75,I choose to reduce the price by 8 because it felt like a fair compromise,Moral,1,0.6042554469183791,-0.07274063385008926,3,0.673915535233119,0.30449337349279704,0.021591091274083905
market_control::kw::6781faa83e147cbd160d2409,6781faa83e147cbd160d2409,market_control,kw,0,1,kw_control,1,6.0,0.5,I chose to allocate half because I believe this would be just and fair and that is the kind of person that I am.,Moral,1,0.09150295042799497,-0.07250595039042276,3,0.7288123664630296,0.24687778125082477,0.024309852286145676
market_control::kw::678557116f825dad357b623c,678557116f825dad357b623c,market_control,kw,0,1,kw_control,1,12.0,0.0,"I was hoping to get the $12 bonus. And since this is a small sum of money, I am not too worried about not sharing it.",Self-interest,3,0.035492096109786445,-0.09620122299106279,4,0.7348240386038116,0.24112598057838544,0.024049980817803
market_control::kw::67858bcf2e9aa77b0e98dbb7,67858bcf2e9aa77b0e98dbb7,market_control,kw,0,1,kw_control,2,6.0,0.5,I think it's fair for us to each get the same amount rather than me getting it all.,Moral,1,0.1316652888925463,-0.06926366648785251,3,0.7247105410046907,0.25111932744758747,0.024170131547721904
market_control::kw::67886304e14cde87368e3688,67886304e14cde87368e3688,market_control,kw,0,1,kw_control,2,6.0,0.5,I felt like splitting the transfer,Moral,1,-0.6636735400568929,0.7499339763842658,4,0.7715572501077551,0.16592244856587485,0.06252030132636997
market_control::kw::678989bea77beeb59f622658,678989bea77beeb59f622658,market_control,kw,0,1,kw_control,2,6.0,0.5,"the world we live in today is very uneven and unfair, at least monetarily. if we all were given the same wealth, what you do to either grow it or blow it is on you but at least you were given the same opportunity.",Moral,1,0.09150295042799497,-0.07250595039042276,3,0.7288123664630296,0.24687778125082477,0.024309852286145676
market_control::kw::6789c87c592bb3021078ff42,6789c87c592bb3021078ff42,market_control,kw,0,1,kw_control,2,6.0,0.5,I believe it is the moral thing to do and is the fairest scenario for both participants involved.,Moral,1,0.035492096109786445,-0.09620122299106279,4,0.7348240386038116,0.24112598057838544,0.024049980817803
market_control::kw::678c21297d5530210477d1ec,678c21297d5530210477d1ec,market_control,kw,0,1,kw_control,1,6.0,0.5,The world will be a better place when we share or give opportunities to people by not been biased or corrupt,Moral,1,0.1316652888925463,-0.06926366648785251,3,0.7247105410046907,0.25111932744758747,0.024170131547721904
market_control::kw::67916f3e5f32e828b221bb81,67916f3e5f32e828b221bb81,market_control,kw,0,1,kw_control,1,6.0,0.5,"Because it's fair to split the amount equally, I wouldn't want to take money that can be split between both of us",Moral,1,0.035492096109786354,-0.09620122299106279,4,0.7348240386038116,0.24112598057838544,0.024049980817803
market_control::kw::6798ae13687f9a946efe51eb,6798ae13687f9a946efe51eb,market_control,kw,0,1,kw_control,2,6.0,0.5,"I would hope that in the same situation, someone would do the same for me.",Moral,1,0.035492096109786445,-0.09620122299106279,4,0.7348240386038116,0.24112598057838544,0.024049980817803
market_control::kw::67a517b3ce9ad5ca6839e028,67a517b3ce9ad5ca6839e028,market_control,kw,0,1,kw_control,1,6.0,0.5,"I chose the allocation $6 to the other participant because I consider them a team mate and as such, I believe we should have equal resources to complete the required task.",Moral,1,0.035492096109786445,-0.09620122299106279,4,0.7348240386038116,0.24112598057838544,0.024049980817803
market_control::kw::67a92eb40002d1f843008b03,67a92eb40002d1f843008b03,market_control,kw,0,1,kw_control,2,12.0,0.0,I chose to keep the full 12$ by not transferring anything to the other participant.,No clear justification,0,0.09150295042799497,-0.07250595039042276,3,0.7288123664630296,0.24687778125082477,0.024309852286145676
market_control::kw::67acb851f56c4346d17bea0a,67acb851f56c4346d17bea0a,market_control,kw,0,1,kw_control,2,6.0,0.5,It was half of what I had.,Moral,1,-0.03727782198302366,-0.025968623280514226,1,0.7406286617817986,0.23320402791426587,0.026167310303935487
market_control::kw::67cb97aa66285604188d577a,67cb97aa66285604188d577a,market_control,kw,0,1,kw_control,2,6.0,0.5,equal distribution is the most fair way for a civilized society to operate fairly,Moral,1,0.7234804667959527,-0.08303830320225501,4,0.6601106837385211,0.31913021086148324,0.02075910539999561
market_control::kw::67cf5ec3ba426f48883865b2,67cf5ec3ba426f48883865b2,market_control,kw,0,1,kw_control,1,8.0,0.3333333333333333,i feel that this is reasonable and allows both particpants to benefit,Mutual Benefit / Cooperation,2,0.09150295042799497,-0.07250595039042276,3,0.7288123664630296,0.24687778125082477,0.024309852286145676
market_control::kw::67e089199b2161a43c738b97,67e089199b2161a43c738b97,market_control,kw,0,1,kw_control,2,6.0,0.5,"I chose to transfer $6 because it represents an equal split of the total $12 provisional allocation. This creates a fair outcome where both participants receive $6 each, ensuring neither person is left with nothing and neither receives everything.",Moral,1,0.035492096109786445,-0.09620122299106279,4,0.7348240386038116,0.24112598057838544,0.024049980817803
market_control::kw::67e1da8a432675c0e850e8d1,67e1da8a432675c0e850e8d1,market_control,kw,0,1,kw_control,2,7.0,0.4166666666666666,This decision was reached by me in a way of giving generously and being kind also,Moral,1,0.035492096109786445,-0.09620122299106279,4,0.7348240386038116,0.24112598057838544,0.024049980817803
market_control::kw::67e80fd6ef19882569cf49d3,67e80fd6ef19882569cf49d3,market_control,kw,0,1,kw_control,2,8.0,0.3333333333333333,"AS I know nothing about the person I am paired with I didn't feel that I should give them all the money, however I wanted to insure that they had something and the amount I chose felt right",Moral,1,0.035492096109786445,-0.09620122299106279,4,0.7348240386038116,0.24112598057838544,0.024049980817803
market_control::kw::67eaa46b7bb6cbefdcbde74c,67eaa46b7bb6cbefdcbde74c,market_control,kw,0,1,kw_control,1,7.0,0.4166666666666666,I chose this because I want to show consideration and fairness towards the partner.,Moral,1,-0.6843279864440104,-0.11026260710346344,4,0.8013508869904555,0.17108433562849146,0.027564777381053
market_control::kw::67ebd1d4bb59134cd76d76dd,67ebd1d4bb59134cd76d76dd,market_control,kw,0,1,kw_control,1,6.0,0.5,This is the logical allocation to give to my participant colleague. Whilst I don't feel obligated it is the right thing to do and I feel good about doing so. I would feel guilty if I had kept it all for myself.,Moral,1,0.035492096109786445,-0.09620122299106279,4,0.7348240386038116,0.24112598057838544,0.024049980817803
market_control::kw::67ef19849ce42ec68447928e,67ef19849ce42ec68447928e,market_control,kw,0,1,kw_control,1,5.0,0.5833333333333333,based on how i want to do the allocation,No clear justification,0,-0.10112948304054419,-0.05101403594573973,2,0.747285608713868,0.22682194287474444,0.02589244841138765
market_control::kw::67ef271a077b57be115e4a24,67ef271a077b57be115e4a24,market_control,kw,0,1,kw_control,2,10.0,0.1666666666666666,"I chose to transfer $2 because the initial allocation granted me the full $12, and I believe in retaining what I was given. However, giving the other participant a small amount prevents a zero sum outcome and is a minor concession to fairness, which ensures cooperation without sacrificing the majority of my allocated funds.",Self-interest,3,0.035492096109786445,-0.09620122299106279,4,0.7348240386038116,0.24112598057838544,0.024049980817803
market_control::kw::680d2af1cec0860b4f0f3fad,680d2af1cec0860b4f0f3fad,market_control,kw,0,1,kw_control,1,6.0,0.5,We each made the same - fair is fair,Moral,1,-0.6276599651279458,1.5059605338930302,4,0.7195747411451292,0.15691803764536225,0.12350722120950856
market_control::kw::68123a73ba06c472ccd5edb8,68123a73ba06c472ccd5edb8,market_control,kw,0,1,kw_control,1,5.0,0.5833333333333333,To practice generosity towards another person.,Moral,1,0.035492096109786445,-0.09620122299106279,4,0.7348240386038116,0.24112598057838544,0.024049980817803
market_control::kw::6813fb6e6bf8c3d60d489aa4,6813fb6e6bf8c3d60d489aa4,market_control,kw,0,1,kw_control,1,7.0,0.4166666666666666,because I would not want to leave the other person without anything but I also didn't want to give them the larger bulk of money,Moral,1,0.7234804667959527,-0.08303830320225501,4,0.6601106837385211,0.31913021086148324,0.02075910539999561
market_control::kw::6818e359bac0edc6d7967947,6818e359bac0edc6d7967947,market_control,kw,0,1,kw_control,1,6.0,0.5,The other person is (presumably) spending an equal amount of time and energy on this task. It is the fair and right thing to do.,Moral,1,0.035492096109786445,-0.09620122299106279,4,0.7348240386038116,0.24112598057838544,0.024049980817803
market_control::kw::6824fd5f12b792fdaec9b2be,6824fd5f12b792fdaec9b2be,market_control,kw,0,1,kw_control,2,3.0,0.75,"I chose to transfer $9 because the initial split (me $12, other $0) felt unbalanced, and I wanted to correct that while still keeping a little for myself.",Moral,1,0.035492096109786445,-0.09620122299106279,4,0.7348240386038116,0.24112598057838544,0.024049980817803
market_control::kw::682873b45f6f878f3e09f079,682873b45f6f878f3e09f079,market_control,kw,0,1,kw_control,1,7.0,0.4166666666666666,"It a tansfer to someone I don’t know and will never meet, but I want then to get a meaningful reward from this study",Moral,1,0.035492096109786445,-0.09620122299106279,4,0.7348240386038116,0.24112598057838544,0.024049980817803
market_control::kw::682ce81464477d02bf7e7fd0,682ce81464477d02bf7e7fd0,market_control,kw,0,1,kw_control,1,6.0,0.5,"I feel that I should do for others what I expect them to do for me. If the situation was reversed, I would expect the other party to transfer a good amount to me. I also want fairness.",Moral,1,0.035492096109786445,-0.09620122299106279,4,0.7348240386038116,0.24112598057838544,0.024049980817803
market_control::kw::6848926c273c09f28311df5c,6848926c273c09f28311df5c,market_control,kw,0,1,kw_control,2,8.0,0.3333333333333333,I chose that amount because it feels fair to share something while still keeping enough of the original allocation. It reflects how I try to balance generosity with practical limits in real situations.,Moral,1,-0.18857858658312898,0.8159446417884466,3,0.7288992627058608,0.21053110997781643,0.060569627316322816
market_control::kw::68729361bee62f6a3fb232ec,68729361bee62f6a3fb232ec,market_control,kw,0,1,kw_control,1,8.0,0.3333333333333333,"Well, I just felt like being greedy at this point. A situation making use of my superiority. Or could it be greed??",Self-interest,3,0.035492096109786445,-0.09620122299106279,4,0.7348240386038116,0.24112598057838544,0.024049980817803
market_control::kw::6877bdcaf946816818814ec3,6877bdcaf946816818814ec3,market_control,kw,0,1,kw_control,1,10.0,0.1666666666666666,"Just so they have a share, si far 5hey were given just 0$",Moral,1,-0.1408640495161301,-0.05411734619990676,2,0.7511431125319626,0.22282099075970763,0.026035896708329672
market_control::kw::68a6dc664cd3d2a30d5b5a24,68a6dc664cd3d2a30d5b5a24,market_control,kw,0,1,kw_control,1,9.0,0.25,"I FEEL LIKE THEY SHOULD GET SOMETHING, A TOKEN AMOUNT. BUT I WOULD LIKE THE MAJORITY OF THE MONEY SO A 70-ISH % FOR ME SEEMS FAIR",Moral,1,0.2383852481652708,-0.019197454319884847,1,0.7128710650642286,0.2623504058982448,0.02477852903752663
market_control::kw::68d9960ec20e19f6f624fb83,68d9960ec20e19f6f624fb83,market_control,kw,0,1,kw_control,1,9.0,0.25,I offered $3 because I wanted to share some of my allocation.,Moral,1,-0.19474250282503003,-0.07816156922751266,3,0.7567179274067074,0.21755424288361602,0.02572782970967654
market_control::kw::68ff34118d155f3c126368d4,68ff34118d155f3c126368d4,market_control,kw,0,1,kw_control,1,6.0,0.5,This simply seems like a fair allocation.,Moral,1,0.7234804667959527,-0.08303830320225501,4,0.6601106837385211,0.31913021086148324,0.02075910539999561
market_control::kw::691248ae869389d0f017a135,691248ae869389d0f017a135,market_control,kw,0,1,kw_control,2,6.0,0.5,"I feel like this is fair, we had no choice in who got $12 and who got $0. The fair thing to do is split it.",Moral,1,0.035492096109786445,-0.09620122299106279,4,0.7348240386038116,0.24112598057838544,0.024049980817803
market_control::kw::6929d6581f54fd39c4c59891,6929d6581f54fd39c4c59891,market_control,kw,0,1,kw_control,1,0.0,1.0,I chose to give all $12 to my match because I feel like they might need it or benefit from it more than I do and it's not a really big amount that I'd feel bad about losing for myself.,Moral,1,0.035492096109786445,-0.09620122299106279,4,0.7348240386038116,0.24112598057838544,0.024049980817803
market_control::kw::692f63e0732ec758dc04cd49,692f63e0732ec758dc04cd49,market_control,kw,0,1,kw_control,1,6.0,0.5,Equality. It's the right thing to do.,Moral,1,0.7234804667959527,-0.08303830320225501,4,0.6601106837385211,0.31913021086148324,0.02075910539999561
control_kwlt::543e5938fdf99b73557f2136,543e5938fdf99b73557f2136,control_kwlt,lt,0,0,lt_control,1,6.0,0.5,It felt the fairest,Moral,1,0.23611792323306724,-0.007750526821043635,1,0.6484058389618463,0.32702533097915953,0.02456883005899412
control_kwlt::54f844c0fdf99b2bd032e149,54f844c0fdf99b2bd032e149,control_kwlt,lt,0,0,lt_control,2,6.0,0.5,"Again, the funds were allocated at random and/or as a windfall, so nobody is 'entitled' to anything. The only fair outcome is a fair outcome - everyone ends with the same amount.",Moral,1,-0.2937265868407035,-0.04414309944299319,3,0.7270089158503146,0.24614332647722914,0.026847757672456285
control_kwlt::55999e94fdf99b37246adab5,55999e94fdf99b37246adab5,control_kwlt,lt,0,0,lt_control,1,6.0,0.5,i didnt want them to miss out but i dont know them so didnt want to give more,Self-interest,3,-0.0617136494751363,-0.050676529070690035,4,0.6938059520656559,0.28085585526866186,0.025338192665682248
control_kwlt::55cf6a7b34e9060005e56ca2,55cf6a7b34e9060005e56ca2,control_kwlt,lt,0,0,lt_control,2,5.5,0.5416666666666667,Seemed fair,Moral,1,-0.06145404081055491,-0.03178165476072698,2,0.693409797223655,0.2807834826973948,0.025806720078950227
control_kwlt::55e9aa1c735c45001043fbb6,55e9aa1c735c45001043fbb6,control_kwlt,lt,0,0,lt_control,2,10.0,0.1666666666666666,We both have 6 now,Moral,1,-0.4294591868289597,-0.04038152156795794,3,0.7456166311746436,0.22667347524940568,0.027709893575950682
control_kwlt::561f684fed6e5a000dc7e878,561f684fed6e5a000dc7e878,control_kwlt,lt,0,0,lt_control,2,7.5,0.375,I wouldn't give more than half,Self-interest,3,0.590029739940387,-0.02156818250944031,2,0.5941371097641254,0.38381927697070706,0.022043613265167624
control_kwlt::56610c81b018d100126e5da9,56610c81b018d100126e5da9,control_kwlt,lt,0,0,lt_control,1,10.0,0.1666666666666666,I chose this option because this would come to an equal distribution between the 2 of us.,Moral,1,-0.06145404081055491,-0.03178165476072698,2,0.693409797223655,0.2807834826973948,0.025806720078950227
control_kwlt::56a1ed56e1e5a6000c8fbe33,56a1ed56e1e5a6000c8fbe33,control_kwlt,lt,0,0,lt_control,1,8.0,0.3333333333333333,I'm just keeping it as it was. I'm normally all about sharing and fairness but I've had a bad week so I'm not feeling as generous as I usually would,Self-interest,3,-0.06145404081055491,-0.03178165476072698,2,0.693409797223655,0.2807834826973948,0.025806720078950227
control_kwlt::56a93b0a402025000bd62f17,56a93b0a402025000bd62f17,control_kwlt,lt,0,0,lt_control,2,8.0,0.3333333333333333,I wouldn't give someone I don't know some of my money but wouldn't take any money from them,Self-interest,3,0.31909138758393263,-0.04632235777753479,4,0.6363830781276004,0.3404559467775654,0.02316097509483422
control_kwlt::56c81007ba8e37000d7b211e,56c81007ba8e37000d7b211e,control_kwlt,lt,0,0,lt_control,1,7.0,0.4166666666666666,I think it’s fair they had some more,Moral,1,-0.06171364947513633,-0.05067652907069,4,0.6938059520656559,0.28085585526866186,0.025338192665682248
control_kwlt::5731d20d5b8b0600107d1995,5731d20d5b8b0600107d1995,control_kwlt,lt,0,0,lt_control,2,7.0,0.4166666666666666,We both should have some but I would like a little more,Self-interest,3,-0.06171364947513633,-0.05067652907069,4,0.6938059520656559,0.28085585526866186,0.025338192665682248
control_kwlt::57a3de9ddcff7d0001c7d35a,57a3de9ddcff7d0001c7d35a,control_kwlt,lt,0,0,lt_control,1,6.0,0.5,"I thought it was fair, neither of us chose the allocations, taking money wasn't an option but making things equal seemed the best choice",Moral,1,0.6974165068802903,-0.041918484913020464,4,0.5777441953137519,0.4012970549122865,0.020958749773961633
control_kwlt::57a78015454e5400015f57ec,57a78015454e5400015f57ec,control_kwlt,lt,0,0,lt_control,1,6.0,0.5,I want to reduce the imbalance between both of us. If the world adopted that approach it would make the world a much happier place.,Moral,1,-0.06145404081055491,-0.03178165476072698,2,0.693409797223655,0.2807834826973948,0.025806720078950227
control_kwlt::5815a5f000b325000184db51,5815a5f000b325000184db51,control_kwlt,lt,0,0,lt_control,1,7.0,0.4166666666666666,Torn between evening things up and the fact that I would be losing out to someone I don't even know exists. So split the difference between 0 and 2,Self-interest,3,-0.06171364947513633,-0.05067652907069,4,0.6938059520656559,0.28085585526866186,0.025338192665682248
control_kwlt::58174d95a22f0f0001a3f0be,58174d95a22f0f0001a3f0be,control_kwlt,lt,0,0,lt_control,1,8.0,0.3333333333333333,"I decided I wanted to be content with what I had and not take any money from the other participant, nor be generous and give any away as I need it",Self-interest,3,-0.0617136494751363,-0.050676529070690035,4,0.6938059520656559,0.28085585526866186,0.025338192665682248
control_kwlt::5841a2d39d65770001cebfa1,5841a2d39d65770001cebfa1,control_kwlt,lt,0,0,lt_control,1,6.0,0.5,"this means we both have the same amount, which is fair",Moral,1,0.31909138758393263,-0.04632235777753479,4,0.6363830781276004,0.3404559467775654,0.02316097509483422
control_kwlt::589fc07f1521230001ebf494,589fc07f1521230001ebf494,control_kwlt,lt,0,0,lt_control,1,12.0,0.0,"why not? I'm here to make money, and if this maximizes my income, of course I'm going to do it.",Self-interest,3,0.31909138758393274,-0.04632235777753479,4,0.6363830781276004,0.3404559467775654,0.02316097509483422
control_kwlt::58e4193733ae3700012735e5,58e4193733ae3700012735e5,control_kwlt,lt,0,0,lt_control,2,6.0,0.5,Then we have the same amount again,Moral,1,0.1683230347431761,-0.03886078796577347,3,0.6592451239606861,0.31650686138476325,0.02424801465455068
control_kwlt::590a361371adfd000150e4c2,590a361371adfd000150e4c2,control_kwlt,lt,0,0,lt_control,2,8.0,0.3333333333333333,I feel like keeping the money for myself,Self-interest,3,0.16832303474317606,-0.03886078796577347,3,0.6592451239606861,0.31650686138476325,0.02424801465455068
control_kwlt::5937fa89d3501e0001bc077b,5937fa89d3501e0001bc077b,control_kwlt,lt,0,0,lt_control,1,2.5,0.7916666666666666,didn't want to appear cruel,Moral,1,-0.028527228060907024,-0.01714256206145264,1,0.6882857048777671,0.28573775013476477,0.025976544987468205
control_kwlt::5944e8d4d8d2690001d0a6fa,5944e8d4d8d2690001d0a6fa,control_kwlt,lt,0,0,lt_control,1,6.0,0.5,we both now have $6 and are equal. I'm not greedy and like to share,Moral,1,-0.012195746195124967,-0.019569750495561946,2,0.6859207616156298,0.28826327161138676,0.025815966772983624
control_kwlt::5953acc10dd7710001aec19e,5953acc10dd7710001aec19e,control_kwlt,lt,0,0,lt_control,1,6.0,0.5,it was the half way point between being magnanimous and being mean,Moral,1,0.23611792323306724,-0.007750526821043635,1,0.6484058389618463,0.32702533097915953,0.02456883005899412
control_kwlt::59692d61355b45000106c592,59692d61355b45000106c592,control_kwlt,lt,0,0,lt_control,2,7.0,0.4166666666666666,"I felt that I should give some as the other participant had been given less and this felt unfair,",Moral,1,0.1683230347431761,-0.03886078796577347,3,0.6592451239606861,0.31650686138476325,0.02424801465455068
control_kwlt::596ba5ec6956b40001c59bf4,596ba5ec6956b40001c59bf4,control_kwlt,lt,0,0,lt_control,1,6.0,0.5,I didn’t want to take away from the other participant and I didn’t want to give them nothing as I have been allocated more,Moral,1,-0.06171364947513633,-0.05067652907069,4,0.6938059520656559,0.28085585526866186,0.025338192665682248
control_kwlt::596e7593b174180001756f23,596e7593b174180001756f23,control_kwlt,lt,0,0,lt_control,1,6.0,0.5,"It is fair. We are both doing the same study, so why should I benefit more than the other person. I would be annoyed if someone got more than me for doing the same thing.",Moral,1,-0.06171364947513633,-0.05067652907069,4,0.6938059520656559,0.28085585526866186,0.025338192665682248
control_kwlt::5978828cae36d500016ca8b9,5978828cae36d500016ca8b9,control_kwlt,lt,0,0,lt_control,2,6.0,0.5,"I wanted us to have equal awards, as I wish that others would make this same judgement if it affected me.",Moral,1,-0.0617136494751363,-0.050676529070690035,4,0.6938059520656559,0.28085585526866186,0.025338192665682248
control_kwlt::5979d62b1fc28a000191759a,5979d62b1fc28a000191759a,control_kwlt,lt,0,0,lt_control,2,8.0,0.3333333333333333,"Being reasonable, if a little selfish",Moral,1,0.3899737060240676,-0.01564479442783766,2,0.6249817557512729,0.35159751489062746,0.023420729358099586
control_kwlt::599dacb43c7d1a0001deef97,599dacb43c7d1a0001deef97,control_kwlt,lt,0,0,lt_control,1,6.0,0.5,fairness. both now have the same amount.,Moral,1,0.35680540695951446,-0.03216206362779759,3,0.6303571645305273,0.3463919393489349,0.023250896120537844
control_kwlt::59d264e2faf42e00012b6cba,59d264e2faf42e00012b6cba,control_kwlt,lt,0,0,lt_control,2,6.0,0.5,"I did not want to take money from the other participant as that felt selfish, but was willing to share a small proportion of my allocation to make us more even.",Moral,1,-0.06171364947513633,-0.05067652907069,4,0.6938059520656559,0.28085585526866186,0.025338192665682248
control_kwlt::59d37a45f7b7a00001198315,59d37a45f7b7a00001198315,control_kwlt,lt,0,0,lt_control,1,4.0,0.6666666666666667,"because that makes it fair, and I have been taught to be kind",Moral,1,-0.2545043127786113,-0.04126187975682976,3,0.7214308112126578,0.2518708562066857,0.026698332580656493
control_kwlt::59dc80b77f3d71000171d3c8,59dc80b77f3d71000171d3c8,control_kwlt,lt,0,0,lt_control,2,6.0,0.5,"Similar to the last question - no information was provided suggesting I or the other party were more/less deserving, so i felt it was important to aim for equality in the outcomes",Moral,1,0.31909138758393263,-0.04632235777753479,4,0.6363830781276004,0.3404559467775654,0.02316097509483422
control_kwlt::59dc8c1b24d7bf00012f099f,59dc8c1b24d7bf00012f099f,control_kwlt,lt,0,0,lt_control,2,6.0,0.5,we then have an equal amount each,Moral,1,-0.2545043127786113,-0.04126187975682976,3,0.7214308112126578,0.2518708562066857,0.026698332580656493
control_kwlt::59e60f9a3e4b5a00016aa0cd,59e60f9a3e4b5a00016aa0cd,control_kwlt,lt,0,0,lt_control,1,2.0,0.8333333333333334,"It is important to reward someone who carries out work on my behalf in an honest, trustworthy and timely manner.",Moral,1,-0.24967046032542345,-0.012448044664391925,1,0.7201579966200553,0.2524141807839747,0.027427822595970007
control_kwlt::59e8502b7f3d71000171df0a,59e8502b7f3d71000171df0a,control_kwlt,lt,0,0,lt_control,1,6.0,0.5,I thought it was the right thing to do to share the money equally.,Moral,1,0.31909138758393263,-0.04632235777753479,4,0.6363830781276004,0.3404559467775654,0.02316097509483422
control_kwlt::59e9d2c6c0d35a0001295448,59e9d2c6c0d35a0001295448,control_kwlt,lt,0,0,lt_control,1,4.0,0.6666666666666667,We should both get the same allocation for the same effort,Moral,1,-0.4432262087428174,0.413896544207793,4,0.7353339905215043,0.22161279241119422,0.04305321706730151
control_kwlt::59edc2c816ecc200016ff9cc,59edc2c816ecc200016ff9cc,control_kwlt,lt,0,0,lt_control,2,4.0,0.6666666666666667,I thought it would be fair if we both had the same amount of money.,Moral,1,-0.0617136494751363,-0.050676529070690035,4,0.6938059520656559,0.28085585526866186,0.025338192665682248
control_kwlt::59fd4a71f5b5a3000139379c,59fd4a71f5b5a3000139379c,control_kwlt,lt,0,0,lt_control,1,4.0,0.6666666666666667,I didn't mind giving half as I had no attachment to the money,Moral,1,-0.028527228060907024,-0.01714256206145264,1,0.6882857048777671,0.28573775013476477,0.025976544987468205
control_kwlt::5a00e6da120fb300019480b3,5a00e6da120fb300019480b3,control_kwlt,lt,0,0,lt_control,2,6.0,0.5,BECAUSE WE THEN HAVE AN EQUAL SHARE WHICH IS FAIR,Moral,1,-0.4432262087428174,0.413896544207793,4,0.7353339905215043,0.22161279241119422,0.04305321706730151
control_kwlt::5a4e26a8f4c9dc0001b7a1b5,5a4e26a8f4c9dc0001b7a1b5,control_kwlt,lt,0,0,lt_control,2,8.0,0.3333333333333333,I chose to transfer nothing because the participant already has an amount,Self-interest,3,0.31909138758393263,-0.04632235777753479,4,0.6363830781276004,0.3404559467775654,0.02316097509483422
control_kwlt::5a6f51ec46f0230001ce445f,5a6f51ec46f0230001ce445f,control_kwlt,lt,0,0,lt_control,2,4.0,0.6666666666666667,Being fair,Moral,1,0.31909138758393263,-0.04632235777753479,4,0.6363830781276004,0.3404559467775654,0.02316097509483422
control_kwlt::5a7c5a98eea3d300016e1d1e,5a7c5a98eea3d300016e1d1e,control_kwlt,lt,0,0,lt_control,1,5.0,0.5833333333333333,good pricing,No clear justification,0,0.20449895445842886,-0.024520849112612122,2,0.6535079475081452,0.3221259540516671,0.02436609844018762
control_kwlt::5a8e54c9f49c9a0001f3dc3f,5a8e54c9f49c9a0001f3dc3f,control_kwlt,lt,0,0,lt_control,2,6.0,0.5,I would give them 2 dollars so that in the end we would both end up with the same amount. I just think this is the fairest option.,Moral,1,-0.2545043127786113,-0.04126187975682976,3,0.7214308112126578,0.2518708562066857,0.026698332580656493
control_kwlt::5a9a24ccb5e2110001c6c391,5a9a24ccb5e2110001c6c391,control_kwlt,lt,0,0,lt_control,1,4.0,0.6666666666666667,Because it is half of my money.,Moral,1,0.13391676697141447,0.4352613380259654,3,0.6538570836438568,0.30747085837019655,0.03867205798594665
control_kwlt::5acb4bac9534ba0001c780aa,5acb4bac9534ba0001c780aa,control_kwlt,lt,0,0,lt_control,1,6.5,0.4583333333333333,I wanted to keep more for myself but felt too selfish to keep all of it or take some away from them so gave them a small amount,Moral,1,-0.4482373615614157,-0.05485113130401024,4,0.7484564738128856,0.2241181293459907,0.027425396841123665
control_kwlt::5acc2d21436f550001003111,5acc2d21436f550001003111,control_kwlt,lt,0,0,lt_control,1,6.0,0.5,to make it even,Moral,1,0.35001768983694315,-0.030179754516424233,3,0.6313675806658176,0.34529477225990646,0.023337647074276043
control_kwlt::5ad9b1111771b700010a0f1a,5ad9b1111771b700010a0f1a,control_kwlt,lt,0,0,lt_control,2,6.0,0.5,If I give the other person then we both get $6 each - this is the fairest option as we both have the same amount of money,Moral,1,-0.06171364947513633,-0.05067652907069,4,0.6938059520656559,0.28085585526866186,0.025338192665682248
control_kwlt::5aed87e375deca0001627011,5aed87e375deca0001627011,control_kwlt,lt,0,0,lt_control,2,6.0,0.5,I felt it fairer to give them an equal share of the total allocation on this occasion,Moral,1,-0.2545043127786113,-0.04126187975682976,3,0.7214308112126578,0.2518708562066857,0.026698332580656493
control_kwlt::5af15fc9e1b5b8000148a99d,5af15fc9e1b5b8000148a99d,control_kwlt,lt,0,0,lt_control,2,6.0,0.5,because i already have 8 and the other participant has 4 if i give another 2 be fair then,Moral,1,-0.2545043127786113,-0.04126187975682976,3,0.7214308112126578,0.2518708562066857,0.026698332580656493
control_kwlt::5af36fff59229a0001d1bd6a,5af36fff59229a0001d1bd6a,control_kwlt,lt,0,0,lt_control,2,8.0,0.3333333333333333,"I didn't feel that they were needy since they had something to start with, even if less than what I had.",Moral,1,0.20449895445842886,-0.024520849112612122,2,0.6535079475081452,0.3221259540516671,0.02436609844018762
control_kwlt::5af4579eb625f70001e0cfad,5af4579eb625f70001e0cfad,control_kwlt,lt,0,0,lt_control,2,6.0,0.5,It makes it equal,Moral,1,-0.06145404081055491,-0.03178165476072698,2,0.693409797223655,0.2807834826973948,0.025806720078950227
control_kwlt::5afd6d5b56fe2c0001690178,5afd6d5b56fe2c0001690178,control_kwlt,lt,0,0,lt_control,2,6.0,0.5,To make us have equal amounts.,Moral,1,0.31909138758393263,-0.04632235777753479,4,0.6363830781276004,0.3404559467775654,0.02316097509483422
control_kwlt::5b0d39f4641b1200010ef716,5b0d39f4641b1200010ef716,control_kwlt,lt,0,0,lt_control,2,5.5,0.5416666666666667,It doesn't seem fair to take money from the other participant but I do still need the greater amount so I gave them a small amount,Moral,1,0.1649310650813343,-0.02655566432816287,2,0.6595412221690814,0.31589771968048086,0.02456105815043769
control_kwlt::5b2405d534ffd00001b41156,5b2405d534ffd00001b41156,control_kwlt,lt,0,0,lt_control,2,6.0,0.5,Again it would be so that it is fair between us,Moral,1,-0.2343591818712162,-0.024618624461794542,2,0.7182400195448464,0.25474422240125416,0.027015758053899438
control_kwlt::5b5523d6d8348500012cfccf,5b5523d6d8348500012cfccf,control_kwlt,lt,0,0,lt_control,1,6.0,0.5,Because I think it will be fairer for both of us,Moral,1,0.1683230347431761,-0.03886078796577347,3,0.6592451239606861,0.31650686138476325,0.02424801465455068
control_kwlt::5b60d0396187040001b252f6,5b60d0396187040001b252f6,control_kwlt,lt,0,0,lt_control,1,6.0,0.5,Because I feel I am a fair person and this way it is equal.,Moral,1,-0.4482373615614157,-0.05485113130401024,4,0.7484564738128856,0.2241181293459907,0.027425396841123665
control_kwlt::5b60ddcc6b25590001782ce4,5b60ddcc6b25590001782ce4,control_kwlt,lt,0,0,lt_control,1,12.0,0.0,"At first I was going to leave it neutral at 0 dollars. However, analyzing why someone might be doing Prolific might mean their financial status isn't all too high. By this logic, I surmised that if they saw I was given 8 dollars, they might try and take 4 dollars from me or more to even the amount. So I will be taking 4 dollars from them to offset the amount they might take from me.",Self-interest,3,-0.2937265868407035,-0.04414309944299319,3,0.7270089158503146,0.24614332647722914,0.026847757672456285
control_kwlt::5b646a727c39ee00010a18b0,5b646a727c39ee00010a18b0,control_kwlt,lt,0,0,lt_control,1,6.0,0.5,i chose this option to keep it equal,Moral,1,-0.06145404081055491,-0.03178165476072698,2,0.693409797223655,0.2807834826973948,0.025806720078950227
control_kwlt::5b7535d184850400011a07b8,5b7535d184850400011a07b8,control_kwlt,lt,0,0,lt_control,2,4.0,0.6666666666666667,I like to share equally,Moral,1,0.31909138758393263,-0.04632235777753479,4,0.6363830781276004,0.3404559467775654,0.02316097509483422
control_kwlt::5b75ac687dc4b00001af4e50,5b75ac687dc4b00001af4e50,control_kwlt,lt,0,0,lt_control,1,6.0,0.5,Its the fairest split with 6.00 each,Moral,1,-0.43292701882826806,-0.03844273107017893,3,0.7460435092734893,0.22617513582291215,0.027781354903598565
control_kwlt::5b91755520257e0001ab1a0b,5b91755520257e0001ab1a0b,control_kwlt,lt,0,0,lt_control,2,8.0,0.3333333333333333,it is mine,Self-interest,3,0.20728214085851063,0.4608448768739449,2,0.6423211975706404,0.31876239439532106,0.03891640803403837
control_kwlt::5bad656fb4bc6e0001c1709e,5bad656fb4bc6e0001c1709e,control_kwlt,lt,0,0,lt_control,2,6.0,0.5,I think it is fair to remain equal,Moral,1,0.31909138758393263,-0.04632235777753479,4,0.6363830781276004,0.3404559467775654,0.02316097509483422
control_kwlt::5bbdea3d8f3bd70001e77572,5bbdea3d8f3bd70001e77572,control_kwlt,lt,0,0,lt_control,1,10.0,0.1666666666666666,To have a net gain without taking all the money from the other person,Self-interest,3,-0.2937265868407035,-0.04414309944299319,3,0.7270089158503146,0.24614332647722914,0.026847757672456285
control_kwlt::5bdabcdaf43c390001f438e4,5bdabcdaf43c390001f438e4,control_kwlt,lt,0,0,lt_control,1,7.0,0.4166666666666666,I wanted to be kind but $4 or more seemed to much considering how much I had,Moral,1,-0.06171364947513633,-0.05067652907069,4,0.6938059520656559,0.28085585526866186,0.025338192665682248
control_kwlt::5c14e1972b16ba0001c94560,5c14e1972b16ba0001c94560,control_kwlt,lt,0,0,lt_control,2,6.0,0.5,We have the same amount now.,Moral,1,-0.4294591868289597,-0.04038152156795794,3,0.7456166311746436,0.22667347524940568,0.027709893575950682
control_kwlt::5c2fd16fda51990001e49de9,5c2fd16fda51990001e49de9,control_kwlt,lt,0,0,lt_control,1,6.0,0.5,On considering the options I decided this was the fairest.,Moral,1,0.1683230347431761,-0.03886078796577347,3,0.6592451239606861,0.31650686138476325,0.02424801465455068
control_kwlt::5c31870d8a20f50001ea9dfa,5c31870d8a20f50001ea9dfa,control_kwlt,lt,0,0,lt_control,2,8.0,0.3333333333333333,I don't know the person and don't feel any compulsion to send them more money,Self-interest,3,-0.0617136494751363,-0.050676529070690035,4,0.6938059520656559,0.28085585526866186,0.025338192665682248
control_kwlt::5c42f9388bb6fd000163d1b4,5c42f9388bb6fd000163d1b4,control_kwlt,lt,0,0,lt_control,2,7.0,0.4166666666666666,"Well, the -4 option made me feel guilty and think about how some people are greedy. So as a gesture and make me feel better, I sent a symbolic sum.",Moral,1,-0.0617136494751363,-0.050676529070690035,4,0.6938059520656559,0.28085585526866186,0.025338192665682248
control_kwlt::5c44a3c7d511190001151268,5c44a3c7d511190001151268,control_kwlt,lt,0,0,lt_control,1,7.0,0.4166666666666666,"It leaves me with slightly more, but also gives me the feeling that I've done something to even up the scales a bit",Moral,1,0.31909138758393263,-0.04632235777753479,4,0.6363830781276004,0.3404559467775654,0.02316097509483422
control_kwlt::5c4cdcb14cb4630001ec4955,5c4cdcb14cb4630001ec4955,control_kwlt,lt,0,0,lt_control,1,6.0,0.5,Because it seems the fairest way of behaving,Moral,1,0.1683230347431761,-0.03886078796577347,3,0.6592451239606861,0.31650686138476325,0.02424801465455068
control_kwlt::5c5099e98ac59200014d0c2c,5c5099e98ac59200014d0c2c,control_kwlt,lt,0,0,lt_control,1,6.0,0.5,"It seems to be the most fair, as it will put us both at equal amounts on money.",Moral,1,0.31909138758393246,-0.04632235777753479,4,0.6363830781276004,0.34045594677756535,0.02316097509483422
control_kwlt::5c55faafb571e7000119e576,5c55faafb571e7000119e576,control_kwlt,lt,0,0,lt_control,1,6.0,0.5,I think its fair because we both get the same amount,Moral,1,0.31909138758393263,-0.04632235777753479,4,0.6363830781276004,0.3404559467775654,0.02316097509483422
control_kwlt::5c561712f9120f0001d29c4d,5c561712f9120f0001d29c4d,control_kwlt,lt,0,0,lt_control,2,6.5,0.4583333333333333,It felt fair that they had the same or almost the same as me,Moral,1,-0.4482373615614157,-0.05485113130401024,4,0.7484564738128856,0.2241181293459907,0.027425396841123665
control_kwlt::5c59836a192d350001d5afbd,5c59836a192d350001d5afbd,control_kwlt,lt,0,0,lt_control,2,12.0,0.0,"I would like to allocate the lowest amount possible - $4 - ideally this would be less, but the slider would not let me select lower. this is unfair as the other participant now has more money than me.",Self-interest,3,0.741217953446256,-0.026090718939392372,3,0.5706975914045836,0.40828684618948197,0.021015562405934413
control_kwlt::5c65b3d45416680001bed9fa,5c65b3d45416680001bed9fa,control_kwlt,lt,0,0,lt_control,2,4.0,0.6666666666666667,"Again to share the wealth, I am not to greedy a person.",Moral,1,0.23611792323306724,-0.007750526821043635,1,0.6484058389618463,0.32702533097915953,0.02456883005899412
control_kwlt::5c66e7af348487000178de1f,5c66e7af348487000178de1f,control_kwlt,lt,0,0,lt_control,1,4.0,0.6666666666666667,Based on the premise of the study i want my matched partner to be equally compensated,Moral,1,0.13391676697141447,0.4352613380259654,3,0.6538570836438568,0.30747085837019655,0.03867205798594665
control_kwlt::5c674a8f58b97400013b2b34,5c674a8f58b97400013b2b34,control_kwlt,lt,0,0,lt_control,1,6.0,0.5,To be fair. We both should have the same amount of money.,Moral,1,0.3245894122174884,0.4268860967263982,4,0.6257356478853578,0.33770697425361357,0.03655737786102861
control_kwlt::5c707aa503f85b0001af8c7b,5c707aa503f85b0001af8c7b,control_kwlt,lt,0,0,lt_control,2,8.0,0.3333333333333333,They were already allocated an amount so they received something and I received an amount.,No clear justification,0,-0.06171364947513633,-0.05067652907069,4,0.6938059520656559,0.28085585526866186,0.025338192665682248
control_kwlt::5c7288f41384ee000111604a,5c7288f41384ee000111604a,control_kwlt,lt,0,0,lt_control,1,6.0,0.5,because then it makes it fair as we both have 2 dollars,Moral,1,0.31909138758393246,-0.04632235777753479,4,0.6363830781276004,0.34045594677756535,0.02316097509483422
control_kwlt::5c730ca1f674750001df8d09,5c730ca1f674750001df8d09,control_kwlt,lt,0,0,lt_control,2,7.0,0.4166666666666666,They already got something and I wanted to keep some for myself.,Self-interest,3,0.31909138758393263,-0.04632235777753479,4,0.6363830781276004,0.3404559467775654,0.02316097509483422
control_kwlt::5c765990f33ac60016b7b2a1,5c765990f33ac60016b7b2a1,control_kwlt,lt,0,0,lt_control,2,6.0,0.5,"Again, I think putting it in the middle is the best and fair thing to do",Moral,1,-0.0617136494751363,-0.050676529070690035,4,0.6938059520656559,0.28085585526866186,0.025338192665682248
control_kwlt::5c7700692ceba0001668a988,5c7700692ceba0001668a988,control_kwlt,lt,0,0,lt_control,2,6.0,0.5,Equal partnership in the test,Moral,1,-0.43292701882826806,-0.03844273107017893,3,0.7460435092734893,0.22617513582291215,0.027781354903598565
control_kwlt::5c8406438d2bbf0017e4a416,5c8406438d2bbf0017e4a416,control_kwlt,lt,0,0,lt_control,2,6.0,0.5,to provide both with the same amount of funds,Moral,1,0.31909138758393263,-0.04632235777753479,4,0.6363830781276004,0.3404559467775654,0.02316097509483422
control_kwlt::5c85423f39b9760017938311,5c85423f39b9760017938311,control_kwlt,lt,0,0,lt_control,2,6.0,0.5,It’s a fair allocation,Moral,1,0.4054740095870525,-0.030701425204067857,2,0.6228409042535668,0.3541748127790127,0.02298428296742061
control_kwlt::5c8e48e9a50921001771de98,5c8e48e9a50921001771de98,control_kwlt,lt,0,0,lt_control,1,12.0,0.0,I am completing the survey genuinely but also to receive payment for my responses,Self-interest,3,0.45529353991083044,-0.01656539350664291,1,0.614924508535583,0.3620835971422254,0.022991894322191578
control_kwlt::5ca345b1506fca0016b358bb,5ca345b1506fca0016b358bb,control_kwlt,lt,0,0,lt_control,1,6.0,0.5,It seems fair that we each have the same amount.,Moral,1,-0.2545043127786113,-0.04126187975682976,3,0.7214308112126578,0.2518708562066857,0.026698332580656493
control_kwlt::5ca6bbf13b5fcf00100996e9,5ca6bbf13b5fcf00100996e9,control_kwlt,lt,0,0,lt_control,1,8.0,0.3333333333333333,In the hopes the other person is not a prolific person and I get more for me,Self-interest,3,-0.06171364947513633,-0.05067652907069,4,0.6938059520656559,0.28085585526866186,0.025338192665682248
control_kwlt::5ca73fe6bcdcc2001291822d,5ca73fe6bcdcc2001291822d,control_kwlt,lt,0,0,lt_control,2,8.0,0.3333333333333333,It's easier to accept what amount was originally given,No clear justification,0,0.17152355094219582,0.4384521697136668,3,0.6482243380878459,0.3133436321064592,0.0384320298056949
control_kwlt::5cb882d33f0af9000159e00f,5cb882d33f0af9000159e00f,control_kwlt,lt,0,0,lt_control,2,12.0,0.0,I need all the money for pet food and treats. Do you know that this stuff is more expensive then human food.,Self-interest,3,1.075148354909449,-0.03754241901568469,4,0.5187950775596698,0.462434623928064,0.018770298512266238
control_kwlt::5cc1663d56214200010e1ca6,5cc1663d56214200010e1ca6,control_kwlt,lt,0,0,lt_control,2,6.0,0.5,It is fair as we have equal amounts.,Moral,1,0.31909138758393263,-0.04632235777753479,4,0.6363830781276004,0.3404559467775654,0.02316097509483422
control_kwlt::5cc39aa64d7a7f0001817c43,5cc39aa64d7a7f0001817c43,control_kwlt,lt,0,0,lt_control,2,6.0,0.5,Because it's a fair and equal split,Moral,1,0.35001768983694315,-0.030179754516424233,3,0.6313675806658176,0.34529477225990646,0.023337647074276043
control_kwlt::5cc7f52f4bb96d00018a979f,5cc7f52f4bb96d00018a979f,control_kwlt,lt,0,0,lt_control,2,6.0,0.5,we would have the same amount if i transferred 2,Moral,1,-0.06171364947513633,-0.05067652907069,4,0.6938059520656559,0.28085585526866186,0.025338192665682248
control_kwlt::5ccdc8af8866b10015fff794,5ccdc8af8866b10015fff794,control_kwlt,lt,0,0,lt_control,1,8.0,0.3333333333333333,"Personally, although I would love to be able to give more money to the other participant. However, I have to be selfish in this situation: I am currently struggling financially and need to think practically. That being said, having to reflect on the situations prior made me reconsider taking money from the other participant.",Self-interest,3,0.31909138758393263,-0.04632235777753479,4,0.6363830781276004,0.3404559467775654,0.02316097509483422
control_kwlt::5cd6f56d4a405a001747f8bc,5cd6f56d4a405a001747f8bc,control_kwlt,lt,0,0,lt_control,2,12.0,0.0,i still don't believe my 'match' actually exists,Self-interest,3,0.1683230347431761,-0.03886078796577347,3,0.6592451239606861,0.31650686138476325,0.02424801465455068
control_kwlt::5cd9cdd636e33f00194cb6d6,5cd9cdd636e33f00194cb6d6,control_kwlt,lt,0,0,lt_control,2,8.0,0.3333333333333333,I believe this is a fair option as it is neither negative or positive,Moral,1,-0.4432262087428174,0.413896544207793,4,0.7353339905215043,0.22161279241119422,0.04305321706730151
control_kwlt::5cf8318919f4a3001a24221e,5cf8318919f4a3001a24221e,control_kwlt,lt,0,0,lt_control,2,6.0,0.5,It makes us both have the same amount of money. It is fair in a monetary sense,Moral,1,-0.4482373615614157,-0.05485113130401024,4,0.7484564738128856,0.2241181293459907,0.027425396841123665
control_kwlt::5cf8e0107d0e5c00166bc2db,5cf8e0107d0e5c00166bc2db,control_kwlt,lt,0,0,lt_control,1,8.0,0.3333333333333333,Because I felt no reason to donate money to a random participant and then also didn't feel the need to steal money off them,Self-interest,3,-0.06171364947513633,-0.05067652907069,4,0.6938059520656559,0.28085585526866186,0.025338192665682248
control_kwlt::5d0dd940312297000137d2a7,5d0dd940312297000137d2a7,control_kwlt,lt,0,0,lt_control,1,8.0,0.3333333333333333,"After decades of spotless good history, I am now homeless. The management stole most everything I had, and destroyed the rest. I have nothing left, am older, and have no one to help. I am trying to stay out of danger, but sadly I have nothing left, after helping others, and people who who are harmful taking advantage. I need the funds, and any bonus possible. Thank you.",Self-interest,3,-0.06171364947513633,-0.05067652907069,4,0.6938059520656559,0.28085585526866186,0.025338192665682248
control_kwlt::5d14f846fdfbed0001af2673,5d14f846fdfbed0001af2673,control_kwlt,lt,0,0,lt_control,2,6.0,0.5,I believe everyone should be treated equally by giving away two of my dollars this then makes both participants equal. Morally I don't like seeing people treated differently and believe everyone should be treated equally as much as possible.,Moral,1,-0.0617136494751363,-0.050676529070690035,4,0.6938059520656559,0.28085585526866186,0.025338192665682248
control_kwlt::5d192384c1e685001a907257,5d192384c1e685001a907257,control_kwlt,lt,0,0,lt_control,2,6.0,0.5,We are equal people so should have equal amounts,Moral,1,-0.03994212704579946,-0.034355199091691005,3,0.6902958571029703,0.28409049655497925,0.02561364634205055
control_kwlt::5d1b88dd6fb351001b70ae41,5d1b88dd6fb351001b70ae41,control_kwlt,lt,0,0,lt_control,1,6.0,0.5,I felt like it gave us both an equal fair amount,Moral,1,0.31909138758393263,-0.04632235777753479,4,0.6363830781276004,0.3404559467775654,0.02316097509483422
control_kwlt::5d220904ce856a00189aed31,5d220904ce856a00189aed31,control_kwlt,lt,0,0,lt_control,2,6.0,0.5,"This allocation splits the total funds equally, which seems fair to me.",Moral,1,-0.06145404081055491,-0.03178165476072698,2,0.693409797223655,0.2807834826973948,0.025806720078950227
control_kwlt::5d47abcc2dc88900166f27c9,5d47abcc2dc88900166f27c9,control_kwlt,lt,0,0,lt_control,1,6.0,0.5,I chose to equally share the money with the other person so that we both have $6. I don't know the other person or their situation but I would like to think they would do the same for me.,Moral,1,0.31909138758393263,-0.04632235777753479,4,0.6363830781276004,0.3404559467775654,0.02316097509483422
control_kwlt::5d55531c78036a00010362b8,5d55531c78036a00010362b8,control_kwlt,lt,0,0,lt_control,1,5.5,0.5416666666666667,I don't want to take money off them but don't want to give them a lot of the amount. So $2.50 seems a good amount,Self-interest,3,-0.06145404081055491,-0.03178165476072698,2,0.693409797223655,0.2807834826973948,0.025806720078950227
control_kwlt::5d603280c8d0350018a3eacf,5d603280c8d0350018a3eacf,control_kwlt,lt,0,0,lt_control,1,4.0,0.6666666666666667,"I chose this allocation because I wanted the outcome to feel fairer and more balanced between the two of us, rather than keeping all of the initial advantage for myself. I tried to share some of my provisional amount while still making a reasonable decision for both sides",Moral,1,-0.4482373615614157,-0.05485113130401024,4,0.7484564738128856,0.2241181293459907,0.027425396841123665
control_kwlt::5d648fb785633f0019b04570,5d648fb785633f0019b04570,control_kwlt,lt,0,0,lt_control,1,6.0,0.5,Because that seemed the most fair response. We split it evenly.,Moral,1,0.31909138758393263,-0.04632235777753479,4,0.6363830781276004,0.3404559467775654,0.02316097509483422
control_kwlt::5d67a2bf6cd320001a36cb6b,5d67a2bf6cd320001a36cb6b,control_kwlt,lt,0,0,lt_control,2,6.0,0.5,It is fair and builds trust,Moral,1,-0.06171364947513633,-0.05067652907069,4,0.6938059520656559,0.28085585526866186,0.025338192665682248
control_kwlt::5d6c10948cb0f70017b1f7a4,5d6c10948cb0f70017b1f7a4,control_kwlt,lt,0,0,lt_control,2,6.0,0.5,"I wanted us to end up as equal as possible, so I chose to give the other participant $2, which would give each of us $6 in the end.",Moral,1,-0.06171364947513633,-0.05067652907069,4,0.6938059520656559,0.28085585526866186,0.025338192665682248
control_kwlt::5d6d4596d01d750001a7c464,5d6d4596d01d750001a7c464,control_kwlt,lt,0,0,lt_control,2,7.0,0.4166666666666666,I felt bad keeping all the money but didn't feel like I should give them a lot when they already had $4,Moral,1,-0.056366490119837825,0.4202349084585981,4,0.6819338571074661,0.2781823785743296,0.03988376431820422
control_kwlt::5d734121d169f0001706ef8f,5d734121d169f0001706ef8f,control_kwlt,lt,0,0,lt_control,2,6.0,0.5,i was confused how it worked at first. we are splitting it half and half. I like to be giving but also need money.,Moral,1,-0.03462196127303281,-0.015062910351435086,1,0.6891439641149328,0.2847897250202247,0.0260663108648424
control_kwlt::5d8154a847a45600189e8f35,5d8154a847a45600189e8f35,control_kwlt,lt,0,0,lt_control,1,8.0,0.3333333333333333,I don't see why I should give them money!,Self-interest,3,-0.0617136494751363,-0.050676529070690035,4,0.6938059520656559,0.28085585526866186,0.025338192665682248
control_kwlt::5d959376884ef500196d458e,5d959376884ef500196d458e,control_kwlt,lt,0,0,lt_control,2,6.0,0.5,It is fair that we are compensated equally,Moral,1,-0.4482373615614157,-0.05485113130401024,4,0.7484564738128856,0.2241181293459907,0.027425396841123665
control_kwlt::5da9fec949bab300155afb7f,5da9fec949bab300155afb7f,control_kwlt,lt,0,0,lt_control,2,7.5,0.375,no real reason,No clear justification,0,0.19558214904707924,-0.009752151703386499,1,0.654599576173129,0.3206258336389355,0.02477459018793547
control_kwlt::5db1b2202b45640009cfcb36,5db1b2202b45640009cfcb36,control_kwlt,lt,0,0,lt_control,2,6.0,0.5,It seems fair,Moral,1,0.31909138758393274,-0.04632235777753479,4,0.6363830781276004,0.3404559467775654,0.02316097509483422
control_kwlt::5db8a680ba06ed000f3874f3,5db8a680ba06ed000f3874f3,control_kwlt,lt,0,0,lt_control,2,6.0,0.5,I think that is fair that we receive equal money for doing the same thing in this study,Moral,1,0.19790400198000946,-0.022481820946910498,2,0.6544732257241872,0.32107154025215956,0.024455234023653172
control_kwlt::5dbf2635e2fafc3c507f5e06,5dbf2635e2fafc3c507f5e06,control_kwlt,lt,0,0,lt_control,2,8.0,0.3333333333333333,I'd quite like the money for Christmas presents! I didn't want to take from anyone though.,Moral,1,-0.2545043127786113,-0.04126187975682976,3,0.7214308112126578,0.2518708562066857,0.026698332580656493
control_kwlt::5dc474fd45b8f933f16d6241,5dc474fd45b8f933f16d6241,control_kwlt,lt,0,0,lt_control,2,8.0,0.3333333333333333,I dont have the right to take from them and I just kept what I had.,Moral,1,0.35001768983694315,-0.030179754516424233,3,0.6313675806658176,0.34529477225990646,0.023337647074276043
control_kwlt::5dceca2541afe801a32e27ac,5dceca2541afe801a32e27ac,control_kwlt,lt,0,0,lt_control,2,6.0,0.5,I would do this because I find it unfair that the other participant did not receive the same amount that I did in the beginning.,Moral,1,0.31909138758393246,-0.04632235777753479,4,0.6363830781276004,0.34045594677756535,0.02316097509483422
control_kwlt::5dcfa99efd5b280bce1b835d,5dcfa99efd5b280bce1b835d,control_kwlt,lt,0,0,lt_control,1,6.0,0.5,"I gave them the amount that would make it even, so we have the same amount",Moral,1,-0.4482373615614157,-0.05485113130401024,4,0.7484564738128856,0.2241181293459907,0.027425396841123665
control_kwlt::5dd3e852b988873c617cd21a,5dd3e852b988873c617cd21a,control_kwlt,lt,0,0,lt_control,2,6.0,0.5,Again just the fairest way to divide the money so we come out with the same.,Moral,1,0.12981150255857674,-0.040940945267991254,3,0.6651008461547118,0.310467251555438,0.02443190228985023
control_kwlt::5dd5e27fe25acf59990e1adf,5dd5e27fe25acf59990e1adf,control_kwlt,lt,0,0,lt_control,2,6.0,0.5,I wanted to be fair with the other participant,Moral,1,-0.2545043127786113,-0.04126187975682976,3,0.7214308112126578,0.2518708562066857,0.026698332580656493
control_kwlt::5dd7f591ad0a617838322129,5dd7f591ad0a617838322129,control_kwlt,lt,0,0,lt_control,1,4.0,0.6666666666666667,It's the fair option,Moral,1,-0.4482373615614157,-0.05485113130401024,4,0.7484564738128856,0.2241181293459907,0.027425396841123665
control_kwlt::5ddae6c686c886a56450ffd9,5ddae6c686c886a56450ffd9,control_kwlt,lt,0,0,lt_control,2,4.0,0.6666666666666667,thought it was a good amount,No clear justification,0,-0.03462196127303281,-0.015062910351435086,1,0.6891439641149328,0.2847897250202247,0.0260663108648424
control_kwlt::5ddc4bd4238a91ba3d9af93c,5ddc4bd4238a91ba3d9af93c,control_kwlt,lt,0,0,lt_control,1,6.0,0.5,"It seems like the fairest option. We both leave with the same money. As far as I know, neither of us has done something to warrant extra money.",Moral,1,-0.0617136494751363,-0.050676529070690035,4,0.6938059520656559,0.28085585526866186,0.025338192665682248
control_kwlt::5dded0203c4937e47e77220e,5dded0203c4937e47e77220e,control_kwlt,lt,0,0,lt_control,1,6.0,0.5,We both take £6,Moral,1,-0.4294591868289597,-0.04038152156795794,3,0.7456166311746436,0.22667347524940568,0.027709893575950682
control_kwlt::5de2b0cc725abb2d8930c683,5de2b0cc725abb2d8930c683,control_kwlt,lt,0,0,lt_control,1,4.0,0.6666666666666667,I felt that this was equally shared out and despite what the other person chose to do I did what I thought was fair.,Moral,1,-0.0617136494751363,-0.050676529070690035,4,0.6938059520656559,0.28085585526866186,0.025338192665682248
control_kwlt::5de8734b44b3127e513ae247,5de8734b44b3127e513ae247,control_kwlt,lt,0,0,lt_control,1,6.0,0.5,It seemed like a small enough amount to give someone without my money being all taken. It also made us even,Moral,1,-0.2343591818712162,-0.024618624461794542,2,0.7182400195448464,0.25474422240125416,0.027015758053899438
control_kwlt::5e09461913064422d0004ecf,5e09461913064422d0004ecf,control_kwlt,lt,0,0,lt_control,1,5.5,0.5416666666666667,It was the most I feel like I could do needed while being mindful of what I need personally.,Self-interest,3,-0.06171364947513633,-0.05067652907069,4,0.6938059520656559,0.28085585526866186,0.025338192665682248
control_kwlt::5e0a095a54ff2329aa070d54,5e0a095a54ff2329aa070d54,control_kwlt,lt,0,0,lt_control,2,12.0,0.0,want to keep it for myself,Self-interest,3,-0.06145404081055491,-0.03178165476072698,2,0.693409797223655,0.2807834826973948,0.025806720078950227
control_kwlt::5e0a8de6b6385332d7cae588,5e0a8de6b6385332d7cae588,control_kwlt,lt,0,0,lt_control,2,12.0,0.0,i want all the money i can get,Self-interest,3,0.16832303474317606,-0.03886078796577347,3,0.6592451239606861,0.31650686138476325,0.02424801465455068
control_kwlt::5e13189b1d6b469661725154,5e13189b1d6b469661725154,control_kwlt,lt,0,0,lt_control,1,4.0,0.6666666666666667,Just to be fair,Moral,1,0.31909138758393263,-0.04632235777753479,4,0.6363830781276004,0.3404559467775654,0.02316097509483422
control_kwlt::5e16e7b7c76aa6c8613f2477,5e16e7b7c76aa6c8613f2477,control_kwlt,lt,0,0,lt_control,2,6.0,0.5,To be fair.,Moral,1,0.31909138758393263,-0.04632235777753479,4,0.6363830781276004,0.3404559467775654,0.02316097509483422
control_kwlt::5e1a39f62b01352b6c9e14bf,5e1a39f62b01352b6c9e14bf,control_kwlt,lt,0,0,lt_control,1,12.0,0.0,it's an anonymous process and I believe that the other participant would do the same,Self-interest,3,-0.2545043127786113,-0.04126187975682976,3,0.7214308112126578,0.2518708562066857,0.026698332580656493
control_kwlt::5e1bdbfd1795083ead4af5ee,5e1bdbfd1795083ead4af5ee,control_kwlt,lt,0,0,lt_control,1,8.0,0.3333333333333333,"Because if I get less then I lose this one, but if I do actually have more then I'll take the win.",Self-interest,3,-0.06171364947513633,-0.05067652907069,4,0.6938059520656559,0.28085585526866186,0.025338192665682248
control_kwlt::5e2b0d34a8dc8c000cc53114,5e2b0d34a8dc8c000cc53114,control_kwlt,lt,0,0,lt_control,2,6.0,0.5,Its what I'd like to have as well as what the other person would like,Moral,1,-0.4482373615614157,-0.05485113130401024,4,0.7484564738128856,0.2241181293459907,0.027425396841123665
control_kwlt::5e399832a6df461b2f4db341,5e399832a6df461b2f4db341,control_kwlt,lt,0,0,lt_control,2,8.0,0.3333333333333333,"Similar logic to the other question, I believe both should have some money but I am putting my own interests first and want to have the majority of the money.",Self-interest,3,0.35680540695951446,-0.03216206362779759,3,0.6303571645305273,0.3463919393489349,0.023250896120537844
control_kwlt::5e3c7f2860b046068fcf5e4c,5e3c7f2860b046068fcf5e4c,control_kwlt,lt,0,0,lt_control,1,6.0,0.5,in this rather random situation an equal payment seems fair,Moral,1,-0.4482373615614157,-0.05485113130401024,4,0.7484564738128856,0.2241181293459907,0.027425396841123665
control_kwlt::5e3cc69c13cf130bf27d6c94,5e3cc69c13cf130bf27d6c94,control_kwlt,lt,0,0,lt_control,2,4.0,0.6666666666666667,It is what I think is a fair decision.,Moral,1,0.31909138758393263,-0.04632235777753479,4,0.6363830781276004,0.3404559467775654,0.02316097509483422
control_kwlt::5e40c06ac0507c307ee951eb,5e40c06ac0507c307ee951eb,control_kwlt,lt,0,0,lt_control,1,6.0,0.5,I believe $2 is a fair amount where the participant would still have some benefit if the reward is actually applied to us.,Moral,1,-0.4482373615614157,-0.05485113130401024,4,0.7484564738128856,0.2241181293459907,0.027425396841123665
control_kwlt::5e43021e5bb25719df134c7c,5e43021e5bb25719df134c7c,control_kwlt,lt,0,0,lt_control,2,6.0,0.5,This made us both equal without me giving too much away,Moral,1,-0.06171364947513633,-0.05067652907069,4,0.6938059520656559,0.28085585526866186,0.025338192665682248
control_kwlt::5e45986b0f5e4105b6067c23,5e45986b0f5e4105b6067c23,control_kwlt,lt,0,0,lt_control,2,10.0,0.1666666666666666,These made it an even 50/50 split so that we can share the bonus and no one misses out,Moral,1,0.12981150255857674,-0.040940945267991254,3,0.6651008461547118,0.310467251555438,0.02443190228985023
control_kwlt::5e493133b4bc203a048f8ce9,5e493133b4bc203a048f8ce9,control_kwlt,lt,0,0,lt_control,2,8.0,0.3333333333333333,Retain money,Self-interest,3,0.31909138758393263,-0.04632235777753479,4,0.6363830781276004,0.3404559467775654,0.02316097509483422
control_kwlt::5e4aa396b2c8eb000cc39e56,5e4aa396b2c8eb000cc39e56,control_kwlt,lt,0,0,lt_control,2,6.0,0.5,"To bring us both back to a degree of parity, where we're both 'earning' 50%.",Moral,1,-0.06171364947513631,-0.050676529070690035,4,0.6938059520656559,0.28085585526866186,0.025338192665682248
control_kwlt::5e4ce570d3132c1348aefd4d,5e4ce570d3132c1348aefd4d,control_kwlt,lt,0,0,lt_control,2,8.0,0.3333333333333333,The other participant already has some money so I don't feel it's necessary to transfer any more.,Self-interest,3,-0.03462196127303281,-0.015062910351435086,1,0.6891439641149328,0.2847897250202247,0.0260663108648424
control_kwlt::5e510d0760dd0913e45370dc,5e510d0760dd0913e45370dc,control_kwlt,lt,0,0,lt_control,1,6.0,0.5,Because it means we both have the same amount and I haven't had to any more work then they have in answering this question,Moral,1,-0.06171364947513633,-0.05067652907069,4,0.6938059520656559,0.28085585526866186,0.025338192665682248
control_kwlt::5e62dfa2819b9d079c91b6d2,5e62dfa2819b9d079c91b6d2,control_kwlt,lt,0,0,lt_control,1,7.0,0.4166666666666666,Don't know the other person so give them a bit more than what they had originally,Moral,1,-0.06145404081055491,-0.03178165476072698,2,0.693409797223655,0.2807834826973948,0.025806720078950227
control_kwlt::5e7c8696aaaa890009345427,5e7c8696aaaa890009345427,control_kwlt,lt,0,0,lt_control,1,10.0,0.1666666666666666,It is fair - so we both receive the same amount.,Moral,1,0.31909138758393263,-0.04632235777753479,4,0.6363830781276004,0.3404559467775654,0.02316097509483422
control_kwlt::5e7ca836a60b642ec70880b1,5e7ca836a60b642ec70880b1,control_kwlt,lt,0,0,lt_control,1,6.0,0.5,"Because then there is a 10% chance that we will both get $6, an equal amount, it is impossible to argue that it's just simply the fairest option. I would hope the other person would do the same in my position but in general I would expect them not to.",Moral,1,-0.0617136494751363,-0.050676529070690035,4,0.6938059520656559,0.28085585526866186,0.025338192665682248
control_kwlt::5e87a820c35eb042f00d4e3d,5e87a820c35eb042f00d4e3d,control_kwlt,lt,0,0,lt_control,2,10.0,0.1666666666666666,"I am choosing for us to be equal, as by taking $2 from them we both have the same amount.",Moral,1,0.31909138758393263,-0.04632235777753479,4,0.6363830781276004,0.3404559467775654,0.02316097509483422
control_kwlt::5e8b9c7054a5cc07dd6e174d,5e8b9c7054a5cc07dd6e174d,control_kwlt,lt,0,0,lt_control,1,6.0,0.5,"I like for things to be as fair as possible, hoping others would the same for me. In order to live up to my ideals, I'm giving the participant two dollars so we can both have the same amount.",Moral,1,0.31909138758393263,-0.04632235777753479,4,0.6363830781276004,0.3404559467775654,0.02316097509483422
control_kwlt::5e8f89db8ed06f27d73030ae,5e8f89db8ed06f27d73030ae,control_kwlt,lt,0,0,lt_control,1,6.0,0.5,Its money that neither of us really have just now. Its a bit fairer than giving nothing,Moral,1,-0.4482373615614157,-0.05485113130401024,4,0.7484564738128856,0.2241181293459907,0.027425396841123665
control_kwlt::5e8fa37bf594d02a576c7a46,5e8fa37bf594d02a576c7a46,control_kwlt,lt,0,0,lt_control,1,2.5,0.7916666666666666,I chose it because it seemed fair - did not want to take money from this person,Moral,1,-0.06145404081055491,-0.03178165476072698,2,0.693409797223655,0.2807834826973948,0.025806720078950227
control_kwlt::5e903aadbf2af034503d9bac,5e903aadbf2af034503d9bac,control_kwlt,lt,0,0,lt_control,2,6.0,0.5,"Hopefully the other person makes the same decision, so we both end up with the same amount - $6",Moral,1,0.12981150255857674,-0.040940945267991254,3,0.6651008461547118,0.310467251555438,0.02443190228985023
control_kwlt::5e917b152952914a6d3043c2,5e917b152952914a6d3043c2,control_kwlt,lt,0,0,lt_control,2,7.0,0.4166666666666666,I think that transfer is quite fair- they get a bit more money and I just lose a small proportion of my money. I would hardly notice it really.,Moral,1,-0.06171364947513633,-0.05067652907069,4,0.6938059520656559,0.28085585526866186,0.025338192665682248
control_kwlt::5e9397d303807b2006e77d5a,5e9397d303807b2006e77d5a,control_kwlt,lt,0,0,lt_control,2,8.0,0.3333333333333333,I feel we should both just keep what we have,Moral,1,0.31909138758393263,-0.04632235777753479,4,0.6363830781276004,0.3404559467775654,0.02316097509483422
control_kwlt::5e9847daec534b03f4769cab,5e9847daec534b03f4769cab,control_kwlt,lt,0,0,lt_control,1,6.0,0.5,Because i am fair and both of us end up with equal amount,Moral,1,-0.2343591818712162,-0.024618624461794542,2,0.7182400195448464,0.25474422240125416,0.027015758053899438
control_kwlt::5e9a4793c4069d0dd2e7eb4f,5e9a4793c4069d0dd2e7eb4f,control_kwlt,lt,0,0,lt_control,1,8.0,0.3333333333333333,"I am happy with the amount I received and given that this was what I was allocated, I feel less bad to stick with it",Moral,1,0.31909138758393246,-0.04632235777753479,4,0.6363830781276004,0.34045594677756535,0.02316097509483422
control_kwlt::5ea040d5956554000971fb25,5ea040d5956554000971fb25,control_kwlt,lt,0,0,lt_control,2,8.0,0.3333333333333333,To maintain an equal share of funds,Moral,1,-0.2937265868407035,-0.04414309944299319,3,0.7270089158503146,0.24614332647722914,0.026847757672456285
control_kwlt::5ea047d315537303f1e60ef9,5ea047d315537303f1e60ef9,control_kwlt,lt,0,0,lt_control,1,8.0,0.3333333333333333,I'd rather stick to what I have,Self-interest,3,-0.20869228974964069,-0.00954402011266275,1,0.7142810798622194,0.2584576702188187,0.02726124991896183
control_kwlt::5ea0627f31802801d5675c08,5ea0627f31802801d5675c08,control_kwlt,lt,0,0,lt_control,2,12.0,0.0,"I still dont know if the other person is real, whether theyd get paid or whether I will. I might as well maximise my reward if it turns out to be real",Self-interest,3,-0.401162720278046,0.9408717956291894,2,0.7080917868713824,0.22173878432604696,0.07016942880257063
control_kwlt::5ea17210ed317101db3ecc0b,5ea17210ed317101db3ecc0b,control_kwlt,lt,0,0,lt_control,1,6.0,0.5,"Assuming that the other participant had made no donation to me, we would finish with equal amounts.",Moral,1,0.12981150255857674,-0.040940945267991254,3,0.6651008461547118,0.310467251555438,0.02443190228985023
control_kwlt::5ea2ac265b40e81cfe8296ea,5ea2ac265b40e81cfe8296ea,control_kwlt,lt,0,0,lt_control,2,6.0,0.5,I feel glad to share the reward equally with the other person and hope they enjoy it.,Moral,1,-0.4482373615614157,-0.05485113130401024,4,0.7484564738128856,0.2241181293459907,0.027425396841123665
control_kwlt::5ea48ae3461d1044f2d282cc,5ea48ae3461d1044f2d282cc,control_kwlt,lt,0,0,lt_control,1,6.0,0.5,Given the information provided I felt this was the only fair way to distribute the funds. I wanted to be fair.,Moral,1,-0.06171364947513633,-0.05067652907069,4,0.6938059520656559,0.28085585526866186,0.025338192665682248
control_kwlt::5ea6f9f2064600098ec3de7d,5ea6f9f2064600098ec3de7d,control_kwlt,lt,0,0,lt_control,2,6.0,0.5,I think it is fair that we both have $6.,Moral,1,-0.06171364947513633,-0.05067652907069,4,0.6938059520656559,0.28085585526866186,0.025338192665682248
control_kwlt::5ea77e260e5ed316cc418ca3,5ea77e260e5ed316cc418ca3,control_kwlt,lt,0,0,lt_control,2,6.0,0.5,We both did the same amount of work so should receive the same reward,Moral,1,0.12981150255857674,-0.040940945267991254,3,0.6651008461547118,0.310467251555438,0.02443190228985023
control_kwlt::5ea950e4befef302772be716,5ea950e4befef302772be716,control_kwlt,lt,0,0,lt_control,2,12.0,0.0,I felt like being a dick,No clear justification,0,-0.2545043127786113,-0.04126187975682976,3,0.7214308112126578,0.2518708562066857,0.026698332580656493
control_kwlt::5eaafded3bb47c09107ec0e2,5eaafded3bb47c09107ec0e2,control_kwlt,lt,0,0,lt_control,2,12.0,0.0,I do not know the other person,No clear justification,0,-0.06145404081055491,-0.03178165476072698,2,0.693409797223655,0.2807834826973948,0.025806720078950227
control_kwlt::5eb19fab4606ca2cc2309390,5eb19fab4606ca2cc2309390,control_kwlt,lt,0,0,lt_control,2,8.0,0.3333333333333333,"In this case, I was allocated an amount, as was the other participant. Since the other participant wasn't allocated 0, I feel ok with keeping what I was allocated. As compared to the other scenario, I didn't feel it was fair to keep everything while the other participant got nothing.",Moral,1,0.31909138758393263,-0.04632235777753479,4,0.6363830781276004,0.3404559467775654,0.02316097509483422
control_kwlt::5eb411c4b0526d222fbb4395,5eb411c4b0526d222fbb4395,control_kwlt,lt,0,0,lt_control,1,6.0,0.5,Giving $2 means that both of us have an equal amount of money. Why should I have more than the other participant when it is easy to ensure parity between the two of us,Moral,1,0.1683230347431761,-0.03886078796577347,3,0.6592451239606861,0.31650686138476325,0.02424801465455068
control_kwlt::5ec7b132b11a172266fd8915,5ec7b132b11a172266fd8915,control_kwlt,lt,0,0,lt_control,1,6.0,0.5,because me giving them £2 means we both get £6 and to me that is the only fair outcome,Moral,1,-0.03994212704579946,-0.03435519909169102,3,0.6902958571029703,0.28409049655497925,0.02561364634205055
control_kwlt::5eccf0abdeb69701e9c718da,5eccf0abdeb69701e9c718da,control_kwlt,lt,0,0,lt_control,1,6.0,0.5,I don't know the person I have been matched with so I wouldn't give them more money. But the study made me feel like I should give them something so I did. Probably in reality I wouldn't have given them anything,Self-interest,3,-0.06171364947513633,-0.05067652907069,4,0.6938059520656559,0.28085585526866186,0.025338192665682248
control_kwlt::5ed4c3d73ac88100098198f1,5ed4c3d73ac88100098198f1,control_kwlt,lt,0,0,lt_control,1,12.0,0.0,So I end up with more money,Self-interest,3,-0.2545043127786113,-0.04126187975682976,3,0.7214308112126578,0.2518708562066857,0.026698332580656493
control_kwlt::5ed85f199883863679e485c8,5ed85f199883863679e485c8,control_kwlt,lt,0,0,lt_control,2,4.0,0.6666666666666667,This time I went more for generosity - I'll buy them a dang coffee with that money.,Moral,1,-0.06145404081055491,-0.03178165476072698,2,0.693409797223655,0.2807834826973948,0.025806720078950227
control_kwlt::5ef5c4db3ce68a02806df888,5ef5c4db3ce68a02806df888,control_kwlt,lt,0,0,lt_control,2,8.0,0.3333333333333333,no motivation to allocate any money,No clear justification,0,0.3899737060240676,-0.01564479442783766,2,0.6249817557512729,0.35159751489062746,0.023420729358099586
control_kwlt::5effecc85d91970e055438db,5effecc85d91970e055438db,control_kwlt,lt,0,0,lt_control,1,6.0,0.5,i just felt it was fair and would like to think my trust was not misplaced,Moral,1,0.1683230347431761,-0.03886078796577347,3,0.6592451239606861,0.31650686138476325,0.02424801465455068
control_kwlt::5f072de78ef9940c5dbabf80,5f072de78ef9940c5dbabf80,control_kwlt,lt,0,0,lt_control,2,6.0,0.5,ethically the right thing to do - balances things up,Moral,1,-0.2545043127786113,-0.04126187975682976,3,0.7214308112126578,0.2518708562066857,0.026698332580656493
control_kwlt::5f088ba29bf08d0b3885f726,5f088ba29bf08d0b3885f726,control_kwlt,lt,0,0,lt_control,1,8.5,0.2916666666666666,i would have made it zero if i could - i feel no connection or compulsion to share it with a person i know nothing about,Self-interest,3,0.12981150255857674,-0.040940945267991254,3,0.6651008461547118,0.310467251555438,0.02443190228985023
control_kwlt::5f12f9e19b4f8213cf3bdd2c,5f12f9e19b4f8213cf3bdd2c,control_kwlt,lt,0,0,lt_control,2,12.0,0.0,honestly. i thought it would be fun this time to be a bit mean,No clear justification,0,-0.06145404081055491,-0.03178165476072698,2,0.693409797223655,0.2807834826973948,0.025806720078950227
control_kwlt::5f36bd304ef90a0c47167e1f,5f36bd304ef90a0c47167e1f,control_kwlt,lt,0,0,lt_control,2,6.0,0.5,"Because I started with nothing, this $8 is good, but I was without it before, so I could spare it. I also like that both of us would have an equal amount and I'd like to think another participant would do the same for me.",Moral,1,0.31909138758393263,-0.04632235777753479,4,0.6363830781276004,0.3404559467775654,0.02316097509483422
control_kwlt::5f3d6975ef131710ed519c7a,5f3d6975ef131710ed519c7a,control_kwlt,lt,0,0,lt_control,1,7.0,0.4166666666666666,because I didn't trust the person,Self-interest,3,0.35001768983694315,-0.030179754516424233,3,0.6313675806658176,0.34529477225990646,0.023337647074276043
control_kwlt::5f3d6ca05772161108bc0e2e,5f3d6ca05772161108bc0e2e,control_kwlt,lt,0,0,lt_control,1,6.0,0.5,"Transferring two dollars means we'd both walk away with six dollars, which is fair.",Moral,1,0.31909138758393263,-0.04632235777753479,4,0.6363830781276004,0.3404559467775654,0.02316097509483422
control_kwlt::5f40205989c7a912f71e7ee9,5f40205989c7a912f71e7ee9,control_kwlt,lt,0,0,lt_control,2,12.0,0.0,To give myself more,Self-interest,3,-0.06171364947513633,-0.05067652907069,4,0.6938059520656559,0.28085585526866186,0.025338192665682248
control_kwlt::5f40c670f10f171ff50afe48,5f40c670f10f171ff50afe48,control_kwlt,lt,0,0,lt_control,1,6.0,0.5,"Because this is the fairest distribution as we both end up with 6 dollars, anything more or less would end with one individual having more than the other.",Moral,1,-0.0617136494751363,-0.050676529070690035,4,0.6938059520656559,0.28085585526866186,0.025338192665682248
control_kwlt::5f429a57a972c449ac21680e,5f429a57a972c449ac21680e,control_kwlt,lt,0,0,lt_control,1,8.0,0.3333333333333333,I prefer not to redistribute but to accept the original split,Self-interest,3,0.1683230347431761,-0.03886078796577347,3,0.6592451239606861,0.31650686138476325,0.02424801465455068
control_kwlt::5f44ec581d2bed02f7427a31,5f44ec581d2bed02f7427a31,control_kwlt,lt,0,0,lt_control,1,6.0,0.5,so we have an equal amount for fairness,Moral,1,-0.2545043127786113,-0.04126187975682976,3,0.7214308112126578,0.2518708562066857,0.026698332580656493
control_kwlt::5f4818e6d5ce1016c865ed24,5f4818e6d5ce1016c865ed24,control_kwlt,lt,0,0,lt_control,1,4.0,0.6666666666666667,"I just thought it was fair for both of us to have an equal allocation, regardless of any reason.",Moral,1,0.6974165068802903,-0.041918484913020464,4,0.5777441953137519,0.4012970549122865,0.020958749773961633
control_kwlt::5f55a7a08ba70197917cfba3,5f55a7a08ba70197917cfba3,control_kwlt,lt,0,0,lt_control,1,6.0,0.5,I want to split the money equally because I hope they would do the same if the roles were reversed.,Moral,1,0.13391676697141447,0.4352613380259654,3,0.6538570836438568,0.30747085837019655,0.03867205798594665
control_kwlt::5f82efa422d3c740b3e41b30,5f82efa422d3c740b3e41b30,control_kwlt,lt,0,0,lt_control,1,6.0,0.5,It was fair.,Moral,1,0.31909138758393274,-0.04632235777753479,4,0.6363830781276004,0.3404559467775654,0.02316097509483422
control_kwlt::5f960a9442d5f34e319e3cf7,5f960a9442d5f34e319e3cf7,control_kwlt,lt,0,0,lt_control,1,6.0,0.5,"I am quite an awful financial situation (maxed out my 2+k overdraft) and I also need to save for surgery which is over 6k, so I hoped the person may understand these circumstances (and why I took a 2 dollar proportion more)",Self-interest,3,0.12981150255857674,-0.040940945267991254,3,0.6651008461547118,0.310467251555438,0.02443190228985023
control_kwlt::5fa9392c0cc79c03b3f4eb58,5fa9392c0cc79c03b3f4eb58,control_kwlt,lt,0,0,lt_control,1,12.0,0.0,"I don't care about the other person, if they are another person rather than a bot",Self-interest,3,-0.05636649011983786,0.4202349084585979,4,0.6819338571074661,0.2781823785743296,0.039883764318204215
control_kwlt::5fadaad925680e17109e0c0a,5fadaad925680e17109e0c0a,control_kwlt,lt,0,0,lt_control,2,6.0,0.5,This seems fairest as we end up with the same amount.,Moral,1,0.6974165068802903,-0.041918484913020464,4,0.5777441953137519,0.4012970549122865,0.020958749773961633
control_kwlt::5faeb76ca8e4220165dfc9a2,5faeb76ca8e4220165dfc9a2,control_kwlt,lt,0,0,lt_control,2,10.0,0.1666666666666666,I intended to share the spoils evenly.,Moral,1,0.31909138758393263,-0.04632235777753479,4,0.6363830781276004,0.3404559467775654,0.02316097509483422
control_kwlt::5fbe4fc3b2caf10f92e994ec,5fbe4fc3b2caf10f92e994ec,control_kwlt,lt,0,0,lt_control,2,6.0,0.5,"I am transferring $2 so that we both have the same amount. The initial amount was randomly allocated and I believe my partner is as deserving as I am to the money. It is money I never had, so sharing it makes me feel good about myself, without any sense of loss - I am still gaining $6",Moral,1,0.1683230347431761,-0.03886078796577347,3,0.6592451239606861,0.31650686138476325,0.02424801465455068
control_kwlt::5fc07d1d954a2251529dcfd6,5fc07d1d954a2251529dcfd6,control_kwlt,lt,0,0,lt_control,1,8.0,0.3333333333333333,It is somewhat in my best interest but I am not being unfair and leaving them nothing,Self-interest,3,-0.06171364947513633,-0.05067652907069,4,0.6938059520656559,0.28085585526866186,0.025338192665682248
control_kwlt::5fc10c9ec1c0520a44a0d902,5fc10c9ec1c0520a44a0d902,control_kwlt,lt,0,0,lt_control,1,12.0,0.0,I feel like I need the money more right now,Self-interest,3,-0.2343591818712162,-0.024618624461794542,2,0.7182400195448464,0.25474422240125416,0.027015758053899438
control_kwlt::5fc686297a22da0524cc09dd,5fc686297a22da0524cc09dd,control_kwlt,lt,0,0,lt_control,2,4.0,0.6666666666666667,this would again even up the allocation to 50-50,Moral,1,-0.27434015418824875,-0.02752359075188583,2,0.7239472268018522,0.2488802004628819,0.02717257273526588
control_kwlt::5fc756cec5e5121fdadfb230,5fc756cec5e5121fdadfb230,control_kwlt,lt,0,0,lt_control,1,11.0,0.0833333333333333,"I think its a fair, and average amount.",Moral,1,-0.2412811771660091,1.3479830089729865,3,0.6638424255479287,0.23759560164659277,0.09856197280547849
control_kwlt::5fca60762df9df6328840cae,5fca60762df9df6328840cae,control_kwlt,lt,0,0,lt_control,1,12.0,0.0,It's about maximizing my return. Getting the most I can. It's like stealing.,Self-interest,3,0.31909138758393263,-0.04632235777753479,4,0.6363830781276004,0.3404559467775654,0.02316097509483422
control_kwlt::5fcaf45432c262806989840d,5fcaf45432c262806989840d,control_kwlt,lt,0,0,lt_control,2,8.0,0.3333333333333333,"I don;'t want to take someone else's money, nor give up any of my own.",Moral,1,-0.06171364947513633,-0.05067652907069,4,0.6938059520656559,0.28085585526866186,0.025338192665682248
control_kwlt::5fd77a999055b008d1df409c,5fd77a999055b008d1df409c,control_kwlt,lt,0,0,lt_control,1,12.0,0.0,I feel like ill never see the person and id rather take it from them then give money away,Self-interest,3,0.1683230347431761,-0.03886078796577347,3,0.6592451239606861,0.31650686138476325,0.02424801465455068
control_kwlt::5fd8ea198512a801831f6b85,5fd8ea198512a801831f6b85,control_kwlt,lt,0,0,lt_control,1,6.0,0.5,"As a good gesture, i felt i could spare some change for the other person, considering i had enough for myself. I didn't want to part with too much money though because i also need it.",Moral,1,0.33287132437862793,0.8870788187009453,4,0.6099651160165996,0.33356713509146285,0.056467748891937494
control_kwlt::5fd9227fbeeb773aa4d6c986,5fd9227fbeeb773aa4d6c986,control_kwlt,lt,0,0,lt_control,2,12.0,0.0,"Again, I just want money",Self-interest,3,0.31909138758393263,-0.04632235777753479,4,0.6363830781276004,0.3404559467775654,0.02316097509483422
control_kwlt::5fdbdc853ce8060db67cf718,5fdbdc853ce8060db67cf718,control_kwlt,lt,0,0,lt_control,2,6.0,0.5,"I chose to give the other participant 2 dollars because that meant we would be both paid equally for doing the same task. It seemed like the fair thing to do, and that it would fix an inequality in how we were paid.",Moral,1,0.31909138758393263,-0.04632235777753479,4,0.6363830781276004,0.3404559467775654,0.02316097509483422
control_kwlt::5fe33a4cbf9ae4f929bad4b4,5fe33a4cbf9ae4f929bad4b4,control_kwlt,lt,0,0,lt_control,1,4.0,0.6666666666666667,I really want to be fair to the other participant. Sadly they may well take all of my money assuming I won't be fair but I will at least feel ok about myself.,Moral,1,0.31909138758393263,-0.04632235777753479,4,0.6363830781276004,0.3404559467775654,0.02316097509483422
control_kwlt::5ff8586d4939670266b6623f,5ff8586d4939670266b6623f,control_kwlt,lt,0,0,lt_control,1,6.0,0.5,It becomes even and then no one is worse off.,Moral,1,-0.43292701882826806,-0.03844273107017893,3,0.7460435092734893,0.22617513582291215,0.027781354903598565
control_kwlt::5ffa2123b5a05a3b17839781,5ffa2123b5a05a3b17839781,control_kwlt,lt,0,0,lt_control,2,6.0,0.5,"Again i'm all about equality and fairness and I believe regardless that given the same amount of time and effort into something, they should be paid equally.",Moral,1,-0.0617136494751363,-0.050676529070690035,4,0.6938059520656559,0.28085585526866186,0.025338192665682248
control_kwlt::600f455bb9d3f7107e673797,600f455bb9d3f7107e673797,control_kwlt,lt,0,0,lt_control,1,7.0,0.4166666666666666,I didn't want to share to be honest,Self-interest,3,-0.2699382286822284,-0.029516683185839835,2,0.7233688613089632,0.24953665224885158,0.027094486442185286
control_kwlt::601171f52ffe110619bc0d93,601171f52ffe110619bc0d93,control_kwlt,lt,0,0,lt_control,1,10.0,0.1666666666666666,"because it went against how I would normally behave and I wanted to know what it felt like taking money from someone because I could. I didn't want to take all of their money because I felt that would be too cruel but, in the end, I still didn't feel good taking half of their total",Moral,1,-0.029870081863501652,0.44239752610498245,3,0.6774853305326427,0.2820242849417427,0.040490384525614605
control_kwlt::601a67866e12e328676f82da,601a67866e12e328676f82da,control_kwlt,lt,0,0,lt_control,1,6.0,0.5,we both get the same amount,Moral,1,-0.20869228974964069,-0.00954402011266275,1,0.7142810798622194,0.2584576702188187,0.02726124991896183
control_kwlt::601ac0440ae554365a73246b,601ac0440ae554365a73246b,control_kwlt,lt,0,0,lt_control,1,6.0,0.5,"I like things to be equally split and fair, and I didn't do anything additional to my partner therefore I don't deserve any more money.",Moral,1,-0.4294591868289597,-0.04038152156795794,3,0.7456166311746436,0.22667347524940568,0.027709893575950682
control_kwlt::6028e8deb16a4524f12629de,6028e8deb16a4524f12629de,control_kwlt,lt,0,0,lt_control,2,11.5,0.0416666666666666,"I wanted to do the right thing, and give them the amount they needed to be equal with me, but I really could do with the money, and I also felt that at least I wasn't giving them nothing or taking away from them.",Moral,1,0.31909138758393263,-0.04632235777753479,4,0.6363830781276004,0.3404559467775654,0.02316097509483422
control_kwlt::60299d096ab1b93a43d650a7,60299d096ab1b93a43d650a7,control_kwlt,lt,0,0,lt_control,1,6.0,0.5,"Because then we both get the same amount of money, which is fair because we both did the same survey. I don't know for sure there actually is another person so I could just be reducing my potential bonus for no reason, but I don't want to risk stealing from a real person.",Moral,1,0.6974165068802903,-0.041918484913020464,4,0.5777441953137519,0.4012970549122865,0.020958749773961633
control_kwlt::602ba5af8055272f9a36e3fe,602ba5af8055272f9a36e3fe,control_kwlt,lt,0,0,lt_control,2,12.0,0.0,Cost of living crisis. It is what it is!,No clear justification,0,0.20728214085851063,0.4608448768739449,2,0.6423211975706404,0.31876239439532106,0.03891640803403837
control_kwlt::602bebe42e34a23d1d0f72a3,602bebe42e34a23d1d0f72a3,control_kwlt,lt,0,0,lt_control,2,6.0,0.5,"As before, I think sharing things equally is the most enjoyable and ethical way to live.",Moral,1,0.35001768983694315,-0.030179754516424233,3,0.6313675806658176,0.34529477225990646,0.023337647074276043
control_kwlt::6038699f5cdecc243c343024,6038699f5cdecc243c343024,control_kwlt,lt,0,0,lt_control,2,6.0,0.5,i think it isnt fair to take away from someone and have to hope they think like i do,Moral,1,0.6974165068802903,-0.041918484913020464,4,0.5777441953137519,0.4012970549122865,0.020958749773961633
control_kwlt::604e18398d5d8c1c8b03ffcf,604e18398d5d8c1c8b03ffcf,control_kwlt,lt,0,0,lt_control,1,6.0,0.5,i wanted to give them a little something,Moral,1,0.31909138758393263,-0.04632235777753479,4,0.6363830781276004,0.3404559467775654,0.02316097509483422
control_kwlt::606ca47dac67cbdff9177d6b,606ca47dac67cbdff9177d6b,control_kwlt,lt,0,0,lt_control,1,6.0,0.5,so that we both start equally,Moral,1,-0.03994212704579946,-0.034355199091691005,3,0.6902958571029703,0.28409049655497925,0.02561364634205055
control_kwlt::607a6e0e8c59acb5ea6bcd9d,607a6e0e8c59acb5ea6bcd9d,control_kwlt,lt,0,0,lt_control,2,4.0,0.6666666666666667,I wouldnt want to take anything from them so this way felt equal,Moral,1,-0.012195746195124967,-0.019569750495561946,2,0.6859207616156298,0.28826327161138676,0.025815966772983624
control_kwlt::607a7b7d300ce256f51706bd,607a7b7d300ce256f51706bd,control_kwlt,lt,0,0,lt_control,1,6.5,0.4583333333333333,I wanted to be somewhat nice and allocate something but wary of the other participant's decisions,Self-interest,3,0.35680540695951446,-0.03216206362779759,3,0.6303571645305273,0.3463919393489349,0.023250896120537844
control_kwlt::607be962688dfb9c1aea6cba,607be962688dfb9c1aea6cba,control_kwlt,lt,0,0,lt_control,2,5.0,0.5833333333333333,I thought it was a fair allocation as I could have given a minus amount.,Moral,1,0.5479580287500445,-0.037610646755262336,3,0.6009107647401829,0.377130693165245,0.02195854209457211
control_kwlt::6083e9c30efe49134bb0e89f,6083e9c30efe49134bb0e89f,control_kwlt,lt,0,0,lt_control,2,6.0,0.5,seems fairest,Moral,1,0.4054740095870525,-0.030701425204067857,2,0.6228409042535668,0.3541748127790127,0.02298428296742061
control_kwlt::608ef46bbc5de958af2d6183,608ef46bbc5de958af2d6183,control_kwlt,lt,0,0,lt_control,2,8.0,0.3333333333333333,I am already having more,Moral,1,-0.0617136494751363,-0.050676529070690035,4,0.6938059520656559,0.28085585526866186,0.025338192665682248
control_kwlt::609428df71e61cae4b2a67f3,609428df71e61cae4b2a67f3,control_kwlt,lt,0,0,lt_control,1,10.0,0.1666666666666666,I want $10 as I need the money but I don't want to take it all.,Moral,1,0.31909138758393263,-0.04632235777753479,4,0.6363830781276004,0.3404559467775654,0.02316097509483422
control_kwlt::6096737b818f6637da9e995f,6096737b818f6637da9e995f,control_kwlt,lt,0,0,lt_control,1,6.0,0.5,"I feel that as we are both doing the test together, we should both receive the same amouont of reward.",Moral,1,-0.2297801079526741,-0.026633458153285116,2,0.7176309556798487,0.25543294634385894,0.026936097976292338
control_kwlt::60a5319f80178fadc66d833a,60a5319f80178fadc66d833a,control_kwlt,lt,0,0,lt_control,1,4.0,0.6666666666666667,"I think it's fair to split the money with the other person, despite not knowing who they are.",Moral,1,0.23611792323306724,-0.007750526821043635,1,0.6484058389618463,0.32702533097915953,0.02456883005899412
control_kwlt::60ab9f9b5d9fdbefa2c95187,60ab9f9b5d9fdbefa2c95187,control_kwlt,lt,0,0,lt_control,1,6.0,0.5,This would leave us both with £6 - which is fair considering we both did the same work for it,Moral,1,0.31909138758393263,-0.04632235777753479,4,0.6363830781276004,0.3404559467775654,0.02316097509483422
control_kwlt::60ae47392195f5455ef262a9,60ae47392195f5455ef262a9,control_kwlt,lt,0,0,lt_control,1,12.0,0.0,It would increase my potential bonus.,Mutual Benefit / Cooperation,2,0.19790400198000946,-0.022481820946910498,2,0.6544732257241872,0.32107154025215956,0.024455234023653172
control_kwlt::60aed9850592d6678e2c06ba,60aed9850592d6678e2c06ba,control_kwlt,lt,0,0,lt_control,2,8.0,0.3333333333333333,I did not feel the need to transfer as I had less to start off with,Self-interest,3,-0.24967046032542345,-0.012448044664391925,1,0.7201579966200553,0.2524141807839747,0.027427822595970007
control_kwlt::60bb9dd521d84c33662850ae,60bb9dd521d84c33662850ae,control_kwlt,lt,0,0,lt_control,1,7.5,0.375,"I wanted to give them a small percentage, whilst keeping almost the max amount for myself.",Self-interest,3,0.31909138758393263,-0.04632235777753479,4,0.6363830781276004,0.3404559467775654,0.02316097509483422
control_kwlt::60cda1a1667997365f21e809,60cda1a1667997365f21e809,control_kwlt,lt,0,0,lt_control,2,6.0,0.5,I chose the allocation of transferring $2 because it results in a perfectly equal and fair split of the total amount between the two participants.,Moral,1,-0.0617136494751363,-0.050676529070690035,4,0.6938059520656559,0.28085585526866186,0.025338192665682248
control_kwlt::60ce242113ef03f34d95c848,60ce242113ef03f34d95c848,control_kwlt,lt,0,0,lt_control,1,6.0,0.5,"The money was allocated at random. We have both done the same amount of work and it is only fair that we are given the same amount of money. By giving $2, we both have a total allocation of $6",Moral,1,0.1683230347431761,-0.03886078796577347,3,0.6592451239606861,0.31650686138476325,0.02424801465455068
control_kwlt::60d0709ffc9b494cf65a266c,60d0709ffc9b494cf65a266c,control_kwlt,lt,0,0,lt_control,2,12.0,0.0,I need the money,Self-interest,3,0.19790400198000946,-0.022481820946910498,2,0.6544732257241872,0.32107154025215956,0.024455234023653172
control_kwlt::60d8aeaa2b64cb81ede60f67,60d8aeaa2b64cb81ede60f67,control_kwlt,lt,0,0,lt_control,1,0.0,1.0,I prefer to give than to take,Moral,1,-0.0617136494751363,-0.050676529070690035,4,0.6938059520656559,0.28085585526866186,0.025338192665682248
control_kwlt::60d8f98d9d58bf54aeb8438a,60d8f98d9d58bf54aeb8438a,control_kwlt,lt,0,0,lt_control,1,7.0,0.4166666666666666,I felt that this was a more fair division of the allocation. It kept me at a profit but also gave the match a slightly higher reward.,Moral,1,-0.03462196127303281,-0.015062910351435086,1,0.6891439641149328,0.2847897250202247,0.0260663108648424
control_kwlt::60da8c7e85ec8877f716b3e1,60da8c7e85ec8877f716b3e1,control_kwlt,lt,0,0,lt_control,2,6.0,0.5,I felt like it,No clear justification,0,-0.06171364947513633,-0.05067652907069,4,0.6938059520656559,0.28085585526866186,0.025338192665682248
control_kwlt::60e0613b1f66b6b6868ebe22,60e0613b1f66b6b6868ebe22,control_kwlt,lt,0,0,lt_control,1,10.0,0.1666666666666666,I did feel bad taking money so did not want to take it all but I also do need money so I did take some of it,Moral,1,-0.0617136494751363,-0.050676529070690035,4,0.6938059520656559,0.28085585526866186,0.025338192665682248
control_kwlt::60e308bd29d04d6d790aa1ad,60e308bd29d04d6d790aa1ad,control_kwlt,lt,0,0,lt_control,1,12.0,0.0,"I don't know them, I want all the money.",Self-interest,3,-0.06145404081055491,-0.03178165476072698,2,0.693409797223655,0.2807834826973948,0.025806720078950227
control_kwlt::60f6846c5e28b2071cb71f1a,60f6846c5e28b2071cb71f1a,control_kwlt,lt,0,0,lt_control,1,5.0,0.5833333333333333,To give a little but also have enough for myself,Self-interest,3,-0.06171364947513633,-0.05067652907069,4,0.6938059520656559,0.28085585526866186,0.025338192665682248
control_kwlt::60f80590e5d06cdf9efcb1bb,60f80590e5d06cdf9efcb1bb,control_kwlt,lt,0,0,lt_control,2,5.0,0.5833333333333333,"Felt like the right decision, mostly equal split.",Moral,1,-0.02987008186350164,0.44239752610498245,3,0.6774853305326427,0.2820242849417427,0.040490384525614605
control_kwlt::60fccefc9c9427b783d2981a,60fccefc9c9427b783d2981a,control_kwlt,lt,0,0,lt_control,2,6.0,0.5,"Again, I think we should both have the equal opportunity to work together to achieving our monetary goal.",Moral,1,0.16832303474317603,-0.03886078796577347,3,0.6592451239606861,0.31650686138476325,0.02424801465455068
control_kwlt::60fd7f9790203beb68012cfe,60fd7f9790203beb68012cfe,control_kwlt,lt,0,0,lt_control,2,6.0,0.5,because then we both get the same amount and that is what is fair and right to do,Moral,1,-0.4482373615614157,-0.05485113130401024,4,0.7484564738128856,0.2241181293459907,0.027425396841123665
control_kwlt::60fdaf4b4555dabe6ea3d8e7,60fdaf4b4555dabe6ea3d8e7,control_kwlt,lt,0,0,lt_control,1,6.0,0.5,I wanted to make it a little more fair because I was given a larger amount of money. I kept more than half because I need money right now.,Moral,1,-0.2516969022749566,0.4347561726852115,3,0.7089432082984144,0.2488253798428366,0.04223141185874904
control_kwlt::60fdbb73e59483be2338d497,60fdbb73e59483be2338d497,control_kwlt,lt,0,0,lt_control,2,4.0,0.6666666666666667,I am okay to give the other participant a majority and help increase their total compensation,Moral,1,0.31909138758393263,-0.04632235777753479,4,0.6363830781276004,0.3404559467775654,0.02316097509483422
control_kwlt::60fe79117e082892a4e47723,60fe79117e082892a4e47723,control_kwlt,lt,0,0,lt_control,1,6.0,0.5,to share it equally,Moral,1,0.31909138758393263,-0.04632235777753479,4,0.6363830781276004,0.3404559467775654,0.02316097509483422
control_kwlt::60ff3ccd8469031d3dc3bb5d,60ff3ccd8469031d3dc3bb5d,control_kwlt,lt,0,0,lt_control,1,6.0,0.5,It felt like a good happy medium point to me.,No clear justification,0,-0.23179323171582622,0.46064330683044497,2,0.7053832186808184,0.2515117856997864,0.043104995619395216
control_kwlt::610042bd58bb4f6845302491,610042bd58bb4f6845302491,control_kwlt,lt,0,0,lt_control,2,6.0,0.5,"Again, I feel like I didn't do anything meritable that would mean that I require more money. Thus, I think it is most fair for us to receive the same amount.",Moral,1,-0.4482373615614157,-0.05485113130401024,4,0.7484564738128856,0.2241181293459907,0.027425396841123665
control_kwlt::6102053795bd9b55ab979a48,6102053795bd9b55ab979a48,control_kwlt,lt,0,0,lt_control,1,6.0,0.5,"I want to keep it even, 6 and 6",Moral,1,0.31909138758393274,-0.04632235777753479,4,0.6363830781276004,0.3404559467775654,0.02316097509483422
control_kwlt::61022a84042923c389bf1499,61022a84042923c389bf1499,control_kwlt,lt,0,0,lt_control,2,6.0,0.5,everything is fair and equal,Moral,1,-0.0617136494751363,-0.050676529070690035,4,0.6938059520656559,0.28085585526866186,0.025338192665682248
control_kwlt::6103082117238ae6d0c3e805,6103082117238ae6d0c3e805,control_kwlt,lt,0,0,lt_control,2,9.0,0.25,Felt that shouldn't take too much more through greed but also good to have more vs stranger,Self-interest,3,0.3245894122174884,0.4268860967263982,4,0.6257356478853578,0.33770697425361357,0.03655737786102861
control_kwlt::6103afcc83916ef8ecf8b1c8,6103afcc83916ef8ecf8b1c8,control_kwlt,lt,0,0,lt_control,2,6.0,0.5,"Same answer as before, I believe in equality and parity",Moral,1,-0.2937265868407035,-0.04414309944299319,3,0.7270089158503146,0.24614332647722914,0.026847757672456285
control_kwlt::6105ba07b4fa0867eaed2f5b,6105ba07b4fa0867eaed2f5b,control_kwlt,lt,0,0,lt_control,2,12.0,0.0,Thats what the person was allocated.,No clear justification,0,-0.2545043127786113,-0.04126187975682976,3,0.7214308112126578,0.2518708562066857,0.026698332580656493
control_kwlt::61084749cf11f78690969210,61084749cf11f78690969210,control_kwlt,lt,0,0,lt_control,2,6.0,0.5,So both get an equal amount,Moral,1,0.31909138758393246,-0.04632235777753479,4,0.6363830781276004,0.34045594677756535,0.02316097509483422
control_kwlt::610ac4d36cd609092b9815ca,610ac4d36cd609092b9815ca,control_kwlt,lt,0,0,lt_control,1,4.0,0.6666666666666667,"I decided to give the other participant 4 dollars because I think that is a fair amount to allocate to someone. When I was moving the slider, I knew that I was going to be allocating some amount of money to the other participant and 4 felt like the right number to me.",Moral,1,0.1683230347431761,-0.03886078796577347,3,0.6592451239606861,0.31650686138476325,0.02424801465455068
control_kwlt::610c940475aedaf9c70a190e,610c940475aedaf9c70a190e,control_kwlt,lt,0,0,lt_control,2,6.0,0.5,Why not? I don't know how the bonus will be allocated and it seems fair to try and equalize our $ amounts.,Moral,1,-0.43292701882826806,-0.03844273107017893,3,0.7460435092734893,0.22617513582291215,0.027781354903598565
control_kwlt::61128a785cde987fd0b18ac8,61128a785cde987fd0b18ac8,control_kwlt,lt,0,0,lt_control,2,7.5,0.375,"The other person won some money, so I didn't feel that they needed more.",Self-interest,3,0.31909138758393263,-0.04632235777753479,4,0.6363830781276004,0.3404559467775654,0.02316097509483422
control_kwlt::6113d05ff415bab1824688e3,6113d05ff415bab1824688e3,control_kwlt,lt,0,0,lt_control,1,8.0,0.3333333333333333,I didnt want to lessen my share,Self-interest,3,0.1683230347431761,-0.03886078796577347,3,0.6592451239606861,0.31650686138476325,0.02424801465455068
control_kwlt::61153455405f1e389764b2a3,61153455405f1e389764b2a3,control_kwlt,lt,0,0,lt_control,2,8.0,0.3333333333333333,"Since they have received money already, I think they are okay and there isn't a reason to make it fully equal necessarily",Self-interest,3,0.1683230347431761,-0.03886078796577347,3,0.6592451239606861,0.31650686138476325,0.02424801465455068
control_kwlt::61167ac051d9dca3173af391,61167ac051d9dca3173af391,control_kwlt,lt,0,0,lt_control,2,8.0,0.3333333333333333,I like the ratio as it is. Its fine as i doint know the other person.,Self-interest,3,-0.2343591818712162,-0.024618624461794542,2,0.7182400195448464,0.25474422240125416,0.027015758053899438
control_kwlt::611c4b67ef5ef50313395ffb,611c4b67ef5ef50313395ffb,control_kwlt,lt,0,0,lt_control,1,6.0,0.5,I was still in charge but felt that the other participant should get something.,Moral,1,-0.27434015418824875,-0.02752359075188583,2,0.7239472268018522,0.2488802004628819,0.02717257273526588
control_kwlt::612f538747ef6b8c305a49b3,612f538747ef6b8c305a49b3,control_kwlt,lt,0,0,lt_control,2,6.0,0.5,by giving 2 it means we both end up with exactly the same amount,Moral,1,-0.06171364947513633,-0.05067652907069,4,0.6938059520656559,0.28085585526866186,0.025338192665682248
control_kwlt::6133c95920f36041dbf40fba,6133c95920f36041dbf40fba,control_kwlt,lt,0,0,lt_control,1,10.0,0.1666666666666666,felt it was a good choice,No clear justification,0,-0.2937265868407035,-0.04414309944299319,3,0.7270089158503146,0.24614332647722914,0.026847757672456285
control_kwlt::61506c47ba993182b68a73d6,61506c47ba993182b68a73d6,control_kwlt,lt,0,0,lt_control,1,6.0,0.5,So it would be even for both,Moral,1,0.1683230347431761,-0.03886078796577347,3,0.6592451239606861,0.31650686138476325,0.02424801465455068
control_kwlt::615239af65358edf57e7a095,615239af65358edf57e7a095,control_kwlt,lt,0,0,lt_control,1,4.0,0.6666666666666667,I chose the allocation of transferring $4 to the other person as a way of being helpful. I felt like since I had more money I should give some money to the other person. It was my way of being generous.,Moral,1,-0.0617136494751363,-0.050676529070690035,4,0.6938059520656559,0.28085585526866186,0.025338192665682248
control_kwlt::615374d9fd9b41728babd974,615374d9fd9b41728babd974,control_kwlt,lt,0,0,lt_control,2,6.0,0.5,"Since I don't know how much effort this person put in, I decided to make the allocation as fair as possible.",Moral,1,-0.4482373615614157,-0.05485113130401024,4,0.7484564738128856,0.2241181293459907,0.027425396841123665
control_kwlt::61571867e8afc5737263fcfe,61571867e8afc5737263fcfe,control_kwlt,lt,0,0,lt_control,1,6.0,0.5,i chose this so we would have equal amounts,Moral,1,0.31909138758393263,-0.04632235777753479,4,0.6363830781276004,0.3404559467775654,0.02316097509483422
control_kwlt::61588a883213fd00ccae7c21,61588a883213fd00ccae7c21,control_kwlt,lt,0,0,lt_control,2,4.0,0.6666666666666667,"Because it is fair, I have been brought up believeing that equality is important and its kind to share.",Moral,1,0.31909138758393246,-0.04632235777753479,4,0.6363830781276004,0.34045594677756535,0.02316097509483422
control_kwlt::6159f89455d1810d6cc8c86b,6159f89455d1810d6cc8c86b,control_kwlt,lt,0,0,lt_control,2,4.0,0.6666666666666667,I thought this was a fair allocation.,Moral,1,-0.06145404081055491,-0.03178165476072698,2,0.693409797223655,0.2807834826973948,0.025806720078950227
control_kwlt::615ded1a0b5ad33384c0326e,615ded1a0b5ad33384c0326e,control_kwlt,lt,0,0,lt_control,2,6.0,0.5,To make things fair,Moral,1,-0.06145404081055491,-0.03178165476072698,2,0.693409797223655,0.2807834826973948,0.025806720078950227
control_kwlt::615e68b3f55d1cf5f6defc2a,615e68b3f55d1cf5f6defc2a,control_kwlt,lt,0,0,lt_control,2,6.0,0.5,Trying to keep it fair.,Moral,1,-0.06171364947513633,-0.05067652907069,4,0.6938059520656559,0.28085585526866186,0.025338192665682248
control_kwlt::615f097035d3a6a38238039b,615f097035d3a6a38238039b,control_kwlt,lt,0,0,lt_control,1,8.0,0.3333333333333333,I didn’t want to transfer anything to the other participants,Self-interest,3,-0.4482373615614157,-0.05485113130401024,4,0.7484564738128856,0.2241181293459907,0.027425396841123665
control_kwlt::616202f3ca5b3ab47923ee80,616202f3ca5b3ab47923ee80,control_kwlt,lt,0,0,lt_control,1,6.0,0.5,I wanted to make each of our amounts equal because this is fair,Moral,1,-0.4482373615614157,-0.05485113130401024,4,0.7484564738128856,0.2241181293459907,0.027425396841123665
control_kwlt::61762d78247d96d4b4b6c132,61762d78247d96d4b4b6c132,control_kwlt,lt,0,0,lt_control,2,8.0,0.3333333333333333,I still think 25% is fair.,Moral,1,-0.06171364947513633,-0.05067652907069,4,0.6938059520656559,0.28085585526866186,0.025338192665682248
control_kwlt::62029887ef1cb18a1337c2e4,62029887ef1cb18a1337c2e4,control_kwlt,lt,0,0,lt_control,2,10.0,0.1666666666666666,"i want to be a little selfish and take more money but since i am taking away someone else's allocation, i would want it to at least be equal to a fair result",Moral,1,0.17152355094219582,0.4384521697136668,3,0.6482243380878459,0.3133436321064592,0.0384320298056949
control_kwlt::62681384fd4e3b590854ac76,62681384fd4e3b590854ac76,control_kwlt,lt,0,0,lt_control,1,6.0,0.5,"Two people have been given something for no reason. Both are equally deserving, both should get the same. I would hope other people think the same. I'm in a strong position personally, and physically, I can take anything I want. But it is important to be fair.",Moral,1,-0.05636649011983786,0.4202349084585981,4,0.6819338571074661,0.2781823785743296,0.03988376431820422
control_kwlt::6272bd000471b3d9ed5d4da5,6272bd000471b3d9ed5d4da5,control_kwlt,lt,0,0,lt_control,1,6.0,0.5,"With this $2 allocation, both parties now have the same amount.",Moral,1,0.1683230347431761,-0.03886078796577347,3,0.6592451239606861,0.31650686138476325,0.02424801465455068
control_kwlt::627939f8be425f07943f0533,627939f8be425f07943f0533,control_kwlt,lt,0,0,lt_control,1,8.0,0.3333333333333333,"I feel better about giving money away than taking it from others, but want to give myself the advantage of the luck of allocation",Self-interest,3,-0.028527228060907024,-0.01714256206145264,1,0.6882857048777671,0.28573775013476477,0.025976544987468205
control_kwlt::6286800999a782f0e51954a5,6286800999a782f0e51954a5,control_kwlt,lt,0,0,lt_control,2,6.0,0.5,Small amount to split to be fair,Moral,1,-0.0617136494751363,-0.050676529070690035,4,0.6938059520656559,0.28085585526866186,0.025338192665682248
control_kwlt::62a720d11331233ff4d813d5,62a720d11331233ff4d813d5,control_kwlt,lt,0,0,lt_control,1,6.0,0.5,"I chose to give $2.00 to the other participant so that both of us would have $6 each. That is the fair thing to do. Since the money amounts to a gift that neither of us worked to achieve, I think the fair idea would be to split the money evenly.",Moral,1,0.1683230347431761,-0.03886078796577347,3,0.6592451239606861,0.31650686138476325,0.02424801465455068
control_kwlt::62b6cb277460cccbc8f27ad5,62b6cb277460cccbc8f27ad5,control_kwlt,lt,0,0,lt_control,1,6.0,0.5,this would then give us both 6 each,Moral,1,-0.06171364947513633,-0.05067652907069,4,0.6938059520656559,0.28085585526866186,0.025338192665682248
control_kwlt::62e04413fd91f451e42d558d,62e04413fd91f451e42d558d,control_kwlt,lt,0,0,lt_control,2,5.0,0.5833333333333333,It is a nice middle ground to give to someone.,Moral,1,-0.0617136494751363,-0.050676529070690035,4,0.6938059520656559,0.28085585526866186,0.025338192665682248
control_kwlt::62ea814597e4669c86d1eb46,62ea814597e4669c86d1eb46,control_kwlt,lt,0,0,lt_control,1,12.0,0.0,I am willing to take the risk of stealing from someone I don't know to gain better for myself in this situation.,Self-interest,3,0.31909138758393263,-0.04632235777753479,4,0.6363830781276004,0.3404559467775654,0.02316097509483422
control_kwlt::62fb79ce60f92702f85d1e40,62fb79ce60f92702f85d1e40,control_kwlt,lt,0,0,lt_control,1,12.0,0.0,I want as much money as possible for myself. I think the other person will do the same anyway.,Self-interest,3,-0.06171364947513633,-0.05067652907069,4,0.6938059520656559,0.28085585526866186,0.025338192665682248
control_kwlt::62fcf3d9948e4a6a9623cce8,62fcf3d9948e4a6a9623cce8,control_kwlt,lt,0,0,lt_control,2,6.0,0.5,This would give us the same bonus amount which I felt was fair.,Moral,1,-0.06171364947513633,-0.05067652907069,4,0.6938059520656559,0.28085585526866186,0.025338192665682248
control_kwlt::63038b2eaffacfbe936164c1,63038b2eaffacfbe936164c1,control_kwlt,lt,0,0,lt_control,2,8.0,0.3333333333333333,I chose not to change the amount and leave it as fairly as it has been done,Moral,1,-0.06171364947513631,-0.05067652907069,4,0.6938059520656559,0.28085585526866186,0.025338192665682248
control_kwlt::6308dca0fefa374b1d697aba,6308dca0fefa374b1d697aba,control_kwlt,lt,0,0,lt_control,2,6.0,0.5,keep it even and fair for both of us,Moral,1,0.9902985558711662,-0.03324080954353869,3,0.5319756205153967,0.44866505565145953,0.019359323833143843
control_kwlt::63132e0bd4c11adb849be441,63132e0bd4c11adb849be441,control_kwlt,lt,0,0,lt_control,1,8.0,0.3333333333333333,"I wouldn't want to take away anything from someone, and it is imaginary dollars, so I didn't give anything away either",Self-interest,3,0.31909138758393263,-0.04632235777753479,4,0.6363830781276004,0.3404559467775654,0.02316097509483422
control_kwlt::6317466e77a46dec7e2909b4,6317466e77a46dec7e2909b4,control_kwlt,lt,0,0,lt_control,1,12.0,0.0,"Greedy, but better chance of getting a higher bonus",Self-interest,3,-0.06145404081055491,-0.03178165476072698,2,0.693409797223655,0.2807834826973948,0.025806720078950227
control_kwlt::631908a8cdd88ee53fb9a0d9,631908a8cdd88ee53fb9a0d9,control_kwlt,lt,0,0,lt_control,1,6.0,0.5,Because then we both have an equal share and without know anything about the other persons situation that seemed the most sensible option.,Moral,1,-0.06171364947513633,-0.05067652907069,4,0.6938059520656559,0.28085585526866186,0.025338192665682248
control_kwlt::6319fb160fc7f174e5861d1d,6319fb160fc7f174e5861d1d,control_kwlt,lt,0,0,lt_control,2,6.0,0.5,Its the only fair and equitable solution,Moral,1,-0.2297801079526741,-0.026633458153285116,2,0.7176309556798487,0.25543294634385894,0.026936097976292338
control_kwlt::631a0681c984d1b17396ac55,631a0681c984d1b17396ac55,control_kwlt,lt,0,0,lt_control,1,6.0,0.5,So that we have $6 each. I like to be fair.,Moral,1,-0.2545043127786113,-0.04126187975682976,3,0.7214308112126578,0.2518708562066857,0.026698332580656493
control_kwlt::631b20fe907d287dc6c1ea1e,631b20fe907d287dc6c1ea1e,control_kwlt,lt,0,0,lt_control,1,6.0,0.5,It seems like the most equitable outcome and I would be happy with $6,Moral,1,0.1683230347431761,-0.03886078796577347,3,0.6592451239606861,0.31650686138476325,0.02424801465455068
control_kwlt::632190bcf132c51acad8d760,632190bcf132c51acad8d760,control_kwlt,lt,0,0,lt_control,1,6.0,0.5,I found that this was the fairest way to split the money.,Moral,1,0.1683230347431761,-0.03886078796577347,3,0.6592451239606861,0.31650686138476325,0.02424801465455068
control_kwlt::633b0a148c59e60d29652fda,633b0a148c59e60d29652fda,control_kwlt,lt,0,0,lt_control,1,8.0,0.3333333333333333,I feel no guilt by allowing the randomness of the draw to happen as it did. I wouldn't expect anyone who is a random stranger to give me money if the roles were reversed and I only got $4. So I treated the other participant how I would want to be treated. If it was $12 and $0 then perhaps then I would have had to re evaluate due to the extremely large gap.,Moral,1,-0.05636649011983786,0.4202349084585979,4,0.6819338571074661,0.2781823785743296,0.039883764318204215
control_kwlt::63469936667ba15958274dc7,63469936667ba15958274dc7,control_kwlt,lt,0,0,lt_control,2,6.0,0.5,I chose what I felt morally correct to give as we are both working the same amount and doing the same task.,Moral,1,0.31909138758393263,-0.04632235777753479,4,0.6363830781276004,0.3404559467775654,0.02316097509483422
control_kwlt::6346b5a6ea546c77fae4c827,6346b5a6ea546c77fae4c827,control_kwlt,lt,0,0,lt_control,1,6.0,0.5,I chose $2 so that they would end up with $6 and so would I. I don't know them and why should I get more than them? I don't deserve it more than my partner does.,Moral,1,-0.06171364947513633,-0.05067652907069,4,0.6938059520656559,0.28085585526866186,0.025338192665682248
control_kwlt::63614851eba9f853fc9ffb45,63614851eba9f853fc9ffb45,control_kwlt,lt,0,0,lt_control,1,6.0,0.5,I think is the fair option to choose and we both did the same work so should be paid the same.,Moral,1,-0.0617136494751363,-0.050676529070690035,4,0.6938059520656559,0.28085585526866186,0.025338192665682248
control_kwlt::63d15a7517e523b16d71c5a9,63d15a7517e523b16d71c5a9,control_kwlt,lt,0,0,lt_control,2,8.0,0.3333333333333333,"I did not want to take from the other participant, but I wanted to keep what I felt was already mine.",Self-interest,3,0.31909138758393263,-0.04632235777753479,4,0.6363830781276004,0.3404559467775654,0.02316097509483422
control_kwlt::63d276cb9267b23170884be3,63d276cb9267b23170884be3,control_kwlt,lt,0,0,lt_control,1,7.0,0.4166666666666666,"I didn't want to seem mean, but then I started with more so why shouldn't I keep my advantage?",Self-interest,3,0.6974165068802903,-0.041918484913020464,4,0.5777441953137519,0.4012970549122865,0.020958749773961633
control_kwlt::63d2a265f30f192a148f83cc,63d2a265f30f192a148f83cc,control_kwlt,lt,0,0,lt_control,2,8.0,0.3333333333333333,It seemed fair to stick with what we had been allocated,Moral,1,-0.4482373615614157,-0.05485113130401024,4,0.7484564738128856,0.2241181293459907,0.027425396841123665
control_kwlt::63d405a83ba700cc5bb12e9c,63d405a83ba700cc5bb12e9c,control_kwlt,lt,0,0,lt_control,2,8.0,0.3333333333333333,"I get what the minus means now, it means I can take the participants money. I wouldn't do this but I wouldn't be willing to give a stranger any of my money either",Self-interest,3,0.15852239603760926,-0.024537690007201136,2,0.6604743849046749,0.3148768572717353,0.02464875782358966
control_kwlt::63d445e3a5aba6622cd022d4,63d445e3a5aba6622cd022d4,control_kwlt,lt,0,0,lt_control,1,6.0,0.5,It seems the fairest solution that both participants get the same amount.,Moral,1,0.1683230347431761,-0.03886078796577347,3,0.6592451239606861,0.31650686138476325,0.02424801465455068
control_kwlt::63d53d150a864eb06120bb88,63d53d150a864eb06120bb88,control_kwlt,lt,0,0,lt_control,1,12.0,0.0,I want his money,Self-interest,3,-0.20869228974964069,-0.00954402011266275,1,0.7142810798622194,0.2584576702188187,0.02726124991896183
control_kwlt::63d7a7a1d17deb01f7afddd2,63d7a7a1d17deb01f7afddd2,control_kwlt,lt,0,0,lt_control,2,4.0,0.6666666666666667,"I actually would have transferred $2 - again, for equality. But $4 is fine. I'd rather the other person had more if the other option was to make me feel greedy",Moral,1,0.31909138758393263,-0.04632235777753479,4,0.6363830781276004,0.3404559467775654,0.02316097509483422
control_kwlt::63d7cbbc05916152378dfcb5,63d7cbbc05916152378dfcb5,control_kwlt,lt,0,0,lt_control,1,10.0,0.1666666666666666,evens it out,Moral,1,-0.2343591818712162,-0.024618624461794542,2,0.7182400195448464,0.25474422240125416,0.027015758053899438
control_kwlt::63d7f363c1c417a758d5b4ea,63d7f363c1c417a758d5b4ea,control_kwlt,lt,0,0,lt_control,1,7.0,0.4166666666666666,"I look at it kind of like a lottery and I won a bigger allocation, but I decided to go ahead and give a small amount to the other person.",Moral,1,0.31909138758393263,-0.04632235777753479,4,0.6363830781276004,0.3404559467775654,0.02316097509483422
control_kwlt::63dafeda84d9a5e684adb6be,63dafeda84d9a5e684adb6be,control_kwlt,lt,0,0,lt_control,2,8.0,0.3333333333333333,I didn't want to give them anything,Self-interest,3,-0.03462196127303281,-0.015062910351435086,1,0.6891439641149328,0.2847897250202247,0.0260663108648424
control_kwlt::63ea48a5aebf913c16ce4c9e,63ea48a5aebf913c16ce4c9e,control_kwlt,lt,0,0,lt_control,2,12.0,0.0,I chose to steal,No clear justification,0,-0.06171364947513631,-0.05067652907069,4,0.6938059520656559,0.28085585526866186,0.025338192665682248
control_kwlt::63f8705ae362b217290d08c2,63f8705ae362b217290d08c2,control_kwlt,lt,0,0,lt_control,1,6.0,0.5,"balanced, so each receive 6",Moral,1,-0.2545043127786113,-0.04126187975682976,3,0.7214308112126578,0.2518708562066857,0.026698332580656493
control_kwlt::640152774945eb00209175b4,640152774945eb00209175b4,control_kwlt,lt,0,0,lt_control,1,6.0,0.5,I chose the amount of 2 dollars because it felt like a fair amount to pass on to the other person which allowed me to keep a majority of what I started with while still giving them some to raise their amount. It was an amount I would feel happy with while also not feeling guilty about. I think the negative amounts would just be plain mean.,Moral,1,0.3245894122174884,0.4268860967263982,4,0.6257356478853578,0.33770697425361357,0.03655737786102861
control_kwlt::640242b8a64a7390539f302b,640242b8a64a7390539f302b,control_kwlt,lt,0,0,lt_control,1,8.0,0.3333333333333333,"I didn't want to take anything away from the other person, but I also wanted to keep what I had for myself. It felt like the most morally neutral choice.",Moral,1,0.1683230347431761,-0.03886078796577347,3,0.6592451239606861,0.31650686138476325,0.02424801465455068
control_kwlt::64136140e1cce438bf993257,64136140e1cce438bf993257,control_kwlt,lt,0,0,lt_control,1,4.0,0.6666666666666667,I believe that most people are just trying to make it and get by. I think the words 'treat others how you want to be treated' are important. I would hope that someone would also consider doing the same if they were in my position. This way everyone leaves the table with something.,Moral,1,-0.4136118849944954,-0.023525752871459398,2,0.7431087623161966,0.22881338385575273,0.02807785382805066
control_kwlt::64136981aa9af9154f69c8d7,64136981aa9af9154f69c8d7,control_kwlt,lt,0,0,lt_control,1,6.0,0.5,It just feels fair for both participants to receive the same amount of bonus,Moral,1,0.36201255054294706,0.44882910833283607,3,0.6195570689192931,0.3434713310338068,0.03697160004690006
control_kwlt::641c8d70daf41e655220606d,641c8d70daf41e655220606d,control_kwlt,lt,0,0,lt_control,2,6.0,0.5,I have chosen to transfer the amount that would mean that both participants have an equal amount as I believe this is fair.,Moral,1,-0.06145404081055491,-0.03178165476072698,2,0.693409797223655,0.2807834826973948,0.025806720078950227
control_kwlt::642727be26e2e928b64f0ab0,642727be26e2e928b64f0ab0,control_kwlt,lt,0,0,lt_control,1,10.0,0.1666666666666666,Because it left them some money.,Moral,1,-0.06171364947513633,-0.05067652907069,4,0.6938059520656559,0.28085585526866186,0.025338192665682248
control_kwlt::643808a66bb6ef1aff6bcf27,643808a66bb6ef1aff6bcf27,control_kwlt,lt,0,0,lt_control,2,8.0,0.3333333333333333,I though that was fair. I didn't take away and what have they don't?,Moral,1,-0.27434015418824875,-0.02752359075188583,2,0.7239472268018522,0.2488802004628819,0.02717257273526588
control_kwlt::64403df6a907abab42be962a,64403df6a907abab42be962a,control_kwlt,lt,0,0,lt_control,1,5.0,0.5833333333333333,I wanted to share what I have,Moral,1,-0.06145404081055491,-0.03178165476072698,2,0.693409797223655,0.2807834826973948,0.025806720078950227
control_kwlt::6444b1e677ebe8b4e2c23abd,6444b1e677ebe8b4e2c23abd,control_kwlt,lt,0,0,lt_control,2,8.0,0.3333333333333333,I already have double the amount of money compared to the other person. I would like to keep my money and not take any of theirs.,Self-interest,3,0.23611792323306724,-0.007750526821043635,1,0.6484058389618463,0.32702533097915953,0.02456883005899412
control_kwlt::644655c01a3123d677fe7b2d,644655c01a3123d677fe7b2d,control_kwlt,lt,0,0,lt_control,1,8.0,0.3333333333333333,"we are both getting something, I didnt want to take away from their total but I didnt want to take from mine either. We are both 'up'",Moral,1,-0.0617136494751363,-0.050676529070690035,4,0.6938059520656559,0.28085585526866186,0.025338192665682248
control_kwlt::644a4cace89b63c509a1e3df,644a4cace89b63c509a1e3df,control_kwlt,lt,0,0,lt_control,1,8.0,0.3333333333333333,because I do not want to give any money but it would not be fair to take money from them either.,Moral,1,-0.4482373615614157,-0.05485113130401024,4,0.7484564738128856,0.2241181293459907,0.027425396841123665
control_kwlt::644bdfbf6078442ff277a4bb,644bdfbf6078442ff277a4bb,control_kwlt,lt,0,0,lt_control,1,7.0,0.4166666666666666,"I wanted to give something, so that I didn't appear mean. However as I had been allocated more, I thought it was fair that I should end up with a little more.",Moral,1,-0.4245060448938832,0.4361396134227908,3,0.7321471494887948,0.2240370124508021,0.04381583806040307
control_kwlt::644bf7fe4fa5d41d1b261946,644bf7fe4fa5d41d1b261946,control_kwlt,lt,0,0,lt_control,2,6.0,0.5,"As the other participant already have 4 pound, allocating extra 2 pound is a decent amount of money for someone who I dont know.",Moral,1,-0.05636649011983783,0.42023490845859807,4,0.6819338571074661,0.2781823785743296,0.039883764318204215
control_kwlt::645e658a29c3e2cefef490b6,645e658a29c3e2cefef490b6,control_kwlt,lt,0,0,lt_control,2,12.0,0.0,"It's at this point where I realised that in the initial allocation, the other person may have taken my entire allowance. I bedgrudgingly took the $4 here because I believe I may need that money more than the other person, though I might be wrong and making justifications. I already feel guilty in taking it but I think the chances that the first match I had took everything I had was reasonably high, especially in this cost of living climate.",Self-interest,3,-0.0617136494751363,-0.050676529070690035,4,0.6938059520656559,0.28085585526866186,0.025338192665682248
control_kwlt::64666a24d4af630f6124f177,64666a24d4af630f6124f177,control_kwlt,lt,0,0,lt_control,2,6.0,0.5,I think it's only fair that we both get the same amount.,Moral,1,-0.4482373615614157,-0.05485113130401024,4,0.7484564738128856,0.2241181293459907,0.027425396841123665
control_kwlt::646bf9533847a5cbaac4825c,646bf9533847a5cbaac4825c,control_kwlt,lt,0,0,lt_control,1,6.0,0.5,I just wanted to be completely fair and split the $12 evenly between me and the other participant.,Moral,1,-0.0617136494751363,-0.050676529070690035,4,0.6938059520656559,0.28085585526866186,0.025338192665682248
control_kwlt::647205d8a9928c1f1f9ca9b9,647205d8a9928c1f1f9ca9b9,control_kwlt,lt,0,0,lt_control,1,6.0,0.5,It is only fair that we both get equal amounts,Moral,1,0.4462864771552321,-0.014455249872419468,1,0.6162811222853831,0.3606233245622473,0.023095553152369507
control_kwlt::64e61891542003e1b394bad3,64e61891542003e1b394bad3,control_kwlt,lt,0,0,lt_control,2,6.0,0.5,Same reason as before its bonus money and i should share it equally,Moral,1,0.15852239603760926,-0.024537690007201136,2,0.6604743849046749,0.3148768572717353,0.02464875782358966
control_kwlt::64fb1c70c9719e368a47142d,64fb1c70c9719e368a47142d,control_kwlt,lt,0,0,lt_control,2,6.0,0.5,It seems fair that both participants get 50% of the money. It is what I would hope the other participant would do if the allocations were reversed.,Moral,1,0.31909138758393263,-0.04632235777753479,4,0.6363830781276004,0.3404559467775654,0.02316097509483422
control_kwlt::64fb7a063c124d3259221f63,64fb7a063c124d3259221f63,control_kwlt,lt,0,0,lt_control,2,8.0,0.3333333333333333,I don't know what the other person is going to do so I'd rather just keep what I have,Self-interest,3,-0.06171364947513633,-0.05067652907069,4,0.6938059520656559,0.28085585526866186,0.025338192665682248
control_kwlt::65017e37444eabcb98a0f4c9,65017e37444eabcb98a0f4c9,control_kwlt,lt,0,0,lt_control,2,6.0,0.5,I feel we both deserve equal pay as we both contributed eqaully to the task,Moral,1,-0.4482373615614157,-0.05485113130401024,4,0.7484564738128856,0.2241181293459907,0.027425396841123665
control_kwlt::6534cceb3847273f3c9b8239,6534cceb3847273f3c9b8239,control_kwlt,lt,0,0,lt_control,1,6.0,0.5,I would like to give the other person some of my money so we both gain equally,Moral,1,-0.0617136494751363,-0.050676529070690035,4,0.6938059520656559,0.28085585526866186,0.025338192665682248
control_kwlt::653e8aa7a31cfbf34da5939a,653e8aa7a31cfbf34da5939a,control_kwlt,lt,0,0,lt_control,1,6.0,0.5,Because this is fair and makes the amount we receive equal.,Moral,1,-0.05636649011983786,0.4202349084585981,4,0.6819338571074661,0.2781823785743296,0.03988376431820422
control_kwlt::6543b26af1e6e62e562a4177,6543b26af1e6e62e562a4177,control_kwlt,lt,0,0,lt_control,2,6.0,0.5,"i think allocation should be fair, i would expect my friends to share evenly with me and i expect them to think the same of me",Moral,1,-0.4482373615614157,-0.05485113130401024,4,0.7484564738128856,0.2241181293459907,0.027425396841123665
control_kwlt::6544fdc7d89f7e26184cd12e,6544fdc7d89f7e26184cd12e,control_kwlt,lt,0,0,lt_control,1,6.0,0.5,It equalizes our outcomes,Moral,1,0.31909138758393263,-0.04632235777753479,4,0.6363830781276004,0.3404559467775654,0.02316097509483422
control_kwlt::6545400d6d15a71561d3d2e9,6545400d6d15a71561d3d2e9,control_kwlt,lt,0,0,lt_control,1,4.0,0.6666666666666667,"I wanted to transfer $2 to make it equal, but since I had to make a minimum of $4. that's why I chose $4.",Moral,1,-0.2937265868407035,-0.04414309944299319,3,0.7270089158503146,0.24614332647722914,0.026847757672456285
control_kwlt::65465ad50fb5c91a7da03f86,65465ad50fb5c91a7da03f86,control_kwlt,lt,0,0,lt_control,2,6.0,0.5,Split everything evenly.,Moral,1,0.31909138758393263,-0.04632235777753479,4,0.6363830781276004,0.3404559467775654,0.02316097509483422
control_kwlt::6548ecb8df0db5617e001aef,6548ecb8df0db5617e001aef,control_kwlt,lt,0,0,lt_control,2,4.0,0.6666666666666667,I feel that this is a fair amount to transfer to the other contestant.,Moral,1,-0.06171364947513631,-0.050676529070690035,4,0.6938059520656559,0.28085585526866186,0.025338192665682248
control_kwlt::654a44f14e8b1c1546d9b83b,654a44f14e8b1c1546d9b83b,control_kwlt,lt,0,0,lt_control,1,4.0,0.6666666666666667,"I tend to give away more that I have. I would feel bad if someone had less than me, to the point of hurting my own finances.",Moral,1,0.12981150255857674,-0.040940945267991254,3,0.6651008461547118,0.310467251555438,0.02443190228985023
control_kwlt::6563b8c95e1de3467955294d,6563b8c95e1de3467955294d,control_kwlt,lt,0,0,lt_control,1,6.0,0.5,Fair is fair. If I was given that random amount I would want to share it so that each of us would have equal shares. :),Moral,1,-0.0617136494751363,-0.050676529070690035,4,0.6938059520656559,0.28085585526866186,0.025338192665682248
control_kwlt::65674bbe06cda795e73bfcce,65674bbe06cda795e73bfcce,control_kwlt,lt,0,0,lt_control,1,4.0,0.6666666666666667,I just felt it was an even split for the same amount of effort and time that we both provided to each other,Moral,1,-0.2516969022749566,0.4347561726852115,3,0.7089432082984144,0.2488253798428366,0.04223141185874904
control_kwlt::6569e71e2dc4cb2ac7e49e89,6569e71e2dc4cb2ac7e49e89,control_kwlt,lt,0,0,lt_control,1,6.5,0.4583333333333333,I do not want to come across greedy but also do not want to come across soft. So i opted for an inbetween strstegy,Moral,1,-0.2297801079526741,-0.026633458153285116,2,0.7176309556798487,0.25543294634385894,0.026936097976292338
control_kwlt::656de737da10444f5be8063e,656de737da10444f5be8063e,control_kwlt,lt,0,0,lt_control,2,6.0,0.5,I felt we were both doing the same survey so we should get equal amounts.,Moral,1,-0.4482373615614157,-0.05485113130401024,4,0.7484564738128856,0.2241181293459907,0.027425396841123665
control_kwlt::659434e70eca9f5cb8c6f1d5,659434e70eca9f5cb8c6f1d5,control_kwlt,lt,0,0,lt_control,2,6.0,0.5,I want both of us to have an equivalent distribution of the funds as I see no reason to take more than what would be a fair distribution between both people. I would expect them to do the same.,Moral,1,-0.4482373615614157,-0.05485113130401024,4,0.7484564738128856,0.2241181293459907,0.027425396841123665
control_kwlt::6598f71c3d07928cc1890b9f,6598f71c3d07928cc1890b9f,control_kwlt,lt,0,0,lt_control,2,6.0,0.5,so its fair for both of us,Moral,1,-0.2343591818712162,-0.024618624461794542,2,0.7182400195448464,0.25474422240125416,0.027015758053899438
control_kwlt::65a0af125aba9e5f885c0ff3,65a0af125aba9e5f885c0ff3,control_kwlt,lt,0,0,lt_control,2,8.0,0.3333333333333333,The original allocation works out in my favor already and I'd prefer not to take any money nor give it,Self-interest,3,-0.4482373615614157,-0.05485113130401024,4,0.7484564738128856,0.2241181293459907,0.027425396841123665
control_kwlt::65aafa301d1aa8daf91f5bee,65aafa301d1aa8daf91f5bee,control_kwlt,lt,0,0,lt_control,1,6.0,0.5,"It is fair. If I was the other participant, I would love to receive the same amount as the allocator.",Moral,1,0.6974165068802903,-0.041918484913020464,4,0.5777441953137519,0.4012970549122865,0.020958749773961633
control_kwlt::65af6825dc5ec1a8d28d4183,65af6825dc5ec1a8d28d4183,control_kwlt,lt,0,0,lt_control,2,8.0,0.3333333333333333,I want to keep my money allocated,Self-interest,3,0.5479580287500445,-0.037610646755262336,3,0.6009107647401829,0.377130693165245,0.02195854209457211
control_kwlt::65b3ed69eb1a6277cdc1ee3a,65b3ed69eb1a6277cdc1ee3a,control_kwlt,lt,0,0,lt_control,2,6.0,0.5,"It's only fair and the right decision, especially ifyou have the decision in your power.",Moral,1,0.31909138758393263,-0.04632235777753479,4,0.6363830781276004,0.3404559467775654,0.02316097509483422
control_kwlt::65b6bb9487ad05cb475fbba5,65b6bb9487ad05cb475fbba5,control_kwlt,lt,0,0,lt_control,1,6.0,0.5,Because this is the fair and generous and selfless thing to do - to split the allotted money evenly between the both of us.,Moral,1,0.3245894122174884,0.4268860967263982,4,0.6257356478853578,0.33770697425361357,0.03655737786102861
control_kwlt::65b6dc6d9d685626cfef6857,65b6dc6d9d685626cfef6857,control_kwlt,lt,0,0,lt_control,2,6.0,0.5,It would make things fair and equal.,Moral,1,0.35680540695951446,-0.03216206362779759,3,0.6303571645305273,0.3463919393489349,0.023250896120537844
control_kwlt::65c14eb17b368ee1ed773e03,65c14eb17b368ee1ed773e03,control_kwlt,lt,0,0,lt_control,1,7.0,0.4166666666666666,I wanted to keep as much of the money as possible,Self-interest,3,0.1649310650813343,-0.02655566432816287,2,0.6595412221690814,0.31589771968048086,0.02456105815043769
control_kwlt::65cb86f5d66c449d8c8f69af,65cb86f5d66c449d8c8f69af,control_kwlt,lt,0,0,lt_control,2,6.0,0.5,It would be fair and give us equal money,Moral,1,-0.2474541728883541,0.899007171138983,3,0.6903413110439967,0.2442381796632478,0.06542050929275567
control_kwlt::65cccdff4fd2300b7bfef505,65cccdff4fd2300b7bfef505,control_kwlt,lt,0,0,lt_control,1,6.0,0.5,I wanted it to be fair,Moral,1,0.1683230347431761,-0.03886078796577347,3,0.6592451239606861,0.31650686138476325,0.02424801465455068
control_kwlt::65d23bd4ff1b1b2309615228,65d23bd4ff1b1b2309615228,control_kwlt,lt,0,0,lt_control,1,5.0,0.5833333333333333,It seamed the right thing to do,Moral,1,-0.28985299205968196,0.4303619310087674,3,0.7143060005750242,0.24329883449060058,0.04239516493437523
control_kwlt::65dfc96e7508cdc692c77fa4,65dfc96e7508cdc692c77fa4,control_kwlt,lt,0,0,lt_control,2,3.0,0.75,It seemed fair,Moral,1,-0.03994212704579946,-0.03435519909169102,3,0.6902958571029703,0.28409049655497925,0.02561364634205055
control_kwlt::65e93461002cbec4e9a28f80,65e93461002cbec4e9a28f80,control_kwlt,lt,0,0,lt_control,1,6.5,0.4583333333333333,it gives me a good amount to keep for myself,Self-interest,3,-0.06145404081055491,-0.03178165476072698,2,0.693409797223655,0.2807834826973948,0.025806720078950227
control_kwlt::65ea3ad7b77c607619e7def6,65ea3ad7b77c607619e7def6,control_kwlt,lt,0,0,lt_control,1,12.0,0.0,It is important that I get as much money as possible for my potential bonus payment.,Self-interest,3,0.31909138758393263,-0.04632235777753479,4,0.6363830781276004,0.3404559467775654,0.02316097509483422
control_kwlt::65f188fa5c340214664f1951,65f188fa5c340214664f1951,control_kwlt,lt,0,0,lt_control,2,6.0,0.5,I think it's the most fair. I wasn't chosen to receive the higher amount for any reason.,Moral,1,-0.2297801079526741,-0.026633458153285116,2,0.7176309556798487,0.25543294634385894,0.026936097976292338
control_kwlt::65fcc84e70796a69373bcd0e,65fcc84e70796a69373bcd0e,control_kwlt,lt,0,0,lt_control,1,6.0,0.5,I snet 2 because then we would each have equal amounts,Moral,1,-0.06171364947513633,-0.05067652907069,4,0.6938059520656559,0.28085585526866186,0.025338192665682248
control_kwlt::660338e4a1acbad65a2955ec,660338e4a1acbad65a2955ec,control_kwlt,lt,0,0,lt_control,2,4.0,0.6666666666666667,I think we should have similar amounts after all is said and done.,Moral,1,-0.06171364947513631,-0.05067652907069,4,0.6938059520656559,0.28085585526866186,0.025338192665682248
control_kwlt::66047cf334cba5fe8be31eeb,66047cf334cba5fe8be31eeb,control_kwlt,lt,0,0,lt_control,2,12.0,0.0,To see what transpires after the other party has made their decision. Like a game,No clear justification,0,0.1649310650813343,-0.02655566432816287,2,0.6595412221690814,0.31589771968048086,0.02456105815043769
control_kwlt::660d5572c059afcbc587f8ac,660d5572c059afcbc587f8ac,control_kwlt,lt,0,0,lt_control,2,6.0,0.5,it is fair to share equally,Moral,1,-0.4482373615614157,-0.05485113130401024,4,0.7484564738128856,0.2241181293459907,0.027425396841123665
control_kwlt::660d93e761fbbc2c4bd8e758,660d93e761fbbc2c4bd8e758,control_kwlt,lt,0,0,lt_control,2,6.0,0.5,to be fair,Moral,1,-0.06171364947513633,-0.05067652907069,4,0.6938059520656559,0.28085585526866186,0.025338192665682248
control_kwlt::66117731dd2d071debd435a4,66117731dd2d071debd435a4,control_kwlt,lt,0,0,lt_control,2,6.0,0.5,I think it should be fair.,Moral,1,0.31909138758393263,-0.04632235777753479,4,0.6363830781276004,0.3404559467775654,0.02316097509483422
control_kwlt::66131cf497c722e7c66752d5,66131cf497c722e7c66752d5,control_kwlt,lt,0,0,lt_control,2,6.0,0.5,It seems as though it would make the amounts match up and would be fair overall. Although it's obviously dependent on what the participant does,Moral,1,-0.4482373615614157,-0.05485113130401024,4,0.7484564738128856,0.2241181293459907,0.027425396841123665
control_kwlt::6617e789dda93f132b28b306,6617e789dda93f132b28b306,control_kwlt,lt,0,0,lt_control,2,10.0,0.1666666666666666,"They do not know how much I received, but by sending them $2 we end up with equal amounts. I dont' feel an obligation to let them end neither with more or less money than me,",Moral,1,-0.4482373615614157,-0.05485113130401024,4,0.7484564738128856,0.2241181293459907,0.027425396841123665
control_kwlt::661fc92a62f9024a3aa5d28d,661fc92a62f9024a3aa5d28d,control_kwlt,lt,0,0,lt_control,2,8.0,0.3333333333333333,I'll keep my allocation and earn any more money I need rather than just take it,Self-interest,3,0.5479580287500445,-0.037610646755262336,3,0.6009107647401829,0.377130693165245,0.02195854209457211
control_kwlt::66257a414b2977d75dcbd625,66257a414b2977d75dcbd625,control_kwlt,lt,0,0,lt_control,1,4.0,0.6666666666666667,"For reasons of fairness - we are both taking time and effort to complete the same survey, it just seems fair, I'd feel awkward if I had an unfair advantage. I'd hope if the situation was reversed, the other person would consider this option also, benefitting me.",Moral,1,-0.4482373615614157,-0.05485113130401024,4,0.7484564738128856,0.2241181293459907,0.027425396841123665
control_kwlt::66294441f6545cc65fd7e23f,66294441f6545cc65fd7e23f,control_kwlt,lt,0,0,lt_control,2,6.0,0.5,"I like to be fair, so I made sure we both have the same amount of money at the end",Moral,1,0.35680540695951446,-0.03216206362779759,3,0.6303571645305273,0.3463919393489349,0.023250896120537844
control_kwlt::662958eb81091be0624ab054,662958eb81091be0624ab054,control_kwlt,lt,0,0,lt_control,2,6.0,0.5,Everyone should be paid equally for completing the same study,Moral,1,-0.028527228060907024,-0.01714256206145264,1,0.6882857048777671,0.28573775013476477,0.025976544987468205
control_kwlt::662f8a3bc02a7f164555439a,662f8a3bc02a7f164555439a,control_kwlt,lt,0,0,lt_control,1,6.0,0.5,I chose $2 in hopes they send me $0 and therefore we would each have $6 at the end.,Moral,1,-0.03462196127303281,-0.015062910351435086,1,0.6891439641149328,0.2847897250202247,0.0260663108648424
control_kwlt::662fb3c5e1820641167cb02a,662fb3c5e1820641167cb02a,control_kwlt,lt,0,0,lt_control,2,6.0,0.5,its fair and even,Moral,1,0.31909138758393263,-0.04632235777753479,4,0.6363830781276004,0.3404559467775654,0.02316097509483422
control_kwlt::66338efe42ef272a6bce6b5a,66338efe42ef272a6bce6b5a,control_kwlt,lt,0,0,lt_control,2,6.0,0.5,"I chose this because, we would start out with the same amount. therefore we arre on equal playing fields.",Moral,1,-0.0617136494751363,-0.050676529070690035,4,0.6938059520656559,0.28085585526866186,0.025338192665682248
control_kwlt::66350a6a2e4e570ebbde861f,66350a6a2e4e570ebbde861f,control_kwlt,lt,0,0,lt_control,2,5.0,0.5833333333333333,I felt like sharing some of the money . I relly do not like to see others with an 0 amount.,Moral,1,0.35680540695951446,-0.03216206362779759,3,0.6303571645305273,0.3463919393489349,0.023250896120537844
control_kwlt::66371cc4de71aac65b5f1980,66371cc4de71aac65b5f1980,control_kwlt,lt,0,0,lt_control,1,6.0,0.5,"I wanted us each to have the same amount. I like to be fair. I don't want to be greedy. I didn't want to give all of it away, because Prolific is how I help pay for my family's groceries. But I also want to think of others.",Moral,1,0.31909138758393263,-0.04632235777753479,4,0.6363830781276004,0.3404559467775654,0.02316097509483422
control_kwlt::6638f1869e08291a2a97c4fb,6638f1869e08291a2a97c4fb,control_kwlt,lt,0,0,lt_control,2,6.0,0.5,a fair division of pay for two people doing the task,Moral,1,-0.028527228060907024,-0.01714256206145264,1,0.6882857048777671,0.28573775013476477,0.025976544987468205
control_kwlt::6640bdfe02e53e598b28c8a8,6640bdfe02e53e598b28c8a8,control_kwlt,lt,0,0,lt_control,1,5.0,0.5833333333333333,the allocation is random so only seems fair to give this amount as a split as I didn't earn it,Moral,1,-0.24967046032542345,-0.012448044664391925,1,0.7201579966200553,0.2524141807839747,0.027427822595970007
control_kwlt::664228a624fe120dff73fe02,664228a624fe120dff73fe02,control_kwlt,lt,0,0,lt_control,2,6.0,0.5,I was calculating which way would make this more fair and even. This is why I chose like I did.,Moral,1,0.6974165068802903,-0.041918484913020464,4,0.5777441953137519,0.4012970549122865,0.020958749773961633
control_kwlt::664230ff478688a0ab55d36d,664230ff478688a0ab55d36d,control_kwlt,lt,0,0,lt_control,2,6.0,0.5,It would equalize it out once again and we both could have the same amount I feel we deserve,Moral,1,0.31909138758393246,-0.04632235777753479,4,0.6363830781276004,0.34045594677756535,0.02316097509483422
control_kwlt::664515f07bf2c87db2ba3ac9,664515f07bf2c87db2ba3ac9,control_kwlt,lt,0,0,lt_control,2,6.0,0.5,Because then we walk out with $6 and all is fair.,Moral,1,0.31909138758393263,-0.04632235777753479,4,0.6363830781276004,0.3404559467775654,0.02316097509483422
control_kwlt::664a04b30f003bd2e95da94f,664a04b30f003bd2e95da94f,control_kwlt,lt,0,0,lt_control,2,6.0,0.5,I wanted the money to be equal for all parties.,Moral,1,-0.028527228060907024,-0.01714256206145264,1,0.6882857048777671,0.28573775013476477,0.025976544987468205
control_kwlt::664efd1322a0666254a51974,664efd1322a0666254a51974,control_kwlt,lt,0,0,lt_control,1,6.0,0.5,It's the sensible and fair choice to make. I made the choice because it agrees with my morals.,Moral,1,-0.06145404081055491,-0.03178165476072698,2,0.693409797223655,0.2807834826973948,0.025806720078950227
control_kwlt::66509dfc95969d3e9c64f2f1,66509dfc95969d3e9c64f2f1,control_kwlt,lt,0,0,lt_control,2,6.0,0.5,I wanted to make sure that we both ended up with the same amounts. I didnt want to take anything from them but also didnt want to short change myself.,Moral,1,-0.0617136494751363,-0.050676529070690035,4,0.6938059520656559,0.28085585526866186,0.025338192665682248
control_kwlt::6650f47bc2ef800182aa05f8,6650f47bc2ef800182aa05f8,control_kwlt,lt,0,0,lt_control,1,6.0,0.5,so my partner and I each have equal amounts,Moral,1,-0.4294591868289597,-0.04038152156795794,3,0.7456166311746436,0.22667347524940568,0.027709893575950682
control_kwlt::6651d67c16a15ab9a2efbe48,6651d67c16a15ab9a2efbe48,control_kwlt,lt,0,0,lt_control,1,8.0,0.3333333333333333,"I didn't want to give up any of the money I'd been allocated to someone about whom I know nothing. At the same time, I didn't want to take any money away from this hypothetical person.",Moral,1,-0.03994212704579946,-0.03435519909169102,3,0.6902958571029703,0.28409049655497925,0.02561364634205055
control_kwlt::6651fc6fa76f8668988064e8,6651fc6fa76f8668988064e8,control_kwlt,lt,0,0,lt_control,1,6.0,0.5,This makes us both equal,Moral,1,-0.06171364947513633,-0.05067652907069,4,0.6938059520656559,0.28085585526866186,0.025338192665682248
control_kwlt::6653f8bc66ee537ef3ff0168,6653f8bc66ee537ef3ff0168,control_kwlt,lt,0,0,lt_control,2,8.0,0.3333333333333333,I just want to keep the amount we are initially provisioned.,Self-interest,3,-0.2545043127786113,-0.04126187975682976,3,0.7214308112126578,0.2518708562066857,0.026698332580656493
control_kwlt::6654847971e9e4d8aa4321eb,6654847971e9e4d8aa4321eb,control_kwlt,lt,0,0,lt_control,2,8.0,0.3333333333333333,So I can keep most of it,Self-interest,3,-0.4482373615614157,-0.05485113130401024,4,0.7484564738128856,0.2241181293459907,0.027425396841123665
control_kwlt::66572bc15acff114c6c4a7ce,66572bc15acff114c6c4a7ce,control_kwlt,lt,0,0,lt_control,1,6.0,0.5,"I like fairness and equality so we would both end up with $6, I would hope if the other participant was in my position they would do the same.",Moral,1,0.1683230347431761,-0.03886078796577347,3,0.6592451239606861,0.31650686138476325,0.02424801465455068
control_kwlt::66587a4361d2e3d1f0e2ffa8,66587a4361d2e3d1f0e2ffa8,control_kwlt,lt,0,0,lt_control,2,8.0,0.3333333333333333,I'm okay with having been given the amount I was given.,No clear justification,0,-0.2545043127786113,-0.04126187975682976,3,0.7214308112126578,0.2518708562066857,0.026698332580656493
control_kwlt::6658b1d67df7606690e4d6da,6658b1d67df7606690e4d6da,control_kwlt,lt,0,0,lt_control,1,8.0,0.3333333333333333,I didn't want them to lose any since they only had half my amount,Moral,1,-0.2545043127786113,-0.04126187975682976,3,0.7214308112126578,0.2518708562066857,0.026698332580656493
control_kwlt::6658b62f5e45cac0aaeb4bfc,6658b62f5e45cac0aaeb4bfc,control_kwlt,lt,0,0,lt_control,2,8.0,0.3333333333333333,"We each keep what we've been given, seems fair",Moral,1,-0.0617136494751363,-0.050676529070690035,4,0.6938059520656559,0.28085585526866186,0.025338192665682248
control_kwlt::6658b6a84c1d2a4e2d02df68,6658b6a84c1d2a4e2d02df68,control_kwlt,lt,0,0,lt_control,2,6.5,0.4583333333333333,i chose this at random to see tha cause and effect,No clear justification,0,-0.03462196127303281,-0.015062910351435086,1,0.6891439641149328,0.2847897250202247,0.0260663108648424
control_kwlt::6658b7718052141aa21e749d,6658b7718052141aa21e749d,control_kwlt,lt,0,0,lt_control,1,6.0,0.5,so i would still have more money but made a contribution,Self-interest,3,0.1979040019800095,-0.022481820946910498,2,0.6544732257241872,0.32107154025215956,0.024455234023653172
control_kwlt::6658c7eda8960c58d35f2b18,6658c7eda8960c58d35f2b18,control_kwlt,lt,0,0,lt_control,1,12.0,0.0,Because I do not know the person so I want to keep as much as possible,Self-interest,3,-0.06145404081055491,-0.03178165476072698,2,0.693409797223655,0.2807834826973948,0.025806720078950227
control_kwlt::6659f6567651f4da7426a25e,6659f6567651f4da7426a25e,control_kwlt,lt,0,0,lt_control,2,8.0,0.3333333333333333,"Since they had funds, I chose not to take away from their funds and keep my funds to myself.",Self-interest,3,0.31909138758393263,-0.04632235777753479,4,0.6363830781276004,0.3404559467775654,0.02316097509483422
control_kwlt::665c6ee4155e88c33bcd1d3e,665c6ee4155e88c33bcd1d3e,control_kwlt,lt,0,0,lt_control,1,6.0,0.5,SO that we both got the same share of £6 each,Moral,1,-0.4482373615614157,-0.05485113130401024,4,0.7484564738128856,0.2241181293459907,0.027425396841123665
control_kwlt::665dcf25bfb5635f99d85d44,665dcf25bfb5635f99d85d44,control_kwlt,lt,0,0,lt_control,1,7.0,0.4166666666666666,"I think its fair, I have no reason not to give when they have a lower amount than me. Shows my peace offering, Im not unkind and money doesn't mean as much to me as being a kind person",Moral,1,-0.0617136494751363,-0.050676529070690035,4,0.6938059520656559,0.28085585526866186,0.025338192665682248
control_kwlt::665df9761e71be748c0f0013,665df9761e71be748c0f0013,control_kwlt,lt,0,0,lt_control,2,4.0,0.6666666666666667,"it wouldnt feel right with me to not share, that way we are both equal",Moral,1,-0.06171364947513633,-0.05067652907069,4,0.6938059520656559,0.28085585526866186,0.025338192665682248
control_kwlt::665e341114fbbafee8a19cc5,665e341114fbbafee8a19cc5,control_kwlt,lt,0,0,lt_control,1,6.0,0.5,"I wanted us to have the same amount, as that is most fair",Moral,1,-0.06171364947513633,-0.05067652907069,4,0.6938059520656559,0.28085585526866186,0.025338192665682248
control_kwlt::666062eebeee2e91dcde4add,666062eebeee2e91dcde4add,control_kwlt,lt,0,0,lt_control,1,6.0,0.5,because its only fair we both have the same- we did the same work right?,Moral,1,0.12981150255857674,-0.040940945267991254,3,0.6651008461547118,0.310467251555438,0.02443190228985023
control_kwlt::6661b48a07e7867867d69d5c,6661b48a07e7867867d69d5c,control_kwlt,lt,0,0,lt_control,2,6.0,0.5,Splitting it evenly,Moral,1,1.075148354909449,-0.03754241901568469,4,0.5187950775596698,0.462434623928064,0.018770298512266238
control_kwlt::6662284a47e15ebf4719c42f,6662284a47e15ebf4719c42f,control_kwlt,lt,0,0,lt_control,2,6.0,0.5,"Only fair, was allocated $8 from the $12, so sharing what I was allocated, leaving me with $6",Moral,1,-0.4482373615614157,-0.05485113130401024,4,0.7484564738128856,0.2241181293459907,0.027425396841123665
control_kwlt::6662ad148ef5e11fdf2dd894,6662ad148ef5e11fdf2dd894,control_kwlt,lt,0,0,lt_control,2,6.0,0.5,It is only fair if we are completing the same study we both have the same reward,Moral,1,-0.06171364947513633,-0.05067652907069,4,0.6938059520656559,0.28085585526866186,0.025338192665682248
control_kwlt::666355b585eb54794eb9f6c5,666355b585eb54794eb9f6c5,control_kwlt,lt,0,0,lt_control,1,6.0,0.5,"That way we'd both have $6, which seems the fairest approach",Moral,1,-0.4294591868289597,-0.04038152156795794,3,0.7456166311746436,0.22667347524940568,0.027709893575950682
control_kwlt::66635a6203c74dea6837a118,66635a6203c74dea6837a118,control_kwlt,lt,0,0,lt_control,2,6.0,0.5,to make sure we both have an even amount of money,Moral,1,0.31909138758393263,-0.04632235777753479,4,0.6363830781276004,0.3404559467775654,0.02316097509483422
control_kwlt::6666c0a8a6946a690bc0cdbf,6666c0a8a6946a690bc0cdbf,control_kwlt,lt,0,0,lt_control,1,4.0,0.6666666666666667,fair,Moral,1,-0.03462196127303281,-0.015062910351435086,1,0.6891439641149328,0.2847897250202247,0.0260663108648424
control_kwlt::666775aeaff08da8a359a0ba,666775aeaff08da8a359a0ba,control_kwlt,lt,0,0,lt_control,1,6.0,0.5,Transferring 2 gave us each an equal amount which is fair,Moral,1,-0.06171364947513633,-0.05067652907069,4,0.6938059520656559,0.28085585526866186,0.025338192665682248
control_kwlt::6669a9dd31aed01f0969b063,6669a9dd31aed01f0969b063,control_kwlt,lt,0,0,lt_control,1,6.0,0.5,"It is only right to be fair and it does not hurt or benefit me, for it is a free gift that I would be glad to share with the other participant. I think it would be wrong for me to keep it all or most of it to myself.",Moral,1,-0.4482373615614157,-0.05485113130401024,4,0.7484564738128856,0.2241181293459907,0.027425396841123665
control_kwlt::66706bf3288568808d36ff2c,66706bf3288568808d36ff2c,control_kwlt,lt,0,0,lt_control,2,8.0,0.3333333333333333,Honestly they are getting four dollars already and I want to keep the amount for myself.,Self-interest,3,0.6974165068802903,-0.041918484913020464,4,0.5777441953137519,0.4012970549122865,0.020958749773961633
control_kwlt::66719e649384370db5e1b1c9,66719e649384370db5e1b1c9,control_kwlt,lt,0,0,lt_control,1,4.0,0.6666666666666667,I chose to share the amount I had equally.,Moral,1,-0.06171364947513633,-0.05067652907069,4,0.6938059520656559,0.28085585526866186,0.025338192665682248
control_kwlt::6672e5e2b99cab96498a3126,6672e5e2b99cab96498a3126,control_kwlt,lt,0,0,lt_control,1,6.0,0.5,It's the fairest option; we'll end up with $6 each.,Moral,1,0.31909138758393263,-0.04632235777753479,4,0.6363830781276004,0.3404559467775654,0.02316097509483422
control_kwlt::6673eea04e15d2d270aa7ff8,6673eea04e15d2d270aa7ff8,control_kwlt,lt,0,0,lt_control,1,0.0,1.0,I enjoy giving.,Moral,1,0.4054740095870525,-0.030701425204067857,2,0.6228409042535668,0.3541748127790127,0.02298428296742061
control_kwlt::66747a68ffbb5cc37d6d2773,66747a68ffbb5cc37d6d2773,control_kwlt,lt,0,0,lt_control,1,12.0,0.0,I chose this allocation because it would maximally benefit me.,Self-interest,3,0.31909138758393263,-0.04632235777753479,4,0.6363830781276004,0.3404559467775654,0.02316097509483422
control_kwlt::6678828c7f4f962c707ab60c,6678828c7f4f962c707ab60c,control_kwlt,lt,0,0,lt_control,1,5.5,0.5416666666666667,I don't mind sharing my money with others. This amount would keep us even on the amount we both were given,Moral,1,0.31909138758393263,-0.04632235777753479,4,0.6363830781276004,0.3404559467775654,0.02316097509483422
control_kwlt::6682504bc0252a33b4c4406e,6682504bc0252a33b4c4406e,control_kwlt,lt,0,0,lt_control,2,6.0,0.5,it is just fair that the both of us end with 6 each,Moral,1,0.31909138758393263,-0.04632235777753479,4,0.6363830781276004,0.3404559467775654,0.02316097509483422
control_kwlt::6682c269b9b9b8b8bcdffa07,6682c269b9b9b8b8bcdffa07,control_kwlt,lt,0,0,lt_control,2,4.0,0.6666666666666667,"Again it has to do with being giving abundant, I help us both, we both win.",Moral,1,-0.056366490119837825,0.4202349084585981,4,0.6819338571074661,0.2781823785743296,0.03988376431820422
control_kwlt::668321718205177075b07f40,668321718205177075b07f40,control_kwlt,lt,0,0,lt_control,1,4.0,0.6666666666666667,I think that's what I would need to do to make it an even split.,Moral,1,0.31909138758393263,-0.04632235777753479,4,0.6363830781276004,0.3404559467775654,0.02316097509483422
control_kwlt::668525b0e1eff8d40c686ec0,668525b0e1eff8d40c686ec0,control_kwlt,lt,0,0,lt_control,1,6.0,0.5,I want to be equal and fair to the other participant.,Moral,1,-0.2699382286822284,-0.029516683185839835,2,0.7233688613089632,0.24953665224885158,0.027094486442185286
control_kwlt::6685b14fabbdf1d4cd38e9d0,6685b14fabbdf1d4cd38e9d0,control_kwlt,lt,0,0,lt_control,2,4.0,0.6666666666666667,"I like to share with people, especially if I think they need it.",Moral,1,0.12981150255857674,-0.040940945267991254,3,0.6651008461547118,0.310467251555438,0.02443190228985023
control_kwlt::6687a66faa865642f33dc043,6687a66faa865642f33dc043,control_kwlt,lt,0,0,lt_control,2,6.0,0.5,To be equal,Moral,1,-0.4482373615614157,-0.05485113130401024,4,0.7484564738128856,0.2241181293459907,0.027425396841123665
control_kwlt::668bf2f5dfd0a6bf4125f1aa,668bf2f5dfd0a6bf4125f1aa,control_kwlt,lt,0,0,lt_control,1,6.0,0.5,"I decided to transfer $2, so that we would both end up with the same amount of money and they wouldn't have less money than me. I believe that when you do good for others, it will come back to you.",Moral,1,0.31909138758393263,-0.04632235777753479,4,0.6363830781276004,0.3404559467775654,0.02316097509483422
control_kwlt::668edc4e7f59ae2c7858032f,668edc4e7f59ae2c7858032f,control_kwlt,lt,0,0,lt_control,2,6.0,0.5,Just to make the allocation equal among both of us. $6 to $6.,Moral,1,-0.2545043127786113,-0.04126187975682976,3,0.7214308112126578,0.2518708562066857,0.026698332580656493
control_kwlt::66902beeac0559a80fe53186,66902beeac0559a80fe53186,control_kwlt,lt,0,0,lt_control,1,10.0,0.1666666666666666,I think it was sharing some as a token,Moral,1,0.1683230347431761,-0.03886078796577347,3,0.6592451239606861,0.31650686138476325,0.02424801465455068
control_kwlt::66912bb9401dfb0ab6027e4c,66912bb9401dfb0ab6027e4c,control_kwlt,lt,0,0,lt_control,1,5.0,0.5833333333333333,as it was kind of in the middle,No clear justification,0,0.31909138758393263,-0.04632235777753479,4,0.6363830781276004,0.3404559467775654,0.02316097509483422
control_kwlt::66956ab371a84d32198ee4f1,66956ab371a84d32198ee4f1,control_kwlt,lt,0,0,lt_control,2,6.0,0.5,I think we should both benefit from the same amount in the game,Moral,1,-0.03506896940124008,-0.03631463297866238,3,0.6896147846636403,0.28484945958202723,0.025535755754332392
control_kwlt::669a88248079035630cd7587,669a88248079035630cd7587,control_kwlt,lt,0,0,lt_control,2,6.0,0.5,I still believe in sharing things equally as the best way to distribute unearned wealth.,Moral,1,0.6974165068802903,-0.041918484913020464,4,0.5777441953137519,0.4012970549122865,0.020958749773961633
control_kwlt::669f483731a6e90c5f0e341c,669f483731a6e90c5f0e341c,control_kwlt,lt,0,0,lt_control,1,6.0,0.5,To ensure that both people receive the same amount.,Moral,1,0.1683230347431761,-0.03886078796577347,3,0.6592451239606861,0.31650686138476325,0.02424801465455068
control_kwlt::66a68f5a8f00fcc4e3ed4db5,66a68f5a8f00fcc4e3ed4db5,control_kwlt,lt,0,0,lt_control,1,6.0,0.5,I chose this because I feel the other participant should get some kind of benefit from me.,Moral,1,-0.012195746195124976,-0.019569750495561946,2,0.6859207616156298,0.28826327161138676,0.025815966772983624
control_kwlt::66ae868b17efd9b24826809f,66ae868b17efd9b24826809f,control_kwlt,lt,0,0,lt_control,1,6.0,0.5,"I want to treat the other person equally, but I guess deep down I want money.",Moral,1,-0.2545043127786113,-0.04126187975682976,3,0.7214308112126578,0.2518708562066857,0.026698332580656493
control_kwlt::66b20339b1ea6c44133d8841,66b20339b1ea6c44133d8841,control_kwlt,lt,0,0,lt_control,1,6.0,0.5,I don't want to give them too much of my money but want to help them out.,Self-interest,3,-0.2937265868407035,-0.04414309944299319,3,0.7270089158503146,0.24614332647722914,0.026847757672456285
control_kwlt::66ba656b9769323a25debda9,66ba656b9769323a25debda9,control_kwlt,lt,0,0,lt_control,2,6.0,0.5,My answer to this question is the same as the last one.,No clear justification,0,0.31909138758393263,-0.04632235777753479,4,0.6363830781276004,0.3404559467775654,0.02316097509483422
control_kwlt::66baeb26193b68793e6575f2,66baeb26193b68793e6575f2,control_kwlt,lt,0,0,lt_control,2,6.0,0.5,I chose this allocation to keep us even. I wanted to share what I had to make us even.,Moral,1,-0.06171364947513633,-0.05067652907069,4,0.6938059520656559,0.28085585526866186,0.025338192665682248
control_kwlt::66bba69a028672278914afe8,66bba69a028672278914afe8,control_kwlt,lt,0,0,lt_control,2,8.0,0.3333333333333333,"economy is bad, no position to lend money",Self-interest,3,-0.42519495864017554,1.30360762750305,4,0.6891968572941072,0.21260026671876425,0.09820287598712851
control_kwlt::66c3578812da7fda730611d2,66c3578812da7fda730611d2,control_kwlt,lt,0,0,lt_control,2,6.0,0.5,I know this will give us both an equal amount of $6 each. I would hope someone would be fair if their decision affected my payment.,Moral,1,-0.2937265868407035,-0.04414309944299319,3,0.7270089158503146,0.24614332647722914,0.026847757672456285
control_kwlt::66c715bdcfed428be15f400d,66c715bdcfed428be15f400d,control_kwlt,lt,0,0,lt_control,1,8.0,0.3333333333333333,"the fact I was given more is irrelevant, i don't know the other person,.",No clear justification,0,0.1683230347431761,-0.03886078796577347,3,0.6592451239606861,0.31650686138476325,0.02424801465455068
control_kwlt::66c76d8601fd9674a3062c66,66c76d8601fd9674a3062c66,control_kwlt,lt,0,0,lt_control,2,6.0,0.5,We are both doing the same amount of work in the survey.,Moral,1,0.35680540695951446,-0.03216206362779759,3,0.6303571645305273,0.3463919393489349,0.023250896120537844
control_kwlt::66c78c62b3a7d6a44ef5e96b,66c78c62b3a7d6a44ef5e96b,control_kwlt,lt,0,0,lt_control,1,12.0,0.0,They started with nothing so they have not lost or profited. I have profited the most which sits ok with me.,Self-interest,3,-0.06171364947513633,-0.05067652907069,4,0.6938059520656559,0.28085585526866186,0.025338192665682248
control_kwlt::66cbb62255e119f746ff9694,66cbb62255e119f746ff9694,control_kwlt,lt,0,0,lt_control,1,8.0,0.3333333333333333,"I had £8. If the other participant was to put £-4 I would end up with £4. Therefore, if I don't transfer anything the best I could do is keep my £8 and the worst I could do is lose £-4 then end up with £4",Self-interest,3,-0.2937265868407035,-0.04414309944299319,3,0.7270089158503146,0.24614332647722914,0.026847757672456285
control_kwlt::66ccf16c299b596f56830f1e,66ccf16c299b596f56830f1e,control_kwlt,lt,0,0,lt_control,1,6.0,0.5,The allocation gives both of us an equal amount of money which seems fair,Moral,1,0.31909138758393263,-0.04632235777753479,4,0.6363830781276004,0.3404559467775654,0.02316097509483422
control_kwlt::66cdd9177bafb0d2d4ca488c,66cdd9177bafb0d2d4ca488c,control_kwlt,lt,0,0,lt_control,2,8.0,0.3333333333333333,because they have double the amount of mine already but taking some off them is rude,Moral,1,-0.4482373615614157,-0.05485113130401024,4,0.7484564738128856,0.2241181293459907,0.027425396841123665
control_kwlt::66cddc1046e1bbb7142db108,66cddc1046e1bbb7142db108,control_kwlt,lt,0,0,lt_control,1,8.0,0.3333333333333333,The other participant still receives money and I don't have to give up any of my allocation. They are none the wiser.,Self-interest,3,-0.2937265868407035,-0.04414309944299319,3,0.7270089158503146,0.24614332647722914,0.026847757672456285
control_kwlt::66ce77e3d21bb5b5d6a83d37,66ce77e3d21bb5b5d6a83d37,control_kwlt,lt,0,0,lt_control,1,6.0,0.5,it would even us up,Moral,1,0.1683230347431761,-0.03886078796577347,3,0.6592451239606861,0.31650686138476325,0.02424801465455068
control_kwlt::66cf368865143e842d98389d,66cf368865143e842d98389d,control_kwlt,lt,0,0,lt_control,1,8.0,0.3333333333333333,So that person gets the money they already have and I get the money I already have.,Moral,1,-0.27434015418824875,-0.02752359075188583,2,0.7239472268018522,0.2488802004628819,0.02717257273526588
control_kwlt::66d20f7f74d51c4de3cf0cce,66d20f7f74d51c4de3cf0cce,control_kwlt,lt,0,0,lt_control,2,6.0,0.5,So that we each have equal resources,Moral,1,0.31909138758393263,-0.04632235777753479,4,0.6363830781276004,0.3404559467775654,0.02316097509483422
control_kwlt::66d6eca37ee58663933041c9,66d6eca37ee58663933041c9,control_kwlt,lt,0,0,lt_control,2,8.0,0.3333333333333333,I decided to stick to my original decision.,No clear justification,0,0.19558214904707924,-0.009752151703386499,1,0.654599576173129,0.3206258336389355,0.02477459018793547
control_kwlt::66d931362ce64ae2b9c59fce,66d931362ce64ae2b9c59fce,control_kwlt,lt,0,0,lt_control,1,5.5,0.5416666666666667,I chose this amount because I always try to donate to charity and that is how it feels since I do not know the person. I gave $2.50 because it seems that I am giving but not punishing.,Moral,1,-0.06171364947513633,-0.05067652907069,4,0.6938059520656559,0.28085585526866186,0.025338192665682248
control_kwlt::66db8a4bf336df22101e0e4b,66db8a4bf336df22101e0e4b,control_kwlt,lt,0,0,lt_control,2,5.5,0.5416666666666667,I think it is fair,Moral,1,-0.06171364947513631,-0.050676529070690035,4,0.6938059520656559,0.28085585526866186,0.025338192665682248
control_kwlt::66e02a26f917d7b8ebf7cb72,66e02a26f917d7b8ebf7cb72,control_kwlt,lt,0,0,lt_control,2,6.0,0.5,Just to make it even,Moral,1,-0.2516969022749566,0.4347561726852115,3,0.7089432082984144,0.2488253798428366,0.04223141185874904
control_kwlt::66e4970deb6632c346bf3982,66e4970deb6632c346bf3982,control_kwlt,lt,0,0,lt_control,1,6.0,0.5,I feel this is a fair split as we are both here to earn money.,Moral,1,0.31909138758393263,-0.04632235777753479,4,0.6363830781276004,0.3404559467775654,0.02316097509483422
control_kwlt::66e56dcf49c32bae8e4bfb87,66e56dcf49c32bae8e4bfb87,control_kwlt,lt,0,0,lt_control,1,12.0,0.0,Because I have an opportunity and should not let it go. I want to have money and will take good care of it.,Self-interest,3,-0.06171364947513633,-0.05067652907069,4,0.6938059520656559,0.28085585526866186,0.025338192665682248
control_kwlt::66e5e0262fb2c24edceb8e26,66e5e0262fb2c24edceb8e26,control_kwlt,lt,0,0,lt_control,2,12.0,0.0,"The other participant already got a monetary value, I'm in financial need, and would like to get as much as I can get.",Self-interest,3,0.1683230347431761,-0.03886078796577347,3,0.6592451239606861,0.31650686138476325,0.02424801465455068
control_kwlt::66eada82e2a59d472d2dd086,66eada82e2a59d472d2dd086,control_kwlt,lt,0,0,lt_control,1,10.0,0.1666666666666666,"Because I did a similar survey and halved the money, but the other person took it all. So not doing that again",Self-interest,3,-0.0617136494751363,-0.050676529070690035,4,0.6938059520656559,0.28085585526866186,0.025338192665682248
control_kwlt::66ec20c9c0f487f5c4f0e2b0,66ec20c9c0f487f5c4f0e2b0,control_kwlt,lt,0,0,lt_control,1,4.0,0.6666666666666667,Being cautious?,Self-interest,3,-0.06145404081055491,-0.03178165476072698,2,0.693409797223655,0.2807834826973948,0.025806720078950227
control_kwlt::66ec5a47eb3b78d9de16a447,66ec5a47eb3b78d9de16a447,control_kwlt,lt,0,0,lt_control,2,6.0,0.5,It will allow everyone to have the same amount of bonus which is generally fair,Moral,1,0.12981150255857674,-0.040940945267991254,3,0.6651008461547118,0.310467251555438,0.02443190228985023
control_kwlt::66fa8891ce6034e440bb5ec8,66fa8891ce6034e440bb5ec8,control_kwlt,lt,0,0,lt_control,2,6.0,0.5,making the split equal as we are both doing the same task,Moral,1,-0.06171364947513631,-0.05067652907069,4,0.6938059520656559,0.28085585526866186,0.025338192665682248
control_kwlt::66fc2faee6c238d0637d8f69,66fc2faee6c238d0637d8f69,control_kwlt,lt,0,0,lt_control,2,6.0,0.5,I felt we should each have $6,Moral,1,-0.2297801079526741,-0.026633458153285116,2,0.7176309556798487,0.25543294634385894,0.026936097976292338
control_kwlt::66fd386d832556a63a82cd23,66fd386d832556a63a82cd23,control_kwlt,lt,0,0,lt_control,1,7.0,0.4166666666666666,"Because, like most people, I would prefer to keep most of the money myself, rather than give it to someone I do not know.",Self-interest,3,-0.4482373615614157,-0.05485113130401024,4,0.7484564738128856,0.2241181293459907,0.027425396841123665
control_kwlt::67027e6f4542772b475935ac,67027e6f4542772b475935ac,control_kwlt,lt,0,0,lt_control,1,6.0,0.5,so that we both end up with the same amount it is fair,Moral,1,0.35001768983694315,-0.030179754516424233,3,0.6313675806658176,0.34529477225990646,0.023337647074276043
control_kwlt::671506aa5b141b865ddec00b,671506aa5b141b865ddec00b,control_kwlt,lt,0,0,lt_control,2,8.5,0.2916666666666666,I wanted to transfer 0 but I couldn't get the slider to land on that figure. I felt mean taking money from them but wouldn't opt to give them any either,Self-interest,3,0.5827932048406087,-0.036175489939243334,3,0.5954825822119714,0.3827412284320614,0.021776189355967413
control_kwlt::67185ee6a496b39bb781001c,67185ee6a496b39bb781001c,control_kwlt,lt,0,0,lt_control,1,6.0,0.5,I choose this allocation because it was balanced and we would both have the same amount of funds.,Moral,1,0.19558214904707924,-0.009752151703386499,1,0.654599576173129,0.3206258336389355,0.02477459018793547
control_kwlt::6718ea85b24444087aaeb35b,6718ea85b24444087aaeb35b,control_kwlt,lt,0,0,lt_control,1,6.0,0.5,I transferred $2 so we can have equal share of $6 each,Moral,1,-0.2297801079526741,-0.026633458153285116,2,0.7176309556798487,0.25543294634385894,0.026936097976292338
control_kwlt::671a64f3a766bb5b94d9f89a,671a64f3a766bb5b94d9f89a,control_kwlt,lt,0,0,lt_control,2,5.0,0.5833333333333333,Just a wishful tought,No clear justification,0,-0.4482373615614157,-0.05485113130401024,4,0.7484564738128856,0.2241181293459907,0.027425396841123665
control_kwlt::671aa20dd2eff1305ac83af5,671aa20dd2eff1305ac83af5,control_kwlt,lt,0,0,lt_control,2,12.0,0.0,again i would like to keep the money and every pound earned helps me in my life at the moment sadly,Self-interest,3,-0.2545043127786113,-0.04126187975682976,3,0.7214308112126578,0.2518708562066857,0.026698332580656493
control_kwlt::671be80dd312fef1ab1d7c31,671be80dd312fef1ab1d7c31,control_kwlt,lt,0,0,lt_control,2,0.0,1.0,"Once more, why not be generous when it comes down to it?",Moral,1,0.12981150255857674,-0.040940945267991254,3,0.6651008461547118,0.310467251555438,0.02443190228985023
control_kwlt::671c1c699ca32031a83014e8,671c1c699ca32031a83014e8,control_kwlt,lt,0,0,lt_control,1,12.0,0.0,I want to keep the most amount of money.,Self-interest,3,-0.0617136494751363,-0.050676529070690035,4,0.6938059520656559,0.28085585526866186,0.025338192665682248
control_kwlt::671d68f0cf75beaa737fe99a,671d68f0cf75beaa737fe99a,control_kwlt,lt,0,0,lt_control,1,6.0,0.5,to make things even,Moral,1,-0.2937265868407035,-0.04414309944299319,3,0.7270089158503146,0.24614332647722914,0.026847757672456285
control_kwlt::671e8a1e55becb8595564b4d,671e8a1e55becb8595564b4d,control_kwlt,lt,0,0,lt_control,2,0.0,1.0,"Just like in the previous exercise, I was feeling pretty generous and it’s the Christmas season so I decided to give that partner all of my money. I hope they have a blessed holiday season.",Moral,1,0.31909138758393263,-0.04632235777753479,4,0.6363830781276004,0.3404559467775654,0.02316097509483422
control_kwlt::671f93838d7481cd8a0d137d,671f93838d7481cd8a0d137d,control_kwlt,lt,0,0,lt_control,2,6.0,0.5,"It seems like the right thing to do, although I would have liked to subtracted money and kept the entire $12 to myself!!!",Moral,1,0.12981150255857674,-0.040940945267991254,3,0.6651008461547118,0.310467251555438,0.02443190228985023
control_kwlt::67202234fd2f16cdb9c34721,67202234fd2f16cdb9c34721,control_kwlt,lt,0,0,lt_control,2,8.0,0.3333333333333333,"I'm happy with the amount of £8 for myself, I don't want to take anything back and I don't want to give anymore.",Self-interest,3,-0.2297801079526741,-0.026633458153285116,2,0.7176309556798487,0.25543294634385894,0.026936097976292338
control_kwlt::67215ddb4fe41f208fba792b,67215ddb4fe41f208fba792b,control_kwlt,lt,0,0,lt_control,2,5.0,0.5833333333333333,3 dollars is a good amount to send!,No clear justification,0,0.19790400198000946,-0.022481820946910498,2,0.6544732257241872,0.32107154025215956,0.024455234023653172
control_kwlt::67224e48f4f4f3fff687820f,67224e48f4f4f3fff687820f,control_kwlt,lt,0,0,lt_control,1,6.0,0.5,Everyone deserves a fair chance. How they spend the money isn’t up to me but at least I gave them the opportunity to eat or grab something they NEED without greed,Moral,1,-0.0617136494751363,-0.050676529070690035,4,0.6938059520656559,0.28085585526866186,0.025338192665682248
control_kwlt::6728a66faf35f882b75c5388,6728a66faf35f882b75c5388,control_kwlt,lt,0,0,lt_control,1,4.0,0.6666666666666667,I want to ensure the person is not oweing any money,Moral,1,-0.2343591818712162,-0.024618624461794542,2,0.7182400195448464,0.25474422240125416,0.027015758053899438
control_kwlt::672a35319c5a754a0358a842,672a35319c5a754a0358a842,control_kwlt,lt,0,0,lt_control,1,5.5,0.5416666666666667,That is me being generous,Moral,1,-0.4482373615614157,-0.05485113130401024,4,0.7484564738128856,0.2241181293459907,0.027425396841123665
control_kwlt::672a556afa8f0c44bda988b3,672a556afa8f0c44bda988b3,control_kwlt,lt,0,0,lt_control,2,4.0,0.6666666666666667,It was half of what I had,Moral,1,-0.2545043127786113,-0.04126187975682976,3,0.7214308112126578,0.2518708562066857,0.026698332580656493
control_kwlt::672d533e0725ac855a0feab1,672d533e0725ac855a0feab1,control_kwlt,lt,0,0,lt_control,2,6.0,0.5,"I feel like doing this would both give us an even amount of $6, which I feel would be fair if it's the same participant.",Moral,1,-0.06171364947513633,-0.05067652907069,4,0.6938059520656559,0.28085585526866186,0.025338192665682248
control_kwlt::672e86a538b9e142805a426e,672e86a538b9e142805a426e,control_kwlt,lt,0,0,lt_control,1,12.0,0.0,it give me the highest pay,Self-interest,3,0.1683230347431761,-0.03886078796577347,3,0.6592451239606861,0.31650686138476325,0.02424801465455068
control_kwlt::67332f2e872e84a2fc1afb0b,67332f2e872e84a2fc1afb0b,control_kwlt,lt,0,0,lt_control,2,4.0,0.6666666666666667,To express fairness,Moral,1,-0.4482373615614157,-0.05485113130401024,4,0.7484564738128856,0.2241181293459907,0.027425396841123665
control_kwlt::673358282519927a2c5cf4c9,673358282519927a2c5cf4c9,control_kwlt,lt,0,0,lt_control,1,6.5,0.4583333333333333,Transferring $1.5 helps the other participant to balance much better with regards to spending. I am also able to appropriately manage the $6.5 I now have because I have done my budgeting and I was able to spare $1.5 to give out.,Moral,1,0.6974165068802903,-0.041918484913020464,4,0.5777441953137519,0.4012970549122865,0.020958749773961633
control_kwlt::6734f38285a487704a4dc0e1,6734f38285a487704a4dc0e1,control_kwlt,lt,0,0,lt_control,1,6.0,0.5,"I thought it would be the most fair decision for both parties involved, as we each would have the same amount after the transfer.",Moral,1,0.31909138758393263,-0.04632235777753479,4,0.6363830781276004,0.3404559467775654,0.02316097509483422
control_kwlt::6734f4ed2cbd088a82b7f79e,6734f4ed2cbd088a82b7f79e,control_kwlt,lt,0,0,lt_control,2,6.0,0.5,Due to my intuitive moral objectivity.,Moral,1,0.31909138758393263,-0.04632235777753479,4,0.6363830781276004,0.3404559467775654,0.02316097509483422
control_kwlt::673654fe4689394b4c0bb101,673654fe4689394b4c0bb101,control_kwlt,lt,0,0,lt_control,2,6.0,0.5,"I chose to transfer $2 because it is a modest, fair way to share some of my resources with the other participant. I wanted to be generous without giving away too much, helping to balance the allocations slightly while still keeping the majority of my initial allocation.",Moral,1,-0.06171364947513633,-0.05067652907069,4,0.6938059520656559,0.28085585526866186,0.025338192665682248
control_kwlt::67366d50b1a10d4f69e6a1ac,67366d50b1a10d4f69e6a1ac,control_kwlt,lt,0,0,lt_control,1,5.0,0.5833333333333333,I think it is fair incase they take off me.,Self-interest,3,-0.0617136494751363,-0.050676529070690035,4,0.6938059520656559,0.28085585526866186,0.025338192665682248
control_kwlt::673a596bdb0ad1f5359cf64b,673a596bdb0ad1f5359cf64b,control_kwlt,lt,0,0,lt_control,2,5.0,0.5833333333333333,I wouldn’t wan to allocate nothing but also need some money my self,Self-interest,3,0.31909138758393246,-0.04632235777753479,4,0.6363830781276004,0.34045594677756535,0.02316097509483422
control_kwlt::673cebf921638a43957abea0,673cebf921638a43957abea0,control_kwlt,lt,0,0,lt_control,2,11.5,0.0416666666666666,Other person has something with is better than nothing,Moral,1,-0.2937265868407035,-0.04414309944299319,3,0.7270089158503146,0.24614332647722914,0.026847757672456285
control_kwlt::673f63f734a88f90705704ea,673f63f734a88f90705704ea,control_kwlt,lt,0,0,lt_control,2,5.5,0.5416666666666667,"I chose this allocation because it feels fair to bring our earnings closer together without giving away the entire difference. Since I started with more, sharing a small portion helps balance things out while still keeping the original allocations in mind. It seemed like a reasonable middle ground.",Moral,1,-0.2343591818712162,-0.024618624461794542,2,0.7182400195448464,0.25474422240125416,0.027015758053899438
control_kwlt::674073d8479b986ba8d799ec,674073d8479b986ba8d799ec,control_kwlt,lt,0,0,lt_control,1,7.0,0.4166666666666666,"its me being fair. The person has a total of 5, and i am left with 7",Moral,1,-0.03994212704579946,-0.034355199091691005,3,0.6902958571029703,0.28409049655497925,0.02561364634205055
control_kwlt::6743905b3105844d1c76e0b5,6743905b3105844d1c76e0b5,control_kwlt,lt,0,0,lt_control,2,6.0,0.5,it was fair,Moral,1,-0.03994212704579946,-0.034355199091691005,3,0.6902958571029703,0.28409049655497925,0.02561364634205055
control_kwlt::67450946b04fde22747d21e2,67450946b04fde22747d21e2,control_kwlt,lt,0,0,lt_control,1,8.0,0.3333333333333333,"I chose to keep the random allocation since this is previously determined and I am not inclined to change it. Over time randomness equals out based on mathematical chance. I would only change the allocation is I was the one who originally had control over the entire allocation process from beginning to end,",No clear justification,0,-0.2545043127786113,-0.04126187975682976,3,0.7214308112126578,0.2518708562066857,0.026698332580656493
control_kwlt::6745109c444973d1fa9f17d4,6745109c444973d1fa9f17d4,control_kwlt,lt,0,0,lt_control,2,8.0,0.3333333333333333,"I didn't want to take money, also didn't feel like giving",Moral,1,0.31909138758393274,-0.04632235777753479,4,0.6363830781276004,0.3404559467775654,0.02316097509483422
control_kwlt::67460e257c0798f65d47f732,67460e257c0798f65d47f732,control_kwlt,lt,0,0,lt_control,2,6.0,0.5,I would transfer $2 because I find this to be the most fair approach with each of us taking home $6.,Moral,1,0.31909138758393263,-0.04632235777753479,4,0.6363830781276004,0.3404559467775654,0.02316097509483422
control_kwlt::674c8d7fe7f6ef790dd7649a,674c8d7fe7f6ef790dd7649a,control_kwlt,lt,0,0,lt_control,1,7.0,0.4166666666666666,It seems fair,Moral,1,-0.06145404081055491,-0.03178165476072698,2,0.693409797223655,0.2807834826973948,0.025806720078950227
control_kwlt::674d85e49df40f8d23e4416f,674d85e49df40f8d23e4416f,control_kwlt,lt,0,0,lt_control,1,6.0,0.5,To make it fair. This way we both have an equal chance of doing well if we are chosen for a bonus payment.,Moral,1,-0.027939240255102582,0.47259175240453405,1,0.6763099373317701,0.2820320618321799,0.041658000836049966
control_kwlt::674e3d28cbbcc0e6969e497c,674e3d28cbbcc0e6969e497c,control_kwlt,lt,0,0,lt_control,1,4.0,0.6666666666666667,I gave half my allocation as I thought that was a fair transaction,Moral,1,0.31909138758393246,-0.04632235777753479,4,0.6363830781276004,0.34045594677756535,0.02316097509483422
control_kwlt::674f2d987faf13021ccc6de8,674f2d987faf13021ccc6de8,control_kwlt,lt,0,0,lt_control,2,6.0,0.5,To balance out the amounts we have between us. We will both now have $6,Moral,1,-0.4482373615614157,-0.05485113130401024,4,0.7484564738128856,0.2241181293459907,0.027425396841123665
control_kwlt::674f4c0db6ecc63070c44d6d,674f4c0db6ecc63070c44d6d,control_kwlt,lt,0,0,lt_control,2,12.0,0.0,"Thought it over, almost every 'team member' I ever has on prolific was a bot or ai so I will bet on that being the case and take back the $4",Self-interest,3,-0.06145404081055491,-0.03178165476072698,2,0.693409797223655,0.2807834826973948,0.025806720078950227
control_kwlt::674f598ded47fd75002ee276,674f598ded47fd75002ee276,control_kwlt,lt,0,0,lt_control,2,6.0,0.5,"Same as last time, if I am receiving more through nothing more than pure chance, it seems only fair to split it with someone doing the exact same thing as myself.",Moral,1,-0.4245060448938832,0.43613961342279084,3,0.7321471494887948,0.2240370124508021,0.04381583806040308
control_kwlt::675116b37af67e7d9958a583,675116b37af67e7d9958a583,control_kwlt,lt,0,0,lt_control,2,6.0,0.5,i think this will leave us with an even amount of money each i with an even amount of money,Moral,1,-0.2699382286822284,-0.029516683185839835,2,0.7233688613089632,0.24953665224885158,0.027094486442185286
control_kwlt::6751aca3df77a73a16f32127,6751aca3df77a73a16f32127,control_kwlt,lt,0,0,lt_control,2,6.0,0.5,It would give us the same amount,Moral,1,-0.06145404081055491,-0.03178165476072698,2,0.693409797223655,0.2807834826973948,0.025806720078950227
control_kwlt::6752cf8ec289846cfdcd04b0,6752cf8ec289846cfdcd04b0,control_kwlt,lt,0,0,lt_control,1,8.0,0.3333333333333333,I wouldn’t make money from someone but also don’t want to give my money away. It feels fair to me,Moral,1,-0.06145404081055491,-0.03178165476072698,2,0.693409797223655,0.2807834826973948,0.025806720078950227
control_kwlt::675c5393b9b2d381baa880c2,675c5393b9b2d381baa880c2,control_kwlt,lt,0,0,lt_control,1,6.0,0.5,"both of us would have the same amount of money, only seems fair since i was allocated more to begin with",Moral,1,-0.03994212704579946,-0.03435519909169102,3,0.6902958571029703,0.28409049655497925,0.02561364634205055
control_kwlt::675c64b95d8683943d557b71,675c64b95d8683943d557b71,control_kwlt,lt,0,0,lt_control,2,8.0,0.3333333333333333,I am not going to change pre-determined outcomes.,No clear justification,0,0.20449895445842886,-0.024520849112612122,2,0.6535079475081452,0.3221259540516671,0.02436609844018762
control_kwlt::675c79491bbd4e232d192d78,675c79491bbd4e232d192d78,control_kwlt,lt,0,0,lt_control,1,8.0,0.3333333333333333,I chose 0 as there was no context as to why I should pay or receive any funds. ) seemed the sensible option.,No clear justification,0,-0.4136118849944954,-0.023525752871459398,2,0.7431087623161966,0.22881338385575273,0.02807785382805066
control_kwlt::675eccd5616a615b90c53f5d,675eccd5616a615b90c53f5d,control_kwlt,lt,0,0,lt_control,1,6.0,0.5,It's a fair and equal distribution for the same work.,Moral,1,0.1683230347431761,-0.03886078796577347,3,0.6592451239606861,0.31650686138476325,0.02424801465455068
control_kwlt::67605337c41b9ba5ae52a0c8,67605337c41b9ba5ae52a0c8,control_kwlt,lt,0,0,lt_control,2,6.0,0.5,because i would like to be equal with others and transferring them $2 would bring both of our totals to equal footing,Moral,1,-0.06171364947513633,-0.05067652907069,4,0.6938059520656559,0.28085585526866186,0.025338192665682248
control_kwlt::6760674a9c67827bc76493f4,6760674a9c67827bc76493f4,control_kwlt,lt,0,0,lt_control,1,12.0,0.0,I do not trust any random human therefore to ensure I leave the activity with something I must take the maximum available amount from their pot,Self-interest,3,-0.2545043127786113,-0.04126187975682976,3,0.7214308112126578,0.2518708562066857,0.026698332580656493
control_kwlt::67606b4f53533eb280754db1,67606b4f53533eb280754db1,control_kwlt,lt,0,0,lt_control,2,6.0,0.5,"equal, fairness",Moral,1,0.35001768983694315,-0.030179754516424233,3,0.6313675806658176,0.34529477225990646,0.023337647074276043
control_kwlt::6760b44aeaf09fa9989fbea9,6760b44aeaf09fa9989fbea9,control_kwlt,lt,0,0,lt_control,1,6.0,0.5,"Annotating the -4 as a thief made me think, sharing is caring.",Moral,1,0.1683230347431761,-0.03886078796577347,3,0.6592451239606861,0.31650686138476325,0.02424801465455068
control_kwlt::67612db5f1caee703cf4d8b8,67612db5f1caee703cf4d8b8,control_kwlt,lt,0,0,lt_control,1,4.0,0.6666666666666667,then we get half,Moral,1,-0.2937265868407035,-0.04414309944299319,3,0.7270089158503146,0.24614332647722914,0.026847757672456285
control_kwlt::6761adf900e5cf16c621131b,6761adf900e5cf16c621131b,control_kwlt,lt,0,0,lt_control,1,6.0,0.5,"To make it so that each of us has an equal amount: $6 each, which feels fair",Moral,1,0.1683230347431761,-0.03886078796577347,3,0.6592451239606861,0.31650686138476325,0.02424801465455068
control_kwlt::6762a6c453dc00bbd597daad,6762a6c453dc00bbd597daad,control_kwlt,lt,0,0,lt_control,1,4.5,0.625,"I think this is fair, I still end up with more by .50 and the other person gets more money.",Moral,1,0.12981150255857674,-0.040940945267991254,3,0.6651008461547118,0.310467251555438,0.02443190228985023
control_kwlt::6765faff976fdcf31c7dbd98,6765faff976fdcf31c7dbd98,control_kwlt,lt,0,0,lt_control,1,6.0,0.5,It's the fair thing to do. I don't know about the other participant but they were not on an even playing field and i had that information over them. It would be taking advantage of the situation to keep the money uneven in my favour and that would be wrong.,Moral,1,0.16832303474317606,-0.03886078796577347,3,0.6592451239606861,0.31650686138476325,0.02424801465455068
control_kwlt::676c8e8df63cc50e555f5b02,676c8e8df63cc50e555f5b02,control_kwlt,lt,0,0,lt_control,2,8.0,0.3333333333333333,"They have been allocated half the amount I have, I do not see a reason to transfer some of mine over to them",Self-interest,3,0.35680540695951446,-0.03216206362779759,3,0.6303571645305273,0.3463919393489349,0.023250896120537844
control_kwlt::676ddb7025de5f8b463d008e,676ddb7025de5f8b463d008e,control_kwlt,lt,0,0,lt_control,2,10.5,0.125,Need to requip my money back,Self-interest,3,0.5827932048406087,-0.036175489939243334,3,0.5954825822119714,0.3827412284320614,0.021776189355967413
control_kwlt::6772fd60f775cd72008c803f,6772fd60f775cd72008c803f,control_kwlt,lt,0,0,lt_control,1,6.0,0.5,"I want the amounts to be equal, I don't like people to feel like they got less than me for no reason",Moral,1,0.12981150255857674,-0.040940945267991254,3,0.6651008461547118,0.310467251555438,0.02443190228985023
control_kwlt::6773e0b40f0b2ff8e3f09da3,6773e0b40f0b2ff8e3f09da3,control_kwlt,lt,0,0,lt_control,2,8.0,0.3333333333333333,I am willing to accept the original allocation.,No clear justification,0,-0.03462196127303281,-0.015062910351435086,1,0.6891439641149328,0.2847897250202247,0.0260663108648424
control_kwlt::67751fbf8a2226d994521789,67751fbf8a2226d994521789,control_kwlt,lt,0,0,lt_control,1,12.0,0.0,I do not know the person and it does not affect me that they have lost money. It benefits me more.,Self-interest,3,-0.05636649011983786,0.42023490845859807,4,0.6819338571074661,0.2781823785743296,0.039883764318204215
control_kwlt::6775c9d9479703751fd280a0,6775c9d9479703751fd280a0,control_kwlt,lt,0,0,lt_control,2,6.0,0.5,Gives us even money,Moral,1,-0.06171364947513633,-0.05067652907069,4,0.6938059520656559,0.28085585526866186,0.025338192665682248
control_kwlt::6776a8fcc1ca26458f048f29,6776a8fcc1ca26458f048f29,control_kwlt,lt,0,0,lt_control,1,3.0,0.75,"I'm not entirely sure, i just picked a number that seemed fair to me, rather than basing it on anything specific",Moral,1,-0.0617136494751363,-0.050676529070690035,4,0.6938059520656559,0.28085585526866186,0.025338192665682248
control_kwlt::677703d847b1d7a5c0c3177b,677703d847b1d7a5c0c3177b,control_kwlt,lt,0,0,lt_control,2,6.0,0.5,To enhance equality no matter the situation.,Moral,1,0.31909138758393263,-0.04632235777753479,4,0.6363830781276004,0.3404559467775654,0.02316097509483422
control_kwlt::677be0f071b469bf550bf55f,677be0f071b469bf550bf55f,control_kwlt,lt,0,0,lt_control,2,6.0,0.5,I wanted to share the finanaces equally,Moral,1,-0.2937265868407035,-0.04414309944299319,3,0.7270089158503146,0.24614332647722914,0.026847757672456285
control_kwlt::677c744b5a9907b536f144ef,677c744b5a9907b536f144ef,control_kwlt,lt,0,0,lt_control,2,8.0,0.3333333333333333,It was the luck of the draw. I was just luckier this time.,No clear justification,0,0.1683230347431761,-0.03886078796577347,3,0.6592451239606861,0.31650686138476325,0.02424801465455068
control_kwlt::677d6b29b44ccabd2fce33cb,677d6b29b44ccabd2fce33cb,control_kwlt,lt,0,0,lt_control,1,7.0,0.4166666666666666,"I chose $1 because I wanted to give some to the other person and I didn't want to take money from them that was theirs. But at the same time, I don't have much money, so I was thinking of myself, too. It was sort of a balance between not taking from them and helping them out some, and not giving too much of myself.",Moral,1,-0.0617136494751363,-0.050676529070690035,4,0.6938059520656559,0.28085585526866186,0.025338192665682248
control_kwlt::677d8df4fb855e239a363f89,677d8df4fb855e239a363f89,control_kwlt,lt,0,0,lt_control,2,12.0,0.0,that way I will have $12 dollars,Self-interest,3,-0.035068969401240074,-0.03631463297866238,3,0.6896147846636403,0.28484945958202723,0.025535755754332392
control_kwlt::677ec934bf9e4c07a797864b,677ec934bf9e4c07a797864b,control_kwlt,lt,0,0,lt_control,1,6.0,0.5,So that we both get the same amount and it being fair,Moral,1,-0.4482373615614157,-0.05485113130401024,4,0.7484564738128856,0.2241181293459907,0.027425396841123665
control_kwlt::678566c2d8d97d8e408c6384,678566c2d8d97d8e408c6384,control_kwlt,lt,0,0,lt_control,2,4.0,0.6666666666666667,Again I think it's only fair to split the money if we are working together.,Moral,1,-0.4482373615614157,-0.05485113130401024,4,0.7484564738128856,0.2241181293459907,0.027425396841123665
control_kwlt::6785f697c1f2f14ed98ea5cd,6785f697c1f2f14ed98ea5cd,control_kwlt,lt,0,0,lt_control,2,6.0,0.5,I chose to transfer 2 dollars because it would allow us to have the same amount of money. I prefer us to both be happy and equal.,Moral,1,0.31909138758393263,-0.04632235777753479,4,0.6363830781276004,0.3404559467775654,0.02316097509483422
control_kwlt::6787027230a5a1f3f6adad4b,6787027230a5a1f3f6adad4b,control_kwlt,lt,0,0,lt_control,1,6.0,0.5,I want to share equally with the other participant.,Moral,1,0.31909138758393263,-0.04632235777753479,4,0.6363830781276004,0.3404559467775654,0.02316097509483422
control_kwlt::678799e90198a411946a4d05,678799e90198a411946a4d05,control_kwlt,lt,0,0,lt_control,2,6.0,0.5,we now have the same amount which is fair,Moral,1,-0.2937265868407035,-0.04414309944299319,3,0.7270089158503146,0.24614332647722914,0.026847757672456285
control_kwlt::678bf2a1a22602d74a2d098d,678bf2a1a22602d74a2d098d,control_kwlt,lt,0,0,lt_control,1,3.0,0.75,"i want it to be more equal than 4 and 8 so if i do 5, id get 7 and thats alot closer to equal than before.",Moral,1,0.3245894122174884,0.4268860967263982,4,0.6257356478853578,0.33770697425361357,0.03655737786102861
control_kwlt::678c7dbb5dc35d491d791bce,678c7dbb5dc35d491d791bce,control_kwlt,lt,0,0,lt_control,1,12.0,0.0,I am hoping that means I get some of their money.,Mutual Benefit / Cooperation,2,0.35001768983694326,-0.030179754516424233,3,0.6313675806658176,0.34529477225990646,0.02333764707427604
control_kwlt::678e39da4cd42707dbfb8f62,678e39da4cd42707dbfb8f62,control_kwlt,lt,0,0,lt_control,1,4.0,0.6666666666666667,It seems unfair that we are both participating and I cannot give just $2 to make it fair so I decided to transfer the minimum I could to get parity,Moral,1,-0.056366490119837825,0.4202349084585981,4,0.6819338571074661,0.2781823785743296,0.03988376431820422
control_kwlt::679031685d8da047e45ba3c5,679031685d8da047e45ba3c5,control_kwlt,lt,0,0,lt_control,2,4.0,0.6666666666666667,Because that amount had already been chosen and I thought it was fair enough,Moral,1,0.31909138758393246,-0.04632235777753479,4,0.6363830781276004,0.34045594677756535,0.02316097509483422
control_kwlt::679032d7919ecf9731e95358,679032d7919ecf9731e95358,control_kwlt,lt,0,0,lt_control,2,8.0,0.3333333333333333,I didn't feel comfortable taking from them but I also didn't want to give them anything.,Self-interest,3,-0.2937265868407035,-0.04414309944299319,3,0.7270089158503146,0.24614332647722914,0.026847757672456285
control_kwlt::6792b1e3e08ffea42164f5bb,6792b1e3e08ffea42164f5bb,control_kwlt,lt,0,0,lt_control,2,6.0,0.5,fairness is paramount,Moral,1,-0.0617136494751363,-0.050676529070690035,4,0.6938059520656559,0.28085585526866186,0.025338192665682248
control_kwlt::67ab317d4245c4e2b33e2753,67ab317d4245c4e2b33e2753,control_kwlt,lt,0,0,lt_control,2,4.0,0.6666666666666667,I will want to choose half share,Moral,1,-0.03462196127303281,-0.015062910351435086,1,0.6891439641149328,0.2847897250202247,0.0260663108648424
control_kwlt::67ac5678d6ff3c43d30b333f,67ac5678d6ff3c43d30b333f,control_kwlt,lt,0,0,lt_control,2,12.0,0.0,"Again, this is hypothetical, so I do not feel guility. And i will never meet this person",No clear justification,0,0.1683230347431761,-0.03886078796577347,3,0.6592451239606861,0.31650686138476325,0.02424801465455068
control_kwlt::67acfb68c3860389b0c4db4b,67acfb68c3860389b0c4db4b,control_kwlt,lt,0,0,lt_control,1,5.0,0.5833333333333333,"I feel like if they already have 4 and I have 8, if I gave them 3 then they would have 7 and i'd have 4. It's okay if they have more than me and I still get a coffee.",Moral,1,-0.2545043127786113,-0.04126187975682976,3,0.7214308112126578,0.2518708562066857,0.026698332580656493
control_kwlt::67b361ee899cfdd964fddf00,67b361ee899cfdd964fddf00,control_kwlt,lt,0,0,lt_control,1,4.0,0.6666666666666667,I just wanted to be fair and hope that if this person i gave the money to were in my shoes he or she would have done the same thing. Equal amounts for both of us!,Moral,1,-0.0617136494751363,-0.050676529070690035,4,0.6938059520656559,0.28085585526866186,0.025338192665682248
control_kwlt::67bc827bda4f8e3244e03c7a,67bc827bda4f8e3244e03c7a,control_kwlt,lt,0,0,lt_control,2,6.0,0.5,"makes it even, just seems fair. I hope that the other person would do the same",Moral,1,-0.43292701882826806,-0.03844273107017893,3,0.7460435092734893,0.22617513582291215,0.027781354903598565
control_kwlt::67cb40e5562e803bd6532a64,67cb40e5562e803bd6532a64,control_kwlt,lt,0,0,lt_control,2,12.0,0.0,I think most would do this if not faced with the other individual.,Self-interest,3,0.20449895445842886,-0.024520849112612122,2,0.6535079475081452,0.3221259540516671,0.02436609844018762
control_kwlt::67cf0c70aa43b13b6168ecbf,67cf0c70aa43b13b6168ecbf,control_kwlt,lt,0,0,lt_control,2,6.0,0.5,I chose $2 because it equalizes the final amounts,Moral,1,-0.2545043127786113,-0.04126187975682976,3,0.7214308112126578,0.2518708562066857,0.026698332580656493
control_kwlt::67d0a4ccb5587fff790273a7,67d0a4ccb5587fff790273a7,control_kwlt,lt,0,0,lt_control,1,4.0,0.6666666666666667,because I would love share with with people.,Moral,1,-0.0617136494751363,-0.050676529070690035,4,0.6938059520656559,0.28085585526866186,0.025338192665682248
control_kwlt::67e027eed3be95a9ab431176,67e027eed3be95a9ab431176,control_kwlt,lt,0,0,lt_control,2,7.0,0.4166666666666666,I wanted to give that to feel good.,Moral,1,-0.20869228974964069,-0.00954402011266275,1,0.7142810798622194,0.2584576702188187,0.02726124991896183
control_kwlt::67ee7da9117dd0baae454be2,67ee7da9117dd0baae454be2,control_kwlt,lt,0,0,lt_control,1,8.0,0.3333333333333333,i chose this because i did not want to give nor receive,Self-interest,3,-0.06171364947513633,-0.05067652907069,4,0.6938059520656559,0.28085585526866186,0.025338192665682248
control_kwlt::67f05d8a2b2f772e31167590,67f05d8a2b2f772e31167590,control_kwlt,lt,0,0,lt_control,2,7.0,0.4166666666666666,I feel this is the best decision that can sit my conscience well,Moral,1,0.16832303474317606,-0.03886078796577347,3,0.6592451239606861,0.31650686138476325,0.02424801465455068
control_kwlt::6813885e4fa46f733a3ebcc3,6813885e4fa46f733a3ebcc3,control_kwlt,lt,0,0,lt_control,1,6.0,0.5,So that we both could potentially receive the same reward,Moral,1,-0.4482373615614157,-0.05485113130401024,4,0.7484564738128856,0.2241181293459907,0.027425396841123665
control_kwlt::681fb4307ad889766965fc3b,681fb4307ad889766965fc3b,control_kwlt,lt,0,0,lt_control,1,6.0,0.5,I chose this allocation because an equal outcome is the most fair. We are both participants in the same study so sharing the total amount evenly is the equitable choice.,Moral,1,-0.04836846492864102,0.8772630056399896,4,0.6644395489685812,0.27418449443104925,0.0613759566003696
control_kwlt::68235b144fe81cbe2c4a41a2,68235b144fe81cbe2c4a41a2,control_kwlt,lt,0,0,lt_control,2,12.0,0.0,It maximises the value of the study to me.,Self-interest,3,0.31909138758393246,-0.04632235777753479,4,0.6363830781276004,0.34045594677756535,0.02316097509483422
control_kwlt::6835b0780e790391d50bc621,6835b0780e790391d50bc621,control_kwlt,lt,0,0,lt_control,2,6.0,0.5,so that its fair and we both have the same amount,Moral,1,-0.06171364947513633,-0.05067652907069,4,0.6938059520656559,0.28085585526866186,0.025338192665682248
control_kwlt::6839e3b9ecfc442ddb8bfee4,6839e3b9ecfc442ddb8bfee4,control_kwlt,lt,0,0,lt_control,2,6.0,0.5,It's nice to share and hopefully karma will find me,Moral,1,-0.012195746195124976,-0.019569750495561946,2,0.6859207616156298,0.28826327161138676,0.025815966772983624
control_kwlt::6877bfe8c0c3737680ecf16b,6877bfe8c0c3737680ecf16b,control_kwlt,lt,0,0,lt_control,2,6.0,0.5,make it a 50-50 split,Moral,1,-0.2343591818712162,-0.024618624461794542,2,0.7182400195448464,0.25474422240125416,0.027015758053899438
control_kwlt::6888ef1c4b2aaea8b61ec0e3,6888ef1c4b2aaea8b61ec0e3,control_kwlt,lt,0,0,lt_control,2,4.0,0.6666666666666667,I split evenly as it is a small amount for both of us and hopefully we will do the same amount of work,Moral,1,-0.4482373615614157,-0.05485113130401024,4,0.7484564738128856,0.2241181293459907,0.027425396841123665
control_kwlt::68a83eface48a4e4cd943a38,68a83eface48a4e4cd943a38,control_kwlt,lt,0,0,lt_control,1,7.0,0.4166666666666666,This would be reasonable as the other person gets an increase without me losing a lot from my amount.,Mutual Benefit / Cooperation,2,-0.05636649011983783,0.42023490845859807,4,0.6819338571074661,0.2781823785743296,0.039883764318204215
control_kwlt::69175adfb0a9c60f05294e94,69175adfb0a9c60f05294e94,control_kwlt,lt,0,0,lt_control,1,6.0,0.5,It seems fair that both sides have $6.,Moral,1,0.31909138758393263,-0.04632235777753479,4,0.6363830781276004,0.3404559467775654,0.02316097509483422
control_kwlt::691ca5b72bce06aa81ffc8f6,691ca5b72bce06aa81ffc8f6,control_kwlt,lt,0,0,lt_control,2,4.0,0.6666666666666667,"I want the other participant to be compensated equally and fairly. As long as they are putting in an equal amount of effort, it seems fair to split the pot evenly.",Moral,1,-0.4482373615614157,-0.05485113130401024,4,0.7484564738128856,0.2241181293459907,0.027425396841123665
control_kwlt::691ca759034089aef389239e,691ca759034089aef389239e,control_kwlt,lt,0,0,lt_control,1,6.0,0.5,"I chose this allocation, so we have a more even amount.",Moral,1,-0.028527228060907024,-0.01714256206145264,1,0.6882857048777671,0.28573775013476477,0.025976544987468205
control_kwlt::691e246aacdd6da848319345,691e246aacdd6da848319345,control_kwlt,lt,0,0,lt_control,2,7.0,0.4166666666666666,"Same reason as before, figuring we should be close to equal.",Moral,1,0.35001768983694315,-0.030179754516424233,3,0.6313675806658176,0.34529477225990646,0.023337647074276043
control_kwlt::6927bfe3ceea71f68154a310,6927bfe3ceea71f68154a310,control_kwlt,lt,0,0,lt_control,1,6.0,0.5,I naturally was drawn to giving two dollars after associating it to something positive like charity.,Moral,1,-0.048368464928641046,0.8772630056399897,4,0.6644395489685812,0.27418449443104925,0.061375956600369604
control_kwlt::6938092bf2851f0069c1829e,6938092bf2851f0069c1829e,control_kwlt,lt,0,0,lt_control,1,6.0,0.5,"This seems like the fair thing to do. I don't know the other person, I don't see why I should have more than them in such an arbitrary task, so I'm happy to share.",Moral,1,0.31909138758393263,-0.04632235777753479,4,0.6363830781276004,0.3404559467775654,0.02316097509483422
market_control::lt::55146e64fdf99b253d5b1c5d,55146e64fdf99b253d5b1c5d,market_control,lt,0,0,lt_control,1,9.0,0.25,i though as the other person may take from me I did not want to give a positive amount,Self-interest,3,-0.03994212704579946,-0.03435519909169102,3,0.6902958571029703,0.28409049655497925,0.02561364634205055
market_control::lt::5589480afdf99b5ccca3c1ea,5589480afdf99b5ccca3c1ea,market_control,lt,0,0,lt_control,1,4.0,0.6666666666666667,I think it's the right thing to do. We could all use a little extra and I have no problem doing that,Moral,1,-0.06171364947513633,-0.05067652907069,4,0.6938059520656559,0.28085585526866186,0.025338192665682248
market_control::lt::5589b65afdf99b118adfa595,5589b65afdf99b118adfa595,market_control,lt,0,0,lt_control,2,12.0,0.0,I dont think the other person in real,Self-interest,3,0.19790400198000946,-0.022481820946910498,2,0.6544732257241872,0.32107154025215956,0.024455234023653172
market_control::lt::55bfc6effdf99b47cd339317,55bfc6effdf99b47cd339317,market_control,lt,0,0,lt_control,2,12.0,0.0,So I could have more money,Self-interest,3,-0.06145404081055491,-0.03178165476072698,2,0.693409797223655,0.2807834826973948,0.025806720078950227
market_control::lt::5626a6cfddff3c0011bcd3d8,5626a6cfddff3c0011bcd3d8,market_control,lt,0,0,lt_control,1,6.0,0.5,It's the fair allocation. I want to be fair to the other person.,Moral,1,0.19790400198000946,-0.022481820946910498,2,0.6544732257241872,0.32107154025215956,0.024455234023653172
market_control::lt::562cee16733ea00011163376,562cee16733ea00011163376,market_control,lt,0,0,lt_control,1,6.0,0.5,This is a situation where I can gain 'something'. I feel it only fair that the other party (who is effectively my teammate in this situation) is rewarded equally for their part.,Moral,1,0.1683230347431761,-0.03886078796577347,3,0.6592451239606861,0.31650686138476325,0.02424801465455068
market_control::lt::5664b80b4ef50400127da023,5664b80b4ef50400127da023,market_control,lt,0,0,lt_control,1,6.0,0.5,so that we are even and have the same,Moral,1,-0.4482373615614157,-0.05485113130401024,4,0.7484564738128856,0.2241181293459907,0.027425396841123665
market_control::lt::568a9909316b10000c50ae46,568a9909316b10000c50ae46,market_control,lt,0,0,lt_control,2,6.0,0.5,It was only fair that we were both given the same allowance.,Moral,1,-0.035068969401240074,-0.03631463297866238,3,0.6896147846636403,0.28484945958202723,0.025535755754332392
market_control::lt::5698045b8d9be6000a879f95,5698045b8d9be6000a879f95,market_control,lt,0,0,lt_control,2,6.0,0.5,I don't understand why my bonus was higher in the first place,No clear justification,0,-0.2545043127786113,-0.04126187975682976,3,0.7214308112126578,0.2518708562066857,0.026698332580656493
market_control::lt::56ab82d869b247000d5ccf0a,56ab82d869b247000d5ccf0a,market_control,lt,0,0,lt_control,1,7.0,0.4166666666666666,It always me to show compassion but still hold a financial advantage,Moral,1,0.16832303474317603,-0.03886078796577347,3,0.6592451239606861,0.31650686138476325,0.02424801465455068
market_control::lt::56b4fd68a9d33a000a891ff9,56b4fd68a9d33a000a891ff9,market_control,lt,0,0,lt_control,1,6.0,0.5,This allocation evens out the amount that myself and the other particpant are allocated.,Moral,1,-0.2545043127786113,-0.04126187975682976,3,0.7214308112126578,0.2518708562066857,0.026698332580656493
market_control::lt::56ca0400b30699000bd9d94f,56ca0400b30699000bd9d94f,market_control,lt,0,0,lt_control,2,10.0,0.1666666666666666,It is a reasonable amount and not too much.,No clear justification,0,-0.2545043127786113,-0.04126187975682976,3,0.7214308112126578,0.2518708562066857,0.026698332580656493
market_control::lt::56de005e6893b5000ce95d71,56de005e6893b5000ce95d71,market_control,lt,0,0,lt_control,2,12.0,0.0,I do not believe there is a real person playing and I want all the money,Self-interest,3,0.1683230347431761,-0.03886078796577347,3,0.6592451239606861,0.31650686138476325,0.02424801465455068
market_control::lt::56e68157f6ed90000ba5855c,56e68157f6ed90000ba5855c,market_control,lt,0,0,lt_control,1,6.0,0.5,"I FEEL LIKE I AM GIVING, BUT KEEP A MAJORITY.",Self-interest,3,0.20449895445842886,-0.024520849112612122,2,0.6535079475081452,0.3221259540516671,0.02436609844018762
market_control::lt::56fa7c2e51c6bf000ccb2954,56fa7c2e51c6bf000ccb2954,market_control,lt,0,0,lt_control,1,6.0,0.5,I like to think that this was the right choice even if only one in 10 applicants will have this actual action carried out. I hoped doing so might bring me some luck!,Moral,1,-0.0617136494751363,-0.050676529070690035,4,0.6938059520656559,0.28085585526866186,0.025338192665682248
market_control::lt::571cd566e1d2ec0013a68b64,571cd566e1d2ec0013a68b64,market_control,lt,0,0,lt_control,2,8.5,0.2916666666666666,most reasonable for me,Self-interest,3,-0.2343591818712162,-0.024618624461794542,2,0.7182400195448464,0.25474422240125416,0.027015758053899438
market_control::lt::574061ecd700ea000ef44a8f,574061ecd700ea000ef44a8f,market_control,lt,0,0,lt_control,2,6.0,0.5,"I felt like it would be more fair to provide a little more to the other party, without being too unfair to myself. I didn't choose the initial allocation so making it completely 50/50 isn't necessary.",Moral,1,0.12981150255857674,-0.040940945267991254,3,0.6651008461547118,0.310467251555438,0.02443190228985023
market_control::lt::578901354a84da00014c41cf,578901354a84da00014c41cf,market_control,lt,0,0,lt_control,2,12.0,0.0,I wanted to maximize the money that i had.,Self-interest,3,-0.2545043127786113,-0.04126187975682976,3,0.7214308112126578,0.2518708562066857,0.026698332580656493
market_control::lt::57b6dfafe2d5a60001099543,57b6dfafe2d5a60001099543,market_control,lt,0,0,lt_control,2,8.0,0.3333333333333333,I was happy with my allocation,No clear justification,0,0.1683230347431761,-0.03886078796577347,3,0.6592451239606861,0.31650686138476325,0.02424801465455068
market_control::lt::57e7b82b21d77800018e51fe,57e7b82b21d77800018e51fe,market_control,lt,0,0,lt_control,1,6.0,0.5,I think its best to get half each,Moral,1,-0.03994212704579946,-0.03435519909169102,3,0.6902958571029703,0.28409049655497925,0.02561364634205055
market_control::lt::582086da97b5100001b9b830,582086da97b5100001b9b830,market_control,lt,0,0,lt_control,2,6.0,0.5,i just feel its balanced and fair,Moral,1,-0.2297801079526741,-0.026633458153285116,2,0.7176309556798487,0.25543294634385894,0.026936097976292338
market_control::lt::58513454b9f14b000151795f,58513454b9f14b000151795f,market_control,lt,0,0,lt_control,2,8.0,0.3333333333333333,i guess thats twaht is going to be excected ans all of its is quite hypothetical so i dont really ming,No clear justification,0,0.4054740095870525,-0.030701425204067857,2,0.6228409042535668,0.3541748127790127,0.02298428296742061
market_control::lt::5884593bd920ed0001fdccb4,5884593bd920ed0001fdccb4,market_control,lt,0,0,lt_control,1,2.0,0.8333333333333334,i wanted to be fair and give half,Moral,1,0.35680540695951446,-0.03216206362779759,3,0.6303571645305273,0.3463919393489349,0.023250896120537844
market_control::lt::58a477c660cd820001e9a5d6,58a477c660cd820001e9a5d6,market_control,lt,0,0,lt_control,2,6.0,0.5,It would give us both the same amount of money.,Moral,1,-0.03506896940124008,-0.03631463297866238,3,0.6896147846636403,0.28484945958202723,0.025535755754332392
market_control::lt::58af7fe1b48dc6000173bffe,58af7fe1b48dc6000173bffe,market_control,lt,0,0,lt_control,1,12.0,0.0,"My goal is to potentially receive the most amount of money here as a bonus, so my aim was to maximise how much is sent to me",Self-interest,3,-0.06145404081055491,-0.03178165476072698,2,0.693409797223655,0.2807834826973948,0.025806720078950227
market_control::lt::5915e5c6405db80001f30ff1,5915e5c6405db80001f30ff1,market_control,lt,0,0,lt_control,2,6.0,0.5,I felt unfair that i was allocated twoce as much so decode to give them a small amount ebough to make a slight difference snd to show i was making a gesture,Moral,1,0.12981150255857674,-0.040940945267991254,3,0.6651008461547118,0.310467251555438,0.02443190228985023
market_control::lt::5928b6414a05920001393ecf,5928b6414a05920001393ecf,market_control,lt,0,0,lt_control,2,6.0,0.5,I transferred $2 so we would each have an equal amount of money.,Moral,1,-0.03994212704579946,-0.034355199091691005,3,0.6902958571029703,0.28409049655497925,0.02561364634205055
market_control::lt::5942d73df8bfc00001985c3c,5942d73df8bfc00001985c3c,market_control,lt,0,0,lt_control,1,12.0,0.0,I don't believe the other person is real.,Self-interest,3,-0.06171364947513633,-0.05067652907069,4,0.6938059520656559,0.28085585526866186,0.025338192665682248
market_control::lt::594b80f264c25300013deb95,594b80f264c25300013deb95,market_control,lt,0,0,lt_control,1,6.0,0.5,i wanted to share some and show a little charity as the other applicant has less than me to start with,Moral,1,-0.4482373615614157,-0.05485113130401024,4,0.7484564738128856,0.2241181293459907,0.027425396841123665
market_control::lt::595bee9282be5500017ad683,595bee9282be5500017ad683,market_control,lt,0,0,lt_control,2,6.0,0.5,i belong to the everyone should gain the same amount school. If lessens the possibility for tension in the team or group.,Moral,1,-0.06171364947513633,-0.05067652907069,4,0.6938059520656559,0.28085585526866186,0.025338192665682248
market_control::lt::596141af7ab4ce00017b8638,596141af7ab4ce00017b8638,market_control,lt,0,0,lt_control,1,10.0,0.1666666666666666,i think at this moment in time that need the money,Self-interest,3,0.12981150255857674,-0.040940945267991254,3,0.6651008461547118,0.310467251555438,0.02443190228985023
market_control::lt::596df2ca780e5c0001852208,596df2ca780e5c0001852208,market_control,lt,0,0,lt_control,1,6.0,0.5,So we earn the same each to make it fair.,Moral,1,0.31909138758393246,-0.04632235777753479,4,0.6363830781276004,0.34045594677756535,0.02316097509483422
market_control::lt::598f22af33481c000164d359,598f22af33481c000164d359,market_control,lt,0,0,lt_control,1,6.0,0.5,Because then we would both have 6 which would be fair,Moral,1,-0.06171364947513633,-0.05067652907069,4,0.6938059520656559,0.28085585526866186,0.025338192665682248
market_control::lt::59a5ceaccdf3820001654951,59a5ceaccdf3820001654951,market_control,lt,0,0,lt_control,2,6.0,0.5,I wanted to even things up just a bit.,Moral,1,-0.06171364947513631,-0.050676529070690035,4,0.6938059520656559,0.28085585526866186,0.025338192665682248
market_control::lt::59d27db2aeef3b0001021bff,59d27db2aeef3b0001021bff,market_control,lt,0,0,lt_control,2,12.0,0.0,Because I would like to take that amount of money from them as I am skint,Self-interest,3,-0.2937265868407035,-0.04414309944299319,3,0.7270089158503146,0.24614332647722914,0.026847757672456285
market_control::lt::59d4fac0d1ab390001da2e46,59d4fac0d1ab390001da2e46,market_control,lt,0,0,lt_control,1,6.0,0.5,I want us to both have the same amount as it is only fair.,Moral,1,-0.4482373615614157,-0.05485113130401024,4,0.7484564738128856,0.2241181293459907,0.027425396841123665
market_control::lt::59d8d3aeea41450001ec79b0,59d8d3aeea41450001ec79b0,market_control,lt,0,0,lt_control,1,8.0,0.3333333333333333,Have no basis to challenge a random allocation. Would feel greedy taking off someone from a random allocation of a financial benefit.,Moral,1,-0.4482373615614157,-0.05485113130401024,4,0.7484564738128856,0.2241181293459907,0.027425396841123665
market_control::lt::59dc924bbe399f0001e495f2,59dc924bbe399f0001e495f2,market_control,lt,0,0,lt_control,2,6.0,0.5,fairness to make things equal,Moral,1,0.1683230347431761,-0.03886078796577347,3,0.6592451239606861,0.31650686138476325,0.02424801465455068
market_control::lt::59f474a3f4217300016cbfa0,59f474a3f4217300016cbfa0,market_control,lt,0,0,lt_control,2,8.0,0.3333333333333333,"I do not know the person, nor have they done anything for me, so I have chosen to not transfer",Self-interest,3,-0.035068969401240074,-0.03631463297866238,3,0.6896147846636403,0.28484945958202723,0.025535755754332392
market_control::lt::59f4fa78da08940001d4e7b7,59f4fa78da08940001d4e7b7,market_control,lt,0,0,lt_control,1,6.0,0.5,i dont know the other person and their motives but i dont think its good karma to give a negative amount,Moral,1,0.35526076283812924,0.45186641312200326,3,0.620492141614977,0.342362648460557,0.03714520992446606
market_control::lt::5a03241a6e1ea9000124dead,5a03241a6e1ea9000124dead,market_control,lt,0,0,lt_control,1,6.0,0.5,"I feel that as I stated earlier, it is a token gesture of money, almost bringing them up to the same amount I have, but not so much that I lose out.",Moral,1,0.12981150255857674,-0.040940945267991254,3,0.6651008461547118,0.310467251555438,0.02443190228985023
market_control::lt::5a23ff0d84da9c0001b6db6f,5a23ff0d84da9c0001b6db6f,market_control,lt,0,0,lt_control,1,10.0,0.1666666666666666,Because I am confident the other person would also choose a negative amount for me.,Self-interest,3,-0.2516969022749566,0.4347561726852115,3,0.7089432082984144,0.2488253798428366,0.04223141185874904
market_control::lt::5a2ba3972a1bed0001f352a6,5a2ba3972a1bed0001f352a6,market_control,lt,0,0,lt_control,2,4.0,0.6666666666666667,It seems only fair that the participant got the amount allocated. I don't see why I would keep more for myself when I can give some away.,Moral,1,0.31909138758393263,-0.04632235777753479,4,0.6363830781276004,0.3404559467775654,0.02316097509483422
market_control::lt::5a3b25c1b10ade00010e2bbf,5a3b25c1b10ade00010e2bbf,market_control,lt,0,0,lt_control,2,4.0,0.6666666666666667,Wanted to send equal amount,Moral,1,-0.2516969022749566,0.4347561726852115,3,0.7089432082984144,0.2488253798428366,0.04223141185874904
market_control::lt::5a4996b835c9d50001fdcdbf,5a4996b835c9d50001fdcdbf,market_control,lt,0,0,lt_control,1,8.0,0.3333333333333333,I decided to leave it how it had already been allocated.,No clear justification,0,-0.06145404081055491,-0.03178165476072698,2,0.693409797223655,0.2807834826973948,0.025806720078950227
market_control::lt::5a4a5db666e7880001de6366,5a4a5db666e7880001de6366,market_control,lt,0,0,lt_control,1,4.0,0.6666666666666667,"So it's fair, I felt it was fairest to split the money evenly",Moral,1,0.16832303474317603,-0.03886078796577347,3,0.6592451239606861,0.31650686138476325,0.02424801465455068
market_control::lt::5a513719acc75b000179bff1,5a513719acc75b000179bff1,market_control,lt,0,0,lt_control,1,6.0,0.5,I wanted us to have an equal share,Moral,1,-0.2545043127786113,-0.04126187975682976,3,0.7214308112126578,0.2518708562066857,0.026698332580656493
market_control::lt::5a5bd24be0cf3d000126849e,5a5bd24be0cf3d000126849e,market_control,lt,0,0,lt_control,2,6.0,0.5,I split the money to be fair to myself and the other participant.,Moral,1,-0.02987008186350169,0.44239752610498245,3,0.6774853305326427,0.2820242849417427,0.040490384525614605
market_control::lt::5a5c871aac5624000153f89e,5a5c871aac5624000153f89e,market_control,lt,0,0,lt_control,2,0.0,1.0,a fair value meaning they make 4,Moral,1,0.16493106508133434,-0.02655566432816287,2,0.6595412221690814,0.31589771968048086,0.02456105815043769
market_control::lt::5a5e1ae68e6259000176271d,5a5e1ae68e6259000176271d,market_control,lt,0,0,lt_control,2,4.0,0.6666666666666667,"I wanted to make it fair, 6 each",Moral,1,-0.4482373615614157,-0.05485113130401024,4,0.7484564738128856,0.2241181293459907,0.027425396841123665
market_control::lt::5a7c684217ef350001703d05,5a7c684217ef350001703d05,market_control,lt,0,0,lt_control,1,12.0,0.0,I want the most money possible and I do not know this participant so do not feel bad.,Self-interest,3,0.6974165068802903,-0.041918484913020464,4,0.5777441953137519,0.4012970549122865,0.020958749773961633
market_control::lt::5a9bff3b6475f900019ffc51,5a9bff3b6475f900019ffc51,market_control,lt,0,0,lt_control,2,6.0,0.5,This seems very fair. I am not greedy.,Moral,1,0.20728214085851063,0.4608448768739449,2,0.6423211975706404,0.31876239439532106,0.03891640803403837
market_control::lt::5a9d223b89de8200013f1893,5a9d223b89de8200013f1893,market_control,lt,0,0,lt_control,1,6.0,0.5,so that things were more equal between us,Moral,1,0.5827932048406087,-0.036175489939243334,3,0.5954825822119714,0.3827412284320614,0.021776189355967413
market_control::lt::5aa9528235237b0001132675,5aa9528235237b0001132675,market_control,lt,0,0,lt_control,1,7.0,0.4166666666666666,I wanted to give them something rather than take away from them,Moral,1,-0.06171364947513633,-0.05067652907069,4,0.6938059520656559,0.28085585526866186,0.025338192665682248
market_control::lt::5ad4a1eb754a0d0001622e5e,5ad4a1eb754a0d0001622e5e,market_control,lt,0,0,lt_control,1,10.0,0.1666666666666666,to round my money up to 10,Self-interest,3,-0.06145404081055491,-0.03178165476072698,2,0.693409797223655,0.2807834826973948,0.025806720078950227
market_control::lt::5b15a1369663ee000146421e,5b15a1369663ee000146421e,market_control,lt,0,0,lt_control,2,6.0,0.5,"I transferred over $2 because it's only fair that both of us get an even amount. I'm not very lucky. And if there's even a slim chance that I'll gain money I want to make sure that there's good karma with it. It feels evil to take money away from someone, even though I don't know them.",Moral,1,-0.012195746195124976,-0.019569750495561946,2,0.6859207616156298,0.28826327161138676,0.025815966772983624
market_control::lt::5b168549f6cef00001428386,5b168549f6cef00001428386,market_control,lt,0,0,lt_control,2,6.0,0.5,"Because I want fairness and equality for all, and this would achieve exactly that.",Moral,1,-0.4482373615614157,-0.05485113130401024,4,0.7484564738128856,0.2241181293459907,0.027425396841123665
market_control::lt::5b233660648d5b0001b7de87,5b233660648d5b0001b7de87,market_control,lt,0,0,lt_control,1,2.0,0.8333333333333334,I wanted to help the other participant,Moral,1,0.31909138758393246,-0.04632235777753479,4,0.6363830781276004,0.34045594677756535,0.02316097509483422
market_control::lt::5b2509947f7816000145fa13,5b2509947f7816000145fa13,market_control,lt,0,0,lt_control,1,7.0,0.4166666666666666,To give them slightly more without me losing out. I also do not know what the other participant has done.,Self-interest,3,0.16832303474317606,-0.03886078796577347,3,0.6592451239606861,0.31650686138476325,0.02424801465455068
market_control::lt::5b44a4d396bc8a0001a9c4db,5b44a4d396bc8a0001a9c4db,market_control,lt,0,0,lt_control,1,6.0,0.5,It is fairest to split the money half and half because I did nothing to deserve more than the other player,Moral,1,0.31909138758393246,-0.04632235777753479,4,0.6363830781276004,0.34045594677756535,0.02316097509483422
market_control::lt::5b490bd59afec90001009679,5b490bd59afec90001009679,market_control,lt,0,0,lt_control,1,8.0,0.3333333333333333,I left things how they had been randomly allocated,No clear justification,0,0.3899737060240676,-0.01564479442783766,2,0.6249817557512729,0.35159751489062746,0.023420729358099586
market_control::lt::5b4e50fb369f840001136070,5b4e50fb369f840001136070,market_control,lt,0,0,lt_control,2,11.0,0.0833333333333333,wnted to maximise my choice without bankrupting opponennt,Self-interest,3,-0.2297801079526741,-0.026633458153285116,2,0.7176309556798487,0.25543294634385894,0.026936097976292338
market_control::lt::5b58b9cd5c7de50001fd1d0a,5b58b9cd5c7de50001fd1d0a,market_control,lt,0,0,lt_control,2,4.0,0.6666666666666667,"Seemed the most fair, I guess.",Moral,1,-0.4482373615614157,-0.05485113130401024,4,0.7484564738128856,0.2241181293459907,0.027425396841123665
market_control::lt::5b79dfb9db11320001c3d3f4,5b79dfb9db11320001c3d3f4,market_control,lt,0,0,lt_control,2,6.0,0.5,"I chose to send $2 so both of us could have the same amount of money, since the other person started out with $2 less than me.",Moral,1,0.1683230347431761,-0.03886078796577347,3,0.6592451239606861,0.31650686138476325,0.02424801465455068
market_control::lt::5b7aa7bd5eb62e000187fbf3,5b7aa7bd5eb62e000187fbf3,market_control,lt,0,0,lt_control,1,12.0,0.0,I do not know the other person and owe them nothing so I may as well take the maximum amount for myself.,Self-interest,3,-0.2937265868407035,-0.04414309944299319,3,0.7270089158503146,0.24614332647722914,0.026847757672456285
market_control::lt::5b9dbc7be671c60001226570,5b9dbc7be671c60001226570,market_control,lt,0,0,lt_control,1,6.0,0.5,I am not a selfish person. I wanted to give them something but didn't want to give them more than me.,Moral,1,0.35680540695951446,-0.03216206362779759,3,0.6303571645305273,0.3463919393489349,0.023250896120537844
market_control::lt::5ba064c10d4416000157a224,5ba064c10d4416000157a224,market_control,lt,0,0,lt_control,1,6.0,0.5,"By giving them 2 dollars, w can have things even and both leave with six dollars.",Moral,1,0.19790400198000946,-0.022481820946910498,2,0.6544732257241872,0.32107154025215956,0.024455234023653172
market_control::lt::5ba78b71d60daf0001532d5b,5ba78b71d60daf0001532d5b,market_control,lt,0,0,lt_control,1,12.0,0.0,I want to make the money and I don't care about the other participant,Self-interest,3,-0.20869228974964069,-0.00954402011266275,1,0.7142810798622194,0.2584576702188187,0.02726124991896183
market_control::lt::5ba937d53c7a050001992e80,5ba937d53c7a050001992e80,market_control,lt,0,0,lt_control,2,6.0,0.5,I wanted the money allocation to be fair between us,Moral,1,-0.4482373615614157,-0.05485113130401024,4,0.7484564738128856,0.2241181293459907,0.027425396841123665
market_control::lt::5bb356db42eb6700017d5196,5bb356db42eb6700017d5196,market_control,lt,0,0,lt_control,1,12.0,0.0,"Because I don’t know them, so it doesn’t matter to me if they have less",Self-interest,3,-0.028527228060907024,-0.01714256206145264,1,0.6882857048777671,0.28573775013476477,0.025976544987468205
market_control::lt::5bbbe1058f3bd70001e714e4,5bbbe1058f3bd70001e714e4,market_control,lt,0,0,lt_control,1,6.0,0.5,I felt a need to help this stranger as I received more than them,Moral,1,-0.05636649011983783,0.42023490845859807,4,0.6819338571074661,0.2781823785743296,0.039883764318204215
market_control::lt::5be2012f7227be0001e965ac,5be2012f7227be0001e965ac,market_control,lt,0,0,lt_control,1,6.0,0.5,I felt a kinship with the participant. We are both taking time to do this study so it seems fair that we receive the same allocation,Moral,1,-0.0617136494751363,-0.050676529070690035,4,0.6938059520656559,0.28085585526866186,0.025338192665682248
market_control::lt::5beb23c7524a340001927005,5beb23c7524a340001927005,market_control,lt,0,0,lt_control,2,5.5,0.5416666666666667,I think it was the right thing to do and is generous.,Moral,1,-0.03994212704579946,-0.03435519909169102,3,0.6902958571029703,0.28409049655497925,0.02561364634205055
market_control::lt::5bf003ccaf38d100016bb945,5bf003ccaf38d100016bb945,market_control,lt,0,0,lt_control,1,6.0,0.5,I would rather be awarded the same as somone in the same position as me.,Moral,1,0.1683230347431761,-0.03886078796577347,3,0.6592451239606861,0.31650686138476325,0.02424801465455068
market_control::lt::5bf50c187ea49f0001ba734a,5bf50c187ea49f0001ba734a,market_control,lt,0,0,lt_control,2,8.0,0.3333333333333333,I felt like I wanted that person to get their full allocation despite my own wants for the most amount possible,Moral,1,-0.43292701882826806,-0.03844273107017893,3,0.7460435092734893,0.22617513582291215,0.027781354903598565
market_control::lt::5c0676a61a20110001ea1a24,5c0676a61a20110001ea1a24,market_control,lt,0,0,lt_control,2,8.0,0.3333333333333333,Because I want to keep it at me earning $8 and the other person winning $4.00.,Self-interest,3,-0.2545043127786113,-0.04126187975682976,3,0.7214308112126578,0.2518708562066857,0.026698332580656493
market_control::lt::5c110067753adc00015913e3,5c110067753adc00015913e3,market_control,lt,0,0,lt_control,1,6.0,0.5,It would make the amounts even,Moral,1,-0.4482373615614157,-0.05485113130401024,4,0.7484564738128856,0.2241181293459907,0.027425396841123665
market_control::lt::5c1c24b95a1e530001a333d4,5c1c24b95a1e530001a333d4,market_control,lt,0,0,lt_control,1,6.0,0.5,"We will then have the same, its fair",Moral,1,-0.4482373615614157,-0.05485113130401024,4,0.7484564738128856,0.2241181293459907,0.027425396841123665
market_control::lt::5c1ebf5f658e9200017ae7e9,5c1ebf5f658e9200017ae7e9,market_control,lt,0,0,lt_control,1,4.0,0.6666666666666667,I want to create a fair situation for both,Moral,1,0.17152355094219582,0.4384521697136668,3,0.6482243380878459,0.3133436321064592,0.0384320298056949
market_control::lt::5c3272172f0f3500010284c0,5c3272172f0f3500010284c0,market_control,lt,0,0,lt_control,1,6.0,0.5,So that the allocation was fair,Moral,1,-0.06171364947513633,-0.05067652907069,4,0.6938059520656559,0.28085585526866186,0.025338192665682248
market_control::lt::5c336b366f160f0001348481,5c336b366f160f0001348481,market_control,lt,0,0,lt_control,1,12.0,0.0,A few days ago I completed a similar study. I chose to give up 50p in order for the other person to win £10. I did this because the benefit to me was negligible. This time I decided to act selfishly because the motivation for taking part in these studies is to make money.,Self-interest,3,0.1683230347431761,-0.03886078796577347,3,0.6592451239606861,0.31650686138476325,0.02424801465455068
market_control::lt::5c3512d27ab36100015bd89a,5c3512d27ab36100015bd89a,market_control,lt,0,0,lt_control,2,6.0,0.5,This felt like the fairest thing to do as we will have the same amount,Moral,1,0.31909138758393263,-0.04632235777753479,4,0.6363830781276004,0.3404559467775654,0.02316097509483422
market_control::lt::5c41f99cdb1772000117f1b6,5c41f99cdb1772000117f1b6,market_control,lt,0,0,lt_control,1,6.0,0.5,"It feels wrong to take money from someone, so I'd rather share and us both have the same.",Moral,1,-0.2545043127786113,-0.04126187975682976,3,0.7214308112126578,0.2518708562066857,0.026698332580656493
market_control::lt::5c50b130d5172600019f156f,5c50b130d5172600019f156f,market_control,lt,0,0,lt_control,1,6.0,0.5,It's giving something to someone that you don't know,Moral,1,-0.2516969022749566,0.4347561726852115,3,0.7089432082984144,0.2488253798428366,0.04223141185874904
market_control::lt::5c5205c6818d2500010e98b3,5c5205c6818d2500010e98b3,market_control,lt,0,0,lt_control,2,6.0,0.5,I thought splitting equally would be more fair.,Moral,1,-0.03994212704579946,-0.03435519909169102,3,0.6902958571029703,0.28409049655497925,0.02561364634205055
market_control::lt::5c546c0cb7cf140001d331b8,5c546c0cb7cf140001d331b8,market_control,lt,0,0,lt_control,1,4.0,0.6666666666666667,It is a fair and equitable split between us,Moral,1,-0.2937265868407035,-0.04414309944299319,3,0.7270089158503146,0.24614332647722914,0.026847757672456285
market_control::lt::5c62af7d23142b000132f411,5c62af7d23142b000132f411,market_control,lt,0,0,lt_control,1,7.0,0.4166666666666666,I think that is a fair ammount and quite generous,Moral,1,-0.06171364947513633,-0.05067652907069,4,0.6938059520656559,0.28085585526866186,0.025338192665682248
market_control::lt::5c635a08e30ff200016badb9,5c635a08e30ff200016badb9,market_control,lt,0,0,lt_control,2,10.0,0.1666666666666666,I would rather have more money,Self-interest,3,-0.2545043127786113,-0.04126187975682976,3,0.7214308112126578,0.2518708562066857,0.026698332580656493
market_control::lt::5c747244f33ac60001b7a9e2,5c747244f33ac60001b7a9e2,market_control,lt,0,0,lt_control,1,8.0,0.3333333333333333,I jus see the allocation as sheer chance so would rather leave the allocation as is. Nothing has happened to make me motivated to pass on any of my provision.,Self-interest,3,0.1683230347431761,-0.03886078796577347,3,0.6592451239606861,0.31650686138476325,0.02424801465455068
market_control::lt::5c7e21805a66930017244a7b,5c7e21805a66930017244a7b,market_control,lt,0,0,lt_control,1,6.0,0.5,"I chose this because even though I would like the full amount myself, it would be far fairer to split it evenly between myself and the other participant. I came into this survey with nothing, having anything at all is a gift.",Moral,1,0.17152355094219582,0.4384521697136668,3,0.6482243380878459,0.3133436321064592,0.0384320298056949
market_control::lt::5c7fd0c8cfd4e30016991f5e,5c7fd0c8cfd4e30016991f5e,market_control,lt,0,0,lt_control,2,12.0,0.0,I have lost track of if that helped them or hindered them but I was trying to help,Moral,1,-0.2545043127786113,-0.04126187975682976,3,0.7214308112126578,0.2518708562066857,0.026698332580656493
market_control::lt::5c929e7b18adb600131a667a,5c929e7b18adb600131a667a,market_control,lt,0,0,lt_control,2,8.0,0.3333333333333333,Because I'm allowing fate to decide and any impact on the other participant is not decided by me,No clear justification,0,-0.2545043127786113,-0.04126187975682976,3,0.7214308112126578,0.2518708562066857,0.026698332580656493
market_control::lt::5c95970cd676900016e1a940,5c95970cd676900016e1a940,market_control,lt,0,0,lt_control,1,6.0,0.5,So then at the end we have equal amounts each,Moral,1,0.12981150255857674,-0.040940945267991254,3,0.6651008461547118,0.310467251555438,0.02443190228985023
market_control::lt::5c97abbfae71890001f15e08,5c97abbfae71890001f15e08,market_control,lt,0,0,lt_control,1,12.0,0.0,I decided to take the money for myself because it is an expensive time of year (Christmas),Self-interest,3,-0.06171364947513633,-0.05067652907069,4,0.6938059520656559,0.28085585526866186,0.025338192665682248
market_control::lt::5c98a9e305f102001640f1d0,5c98a9e305f102001640f1d0,market_control,lt,0,0,lt_control,1,6.0,0.5,This is a game and it costs me nothing to be fair. I am also hoping it increase our chances of getting a bonus. But perhaps that is not how this works.,Moral,1,-0.0617136494751363,-0.050676529070690035,4,0.6938059520656559,0.28085585526866186,0.025338192665682248
market_control::lt::5ca8b2b8614b7b0016be5501,5ca8b2b8614b7b0016be5501,market_control,lt,0,0,lt_control,1,6.0,0.5,To be equal and sharing as not to be different from each other.,Moral,1,-0.06171364947513633,-0.05067652907069,4,0.6938059520656559,0.28085585526866186,0.025338192665682248
market_control::lt::5cab2d5596dfa40001dceefc,5cab2d5596dfa40001dceefc,market_control,lt,0,0,lt_control,1,4.0,0.6666666666666667,I find that transferring this amount is fair as it's what they were allocated in the first place,Moral,1,-0.4482373615614157,-0.05485113130401024,4,0.7484564738128856,0.2241181293459907,0.027425396841123665
market_control::lt::5cb0e65f1a9e59001571df9a,5cb0e65f1a9e59001571df9a,market_control,lt,0,0,lt_control,1,7.0,0.4166666666666666,I would never feel comfortable taking money away but i also didn't want to give too much away. I thought this was fair enough for us both not to feel hard done by.,Moral,1,-0.06171364947513631,-0.050676529070690035,4,0.6938059520656559,0.28085585526866186,0.025338192665682248
market_control::lt::5cbde499f015c800186299f2,5cbde499f015c800186299f2,market_control,lt,0,0,lt_control,2,6.0,0.5,"That seemed to be fair to both of us. I benefit from the higher allocation, and they get more than they expected.",Moral,1,0.1683230347431761,-0.03886078796577347,3,0.6592451239606861,0.31650686138476325,0.02424801465455068
market_control::lt::5ce5b9844cd8130019acba32,5ce5b9844cd8130019acba32,market_control,lt,0,0,lt_control,2,12.0,0.0,to take from the other,Self-interest,3,0.16230940849639194,0.4607847934820862,2,0.6489674364725131,0.3116797617255544,0.039352801801932534
market_control::lt::5cebd58ade266200191eaf7d,5cebd58ade266200191eaf7d,market_control,lt,0,0,lt_control,2,0.0,1.0,"Take a risk, I can't lose really",Mutual Benefit / Cooperation,2,-0.06171364947513633,-0.05067652907069,4,0.6938059520656559,0.28085585526866186,0.025338192665682248
market_control::lt::5cefd79bc37f4f0018de98da,5cefd79bc37f4f0018de98da,market_control,lt,0,0,lt_control,1,12.0,0.0,I want the most money and dont care about the other participant,Self-interest,3,-0.0617136494751363,-0.050676529070690035,4,0.6938059520656559,0.28085585526866186,0.025338192665682248
market_control::lt::5cf5497696cde00015bc3ce7,5cf5497696cde00015bc3ce7,market_control,lt,0,0,lt_control,1,6.0,0.5,I wanted to share the money,Moral,1,0.1683230347431761,-0.03886078796577347,3,0.6592451239606861,0.31650686138476325,0.02424801465455068
market_control::lt::5d092c1f7dad2200193be669,5d092c1f7dad2200193be669,market_control,lt,0,0,lt_control,1,6.0,0.5,I thought it was fair,Moral,1,0.31909138758393263,-0.04632235777753479,4,0.6363830781276004,0.3404559467775654,0.02316097509483422
market_control::lt::5d20f6cbc1dc1c0001162dd5,5d20f6cbc1dc1c0001162dd5,market_control,lt,0,0,lt_control,1,7.5,0.375,i dont trust them to not take from me but sent a small amount as it goes with my moral conduct,Self-interest,3,0.12981150255857674,-0.040940945267991254,3,0.6651008461547118,0.310467251555438,0.02443190228985023
market_control::lt::5d21c0dfb1e50a001c19e94c,5d21c0dfb1e50a001c19e94c,market_control,lt,0,0,lt_control,2,6.0,0.5,They had less than me :) Lets make it equal! I do this because i trust they would do the same given the same scenario.,Moral,1,-0.0617136494751363,-0.050676529070690035,4,0.6938059520656559,0.28085585526866186,0.025338192665682248
market_control::lt::5d2a370ec0898e0018b08e66,5d2a370ec0898e0018b08e66,market_control,lt,0,0,lt_control,1,7.0,0.4166666666666666,"I felt bad having more than them, so wanted to share",Moral,1,0.1683230347431761,-0.03886078796577347,3,0.6592451239606861,0.31650686138476325,0.02424801465455068
market_control::lt::5d311667f6df9d00011af0e1,5d311667f6df9d00011af0e1,market_control,lt,0,0,lt_control,2,7.5,0.375,i didn't think it was enough to be hamrful,Self-interest,3,0.1683230347431761,-0.03886078796577347,3,0.6592451239606861,0.31650686138476325,0.02424801465455068
market_control::lt::5d3df3d633b894001a2596a3,5d3df3d633b894001a2596a3,market_control,lt,0,0,lt_control,1,6.0,0.5,I think it is fair that we both have the same amount,Moral,1,0.3245894122174884,0.4268860967263982,4,0.6257356478853578,0.33770697425361357,0.03655737786102861
market_control::lt::5d47fe3b29194200012bf92d,5d47fe3b29194200012bf92d,market_control,lt,0,0,lt_control,1,0.0,1.0,"I don't care about money that much. Studies are fun, most of the time. They might need it more than I do. These monies won't change anyone's life, but they might make someone smile. Feel pleasantly surprised. That's worth doing no matter where you are, or what you're going through or whatever. If fighting (against sadness and paucity and lonely hopelessness) is sure to result in victory (a brief moment of happiness for no other reason than because all existence is warmer and more pleasant with it than without), then you must fight (step in, within your means, to the best of your ability to stand up for justice, to soothe hurt, to feed the hungry, to house the homeless, to remember those who have been forgotten, to protect life and limb, to defend those who cannot defend themselves, to be a presence of good in the world because people who are kind for no reason are the only thing that make the world in any way bearable)!",Moral,1,-0.06171364947513633,-0.05067652907069,4,0.6938059520656559,0.28085585526866186,0.025338192665682248
market_control::lt::5d4c1c8295f141001afe0bf0,5d4c1c8295f141001afe0bf0,market_control,lt,0,0,lt_control,2,6.0,0.5,I gave the other person $2 to ensure both of us end up with $6 as that's an even 50/50 split.,Moral,1,0.20449895445842886,-0.024520849112612122,2,0.6535079475081452,0.3221259540516671,0.02436609844018762
market_control::lt::5d595e7b6c04b2001a1edb29,5d595e7b6c04b2001a1edb29,market_control,lt,0,0,lt_control,1,6.0,0.5,I want to be fair so that we both end up with equal amounts.,Moral,1,-0.06171364947513633,-0.05067652907069,4,0.6938059520656559,0.28085585526866186,0.025338192665682248
market_control::lt::5d59d45948766d0018949d58,5d59d45948766d0018949d58,market_control,lt,0,0,lt_control,2,9.0,0.25,I would like some more money but I don't want to wipe out the other person's money as they didn't have very much to start with.,Moral,1,0.1683230347431761,-0.03886078796577347,3,0.6592451239606861,0.31650686138476325,0.02424801465455068
market_control::lt::5d5b0dd7c032a2001ad7cf5d,5d5b0dd7c032a2001ad7cf5d,market_control,lt,0,0,lt_control,2,9.0,0.25,"I simply feel like I deserve more, because I’m providing the data here",Self-interest,3,0.40708799846087323,0.45121842002132684,2,0.6127185126880405,0.3506641060125272,0.03661738129943239
market_control::lt::5d6ebbf926b44400175f445a,5d6ebbf926b44400175f445a,market_control,lt,0,0,lt_control,2,4.0,0.6666666666666667,To make it fair between us on how much we both should receive.,Moral,1,-0.06171364947513633,-0.05067652907069,4,0.6938059520656559,0.28085585526866186,0.025338192665682248
market_control::lt::5d75af57bcfd5b001b192708,5d75af57bcfd5b001b192708,market_control,lt,0,0,lt_control,2,6.0,0.5,I could share a small amount with someone else,Moral,1,-0.2545043127786113,-0.04126187975682976,3,0.7214308112126578,0.2518708562066857,0.026698332580656493
market_control::lt::5d78d57c8f579d001518e74f,5d78d57c8f579d001518e74f,market_control,lt,0,0,lt_control,2,2.0,0.8333333333333334,Decided to finalise on the mid range,No clear justification,0,0.20449895445842883,-0.024520849112612122,2,0.6535079475081452,0.3221259540516671,0.02436609844018762
market_control::lt::5d79375d794d900017671c07,5d79375d794d900017671c07,market_control,lt,0,0,lt_control,2,6.0,0.5,I wanted to rectify my mistake from the first round and make everything the same.,Moral,1,0.16832303474317606,-0.03886078796577347,3,0.6592451239606861,0.31650686138476325,0.02424801465455068
market_control::lt::5d864cfdb6dced0019221047,5d864cfdb6dced0019221047,market_control,lt,0,0,lt_control,2,6.0,0.5,This makes it fair for myself and the other participants involved,Moral,1,-0.0617136494751363,-0.050676529070690035,4,0.6938059520656559,0.28085585526866186,0.025338192665682248
market_control::lt::5d963188ed650700146ba4b6,5d963188ed650700146ba4b6,market_control,lt,0,0,lt_control,2,12.0,0.0,"As before, I don't believe that I am really doing this against another opponent. Therefore I am not actually taking this money from a real person, I am merely maximising my reward for doing this study.",Self-interest,3,0.1683230347431761,-0.03886078796577347,3,0.6592451239606861,0.31650686138476325,0.02424801465455068
market_control::lt::5da0e89440b1c70014aaf74b,5da0e89440b1c70014aaf74b,market_control,lt,0,0,lt_control,2,12.0,0.0,"I would like to earn the maximum amount from this deal, benefiting myself & getting the most out of the negotiation",Self-interest,3,-0.06171364947513631,-0.05067652907069,4,0.6938059520656559,0.28085585526866186,0.025338192665682248
market_control::lt::5dae1520eeac2100152778a9,5dae1520eeac2100152778a9,market_control,lt,0,0,lt_control,2,12.0,0.0,"I don't know the other person, not sure if they are even real and I'm here for the cash.",Self-interest,3,-0.06171364947513633,-0.05067652907069,4,0.6938059520656559,0.28085585526866186,0.025338192665682248
market_control::lt::5dbf261c3b89f23ccd3007af,5dbf261c3b89f23ccd3007af,market_control,lt,0,0,lt_control,1,12.0,0.0,to get the highest amount possible,Self-interest,3,-0.06145404081055491,-0.03178165476072698,2,0.693409797223655,0.2807834826973948,0.025806720078950227
market_control::lt::5dc0257aff9c98465fc57ada,5dc0257aff9c98465fc57ada,market_control,lt,0,0,lt_control,1,12.0,0.0,"i don't know the person so no personal consequences to me , only gain",Self-interest,3,0.741217953446256,-0.026090718939392372,3,0.5706975914045836,0.40828684618948197,0.021015562405934413
market_control::lt::5dd45741e454cd4505d57477,5dd45741e454cd4505d57477,market_control,lt,0,0,lt_control,2,7.0,0.4166666666666666,I transferred $1 to keep a bit more,Self-interest,3,0.31909138758393274,-0.04632235777753479,4,0.6363830781276004,0.3404559467775654,0.02316097509483422
market_control::lt::5de876142238367fa02c7e74,5de876142238367fa02c7e74,market_control,lt,0,0,lt_control,2,7.0,0.4166666666666666,"I wanted to give them a little extra, but I also wanted to keep some for myself.",Self-interest,3,-0.2545043127786113,-0.04126187975682976,3,0.7214308112126578,0.2518708562066857,0.026698332580656493
market_control::lt::5decfba65b56133beed6ec21,5decfba65b56133beed6ec21,market_control,lt,0,0,lt_control,2,6.0,0.5,I think it is fair that both participants receive an equal award.,Moral,1,-0.012195746195124976,-0.019569750495561946,2,0.6859207616156298,0.28826327161138676,0.025815966772983624
market_control::lt::5df519fc67f1703937a9e82f,5df519fc67f1703937a9e82f,market_control,lt,0,0,lt_control,2,6.0,0.5,"Because it seems like the most fair and equitable outcome for everyone. I realise that not everyone would do the same but it is important to me, morally, to try and do the right thing, even when it costs me something.",Moral,1,-0.4482373615614157,-0.05485113130401024,4,0.7484564738128856,0.2241181293459907,0.027425396841123665
market_control::lt::5e0b3d5dbf3d4e3868abc3ea,5e0b3d5dbf3d4e3868abc3ea,market_control,lt,0,0,lt_control,1,6.0,0.5,Then we have half each,Moral,1,0.858966236436176,-0.02917710510288985,2,0.5523979076077821,0.4273687470886417,0.02023334530357624
market_control::lt::5e16bce18dffa0c6f76cda9b,5e16bce18dffa0c6f76cda9b,market_control,lt,0,0,lt_control,1,8.0,0.3333333333333333,I would give 0 because I would not want to take away anything from that person and I don't feel responsibility to have to give anything or any amount,Self-interest,3,0.31909138758393263,-0.04632235777753479,4,0.6363830781276004,0.3404559467775654,0.02316097509483422
market_control::lt::5e1c6f19a411c946eb012481,5e1c6f19a411c946eb012481,market_control,lt,0,0,lt_control,1,8.0,0.3333333333333333,because I didn't want to loose any of my allocation but also didn't want to take any away from them,Self-interest,3,-0.06171364947513633,-0.05067652907069,4,0.6938059520656559,0.28085585526866186,0.025338192665682248
market_control::lt::5e2c8f69cad44b2bc5ce9a34,5e2c8f69cad44b2bc5ce9a34,market_control,lt,0,0,lt_control,2,12.0,0.0,Because I want to maximise my potential earnings,Self-interest,3,0.1683230347431761,-0.03886078796577347,3,0.6592451239606861,0.31650686138476325,0.02424801465455068
market_control::lt::5e38e49a8445881060c60eaf,5e38e49a8445881060c60eaf,market_control,lt,0,0,lt_control,1,4.0,0.6666666666666667,Why I chose this allocation is because I feel that half of the amount is fair because I feel I completed most of the work in this study.,Moral,1,0.12981150255857674,-0.040940945267991254,3,0.6651008461547118,0.310467251555438,0.02443190228985023
market_control::lt::5e3ff7f1209f97228a6c26a9,5e3ff7f1209f97228a6c26a9,market_control,lt,0,0,lt_control,1,6.0,0.5,Because it gives us the same amount which seems fair.,Moral,1,0.31909138758393263,-0.04632235777753479,4,0.6363830781276004,0.3404559467775654,0.02316097509483422
market_control::lt::5e541a901e165b41eb523db0,5e541a901e165b41eb523db0,market_control,lt,0,0,lt_control,2,9.0,0.25,I'd prefer to profit for myself but not too unfairly.,Self-interest,3,-0.028527228060907024,-0.01714256206145264,1,0.6882857048777671,0.28573775013476477,0.025976544987468205
market_control::lt::5e5f8b840ecec32bd217d7e9,5e5f8b840ecec32bd217d7e9,market_control,lt,0,0,lt_control,1,8.0,0.3333333333333333,I wanted to keep the larger amount but didn't want to feel like I had stolen anything from the other person.,Moral,1,0.1683230347431761,-0.03886078796577347,3,0.6592451239606861,0.31650686138476325,0.02424801465455068
market_control::lt::5e64fc338ebdaf26e332aec0,5e64fc338ebdaf26e332aec0,market_control,lt,0,0,lt_control,1,6.0,0.5,to make it a fair deal and both of us would get the same money,Moral,1,-0.2545043127786113,-0.04126187975682976,3,0.7214308112126578,0.2518708562066857,0.026698332580656493
market_control::lt::5e67ead79c4cc909387bedd8,5e67ead79c4cc909387bedd8,market_control,lt,0,0,lt_control,2,11.5,0.0416666666666666,I wamt a bigger cut of the money,Self-interest,3,0.13391676697141447,0.4352613380259654,3,0.6538570836438568,0.30747085837019655,0.03867205798594665
market_control::lt::5e6e6497d33339419afd90f9,5e6e6497d33339419afd90f9,market_control,lt,0,0,lt_control,2,12.0,0.0,I wanted the money for myself not the participant,Self-interest,3,-0.06171364947513631,-0.05067652907069,4,0.6938059520656559,0.28085585526866186,0.025338192665682248
market_control::lt::5e787106a9d3b53ee4281eb1,5e787106a9d3b53ee4281eb1,market_control,lt,0,0,lt_control,1,8.0,0.3333333333333333,dont lose any money but also dont feel too bad as can just say it was luck of the draw,Self-interest,3,0.31909138758393263,-0.04632235777753479,4,0.6363830781276004,0.3404559467775654,0.02316097509483422
market_control::lt::5e7abb2c6c89e4000a180b4a,5e7abb2c6c89e4000a180b4a,market_control,lt,0,0,lt_control,1,4.0,0.6666666666666667,"I transferred $4 to the other participant because it only seems fair that we get equal amounts. I did not do anything special to deserve more money than the other participant. Additionally, If I were the other participant, I would want the other person to split the money equally with me.",Moral,1,0.35001768983694315,-0.030179754516424233,3,0.6313675806658176,0.34529477225990646,0.023337647074276043
market_control::lt::5e7e5df723c3560d66f2946d,5e7e5df723c3560d66f2946d,market_control,lt,0,0,lt_control,2,6.0,0.5,I tried to make it equal,Moral,1,-0.028527228060907024,-0.01714256206145264,1,0.6882857048777671,0.28573775013476477,0.025976544987468205
market_control::lt::5e814f98193c1983e819818f,5e814f98193c1983e819818f,market_control,lt,0,0,lt_control,2,8.0,0.3333333333333333,"I chose to keep my money, and not take any from them.",Moral,1,0.31909138758393263,-0.04632235777753479,4,0.6363830781276004,0.3404559467775654,0.02316097509483422
market_control::lt::5e875515d1170a3acf6678b5,5e875515d1170a3acf6678b5,market_control,lt,0,0,lt_control,1,6.0,0.5,I thought it would be fair is we both had the same amount,Moral,1,-0.4294591868289597,-0.04038152156795794,3,0.7456166311746436,0.22667347524940568,0.027709893575950682
market_control::lt::5e8a224936bc636c1b0152cc,5e8a224936bc636c1b0152cc,market_control,lt,0,0,lt_control,1,6.0,0.5,"I just wanted to even things out. By giving the participant two dollars, I think we'll both end up with the same amount. Without knowing anything about the other participant, this seems fair.",Moral,1,-0.2545043127786113,-0.04126187975682976,3,0.7214308112126578,0.2518708562066857,0.026698332580656493
market_control::lt::5e8e2341b233860cae471c69,5e8e2341b233860cae471c69,market_control,lt,0,0,lt_control,1,7.0,0.4166666666666666,"I wanted to keep as much money as possible but was not comfortable with transferring a negative sum, since the other person started with less money than me. Therefore I thought it would be kind to transfer a small sum",Moral,1,0.20449895445842886,-0.024520849112612122,2,0.6535079475081452,0.3221259540516671,0.02436609844018762
market_control::lt::5e90540a9622ec3628270555,5e90540a9622ec3628270555,market_control,lt,0,0,lt_control,1,12.0,0.0,I have no emotional connection to the other person and therefore only have pure gain. (I’m also a poor uni student!),Self-interest,3,-0.06171364947513633,-0.05067652907069,4,0.6938059520656559,0.28085585526866186,0.025338192665682248
market_control::lt::5e9217ae73c54f553335fb28,5e9217ae73c54f553335fb28,market_control,lt,0,0,lt_control,1,8.0,0.3333333333333333,The allocation benefits me and is not terrible unjust,Self-interest,3,-0.0617136494751363,-0.050676529070690035,4,0.6938059520656559,0.28085585526866186,0.025338192665682248
market_control::lt::5e9430cc1ed15800084ffbb0,5e9430cc1ed15800084ffbb0,market_control,lt,0,0,lt_control,2,12.0,0.0,I don't think they are a real person so I want the most money,Self-interest,3,-0.4482373615614157,-0.05485113130401024,4,0.7484564738128856,0.2241181293459907,0.027425396841123665
market_control::lt::5e99b08a24927e000a418025,5e99b08a24927e000a418025,market_control,lt,0,0,lt_control,1,4.0,0.6666666666666667,Seemed reasonable and not too generous,Self-interest,3,0.35001768983694315,-0.030179754516424233,3,0.6313675806658176,0.34529477225990646,0.023337647074276043
market_control::lt::5e9fe0434aba1b192f795afb,5e9fe0434aba1b192f795afb,market_control,lt,0,0,lt_control,2,6.0,0.5,To make it fair in terms of our payout.,Moral,1,-0.2545043127786113,-0.04126187975682976,3,0.7214308112126578,0.2518708562066857,0.026698332580656493
market_control::lt::5ea01b4b2d7b4d0243d93f78,5ea01b4b2d7b4d0243d93f78,market_control,lt,0,0,lt_control,2,10.0,0.1666666666666666,it seems fair to both parties,Moral,1,-0.2516969022749566,0.4347561726852115,3,0.7089432082984144,0.2488253798428366,0.04223141185874904
market_control::lt::5ea083cc6d17e505304ab238,5ea083cc6d17e505304ab238,market_control,lt,0,0,lt_control,1,6.0,0.5,so that we would have equal amounts,Moral,1,0.4054740095870525,-0.030701425204067857,2,0.6228409042535668,0.3541748127790127,0.02298428296742061
market_control::lt::5ea433f82992293d5e604ad1,5ea433f82992293d5e604ad1,market_control,lt,0,0,lt_control,2,7.0,0.4166666666666666,gave some but not all,No clear justification,0,0.4054740095870525,-0.030701425204067857,2,0.6228409042535668,0.3541748127790127,0.02298428296742061
market_control::lt::5eac3b9d594017087b3788af,5eac3b9d594017087b3788af,market_control,lt,0,0,lt_control,1,8.0,0.3333333333333333,I don’t know this person or what they intend to do so I feel justified in keep my allocation,Self-interest,3,-0.43292701882826806,-0.03844273107017893,3,0.7460435092734893,0.22617513582291215,0.027781354903598565
market_control::lt::5eb9499bcbc2140180e31037,5eb9499bcbc2140180e31037,market_control,lt,0,0,lt_control,1,6.0,0.5,i found it to be fair because it take our money to the same amount,Moral,1,-0.0617136494751363,-0.050676529070690035,4,0.6938059520656559,0.28085585526866186,0.025338192665682248
market_control::lt::5ec1c41a1f98090e8c119332,5ec1c41a1f98090e8c119332,market_control,lt,0,0,lt_control,2,8.0,0.3333333333333333,I felt that I really need the money and the 4 that they have is plenty.,Self-interest,3,-0.06171364947513633,-0.05067652907069,4,0.6938059520656559,0.28085585526866186,0.025338192665682248
market_control::lt::5ecd4fd21c94a20976d923e4,5ecd4fd21c94a20976d923e4,market_control,lt,0,0,lt_control,2,8.0,0.3333333333333333,I did not feel it necessary to share this,Self-interest,3,-0.2545043127786113,-0.04126187975682976,3,0.7214308112126578,0.2518708562066857,0.026698332580656493
market_control::lt::5ecfd28bb14b1c05751f178c,5ecfd28bb14b1c05751f178c,market_control,lt,0,0,lt_control,2,4.0,0.6666666666666667,half the amount i would always share,Moral,1,0.31909138758393263,-0.04632235777753479,4,0.6363830781276004,0.3404559467775654,0.02316097509483422
market_control::lt::5ede80a7316c240fc78b6f6a,5ede80a7316c240fc78b6f6a,market_control,lt,0,0,lt_control,1,4.0,0.6666666666666667,I gave 4 so we could have an equal amount,Moral,1,-0.06171364947513633,-0.05067652907069,4,0.6938059520656559,0.28085585526866186,0.025338192665682248
market_control::lt::5eea256b9e506b0d09822cdc,5eea256b9e506b0d09822cdc,market_control,lt,0,0,lt_control,2,12.0,0.0,im willing to steal from others so long as i benefit,Self-interest,3,-0.035068969401240054,-0.03631463297866238,3,0.6896147846636403,0.28484945958202723,0.025535755754332392
market_control::lt::5eea8ce1177f5a19a860bbe5,5eea8ce1177f5a19a860bbe5,market_control,lt,0,0,lt_control,1,12.0,0.0,I fully expect the other user to take all my money,Self-interest,3,0.12981150255857674,-0.040940945267991254,3,0.6651008461547118,0.310467251555438,0.02443190228985023
market_control::lt::5efcaaee74e56207d16db007,5efcaaee74e56207d16db007,market_control,lt,0,0,lt_control,1,6.0,0.5,It gives us both six dollars,Moral,1,-0.27434015418824875,-0.02752359075188583,2,0.7239472268018522,0.2488802004628819,0.02717257273526588
market_control::lt::5f00b44e836b900755d6da5c,5f00b44e836b900755d6da5c,market_control,lt,0,0,lt_control,2,10.5,0.125,To hold on to own assets,Self-interest,3,-0.4482373615614157,-0.05485113130401024,4,0.7484564738128856,0.2241181293459907,0.027425396841123665
market_control::lt::5f020de061fa1138a77c5c00,5f020de061fa1138a77c5c00,market_control,lt,0,0,lt_control,1,8.0,0.3333333333333333,"Well, we were initially given a random amount of money to being with, and with nothing else to go on, i just decided to call quits at this point. That is as fair a conclusion as any decision.",Moral,1,0.1683230347431761,-0.03886078796577347,3,0.6592451239606861,0.31650686138476325,0.02424801465455068
market_control::lt::5f0572e194097c894899edb5,5f0572e194097c894899edb5,market_control,lt,0,0,lt_control,1,6.0,0.5,Half each is the fairest way to split.,Moral,1,0.31909138758393263,-0.04632235777753479,4,0.6363830781276004,0.3404559467775654,0.02316097509483422
market_control::lt::5f0c9a9c5360b60f4118e168,5f0c9a9c5360b60f4118e168,market_control,lt,0,0,lt_control,2,6.0,0.5,"So that we both have the same amount, which seems fair to me,",Moral,1,-0.4279447019441091,0.43908365707390346,3,0.7325007324233184,0.22353025522036102,0.043969012356320586
market_control::lt::5f0db498f5e4e102c0f65b67,5f0db498f5e4e102c0f65b67,market_control,lt,0,0,lt_control,1,6.0,0.5,i chose this to balance out and equal what me and the other participant would get,Moral,1,-0.27434015418824875,-0.02752359075188583,2,0.7239472268018522,0.2488802004628819,0.02717257273526588
market_control::lt::5f0e9896f5e4e11e12c8f5ac,5f0e9896f5e4e11e12c8f5ac,market_control,lt,0,0,lt_control,2,7.0,0.4166666666666666,I chose this answer because I wanted to give the other person more spending power while also looking out for myself.,Mutual Benefit / Cooperation,2,0.31909138758393263,-0.04632235777753479,4,0.6363830781276004,0.3404559467775654,0.02316097509483422
market_control::lt::5f2e62c6a0330f1c512ee366,5f2e62c6a0330f1c512ee366,market_control,lt,0,0,lt_control,1,7.0,0.4166666666666666,I feel i got lucky but didn't want it to be too unfair,Moral,1,0.1683230347431761,-0.03886078796577347,3,0.6592451239606861,0.31650686138476325,0.02424801465455068
market_control::lt::5f32de1ebd944907faf937f4,5f32de1ebd944907faf937f4,market_control,lt,0,0,lt_control,2,8.0,0.3333333333333333,I feel like I maximised my utility without being too greedy; we both win. Plus I would feel guilty taking everything given that they also participated.,Moral,1,0.20449895445842886,-0.024520849112612122,2,0.6535079475081452,0.3221259540516671,0.02436609844018762
market_control::lt::5f39b00fb05fd85622540c3a,5f39b00fb05fd85622540c3a,market_control,lt,0,0,lt_control,1,6.0,0.5,"because I wanted to do the fair thing, and would feel guilty otherwise",Moral,1,-0.06171364947513633,-0.05067652907069,4,0.6938059520656559,0.28085585526866186,0.025338192665682248
market_control::lt::5f3d4416c9088f09a5929418,5f3d4416c9088f09a5929418,market_control,lt,0,0,lt_control,2,8.0,0.3333333333333333,i will keep $8.,No clear justification,0,-0.2545043127786113,-0.04126187975682976,3,0.7214308112126578,0.2518708562066857,0.026698332580656493
market_control::lt::5f4dc39ffc6fe9aa6901cc6d,5f4dc39ffc6fe9aa6901cc6d,market_control,lt,0,0,lt_control,2,5.5,0.5416666666666667,TO determine the value of data,No clear justification,0,-0.20645168821423956,0.4845198404229957,1,0.7011147849678526,0.25502704335327336,0.04385817167887405
market_control::lt::5f51529b15e36638fe535eae,5f51529b15e36638fe535eae,market_control,lt,0,0,lt_control,2,10.5,0.125,I wanted to share some of the wealth.,Moral,1,0.1683230347431761,-0.03886078796577347,3,0.6592451239606861,0.31650686138476325,0.02424801465455068
market_control::lt::5f565f889df06007662eaa84,5f565f889df06007662eaa84,market_control,lt,0,0,lt_control,1,6.0,0.5,I chose 2 because now we both have 6,Moral,1,0.20449895445842886,-0.024520849112612122,2,0.6535079475081452,0.3221259540516671,0.02436609844018762
market_control::lt::5f60fa0a0543ce036fa68ba0,5f60fa0a0543ce036fa68ba0,market_control,lt,0,0,lt_control,1,6.0,0.5,"I think it was fair, the amount is close to what I was allocated",Moral,1,-0.06171364947513633,-0.05067652907069,4,0.6938059520656559,0.28085585526866186,0.025338192665682248
market_control::lt::5f69c514b7dfb7020ee1bcb0,5f69c514b7dfb7020ee1bcb0,market_control,lt,0,0,lt_control,1,6.0,0.5,Then we would both have the same amount,Moral,1,-0.4482373615614157,-0.05485113130401024,4,0.7484564738128856,0.2241181293459907,0.027425396841123665
market_control::lt::5f77b243c99f31316e4cae58,5f77b243c99f31316e4cae58,market_control,lt,0,0,lt_control,1,6.0,0.5,My assumption: I di not work for the 8 dollars. It was agift. The other guy was given 4 dollars. I wanted to make it equal n both sides and gave 2 dollars to them. We both have 6 dollars. I feel good in my heart that way. That is the way I live my life.,Moral,1,-0.06034211373244149,0.4495590360118067,2,0.6816395240745968,0.27730395327105806,0.041056522654345104
market_control::lt::5fb281433a31c686f0ec3ecb,5fb281433a31c686f0ec3ecb,market_control,lt,0,0,lt_control,2,8.0,0.3333333333333333,Do not want to lose any money,Self-interest,3,-0.2545043127786113,-0.04126187975682976,3,0.7214308112126578,0.2518708562066857,0.026698332580656493
market_control::lt::5fb7d0c98a2ddb3d22902d37,5fb7d0c98a2ddb3d22902d37,market_control,lt,0,0,lt_control,2,10.0,0.1666666666666666,"To have insurance that if this person took all the money from me, I would at least have $2. I would like to have trusted this stranger, but you never know what could happen without meeting someone. They may have possibly taken everything.",Self-interest,3,-0.4294591868289597,-0.04038152156795794,3,0.7456166311746436,0.22667347524940568,0.027709893575950682
market_control::lt::5fb9858093585f5f4193c096,5fb9858093585f5f4193c096,market_control,lt,0,0,lt_control,2,6.0,0.5,I selected $2 because then we would have the same amount of money.,Moral,1,0.4054740095870525,-0.030701425204067857,2,0.6228409042535668,0.3541748127790127,0.02298428296742061
market_control::lt::5fbd54c50ecd620e6c887382,5fbd54c50ecd620e6c887382,market_control,lt,0,0,lt_control,2,6.0,0.5,I felt like it would be nice to share the amount equally between us,Moral,1,0.31909138758393263,-0.04632235777753479,4,0.6363830781276004,0.3404559467775654,0.02316097509483422
market_control::lt::5fd12770613f3b08ca51bb2c,5fd12770613f3b08ca51bb2c,market_control,lt,0,0,lt_control,2,7.5,0.375,"I want the money, but still want to share some",Self-interest,3,-0.2545043127786113,-0.04126187975682976,3,0.7214308112126578,0.2518708562066857,0.026698332580656493
market_control::lt::5febcb7129db95d12bec9e2b,5febcb7129db95d12bec9e2b,market_control,lt,0,0,lt_control,1,6.0,0.5,To make it even for both.,Moral,1,-0.2545043127786113,-0.04126187975682976,3,0.7214308112126578,0.2518708562066857,0.026698332580656493
market_control::lt::5fef10fbbf9ae41f48f739ee,5fef10fbbf9ae41f48f739ee,market_control,lt,0,0,lt_control,1,8.0,0.3333333333333333,i dont know if the other person needs it but i know i do,Self-interest,3,-0.2937265868407035,-0.04414309944299319,3,0.7270089158503146,0.24614332647722914,0.026847757672456285
market_control::lt::5ff0379d6bfb633786fd9b27,5ff0379d6bfb633786fd9b27,market_control,lt,0,0,lt_control,1,12.0,0.0,"i do not know the other person and so hold no feelings towards them. i have no issue making sure i have as much as possible, as i am sure they will do",Self-interest,3,0.1683230347431761,-0.03886078796577347,3,0.6592451239606861,0.31650686138476325,0.02424801465455068
market_control::lt::5ff1fd761d6cb468718cdbeb,5ff1fd761d6cb468718cdbeb,market_control,lt,0,0,lt_control,1,7.5,0.375,It was a token amount just to give them a small boost,Moral,1,-0.2699382286822284,-0.029516683185839835,2,0.7233688613089632,0.24953665224885158,0.027094486442185286
market_control::lt::600a878fa6fbbf1ba60bea36,600a878fa6fbbf1ba60bea36,market_control,lt,0,0,lt_control,2,4.0,0.6666666666666667,"I felt generous, and wanted to give the other person a share of my allocation.",Moral,1,0.19790400198000946,-0.022481820946910498,2,0.6544732257241872,0.32107154025215956,0.024455234023653172
market_control::lt::6012e691ac1f2b0bbbf29d19,6012e691ac1f2b0bbbf29d19,market_control,lt,0,0,lt_control,1,4.0,0.6666666666666667,there are 2 people involved here on Prolifc both doing the same equal task,Moral,1,-0.06171364947513633,-0.05067652907069,4,0.6938059520656559,0.28085585526866186,0.025338192665682248
market_control::lt::601573abb16bec6457789080,601573abb16bec6457789080,market_control,lt,0,0,lt_control,2,6.0,0.5,I wanted us to have an equal share.,Moral,1,0.1683230347431761,-0.03886078796577347,3,0.6592451239606861,0.31650686138476325,0.02424801465455068
market_control::lt::6015966a246e51095f2235e7,6015966a246e51095f2235e7,market_control,lt,0,0,lt_control,2,8.0,0.3333333333333333,I was happy with the allocation to begin with.,No clear justification,0,-0.06171364947513633,-0.05067652907069,4,0.6938059520656559,0.28085585526866186,0.025338192665682248
market_control::lt::602471c97db8951797cef086,602471c97db8951797cef086,market_control,lt,0,0,lt_control,2,6.0,0.5,I feel this is the fairest outcome. there is no need to be selfish,Moral,1,-0.03506896940124008,-0.03631463297866238,3,0.6896147846636403,0.28484945958202723,0.025535755754332392
market_control::lt::6026e312c1e1234396ed6e7d,6026e312c1e1234396ed6e7d,market_control,lt,0,0,lt_control,1,8.0,0.3333333333333333,I already have twice as much as the other person so I didn't feel it was right to take more. And I fancied keeping the money I had!,Moral,1,-0.06171364947513633,-0.05067652907069,4,0.6938059520656559,0.28085585526866186,0.025338192665682248
market_control::lt::602ac80c6cf22516282a7fd3,602ac80c6cf22516282a7fd3,market_control,lt,0,0,lt_control,1,6.0,0.5,Both parties will have equal amounts,Moral,1,-0.2545043127786113,-0.04126187975682976,3,0.7214308112126578,0.2518708562066857,0.026698332580656493
market_control::lt::602f57ea338e8ec1f6ccddbd,602f57ea338e8ec1f6ccddbd,market_control,lt,0,0,lt_control,2,4.0,0.6666666666666667,It would be fair to share it equally,Moral,1,-0.4294591868289597,-0.04038152156795794,3,0.7456166311746436,0.22667347524940568,0.027709893575950682
market_control::lt::602fd11faa844cd2d0fd5818,602fd11faa844cd2d0fd5818,market_control,lt,0,0,lt_control,2,6.0,0.5,"it’s a simple, fairness-minded choice that reduces the initial inequality",Moral,1,0.1683230347431761,-0.03886078796577347,3,0.6592451239606861,0.31650686138476325,0.02424801465455068
market_control::lt::602ff7a159d28fdae8d5db62,602ff7a159d28fdae8d5db62,market_control,lt,0,0,lt_control,2,8.0,0.3333333333333333,keeps me in a stronger position which i will need against a stronger negotiator,Self-interest,3,0.20449895445842886,-0.024520849112612122,2,0.6535079475081452,0.3221259540516671,0.02436609844018762
market_control::lt::6034f019bf26dfcde618e658,6034f019bf26dfcde618e658,market_control,lt,0,0,lt_control,2,2.5,0.7916666666666666,I like to choose this price.,No clear justification,0,0.1683230347431761,-0.03886078796577347,3,0.6592451239606861,0.31650686138476325,0.02424801465455068
market_control::lt::603caacf4df9d7a63fc5b6ed,603caacf4df9d7a63fc5b6ed,market_control,lt,0,0,lt_control,1,6.0,0.5,This is what I would choose to do in real life so we both have the same amount of money. I would not feel comfortable having more and I certainly would not take money from the other player.,Moral,1,-0.4482373615614157,-0.05485113130401024,4,0.7484564738128856,0.2241181293459907,0.027425396841123665
market_control::lt::604e3748363a7cd1b3e91b42,604e3748363a7cd1b3e91b42,market_control,lt,0,0,lt_control,2,6.0,0.5,So that we would both have the same amount and it was fair.,Moral,1,-0.06171364947513631,-0.05067652907069,4,0.6938059520656559,0.28085585526866186,0.025338192665682248
market_control::lt::604f5de0427e9f7aa5f54003,604f5de0427e9f7aa5f54003,market_control,lt,0,0,lt_control,2,4.0,0.6666666666666667,It seemed fair for it to be equal. If both got the same amount it seems nicer than stealing the whole amount or leaving them with less.,Moral,1,0.31909138758393263,-0.04632235777753479,4,0.6363830781276004,0.3404559467775654,0.02316097509483422
market_control::lt::6053b89a3eeea0ac65a9a419,6053b89a3eeea0ac65a9a419,market_control,lt,0,0,lt_control,2,2.0,0.8333333333333334,It feels fair to divide it equally,Moral,1,-0.06145404081055491,-0.03178165476072698,2,0.693409797223655,0.2807834826973948,0.025806720078950227
market_control::lt::605f7f4e99fb0e6f9785a66e,605f7f4e99fb0e6f9785a66e,market_control,lt,0,0,lt_control,1,6.0,0.5,So that we each have the same amount. To make it fair.,Moral,1,-0.0617136494751363,-0.050676529070690035,4,0.6938059520656559,0.28085585526866186,0.025338192665682248
market_control::lt::606160bf0555181b9aabd129,606160bf0555181b9aabd129,market_control,lt,0,0,lt_control,2,4.0,0.6666666666666667,"I would like to be a fair participant. Regardless of what the other participant chooses, I am happy and confident in my choice.",Moral,1,-0.2545043127786113,-0.04126187975682976,3,0.7214308112126578,0.2518708562066857,0.026698332580656493
market_control::lt::60675b278929f00a78c91c3f,60675b278929f00a78c91c3f,market_control,lt,0,0,lt_control,2,6.0,0.5,I thought it was playing it safe. I’m transferring some but not all of what I was allocated,Self-interest,3,0.33287132437862804,0.8870788187009454,4,0.6099651160165995,0.33356713509146296,0.056467748891937494
market_control::lt::6071e7e8f858a84483519a0c,6071e7e8f858a84483519a0c,market_control,lt,0,0,lt_control,1,6.0,0.5,"Because I want to share it equally. The other person didn't have to be so generous, and I understand that I should be generous in return.",Moral,1,0.1683230347431761,-0.03886078796577347,3,0.6592451239606861,0.31650686138476325,0.02424801465455068
market_control::lt::6077a88e7cdfef8e4ccb3c63,6077a88e7cdfef8e4ccb3c63,market_control,lt,0,0,lt_control,2,12.0,0.0,I want to take away as much as possible since they'll already have a large share taken.,Self-interest,3,-0.4294591868289597,-0.04038152156795794,3,0.7456166311746436,0.22667347524940568,0.027709893575950682
market_control::lt::607ec88e68df02237867c4ac,607ec88e68df02237867c4ac,market_control,lt,0,0,lt_control,2,3.0,0.75,Was feeling generous and wanted to give some extra money away to a lucky person.,Moral,1,-0.2545043127786113,-0.04126187975682976,3,0.7214308112126578,0.2518708562066857,0.026698332580656493
market_control::lt::6090052e423b205092dc1c95,6090052e423b205092dc1c95,market_control,lt,0,0,lt_control,1,6.0,0.5,"because it would mean both of us have the same allocation, assuming we're equal participants in this experiment",Moral,1,-0.0617136494751363,-0.050676529070690035,4,0.6938059520656559,0.28085585526866186,0.025338192665682248
market_control::lt::6095904b3fb937367c62813a,6095904b3fb937367c62813a,market_control,lt,0,0,lt_control,2,11.5,0.0416666666666666,I want the most money possible still with a chance they will accept,Self-interest,3,-0.24967046032542345,-0.012448044664391925,1,0.7201579966200553,0.2524141807839747,0.027427822595970007
market_control::lt::609720f77227ed736f8426cf,609720f77227ed736f8426cf,market_control,lt,0,0,lt_control,2,8.0,0.3333333333333333,because then it is fair because that is what we were originally given,Moral,1,-0.0617136494751363,-0.050676529070690035,4,0.6938059520656559,0.28085585526866186,0.025338192665682248
market_control::lt::609ec5e8e5a3da020adefde8,609ec5e8e5a3da020adefde8,market_control,lt,0,0,lt_control,1,6.0,0.5,I would like it to be even,Moral,1,0.31909138758393263,-0.04632235777753479,4,0.6363830781276004,0.3404559467775654,0.02316097509483422
market_control::lt::60baaa995c09d3162511871d,60baaa995c09d3162511871d,market_control,lt,0,0,lt_control,1,6.0,0.5,I gave them a nice bonus.,Moral,1,-0.0617136494751363,-0.050676529070690035,4,0.6938059520656559,0.28085585526866186,0.025338192665682248
market_control::lt::60cce9e5db3f76eabb186870,60cce9e5db3f76eabb186870,market_control,lt,0,0,lt_control,2,12.0,0.0,Because being selfish and taking the money to use in own interest,Self-interest,3,0.20449895445842886,-0.024520849112612122,2,0.6535079475081452,0.3221259540516671,0.02436609844018762
market_control::lt::60cfce9352df6ebd5674e563,60cfce9352df6ebd5674e563,market_control,lt,0,0,lt_control,1,8.0,0.3333333333333333,"I had the most money and felt it would be selfish of me to not transfer, so that's exactly what I did.",Moral,1,-0.2699382286822284,-0.029516683185839835,2,0.7233688613089632,0.24953665224885158,0.027094486442185286
market_control::lt::60d20bdca2934c2104798fff,60d20bdca2934c2104798fff,market_control,lt,0,0,lt_control,1,12.0,0.0,I want more money. It is all hypothetical anyway,Self-interest,3,-0.24967046032542345,-0.012448044664391925,1,0.7201579966200553,0.2524141807839747,0.027427822595970007
market_control::lt::60d88215cb2f2655d0e4c663,60d88215cb2f2655d0e4c663,market_control,lt,0,0,lt_control,1,8.0,0.3333333333333333,I didn't want to give anything to a stranger,Self-interest,3,-0.4482373615614157,-0.05485113130401024,4,0.7484564738128856,0.2241181293459907,0.027425396841123665
market_control::lt::60dcb3f3e2ea696019e59af9,60dcb3f3e2ea696019e59af9,market_control,lt,0,0,lt_control,1,6.0,0.5,"It allows us each to have 6, which is fair.",Moral,1,0.31909138758393263,-0.04632235777753479,4,0.6363830781276004,0.3404559467775654,0.02316097509483422
market_control::lt::60e0b7dcd624a58b03ec0aba,60e0b7dcd624a58b03ec0aba,market_control,lt,0,0,lt_control,1,12.0,0.0,i am broke and need money,Self-interest,3,-0.2516969022749566,0.4347561726852115,3,0.7089432082984144,0.2488253798428366,0.04223141185874904
market_control::lt::60e49deb007ba3db7bb73016,60e49deb007ba3db7bb73016,market_control,lt,0,0,lt_control,1,6.0,0.5,I chose to send $2 so that we both have a chance of winning $6 and that is the fairest option I believe,Moral,1,-0.03994212704579946,-0.03435519909169102,3,0.6902958571029703,0.28409049655497925,0.02561364634205055
market_control::lt::60fc2220e5b6f3a077f0d742,60fc2220e5b6f3a077f0d742,market_control,lt,0,0,lt_control,1,12.0,0.0,Assuming the worst of people due to greed - have to look out for self more than anyone else,Self-interest,3,-0.035068969401240074,-0.03631463297866238,3,0.6896147846636403,0.28484945958202723,0.025535755754332392
market_control::lt::60fd1724be388fa301b32497,60fd1724be388fa301b32497,market_control,lt,0,0,lt_control,2,8.0,0.3333333333333333,I did not want to adjust the amounts already allocated to us,No clear justification,0,-0.2545043127786113,-0.04126187975682976,3,0.7214308112126578,0.2518708562066857,0.026698332580656493
market_control::lt::60fd4d2218f36f098dcb48ec,60fd4d2218f36f098dcb48ec,market_control,lt,0,0,lt_control,1,11.0,0.0833333333333333,I just thought of a random number,No clear justification,0,0.4054740095870525,-0.030701425204067857,2,0.6228409042535668,0.3541748127790127,0.02298428296742061
market_control::lt::60fd67e4e3e3aa482494a95c,60fd67e4e3e3aa482494a95c,market_control,lt,0,0,lt_control,2,8.0,0.3333333333333333,"It is random, and I would like to keep whatever profit for myself. If the other participant is asked the same question, I have a feeling they may choose to take money from me because I was allocated more.",Self-interest,3,-0.2545043127786113,-0.04126187975682976,3,0.7214308112126578,0.2518708562066857,0.026698332580656493
market_control::lt::60fe21d7301f49dfc4aa5f3a,60fe21d7301f49dfc4aa5f3a,market_control,lt,0,0,lt_control,1,6.0,0.5,"Because, to me, we both did the same amount of work so we should get the same amount.",Moral,1,-0.4482373615614157,-0.05485113130401024,4,0.7484564738128856,0.2241181293459907,0.027425396841123665
market_control::lt::61011dd1dccad8267930b9bd,61011dd1dccad8267930b9bd,market_control,lt,0,0,lt_control,2,6.0,0.5,"Again, focusing on fairness. I don't know the other person and I don't know why myself or they would deserve more money. If this is truly a gift without reservation, it should be split equally.",Moral,1,-0.4432262087428174,0.413896544207793,4,0.7353339905215043,0.22161279241119422,0.04305321706730151
market_control::lt::6103e1d7b7c388fda60e0bf6,6103e1d7b7c388fda60e0bf6,market_control,lt,0,0,lt_control,2,6.0,0.5,It just seems fair to keep it 50/50. I had no intention of taking anything further from them.,Moral,1,0.31909138758393263,-0.04632235777753479,4,0.6363830781276004,0.3404559467775654,0.02316097509483422
market_control::lt::61048d3a2172f711357d04d1,61048d3a2172f711357d04d1,market_control,lt,0,0,lt_control,1,6.0,0.5,"Assuming based on some of the imagination I did there, the other participant is a friend or acquaintance and we don't really have money hanging over each other as something to be concerned with, I sent $2 in order for both participants to be on an equal footing of $6 so any potential debts have been paid.",Moral,1,-0.2545043127786113,-0.04126187975682976,3,0.7214308112126578,0.2518708562066857,0.026698332580656493
market_control::lt::610508c09d61c098f072605b,610508c09d61c098f072605b,market_control,lt,0,0,lt_control,1,4.0,0.6666666666666667,I wanted to try and be as fair as possible.,Moral,1,-0.4482373615614157,-0.05485113130401024,4,0.7484564738128856,0.2241181293459907,0.027425396841123665
market_control::lt::610aadf3dc6d9b1de02c4a39,610aadf3dc6d9b1de02c4a39,market_control,lt,0,0,lt_control,1,6.0,0.5,I woulde like to share the amount equally. This would make me feel good about myself and also the other person be able to enjoy the amount the same as myself. i was at an advantage as i had the larger amount and I would hope they would think I was a nice person for sharing with them.,Moral,1,-0.4482373615614157,-0.05485113130401024,4,0.7484564738128856,0.2241181293459907,0.027425396841123665
market_control::lt::610b94e651ce8595d755f9dd,610b94e651ce8595d755f9dd,market_control,lt,0,0,lt_control,1,8.0,0.3333333333333333,I prefer to keep the money to myself,Self-interest,3,-0.03994212704579946,-0.03435519909169102,3,0.6902958571029703,0.28409049655497925,0.02561364634205055
market_control::lt::610fd7c2e424d1b89596bc94,610fd7c2e424d1b89596bc94,market_control,lt,0,0,lt_control,1,6.0,0.5,Because it is the fairest way of splitting the money so we both get the same amount at the end,Moral,1,0.31909138758393263,-0.04632235777753479,4,0.6363830781276004,0.3404559467775654,0.02316097509483422
market_control::lt::612198f856c9f4f2f02f7046,612198f856c9f4f2f02f7046,market_control,lt,0,0,lt_control,1,5.0,0.5833333333333333,I wanted the other participant to have a similar amount to myself however I didn't want to put myself out so I chose to give them $3,Moral,1,0.35001768983694315,-0.030179754516424233,3,0.6313675806658176,0.34529477225990646,0.023337647074276043
market_control::lt::6128188a420f8d3f27f8d8b1,6128188a420f8d3f27f8d8b1,market_control,lt,0,0,lt_control,1,5.0,0.5833333333333333,felt like a fair middle option that improves the other person’s outcome without leaving me with too little,Moral,1,-0.4482373615614157,-0.05485113130401024,4,0.7484564738128856,0.2241181293459907,0.027425396841123665
market_control::lt::6134e3d48d0eaa5c8fe8c25e,6134e3d48d0eaa5c8fe8c25e,market_control,lt,0,0,lt_control,1,8.0,0.3333333333333333,I am happy with this status quo and don't feel the need to change it.,No clear justification,0,0.1683230347431761,-0.03886078796577347,3,0.6592451239606861,0.31650686138476325,0.02424801465455068
market_control::lt::6148534692faf0e96f0858b2,6148534692faf0e96f0858b2,market_control,lt,0,0,lt_control,2,8.0,0.3333333333333333,because taking would be like stealing but also i dont owe the other participant anything either.,Moral,1,-0.2545043127786113,-0.04126187975682976,3,0.7214308112126578,0.2518708562066857,0.026698332580656493
market_control::lt::614873a43b76bea1f97ee78f,614873a43b76bea1f97ee78f,market_control,lt,0,0,lt_control,1,6.0,0.5,"I chose this allocation because I wanted to share some of the money with the other participant. The initial allocation felt uneven, so giving them some of my amount seemed fair and reasonable",Moral,1,0.1683230347431761,-0.03886078796577347,3,0.6592451239606861,0.31650686138476325,0.02424801465455068
market_control::lt::614ddeed68bcb4d625cd376d,614ddeed68bcb4d625cd376d,market_control,lt,0,0,lt_control,1,6.0,0.5,"Since we do not know each other or our circumstances, it seems only fair to split the money - rather than for one person to have more than the other",Moral,1,0.35001768983694315,-0.030179754516424233,3,0.6313675806658176,0.34529477225990646,0.023337647074276043
market_control::lt::6157040a78451d0e36577a2a,6157040a78451d0e36577a2a,market_control,lt,0,0,lt_control,1,6.0,0.5,I chose this to make things fair so we both have equal amounts,Moral,1,0.31909138758393263,-0.04632235777753479,4,0.6363830781276004,0.3404559467775654,0.02316097509483422
market_control::lt::615a170c6eca532c6f57e09c,615a170c6eca532c6f57e09c,market_control,lt,0,0,lt_control,1,7.0,0.4166666666666666,"I have more, so it seems fair to share some, but then I also need the money so I don't want to give too much away.",Moral,1,0.31909138758393263,-0.04632235777753479,4,0.6363830781276004,0.3404559467775654,0.02316097509483422
market_control::lt::615f5864ae2a546caed7137c,615f5864ae2a546caed7137c,market_control,lt,0,0,lt_control,2,12.0,0.0,I like money more than my counterpart,Self-interest,3,-0.06171364947513633,-0.05067652907069,4,0.6938059520656559,0.28085585526866186,0.025338192665682248
market_control::lt::6164256a8457e9ee1af3a65e,6164256a8457e9ee1af3a65e,market_control,lt,0,0,lt_control,2,6.0,0.5,So we can have an equal amount.,Moral,1,-0.06171364947513633,-0.05067652907069,4,0.6938059520656559,0.28085585526866186,0.025338192665682248
market_control::lt::61748826c72e5c62b101a8cd,61748826c72e5c62b101a8cd,market_control,lt,0,0,lt_control,1,8.0,0.3333333333333333,"I transferred $0 because I don't know this person and have no context. For this reason, they can simply keep what they were allocated and I will do the same.",Self-interest,3,-0.4482373615614157,-0.05485113130401024,4,0.7484564738128856,0.2241181293459907,0.027425396841123665
market_control::lt::61bb377a40db417c1a138a70,61bb377a40db417c1a138a70,market_control,lt,0,0,lt_control,1,6.0,0.5,It felt fare to ensure that we had both shared it equally,Moral,1,-0.2937265868407035,-0.04414309944299319,3,0.7270089158503146,0.24614332647722914,0.026847757672456285
market_control::lt::622a4ec80e7473d15d7c5009,622a4ec80e7473d15d7c5009,market_control,lt,0,0,lt_control,1,12.0,0.0,Because it is the most equal distribution,Moral,1,-0.2937265868407035,-0.04414309944299319,3,0.7270089158503146,0.24614332647722914,0.026847757672456285
market_control::lt::623486db68625ae062c7303c,623486db68625ae062c7303c,market_control,lt,0,0,lt_control,2,12.0,0.0,"Because in this instance I decided to be selfish and give myself a chance, albeit an extremely small one, of earning a bit more money",Self-interest,3,-0.28985299205968196,0.4303619310087674,3,0.7143060005750242,0.24329883449060058,0.04239516493437523
market_control::lt::627966f3451caac7a46ca880,627966f3451caac7a46ca880,market_control,lt,0,0,lt_control,1,8.0,0.3333333333333333,I want more money for myself and I feel it’s more acceptable to leave the original allocation unchanged compared to taking more from them. It’s like fate decided and not me.,Self-interest,3,-0.2343591818712162,-0.024618624461794542,2,0.7182400195448464,0.25474422240125416,0.027015758053899438
market_control::lt::628409abe8772d1f138b7f14,628409abe8772d1f138b7f14,market_control,lt,0,0,lt_control,1,6.0,0.5,I send them $2 so that I'd end up with $6 and they would then have $6 and it was fair and equal for us both.,Moral,1,-0.2545043127786113,-0.04126187975682976,3,0.7214308112126578,0.2518708562066857,0.026698332580656493
market_control::lt::62959d1553cc14e98f4b8d78,62959d1553cc14e98f4b8d78,market_control,lt,0,0,lt_control,2,12.0,0.0,I believe I need the money more than the other person,Self-interest,3,0.1683230347431761,-0.03886078796577347,3,0.6592451239606861,0.31650686138476325,0.02424801465455068
market_control::lt::62989d142aedce04d304cabf,62989d142aedce04d304cabf,market_control,lt,0,0,lt_control,2,8.0,0.3333333333333333,I didn't transfer any money as I want to keep things as they are,Self-interest,3,0.31909138758393263,-0.04632235777753479,4,0.6363830781276004,0.3404559467775654,0.02316097509483422
market_control::lt::629e212b5c3c5319f1127bb6,629e212b5c3c5319f1127bb6,market_control,lt,0,0,lt_control,2,7.5,0.375,I didn't want to leave it at 0 and didn't really want to add on much more or take away anything from the other participant. 8 and 4 feels fair.,Moral,1,0.5827932048406087,-0.036175489939243334,3,0.5954825822119714,0.3827412284320614,0.021776189355967413
market_control::lt::62a727c0b6efe57fb90a5b86,62a727c0b6efe57fb90a5b86,market_control,lt,0,0,lt_control,1,8.0,0.3333333333333333,I stuck with original random amount seemed fairest,Moral,1,-0.0617136494751363,-0.050676529070690035,4,0.6938059520656559,0.28085585526866186,0.025338192665682248
market_control::lt::62a89318448a8592fc88ee03,62a89318448a8592fc88ee03,market_control,lt,0,0,lt_control,1,4.0,0.6666666666666667,I think it is better to give than to receive. Greed will only lead to problems later,Moral,1,0.31909138758393263,-0.04632235777753479,4,0.6363830781276004,0.3404559467775654,0.02316097509483422
market_control::lt::62a8e8d53d81e31a0c0331d3,62a8e8d53d81e31a0c0331d3,market_control,lt,0,0,lt_control,2,8.0,0.3333333333333333,I want to maximise my bonus,Self-interest,3,0.5479580287500445,-0.037610646755262336,3,0.6009107647401829,0.377130693165245,0.02195854209457211
market_control::lt::62b35d7693a267af341a1822,62b35d7693a267af341a1822,market_control,lt,0,0,lt_control,2,10.0,0.1666666666666666,Evens it up and makes it fair between the two of us,Moral,1,-0.2937265868407035,-0.04414309944299319,3,0.7270089158503146,0.24614332647722914,0.026847757672456285
market_control::lt::62cc24abe2c56d04f1cf9a66,62cc24abe2c56d04f1cf9a66,market_control,lt,0,0,lt_control,2,6.0,0.5,so that we each have the same amount,Moral,1,-0.2545043127786113,-0.04126187975682976,3,0.7214308112126578,0.2518708562066857,0.026698332580656493
market_control::lt::62cd6efa6212ae6777eb7db1,62cd6efa6212ae6777eb7db1,market_control,lt,0,0,lt_control,1,6.0,0.5,"Because this nominal amount means nothing to me, I've no reason to withhold a fair share, I know nothing about the participant. Seems like we should share the bonus fairly.",Moral,1,-0.2545043127786113,-0.04126187975682976,3,0.7214308112126578,0.2518708562066857,0.026698332580656493
market_control::lt::62ce9f8fac0a19a8ac19ccbc,62ce9f8fac0a19a8ac19ccbc,market_control,lt,0,0,lt_control,2,4.5,0.625,I wanted a positive transfer,Moral,1,-0.2545043127786113,-0.04126187975682976,3,0.7214308112126578,0.2518708562066857,0.026698332580656493
market_control::lt::62d13440676173259ba7d504,62d13440676173259ba7d504,market_control,lt,0,0,lt_control,2,6.0,0.5,Felt it was fair and morally the right thing to do if we both get 6,Moral,1,-0.06171364947513633,-0.05067652907069,4,0.6938059520656559,0.28085585526866186,0.025338192665682248
market_control::lt::62d13582584ecb519db9ec60,62d13582584ecb519db9ec60,market_control,lt,0,0,lt_control,2,8.0,0.3333333333333333,I was happy that we both got something,Moral,1,-0.0617136494751363,-0.050676529070690035,4,0.6938059520656559,0.28085585526866186,0.025338192665682248
market_control::lt::62fbb64f898f825360508915,62fbb64f898f825360508915,market_control,lt,0,0,lt_control,1,6.0,0.5,I felt it was fair that we both ended up with the same amount: $6.,Moral,1,-0.06171364947513633,-0.05067652907069,4,0.6938059520656559,0.28085585526866186,0.025338192665682248
market_control::lt::62fd10443b9a8510ba1298fc,62fd10443b9a8510ba1298fc,market_control,lt,0,0,lt_control,2,7.0,0.4166666666666666,it felt right to give the other person some more money as a gift,Moral,1,0.1683230347431761,-0.03886078796577347,3,0.6592451239606861,0.31650686138476325,0.02424801465455068
market_control::lt::63039343fd5a2e6fb88d2c61,63039343fd5a2e6fb88d2c61,market_control,lt,0,0,lt_control,1,6.0,0.5,To make the allocation even and fair,Moral,1,-0.4482373615614157,-0.05485113130401024,4,0.7484564738128856,0.2241181293459907,0.027425396841123665
market_control::lt::63106ea4e8fe9c6cd32bf358,63106ea4e8fe9c6cd32bf358,market_control,lt,0,0,lt_control,1,12.0,0.0,I wanted all the money for myself if I could get it,Self-interest,3,0.12981150255857646,-0.040940945267991274,3,0.6651008461547118,0.3104672515554379,0.02443190228985023
market_control::lt::6310dd3d80bd9d026ec14c48,6310dd3d80bd9d026ec14c48,market_control,lt,0,0,lt_control,2,8.0,0.3333333333333333,There was no real need to change it in my opinion as I felt it was fair,Moral,1,-0.06171364947513633,-0.05067652907069,4,0.6938059520656559,0.28085585526866186,0.025338192665682248
market_control::lt::6317f9069450471878597e48,6317f9069450471878597e48,market_control,lt,0,0,lt_control,2,6.0,0.5,That's all i'm willing to give you in these times of money being like the wind.,Self-interest,3,0.1683230347431761,-0.03886078796577347,3,0.6592451239606861,0.31650686138476325,0.02424801465455068
market_control::lt::631f8164145b26de1567f040,631f8164145b26de1567f040,market_control,lt,0,0,lt_control,1,6.0,0.5,I guess let's both try get $6 not that either of us will. As the odds are so low (1/10 in getting any bonus) the 'loss' to me means nothing.,Moral,1,0.31909138758393263,-0.04632235777753479,4,0.6363830781276004,0.3404559467775654,0.02316097509483422
market_control::lt::6329e23d509947bfd4c50ab3,6329e23d509947bfd4c50ab3,market_control,lt,0,0,lt_control,1,6.0,0.5,"Not knowing anything about this other individual and knowing my own needs, it feels like the most fair decision.",Moral,1,0.17152355094219582,0.4384521697136668,3,0.6482243380878459,0.3133436321064592,0.0384320298056949
market_control::lt::63472425ec8036941642882c,63472425ec8036941642882c,market_control,lt,0,0,lt_control,2,9.0,0.25,I think this was being fair,Moral,1,-0.43292701882826806,-0.03844273107017893,3,0.7460435092734893,0.22617513582291215,0.027781354903598565
market_control::lt::637f8a6ce46b21fb1a910c7d,637f8a6ce46b21fb1a910c7d,market_control,lt,0,0,lt_control,2,6.0,0.5,I want us both to get $6 each. Seems fair,Moral,1,0.6974165068802903,-0.041918484913020464,4,0.5777441953137519,0.4012970549122865,0.020958749773961633
market_control::lt::638070625c26e262f2163254,638070625c26e262f2163254,market_control,lt,0,0,lt_control,2,6.0,0.5,"it is the fairest distribution, i have faith most participants to sudies likee this would also be fair minded",Moral,1,0.1683230347431761,-0.03886078796577347,3,0.6592451239606861,0.31650686138476325,0.02424801465455068
market_control::lt::63b060a1e4ed14783756754f,63b060a1e4ed14783756754f,market_control,lt,0,0,lt_control,1,7.0,0.4166666666666666,I wanted to show the other participant that I was prepared to share a little of my money however wanted to keep a little more than 50% of the overall number available,Moral,1,-0.24967046032542345,-0.012448044664391925,1,0.7201579966200553,0.2524141807839747,0.027427822595970007
market_control::lt::63cee143ef1cb49bc4d101db,63cee143ef1cb49bc4d101db,market_control,lt,0,0,lt_control,1,7.5,0.375,"Because at this moment in time, I feel like I need the money more.",Self-interest,3,-0.06171364947513633,-0.05067652907069,4,0.6938059520656559,0.28085585526866186,0.025338192665682248
market_control::lt::63cff02ee037183a8c260ea8,63cff02ee037183a8c260ea8,market_control,lt,0,0,lt_control,1,8.0,0.3333333333333333,Because I knew the other participant is bound to steal from me,Self-interest,3,-0.4136118849944954,-0.023525752871459398,2,0.7431087623161966,0.22881338385575273,0.02807785382805066
market_control::lt::63d13c066352266a8621cc2a,63d13c066352266a8621cc2a,market_control,lt,0,0,lt_control,1,8.0,0.3333333333333333,I decided to be neutral.,No clear justification,0,-0.2545043127786113,-0.04126187975682976,3,0.7214308112126578,0.2518708562066857,0.026698332580656493
market_control::lt::63d29a1e50cf0f82998d2564,63d29a1e50cf0f82998d2564,market_control,lt,0,0,lt_control,1,6.0,0.5,I think it good to be nice and give to others,Moral,1,0.1683230347431761,-0.03886078796577347,3,0.6592451239606861,0.31650686138476325,0.02424801465455068
market_control::lt::63d31b44050f25d498f32cd1,63d31b44050f25d498f32cd1,market_control,lt,0,0,lt_control,1,6.0,0.5,"I did this so that start as equal, the same. i do not have more, they do not have less, we are the same.",Moral,1,-0.4482373615614157,-0.05485113130401024,4,0.7484564738128856,0.2241181293459907,0.027425396841123665
market_control::lt::63d3f989a1af047b64c7c83e,63d3f989a1af047b64c7c83e,market_control,lt,0,0,lt_control,2,10.0,0.1666666666666666,it would create equal balance with us both getting $6 which is the fairer outcome,Moral,1,-0.06171364947513631,-0.050676529070690035,4,0.6938059520656559,0.28085585526866186,0.025338192665682248
market_control::lt::63d4010ea4c8c8d2af56018c,63d4010ea4c8c8d2af56018c,market_control,lt,0,0,lt_control,2,6.0,0.5,it felt fair that we would then both have the same amounts.,Moral,1,-0.0617136494751363,-0.050676529070690035,4,0.6938059520656559,0.28085585526866186,0.025338192665682248
market_control::lt::63de43b08a408605eced4803,63de43b08a408605eced4803,market_control,lt,0,0,lt_control,1,5.5,0.5416666666666667,I thought it quite reasonable as they end up with slightly more than me,Moral,1,0.15852239603760926,-0.024537690007201136,2,0.6604743849046749,0.3148768572717353,0.02464875782358966
market_control::lt::63e2efb080652555c6d566cb,63e2efb080652555c6d566cb,market_control,lt,0,0,lt_control,2,6.0,0.5,May as well equal things out. that is fine.,Moral,1,-0.2545043127786113,-0.04126187975682976,3,0.7214308112126578,0.2518708562066857,0.026698332580656493
market_control::lt::63e8326b8d067b28655586fb,63e8326b8d067b28655586fb,market_control,lt,0,0,lt_control,2,8.0,0.3333333333333333,I think its most fair that we both receive an equal amount.,Moral,1,-0.0617136494751363,-0.050676529070690035,4,0.6938059520656559,0.28085585526866186,0.025338192665682248
market_control::lt::63ea751b7686e752f5ef78b2,63ea751b7686e752f5ef78b2,market_control,lt,0,0,lt_control,2,7.0,0.4166666666666666,I did not know what else to do.,No clear justification,0,0.12981150255857646,-0.040940945267991274,3,0.6651008461547118,0.3104672515554379,0.02443190228985023
market_control::lt::63eec085b1d2e79ac4fbbd78,63eec085b1d2e79ac4fbbd78,market_control,lt,0,0,lt_control,1,7.5,0.375,I made my allocation based on fairness or guts,Moral,1,-0.2545043127786113,-0.04126187975682976,3,0.7214308112126578,0.2518708562066857,0.026698332580656493
market_control::lt::640132934d00561d78518c4c,640132934d00561d78518c4c,market_control,lt,0,0,lt_control,1,6.0,0.5,"equality helps everyone, it doesnt actually cost that much and dosent hurt me to do it. capitalism would have you believe otherwise and this is why we cant have healthcare thats affordable or solve the housing crisis",Moral,1,0.31909138758393263,-0.04632235777753479,4,0.6363830781276004,0.3404559467775654,0.02316097509483422
market_control::lt::6401b9015be1ce78bd94eb70,6401b9015be1ce78bd94eb70,market_control,lt,0,0,lt_control,2,8.0,0.3333333333333333,I felt as the task was divided fairly by the surveyor and didn't feel the need to transfer any as without seeing the time and effort exerted for the task i was unable to make a true judgement.,Moral,1,-0.2545043127786113,-0.04126187975682976,3,0.7214308112126578,0.2518708562066857,0.026698332580656493
market_control::lt::64090fffecd8738e9971fdc3,64090fffecd8738e9971fdc3,market_control,lt,0,0,lt_control,2,6.0,0.5,"Because that is fair. We would both, in the highly unlikely event of being randomly selected, receive $6.",Moral,1,-0.4482373615614157,-0.05485113130401024,4,0.7484564738128856,0.2241181293459907,0.027425396841123665
market_control::lt::641361951f32a46c07479b33,641361951f32a46c07479b33,market_control,lt,0,0,lt_control,1,8.0,0.3333333333333333,i would want to keep the bonus myself,Self-interest,3,-0.06171364947513633,-0.05067652907069,4,0.6938059520656559,0.28085585526866186,0.025338192665682248
market_control::lt::64136e2bd31ba4a3a7c16ddc,64136e2bd31ba4a3a7c16ddc,market_control,lt,0,0,lt_control,2,7.0,0.4166666666666666,It seemed fair to me,Moral,1,0.19790400198000946,-0.022481820946910498,2,0.6544732257241872,0.32107154025215956,0.024455234023653172
market_control::lt::643ead9be9be7fa2c20e1a53,643ead9be9be7fa2c20e1a53,market_control,lt,0,0,lt_control,2,6.0,0.5,It only seemed fair.,Moral,1,-0.2545043127786113,-0.04126187975682976,3,0.7214308112126578,0.2518708562066857,0.026698332580656493
market_control::lt::644016d98e4c23d7fa37632e,644016d98e4c23d7fa37632e,market_control,lt,0,0,lt_control,1,6.0,0.5,"We both end up with $6, unless I got my math(s) wrong",Moral,1,-0.028527228060907024,-0.01714256206145264,1,0.6882857048777671,0.28573775013476477,0.025976544987468205
market_control::lt::644dd62589aee554eb07c017,644dd62589aee554eb07c017,market_control,lt,0,0,lt_control,1,8.0,0.3333333333333333,I do not think it really matters how much I transfer.,No clear justification,0,0.1683230347431761,-0.03886078796577347,3,0.6592451239606861,0.31650686138476325,0.02424801465455068
market_control::lt::645df5da6a7ba0101a3a2a95,645df5da6a7ba0101a3a2a95,market_control,lt,0,0,lt_control,1,0.0,1.0,Sharing the same with the other,Moral,1,0.15852239603760926,-0.024537690007201136,2,0.6604743849046749,0.3148768572717353,0.02464875782358966
market_control::lt::646674fd07dbd1dc3889d32e,646674fd07dbd1dc3889d32e,market_control,lt,0,0,lt_control,1,6.0,0.5,"This was not money that I really did not work for, it was unearned. If I was just given this money, I would like the other person to have just as much.",Moral,1,-0.06171364947513633,-0.05067652907069,4,0.6938059520656559,0.28085585526866186,0.025338192665682248
market_control::lt::646a2395c7c21c5772c607ab,646a2395c7c21c5772c607ab,market_control,lt,0,0,lt_control,2,4.0,0.6666666666666667,It only seems fair that both should get the same amount.,Moral,1,-0.4482373615614157,-0.05485113130401024,4,0.7484564738128856,0.2241181293459907,0.027425396841123665
market_control::lt::6476b68d90c09af88f39e1a5,6476b68d90c09af88f39e1a5,market_control,lt,0,0,lt_control,2,6.0,0.5,Giving 2 means we both have the same.,Moral,1,-0.2545043127786113,-0.04126187975682976,3,0.7214308112126578,0.2518708562066857,0.026698332580656493
market_control::lt::647869e6f69318bacc341d53,647869e6f69318bacc341d53,market_control,lt,0,0,lt_control,1,8.0,0.3333333333333333,we both stay with what we originally got so I am not taking away from them,Moral,1,-0.06171364947513633,-0.05067652907069,4,0.6938059520656559,0.28085585526866186,0.025338192665682248
market_control::lt::64834ca600dfc800b8242f95,64834ca600dfc800b8242f95,market_control,lt,0,0,lt_control,1,6.0,0.5,"I feel everyone should be treated equal and as I only have limited information to go on, it seemed the fairest way was to share so we both had the same amount.",Moral,1,0.31909138758393263,-0.04632235777753479,4,0.6363830781276004,0.3404559467775654,0.02316097509483422
market_control::lt::64d547d9b24adf35e195b48e,64d547d9b24adf35e195b48e,market_control,lt,0,0,lt_control,2,7.0,0.4166666666666666,I feel like it was more balanced and this would feel ideal while allowing me to keep the majority of the allocation.,Moral,1,-0.0617136494751363,-0.050676529070690035,4,0.6938059520656559,0.28085585526866186,0.025338192665682248
market_control::lt::64fb3be137d2bd2bdfab8ba6,64fb3be137d2bd2bdfab8ba6,market_control,lt,0,0,lt_control,1,4.0,0.6666666666666667,"Hopefully, the other is as generous a human being with money that has been presented a gift to use as I please as I am.",Moral,1,0.19790400198000946,-0.022481820946910498,2,0.6544732257241872,0.32107154025215956,0.024455234023653172
market_control::lt::6509a48ff7809e6aba0cf5fa,6509a48ff7809e6aba0cf5fa,market_control,lt,0,0,lt_control,2,6.0,0.5,I wanted us to have the same amount,Moral,1,-0.03462196127303281,-0.015062910351435086,1,0.6891439641149328,0.2847897250202247,0.0260663108648424
market_control::lt::651c4484ba17050f6b716614,651c4484ba17050f6b716614,market_control,lt,0,0,lt_control,2,6.0,0.5,I wanted to be as fair as possible and split the money equally.,Moral,1,-0.035068969401240074,-0.03631463297866238,3,0.6896147846636403,0.28484945958202723,0.025535755754332392
market_control::lt::6521a13588bf1b564dd50282,6521a13588bf1b564dd50282,market_control,lt,0,0,lt_control,2,6.0,0.5,its fair for what i and they have done,Moral,1,-0.06145404081055491,-0.03178165476072698,2,0.693409797223655,0.2807834826973948,0.025806720078950227
market_control::lt::652ecb92078fe073ab29b920,652ecb92078fe073ab29b920,market_control,lt,0,0,lt_control,2,6.0,0.5,Because we will each get an equal amount which is fair.,Moral,1,0.31909138758393263,-0.04632235777753479,4,0.6363830781276004,0.3404559467775654,0.02316097509483422
market_control::lt::654a86d08714f739c9fcea21,654a86d08714f739c9fcea21,market_control,lt,0,0,lt_control,2,6.0,0.5,"I gave $2 because I had double the money allocated to me than the other person, so it seemed a good thing to share some of the abundance without going overboard.",Moral,1,0.31909138758393263,-0.04632235777753479,4,0.6363830781276004,0.3404559467775654,0.02316097509483422
market_control::lt::65537e584cf0bd314f9e05a7,65537e584cf0bd314f9e05a7,market_control,lt,0,0,lt_control,1,6.0,0.5,do nice things and nice things will come your way,Moral,1,0.31909138758393263,-0.04632235777753479,4,0.6363830781276004,0.3404559467775654,0.02316097509483422
market_control::lt::6554d79fe5a58662e355a9ab,6554d79fe5a58662e355a9ab,market_control,lt,0,0,lt_control,1,6.0,0.5,I feel like it would be fair if the allocation was equal for both of us,Moral,1,-0.06171364947513633,-0.05067652907069,4,0.6938059520656559,0.28085585526866186,0.025338192665682248
market_control::lt::656615b432984a1b0ea3273f,656615b432984a1b0ea3273f,market_control,lt,0,0,lt_control,1,4.0,0.6666666666666667,For it to be an equal amount to the 2 of us.,Moral,1,-0.4482373615614157,-0.05485113130401024,4,0.7484564738128856,0.2241181293459907,0.027425396841123665
market_control::lt::6568b70075a2e3f099a181f2,6568b70075a2e3f099a181f2,market_control,lt,0,0,lt_control,1,6.0,0.5,I chose to transfer $2 because that would place us both on equal footing. We would have the same resources at our disposal.,Moral,1,-0.2545043127786113,-0.04126187975682976,3,0.7214308112126578,0.2518708562066857,0.026698332580656493
market_control::lt::657b836bb82c37cf3d68df6d,657b836bb82c37cf3d68df6d,market_control,lt,0,0,lt_control,1,7.0,0.4166666666666666,Simply I want the most money that I can receive.,Self-interest,3,0.3899737060240676,-0.01564479442783766,2,0.6249817557512729,0.35159751489062746,0.023420729358099586
market_control::lt::65804dc6b00fe596b885c595,65804dc6b00fe596b885c595,market_control,lt,0,0,lt_control,2,10.0,0.1666666666666666,i want more money for myself,Self-interest,3,-0.20869228974964069,-0.00954402011266275,1,0.7142810798622194,0.2584576702188187,0.02726124991896183
market_control::lt::658343a1d729f3d5c25c7f0b,658343a1d729f3d5c25c7f0b,market_control,lt,0,0,lt_control,2,6.0,0.5,i wanted the other participant to have an equal amount as i did,Moral,1,-0.06171364947513633,-0.05067652907069,4,0.6938059520656559,0.28085585526866186,0.025338192665682248
market_control::lt::659b1fc05dffc3c84fb56129,659b1fc05dffc3c84fb56129,market_control,lt,0,0,lt_control,1,6.0,0.5,"this allocation is the most fair for both parties. if we are the participants who get selected to receive a bonus, we will both get $6.",Moral,1,0.31909138758393263,-0.04632235777753479,4,0.6363830781276004,0.3404559467775654,0.02316097509483422
market_control::lt::659d52af923c07a8e1aac79a,659d52af923c07a8e1aac79a,market_control,lt,0,0,lt_control,2,7.0,0.4166666666666666,its only fair that the other person gets similar,Moral,1,0.12981150255857674,-0.040940945267991254,3,0.6651008461547118,0.310467251555438,0.02443190228985023
market_control::lt::659ea4e7d463df336977cc41,659ea4e7d463df336977cc41,market_control,lt,0,0,lt_control,1,6.0,0.5,I don't know anything about the other participant and their circumstances so I think it's fair for us to have an equal amount of money. If their decision is to take more than half the share I won't be upset because my decision is based on me and how I want to carry myself even if I end up with less. Maybe in the real world if I knew they had more money than me in general my choice would be different.,Moral,1,0.31909138758393263,-0.04632235777753479,4,0.6363830781276004,0.3404559467775654,0.02316097509483422
market_control::lt::65a708e73e47380843931ad8,65a708e73e47380843931ad8,market_control,lt,0,0,lt_control,1,8.0,0.3333333333333333,"It's the luck of the draw and how it's intended. It's a stranger, so no further action required.",No clear justification,0,-0.2545043127786113,-0.04126187975682976,3,0.7214308112126578,0.2518708562066857,0.026698332580656493
market_control::lt::65baa645e59c3290494f35de,65baa645e59c3290494f35de,market_control,lt,0,0,lt_control,1,6.0,0.5,"I have 8, they have 4, we're playing a game of some sort, so we should start out with the same amount: 6",Moral,1,-0.05636649011983783,0.42023490845859807,4,0.6819338571074661,0.2781823785743296,0.039883764318204215
market_control::lt::65c90307828fa760cb86ac03,65c90307828fa760cb86ac03,market_control,lt,0,0,lt_control,1,6.5,0.4583333333333333,"Because I think this is the most fair option, this way we both get a similar amount. Although I have just realised 2 dollars would have been fairer, so if I could go back I would probably change it to that, im just bad at maths.",Moral,1,-0.06171364947513631,-0.05067652907069,4,0.6938059520656559,0.28085585526866186,0.025338192665682248
market_control::lt::65d3b99a393abc32c9767b01,65d3b99a393abc32c9767b01,market_control,lt,0,0,lt_control,2,6.0,0.5,I wanted to be fair and equal to the other particpant.,Moral,1,-0.0617136494751363,-0.050676529070690035,4,0.6938059520656559,0.28085585526866186,0.025338192665682248
market_control::lt::65db6b6e1735759baa16d2a2,65db6b6e1735759baa16d2a2,market_control,lt,0,0,lt_control,2,7.0,0.4166666666666666,"Being generous, I still have $7 but the other participant now has $5 - it is nearly Christmas so goodwill",Moral,1,-0.012195746195124967,-0.019569750495561946,2,0.6859207616156298,0.28826327161138676,0.025815966772983624
market_control::lt::65dba581504a6a75a4d6f016,65dba581504a6a75a4d6f016,market_control,lt,0,0,lt_control,1,8.0,0.3333333333333333,I don't feel the need to give a stranger money just because I was given more. But I also would feel guilty taking money that had already been assigned to them.,Moral,1,-0.05636649011983786,0.4202349084585981,4,0.6819338571074661,0.2781823785743296,0.03988376431820422
market_control::lt::65e2240ceb2b1fd974ef01b3,65e2240ceb2b1fd974ef01b3,market_control,lt,0,0,lt_control,2,6.0,0.5,"I HAD 8 THEY HAVE 4, I GIVE THEM 2 AND WE BOTH HAVE 6. FAIR!",Moral,1,0.31909138758393246,-0.04632235777753479,4,0.6363830781276004,0.34045594677756535,0.02316097509483422
market_control::lt::65e729bda61d35956dfd5316,65e729bda61d35956dfd5316,market_control,lt,0,0,lt_control,2,8.0,0.3333333333333333,Hopefully creating the most profit for me,Self-interest,3,-0.06145404081055491,-0.03178165476072698,2,0.693409797223655,0.2807834826973948,0.025806720078950227
market_control::lt::65e73d9b18c64807e50d2622,65e73d9b18c64807e50d2622,market_control,lt,0,0,lt_control,2,6.0,0.5,we were randomly given amounts so it doesn't hurt me to share some of mine with the other participant so that we can receive equal bonuses.,Moral,1,0.31909138758393263,-0.04632235777753479,4,0.6363830781276004,0.3404559467775654,0.02316097509483422
market_control::lt::65ef444cc7c7a97ca2802263,65ef444cc7c7a97ca2802263,market_control,lt,0,0,lt_control,2,6.0,0.5,I wanted their amount to seem fair.,Moral,1,-0.4482373615614157,-0.05485113130401024,4,0.7484564738128856,0.2241181293459907,0.027425396841123665
market_control::lt::65f0c791adc0b9907c85fc9b,65f0c791adc0b9907c85fc9b,market_control,lt,0,0,lt_control,2,6.0,0.5,To make us both receive equal shares and it's only fair,Moral,1,-0.2545043127786113,-0.04126187975682976,3,0.7214308112126578,0.2518708562066857,0.026698332580656493
market_control::lt::66045b87ffe71e6e521f357d,66045b87ffe71e6e521f357d,market_control,lt,0,0,lt_control,1,11.0,0.0833333333333333,I would like to make $11. I am happy to give $1.,Self-interest,3,-0.2545043127786113,-0.04126187975682976,3,0.7214308112126578,0.2518708562066857,0.026698332580656493
market_control::lt::66097284b44bdd99ae430bf1,66097284b44bdd99ae430bf1,market_control,lt,0,0,lt_control,1,6.0,0.5,equal allocation as windfall to both,Moral,1,-0.06145404081055491,-0.03178165476072698,2,0.693409797223655,0.2807834826973948,0.025806720078950227
market_control::lt::660c77dde93bf0750a18a235,660c77dde93bf0750a18a235,market_control,lt,0,0,lt_control,1,7.0,0.4166666666666666,"I really cant afford to share more, tho I'd like to but its what I can spare and still survive.",Self-interest,3,-0.2840504304569731,0.8925434888635415,3,0.6954533935074846,0.23902158649344113,0.06552501999907423
market_control::lt::660d96a4b0b9a45fb6fcd2e3,660d96a4b0b9a45fb6fcd2e3,market_control,lt,0,0,lt_control,2,6.0,0.5,I gave them 2 to make both our amounts equal at 6,Moral,1,-0.2516969022749566,0.4347561726852115,3,0.7089432082984144,0.2488253798428366,0.04223141185874904
market_control::lt::660ff598a3391e9b7d8feab4,660ff598a3391e9b7d8feab4,market_control,lt,0,0,lt_control,2,6.0,0.5,I like to be equal in group situations when we all stand to profit.,Moral,1,0.1683230347431761,-0.03886078796577347,3,0.6592451239606861,0.31650686138476325,0.02424801465455068
market_control::lt::661149a91b7fad3a3d2caf0c,661149a91b7fad3a3d2caf0c,market_control,lt,0,0,lt_control,2,4.5,0.625,"I wanted to share the total fairly while still keeping some for myself. This amount makes the allocation more balanced, giving the other participant most of the initial difference without taking too much from my own share. It reflects a mix of generosity and maintaining a reasonable personal gain.",Moral,1,-0.2545043127786113,-0.04126187975682976,3,0.7214308112126578,0.2518708562066857,0.026698332580656493
market_control::lt::66143ba33578fb4a58260883,66143ba33578fb4a58260883,market_control,lt,0,0,lt_control,2,4.0,0.6666666666666667,Because it is an amount that is not overcharging and the broker can have their share for selling the product,Moral,1,-0.2545043127786113,-0.04126187975682976,3,0.7214308112126578,0.2518708562066857,0.026698332580656493
market_control::lt::662068c33032a9ac2bbea541,662068c33032a9ac2bbea541,market_control,lt,0,0,lt_control,2,12.0,0.0,Look I'm trying to make as much as possible and I have no clue who they are,Self-interest,3,-0.06171364947513633,-0.05067652907069,4,0.6938059520656559,0.28085585526866186,0.025338192665682248
market_control::lt::6629517257384969d8995d78,6629517257384969d8995d78,market_control,lt,0,0,lt_control,2,6.0,0.5,This way we both are given the same amount,Moral,1,-0.2699382286822284,-0.029516683185839835,2,0.7233688613089632,0.24953665224885158,0.027094486442185286
market_control::lt::662973533159df515afdd606,662973533159df515afdd606,market_control,lt,0,0,lt_control,2,4.0,0.6666666666666667,It seems the most fair and balanced.,Moral,1,-0.06171364947513633,-0.05067652907069,4,0.6938059520656559,0.28085585526866186,0.025338192665682248
market_control::lt::66305c77f66c14d7ca20647d,66305c77f66c14d7ca20647d,market_control,lt,0,0,lt_control,1,2.0,0.8333333333333334,I am all about fair. I wanted them to have half of it if we are both putting in full effort.,Moral,1,-0.06171364947513631,-0.05067652907069,4,0.6938059520656559,0.28085585526866186,0.025338192665682248
market_control::lt::6630e01b7d69d22b8be429a6,6630e01b7d69d22b8be429a6,market_control,lt,0,0,lt_control,1,12.0,0.0,To maximize my own profit because I want money.,Self-interest,3,-0.2545043127786113,-0.04126187975682976,3,0.7214308112126578,0.2518708562066857,0.026698332580656493
market_control::lt::663299ea88551960f4132bb7,663299ea88551960f4132bb7,market_control,lt,0,0,lt_control,1,6.0,0.5,It is only fair if we both receive the same amount of money. It doesn't seem right for me to take money away from another person. I am also not going to give a stranger more money than I am receiving.,Moral,1,0.1683230347431761,-0.03886078796577347,3,0.6592451239606861,0.31650686138476325,0.02424801465455068
market_control::lt::66343f7910c04370761ae595,66343f7910c04370761ae595,market_control,lt,0,0,lt_control,2,8.0,0.3333333333333333,Not giving a stranger money for free,Self-interest,3,-0.06171364947513633,-0.05067652907069,4,0.6938059520656559,0.28085585526866186,0.025338192665682248
market_control::lt::663804db4a6604d0e14fdb17,663804db4a6604d0e14fdb17,market_control,lt,0,0,lt_control,2,6.0,0.5,This is the value in the last page that i felt comfortable sharing.,Moral,1,0.31909138758393246,-0.04632235777753479,4,0.6363830781276004,0.34045594677756535,0.02316097509483422
market_control::lt::663b1d689aa0798a42c49d90,663b1d689aa0798a42c49d90,market_control,lt,0,0,lt_control,1,4.5,0.625,I think it is really good to do.,No clear justification,0,0.31909138758393263,-0.04632235777753479,4,0.6363830781276004,0.3404559467775654,0.02316097509483422
market_control::lt::664320ce44b1f781551bcb41,664320ce44b1f781551bcb41,market_control,lt,0,0,lt_control,1,6.0,0.5,to make sure that we would both gain equally,Moral,1,-0.43292701882826806,-0.03844273107017893,3,0.7460435092734893,0.22617513582291215,0.027781354903598565
market_control::lt::664dfcc9c59cabf1e67e61e5,664dfcc9c59cabf1e67e61e5,market_control,lt,0,0,lt_control,2,10.0,0.1666666666666666,We are all out here for ourselves and I want to make the most in my bonus as possible,Self-interest,3,0.31909138758393263,-0.04632235777753479,4,0.6363830781276004,0.3404559467775654,0.02316097509483422
market_control::lt::664f99fe99ad74bdbb1adc35,664f99fe99ad74bdbb1adc35,market_control,lt,0,0,lt_control,2,6.0,0.5,it was an even split of the money,Moral,1,-0.028527228060907024,-0.01714256206145264,1,0.6882857048777671,0.28573775013476477,0.025976544987468205
market_control::lt::66535915cbec1d69819d3933,66535915cbec1d69819d3933,market_control,lt,0,0,lt_control,2,6.0,0.5,It seems fair to share the amount equally.,Moral,1,0.31909138758393263,-0.04632235777753479,4,0.6363830781276004,0.3404559467775654,0.02316097509483422
market_control::lt::6657861eb430a466525dc73c,6657861eb430a466525dc73c,market_control,lt,0,0,lt_control,1,12.0,0.0,I wanted to be selfish and keep all the money.,Self-interest,3,0.1683230347431761,-0.03886078796577347,3,0.6592451239606861,0.31650686138476325,0.02424801465455068
market_control::lt::6658b1b0d96a48e41e7e971a,6658b1b0d96a48e41e7e971a,market_control,lt,0,0,lt_control,2,12.0,0.0,I wanted more money to support myself because they are a stranger so i do not know how it would impact them.,Self-interest,3,0.12981150255857674,-0.040940945267991254,3,0.6651008461547118,0.310467251555438,0.02443190228985023
market_control::lt::6658b1d8c5946493820c5cc4,6658b1d8c5946493820c5cc4,market_control,lt,0,0,lt_control,2,12.0,0.0,I do not want to give money to someone I don't know. I want the money.,Self-interest,3,-0.03994212704579946,-0.03435519909169102,3,0.6902958571029703,0.28409049655497925,0.02561364634205055
market_control::lt::6658b3d15669d166e3c15634,6658b3d15669d166e3c15634,market_control,lt,0,0,lt_control,2,5.5,0.5416666666666667,I gave them this amount as I think its a good amount to gift someone and your not making that much of a loss.,Self-interest,3,-0.06171364947513633,-0.05067652907069,4,0.6938059520656559,0.28085585526866186,0.025338192665682248
market_control::lt::6658cd07d45dca942abbf1c0,6658cd07d45dca942abbf1c0,market_control,lt,0,0,lt_control,2,6.0,0.5,"I decided to give $2 because it feels fair to share a bit of my higher allocation. I still keep most of my amount, but this small transfer helps balance the totals and makes the outcome feel more equitable for both of us.",Moral,1,-0.2545043127786113,-0.04126187975682976,3,0.7214308112126578,0.2518708562066857,0.026698332580656493
market_control::lt::665990d77206343f142e900b,665990d77206343f142e900b,market_control,lt,0,0,lt_control,2,7.0,0.4166666666666666,Giving them a bigger donation is only a nice thing to do without being greedy,Moral,1,0.1683230347431761,-0.03886078796577347,3,0.6592451239606861,0.31650686138476325,0.02424801465455068
market_control::lt::6659f8706abedd9c2af14408,6659f8706abedd9c2af14408,market_control,lt,0,0,lt_control,2,8.0,0.3333333333333333,I don’t want to give them anything but not do I want to take anything,Moral,1,0.16832303474317606,-0.03886078796577347,3,0.6592451239606861,0.31650686138476325,0.02424801465455068
market_control::lt::665a0153581153685eceb902,665a0153581153685eceb902,market_control,lt,0,0,lt_control,2,12.0,0.0,Other participant could have done the same,Self-interest,3,0.16832303474317606,-0.03886078796577347,3,0.6592451239606861,0.31650686138476325,0.02424801465455068
market_control::lt::665a0b3961819c47de50263e,665a0b3961819c47de50263e,market_control,lt,0,0,lt_control,1,12.0,0.0,"Life is hard right now and if there's a chance I get $12 rather than $8 without any other consequences that affect me negatively, I'll take that chance.",Mutual Benefit / Cooperation,2,-0.05636649011983786,0.4202349084585979,4,0.6819338571074661,0.2781823785743296,0.039883764318204215
market_control::lt::665b2cda9a7a5b542d4a1964,665b2cda9a7a5b542d4a1964,market_control,lt,0,0,lt_control,1,6.0,0.5,It was a fair decision,Moral,1,0.23611792323306724,-0.007750526821043635,1,0.6484058389618463,0.32702533097915953,0.02456883005899412
market_control::lt::665e336f3cdc13e3621fb189,665e336f3cdc13e3621fb189,market_control,lt,0,0,lt_control,1,6.0,0.5,"I wanted to make the amount equal for us both, as I think we've both done the same amount and shouldn't be penalised for something outside of our control",Moral,1,-0.06171364947513633,-0.05067652907069,4,0.6938059520656559,0.28085585526866186,0.025338192665682248
market_control::lt::665f3e69f83003c1df913675,665f3e69f83003c1df913675,market_control,lt,0,0,lt_control,2,8.0,0.3333333333333333,I've stuck with the allocation as I need more money right now,Self-interest,3,0.1683230347431761,-0.03886078796577347,3,0.6592451239606861,0.31650686138476325,0.02424801465455068
market_control::lt::6662158aaa79e7666778abce,6662158aaa79e7666778abce,market_control,lt,0,0,lt_control,1,6.0,0.5,So we both get the same,Moral,1,-0.06171364947513633,-0.05067652907069,4,0.6938059520656559,0.28085585526866186,0.025338192665682248
market_control::lt::6664c7aa5c1c7846d3618f74,6664c7aa5c1c7846d3618f74,market_control,lt,0,0,lt_control,2,12.0,0.0,"i chose -4 because it raises my final allocation from 8 to 12, and if selected for payment i receive the largest possible bonus",Self-interest,3,0.1683230347431761,-0.03886078796577347,3,0.6592451239606861,0.31650686138476325,0.02424801465455068
market_control::lt::6669d44636c1a4ed40e35bf0,6669d44636c1a4ed40e35bf0,market_control,lt,0,0,lt_control,1,4.0,0.6666666666666667,It is a generous thing to do.,Moral,1,0.12981150255857674,-0.040940945267991254,3,0.6651008461547118,0.310467251555438,0.02443190228985023
market_control::lt::666b6cd0fd4835707cae439b,666b6cd0fd4835707cae439b,market_control,lt,0,0,lt_control,2,7.0,0.4166666666666666,THAT WAY HE WILL MAKE MORE MONEY PER HOUR,Mutual Benefit / Cooperation,2,-0.4136118849944954,-0.023525752871459398,2,0.7431087623161966,0.22881338385575273,0.02807785382805066
market_control::lt::666cd244c4e9f0b3a060c2c7,666cd244c4e9f0b3a060c2c7,market_control,lt,0,0,lt_control,2,7.0,0.4166666666666666,"i do not know the other person, so i chose to give a little bit but not more than the $ as i need more for myself and i am less fortunate",Self-interest,3,-0.2545043127786113,-0.04126187975682976,3,0.7214308112126578,0.2518708562066857,0.026698332580656493
market_control::lt::66757a272d91a2571991681e,66757a272d91a2571991681e,market_control,lt,0,0,lt_control,2,12.0,0.0,"to be honest i just want as much as i can have, wouldnt you",Self-interest,3,-0.2545043127786113,-0.04126187975682976,3,0.7214308112126578,0.2518708562066857,0.026698332580656493
market_control::lt::6676e8090b3f8feb94a4f00f,6676e8090b3f8feb94a4f00f,market_control,lt,0,0,lt_control,1,6.0,0.5,"to be fair, we would both have 6 dollars",Moral,1,-0.2545043127786113,-0.04126187975682976,3,0.7214308112126578,0.2518708562066857,0.026698332580656493
market_control::lt::66784c32524d51faa546901b,66784c32524d51faa546901b,market_control,lt,0,0,lt_control,1,5.5,0.5416666666666667,i clicked on the bar and it was the first figure that came up,No clear justification,0,-0.03462196127303281,-0.015062910351435086,1,0.6891439641149328,0.2847897250202247,0.0260663108648424
market_control::lt::6679f0648b065bdab20a6d7a,6679f0648b065bdab20a6d7a,market_control,lt,0,0,lt_control,1,8.0,0.3333333333333333,I DECIDED TO KEEP MY ALLOCATION AND LET THE PARTICIPANT KEEP THEIRS.,Moral,1,-0.05636649011983786,0.4202349084585979,4,0.6819338571074661,0.2781823785743296,0.039883764318204215
market_control::lt::667a87f3f647a1b10f53ecfa,667a87f3f647a1b10f53ecfa,market_control,lt,0,0,lt_control,1,4.0,0.6666666666666667,I wanted to be fair.,Moral,1,-0.2545043127786113,-0.04126187975682976,3,0.7214308112126578,0.2518708562066857,0.026698332580656493
market_control::lt::667ec9bbae0fd758e8ffbf44,667ec9bbae0fd758e8ffbf44,market_control,lt,0,0,lt_control,2,6.0,0.5,I decided to transfer 2 so we both have an equal amount,Moral,1,0.3899737060240676,-0.01564479442783766,2,0.6249817557512729,0.35159751489062746,0.023420729358099586
market_control::lt::668177e0951600598b5422df,668177e0951600598b5422df,market_control,lt,0,0,lt_control,2,6.0,0.5,We both get $6 so its fair,Moral,1,-0.24967046032542345,-0.012448044664391925,1,0.7201579966200553,0.2524141807839747,0.027427822595970007
market_control::lt::66847ba6880211797d6bb92d,66847ba6880211797d6bb92d,market_control,lt,0,0,lt_control,2,0.0,1.0,the price is higher,Mutual Benefit / Cooperation,2,0.6256926595237264,-0.020195329721248156,2,0.5885784086742876,0.3895697696365502,0.021851821689162262
market_control::lt::6687df696aeb66d7501f89f0,6687df696aeb66d7501f89f0,market_control,lt,0,0,lt_control,1,6.0,0.5,I feel we should both recieve the same amount. We are both equal participants so the balance should reflect thiis,Moral,1,-0.4482373615614157,-0.05485113130401024,4,0.7484564738128856,0.2241181293459907,0.027425396841123665
market_control::lt::6688583698ac0c14d67453cb,6688583698ac0c14d67453cb,market_control,lt,0,0,lt_control,2,8.0,0.3333333333333333,I would not randomly transfer money to someone without a good reason. I wasn't provided enough information to justify transfering more than zero,Self-interest,3,-0.4482373615614157,-0.05485113130401024,4,0.7484564738128856,0.2241181293459907,0.027425396841123665
market_control::lt::668878b60e94392a7f0d9715,668878b60e94392a7f0d9715,market_control,lt,0,0,lt_control,1,4.0,0.6666666666666667,I want the other person to receive something a bonus. This is the season for giving.,Moral,1,0.23611792323306724,-0.007750526821043635,1,0.6484058389618463,0.32702533097915953,0.02456883005899412
market_control::lt::66894238a0fd4537fb53c120,66894238a0fd4537fb53c120,market_control,lt,0,0,lt_control,1,6.0,0.5,"It makes everything even out, leaving $6 to each of us. It makes everything fair.",Moral,1,0.23611792323306724,-0.007750526821043635,1,0.6484058389618463,0.32702533097915953,0.02456883005899412
market_control::lt::668beb6686792d45c448172f,668beb6686792d45c448172f,market_control,lt,0,0,lt_control,1,6.0,0.5,"I was lucky to be allocated more than them, however this is unfair, so i decided to transfer half the difference to them to reflect a bit of luck with some fairness.",Moral,1,0.19790400198000946,-0.022481820946910498,2,0.6544732257241872,0.32107154025215956,0.024455234023653172
market_control::lt::668db0a372d0c41c15a558ba,668db0a372d0c41c15a558ba,market_control,lt,0,0,lt_control,2,6.0,0.5,So we both get the same amount. We've done the same work.,Moral,1,-0.4294591868289597,-0.04038152156795794,3,0.7456166311746436,0.22667347524940568,0.027709893575950682
market_control::lt::668e99424b4544da8ad638de,668e99424b4544da8ad638de,market_control,lt,0,0,lt_control,1,4.0,0.6666666666666667,I chose this allocation because I felt it was a fair amount to help with and I feel that id appreciate the same amount back,Moral,1,-0.0617136494751363,-0.050676529070690035,4,0.6938059520656559,0.28085585526866186,0.025338192665682248
market_control::lt::669024a8eceed5533f99b9e9,669024a8eceed5533f99b9e9,market_control,lt,0,0,lt_control,1,7.0,0.4166666666666666,I gave only $1 as I felt anymore is to much. I still wanted to keep what i could but felt bad if i gave nothing.,Self-interest,3,0.31909138758393263,-0.04632235777753479,4,0.6363830781276004,0.3404559467775654,0.02316097509483422
market_control::lt::66903bb5296cadf03b1a6d6e,66903bb5296cadf03b1a6d6e,market_control,lt,0,0,lt_control,2,6.0,0.5,I chose this allocation because it gives both me and the participant an equal share.,Moral,1,0.6974165068802903,-0.041918484913020464,4,0.5777441953137519,0.4012970549122865,0.020958749773961633
market_control::lt::6692b332b77c02cc9bb9720e,6692b332b77c02cc9bb9720e,market_control,lt,0,0,lt_control,2,3.0,0.75,I wanted to give the other person money since they were getting less than me.,Moral,1,-0.06171364947513633,-0.05067652907069,4,0.6938059520656559,0.28085585526866186,0.025338192665682248
market_control::lt::669672853f3d48a05239fa9c,669672853f3d48a05239fa9c,market_control,lt,0,0,lt_control,2,11.5,0.0416666666666666,I wanted the higher bonus,Self-interest,3,-0.4294591868289597,-0.04038152156795794,3,0.7456166311746436,0.22667347524940568,0.027709893575950682
market_control::lt::6698a55a16b90d04fa1af2bd,6698a55a16b90d04fa1af2bd,market_control,lt,0,0,lt_control,1,4.0,0.6666666666666667,"I think that my partner and I deserve the same, just because I would want my partner to feel the same way if my partner was is charge.",Moral,1,-0.4432262087428174,0.413896544207793,4,0.7353339905215043,0.22161279241119422,0.04305321706730151
market_control::lt::66a891685b8284f18109357b,66a891685b8284f18109357b,market_control,lt,0,0,lt_control,1,6.0,0.5,"I chose this allocation due to the fact that it would be fair if we both ended up with $6 each, and we would both walk away with the maximum reward",Moral,1,-0.06171364947513633,-0.05067652907069,4,0.6938059520656559,0.28085585526866186,0.025338192665682248
market_control::lt::66a8fd9eb9c846941a74493b,66a8fd9eb9c846941a74493b,market_control,lt,0,0,lt_control,2,8.0,0.3333333333333333,kept it the same as the allocation as I was in favour but didn't want to take more.,Moral,1,-0.2937265868407035,-0.04414309944299319,3,0.7270089158503146,0.24614332647722914,0.026847757672456285
market_control::lt::66ae09b41fe460731834c749,66ae09b41fe460731834c749,market_control,lt,0,0,lt_control,2,6.0,0.5,I feel like we should get equal pay.,Moral,1,-0.06145404081055491,-0.03178165476072698,2,0.693409797223655,0.2807834826973948,0.025806720078950227
market_control::lt::66b00e249d75b352012b545a,66b00e249d75b352012b545a,market_control,lt,0,0,lt_control,2,6.5,0.4583333333333333,"I had more money than them, so I can could them something.",Moral,1,-0.0617136494751363,-0.050676529070690035,4,0.6938059520656559,0.28085585526866186,0.025338192665682248
market_control::lt::66b2267a22092a312db04ad6,66b2267a22092a312db04ad6,market_control,lt,0,0,lt_control,2,5.5,0.5416666666666667,it felt like a fair option,Moral,1,-0.2297801079526741,-0.026633458153285116,2,0.7176309556798487,0.25543294634385894,0.026936097976292338
market_control::lt::66b68a8720e024c8528ea27d,66b68a8720e024c8528ea27d,market_control,lt,0,0,lt_control,2,6.0,0.5,Because I don’t know this person I decided to share my minimal amount with them.,Self-interest,3,-0.2937265868407035,-0.04414309944299319,3,0.7270089158503146,0.24614332647722914,0.026847757672456285
market_control::lt::66b74c830fc65b3da0928177,66b74c830fc65b3da0928177,market_control,lt,0,0,lt_control,1,6.0,0.5,"I feel like we are both doing the same amount of work and should be paid the same. If one of us had to put in more effort, that outcome may look differently, but for this exercise pay should be equal across the board.",Moral,1,-0.2545043127786113,-0.04126187975682976,3,0.7214308112126578,0.2518708562066857,0.026698332580656493
market_control::lt::66b8e8f12fa9160e4ca9f25b,66b8e8f12fa9160e4ca9f25b,market_control,lt,0,0,lt_control,1,12.0,0.0,I do prolific to make extra money for myself as I am on a low income so I want to make as much as possible,Self-interest,3,-0.06171364947513633,-0.05067652907069,4,0.6938059520656559,0.28085585526866186,0.025338192665682248
market_control::lt::66ba0acca647702e3117a90c,66ba0acca647702e3117a90c,market_control,lt,0,0,lt_control,1,4.5,0.625,"Its close to half, but with me keeping slightly more, greed more than anything else.",Self-interest,3,-0.4482373615614157,-0.05485113130401024,4,0.7484564738128856,0.2241181293459907,0.027425396841123665
market_control::lt::66bce38cdb7f3309e448dc8d,66bce38cdb7f3309e448dc8d,market_control,lt,0,0,lt_control,1,6.0,0.5,"Because everyone on Prolific has reasons for needing the extra money. Who am I to say I deserve it more than others? But I do still need to make money on here, so I want it to be as fair as possible.",Moral,1,0.6974165068802903,-0.041918484913020464,4,0.5777441953137519,0.4012970549122865,0.020958749773961633
market_control::lt::66be213d651dff72ff117b7d,66be213d651dff72ff117b7d,market_control,lt,0,0,lt_control,2,8.0,0.3333333333333333,I wanted to keep my full amount to maximise my own earnings.,Self-interest,3,-0.4482373615614157,-0.05485113130401024,4,0.7484564738128856,0.2241181293459907,0.027425396841123665
market_control::lt::66c0f464e0ff62798027b486,66c0f464e0ff62798027b486,market_control,lt,0,0,lt_control,2,8.0,0.3333333333333333,I chose 0 because I felt it was fair to keep the original amounts and not change what we were each given.,Moral,1,-0.4482373615614157,-0.05485113130401024,4,0.7484564738128856,0.2241181293459907,0.027425396841123665
market_control::lt::66c1175e2a6eac30bb107cf1,66c1175e2a6eac30bb107cf1,market_control,lt,0,0,lt_control,2,6.5,0.4583333333333333,I chose to allocate this amount because it was a little over the regular amount.,No clear justification,0,-0.227834003495061,0.9381784120510119,2,0.685877704198774,0.24655246628442534,0.06756982951680067
market_control::lt::66c24c688bdd2d94cc3b198e,66c24c688bdd2d94cc3b198e,market_control,lt,0,0,lt_control,2,4.0,0.6666666666666667,I wanted this person to receive the dollar amount that I received. This person maybe going through rough times. Why can't I help?,Moral,1,-0.06171364947513633,-0.05067652907069,4,0.6938059520656559,0.28085585526866186,0.025338192665682248
market_control::lt::66c26d261204b7499223f391,66c26d261204b7499223f391,market_control,lt,0,0,lt_control,2,8.0,0.3333333333333333,I have not made a difficult decision as the computer has generated the scenario.,No clear justification,0,-0.06171364947513633,-0.05067652907069,4,0.6938059520656559,0.28085585526866186,0.025338192665682248
market_control::lt::66c376a5de57cc99a8123477,66c376a5de57cc99a8123477,market_control,lt,0,0,lt_control,1,7.0,0.4166666666666666,I was looking at the need of the money from my standpoint and wanted to at least share some of it.,Moral,1,0.31909138758393263,-0.04632235777753479,4,0.6363830781276004,0.3404559467775654,0.02316097509483422
market_control::lt::66c4f3cb14cbfc4db836bd4e,66c4f3cb14cbfc4db836bd4e,market_control,lt,0,0,lt_control,2,6.0,0.5,Well I thought at least I would still have 6.00 left.,Self-interest,3,0.19558214904707924,-0.009752151703386499,1,0.654599576173129,0.3206258336389355,0.02477459018793547
market_control::lt::66ca41de318c12cd9f59b13a,66ca41de318c12cd9f59b13a,market_control,lt,0,0,lt_control,1,6.0,0.5,I chose this allocation to be fair,Moral,1,-0.20869228974964069,-0.00954402011266275,1,0.7142810798622194,0.2584576702188187,0.02726124991896183
market_control::lt::66cdeb8a1b24ca4b3267616c,66cdeb8a1b24ca4b3267616c,market_control,lt,0,0,lt_control,2,10.0,0.1666666666666666,It is benefical to myself that is the only reason i did this,Self-interest,3,0.1683230347431761,-0.03886078796577347,3,0.6592451239606861,0.31650686138476325,0.02424801465455068
market_control::lt::66cdf006dc37b68c08c84ac5,66cdf006dc37b68c08c84ac5,market_control,lt,0,0,lt_control,2,4.0,0.6666666666666667,To make it fair for both participants.,Moral,1,0.1683230347431761,-0.03886078796577347,3,0.6592451239606861,0.31650686138476325,0.02424801465455068
market_control::lt::66cf20fddbb839227888305e,66cf20fddbb839227888305e,market_control,lt,0,0,lt_control,2,7.0,0.4166666666666666,Just a little something for you but not too much,Moral,1,-0.2545043127786113,-0.04126187975682976,3,0.7214308112126578,0.2518708562066857,0.026698332580656493
market_control::lt::66d06a724ded886289297dac,66d06a724ded886289297dac,market_control,lt,0,0,lt_control,1,6.0,0.5,"I chose this allocation, so the rewards were equitable. This is how I hope that another person would treat me in the same situation. It means I can be free of guilt and happy that we both got the same",Moral,1,-0.4482373615614157,-0.05485113130401024,4,0.7484564738128856,0.2241181293459907,0.027425396841123665
market_control::lt::66d487354a78bb5d9f899978,66d487354a78bb5d9f899978,market_control,lt,0,0,lt_control,1,6.0,0.5,i transferred my partner $2 because then we both have $6 which is equitable and fair.,Moral,1,0.1683230347431761,-0.03886078796577347,3,0.6592451239606861,0.31650686138476325,0.02424801465455068
market_control::lt::66d5cabb005f0da220b543f4,66d5cabb005f0da220b543f4,market_control,lt,0,0,lt_control,1,10.5,0.125,enjoy mathematical questions,No clear justification,0,0.12981150255857674,-0.040940945267991254,3,0.6651008461547118,0.310467251555438,0.02443190228985023
market_control::lt::66db5eed3a156e88aaf4ad43,66db5eed3a156e88aaf4ad43,market_control,lt,0,0,lt_control,2,6.0,0.5,Because i wanted to be generous,Moral,1,0.1649310650813343,-0.02655566432816287,2,0.6595412221690814,0.31589771968048086,0.02456105815043769
market_control::lt::66df5574de7eab990c808f55,66df5574de7eab990c808f55,market_control,lt,0,0,lt_control,2,11.0,0.0833333333333333,I wanted to share the total wealth more fairly,Moral,1,-0.06171364947513633,-0.05067652907069,4,0.6938059520656559,0.28085585526866186,0.025338192665682248
market_control::lt::66e2ca2c9b6fdfcc5532231b,66e2ca2c9b6fdfcc5532231b,market_control,lt,0,0,lt_control,2,12.0,0.0,"If theres any possibility that i get it as a bonus payment, then i have the gamble and try for it, since i need the extra money at this time of year for christmas presents for my family.",Self-interest,3,0.12981150255857674,-0.040940945267991254,3,0.6651008461547118,0.310467251555438,0.02443190228985023
market_control::lt::66e3151584ce7d01596d194a,66e3151584ce7d01596d194a,market_control,lt,0,0,lt_control,2,6.0,0.5,"I give my answer in very truthfully and carefully.I chose to transfer $2 to make it a bit more fair, the other person was allocated less, so im trying to help",Moral,1,-0.4482373615614157,-0.05485113130401024,4,0.7484564738128856,0.2241181293459907,0.027425396841123665
market_control::lt::66e40dd900d072109722b51d,66e40dd900d072109722b51d,market_control,lt,0,0,lt_control,1,6.0,0.5,evens up so all square,Moral,1,-0.2545043127786113,-0.04126187975682976,3,0.7214308112126578,0.2518708562066857,0.026698332580656493
market_control::lt::66e89b61d7709ff7f27a76be,66e89b61d7709ff7f27a76be,market_control,lt,0,0,lt_control,2,6.0,0.5,I wanted the payout to be fair.,Moral,1,0.31909138758393263,-0.04632235777753479,4,0.6363830781276004,0.3404559467775654,0.02316097509483422
market_control::lt::66edfd0393a07105ff1c86a2,66edfd0393a07105ff1c86a2,market_control,lt,0,0,lt_control,1,6.0,0.5,"It evens us out, we can both move on to the rest of the survey with an even playing field.",Moral,1,0.31909138758393263,-0.04632235777753479,4,0.6363830781276004,0.3404559467775654,0.02316097509483422
market_control::lt::66efa54508a57ab4d42cab20,66efa54508a57ab4d42cab20,market_control,lt,0,0,lt_control,2,5.0,0.5833333333333333,I wanted to give my partner money to help out,Moral,1,0.35680540695951457,-0.032162063627797596,3,0.6303571645305273,0.346391939348935,0.023250896120537844
market_control::lt::66f0c81ea46a554aeb92cd04,66f0c81ea46a554aeb92cd04,market_control,lt,0,0,lt_control,2,7.0,0.4166666666666666,I decided to give the participant a little of my money in order to save some for me.,Self-interest,3,-0.035068969401240074,-0.03631463297866238,3,0.6896147846636403,0.28484945958202723,0.025535755754332392
market_control::lt::66fcb4019a3324429051348c,66fcb4019a3324429051348c,market_control,lt,0,0,lt_control,2,8.0,0.3333333333333333,"I chose this amount because I felt like this was the best chance for us to match,",Moral,1,-0.2545043127786113,-0.04126187975682976,3,0.7214308112126578,0.2518708562066857,0.026698332580656493
market_control::lt::66fd4b51cb041accd82a7740,66fd4b51cb041accd82a7740,market_control,lt,0,0,lt_control,2,7.5,0.375,"Be fair and show some reward but not oo much, expect them to do the same",Moral,1,-0.4482373615614157,-0.05485113130401024,4,0.7484564738128856,0.2241181293459907,0.027425396841123665
market_control::lt::67004dc9e9dbdffbafacd780,67004dc9e9dbdffbafacd780,market_control,lt,0,0,lt_control,1,6.0,0.5,"to share the funds,",Moral,1,-0.2545043127786113,-0.04126187975682976,3,0.7214308112126578,0.2518708562066857,0.026698332580656493
market_control::lt::6702f8d747bfe6ce07af583c,6702f8d747bfe6ce07af583c,market_control,lt,0,0,lt_control,1,8.0,0.3333333333333333,I don't want to take from the other person but I want to try and maximise my payout,Self-interest,3,-0.05636649011983786,0.4202349084585979,4,0.6819338571074661,0.2781823785743296,0.039883764318204215
market_control::lt::670420d4f05d7af4f85651e4,670420d4f05d7af4f85651e4,market_control,lt,0,0,lt_control,2,0.0,1.0,"Again, I am willing to take a risk in this situation to see the bigger outcome.",Mutual Benefit / Cooperation,2,-0.20869228974964069,-0.00954402011266275,1,0.7142810798622194,0.2584576702188187,0.02726124991896183
market_control::lt::670a8f1dcaf4a756dfd468a8,670a8f1dcaf4a756dfd468a8,market_control,lt,0,0,lt_control,1,6.0,0.5,I think it's only fair that we should both make the same money for doing the same work.,Moral,1,-0.2545043127786113,-0.04126187975682976,3,0.7214308112126578,0.2518708562066857,0.026698332580656493
market_control::lt::6712af54b9c073fb6f726116,6712af54b9c073fb6f726116,market_control,lt,0,0,lt_control,2,6.0,0.5,I felt it was a fair and even disbursement of the monies we both received for the information we both benefited from overall.,Moral,1,-0.4482373615614157,-0.05485113130401024,4,0.7484564738128856,0.2241181293459907,0.027425396841123665
market_control::lt::671401aff92e00cd4d9d1770,671401aff92e00cd4d9d1770,market_control,lt,0,0,lt_control,2,6.0,0.5,it reduced the initial imbalance so that the split is fair and it also helps the other participant,Moral,1,0.1683230347431761,-0.03886078796577347,3,0.6592451239606861,0.31650686138476325,0.02424801465455068
market_control::lt::671663a07ad59e771a6e6f91,671663a07ad59e771a6e6f91,market_control,lt,0,0,lt_control,2,4.0,0.6666666666666667,its giving season of festivities,Moral,1,-0.06171364947513633,-0.05067652907069,4,0.6938059520656559,0.28085585526866186,0.025338192665682248
market_control::lt::6717caf5317ad8e02d9b3b38,6717caf5317ad8e02d9b3b38,market_control,lt,0,0,lt_control,2,4.0,0.6666666666666667,I believe in equality and that is why I have chosen that.,Moral,1,-0.0617136494751363,-0.050676529070690035,4,0.6938059520656559,0.28085585526866186,0.025338192665682248
market_control::lt::671a35e007e5342c31f94fa7,671a35e007e5342c31f94fa7,market_control,lt,0,0,lt_control,2,10.0,0.1666666666666666,i wanted the bigger bonus,Self-interest,3,-0.2545043127786113,-0.04126187975682976,3,0.7214308112126578,0.2518708562066857,0.026698332580656493
market_control::lt::671d2da02389ecce30564698,671d2da02389ecce30564698,market_control,lt,0,0,lt_control,2,6.0,0.5,I find it fair that we both get equal amounts and hope that others would do the same if they got the chance. I feel like I have their fate in my hands and would feel rotten if somebody got cheated out of something due to a choice I made.,Moral,1,0.31909138758393263,-0.04632235777753479,4,0.6363830781276004,0.3404559467775654,0.02316097509483422
market_control::lt::671f7ddb45fe037913819cc0,671f7ddb45fe037913819cc0,market_control,lt,0,0,lt_control,2,8.0,0.3333333333333333,I am happy to receive 8 and for the other participant to receive 4. It is not as if they received nothing - I was just luckier on this occasion,Self-interest,3,0.4054740095870525,-0.030701425204067857,2,0.6228409042535668,0.3541748127790127,0.02298428296742061
market_control::lt::671fff4fced93c3e5a17f230,671fff4fced93c3e5a17f230,market_control,lt,0,0,lt_control,2,4.0,0.6666666666666667,I just decided to give,No clear justification,0,-0.2297801079526741,-0.026633458153285116,2,0.7176309556798487,0.25543294634385894,0.026936097976292338
market_control::lt::672168a2cacd120fe4c09ab7,672168a2cacd120fe4c09ab7,market_control,lt,0,0,lt_control,1,5.0,0.5833333333333333,"As I am the giver, I feel I should get a larger percentage of the cut.",Self-interest,3,-0.24967046032542345,-0.012448044664391925,1,0.7201579966200553,0.2524141807839747,0.027427822595970007
market_control::lt::6722ddbde603128350a14863,6722ddbde603128350a14863,market_control,lt,0,0,lt_control,1,8.0,0.3333333333333333,I was allocated 8 and the other one 4 I did not see the essence of changing anything.,No clear justification,0,-0.028527228060907024,-0.01714256206145264,1,0.6882857048777671,0.28573775013476477,0.025976544987468205
market_control::lt::67246794a85893f571f01fcc,67246794a85893f571f01fcc,market_control,lt,0,0,lt_control,2,6.0,0.5,"I chose to give them $2 because it feels like a fair compromise. They end up closer to my amount, so I’m sharing a bit of the advantage I got, but I still keep slightly more since I was initially given more.",Moral,1,0.1683230347431761,-0.03886078796577347,3,0.6592451239606861,0.31650686138476325,0.02424801465455068
market_control::lt::6724ad43bd6f666e18f6c2ef,6724ad43bd6f666e18f6c2ef,market_control,lt,0,0,lt_control,1,6.0,0.5,I wanted to share a little while still keeping things balanced.,Moral,1,-0.4482373615614157,-0.05485113130401024,4,0.7484564738128856,0.2241181293459907,0.027425396841123665
market_control::lt::67279fa0368ebc801eb5817a,67279fa0368ebc801eb5817a,market_control,lt,0,0,lt_control,2,6.0,0.5,I don't wanna give a larger sum away.,Self-interest,3,-0.43292701882826806,-0.03844273107017893,3,0.7460435092734893,0.22617513582291215,0.027781354903598565
market_control::lt::672bd7268edc30919dbb118c,672bd7268edc30919dbb118c,market_control,lt,0,0,lt_control,2,6.0,0.5,"I wanted it to be even between the two of us, removing 2 from myself and giving 2 to the other participant gives us both 6, making it completely even.",Moral,1,0.31909138758393263,-0.04632235777753479,4,0.6363830781276004,0.3404559467775654,0.02316097509483422
market_control::lt::67306cb03ff706c72e58bba0,67306cb03ff706c72e58bba0,market_control,lt,0,0,lt_control,2,12.0,0.0,Given the absolute control there is no reason to not max my reward.,Self-interest,3,-0.03462196127303281,-0.015062910351435086,1,0.6891439641149328,0.2847897250202247,0.0260663108648424
market_control::lt::6734297f7accf2cb9ccdb5f5,6734297f7accf2cb9ccdb5f5,market_control,lt,0,0,lt_control,2,0.0,1.0,I thought about this without blanking and panicking on what to do. I thought that as the person that I am I always try to give what I have or more. I feel compelled to give the most that I can just because it feels right to the person that I am in real life.,Moral,1,0.1683230347431761,-0.03886078796577347,3,0.6592451239606861,0.31650686138476325,0.02424801465455068
market_control::lt::6738e3c0b433f261dc46a599,6738e3c0b433f261dc46a599,market_control,lt,0,0,lt_control,2,6.0,0.5,we are 50/50 partners so I just squared the pot.,Moral,1,-0.4432262087428174,0.413896544207793,4,0.7353339905215043,0.22161279241119422,0.04305321706730151
market_control::lt::673b92069c1c719dab99f59a,673b92069c1c719dab99f59a,market_control,lt,0,0,lt_control,1,6.5,0.4583333333333333,I wanted to share with them the unexpected money I received.,Moral,1,-0.06145404081055491,-0.03178165476072698,2,0.693409797223655,0.2807834826973948,0.025806720078950227
market_control::lt::673bdc54bee6e22ce93d7e9f,673bdc54bee6e22ce93d7e9f,market_control,lt,0,0,lt_control,2,6.0,0.5,"I chose that option because it is fair, I helped the other participant by increasing their allocation while still keeping most of my allocation.",Moral,1,-0.4482373615614157,-0.05485113130401024,4,0.7484564738128856,0.2241181293459907,0.027425396841123665
market_control::lt::673be3c4a9dcb6065372c8c4,673be3c4a9dcb6065372c8c4,market_control,lt,0,0,lt_control,1,7.0,0.4166666666666666,I chose to give and allocate one dollar to the other participant due to current inflation.,No clear justification,0,-0.4294591868289597,-0.04038152156795794,3,0.7456166311746436,0.22667347524940568,0.027709893575950682
market_control::lt::673c9a2da185663eca00bcf9,673c9a2da185663eca00bcf9,market_control,lt,0,0,lt_control,1,12.0,0.0,I am on Prolific to make money and I have no idea who the other person is so don't really care if they get,Self-interest,3,0.31909138758393263,-0.04632235777753479,4,0.6363830781276004,0.3404559467775654,0.02316097509483422
market_control::lt::673dcf7a9fd01c70b38f3ae2,673dcf7a9fd01c70b38f3ae2,market_control,lt,0,0,lt_control,1,6.0,0.5,we will have equal amounts,Moral,1,0.1683230347431761,-0.03886078796577347,3,0.6592451239606861,0.31650686138476325,0.02424801465455068
market_control::lt::673e133e4feef35da36c80b5,673e133e4feef35da36c80b5,market_control,lt,0,0,lt_control,2,5.5,0.5416666666666667,"This would ensure full cooperation with the other worker if we are on level playing field, it was more of an act of good faith than anything.",Moral,1,-0.2937265868407035,-0.04414309944299319,3,0.7270089158503146,0.24614332647722914,0.026847757672456285
market_control::lt::673e7e6f2cbf961c153d11e3,673e7e6f2cbf961c153d11e3,market_control,lt,0,0,lt_control,2,4.0,0.6666666666666667,"I ALREADY HAVE , IS NOT BAD TO SHARE",Moral,1,-0.24967046032542345,-0.012448044664391925,1,0.7201579966200553,0.2524141807839747,0.027427822595970007
market_control::lt::674382c7325a6cb19d897ca4,674382c7325a6cb19d897ca4,market_control,lt,0,0,lt_control,1,7.5,0.375,I wanted to see what would happen with a small amount.,No clear justification,0,0.1683230347431761,-0.03886078796577347,3,0.6592451239606861,0.31650686138476325,0.02424801465455068
market_control::lt::674390af4c502222ee320e0d,674390af4c502222ee320e0d,market_control,lt,0,0,lt_control,1,7.0,0.4166666666666666,I wanted to show trust by showing I could transfer a positive amount.,Moral,1,0.12981150255857674,-0.040940945267991254,3,0.6651008461547118,0.310467251555438,0.02443190228985023
market_control::lt::67479f0a737baf4c314da42d,67479f0a737baf4c314da42d,market_control,lt,0,0,lt_control,1,6.0,0.5,"I transferred $2 to the other participant so we both had the same amount each, which is fair for both participants.",Moral,1,-0.06145404081055491,-0.03178165476072698,2,0.693409797223655,0.2807834826973948,0.025806720078950227
market_control::lt::6748f8e31516667cc3eb71e8,6748f8e31516667cc3eb71e8,market_control,lt,0,0,lt_control,1,12.0,0.0,I chose this allocation because I am greedy and I want all the money. Also I am poor and need the money.,Self-interest,3,-0.2545043127786113,-0.04126187975682976,3,0.7214308112126578,0.2518708562066857,0.026698332580656493
market_control::lt::674b1ce9ff35f65cdafa93ba,674b1ce9ff35f65cdafa93ba,market_control,lt,0,0,lt_control,2,12.0,0.0,I want the money and I'm not bothered about the other person,Self-interest,3,-0.24967046032542345,-0.012448044664391925,1,0.7201579966200553,0.2524141807839747,0.027427822595970007
market_control::lt::674cf1b47d6743e2ea091d98,674cf1b47d6743e2ea091d98,market_control,lt,0,0,lt_control,1,8.0,0.3333333333333333,I really do not see the need to transfer any amounts to them. They have some allocations already and I have mine. There is no indication or justification as to why they need the extra from me.,Self-interest,3,0.3245894122174884,0.4268860967263983,4,0.6257356478853577,0.33770697425361357,0.036557377861028625
market_control::lt::674eb1f770104c02bab8b987,674eb1f770104c02bab8b987,market_control,lt,0,0,lt_control,1,3.0,0.75,"I BELIEVE THAT IN GIVING MORE, I WILL END UP RECEIVING THE SAME DOLLAR AMOUNT AS A BONUS.",Mutual Benefit / Cooperation,2,0.3245894122174884,0.4268860967263982,4,0.6257356478853578,0.33770697425361357,0.03655737786102861
market_control::lt::675338645dd419204d4d8a8c,675338645dd419204d4d8a8c,market_control,lt,0,0,lt_control,2,10.0,0.1666666666666666,I think it is in my interest to obtain more money,Self-interest,3,-0.02987008186350169,0.44239752610498245,3,0.6774853305326427,0.2820242849417427,0.040490384525614605
market_control::lt::6756d8d07b3444c59eeff05c,6756d8d07b3444c59eeff05c,market_control,lt,0,0,lt_control,2,7.0,0.4166666666666666,I felt it was too unfair for the other person to only earn half of it,Moral,1,0.1683230347431761,-0.03886078796577347,3,0.6592451239606861,0.31650686138476325,0.02424801465455068
market_control::lt::67570b014645d710f1e76680,67570b014645d710f1e76680,market_control,lt,0,0,lt_control,1,6.5,0.4583333333333333,"I chose to allocate 1.5 cents because I wanted to give a very small portion to the other participant, keeping most of the money for myself while still making a token gesture of sharing.",Self-interest,3,0.1683230347431761,-0.03886078796577347,3,0.6592451239606861,0.31650686138476325,0.02424801465455068
market_control::lt::6757418a14886dd3e93c2a69,6757418a14886dd3e93c2a69,market_control,lt,0,0,lt_control,1,6.0,0.5,"It's just a 50/50 split. I considered keeping the 8, since it's not a lot of money, but maybe they want the money too.",Moral,1,0.1683230347431761,-0.03886078796577347,3,0.6592451239606861,0.31650686138476325,0.02424801465455068
market_control::lt::6759cf4aa98832e7c32a61b3,6759cf4aa98832e7c32a61b3,market_control,lt,0,0,lt_control,1,12.0,0.0,Because i believe that my partner would take more from me,Self-interest,3,-0.06171364947513631,-0.050676529070690035,4,0.6938059520656559,0.28085585526866186,0.025338192665682248
market_control::lt::675b5e7290000cc3ac23d411,675b5e7290000cc3ac23d411,market_control,lt,0,0,lt_control,1,6.0,0.5,I think that is fair allocation,Moral,1,0.5827932048406087,-0.036175489939243334,3,0.5954825822119714,0.3827412284320614,0.021776189355967413
market_control::lt::676054fd8c08c71e4bb7c969,676054fd8c08c71e4bb7c969,market_control,lt,0,0,lt_control,2,6.0,0.5,It's fair. We both get the same amount of money. I would want the person to do the same to me.,Moral,1,-0.03506896940124008,-0.03631463297866238,3,0.6896147846636403,0.28484945958202723,0.025535755754332392
market_control::lt::676062bd3b691e331d55b3ce,676062bd3b691e331d55b3ce,market_control,lt,0,0,lt_control,2,8.0,0.3333333333333333,Because in this situation I am providing the information so deserve more money than the broker.,Moral,1,-0.06171364947513631,-0.05067652907069,4,0.6938059520656559,0.28085585526866186,0.025338192665682248
market_control::lt::676083fbda0965892553cd66,676083fbda0965892553cd66,market_control,lt,0,0,lt_control,1,7.0,0.4166666666666666,So they have a little more without me having loads less,Moral,1,0.31909138758393263,-0.04632235777753479,4,0.6363830781276004,0.3404559467775654,0.02316097509483422
market_control::lt::67629986c6e5e88e4bc23efb,67629986c6e5e88e4bc23efb,market_control,lt,0,0,lt_control,1,12.0,0.0,I chose this as it gave me the best possible outcome,Self-interest,3,0.35680540695951446,-0.03216206362779759,3,0.6303571645305273,0.3463919393489349,0.023250896120537844
market_control::lt::6762b799aeec55fad952b0a7,6762b799aeec55fad952b0a7,market_control,lt,0,0,lt_control,2,6.0,0.5,To give them a boost but I still keep more,Self-interest,3,-0.4482373615614157,-0.05485113130401024,4,0.7484564738128856,0.2241181293459907,0.027425396841123665
market_control::lt::6765db00a847d25603e7ac52,6765db00a847d25603e7ac52,market_control,lt,0,0,lt_control,2,4.0,0.6666666666666667,I did that because I wanted everyone to have a fair share.,Moral,1,-0.2545043127786113,-0.04126187975682976,3,0.7214308112126578,0.2518708562066857,0.026698332580656493
market_control::lt::6765ef2feed02bfb60182ecb,6765ef2feed02bfb60182ecb,market_control,lt,0,0,lt_control,2,7.0,0.4166666666666666,This is me showing kindness to the other person who have lesser than me. That donation more than 10% of my share,Moral,1,-0.0617136494751363,-0.050676529070690035,4,0.6938059520656559,0.28085585526866186,0.025338192665682248
market_control::lt::676b24007b0a13eef244f7bf,676b24007b0a13eef244f7bf,market_control,lt,0,0,lt_control,1,4.0,0.6666666666666667,I chose this as an equal balance of the amount I have for myself,Moral,1,-0.2343591818712162,-0.024618624461794542,2,0.7182400195448464,0.25474422240125416,0.027015758053899438
market_control::lt::676c67883fa1ba4ea4eb05a7,676c67883fa1ba4ea4eb05a7,market_control,lt,0,0,lt_control,1,8.0,0.3333333333333333,i liked the allocation that was originally given and i wanted to keep it the way it had been assigned as i feel like that was the amount we were supposed to get,Moral,1,-0.4482373615614157,-0.05485113130401024,4,0.7484564738128856,0.2241181293459907,0.027425396841123665
market_control::lt::676d7c79e229d27ac9d21de3,676d7c79e229d27ac9d21de3,market_control,lt,0,0,lt_control,2,6.0,0.5,So we would both have $6,Moral,1,-0.06034211373244149,0.4495590360118067,2,0.6816395240745968,0.27730395327105806,0.041056522654345104
market_control::lt::676f05b0832c4a60f2d8ca22,676f05b0832c4a60f2d8ca22,market_control,lt,0,0,lt_control,2,6.0,0.5,"I transferred what seemed fair in my opinion, and we both got an equal split",Moral,1,-0.2545043127786113,-0.04126187975682976,3,0.7214308112126578,0.2518708562066857,0.026698332580656493
market_control::lt::67709b0a96dcc9c2a7b0a06e,67709b0a96dcc9c2a7b0a06e,market_control,lt,0,0,lt_control,2,4.5,0.625,"I gave $3.50 to reduce the gap between us: I started with $8 and they had $4, so the transfer makes the split fairer. After the transfer we would have $4.50 (me) and $7.50 (them), which feels generous but still leaves me with a reasonable amount. I wanted to balance fairness and self-interest—showing goodwill while keeping some payment for myself.",Moral,1,-0.4482373615614157,-0.05485113130401024,4,0.7484564738128856,0.2241181293459907,0.027425396841123665
market_control::lt::6773d379776c921aa20c5d65,6773d379776c921aa20c5d65,market_control,lt,0,0,lt_control,1,6.0,0.5,I chose the fairest option which was to spit the $12 down the middle,Moral,1,-0.2545043127786113,-0.04126187975682976,3,0.7214308112126578,0.2518708562066857,0.026698332580656493
market_control::lt::67765c43b5d1659e5a025984,67765c43b5d1659e5a025984,market_control,lt,0,0,lt_control,2,4.0,0.6666666666666667,"My understanding, from what I rember, is that equaling the number is the best outcome for both participants",Moral,1,0.31909138758393263,-0.04632235777753479,4,0.6363830781276004,0.3404559467775654,0.02316097509483422
market_control::lt::67769b7fcdc7d114bad028ff,67769b7fcdc7d114bad028ff,market_control,lt,0,0,lt_control,2,11.0,0.0833333333333333,I wanted to make sure that the other partner was not going to do the same to me,Self-interest,3,0.31909138758393263,-0.04632235777753479,4,0.6363830781276004,0.3404559467775654,0.02316097509483422
market_control::lt::6777fc50f16a1bc11113d41e,6777fc50f16a1bc11113d41e,market_control,lt,0,0,lt_control,2,6.0,0.5,I wanted us to be equal and both earn the same amounts as I don't like the idea of one person getting more than the other.,Moral,1,0.31909138758393274,-0.04632235777753479,4,0.6363830781276004,0.3404559467775654,0.02316097509483422
market_control::lt::67785cef31ee995e28d95c29,67785cef31ee995e28d95c29,market_control,lt,0,0,lt_control,2,10.0,0.1666666666666666,same answer as before - it's the most fair way to do this/split. Neither have the 'short end of the stick' in this.,Moral,1,0.31909138758393246,-0.04632235777753479,4,0.6363830781276004,0.34045594677756535,0.02316097509483422
market_control::lt::6779ae6f3a8122e8a6d76bb6,6779ae6f3a8122e8a6d76bb6,market_control,lt,0,0,lt_control,1,6.0,0.5,I wanted the tables to be even and fair,Moral,1,-0.06171364947513631,-0.050676529070690035,4,0.6938059520656559,0.28085585526866186,0.025338192665682248
market_control::lt::677c06b353b58ae2ed40048a,677c06b353b58ae2ed40048a,market_control,lt,0,0,lt_control,1,6.0,0.5,i wanted to keep most of the money,Self-interest,3,0.31909138758393263,-0.04632235777753479,4,0.6363830781276004,0.3404559467775654,0.02316097509483422
market_control::lt::677c07fc44a7727a1886ec83,677c07fc44a7727a1886ec83,market_control,lt,0,0,lt_control,1,8.0,0.3333333333333333,felt bad taking the money but didnt want to give mine either,Moral,1,0.20449895445842886,-0.024520849112612122,2,0.6535079475081452,0.3221259540516671,0.02436609844018762
market_control::lt::677c0ace1bbf48bb7c96aeaa,677c0ace1bbf48bb7c96aeaa,market_control,lt,0,0,lt_control,1,6.0,0.5,"I am under the impression that we have been put together as a team of 2 and allocated the same amount of work / time involved to complete the task. If this is accurate, then it would be fair for us to both receive the same amount of money.",Moral,1,-0.4482373615614157,-0.05485113130401024,4,0.7484564738128856,0.2241181293459907,0.027425396841123665
market_control::lt::677c2025931cc85e5c84f69e,677c2025931cc85e5c84f69e,market_control,lt,0,0,lt_control,1,6.0,0.5,I'm happy to give the other participant a little more from my gain,Moral,1,-0.06171364947513633,-0.05067652907069,4,0.6938059520656559,0.28085585526866186,0.025338192665682248
market_control::lt::677c4382eb9e08eaddcee197,677c4382eb9e08eaddcee197,market_control,lt,0,0,lt_control,2,8.0,0.3333333333333333,It is the fair and decent thing to do (even if this is fictional),Moral,1,0.1683230347431761,-0.03886078796577347,3,0.6592451239606861,0.31650686138476325,0.02424801465455068
market_control::lt::677fea44f0780e29406c0f6a,677fea44f0780e29406c0f6a,market_control,lt,0,0,lt_control,2,8.0,0.3333333333333333,I didn't have any reason to transfer to the other person,No clear justification,0,-0.2343591818712162,-0.024618624461794542,2,0.7182400195448464,0.25474422240125416,0.027015758053899438
market_control::lt::6784707867e6488ef06f833d,6784707867e6488ef06f833d,market_control,lt,0,0,lt_control,1,6.0,0.5,I wanted it to be equal for both of us because we are both here doing the same thing.,Moral,1,0.20449895445842886,-0.024520849112612122,2,0.6535079475081452,0.3221259540516671,0.02436609844018762
market_control::lt::6785b4a9980c857d24078db8,6785b4a9980c857d24078db8,market_control,lt,0,0,lt_control,2,1.5,0.875,"I figured, why not be generous, because it is not good to be selfish.",Moral,1,-0.06171364947513633,-0.05067652907069,4,0.6938059520656559,0.28085585526866186,0.025338192665682248
market_control::lt::6785cd439bb160903ffcd312,6785cd439bb160903ffcd312,market_control,lt,0,0,lt_control,1,5.5,0.5416666666666667,because I thought it was fair and that they would still get some money and I would still have some left. I do not know them so I wanted to give them some money to be nice.,Moral,1,-0.03462196127303281,-0.015062910351435086,1,0.6891439641149328,0.2847897250202247,0.0260663108648424
market_control::lt::6785ddfbacf7592ed658583b,6785ddfbacf7592ed658583b,market_control,lt,0,0,lt_control,1,6.5,0.4583333333333333,Because I have more then my opponent does,Moral,1,0.5479580287500445,-0.037610646755262336,3,0.6009107647401829,0.377130693165245,0.02195854209457211
market_control::lt::67870824e02758bc16fa96f3,67870824e02758bc16fa96f3,market_control,lt,0,0,lt_control,2,6.0,0.5,It would only be fair to split the money.,Moral,1,0.15852239603760931,-0.024537690007201136,2,0.6604743849046749,0.3148768572717354,0.02464875782358966
market_control::lt::6787803e99b64e61819668d3,6787803e99b64e61819668d3,market_control,lt,0,0,lt_control,1,6.0,0.5,I want us to be on equal footing. Transferring 2 dollars to the other person means we each have the same amount,Moral,1,-0.035068969401240074,-0.03631463297866238,3,0.6896147846636403,0.28484945958202723,0.025535755754332392
market_control::lt::678e883a9ac653bfb7ff5f1f,678e883a9ac653bfb7ff5f1f,market_control,lt,0,0,lt_control,2,6.0,0.5,I wanted to promote equality,Moral,1,0.31909138758393246,-0.04632235777753479,4,0.6363830781276004,0.34045594677756535,0.02316097509483422
market_control::lt::679092c04be0476c6a4ddccc,679092c04be0476c6a4ddccc,market_control,lt,0,0,lt_control,2,8.0,0.3333333333333333,I would rather not take anything or give anything.,Self-interest,3,-0.2545043127786113,-0.04126187975682976,3,0.7214308112126578,0.2518708562066857,0.026698332580656493
market_control::lt::67a55d7631e4970a61f5904d,67a55d7631e4970a61f5904d,market_control,lt,0,0,lt_control,1,6.0,0.5,I chose this allocation because we would both have equal amounts which is a good solution for us both.,Moral,1,-0.06171364947513633,-0.05067652907069,4,0.6938059520656559,0.28085585526866186,0.025338192665682248
market_control::lt::67accd6f6cc4c127268bb6ad,67accd6f6cc4c127268bb6ad,market_control,lt,0,0,lt_control,1,7.0,0.4166666666666666,i need funds as Christmas is a difficult and expensive time of year,Self-interest,3,-0.2545043127786113,-0.04126187975682976,3,0.7214308112126578,0.2518708562066857,0.026698332580656493
market_control::lt::67bcba4cce51e01aa4648b3b,67bcba4cce51e01aa4648b3b,market_control,lt,0,0,lt_control,2,4.0,0.6666666666666667,It means we both have the same so is fair.,Moral,1,0.15852239603760926,-0.024537690007201136,2,0.6604743849046749,0.3148768572717353,0.02464875782358966
market_control::lt::67bf8696b3b7e7a95c9cd9bf,67bf8696b3b7e7a95c9cd9bf,market_control,lt,0,0,lt_control,1,6.0,0.5,I thought it was a fair positive amount to give them so we each had $6.00 after the transfer.,Moral,1,0.31909138758393263,-0.04632235777753479,4,0.6363830781276004,0.3404559467775654,0.02316097509483422
market_control::lt::67bfbba25ab51d63a9605752,67bfbba25ab51d63a9605752,market_control,lt,0,0,lt_control,1,11.5,0.0416666666666666,I usually give money away I wanted to see what it was like to take it,Self-interest,3,-0.06171364947513633,-0.05067652907069,4,0.6938059520656559,0.28085585526866186,0.025338192665682248
market_control::lt::67c4e22039c82d3cc0c9629f,67c4e22039c82d3cc0c9629f,market_control,lt,0,0,lt_control,2,4.0,0.6666666666666667,It’s only far to do it that way,Moral,1,-0.2297801079526741,-0.026633458153285116,2,0.7176309556798487,0.25543294634385894,0.026936097976292338
market_control::lt::67ca05b811f9ce2ffe685f2f,67ca05b811f9ce2ffe685f2f,market_control,lt,0,0,lt_control,1,12.0,0.0,Since there was no exchange and I’m the one always contributing more it might be fun to get a bigger amount some time,Self-interest,3,-0.2937265868407035,-0.04414309944299319,3,0.7270089158503146,0.24614332647722914,0.026847757672456285
market_control::lt::67ca0d493f0094aaecca945e,67ca0d493f0094aaecca945e,market_control,lt,0,0,lt_control,2,6.0,0.5,I wanted both of us to have an equal amount.,Moral,1,-0.0617136494751363,-0.050676529070690035,4,0.6938059520656559,0.28085585526866186,0.025338192665682248
market_control::lt::67cef58d530900e1446b53f5,67cef58d530900e1446b53f5,market_control,lt,0,0,lt_control,2,6.5,0.4583333333333333,"I wanted to bring them up closer to my status, but my financial situation only allows me to do so much",Moral,1,-0.0617136494751363,-0.050676529070690035,4,0.6938059520656559,0.28085585526866186,0.025338192665682248
market_control::lt::67d4ab2b6bcf2affcb4d66ec,67d4ab2b6bcf2affcb4d66ec,market_control,lt,0,0,lt_control,1,6.0,0.5,In situations such as this. This is money I did not have to begin with so I am not losing anything. The other person and I can share the wealth in a situation like this and feel as though we are friends who share with each other.,Moral,1,0.6974165068802903,-0.041918484913020464,4,0.5777441953137519,0.4012970549122865,0.020958749773961633
market_control::lt::67d9a0498d900defba2a9dcc,67d9a0498d900defba2a9dcc,market_control,lt,0,0,lt_control,1,12.0,0.0,"I chose -$4 because I felt that the other participant had more than their fair share compared to me, and taking $4 back would balance the allocation. This decision reflects my desire for fairness and equal distribution of resources.",Moral,1,-0.2545043127786113,-0.04126187975682976,3,0.7214308112126578,0.2518708562066857,0.026698332580656493
market_control::lt::67da8fce2d60b47024c47722,67da8fce2d60b47024c47722,market_control,lt,0,0,lt_control,1,6.0,0.5,i just wanted us to have equal share of the bonus,Moral,1,-0.20869228974964069,-0.00954402011266275,1,0.7142810798622194,0.2584576702188187,0.02726124991896183
market_control::lt::67db2ea56e3dd10aeebf61ab,67db2ea56e3dd10aeebf61ab,market_control,lt,0,0,lt_control,1,6.0,0.5,In a random game of chance I like to be fair. I think there is more chance of keeping my money if I share.,Moral,1,-0.035068969401240074,-0.03631463297866238,3,0.6896147846636403,0.28484945958202723,0.025535755754332392
market_control::lt::67db7cc34107d18ba812849c,67db7cc34107d18ba812849c,market_control,lt,0,0,lt_control,1,12.0,0.0,it made us both equal,Moral,1,-0.2545043127786113,-0.04126187975682976,3,0.7214308112126578,0.2518708562066857,0.026698332580656493
market_control::lt::67df171707f571cd70116c94,67df171707f571cd70116c94,market_control,lt,0,0,lt_control,2,7.0,0.4166666666666666,It seems reasonable and the value is fair.,Moral,1,-0.227834003495061,0.9381784120510119,2,0.685877704198774,0.24655246628442534,0.06756982951680067
market_control::lt::67e051d5736da524dbe7a0c1,67e051d5736da524dbe7a0c1,market_control,lt,0,0,lt_control,1,4.0,0.6666666666666667,I wanted to have an equal share with my partner.,Moral,1,0.35001768983694315,-0.030179754516424233,3,0.6313675806658176,0.34529477225990646,0.023337647074276043
market_control::lt::67e70a61f963fecfc78db7ab,67e70a61f963fecfc78db7ab,market_control,lt,0,0,lt_control,2,8.0,0.3333333333333333,"Not sure what our have done or what we are going to do. At this point, just trust the computer to do it right.",No clear justification,0,0.17152355094219582,0.4384521697136668,3,0.6482243380878459,0.3133436321064592,0.0384320298056949
market_control::lt::67e7fdcbbe5802df7311a05c,67e7fdcbbe5802df7311a05c,market_control,lt,0,0,lt_control,1,6.0,0.5,"I would like to believe that i am seen as a very fair-minded person. IN all things in life treating others with mutual respect I believe is a better way to live, I hate the greed and selfishness in life that too many people possess, it makes the world a sad place (in my opinion).",Moral,1,-0.4136118849944954,-0.023525752871459398,2,0.7431087623161966,0.22881338385575273,0.02807785382805066
market_control::lt::67e944da95c1ca7712027013,67e944da95c1ca7712027013,market_control,lt,0,0,lt_control,2,6.0,0.5,"I chose to transfer $2 (resulting in a final allocation of $6 for me and $6 for the other participant) because I wanted to create a perfectly equal and fair division of the total $12, prioritizing equity over maximizing my personal gain.",Moral,1,0.1683230347431761,-0.03886078796577347,3,0.6592451239606861,0.31650686138476325,0.02424801465455068
market_control::lt::67e97d506e0dfa7ff0b407c5,67e97d506e0dfa7ff0b407c5,market_control,lt,0,0,lt_control,2,6.0,0.5,it balances self-interest with consideration for the other participant,Moral,1,-0.0617136494751363,-0.050676529070690035,4,0.6938059520656559,0.28085585526866186,0.025338192665682248
market_control::lt::67eb6e6dc32d33ebc7a6ff02,67eb6e6dc32d33ebc7a6ff02,market_control,lt,0,0,lt_control,1,3.5,0.7083333333333333,It looks reasonable for me,No clear justification,0,-0.4482373615614157,-0.05485113130401024,4,0.7484564738128856,0.2241181293459907,0.027425396841123665
market_control::lt::67edb75b0744561f1cf6ff9d,67edb75b0744561f1cf6ff9d,market_control,lt,0,0,lt_control,2,12.0,0.0,I chose this allocation to maximize my potential bonus by increasing my share to $12. This is similar to a situation where someone takes a larger portion of a shared resource because they want to secure the most for themselves,Self-interest,3,-0.06171364947513633,-0.05067652907069,4,0.6938059520656559,0.28085585526866186,0.025338192665682248
market_control::lt::67ee795beb74f4d224497dac,67ee795beb74f4d224497dac,market_control,lt,0,0,lt_control,2,7.5,0.375,Because of the amount the other participant was offering.,No clear justification,0,0.35001768983694315,-0.030179754516424233,3,0.6313675806658176,0.34529477225990646,0.023337647074276043
market_control::lt::67effc951ce344a94949e0e7,67effc951ce344a94949e0e7,market_control,lt,0,0,lt_control,2,6.0,0.5,I gave $2 so that I would have the same money as they did. No one would feel less,Moral,1,0.1683230347431761,-0.03886078796577347,3,0.6592451239606861,0.31650686138476325,0.02424801465455068
market_control::lt::67f047191b866fcef1c7e1c0,67f047191b866fcef1c7e1c0,market_control,lt,0,0,lt_control,2,6.0,0.5,This was a move to promote equity and fairness which influenced my answers.,Moral,1,-0.2545043127786113,-0.04126187975682976,3,0.7214308112126578,0.2518708562066857,0.026698332580656493
market_control::lt::67f09ad02524e8b1d810e0a4,67f09ad02524e8b1d810e0a4,market_control,lt,0,0,lt_control,1,6.0,0.5,"I chose 2 because in total my friend will have 6, similar to me, all equal.",Moral,1,-0.0617136494751363,-0.050676529070690035,4,0.6938059520656559,0.28085585526866186,0.025338192665682248
market_control::lt::681269c2ef9ca43142682cf6,681269c2ef9ca43142682cf6,market_control,lt,0,0,lt_control,1,8.0,0.3333333333333333,"It seemed fine to leave things as they were - that we each get to keep what we were given. I don't know if I would have felt the same way if I had the smaller amount of money, however.",Moral,1,0.31909138758393263,-0.04632235777753479,4,0.6363830781276004,0.3404559467775654,0.02316097509483422
market_control::lt::681561229a9918d9b5803acc,681561229a9918d9b5803acc,market_control,lt,0,0,lt_control,2,6.0,0.5,We each end up with six dollars. The amount is so small it most likely will not change either of our lives.,Moral,1,0.12981150255857674,-0.040940945267991254,3,0.6651008461547118,0.310467251555438,0.02443190228985023
market_control::lt::681c888ef89160c6b131dce8,681c888ef89160c6b131dce8,market_control,lt,0,0,lt_control,1,6.0,0.5,I think each participant should have equal share of the money,Moral,1,-0.4482373615614157,-0.05485113130401024,4,0.7484564738128856,0.2241181293459907,0.027425396841123665
market_control::lt::681caa009bf4caacf0b36784,681caa009bf4caacf0b36784,market_control,lt,0,0,lt_control,2,12.0,0.0,I felt I needed the extra money to further my data proccessing,Self-interest,3,0.5479580287500445,-0.037610646755262336,3,0.6009107647401829,0.377130693165245,0.02195854209457211
market_control::lt::682ac1b6669fa157b2399b41,682ac1b6669fa157b2399b41,market_control,lt,0,0,lt_control,1,6.0,0.5,so that we can share the allocation equally,Moral,1,0.31909138758393263,-0.04632235777753479,4,0.6363830781276004,0.3404559467775654,0.02316097509483422
market_control::lt::682fddb84f4282d76a7662da,682fddb84f4282d76a7662da,market_control,lt,0,0,lt_control,1,7.0,0.4166666666666666,I was just willing to share even if my amount was minor.So i am not self intrested much but also not significantly generous.,Moral,1,0.4054740095870525,-0.030701425204067857,2,0.6228409042535668,0.3541748127790127,0.02298428296742061
market_control::lt::683667d92d0bfb2cf3f5c7a6,683667d92d0bfb2cf3f5c7a6,market_control,lt,0,0,lt_control,2,8.0,0.3333333333333333,I chose to maximize my final payment ($8) and respected the computer's initial allocation. I prioritized self-interest.,Self-interest,3,-0.4482373615614157,-0.05485113130401024,4,0.7484564738128856,0.2241181293459907,0.027425396841123665
market_control::lt::68379f3fafa634a21d761586,68379f3fafa634a21d761586,market_control,lt,0,0,lt_control,1,4.0,0.6666666666666667,"I chose to transfer $4 because it feels fair for both of us to end up with the same amount. I started with a clear advantage, and sharing part of that makes the outcome more equal without really hurting me. Since the other person is also a real participant, I’d rather treat them the way I’d hope to be treated in their position.",Moral,1,0.1683230347431761,-0.03886078796577347,3,0.6592451239606861,0.31650686138476325,0.02424801465455068
market_control::lt::6845fad63da7756677508375,6845fad63da7756677508375,market_control,lt,0,0,lt_control,1,6.0,0.5,To create equality between us.,Moral,1,-0.4482373615614157,-0.05485113130401024,4,0.7484564738128856,0.2241181293459907,0.027425396841123665
market_control::lt::6888f9158ab561d6bbcf7466,6888f9158ab561d6bbcf7466,market_control,lt,0,0,lt_control,1,12.0,0.0,I would like more money,Self-interest,3,0.12981150255857674,-0.040940945267991254,3,0.6651008461547118,0.310467251555438,0.02443190228985023
market_control::lt::68a700bfe080729e6185e49b,68a700bfe080729e6185e49b,market_control,lt,0,0,lt_control,1,0.0,1.0,I'm a bit tired of how negative the world is portrayed to me through social media or news outlets or genrally online at the moment. I want to resist that by giving something to someone else.,Moral,1,-0.2545043127786113,-0.04126187975682976,3,0.7214308112126578,0.2518708562066857,0.026698332580656493
market_control::lt::68a76de48d7cea49ee79f6ba,68a76de48d7cea49ee79f6ba,market_control,lt,0,0,lt_control,2,4.0,0.6666666666666667,"Treating the other person equally, given there is no other context to distinguish between the two of us. I assume we are equal",Moral,1,-0.06171364947513633,-0.05067652907069,4,0.6938059520656559,0.28085585526866186,0.025338192665682248
market_control::lt::691b86c3d915b1e27714d6cb,691b86c3d915b1e27714d6cb,market_control,lt,0,0,lt_control,2,6.0,0.5,"I wanted to be fair, and so we should each get $6",Moral,1,0.31909138758393246,-0.04632235777753479,4,0.6363830781276004,0.34045594677756535,0.02316097509483422
market_control::lt::691cd39723d5bbe2bd236a37,691cd39723d5bbe2bd236a37,market_control,lt,0,0,lt_control,1,2.0,0.8333333333333334,I think it's just fair for the other participant to get half,Moral,1,-0.0617136494751363,-0.050676529070690035,4,0.6938059520656559,0.28085585526866186,0.025338192665682248
market_control::lt::6921ecd02bd2f70d30a9a555,6921ecd02bd2f70d30a9a555,market_control,lt,0,0,lt_control,2,6.0,0.5,To give the same amount to the other participant that I have,Moral,1,-0.2545043127786113,-0.04126187975682976,3,0.7214308112126578,0.2518708562066857,0.026698332580656493
market_control::lt::69274004f8ad1f04a2725dd5,69274004f8ad1f04a2725dd5,market_control,lt,0,0,lt_control,1,6.0,0.5,I chose this because it is an equal allocation. I had more funds and the other person had less. It makes sense to put us on equal footing,Moral,1,-0.06171364947513633,-0.05067652907069,4,0.6938059520656559,0.28085585526866186,0.025338192665682248
market_control::lt::692db6ccc16d2f8842a43fa4,692db6ccc16d2f8842a43fa4,market_control,lt,0,0,lt_control,1,8.0,0.3333333333333333,I'm happy with the amount I already received.,Self-interest,3,0.31909138758393246,-0.04632235777753479,4,0.6363830781276004,0.34045594677756535,0.02316097509483422
market_control::lt::6931e1f1d5d91c96a53195e9,6931e1f1d5d91c96a53195e9,market_control,lt,0,0,lt_control,1,6.0,0.5,Now we both have 6 and that seems fair,Moral,1,-0.06171364947513633,-0.05067652907069,4,0.6938059520656559,0.28085585526866186,0.025338192665682248
market_control::kw::53a18b8ffdf99b79ca51df6e,53a18b8ffdf99b79ca51df6e,market_control,kw,1,1,kw_market,2,6.0,0.5,I think it best to meet in the middle then everyone wins,Moral,1,-0.4236297631347847,-0.7421646600853435,4,0.6042751173004051,0.30295375690012255,0.09277112579947239
market_control::kw::545f1e11fdf99b3156e7588b,545f1e11fdf99b3156e7588b,market_control,kw,1,1,kw_market,2,12.0,0.0,I haven't been given any information about why I should decrease my own price.,Self-interest,3,1.7737481743571708,-0.337949527659812,4,0.17948103027042048,0.7782736516925519,0.0422453180370276
market_control::kw::54a439f9fdf99b5010dca84e,54a439f9fdf99b5010dca84e,market_control,kw,1,1,kw_market,2,11.0,0.0833333333333333,to give a little back,Moral,1,-0.7741294111051655,1.1544989793370228,3,0.42706770271126715,0.15500884209912658,0.4179234551896063
market_control::kw::54ab0771fdf99b55c3f55227,54ab0771fdf99b55c3f55227,market_control,kw,1,1,kw_market,2,8.0,0.3333333333333333,I think it's only fair that the other participant gets something for their efforts but i feel like i deserve a little bit more.,Moral,1,-0.4236297631347847,-0.7421646600853435,4,0.6042751173004051,0.30295375690012255,0.09277112579947239
market_control::kw::54b60d74fdf99b1ce0367ab5,54b60d74fdf99b1ce0367ab5,market_control,kw,1,1,kw_market,1,9.5,0.2083333333333333,I didn't want to pick an amount that was too high because I didnt want it to be unfair,Moral,1,-1.119727452540171,-0.6454109161641152,3,0.7040554965238398,0.1778121198587273,0.11813238361743288
market_control::kw::55871e2efdf99b28762c4604,55871e2efdf99b28762c4604,market_control,kw,1,1,kw_market,2,12.0,0.0,I chose this price because I did not want to change the initial price.,No clear justification,0,-0.4820952897411686,-0.3416584925829943,1,0.5873362586209776,0.2787482843859977,0.13391545699302473
market_control::kw::559a78a5fdf99b76964a0ddd,559a78a5fdf99b76964a0ddd,market_control,kw,1,1,kw_market,1,9.0,0.25,I like the number three and thought why not pick that.,No clear justification,0,-0.4820952897411686,-0.3416584925829943,1,0.5873362586209776,0.2787482843859977,0.13391545699302473
market_control::kw::55b47001fdf99b615b12d66c,55b47001fdf99b615b12d66c,market_control,kw,1,1,kw_market,2,6.0,0.5,wanted us both to make some money,Mutual Benefit / Cooperation,2,-0.10173882954887792,-0.5751415481058965,3,0.5346763577127431,0.36808589364354605,0.09723774864371089
market_control::kw::55c913d1fdf99b526d9b8351,55c913d1fdf99b526d9b8351,market_control,kw,1,1,kw_market,2,6.0,0.5,"I just wanted to be fair. Answering the previous questions reminded me of times i felt overlooked or ignored at work, or not given the credit for something I did.",Moral,1,1.2022912859674815,0.7192297118507233,4,0.24019528965730164,0.5997078888899551,0.16009682145274334
market_control::kw::55eee81b9df9fe000efae1d4,55eee81b9df9fe000efae1d4,market_control,kw,1,1,kw_market,2,12.0,0.0,"If I'm selling data, I would want the best price",Self-interest,3,0.9909272381431925,-0.49705025404166203,4,0.31173264721138616,0.6261357443861264,0.062131608402487486
market_control::kw::563e35190980220011572d9a,563e35190980220011572d9a,market_control,kw,1,1,kw_market,2,12.0,0.0,seemed like the fairest option,Moral,1,-0.17909143414961723,-0.5522229036773982,3,0.5482281492503002,0.34988096947154096,0.10189088127815893
market_control::kw::563e5abecbd4c60005dc9153,563e5abecbd4c60005dc9153,market_control,kw,1,1,kw_market,2,1.0,0.9166666666666666,I just guessed. I don't really know,No clear justification,0,-0.4236297631347847,-0.7421646600853435,4,0.6042751173004051,0.30295375690012255,0.09277112579947239
market_control::kw::563fecf4074be600055e98c7,563fecf4074be600055e98c7,market_control,kw,1,1,kw_market,2,8.0,0.3333333333333333,Because it is quite fair and gives a bit to both sides.,Moral,1,0.09761039138040997,-0.330612001942881,2,0.48291992406152123,0.4049007977763166,0.11217927816216215
market_control::kw::5687d434369319000c269c03,5687d434369319000c269c03,market_control,kw,1,1,kw_market,2,6.0,0.5,"I see it as a partnership, more than one participant having more right to the money than the other",Moral,1,0.4598975363800177,0.47754277378184184,4,0.367177860180232,0.44251233000443835,0.1903098098153297
market_control::kw::569c01a19e8363000b2ffa33,569c01a19e8363000b2ffa33,market_control,kw,1,1,kw_market,1,12.0,0.0,I would like the price to stay the same as that is what was agreed,Moral,1,1.407696333728675,-0.3049628785587404,2,0.23428421648079784,0.7089278853157123,0.056787898203489916
market_control::kw::56aa77fc638440000b8b4f4a,56aa77fc638440000b8b4f4a,market_control,kw,1,1,kw_market,1,7.0,0.4166666666666666,"I thought that the broker would be in debt as they have to pay $12 and pay me, so if I reduced it by half he'd be level, and I reduced by nearly half to make myself a small profit beyond that of 0.5.",Mutual Benefit / Cooperation,2,1.3215539795542812,-0.28176313785670637,2,0.24821571059051908,0.690272738505324,0.06151155090415692
market_control::kw::56fc1245f37e08000cbea351,56fc1245f37e08000cbea351,market_control,kw,1,1,kw_market,1,12.0,0.0,I don't think there was any need to change the price.,No clear justification,0,0.8979342125466696,-0.2215651947627225,1,0.3227361886628851,0.5927980305073176,0.08446578082979733
market_control::kw::57509aade19ee9000680df04,57509aade19ee9000680df04,market_control,kw,1,1,kw_market,1,9.5,0.2083333333333333,It feels like a nice half way point for both parties to profit,Mutual Benefit / Cooperation,2,-1.043722508072386,-0.7498131096581379,3,0.7024873897499742,0.19114082377167665,0.1063717864783492
market_control::kw::577bfa3c9fecfe0001a5bcbf,577bfa3c9fecfe0001a5bcbf,market_control,kw,1,1,kw_market,1,8.0,0.3333333333333333,A discount encourages someone to buy the product.,Mutual Benefit / Cooperation,2,1.3215539795542812,-0.28176313785670637,2,0.24821571059051908,0.690272738505324,0.06151155090415692
market_control::kw::5786a6cc07724c000114b618,5786a6cc07724c000114b618,market_control,kw,1,1,kw_market,1,8.0,0.3333333333333333,-$4 seemed to be a reasonable amount to reduce it by,No clear justification,0,-0.5939620952741725,-0.3059176297759585,1,0.6020038852358618,0.25600077154148065,0.14199534322265756
market_control::kw::57892012454e5400015f35c4,57892012454e5400015f35c4,market_control,kw,1,1,kw_market,2,7.0,0.4166666666666666,To make sure the data is sold.,Mutual Benefit / Cooperation,2,-0.6299919164681198,-0.1569794490908893,1,0.5938281912698029,0.24402972373917484,0.16214208499102228
market_control::kw::57a7337e913c710001977341,57a7337e913c710001977341,market_control,kw,1,1,kw_market,1,10.5,0.125,There has to be an incentive for the buyer otherwise if there is no profit then you won’t make a sale. Conversely I need to make a profit on the deal as well,Mutual Benefit / Cooperation,2,1.2349796847955923,-0.23321870766626215,2,0.26211962710161724,0.6697797971035736,0.06810057579480921
market_control::kw::5800eb53beccf8000100cb06,5800eb53beccf8000100cb06,market_control,kw,1,1,kw_market,1,10.0,0.1666666666666666,"The broker has to make something, otherwise there would be no point.",Mutual Benefit / Cooperation,2,-0.29499518669324754,0.293216176243043,4,0.49977497964807555,0.28687535347996085,0.21334966687196355
market_control::kw::58660808db3e720001e228d9,58660808db3e720001e228d9,market_control,kw,1,1,kw_market,1,5.0,0.5833333333333333,to give the other person money,Moral,1,0.09761039138040997,-0.330612001942881,2,0.48291992406152123,0.4049007977763166,0.11217927816216215
market_control::kw::5885129a6907b40001de425a,5885129a6907b40001de425a,market_control,kw,1,1,kw_market,1,9.0,0.25,I wanted to maximise my bonus but still leave something for the broker,Self-interest,3,0.2186367539700153,-0.44697842608572913,2,0.46499623044831656,0.4385800593998661,0.09642371015181735
market_control::kw::588a4cbb670d6600012bd509,588a4cbb670d6600012bd509,market_control,kw,1,1,kw_market,1,11.0,0.0833333333333333,I think that it £12 sounds a lot for the data but that the person should get the amount they agreed or very close to it.,Moral,1,1.6213842349797534,-0.34161777036655344,3,0.20134688072051682,0.7514974283805849,0.04715569089889828
market_control::kw::58921be25c15e0000158405c,58921be25c15e0000158405c,market_control,kw,1,1,kw_market,1,12.0,0.0,I want to get the most amount possible.,Self-interest,3,0.7493647984639129,-0.5076642495405146,3,0.35946734493609794,0.5698486685271612,0.07068398653674086
market_control::kw::595f88cc135b5e0001928a9c,595f88cc135b5e0001928a9c,market_control,kw,1,1,kw_market,1,12.0,0.0,its the best choice for myself,Self-interest,3,-0.4820952897411686,-0.3416584925829943,1,0.5873362586209776,0.2787482843859977,0.13391545699302473
market_control::kw::595fd893a670a10001941bf9,595fd893a670a10001941bf9,market_control,kw,1,1,kw_market,1,12.0,0.0,"I chose to keep the price the same as this seemed to me, the most fair option",Moral,1,0.7680560391688322,-0.18368019534120023,1,0.3461139343447936,0.5600017925974536,0.09388427305775271
market_control::kw::5977986837d15f00016f1d08,5977986837d15f00016f1d08,market_control,kw,1,1,kw_market,2,12.0,0.0,I thought the price was fair and i was happy with it,Moral,1,0.29258724139998127,-0.6322539097403327,4,0.45754031344006385,0.4634275053651886,0.07903218119474753
market_control::kw::5979ff012cce5b0001d0ddf0,5979ff012cce5b0001d0ddf0,market_control,kw,1,1,kw_market,2,10.0,0.1666666666666666,I changed it to 10 as I didn't want to reduce it any further otherwise you don't make much profit,Mutual Benefit / Cooperation,2,-0.8493891040106214,-0.43991043237701216,2,0.6508908282830704,0.21497696994855806,0.1341322017683715
market_control::kw::59900f959d487e0001ac3a8e,59900f959d487e0001ac3a8e,market_control,kw,1,1,kw_market,2,12.0,0.0,I would like to earn as much as possible,Self-interest,3,-0.4236297631347847,-0.7421646600853435,4,0.6042751173004051,0.30295375690012255,0.09277112579947239
market_control::kw::59921d7bb83f800001a5e452,59921d7bb83f800001a5e452,market_control,kw,1,1,kw_market,1,8.0,0.3333333333333333,"There needs to be an incentive for the broker, but the broker needs to accept a much smaller percentage than the producer.",Moral,1,0.4598975363800177,0.4775427737818421,4,0.367177860180232,0.4425123300044383,0.19030980981532974
market_control::kw::5992f3b9004c4f0001cc81ac,5992f3b9004c4f0001cc81ac,market_control,kw,1,1,kw_market,1,10.0,0.1666666666666666,I think my information is high quality so I think it has a high value. I also want to maimise my earning,Self-interest,3,1.1389780618005145,-0.20101376438630894,2,0.2782293735071587,0.647221412272142,0.07454921422069928
market_control::kw::59931157f9db7d00018955b8,59931157f9db7d00018955b8,market_control,kw,1,1,kw_market,1,12.0,0.0,i want to see if thebroker would pay the amount,Mutual Benefit / Cooperation,2,1.5366254925818383,-0.283462189127118,3,0.2135461055421104,0.7335038904650879,0.05295000399280172
market_control::kw::599ec7dc617ca80001fcd124,599ec7dc617ca80001fcd124,market_control,kw,1,1,kw_market,2,12.0,0.0,I do not understand the directions. I kept the 12 as a potential full bonus,No clear justification,0,-0.17909143414961723,-0.5522229036773982,3,0.5482281492503002,0.34988096947154096,0.10189088127815893
market_control::kw::59a23b5d1bf9070001ce8d73,59a23b5d1bf9070001ce8d73,market_control,kw,1,1,kw_market,2,1.0,0.9166666666666666,"I was unable to find the slider. I clicked everywhere. Eventually a number of dollars appeared which I tried to change but was unable to. $11, which was the price change that appeared, wouldn't have been my choice.",No clear justification,0,-1.043722508072386,-0.7498131096581379,3,0.7024873897499742,0.19114082377167665,0.1063717864783492
market_control::kw::59b2d1e1773f41000148789e,59b2d1e1773f41000148789e,market_control,kw,1,1,kw_market,2,12.0,0.0,I think I still want things to be a bit balanced compared to the other Prolific participant to be honest.,Moral,1,-0.08584621745820151,-0.6457239185364753,3,0.5351734142699984,0.3740550883671202,0.09077149736288134
market_control::kw::59d39f387d08030001f345a5,59d39f387d08030001f345a5,market_control,kw,1,1,kw_market,1,12.0,0.0,I think my data is worth the full price!,Self-interest,3,0.19422098120160095,-0.36381651451498453,2,0.4658677467244929,0.42927018058645333,0.1048620726890538
market_control::kw::59d4fb316cc82800013e32d3,59d4fb316cc82800013e32d3,market_control,kw,1,1,kw_market,2,8.0,0.3333333333333333,"I have carried out the work to prepare the data, this is a commission / fee for the broker to find the buyer for the data",Self-interest,3,-0.10173882954887797,-0.5751415481058963,3,0.5346763577127431,0.36808589364354605,0.0972377486437109
market_control::kw::59d8ec713e5ea00001e1d09c,59d8ec713e5ea00001e1d09c,market_control,kw,1,1,kw_market,1,5.5,0.5416666666666667,i think it is a fair price for the data,Moral,1,0.1942209812016006,-0.3638165145149853,2,0.46586774672449294,0.4292701805864533,0.10486207268905372
market_control::kw::59ea4fd07d6df50001e6930f,59ea4fd07d6df50001e6930f,market_control,kw,1,1,kw_market,2,10.0,0.1666666666666666,It seems a fair adjustment and is still a good deal while also saving 20%,Moral,1,0.4598975363800177,0.4775427737818421,4,0.367177860180232,0.4425123300044383,0.19030980981532974
market_control::kw::5a031384fe645f0001e9ea24,5a031384fe645f0001e9ea24,market_control,kw,1,1,kw_market,1,10.0,0.1666666666666666,"A small discound is ok, some of the previous suggested discounts were too high",Self-interest,3,0.09761039138040997,-0.330612001942881,2,0.48291992406152123,0.4049007977763166,0.11217927816216215
market_control::kw::5a0f2b13f2e3460001edbbcf,5a0f2b13f2e3460001edbbcf,market_control,kw,1,1,kw_market,2,12.0,0.0,It's best that the person selling the data doesn't lose out on money.,Moral,1,-0.4178158982046769,-0.31898142671134205,1,0.5750410511935073,0.2907712343322917,0.13418771447420091
market_control::kw::5a219133b4665b00011fd87a,5a219133b4665b00011fd87a,market_control,kw,1,1,kw_market,1,11.0,0.0833333333333333,I want to maximize the most money and benefit by paying the lowest price for selling my data to researchers,Self-interest,3,0.8979342125466696,-0.2215651947627225,1,0.3227361886628851,0.5927980305073176,0.08446578082979733
market_control::kw::5a21f3731a1ad3000138f901,5a21f3731a1ad3000138f901,market_control,kw,1,1,kw_market,2,6.0,0.5,"In typical retail, the final seller will double their cost, so, knowing they are selling for $12, they wouldn't want to pay more than 50 percent of that price, so that's what I figure I need to be at to make the deal.",Mutual Benefit / Cooperation,2,0.1460820662042363,1.888418765903418,4,0.254314847407439,0.23174546075685387,0.5139396918357072
market_control::kw::5a5a6318ac5624000153e365,5a5a6318ac5624000153e365,market_control,kw,1,1,kw_market,2,10.0,0.1666666666666666,"The quality of my data is worth a high premium, to help push through the sale I am willing to drop the price by $2 to give my broker some commission but feel I deserve the difference.",Self-interest,3,0.1460820662042363,1.888418765903418,4,0.254314847407439,0.23174546075685387,0.5139396918357072
market_control::kw::5a6ce61e9d65ec00017e9618,5a6ce61e9d65ec00017e9618,market_control,kw,1,1,kw_market,1,11.5,0.0416666666666666,"It gives the broker a profit, but i still get paid a fair price as the provider of the commodity",Moral,1,-0.5231067994537322,1.4281733135443822,1,0.3640808381633569,0.1701590997179791,0.46576006211866405
market_control::kw::5a775b638fe2dc00010579b2,5a775b638fe2dc00010579b2,market_control,kw,1,1,kw_market,2,6.0,0.5,prepared to tak half the value so the other person get at least the same,Moral,1,-0.8911131209805151,-0.46365925385732093,2,0.6587086387204919,0.20874951692272772,0.13254184435678032
market_control::kw::5a847fd2aa46dd00016ba03c,5a847fd2aa46dd00016ba03c,market_control,kw,1,1,kw_market,2,12.0,0.0,Just felt like I shouldn't have too do anything,No clear justification,0,1.1389780618005145,-0.20101376438630894,2,0.2782293735071587,0.647221412272142,0.07454921422069928
market_control::kw::5a8f05faf49c9a0001f3e4c6,5a8f05faf49c9a0001f3e4c6,market_control,kw,1,1,kw_market,2,4.0,0.6666666666666667,A good discount but still enough to make money,Mutual Benefit / Cooperation,2,-0.2229357243047383,-0.5687672838876157,3,0.5574172437024081,0.34072368165761013,0.1018590746399817
market_control::kw::5a94d24fb5e2110001c689b5,5a94d24fb5e2110001c689b5,market_control,kw,1,1,kw_market,1,9.0,0.25,I have to pay $12 for the data. I need to make some profit.,Self-interest,3,0.7680560391688322,-0.18368019534120023,1,0.3461139343447936,0.5600017925974536,0.09388427305775271
market_control::kw::5a9bcd3f1eda410001366c55,5a9bcd3f1eda410001366c55,market_control,kw,1,1,kw_market,1,10.5,0.125,A slight change but not too much,No clear justification,0,0.7328598639392642,-0.45321444794166826,3,0.3612899001383408,0.5637365303675335,0.07497356949412562
market_control::kw::5adeeea15f327e0001fb74e1,5adeeea15f327e0001fb74e1,market_control,kw,1,1,kw_market,2,12.0,0.0,"the computer selected the price for the data, assuming the data would have been provided accurately and efficiently it seems fair that the payment would be the same",Moral,1,-0.8282133944450134,-0.548107949827886,2,0.6569314535174614,0.2213876619423268,0.1216808845402118
market_control::kw::5b0b08941e55760001b94b98,5b0b08941e55760001b94b98,market_control,kw,1,1,kw_market,2,10.0,0.1666666666666666,I want to make a profit but in my head the data is going to be used for good so I'm willing to decrease the price slightly.,Mutual Benefit / Cooperation,2,-0.736956226666309,0.6207879044234483,2,0.5109623582043259,0.19070173080415412,0.29833591099152
market_control::kw::5b1d8c8988ee7400012b2730,5b1d8c8988ee7400012b2730,market_control,kw,1,1,kw_market,2,4.0,0.6666666666666667,I chose this price as I'd be winning more at life keeping $8,Self-interest,3,-0.5939620952741725,-0.3059176297759585,1,0.6020038852358618,0.25600077154148065,0.14199534322265756
market_control::kw::5b20c5e04c72120001f25dda,5b20c5e04c72120001f25dda,market_control,kw,1,1,kw_market,1,12.0,0.0,"I believe the data is worth this much. This price is the standard that was put forth and I see no reason to change it. It has not lost value and contains data that remains unchanged, therefore the price should remain.",No clear justification,0,0.8979342125466696,-0.2215651947627225,1,0.3227361886628851,0.5927980305073176,0.08446578082979733
market_control::kw::5b2c0de67297750001c794ab,5b2c0de67297750001c794ab,market_control,kw,1,1,kw_market,1,10.0,0.1666666666666666,I didn't want to adjust it too much for no reason,No clear justification,0,0.4262568136458649,0.8412081134468165,2,0.34340011144482097,0.4026585673864848,0.25394132116869417
market_control::kw::5b7af69d2f3fc30001374190,5b7af69d2f3fc30001374190,market_control,kw,1,1,kw_market,1,6.0,0.5,"I thought this would be the fairest price, because both I and the other person would receive the same amount of money.",Moral,1,-0.4178158982046769,-0.31898142671134205,1,0.5750410511935073,0.2907712343322917,0.13418771447420091
market_control::kw::5b905d5d2f789f00011c4cc2,5b905d5d2f789f00011c4cc2,market_control,kw,1,1,kw_market,2,9.0,0.25,"I found this scenario a little confusing but from my understanding, i reduced the price so that I would still gain something from this, but so would the other party",Mutual Benefit / Cooperation,2,-1.1852415740571156,0.15910548132209507,4,0.6217354182173863,0.1481556820870576,0.2301088996955561
market_control::kw::5baca9c4bf876e000149b586,5baca9c4bf876e000149b586,market_control,kw,1,1,kw_market,2,6.0,0.5,just want to be fair and generous,Moral,1,-1.0567811251449928,-0.6654953703716517,3,0.6976857144305539,0.1874910611637122,0.1148232244057339
market_control::kw::5bb627b7f047e200014ee3bd,5bb627b7f047e200014ee3bd,market_control,kw,1,1,kw_market,2,6.0,0.5,i know the other person gets the difference so it felt fair,Moral,1,-1.2755361907618286,-0.8263823412190779,4,0.7372595162722781,0.1594433700422292,0.1032971136854927
market_control::kw::5bdad3fa0bde32000170745b,5bdad3fa0bde32000170745b,market_control,kw,1,1,kw_market,1,12.0,0.0,I want to be able to maintain the status quo,Self-interest,3,-0.3039108704975144,1.1237345202669324,1,0.39456914367566154,0.22744480621626878,0.3779860501080696
market_control::kw::5be92cf1ba2782000117743e,5be92cf1ba2782000117743e,market_control,kw,1,1,kw_market,1,6.0,0.5,It had a positive association for me in terms of hood deals,Mutual Benefit / Cooperation,2,-0.4442862128923083,1.1527295511527758,1,0.4024307371082821,0.2021756861558619,0.39539357673585596
market_control::kw::5c0595bb1a20110001e9f1e1,5c0595bb1a20110001e9f1e1,market_control,kw,1,1,kw_market,1,10.0,0.1666666666666666,I wanted to give the broker a little bit of a discount but I still wanted to get a good amount of money.,Self-interest,3,-0.9658776963730237,-0.43560286725327807,2,0.6661632234871446,0.19613146081627375,0.13770531569658162
market_control::kw::5c06c226c1a4b2000135f395,5c06c226c1a4b2000135f395,market_control,kw,1,1,kw_market,2,12.0,0.0,"To be honest, I dont understand the reason for the price change, even though it affects the payments for both parties",No clear justification,0,0.5742991243383134,0.8167578153638778,2,0.3248073706343514,0.43992347344366084,0.23526915592198783
market_control::kw::5c0c90e7632102000147c3cc,5c0c90e7632102000147c3cc,market_control,kw,1,1,kw_market,2,12.0,0.0,i need to be paid fairly for my data in world where people just take or take advantage of your data without your consent.,Moral,1,-0.2949951866932477,0.2932161762430428,4,0.49977497964807566,0.28687535347996085,0.21334966687196355
market_control::kw::5c0cb29e1b80df00017843d2,5c0cb29e1b80df00017843d2,market_control,kw,1,1,kw_market,1,12.0,0.0,I did not want to change the price. I wanted the full amount.,Self-interest,3,0.9785446713276007,-0.21431840347950118,1,0.3075388735325705,0.6113055894527064,0.08115553701472313
market_control::kw::5c1a1c6b0bdf8b0001c5928e,5c1a1c6b0bdf8b0001c5928e,market_control,kw,1,1,kw_market,2,10.0,0.1666666666666666,"i think it is a fair price and for everyone to take a share, hopefully to encourage my work to be picked.",Moral,1,0.45989753638001807,0.47754277378184184,4,0.3671778601802319,0.44251233000443835,0.19030980981532963
market_control::kw::5c2df24a2c45d400014a87f5,5c2df24a2c45d400014a87f5,market_control,kw,1,1,kw_market,2,9.5,0.2083333333333333,seems like an ok profit point,Mutual Benefit / Cooperation,2,1.2022912859674815,0.7192297118507233,4,0.24019528965730164,0.5997078888899551,0.16009682145274334
market_control::kw::5c38f43bb594c40001212d39,5c38f43bb594c40001212d39,market_control,kw,1,1,kw_market,1,6.0,0.5,It seems reasonable for a reduction of this amount since it often happens in real lile,No clear justification,0,0.09761039138040997,-0.330612001942881,2,0.48291992406152123,0.4049007977763166,0.11217927816216215
market_control::kw::5c477c3b302d8a0001c52ee2,5c477c3b302d8a0001c52ee2,market_control,kw,1,1,kw_market,2,8.5,0.2916666666666666,To share with the stranger,Moral,1,0.9909272381431924,-0.49705025404166203,4,0.31173264721138616,0.6261357443861264,0.062131608402487486
market_control::kw::5c509487172b6c0001779b34,5c509487172b6c0001779b34,market_control,kw,1,1,kw_market,1,7.0,0.4166666666666666,It felt naturally right,Moral,1,0.7680560391688322,-0.18368019534120023,1,0.3461139343447936,0.5600017925974536,0.09388427305775271
market_control::kw::5c578b57e66e510001eec4c6,5c578b57e66e510001eec4c6,market_control,kw,1,1,kw_market,1,12.0,0.0,"because I thought that if I gave money away, I might not get a bonus from this study",Self-interest,3,0.27875768824383884,-0.4319917306103894,2,0.45225674636594093,0.4524798017976383,0.09526345183642074
market_control::kw::5c608e91001e34000145185a,5c608e91001e34000145185a,market_control,kw,1,1,kw_market,2,0.0,1.0,I wanted to maximise my possible return on this.,Mutual Benefit / Cooperation,2,-1.1516879379888414,-0.6661516537129824,3,0.7097195890040701,0.17364584373225572,0.11663456726367419
market_control::kw::5c6df5298c5fd30001b83926,5c6df5298c5fd30001b83926,market_control,kw,1,1,kw_market,1,12.0,0.0,I think the buyer should initially pay full price and with loyalty and custom will be entitled to discounted prices,Self-interest,3,-0.3039108704975144,1.1237345202669324,1,0.39456914367566154,0.22744480621626878,0.3779860501080696
market_control::kw::5c7075f618126000010d4c97,5c7075f618126000010d4c97,market_control,kw,1,1,kw_market,1,8.0,0.3333333333333333,The price i chose seems to be a fair and usually change in any product,Moral,1,-0.5231067994537322,1.4281733135443822,1,0.3640808381633569,0.1701590997179791,0.46576006211866405
market_control::kw::5c753cfc25c76b00017068ab,5c753cfc25c76b00017068ab,market_control,kw,1,1,kw_market,2,12.0,0.0,I wanted the price left alone,No clear justification,0,1.2022912859674815,0.7192297118507233,4,0.24019528965730164,0.5997078888899551,0.16009682145274334
market_control::kw::5c8c22bafeeaeb0016207a00,5c8c22bafeeaeb0016207a00,market_control,kw,1,1,kw_market,2,0.0,1.0,I do all the work so I deserve all the payment,Moral,1,-0.29499518669324754,0.2932161762430431,4,0.49977497964807555,0.28687535347996085,0.21334966687196358
market_control::kw::5c8d4db8c6eef00001bd2510,5c8d4db8c6eef00001bd2510,market_control,kw,1,1,kw_market,2,12.0,0.0,"Because I didn't deserve to lose any money, particularly when the broker is already getting 12 dollars just for selling it on.",Self-interest,3,-0.736956226666309,0.6207879044234483,2,0.5109623582043259,0.19070173080415412,0.29833591099152
market_control::kw::5c90bb590d21a20017ec455d,5c90bb590d21a20017ec455d,market_control,kw,1,1,kw_market,1,6.0,0.5,I have more chance of selling the data,Mutual Benefit / Cooperation,2,0.9909272381431924,-0.49705025404166203,4,0.31173264721138616,0.6261357443861264,0.062131608402487486
market_control::kw::5c93fa19104ec70017bfa894,5c93fa19104ec70017bfa894,market_control,kw,1,1,kw_market,1,12.0,0.0,I think my data is worth more than 12 but if I have to accept this as a minimum then its a start,Self-interest,3,-0.17909143414961723,-0.5522229036773982,3,0.5482281492503002,0.34988096947154096,0.10189088127815893
market_control::kw::5c9d137bc00f5a0001f981ef,5c9d137bc00f5a0001f981ef,market_control,kw,1,1,kw_market,1,10.0,0.1666666666666666,"The broker sells the data for $12, therefore they need to have some money as profit otherwise they gain nothing from the deal. As it is my data and I have done most of the work, I choose to retain the majority of the profit, with a small profit for the broker. If the broker has many clients each providing a small profit, the accumulation of profits will make this a worthy investment for the broker.",Mutual Benefit / Cooperation,2,1.2595033824286033,-0.28793316908988925,2,0.25888395597924246,0.6773974719005966,0.06371857212016088
market_control::kw::5cab3a6f797d90001402fd4d,5cab3a6f797d90001402fd4d,market_control,kw,1,1,kw_market,1,8.0,0.3333333333333333,Consider the resource and effort needed to gather the survey data is more than the selling of the data set by the broker. Yet understanding that by the broker handling that aspect allows me to focus on the core activity,Mutual Benefit / Cooperation,2,-0.10666945812341293,1.1183201022643972,4,0.3764504111613921,0.26333887891965513,0.3602107099189529
market_control::kw::5cbe1e098f939c0015c0b9d8,5cbe1e098f939c0015c0b9d8,market_control,kw,1,1,kw_market,2,12.0,0.0,"i dont owe this 'other person' anything, nor have i been offered any legitimate reason or explanation as to why i should willingly reduce my potential earnings",Self-interest,3,0.25299555234396065,-0.3493743213950902,2,0.45358499011593933,0.4427618924834531,0.1036531174006075
market_control::kw::5ccb343fcdcf0f0001ba779e,5ccb343fcdcf0f0001ba779e,market_control,kw,1,1,kw_market,2,0.0,1.0,whats the point of minus or 0,No clear justification,0,-1.2755361907618286,-0.8263823412190779,4,0.7372595162722781,0.1594433700422292,0.1032971136854927
market_control::kw::5cd9712d725bb3000128f2bd,5cd9712d725bb3000128f2bd,market_control,kw,1,1,kw_market,2,7.0,0.4166666666666666,Just a little more than a good deal,Moral,1,-0.8282133944450134,-0.548107949827886,2,0.6569314535174614,0.2213876619423268,0.1216808845402118
market_control::kw::5ce031fc7f65ee001a985a6b,5ce031fc7f65ee001a985a6b,market_control,kw,1,1,kw_market,2,3.0,0.75,as i want to be fair,Moral,1,-1.043722508072386,-0.7498131096581379,3,0.7024873897499742,0.19114082377167665,0.1063717864783492
market_control::kw::5ceafa32a20e6000160c5e74,5ceafa32a20e6000160c5e74,market_control,kw,1,1,kw_market,2,6.0,0.5,the same as the last one - we are doing the same job so should be paid the same,Moral,1,-0.4236297631347847,-0.7421646600853435,4,0.6042751173004051,0.30295375690012255,0.09277112579947239
market_control::kw::5cf510ccb0bafb00161ffd56,5cf510ccb0bafb00161ffd56,market_control,kw,1,1,kw_market,2,12.0,0.0,because no one's done anything wrong to me for me to decrease it,Moral,1,0.749364798463913,-0.5076642495405136,3,0.3594673449360979,0.5698486685271612,0.07068398653674092
market_control::kw::5d04134bbdeaa5001865e8a3,5d04134bbdeaa5001865e8a3,market_control,kw,1,1,kw_market,2,12.0,0.0,I don’t think it needed changing I thought it was best to be kept the same,No clear justification,0,-0.8282133944450134,-0.548107949827886,2,0.6569314535174614,0.2213876619423268,0.1216808845402118
market_control::kw::5d0b7d3a1c9a4e001a11dd19,5d0b7d3a1c9a4e001a11dd19,market_control,kw,1,1,kw_market,2,12.0,0.0,I did not want to make any changes.,No clear justification,0,1.407696333728675,-0.3049628785587404,2,0.23428421648079784,0.7089278853157123,0.056787898203489916
market_control::kw::5d13d6a2d4888600182efdd6,5d13d6a2d4888600182efdd6,market_control,kw,1,1,kw_market,1,2.0,0.8333333333333334,I like the number 10,No clear justification,0,0.7232529740272283,-0.0881228841443154,1,0.3511572520887027,0.5442014433946121,0.10464130451668531
market_control::kw::5d16d17119d2ed0015e21360,5d16d17119d2ed0015e21360,market_control,kw,1,1,kw_market,2,6.0,0.5,I feel it is only fair to split the profit evenly with the broker.,Moral,1,0.25299555234396065,-0.3493743213950902,2,0.45358499011593933,0.4427618924834531,0.1036531174006075
market_control::kw::5d332ea34007ad00199c3713,5d332ea34007ad00199c3713,market_control,kw,1,1,kw_market,1,12.0,0.0,Because I did not want to decrease the money,Self-interest,3,0.9909272381431924,-0.49705025404166203,4,0.31173264721138616,0.6261357443861264,0.062131608402487486
market_control::kw::5d421d6e6247ef001900bdf9,5d421d6e6247ef001900bdf9,market_control,kw,1,1,kw_market,2,4.0,0.6666666666666667,I felt this was a fair deal.,Moral,1,-1.2755361907618286,-0.8263823412190779,4,0.7372595162722781,0.1594433700422292,0.1032971136854927
market_control::kw::5d4acbc3cfe6e90001ad87c9,5d4acbc3cfe6e90001ad87c9,market_control,kw,1,1,kw_market,2,12.0,0.0,I didn't feel a need to reduce the price,No clear justification,0,-0.22293572430473838,-0.5687672838876153,3,0.5574172437024081,0.34072368165761013,0.10185907463998173
market_control::kw::5d5035c5d87393001af70561,5d5035c5d87393001af70561,market_control,kw,1,1,kw_market,2,12.0,0.0,"If I am doing a fair job, I should be paid a fair price and not have to discount it.",Moral,1,0.8979342125466696,-0.2215651947627225,1,0.3227361886628851,0.5927980305073176,0.08446578082979733
market_control::kw::5d51ad87e02e5500182bb86e,5d51ad87e02e5500182bb86e,market_control,kw,1,1,kw_market,2,11.0,0.0833333333333333,only slightly reduced,No clear justification,0,-0.4820952897411686,-0.3416584925829943,1,0.5873362586209776,0.2787482843859977,0.13391545699302473
market_control::kw::5d52a800c42ad6001a1f6482,5d52a800c42ad6001a1f6482,market_control,kw,1,1,kw_market,2,10.0,0.1666666666666666,I think it would be a fair reward for the work done,Moral,1,1.1389780618005145,-0.20101376438630894,2,0.2782293735071587,0.647221412272142,0.07454921422069928
market_control::kw::5d53326a70729700015efb69,5d53326a70729700015efb69,market_control,kw,1,1,kw_market,1,8.0,0.3333333333333333,No real strategic thinking behind this.,No clear justification,0,0.426256813645865,0.8412081134468166,2,0.3434001114448209,0.40265856738648487,0.2539413211686942
market_control::kw::5d55fbf180b951001ac49201,5d55fbf180b951001ac49201,market_control,kw,1,1,kw_market,1,12.0,0.0,Because I didn't want to take money away from someone,Moral,1,-0.5939620952741725,-0.3059176297759585,1,0.6020038852358618,0.25600077154148065,0.14199534322265756
market_control::kw::5d56e5c7844d0e0016eccc25,5d56e5c7844d0e0016eccc25,market_control,kw,1,1,kw_market,2,12.0,0.0,I don't think I should charge any less for my data.,Self-interest,3,-0.9591109714880579,0.42714934924558057,3,0.561472459675865,0.16784744298866755,0.27068009733546744
market_control::kw::5d697ea28572fc000126b779,5d697ea28572fc000126b779,market_control,kw,1,1,kw_market,2,6.0,0.5,I want to be fair in the transaction.,Moral,1,-0.8911131209805151,-0.46365925385732093,2,0.6587086387204919,0.20874951692272772,0.13254184435678032
market_control::kw::5d6e5462c5a2e300169b687e,5d6e5462c5a2e300169b687e,market_control,kw,1,1,kw_market,2,10.5,0.125,I did not want to reduce the price by too much.,Self-interest,3,-0.3485814179775846,1.0927159215277933,1,0.4031918601278195,0.22230268106306786,0.3745054588091127
market_control::kw::5d7047d764b37b0017ffa710,5d7047d764b37b0017ffa710,market_control,kw,1,1,kw_market,2,10.0,0.1666666666666666,"I want to be more fair, but I don't believe the other participant would have been fair.",Self-interest,3,-0.4236297631347847,-0.7421646600853435,4,0.6042751173004051,0.30295375690012255,0.09277112579947239
market_control::kw::5d70dd0b28805f001aaf9a94,5d70dd0b28805f001aaf9a94,market_control,kw,1,1,kw_market,2,6.0,0.5,Between 2 people this is fair and each has 6,Moral,1,-1.2755361907618286,-0.8263823412190779,4,0.7372595162722781,0.1594433700422292,0.1032971136854927
market_control::kw::5d72263be0c76e001b132794,5d72263be0c76e001b132794,market_control,kw,1,1,kw_market,1,6.0,0.5,If I understood the task correctly this would mean that each of us would receive the same amount if selected. Seemed fair.,Moral,1,0.4168472469056266,1.010196629154664,2,0.32927218170675615,0.38369175307525444,0.28703606521798947
market_control::kw::5d75555c99bf5b0018864ed3,5d75555c99bf5b0018864ed3,market_control,kw,1,1,kw_market,1,12.0,0.0,"My understanding is that if I reduce the price, the other participant will get no bonus payment, and I shall. If that is correct, I deem it unfair - since I can't raise the price to ensure they get a share, I'm certainly not going to lower it.",Moral,1,-0.6299919164681198,-0.1569794490908893,1,0.5938281912698029,0.24402972373917484,0.16214208499102228
market_control::kw::5d791ec483d5a400018d8629,5d791ec483d5a400018d8629,market_control,kw,1,1,kw_market,1,12.0,0.0,I want the maximum reward,Self-interest,3,-0.2949951866932475,0.2932161762430434,4,0.4997749796480755,0.28687535347996085,0.2133496668719636
market_control::kw::5d7fd2a5987f70001602d95b,5d7fd2a5987f70001602d95b,market_control,kw,1,1,kw_market,1,8.0,0.3333333333333333,I wanted to (my goal was) offer what I believe could be a fair price for my data and give the broker some flexibility as well!,Moral,1,0.9785446713276007,-0.21431840347950118,1,0.3075388735325705,0.6113055894527064,0.08115553701472313
market_control::kw::5d820503d2ef9c0001a3f0da,5d820503d2ef9c0001a3f0da,market_control,kw,1,1,kw_market,2,12.0,0.0,Because if I've done the work then I should be compensated for my work fairly and the true value known.,Moral,1,-0.10173882954887792,-0.5751415481058965,3,0.5346763577127431,0.36808589364354605,0.09723774864371089
market_control::kw::5d8a3031baf792001640a637,5d8a3031baf792001640a637,market_control,kw,1,1,kw_market,1,11.5,0.0416666666666666,So that the broker still makes a profit but I still get a high price for my data.,Mutual Benefit / Cooperation,2,-0.4820952897411686,-0.3416584925829943,1,0.5873362586209776,0.2787482843859977,0.13391545699302473
market_control::kw::5d95d2bbd84e9e001607bfea,5d95d2bbd84e9e001607bfea,market_control,kw,1,1,kw_market,1,12.0,0.0,The only one not resulting in a loss,Self-interest,3,1.7737481743571708,-0.337949527659812,4,0.17948103027042048,0.7782736516925519,0.0422453180370276
market_control::kw::5da09f733c3367001a72dec6,5da09f733c3367001a72dec6,market_control,kw,1,1,kw_market,1,11.0,0.0833333333333333,I believe I deserve as much of that money as possible,Self-interest,3,-0.8282133944450134,-0.548107949827886,2,0.6569314535174614,0.2213876619423268,0.1216808845402118
market_control::kw::5da18dd5f362630015ee5f72,5da18dd5f362630015ee5f72,market_control,kw,1,1,kw_market,1,7.0,0.4166666666666666,i think it is a fair price,Moral,1,-0.17909143414961723,-0.5522229036773982,3,0.5482281492503002,0.34988096947154096,0.10189088127815893
market_control::kw::5da78f61a60c0d0017d6ed89,5da78f61a60c0d0017d6ed89,market_control,kw,1,1,kw_market,2,6.0,0.5,I thought a medium loss was more reasonable rather than a higher one,Self-interest,3,0.14608206620423608,1.8884187659034177,4,0.25431484740743904,0.23174546075685382,0.5139396918357072
market_control::kw::5dad865e32175a0014451b20,5dad865e32175a0014451b20,market_control,kw,1,1,kw_market,1,10.5,0.125,"It returns value to me, who did the hard work, while leaving a reasonable margin for the broker, who didn't.",Self-interest,3,0.5742991243383134,0.8167578153638778,2,0.3248073706343514,0.43992347344366084,0.23526915592198783
market_control::kw::5dadbc8a7ac8810019838e8f,5dadbc8a7ac8810019838e8f,market_control,kw,1,1,kw_market,2,12.0,0.0,"Since the broker receives a profit for selling my data, I thought that because the data belongs to me and its allocated value was $12, keeping the value as it is and not providing a discount would be the best decision because the subsequent profits would not benefit me, only the broker. Although they provide an invaluable service, allowing them to earn a profit based on my own materials (data) does not seem to be in my best financial interests,",Self-interest,3,0.2186367539700153,-0.44697842608572913,2,0.46499623044831656,0.4385800593998661,0.09642371015181735
market_control::kw::5db01e642282410011fc7f17,5db01e642282410011fc7f17,market_control,kw,1,1,kw_market,1,4.0,0.6666666666666667,I felt -8 was a moderate amount to lower the price so felt acceptable.,No clear justification,0,-0.6299919164681198,-0.1569794490908893,1,0.5938281912698029,0.24402972373917484,0.16214208499102228
market_control::kw::5db77b2f181176000b66533c,5db77b2f181176000b66533c,market_control,kw,1,1,kw_market,1,10.0,0.1666666666666666,I want as much money as I can for the data whilst offering a small incentive.,Self-interest,3,0.4168472469056265,1.0101966291546642,2,0.3292721817067561,0.3836917530752544,0.28703606521798947
market_control::kw::5dbb9407e0a6e81863526af7,5dbb9407e0a6e81863526af7,market_control,kw,1,1,kw_market,2,8.0,0.3333333333333333,"I went with $8 so I’m paid fairly while the broker still keeps $4 from the $12. It feels balanced: neither super generous nor overly tight. Honestly, that split just makes sense to me.",Moral,1,-1.043722508072386,-0.7498131096581379,3,0.7024873897499742,0.19114082377167665,0.1063717864783492
market_control::kw::5de7ca192294f172c699b7dc,5de7ca192294f172c699b7dc,market_control,kw,1,1,kw_market,2,12.0,0.0,I don't want the amount to change.,Self-interest,3,0.9909272381431925,-0.49705025404166203,4,0.31173264721138616,0.6261357443861264,0.062131608402487486
market_control::kw::5e0629a51d46070022c94ac9,5e0629a51d46070022c94ac9,market_control,kw,1,1,kw_market,1,7.0,0.4166666666666666,"I would like to make a profit, but didn't want too much. I like to be fair.",Moral,1,0.9909272381431924,-0.49705025404166203,4,0.31173264721138616,0.6261357443861264,0.062131608402487486
market_control::kw::5e1cf0eb65b6d3071f489de9,5e1cf0eb65b6d3071f489de9,market_control,kw,1,1,kw_market,1,9.0,0.25,wanted to mazimise profit for self whilst also ensuring broker would still buy the data as they need to beable to make some profit margin on it,Mutual Benefit / Cooperation,2,0.9785446713276007,-0.21431840347950118,1,0.3075388735325705,0.6113055894527064,0.08115553701472313
market_control::kw::5e22fce6db62ba5aec3e53b1,5e22fce6db62ba5aec3e53b1,market_control,kw,1,1,kw_market,2,0.5,0.9583333333333334,It made sense to me to do it,No clear justification,0,-0.6299919164681198,-0.1569794490908893,1,0.5938281912698029,0.24402972373917484,0.16214208499102228
market_control::kw::5e28b99e1aacba092acd8cbd,5e28b99e1aacba092acd8cbd,market_control,kw,1,1,kw_market,1,12.0,0.0,unsure to be honest i dont understand what Im doing,No clear justification,0,-0.8719469655654314,-0.5698017106665189,2,0.6649177193452025,0.21458716473507733,0.12049511591972022
market_control::kw::5e42c26bcea1861491e28258,5e42c26bcea1861491e28258,market_control,kw,1,1,kw_market,2,12.0,0.0,I want every penny that I am entitled too,Self-interest,3,0.6029202946487027,-0.44064000120475527,3,0.3870212514712637,0.5317956104413858,0.08118313808735049
market_control::kw::5e52b65a6c3d7d2bf47c7cab,5e52b65a6c3d7d2bf47c7cab,market_control,kw,1,1,kw_market,2,8.0,0.3333333333333333,No particular reason.,No clear justification,0,-1.043722508072386,-0.7498131096581379,3,0.7024873897499742,0.19114082377167665,0.1063717864783492
market_control::kw::5e532bad158f1d33b3473072,5e532bad158f1d33b3473072,market_control,kw,1,1,kw_market,1,4.0,0.6666666666666667,I went with a street idea and I was generous. Middleman gets 1/3 and that's a win win to me.,Moral,1,-0.6299919164681198,-0.1569794490908893,1,0.5938281912698029,0.24402972373917484,0.16214208499102228
market_control::kw::5e57d38b533eec1818078f0b,5e57d38b533eec1818078f0b,market_control,kw,1,1,kw_market,1,10.5,0.125,no difference really,No clear justification,0,-0.02738281241373516,0.6167111284477519,3,0.42769103037168654,0.3206080606777029,0.2517009089506106
market_control::kw::5e64a02eb7d70b20f250b129,5e64a02eb7d70b20f250b129,market_control,kw,1,1,kw_market,2,11.0,0.0833333333333333,"I need the money, so I decided to only decrease it by a small amount. If chosen I'd like to win as much as I can.",Self-interest,3,1.5366254925818383,-0.283462189127118,3,0.2135461055421104,0.7335038904650879,0.05295000399280172
market_control::kw::5e64da5ac34e832466061bf8,5e64da5ac34e832466061bf8,market_control,kw,1,1,kw_market,1,10.0,0.1666666666666666,A slight discount seems fair without gouging the price too much,Moral,1,0.8979342125466696,-0.2215651947627225,1,0.3227361886628851,0.5927980305073176,0.08446578082979733
market_control::kw::5e83425144753905a3a17ad8,5e83425144753905a3a17ad8,market_control,kw,1,1,kw_market,1,9.0,0.25,"having reasonable base price so broker has 'haggle room' and ability to gain profit too, so better than not selling anything if negotiation is needed",Mutual Benefit / Cooperation,2,0.1460820662042363,1.888418765903418,4,0.254314847407439,0.23174546075685387,0.5139396918357072
market_control::kw::5e90d908621d9b40667fc3d5,5e90d908621d9b40667fc3d5,market_control,kw,1,1,kw_market,1,2.0,0.8333333333333334,I did not want to reduce the price by too much I thought that $2 was a reasonable amount,Moral,1,0.04614262464923319,0.5818074442329818,3,0.42109424536210643,0.33906415372270005,0.2398416009151935
market_control::kw::5e9b1378b0f218000c570018,5e9b1378b0f218000c570018,market_control,kw,1,1,kw_market,1,12.0,0.0,I believe that I'm worthy of the investment and to stick to my guns,Self-interest,3,1.2022912859674815,0.7192297118507233,4,0.24019528965730164,0.5997078888899551,0.16009682145274334
market_control::kw::5e9b85a506abba08c1bf0ae8,5e9b85a506abba08c1bf0ae8,market_control,kw,1,1,kw_market,1,5.0,0.5833333333333333,Because it is a fair price and just above half price. I'd accept this amount.,Moral,1,0.7232529740272283,-0.0881228841443154,1,0.3511572520887027,0.5442014433946121,0.10464130451668531
market_control::kw::5e9f897c20320b000b1cc4cb,5e9f897c20320b000b1cc4cb,market_control,kw,1,1,kw_market,2,12.0,0.0,I do not feel the need to take money away,Moral,1,-0.10173882954887792,-0.5751415481058965,3,0.5346763577127431,0.36808589364354605,0.09723774864371089
market_control::kw::5e9fefeb0ccdc51a4ad7632e,5e9fefeb0ccdc51a4ad7632e,market_control,kw,1,1,kw_market,2,9.0,0.25,This is a cautious move in order to safeguard myself,Self-interest,3,-0.2949951866932475,0.2932161762430434,4,0.4997749796480755,0.28687535347996085,0.2133496668719636
market_control::kw::5ea06914c2b73202ae7a3f29,5ea06914c2b73202ae7a3f29,market_control,kw,1,1,kw_market,2,9.5,0.2083333333333333,I believe it would reduce the time for debate and give me a reasonable return. There are many people out there who could provide data so it's not worth the hassle and makes a tempting offer for the buyer. Any pushing it goes up,Mutual Benefit / Cooperation,2,-0.7741294111051655,1.1544989793370228,3,0.42706770271126715,0.15500884209912658,0.4179234551896063
market_control::kw::5ea0b332440c6a0a2b78b2df,5ea0b332440c6a0a2b78b2df,market_control,kw,1,1,kw_market,2,9.5,0.2083333333333333,I decided that in theory it was me doing all of the work to produce the data and that a figure of $2.50 represented a reasonable margin for the selling intermediary to be paid,Moral,1,1.2349796847955923,-0.23321870766626215,2,0.26211962710161724,0.6697797971035736,0.06810057579480921
market_control::kw::5ea0c2ecb8640c0c0b56bc46,5ea0c2ecb8640c0c0b56bc46,market_control,kw,1,1,kw_market,1,1.0,0.9166666666666666,That seems fair to me,Moral,1,0.2186367539700153,-0.44697842608572913,2,0.46499623044831656,0.4385800593998661,0.09642371015181735
market_control::kw::5ea18fee43087803c739ccef,5ea18fee43087803c739ccef,market_control,kw,1,1,kw_market,2,12.0,0.0,think it presents the fairest option,Moral,1,-1.2755361907618286,-0.8263823412190779,4,0.7372595162722781,0.1594433700422292,0.1032971136854927
market_control::kw::5ea25b82a46065174c689daa,5ea25b82a46065174c689daa,market_control,kw,1,1,kw_market,2,12.0,0.0,i think it was a fair price,Moral,1,0.29258724139998127,-0.6322539097403327,4,0.45754031344006385,0.4634275053651886,0.07903218119474753
market_control::kw::5ea3f7021782d23892358af1,5ea3f7021782d23892358af1,market_control,kw,1,1,kw_market,1,12.0,0.0,"That was the least I could reduce it by, I didn't want to reduce it at all and would have liked to put the price up so we could both benefit but I wasn't given that option.",Mutual Benefit / Cooperation,2,0.28176043852724647,1.0458600563416023,2,0.34228471422590934,0.34976253363821586,0.3079527521358748
market_control::kw::5ea9cc9195f36c126a27d0a7,5ea9cc9195f36c126a27d0a7,market_control,kw,1,1,kw_market,2,12.0,0.0,I don't think we need to reduce the price of something in this situation. We should both receive the same.,Moral,1,0.4168472469056266,1.010196629154664,2,0.32927218170675615,0.38369175307525444,0.28703606521798947
market_control::kw::5eb326b506340e120aa20780,5eb326b506340e120aa20780,market_control,kw,1,1,kw_market,1,8.0,0.3333333333333333,It gives an attractive discount but not one that would lose too much money,Mutual Benefit / Cooperation,2,0.7680560391688322,-0.18368019534120023,1,0.3461139343447936,0.5600017925974536,0.09388427305775271
market_control::kw::5eb517998224d338dd4e7ca4,5eb517998224d338dd4e7ca4,market_control,kw,1,1,kw_market,2,12.0,0.0,I don't feel emotionally involved in this transaction so I am happy to charge more.,Self-interest,3,-0.620517142517343,0.6136413142586782,2,0.500154578033524,0.20934492022871157,0.2905005017377644
market_control::kw::5eb5f6d5e38e9f4e6c8dde3f,5eb5f6d5e38e9f4e6c8dde3f,market_control,kw,1,1,kw_market,2,5.5,0.5416666666666667,I wanted to offer a discount to the product without losing too much money.,Self-interest,3,-0.8719469655654314,-0.5698017106665189,2,0.6649177193452025,0.21458716473507733,0.12049511591972022
market_control::kw::5eba1056248e4a00088cd9da,5eba1056248e4a00088cd9da,market_control,kw,1,1,kw_market,2,3.0,0.75,I want to save money,Self-interest,3,-1.119727452540171,-0.6454109161641152,3,0.7040554965238398,0.1778121198587273,0.11813238361743288
market_control::kw::5ebaa6dd28b52b000c94b78c,5ebaa6dd28b52b000c94b78c,market_control,kw,1,1,kw_market,2,11.5,0.0416666666666666,"I was slightly confused by this, but effectively wanted to keep the value of my money and pay the broker as little as possible.",Self-interest,3,0.20832437869741954,1.575980120428409,3,0.28893110316995274,0.2778228036118616,0.43324609321818575
market_control::kw::5ec566d96750985448f14950,5ec566d96750985448f14950,market_control,kw,1,1,kw_market,1,10.0,0.1666666666666666,i honestly picked it completely at random,No clear justification,0,1.1389780618005145,-0.20101376438630894,2,0.2782293735071587,0.647221412272142,0.07454921422069928
market_control::kw::5ee53385acfd3415744ceae7,5ee53385acfd3415744ceae7,market_control,kw,1,1,kw_market,2,12.0,0.0,I wouldn't want to give the other person any less even though I don't benefit,Moral,1,-0.22293572430473838,-0.5687672838876153,3,0.5574172437024081,0.34072368165761013,0.10185907463998173
market_control::kw::5efa66c030577f1782e0311a,5efa66c030577f1782e0311a,market_control,kw,1,1,kw_market,2,12.0,0.0,I don't want to change the price of the data as I don't feel that it's worth it for me.,Self-interest,3,0.3299358893684758,1.3920592819075706,3,0.29954837792046884,0.3230935654157226,0.3773580566638086
market_control::kw::5f061f46dc944614ea1be5b9,5f061f46dc944614ea1be5b9,market_control,kw,1,1,kw_market,2,9.5,0.2083333333333333,I don't see a reason to reward a computer with money.,Self-interest,3,-1.0567811251449928,-0.6654953703716517,3,0.6976857144305539,0.1874910611637122,0.1148232244057339
market_control::kw::5f119d6034b87902fdd7d772,5f119d6034b87902fdd7d772,market_control,kw,1,1,kw_market,2,4.0,0.6666666666666667,"I think I would of put more work in to obtain the data so deserve more money, the broker is just reselling it and is still making some money.",Moral,1,-0.4236297631347847,-0.7421646600853435,4,0.6042751173004051,0.30295375690012255,0.09277112579947239
market_control::kw::5f146f8b9a35f72602d03ddc,5f146f8b9a35f72602d03ddc,market_control,kw,1,1,kw_market,1,12.0,0.0,I chose this price because it will hopefully reflect the biggest bonus,Mutual Benefit / Cooperation,2,-0.4236297631347847,-0.7421646600853435,4,0.6042751173004051,0.30295375690012255,0.09277112579947239
market_control::kw::5f155b98b1393b000d6bf745,5f155b98b1393b000d6bf745,market_control,kw,1,1,kw_market,1,12.0,0.0,I answered this as I would not like to be the person who has made a change that would effect someone else,Moral,1,0.7680560391688322,-0.18368019534120023,1,0.3461139343447936,0.5600017925974536,0.09388427305775271
market_control::kw::5f15672bb9e53c000b59d81b,5f15672bb9e53c000b59d81b,market_control,kw,1,1,kw_market,1,8.0,0.3333333333333333,I am a little confused but I believe this means I will make a significant amount of money.,Mutual Benefit / Cooperation,2,1.7737481743571708,-0.337949527659812,4,0.17948103027042048,0.7782736516925519,0.0422453180370276
market_control::kw::5f16b54f545875491515958b,5f16b54f545875491515958b,market_control,kw,1,1,kw_market,2,6.0,0.5,Always share 50/50 it's fair,Moral,1,0.37876968601663263,-0.4573736357501748,2,0.4331020509847362,0.4778139092824259,0.08908403973283792
market_control::kw::5f1daf67e539fb6e9a42f300,5f1daf67e539fb6e9a42f300,market_control,kw,1,1,kw_market,2,12.0,0.0,"I don't see why a data broker should get anything, it was my hard work which produced the data.",Self-interest,3,1.6213842349797534,-0.34161777036655344,3,0.20134688072051682,0.7514974283805849,0.04715569089889828
market_control::kw::5f2042752276432e3a7ef104,5f2042752276432e3a7ef104,market_control,kw,1,1,kw_market,2,12.0,0.0,I felt like it was a good opportunity to make decent fast money and since it was randomly selected maybe it was meant to be,Mutual Benefit / Cooperation,2,0.09761039138041001,-0.3306120019428812,2,0.48291992406152123,0.4049007977763166,0.11217927816216214
market_control::kw::5f3d63427c561a0f0d0cb09c,5f3d63427c561a0f0d0cb09c,market_control,kw,1,1,kw_market,1,6.0,0.5,i feel this will give me and the broker a good return and this was the fairst way to choose,Mutual Benefit / Cooperation,2,0.2529955523439606,-0.3493743213950902,2,0.45358499011593933,0.4427618924834531,0.10365311740060748
market_control::kw::5f450738ab827a05e739ef40,5f450738ab827a05e739ef40,market_control,kw,1,1,kw_market,2,12.0,0.0,I want max price for the data,Self-interest,3,-0.4178158982046769,-0.31898142671134205,1,0.5750410511935073,0.2907712343322917,0.13418771447420091
market_control::kw::5f485c765324cf1ed7d564cd,5f485c765324cf1ed7d564cd,market_control,kw,1,1,kw_market,2,12.0,0.0,That is what it is worth,No clear justification,0,-0.10173882954887797,-0.5751415481058963,3,0.5346763577127431,0.36808589364354605,0.0972377486437109
market_control::kw::5f4f9bc1f7598f06b2dc816f,5f4f9bc1f7598f06b2dc816f,market_control,kw,1,1,kw_market,2,12.0,0.0,The person is getting $12 for my data.,No clear justification,0,-1.2755361907618286,-0.8263823412190779,4,0.7372595162722781,0.1594433700422292,0.1032971136854927
market_control::kw::5f63f7b97652ac171be54075,5f63f7b97652ac171be54075,market_control,kw,1,1,kw_market,2,12.0,0.0,I'd like to make as much money as possible and don't have information on the buyer.,Self-interest,3,0.21863675397001547,-0.4469784260857285,2,0.4649962304483165,0.43858005939986616,0.09642371015181739
market_control::kw::5f6e76757befe43b22307387,5f6e76757befe43b22307387,market_control,kw,1,1,kw_market,1,9.0,0.25,"I wanted to give a bit - but you know, it is a stranger so not too generous.",Self-interest,3,-1.1516879379888414,-0.6661516537129824,3,0.7097195890040701,0.17364584373225572,0.11663456726367419
market_control::kw::5f7b3e3d831aa60b4c16d6d7,5f7b3e3d831aa60b4c16d6d7,market_control,kw,1,1,kw_market,2,8.0,0.3333333333333333,I'm hoping that the value would increase my investment.,Mutual Benefit / Cooperation,2,0.715115494967846,1.3768356723316455,4,0.2614901401970167,0.41061372451184414,0.32789613529113915
market_control::kw::5f994db35d140f02b07f6faa,5f994db35d140f02b07f6faa,market_control,kw,1,1,kw_market,1,10.0,0.1666666666666666,It is more desireable to offer a discount,Mutual Benefit / Cooperation,2,-0.8911131209805151,-0.46365925385732093,2,0.6587086387204919,0.20874951692272772,0.13254184435678032
market_control::kw::5fa17ddeabc188288bde81c8,5fa17ddeabc188288bde81c8,market_control,kw,1,1,kw_market,1,9.0,0.25,I created the product and its inherent value. The distribution amount is critical ut they should not receive the lion's share of the profits.,Self-interest,3,-0.8415545266078999,0.8411115833932711,2,0.48547688437042824,0.16397786029954972,0.35054525533002207
market_control::kw::5fa2e56fe794555527f2c8ef,5fa2e56fe794555527f2c8ef,market_control,kw,1,1,kw_market,2,12.0,0.0,Because this was the amount that was set,No clear justification,0,-1.043722508072386,-0.7498131096581379,3,0.7024873897499742,0.19114082377167665,0.1063717864783492
market_control::kw::5fa92f3172de7e02d5d77656,5fa92f3172de7e02d5d77656,market_control,kw,1,1,kw_market,1,10.0,0.1666666666666666,"I like to give the broker a discount, because it feels good to make someone happy with a discount. However, I can't afford to loose out, so I keep the discount small. Not too small however, that would seem stingy.",Moral,1,0.27431339684822564,1.5360806163040468,3,0.28816621334453363,0.2952999196595723,0.41653386699589406
market_control::kw::5fabf588f711fa0c6b0aebf6,5fabf588f711fa0c6b0aebf6,market_control,kw,1,1,kw_market,1,9.0,0.25,"In my own scenario, the quarter reduction still allowed a decent profit.",Mutual Benefit / Cooperation,2,0.7493647984639132,-0.5076642495405138,3,0.3594673449360979,0.5698486685271613,0.07068398653674089
market_control::kw::5faf5be7eb05711e07faf4cf,5faf5be7eb05711e07faf4cf,market_control,kw,1,1,kw_market,1,6.0,0.5,I thought about the other person I was paired with. I wanted both of us to benefit if our pair was chosen for the bonus.,Mutual Benefit / Cooperation,2,0.9785446713276007,-0.21431840347950118,1,0.3075388735325705,0.6113055894527064,0.08115553701472313
market_control::kw::5fb3eee93064870009d4ed30,5fb3eee93064870009d4ed30,market_control,kw,1,1,kw_market,2,6.0,0.5,I wanted both us to profit from and be happy with our business model,Mutual Benefit / Cooperation,2,0.47655096074803455,0.8605095884722579,2,0.3348533313501628,0.41254046506922804,0.25260620358060915
market_control::kw::5fc4fdc2be4fcc0008030baa,5fc4fdc2be4fcc0008030baa,market_control,kw,1,1,kw_market,2,12.0,0.0,Because I'd worked to produce the data and it seems like a fair price to charge,Moral,1,1.3215539795542812,-0.28176313785670637,2,0.24821571059051908,0.690272738505324,0.06151155090415692
market_control::kw::5fc7977f990ff909859b4b77,5fc7977f990ff909859b4b77,market_control,kw,1,1,kw_market,2,9.5,0.2083333333333333,it just felt fair and the right thing to d,Moral,1,-1.2755361907618286,-0.8263823412190779,4,0.7372595162722781,0.1594433700422292,0.1032971136854927
market_control::kw::5fc947712905593dea509cce,5fc947712905593dea509cce,market_control,kw,1,1,kw_market,1,12.0,0.0,it gives me the most money.,Self-interest,3,-0.6299919164681198,-0.1569794490908893,1,0.5938281912698029,0.24402972373917484,0.16214208499102228
market_control::kw::5fd18d125e1f92195b1717bc,5fd18d125e1f92195b1717bc,market_control,kw,1,1,kw_market,2,12.0,0.0,I think it’s the best price for everyone involved,Moral,1,-0.8493891040106214,-0.43991043237701216,2,0.6508908282830704,0.21497696994855806,0.1341322017683715
market_control::kw::602fea460a29c4d98a5d8034,602fea460a29c4d98a5d8034,market_control,kw,1,1,kw_market,1,6.0,0.5,it seems the fairest share of the profit,Moral,1,0.9909272381431925,-0.49705025404166203,4,0.31173264721138616,0.6261357443861264,0.062131608402487486
market_control::kw::60301bf422eb78e24698d956,60301bf422eb78e24698d956,market_control,kw,1,1,kw_market,1,12.0,0.0,Why change a good thing,No clear justification,0,1.407696333728675,-0.3049628785587404,2,0.23428421648079784,0.7089278853157123,0.056787898203489916
market_control::kw::603421c858a3bd213d7c24b2,603421c858a3bd213d7c24b2,market_control,kw,1,1,kw_market,1,4.5,0.625,"I chose this price because it felt like a reasonable balance between lowering the cost and not reducing it so much that it no longer reflected the value of the item. I wanted to make a meaningful adjustment without going to an extreme, and this amount seemed fair and consistent with my reasoning during the task.",Moral,1,-0.7741294111051656,1.1544989793370228,3,0.42706770271126715,0.15500884209912658,0.4179234551896063
market_control::kw::603ceb8f82d6b0a88e6cb99a,603ceb8f82d6b0a88e6cb99a,market_control,kw,1,1,kw_market,1,12.0,0.0,I believe the current price to be fair,Moral,1,-0.3039108704975144,1.1237345202669324,1,0.39456914367566154,0.22744480621626878,0.3779860501080696
market_control::kw::60400327a152361b2838dcc3,60400327a152361b2838dcc3,market_control,kw,1,1,kw_market,2,12.0,0.0,I think the service is worth the asking price and I don't wish to reduce this.,Moral,1,-0.7741294111051655,1.1544989793370228,3,0.42706770271126715,0.15500884209912658,0.4179234551896063
market_control::kw::6042485be854a50b567878ab,6042485be854a50b567878ab,market_control,kw,1,1,kw_market,1,10.5,0.125,VERY GOOD AND VERY NICE,Moral,1,-0.4820952897411686,-0.3416584925829943,1,0.5873362586209776,0.2787482843859977,0.13391545699302473
market_control::kw::605269ed69c7aac84a09dc72,605269ed69c7aac84a09dc72,market_control,kw,1,1,kw_market,2,12.0,0.0,I want the most money for my data,Self-interest,3,0.749364798463913,-0.5076642495405136,3,0.3594673449360979,0.5698486685271612,0.07068398653674092
market_control::kw::6054c99c850918fc1ee83760,6054c99c850918fc1ee83760,market_control,kw,1,1,kw_market,1,6.0,0.5,I think half of the amount is a good amount because it is fair and everyone has a chance to get something,Moral,1,0.2925872413999811,-0.6322539097403327,4,0.4575403134400639,0.46342750536518856,0.07903218119474753
market_control::kw::607e6e60568d9d3b270c7ef8,607e6e60568d9d3b270c7ef8,market_control,kw,1,1,kw_market,1,9.0,0.25,I don't want to be greedy but I do have to live.,Self-interest,3,0.6540963484036276,-0.4296921894141962,3,0.37636991863339064,0.5437645816080163,0.07986549975859311
market_control::kw::608702d7661a76c56f62a02a,608702d7661a76c56f62a02a,market_control,kw,1,1,kw_market,2,0.0,1.0,Because I wanted to make money on the data which I had to sell.,Self-interest,3,1.7737481743571708,-0.337949527659812,4,0.17948103027042048,0.7782736516925519,0.0422453180370276
market_control::kw::609122350e5b8e743ab41f79,609122350e5b8e743ab41f79,market_control,kw,1,1,kw_market,1,8.0,0.3333333333333333,"I feel like it is a good business model to provide a discount, and for the broker to profit, while I still profit.",Mutual Benefit / Cooperation,2,0.8979342125466696,-0.2215651947627225,1,0.3227361886628851,0.5927980305073176,0.08446578082979733
market_control::kw::60a2286e51973ae842a306ea,60a2286e51973ae842a306ea,market_control,kw,1,1,kw_market,1,8.0,0.3333333333333333,"The truth, I have no idea what you are asking. You didn't explain good what changing the price does in my opinion so I just picked a number that came to my head",No clear justification,0,0.14608206620423608,1.8884187659034177,4,0.25431484740743904,0.23174546075685382,0.5139396918357072
market_control::kw::60a3304ffb8cf482f8d11b6f,60a3304ffb8cf482f8d11b6f,market_control,kw,1,1,kw_market,2,12.0,0.0,I didn't want the other person to lose money,Moral,1,-1.043722508072386,-0.7498131096581379,3,0.7024873897499742,0.19114082377167665,0.1063717864783492
market_control::kw::60a674515b64fa204593b1f3,60a674515b64fa204593b1f3,market_control,kw,1,1,kw_market,2,8.0,0.3333333333333333,It feels like an honest place to be and the broker will make a nice bit of profit.,Moral,1,1.1389780618005145,-0.20101376438630894,2,0.2782293735071587,0.647221412272142,0.07454921422069928
market_control::kw::60ae648439ae911bc987c73f,60ae648439ae911bc987c73f,market_control,kw,1,1,kw_market,1,10.0,0.1666666666666666,Tickets already free so minimal deduction needed,Self-interest,3,0.9785446713276007,-0.21431840347950118,1,0.3075388735325705,0.6113055894527064,0.08115553701472313
market_control::kw::60aeadce9535d20570242b82,60aeadce9535d20570242b82,market_control,kw,1,1,kw_market,1,12.0,0.0,From what I understand of the study it benefits both me as the data provider and the data purchaser to keep the rate at $12 as there is a potential for us both to benefit.,Mutual Benefit / Cooperation,2,-0.7419589968422186,-0.5716931464980923,2,0.6460043022217946,0.23699314968707433,0.11700254809113106
market_control::kw::60b014e8fd54e70643da606c,60b014e8fd54e70643da606c,market_control,kw,1,1,kw_market,1,7.0,0.4166666666666666,i felt like it wasnt too risky,Mutual Benefit / Cooperation,2,0.9785446713276007,-0.21431840347950118,1,0.3075388735325705,0.6113055894527064,0.08115553701472313
market_control::kw::60c6cd8bacdf5d1f27924048,60c6cd8bacdf5d1f27924048,market_control,kw,1,1,kw_market,1,5.5,0.5416666666666667,I will get at least half of the profit,Self-interest,3,0.4765509607480344,0.860509588472258,2,0.3348533313501628,0.412540465069228,0.2526062035806092
market_control::kw::60c770aa2d2928bfda4c7cd4,60c770aa2d2928bfda4c7cd4,market_control,kw,1,1,kw_market,1,12.0,0.0,It makes no sense to reduce the price. You have a really stupid survey going on here.,No clear justification,0,1.6213842349797534,-0.34161777036655344,3,0.20134688072051682,0.7514974283805849,0.04715569089889828
market_control::kw::60d4817e29759c91a36132e2,60d4817e29759c91a36132e2,market_control,kw,1,1,kw_market,2,8.0,0.3333333333333333,It seemed a fair option but where I make some extra money.,Moral,1,0.9909272381431925,-0.49705025404166203,4,0.31173264721138616,0.6261357443861264,0.062131608402487486
market_control::kw::60eead911e567d29abb34468,60eead911e567d29abb34468,market_control,kw,1,1,kw_market,2,2.0,0.8333333333333334,I felt that the 12 was too high and much better to me personally to go for a much lower figure,Self-interest,3,-0.10173882954887797,-0.5751415481058963,3,0.5346763577127431,0.36808589364354605,0.0972377486437109
market_control::kw::60eed08c1ad192ce66a0c85a,60eed08c1ad192ce66a0c85a,market_control,kw,1,1,kw_market,2,12.0,0.0,I wanted to keep the money.,Self-interest,3,-0.5231067994537322,1.4281733135443822,1,0.3640808381633569,0.1701590997179791,0.46576006211866405
market_control::kw::60f1e7976ffb0d77b67a6438,60f1e7976ffb0d77b67a6438,market_control,kw,1,1,kw_market,2,12.0,0.0,I didn't really want to change the price and decrease it,Self-interest,3,-1.119727452540171,-0.6454109161641152,3,0.7040554965238398,0.1778121198587273,0.11813238361743288
market_control::kw::60f716c8e672d09c3ba24006,60f716c8e672d09c3ba24006,market_control,kw,1,1,kw_market,2,11.0,0.0833333333333333,"I chose to lower the price to $11 because I wanted to make a small concession to the broker, making the data slightly more attractive for resale, while still keeping most of the value for myself. It felt like a modest compromise that balances fairness and self-interest.",Self-interest,3,-1.2755361907618286,-0.8263823412190779,4,0.7372595162722781,0.1594433700422292,0.1032971136854927
market_control::kw::60f863b2ae8c09536abefab8,60f863b2ae8c09536abefab8,market_control,kw,1,1,kw_market,2,10.0,0.1666666666666666,I like rounded numbers so £10 is a good figure to me,No clear justification,0,-0.5939620952741725,-0.3059176297759585,1,0.6020038852358618,0.25600077154148065,0.14199534322265756
market_control::kw::60fd50570dd4923fec4a6f50,60fd50570dd4923fec4a6f50,market_control,kw,1,1,kw_market,2,6.0,0.5,This was the most fair thing to do in the situation.,Moral,1,0.2925872413999814,-0.6322539097403327,4,0.45754031344006385,0.4634275053651886,0.07903218119474753
market_control::kw::60fde5019e79712412b86751,60fde5019e79712412b86751,market_control,kw,1,1,kw_market,1,9.0,0.25,I chose this price because it made the most sense in my head,No clear justification,0,-0.8282133944450134,-0.548107949827886,2,0.6569314535174614,0.2213876619423268,0.1216808845402118
market_control::kw::60fec39221b78233fb4f9054,60fec39221b78233fb4f9054,market_control,kw,1,1,kw_market,1,6.0,0.5,I chose this price because it is a healthy medium between what I would want and what the other participant would want.,Moral,1,-0.8911131209805151,-0.46365925385732093,2,0.6587086387204919,0.20874951692272772,0.13254184435678032
market_control::kw::61005c19dbd2976cc4a2db0f,61005c19dbd2976cc4a2db0f,market_control,kw,1,1,kw_market,2,12.0,0.0,it was the best option i think,No clear justification,0,1.3215539795542812,-0.28176313785670637,2,0.24821571059051908,0.690272738505324,0.06151155090415692
market_control::kw::61036710e1eb1d931b7a34a6,61036710e1eb1d931b7a34a6,market_control,kw,1,1,kw_market,2,11.0,0.0833333333333333,"I'm not really sure. I guess I just assumed you should always reduce the price of something for a broker, so I reduced it by $1. I don't really see the point in reducing it by more.",No clear justification,0,-0.4236297631347846,-0.7421646600853435,4,0.6042751173004051,0.30295375690012255,0.09277112579947239
market_control::kw::610ed1ac68f6c344f9a8b17d,610ed1ac68f6c344f9a8b17d,market_control,kw,1,1,kw_market,1,12.0,0.0,I chose 12$ because my data is important and if it was going to be able to be sold it might as well be sold at the highest rate.,Self-interest,3,1.7737481743571708,-0.337949527659812,4,0.17948103027042048,0.7782736516925519,0.0422453180370276
market_control::kw::611a435c3f45b6c288196363,611a435c3f45b6c288196363,market_control,kw,1,1,kw_market,2,12.0,0.0,I did not want to change the initial price as I thought it was fair,Moral,1,-0.10173882954887804,-0.5751415481058963,3,0.5346763577127431,0.36808589364354605,0.0972377486437109
market_control::kw::612266e2ea3c172619abba50,612266e2ea3c172619abba50,market_control,kw,1,1,kw_market,2,10.0,0.1666666666666666,I felt that it was fair to make a profit as the data handler was required to do the initial collection of the data,Moral,1,-0.8719469655654314,-0.5698017106665189,2,0.6649177193452025,0.21458716473507733,0.12049511591972022
market_control::kw::61235c4890e3db52760fc5e0,61235c4890e3db52760fc5e0,market_control,kw,1,1,kw_market,2,12.0,0.0,"Because it is my data, I was promised $12. That was the terms and conditions of the transaction. I am still owed money and a reward for my data and my time.",Self-interest,3,1.7737481743571708,-0.337949527659812,4,0.17948103027042048,0.7782736516925519,0.0422453180370276
market_control::kw::61329bcf0acf6721508f7ed1,61329bcf0acf6721508f7ed1,market_control,kw,1,1,kw_market,2,6.0,0.5,"so that whichever option is chosen for bonus, I will receive the same",Self-interest,3,0.2925872413999814,-0.6322539097403327,4,0.45754031344006385,0.4634275053651886,0.07903218119474753
market_control::kw::613c927a3da2129cd285ef58,613c927a3da2129cd285ef58,market_control,kw,1,1,kw_market,2,8.0,0.3333333333333333,I chose to decrease the price by $4 because I wanted to make my data more accessible to the broker while still keeping a fair portion of its value for myself. It felt like a balanced decision showing some generosity without giving away too much.,Moral,1,-0.4236297631347847,-0.7421646600853435,4,0.6042751173004051,0.30295375690012255,0.09277112579947239
market_control::kw::6149c3f9627672a6944a61e2,6149c3f9627672a6944a61e2,market_control,kw,1,1,kw_market,2,2.5,0.7916666666666666,i felt this was the correct price,Moral,1,-1.1852415740571156,0.1591054813220951,4,0.6217354182173863,0.1481556820870576,0.2301088996955561
market_control::kw::6150f3191250f2a12a607e82,6150f3191250f2a12a607e82,market_control,kw,1,1,kw_market,2,6.0,0.5,I typically go to the middle value because I am risk-adverse and looking for a safe and equitable division.,Moral,1,0.09761039138041001,-0.3306120019428812,2,0.48291992406152123,0.4049007977763166,0.11217927816216214
market_control::kw::615ec0557ed77fa14b565382,615ec0557ed77fa14b565382,market_control,kw,1,1,kw_market,2,12.0,0.0,I want more for myself,Self-interest,3,0.29258724139998127,-0.6322539097403327,4,0.45754031344006385,0.4634275053651886,0.07903218119474753
market_control::kw::616ab38422e8cf63905eec70,616ab38422e8cf63905eec70,market_control,kw,1,1,kw_market,1,12.0,0.0,it seemed very reasonable,No clear justification,0,-0.10173882954887792,-0.5751415481058965,3,0.5346763577127431,0.36808589364354605,0.09723774864371089
market_control::kw::616d3d7cbf9e78d1a6e3219e,616d3d7cbf9e78d1a6e3219e,market_control,kw,1,1,kw_market,2,9.0,0.25,"I didn't want to decrease the price by a lot, so I though a decrease of 3 was good enough",Self-interest,3,1.2595033824286033,-0.28793316908988925,2,0.25888395597924246,0.6773974719005966,0.06371857212016088
market_control::kw::622921142ed6785f172cae98,622921142ed6785f172cae98,market_control,kw,1,1,kw_market,1,11.0,0.0833333333333333,I assume that we'll bargain and meet in the middle somewhere so I want to start a little higher than I expect to get.,Self-interest,3,-0.4442862128923083,1.1527295511527758,1,0.4024307371082821,0.2021756861558619,0.39539357673585596
market_control::kw::622a48bca4c51a90e35d1b2b,622a48bca4c51a90e35d1b2b,market_control,kw,1,1,kw_market,2,12.0,0.0,I would like to be paid full price for the data I provided.,Self-interest,3,-0.4236297631347847,-0.7421646600853435,4,0.6042751173004051,0.30295375690012255,0.09277112579947239
market_control::kw::6266eeafd5addd5cb7a66cc5,6266eeafd5addd5cb7a66cc5,market_control,kw,1,1,kw_market,2,12.0,0.0,i think its only fair to charge what it is worth and not undercut,Moral,1,-0.7419589968422186,-0.5716931464980923,2,0.6460043022217946,0.23699314968707433,0.11700254809113106
market_control::kw::62825aef9d9d5544867a6fc0,62825aef9d9d5544867a6fc0,market_control,kw,1,1,kw_market,2,0.0,1.0,I didn't want to gamble,Self-interest,3,-0.580121669064879,1.9100635508199366,2,0.2877441396367507,0.12839419610470645,0.5838616642585429
market_control::kw::6290baefc1820d33bb4afed4,6290baefc1820d33bb4afed4,market_control,kw,1,1,kw_market,1,5.0,0.5833333333333333,I chose this price because It is generally fair and is a nexus between profitability and probability of being accepted.,Mutual Benefit / Cooperation,2,-1.1852415740571156,0.1591054813220951,4,0.6217354182173863,0.1481556820870576,0.2301088996955561
market_control::kw::6294b77f8782497d0f35bd25,6294b77f8782497d0f35bd25,market_control,kw,1,1,kw_market,2,6.0,0.5,"I chose a price change of -$6 because it feels like a fair split of the $12 between me and the broker. I still value my data and keep a reasonable amount, but I also allow the broker to earn a clear share for their role.",Moral,1,-1.043722508072386,-0.7498131096581379,3,0.7024873897499742,0.19114082377167665,0.1063717864783492
market_control::kw::629e1fc50453c5096d91c5f4,629e1fc50453c5096d91c5f4,market_control,kw,1,1,kw_market,2,12.0,0.0,There is no clear reasoning why there should be a price change. I would want to know profit and margins,No clear justification,0,0.7680560391688322,-0.18368019534120023,1,0.3461139343447936,0.5600017925974536,0.09388427305775271
market_control::kw::62ab362f8fdafe0a558b42fe,62ab362f8fdafe0a558b42fe,market_control,kw,1,1,kw_market,1,12.0,0.0,I don't think it is fair too lose any money,Moral,1,0.7493647984639129,-0.5076642495405146,3,0.35946734493609794,0.5698486685271612,0.07068398653674086
market_control::kw::62ab53520bb280439345fd6c,62ab53520bb280439345fd6c,market_control,kw,1,1,kw_market,2,12.0,0.0,I thought to keep the price the same,No clear justification,0,0.9785446713276007,-0.21431840347950118,1,0.3075388735325705,0.6113055894527064,0.08115553701472313
market_control::kw::62c421e8a63143ac6dc843cc,62c421e8a63143ac6dc843cc,market_control,kw,1,1,kw_market,1,6.0,0.5,It seemed like an obvious choice.,No clear justification,0,-0.4442862128923083,1.1527295511527758,1,0.4024307371082821,0.2021756861558619,0.39539357673585596
market_control::kw::62c44d672834a5c5ce7362f1,62c44d672834a5c5ce7362f1,market_control,kw,1,1,kw_market,1,9.0,0.25,I am trying to maximize the profits for both myself and the broker.,Mutual Benefit / Cooperation,2,0.7232529740272283,-0.0881228841443154,1,0.3511572520887027,0.5442014433946121,0.10464130451668531
market_control::kw::62fb8276f170965e7e3899e7,62fb8276f170965e7e3899e7,market_control,kw,1,1,kw_market,2,10.0,0.1666666666666666,A small discount to show appreciation,Moral,1,1.2595033824286033,-0.28793316908988925,2,0.25888395597924246,0.6773974719005966,0.06371857212016088
market_control::kw::62fd55dc6d29d64eaaea2dec,62fd55dc6d29d64eaaea2dec,market_control,kw,1,1,kw_market,2,6.0,0.5,I want to ensure that the person I am working with would equally benefit from taking part in this survey.,Moral,1,-0.17909143414961723,-0.5522229036773982,3,0.5482281492503002,0.34988096947154096,0.10189088127815893
market_control::kw::631385edd622a2b9907f19a4,631385edd622a2b9907f19a4,market_control,kw,1,1,kw_market,2,11.0,0.0833333333333333,feel it will be not giving up much,Self-interest,3,0.07969297832320957,0.46792651070578206,3,0.42724472697609317,0.35493561434901544,0.21781965867489142
market_control::kw::631609c541905b75bd84f002,631609c541905b75bd84f002,market_control,kw,1,1,kw_market,2,9.5,0.2083333333333333,I wanted to be compenstated.,Self-interest,3,-0.17909143414961712,-0.5522229036773982,3,0.5482281492503001,0.34988096947154096,0.10189088127815893
market_control::kw::6317511c1dd0acb82cf4b131,6317511c1dd0acb82cf4b131,market_control,kw,1,1,kw_market,2,9.0,0.25,I want to make the money my product or service is worth!,Self-interest,3,-0.44534795570027674,1.6482361858508514,2,0.3236561425248887,0.16405174863575228,0.512292108839359
market_control::kw::63316daa57747115376760da,63316daa57747115376760da,market_control,kw,1,1,kw_market,1,6.0,0.5,"I wanted it to be the fairest deal for both of us. This way we both get a bonus of $6 if we get selected. This is how I would want a Prolific member to act if the roles were swapped, so that's what I have chosen.",Moral,1,1.1389780618005145,-0.20101376438630894,2,0.2782293735071587,0.647221412272142,0.07454921422069928
market_control::kw::63468af37b3dfa433e101723,63468af37b3dfa433e101723,market_control,kw,1,1,kw_market,2,8.0,0.3333333333333333,A small reduction is good,No clear justification,0,-1.0567811251449928,-0.6654953703716517,3,0.6976857144305539,0.1874910611637122,0.1148232244057339
market_control::kw::636259854da454099f895513,636259854da454099f895513,market_control,kw,1,1,kw_market,2,6.0,0.5,"At that particular price, I am thinking about the other person not having the necessary capabilities to get things done",Moral,1,-0.8648863040823844,1.349253664597264,3,0.3981062997094544,0.13258546979919208,0.4693082304913535
market_control::kw::63824c757fdc333ffa22ea03,63824c757fdc333ffa22ea03,market_control,kw,1,1,kw_market,2,12.0,0.0,Because it is fair to give me a price for the data and if 12 is the highest then I should be offered that as I have paid attention. If I didn't understand this last bit then it is because I am crap at maths.,Moral,1,-0.10173882954887792,-0.5751415481058965,3,0.5346763577127431,0.36808589364354605,0.09723774864371089
market_control::kw::6387984be099d077b7cd8508,6387984be099d077b7cd8508,market_control,kw,1,1,kw_market,2,6.0,0.5,I think its fair to split it,Moral,1,-0.6299919164681198,-0.1569794490908893,1,0.5938281912698029,0.24402972373917484,0.16214208499102228
market_control::kw::63d038b4d8d9332a346dea31,63d038b4d8d9332a346dea31,market_control,kw,1,1,kw_market,1,6.0,0.5,"Since this balances the profits, I think it's only fair for me and the broker to get the same amount.",Moral,1,0.4598975363800182,0.4775427737818425,4,0.36717786018023185,0.44251233000443835,0.19030980981532974
market_control::kw::63d13bbefe685427e3f96122,63d13bbefe685427e3f96122,market_control,kw,1,1,kw_market,2,6.0,0.5,It feels fair that i only reduce by 6.,Moral,1,-0.22293572430473807,-0.5687672838876153,3,0.5574172437024081,0.3407236816576102,0.10185907463998173
market_control::kw::63d13f343d0cb5503347e5ea,63d13f343d0cb5503347e5ea,market_control,kw,1,1,kw_market,2,0.0,1.0,Not worth the data it provided.,No clear justification,0,0.37876968601663263,-0.4573736357501748,2,0.4331020509847362,0.4778139092824259,0.08908403973283792
market_control::kw::63d3fa1fc1384af994ef6bba,63d3fa1fc1384af994ef6bba,market_control,kw,1,1,kw_market,1,10.5,0.125,The price difference I have chosen is because I believe this would be a suitable reduction value for the data and believe this would be a fairer costing.,Moral,1,1.2349796847955923,-0.23321870766626215,2,0.26211962710161724,0.6697797971035736,0.06810057579480921
market_control::kw::63d3fb730f03adf8b4a28a37,63d3fb730f03adf8b4a28a37,market_control,kw,1,1,kw_market,1,10.0,0.1666666666666666,It gives a small reward to the middle person while I keep a good amount for providing the data initially.,Moral,1,0.7493647984639129,-0.5076642495405146,3,0.35946734493609794,0.5698486685271612,0.07068398653674086
market_control::kw::63d7b0b45f9993cbb237fcd6,63d7b0b45f9993cbb237fcd6,market_control,kw,1,1,kw_market,1,12.0,0.0,"I kept the price at $12 because there is no downside to doing so for me as the data provider. If my pair is selected, I receive exactly the amount I set, and lowering the price would only reduce my own potential bonus while increasing the broker’s payoff for no clear benefit to me.",Self-interest,3,0.7151154949678459,1.3768356723316455,4,0.2614901401970167,0.4106137245118441,0.32789613529113915
market_control::kw::63d8251edc6c5ee9274816fd,63d8251edc6c5ee9274816fd,market_control,kw,1,1,kw_market,1,8.0,0.3333333333333333,I feel like this was a reasonable amount to change without being too extreme or unfair.,Moral,1,0.8979342125466696,-0.2215651947627225,1,0.3227361886628851,0.5927980305073176,0.08446578082979733
market_control::kw::63d96ff56b577f6ac10e5f6c,63d96ff56b577f6ac10e5f6c,market_control,kw,1,1,kw_market,2,10.0,0.1666666666666666,I just prefer the number 10 as its an easier number to deal with,No clear justification,0,-0.4820952897411686,-0.3416584925829943,1,0.5873362586209776,0.2787482843859977,0.13391545699302473
market_control::kw::63daca8ae542ff8f19d3099a,63daca8ae542ff8f19d3099a,market_control,kw,1,1,kw_market,2,6.0,0.5,distribute the funds equally,Moral,1,-0.8282133944450134,-0.548107949827886,2,0.6569314535174614,0.2213876619423268,0.1216808845402118
market_control::kw::63eb4aeb58b63438ec09f5d2,63eb4aeb58b63438ec09f5d2,market_control,kw,1,1,kw_market,2,12.0,0.0,I chose to leave the price at 0 this way the amount stays the same,Self-interest,3,0.426256813645865,0.8412081134468166,2,0.3434001114448209,0.40265856738648487,0.2539413211686942
market_control::kw::63f87480149da1634d6c4464,63f87480149da1634d6c4464,market_control,kw,1,1,kw_market,1,11.0,0.0833333333333333,"Because I don't need all of it, and $11 is truly okay.",Moral,1,0.4598975363800178,0.477542773781842,4,0.367177860180232,0.4425123300044383,0.19030980981532972
market_control::kw::63fcde3494055a563c72cb12,63fcde3494055a563c72cb12,market_control,kw,1,1,kw_market,2,4.0,0.6666666666666667,i tried to be more fair this time,Moral,1,0.9909272381431925,-0.49705025404166203,4,0.31173264721138616,0.6261357443861264,0.062131608402487486
market_control::kw::64136f616f4202871d6bb12e,64136f616f4202871d6bb12e,market_control,kw,1,1,kw_market,1,12.0,0.0,I dont really see why the price should change. so I left it at that which was set - so 12 dollars,No clear justification,0,-0.9658776963730237,-0.43560286725327807,2,0.6661632234871446,0.19613146081627375,0.13770531569658162
market_control::kw::648389c81becc3ac1ef1abae,648389c81becc3ac1ef1abae,market_control,kw,1,1,kw_market,1,12.0,0.0,That was the price set and I do not see why I would be paid less.,Self-interest,3,-0.8911131209805151,-0.46365925385732093,2,0.6587086387204919,0.20874951692272772,0.13254184435678032
market_control::kw::6486a553007b81f8f2d486f6,6486a553007b81f8f2d486f6,market_control,kw,1,1,kw_market,1,10.5,0.125,To make it an attractive proposition,Mutual Benefit / Cooperation,2,-0.10173882954887792,-0.5751415481058965,3,0.5346763577127431,0.36808589364354605,0.09723774864371089
market_control::kw::64bbe3ccf05e537a07257be2,64bbe3ccf05e537a07257be2,market_control,kw,1,1,kw_market,1,8.0,0.3333333333333333,"I feel that this is a fair amount. I do not think the amount should be too high, but I also feel the data is worth something.",Moral,1,-0.8911131209805151,-0.46365925385732093,2,0.6587086387204919,0.20874951692272772,0.13254184435678032
market_control::kw::64f22ad418d6bb613bca00e4,64f22ad418d6bb613bca00e4,market_control,kw,1,1,kw_market,2,12.0,0.0,Because it was a good price.,No clear justification,0,-0.6299919164681198,-0.1569794490908893,1,0.5938281912698029,0.24402972373917484,0.16214208499102228
market_control::kw::6517f127855e8baf0247b2dd,6517f127855e8baf0247b2dd,market_control,kw,1,1,kw_market,2,6.0,0.5,I think we should split this evenly. I have the product and the broker has the connection to sell it.,Moral,1,0.2925872413999814,-0.6322539097403327,4,0.45754031344006385,0.4634275053651886,0.07903218119474753
market_control::kw::65198ae1d2294dbc8561e90c,65198ae1d2294dbc8561e90c,market_control,kw,1,1,kw_market,2,12.0,0.0,the price is an established fair price,Moral,1,-0.9658776963730237,-0.43560286725327807,2,0.6661632234871446,0.19613146081627375,0.13770531569658162
market_control::kw::651aba4f4c64d6e7364a5483,651aba4f4c64d6e7364a5483,market_control,kw,1,1,kw_market,2,7.0,0.4166666666666666,I this was a business then I would be looking for the maximum amount in order to make the best profit but I felt bad for the person playing the broker that they could receive nothing if I was so greedy. I felt that this was a fair compromise,Moral,1,-0.571171336496432,2.003119061163574,3,0.27250277777570087,0.12290943241632381,0.6045877898079753
market_control::kw::651d3da180d4b0d9a79c33dd,651d3da180d4b0d9a79c33dd,market_control,kw,1,1,kw_market,1,10.0,0.1666666666666666,"Ok, the truth is, I'm not 100% how this pricing model works but the price change doesn't seem significant.",No clear justification,0,-0.9658776963730237,-0.43560286725327807,2,0.6661632234871446,0.19613146081627375,0.13770531569658162
market_control::kw::6528037f85230503e406a076,6528037f85230503e406a076,market_control,kw,1,1,kw_market,1,8.0,0.3333333333333333,I still want to make money but I do want to give incentive to buy the product. I think $4 is a good midway point.,Mutual Benefit / Cooperation,2,0.21863675397001547,-0.4469784260857285,2,0.4649962304483165,0.43858005939986616,0.09642371015181739
market_control::kw::652d8a4cd08c6435db58fd9b,652d8a4cd08c6435db58fd9b,market_control,kw,1,1,kw_market,2,1.0,0.9166666666666666,I can't afford to drop it,Self-interest,3,0.7328598639392642,-0.45321444794166826,3,0.3612899001383408,0.5637365303675335,0.07497356949412562
market_control::kw::652ef14a9b030a4423aba2b2,652ef14a9b030a4423aba2b2,market_control,kw,1,1,kw_market,2,8.5,0.2916666666666666,"Since I'm the one who did all the work, and the broker can't do his work unless I do mine, I am more responsible for the overall project. And likely spent considerably more time working on it.",Self-interest,3,-0.0655011142623421,0.5950517326693929,3,0.43521997339475776,0.3141870062791156,0.2505930203261266
market_control::kw::652fd6db8f5f2657e3ce2f0e,652fd6db8f5f2657e3ce2f0e,market_control,kw,1,1,kw_market,1,12.0,0.0,I didn't want to change the price,No clear justification,0,0.715115494967846,1.376835672331644,4,0.26149014019701683,0.41061372451184436,0.3278961352911388
market_control::kw::654001b69df601c766451ba4,654001b69df601c766451ba4,market_control,kw,1,1,kw_market,2,12.0,0.0,I think the price is fair and should remain the same.,Moral,1,-0.8493891040106214,-0.43991043237701216,2,0.6508908282830704,0.21497696994855806,0.1341322017683715
market_control::kw::65452b2decb32a279cc02cbe,65452b2decb32a279cc02cbe,market_control,kw,1,1,kw_market,1,6.0,0.5,I just wanted to be fair and go halfway,Moral,1,-0.538679359556496,1.6638871549482426,2,0.326126093270736,0.15082253166427484,0.5230513750649891
market_control::kw::65466a2dd5eda75680390e5a,65466a2dd5eda75680390e5a,market_control,kw,1,1,kw_market,1,12.0,0.0,I feel as if it is disingenuous to change the price as the matched participant is completely random and I know nothing about it.,Moral,1,-0.5939620952741725,-0.3059176297759585,1,0.6020038852358618,0.25600077154148065,0.14199534322265756
market_control::kw::654cc4367585dc78f77e81cb,654cc4367585dc78f77e81cb,market_control,kw,1,1,kw_market,2,12.0,0.0,It seemed the most reasonable.,No clear justification,0,-0.02738281241373509,0.6167111284477519,3,0.4276910303716865,0.3206080606777029,0.2517009089506106
market_control::kw::654e555a3a0310fc21aee9ce,654e555a3a0310fc21aee9ce,market_control,kw,1,1,kw_market,2,6.0,0.5,seems like a fair amount we both have the same then,Moral,1,-0.8719469655654314,-0.5698017106665189,2,0.6649177193452025,0.21458716473507733,0.12049511591972022
market_control::kw::656126622ad0ac5a2118e2fc,656126622ad0ac5a2118e2fc,market_control,kw,1,1,kw_market,1,1.5,0.875,I feel that this is a reasonable price change and it is a confident decision,No clear justification,0,0.426256813645865,0.8412081134468166,2,0.3434001114448209,0.40265856738648487,0.2539413211686942
market_control::kw::6571d671bd27124fc516adba,6571d671bd27124fc516adba,market_control,kw,1,1,kw_market,2,12.0,0.0,I picked zero because I feel like I'm not taking something away from someone. And I'm choosing to remain even.,Moral,1,-0.08584621745820147,-0.6457239185364761,3,0.5351734142699984,0.3740550883671203,0.09077149736288127
market_control::kw::659585d0d682df995ad2c5b5,659585d0d682df995ad2c5b5,market_control,kw,1,1,kw_market,2,6.0,0.5,I chose this because I believe it ends up splitting the rewards equally which seems fair.,Moral,1,-1.0444283482932775,0.4282439908954608,3,0.5691854794033027,0.1563985252000079,0.2744159953966895
market_control::kw::6595b73546b2341b46337789,6595b73546b2341b46337789,market_control,kw,1,1,kw_market,1,10.0,0.1666666666666666,"I picked it because I didn't feel the broker had much else to do other than click confirm on a sale. I would be the one producing data, I feel it's only fair that I receive a larger share while they still get a portion for mostly just being present.",Moral,1,-1.0586484150999362,0.9368331813104114,4,0.48477278765605125,0.1323299372420505,0.3828972751018982
market_control::kw::65995e978288a8907a2c4612,65995e978288a8907a2c4612,market_control,kw,1,1,kw_market,2,12.0,0.0,I have no reson to reduce the price. Computer shows as 12 I will allocate 12,No clear justification,0,0.09761039138040997,-0.330612001942881,2,0.48291992406152123,0.4049007977763166,0.11217927816216215
market_control::kw::6599b15ac5bd63ec64f8b1f5,6599b15ac5bd63ec64f8b1f5,market_control,kw,1,1,kw_market,2,12.0,0.0,I chose this because I didn't want to risk anything. I based my choice on the limited explanation I received previously.,Self-interest,3,-0.6919747351146843,2.407123504028836,4,0.2143936338405451,0.08649807641495422,0.6991082897445007
market_control::kw::65abea576ca74c598aef13c3,65abea576ca74c598aef13c3,market_control,kw,1,1,kw_market,1,12.0,0.0,"keep those pennies. 12 it is, no change",Self-interest,3,-0.4820952897411686,-0.3416584925829943,1,0.5873362586209776,0.2787482843859977,0.13391545699302473
market_control::kw::65ae2baa95efab88c481edc3,65ae2baa95efab88c481edc3,market_control,kw,1,1,kw_market,1,9.5,0.2083333333333333,I felt that it was enough of a reduction so as not to offer too much or to appear too greedy.,Moral,1,0.7232529740272283,-0.0881228841443154,1,0.3511572520887027,0.5442014433946121,0.10464130451668531
market_control::kw::65b7cd609e8e7e53fb113123,65b7cd609e8e7e53fb113123,market_control,kw,1,1,kw_market,2,6.0,0.5,Keep things fair between participants,Moral,1,-0.8282133944450134,-0.548107949827886,2,0.6569314535174614,0.2213876619423268,0.1216808845402118
market_control::kw::65ba6a143395d20859b4de80,65ba6a143395d20859b4de80,market_control,kw,1,1,kw_market,2,12.0,0.0,I feel this was a fair price for everyone.,Moral,1,-0.8874942700941338,1.3234591473524346,3,0.4040267526268993,0.13151984513055195,0.46445340224254866
market_control::kw::65be59f9d75c57ef759fd8d1,65be59f9d75c57ef759fd8d1,market_control,kw,1,1,kw_market,1,12.0,0.0,I've spent my life undercharging for work or services and struggling to live. I now try to put my needs first. If people want the data they will pay full price for it.,Self-interest,3,0.9785446713276007,-0.21431840347950118,1,0.3075388735325705,0.6113055894527064,0.08115553701472313
market_control::kw::65bf6a50211c74f0d87b9838,65bf6a50211c74f0d87b9838,market_control,kw,1,1,kw_market,2,8.0,0.3333333333333333,Because it seemed like a reasonable amount to pay for the cost of carried out a transaction,Mutual Benefit / Cooperation,2,-0.7001343832496535,0.6500123014440286,2,0.5029637934775196,0.19474032552087514,0.30229588100160526
market_control::kw::65c124f50d9f69bff3c15313,65c124f50d9f69bff3c15313,market_control,kw,1,1,kw_market,1,5.0,0.5833333333333333,It's close to the middle to enable us decide which to use either decrease or increase.,Mutual Benefit / Cooperation,2,-0.3485814179775846,1.0927159215277933,1,0.4031918601278195,0.22230268106306786,0.3745054588091127
market_control::kw::65ca7d29af5b6440d955430a,65ca7d29af5b6440d955430a,market_control,kw,1,1,kw_market,1,12.0,0.0,"I chose no price change because the original price already felt appropriate for the situation. There was no strong reason to raise or lower it—demand, value, and fairness all seemed balanced—so keeping the price the same made the most sense.",Moral,1,-0.571171336496432,2.003119061163574,3,0.27250277777570087,0.12290943241632381,0.6045877898079753
market_control::kw::65cbf8c525b3403076c1dfb2,65cbf8c525b3403076c1dfb2,market_control,kw,1,1,kw_market,1,12.0,0.0,I think it was the way to get me the most if I'm chosen.,Self-interest,3,0.7232529740272283,-0.0881228841443154,1,0.3511572520887027,0.5442014433946121,0.10464130451668531
market_control::kw::65d515e376d72f9184ef8a5b,65d515e376d72f9184ef8a5b,market_control,kw,1,1,kw_market,1,12.0,0.0,i kept the price the same because it's what the customers are use to.,No clear justification,0,0.19422098120160095,-0.36381651451498453,2,0.4658677467244929,0.42927018058645333,0.1048620726890538
market_control::kw::65d90ed584cbeefbb401d0e5,65d90ed584cbeefbb401d0e5,market_control,kw,1,1,kw_market,2,6.0,0.5,"Both parties are doing work, so both deserve some profit",Moral,1,-0.29499518669324754,0.293216176243043,4,0.49977497964807555,0.28687535347996085,0.21334966687196355
market_control::kw::65ddf5b38e9a6e841cf8cd68,65ddf5b38e9a6e841cf8cd68,market_control,kw,1,1,kw_market,2,12.0,0.0,I think the original $12 is the way to go as that is what the end client will pay for it. I see no reason to make less money or for the broker to be impacted negatively.,Self-interest,3,0.715115494967846,1.376835672331644,4,0.26149014019701683,0.41061372451184436,0.3278961352911388
market_control::kw::65e25a56b48b9af00aaf76d5,65e25a56b48b9af00aaf76d5,market_control,kw,1,1,kw_market,2,6.0,0.5,I thought it was fair to split,Moral,1,-1.2755361907618286,-0.8263823412190779,4,0.7372595162722781,0.1594433700422292,0.1032971136854927
market_control::kw::65e4d77aff8f62cfcb72fe4c,65e4d77aff8f62cfcb72fe4c,market_control,kw,1,1,kw_market,1,5.0,0.5833333333333333,In the hope of getting more money,Mutual Benefit / Cooperation,2,0.9909272381431925,-0.49705025404166203,4,0.31173264721138616,0.6261357443861264,0.062131608402487486
market_control::kw::65f5a84b838dcc1ac14602f2,65f5a84b838dcc1ac14602f2,market_control,kw,1,1,kw_market,2,6.0,0.5,I want them to have more money,Moral,1,1.6213842349797534,-0.34161777036655344,3,0.20134688072051682,0.7514974283805849,0.04715569089889828
market_control::kw::65f98f88e930149a09c81d7d,65f98f88e930149a09c81d7d,market_control,kw,1,1,kw_market,2,6.5,0.4583333333333333,"im not sure this part of the study is very unclear to me, im not sure if it is in my best interest for the price to be lower or higher. im not sure if im buying or selling that data.",No clear justification,0,1.2595033824286033,-0.28793316908988925,2,0.25888395597924246,0.6773974719005966,0.06371857212016088
market_control::kw::660db49bcdfa7d05c613c1d2,660db49bcdfa7d05c613c1d2,market_control,kw,1,1,kw_market,1,6.0,0.5,I don't really understand the mechanics of it all and what benefits me vs the broker so I just put it in the middle,No clear justification,0,-0.3039108704975144,1.1237345202669324,1,0.39456914367566154,0.22744480621626878,0.3779860501080696
market_control::kw::660ea2291c47933085748669,660ea2291c47933085748669,market_control,kw,1,1,kw_market,2,12.0,0.0,I thought $12 sounded fair so did not want to adjust the price without any further information.,Moral,1,-0.736956226666309,0.6207879044234483,2,0.5109623582043259,0.19070173080415412,0.29833591099152
market_control::kw::661b3eeea891251d71cf97d5,661b3eeea891251d71cf97d5,market_control,kw,1,1,kw_market,2,5.0,0.5833333333333333,This is because the shared amount will generate bonus equally,Moral,1,-0.7419589968422186,-0.5716931464980923,2,0.6460043022217946,0.23699314968707433,0.11700254809113106
market_control::kw::66293af123d55f1dadad5ceb,66293af123d55f1dadad5ceb,market_control,kw,1,1,kw_market,1,2.5,0.7916666666666666,its not at the 12 but its also not low either. i think its a price it would be agreed on,Moral,1,0.09761039138040997,-0.330612001942881,2,0.48291992406152123,0.4049007977763166,0.11217927816216215
market_control::kw::662a64b57d9dbef7d2909788,662a64b57d9dbef7d2909788,market_control,kw,1,1,kw_market,1,12.0,0.0,I did not want to change the price.,No clear justification,0,0.7680560391688322,-0.18368019534120023,1,0.3461139343447936,0.5600017925974536,0.09388427305775271
market_control::kw::6630f10a3f5ea2fb9b5afb71,6630f10a3f5ea2fb9b5afb71,market_control,kw,1,1,kw_market,2,12.0,0.0,i didn't want to reduce the amount that I would be taking home.,Self-interest,3,1.6213842349797534,-0.34161777036655344,3,0.20134688072051682,0.7514974283805849,0.04715569089889828
market_control::kw::66319e0f2593595737d7a13f,66319e0f2593595737d7a13f,market_control,kw,1,1,kw_market,2,6.0,0.5,Because i think splitting in half is the best idea,Moral,1,-0.8493891040106214,-0.43991043237701216,2,0.6508908282830704,0.21497696994855806,0.1341322017683715
market_control::kw::66341ea0271d271dc78c8283,66341ea0271d271dc78c8283,market_control,kw,1,1,kw_market,1,6.0,0.5,I just wanted it to be 50/50 so it's fair.,Moral,1,-0.8493891040106214,-0.43991043237701216,2,0.6508908282830704,0.21497696994855806,0.1341322017683715
market_control::kw::6634e6202da0719ae4ec6455,6634e6202da0719ae4ec6455,market_control,kw,1,1,kw_market,1,8.0,0.3333333333333333,I chose it because it wasn't too drastic.,Self-interest,3,-0.571171336496432,2.003119061163574,3,0.27250277777570087,0.12290943241632381,0.6045877898079753
market_control::kw::66350282637e3f6f399f375b,66350282637e3f6f399f375b,market_control,kw,1,1,kw_market,2,12.0,0.0,If the other person always get 12 why would i decrease mine. I think.,Self-interest,3,1.6213842349797534,-0.34161777036655344,3,0.20134688072051682,0.7514974283805849,0.04715569089889828
market_control::kw::6635316958a453da5e2af8b2,6635316958a453da5e2af8b2,market_control,kw,1,1,kw_market,2,7.0,0.4166666666666666,"I lowered the amount by 5, That is the amount I chose.",No clear justification,0,-0.8282133944450134,-0.548107949827886,2,0.6569314535174614,0.2213876619423268,0.1216808845402118
market_control::kw::6636db94fa3ed150c2d78447,6636db94fa3ed150c2d78447,market_control,kw,1,1,kw_market,1,0.0,1.0,i want the most money,Self-interest,3,0.07969297832320968,0.4679265107057821,3,0.42724472697609317,0.35493561434901544,0.21781965867489145
market_control::kw::6637fddf5464c05b3db40434,6637fddf5464c05b3db40434,market_control,kw,1,1,kw_market,1,6.0,0.5,If a negative number is bigger it is less significant,No clear justification,0,-0.7419589968422186,-0.5716931464980923,2,0.6460043022217946,0.23699314968707433,0.11700254809113106
market_control::kw::6639038205f5175bb2fefbe4,6639038205f5175bb2fefbe4,market_control,kw,1,1,kw_market,1,12.0,0.0,I set this price so that my broker would have the best payment for their work,Moral,1,0.7232529740272283,-0.0881228841443154,1,0.3511572520887027,0.5442014433946121,0.10464130451668531
market_control::kw::66393ddc9483d4299b5e311e,66393ddc9483d4299b5e311e,market_control,kw,1,1,kw_market,2,4.0,0.6666666666666667,I want to pay a lot less for it.,Self-interest,3,-0.8719469655654314,-0.5698017106665189,2,0.6649177193452025,0.21458716473507733,0.12049511591972022
market_control::kw::6642b0aa7f8de66d503f5f4e,6642b0aa7f8de66d503f5f4e,market_control,kw,1,1,kw_market,2,7.5,0.375,"Again, this is a pretend situation, so I went for a price that still reflects the work and value that I put into producing the data, but still allows the broker/retailer to set a fair selling price that allows them to gain some profit.",Mutual Benefit / Cooperation,2,-0.6919747351146843,2.407123504028836,4,0.2143936338405451,0.08649807641495422,0.6991082897445007
market_control::kw::6643b6fd551de255d4e917d3,6643b6fd551de255d4e917d3,market_control,kw,1,1,kw_market,2,12.0,0.0,"I chose this because Id rather keep as much money as possible, vs decreasing my chances.",Self-interest,3,-0.08584621745820147,-0.6457239185364761,3,0.5351734142699984,0.3740550883671203,0.09077149736288127
market_control::kw::6644cd28fd7654a27299baff,6644cd28fd7654a27299baff,market_control,kw,1,1,kw_market,2,12.0,0.0,I can afford to be generous in this virtual transaction.,Moral,1,-0.4178158982046769,-0.31898142671134205,1,0.5750410511935073,0.2907712343322917,0.13418771447420091
market_control::kw::6645755c72f71662e832dfb8,6645755c72f71662e832dfb8,market_control,kw,1,1,kw_market,2,6.0,0.5,"I wanted the broker and I to both receive $6 for our mutual parts in the transaction. Money could not be made without my data. It could also equally not be made without them acting as the intermediary, so I am sharing it 50/50 with them.",Moral,1,0.4598975363800179,0.4775427737818422,4,0.36717786018023196,0.44251233000443835,0.19030980981532972
market_control::kw::6648be07b6deb19cf4573941,6648be07b6deb19cf4573941,market_control,kw,1,1,kw_market,2,0.0,1.0,I want to keep as much money as possible.,Self-interest,3,-0.580121669064879,1.9100635508199366,2,0.2877441396367507,0.12839419610470645,0.5838616642585429
market_control::kw::664bbefbfaa70d966adfb11e,664bbefbfaa70d966adfb11e,market_control,kw,1,1,kw_market,2,12.0,0.0,I don't believe the data should be sold for anything less than what it is worth to someone.,Self-interest,3,-1.119727452540171,-0.6454109161641152,3,0.7040554965238398,0.1778121198587273,0.11813238361743288
market_control::kw::6650c46dc4f3ab332602c04b,6650c46dc4f3ab332602c04b,market_control,kw,1,1,kw_market,1,8.0,0.3333333333333333,"I don't think it is too far of $12, but I also didn't want to chose something like $0 or $1 and that is almost nothing.",Moral,1,0.426256813645865,0.8412081134468166,2,0.3434001114448209,0.40265856738648487,0.2539413211686942
market_control::kw::6658734f08a0be4390ddf1bd,6658734f08a0be4390ddf1bd,market_control,kw,1,1,kw_market,1,9.0,0.25,"I'm rather confused as to why I'd want to decrease the $12 amount at all, so initially I was going to leave it as it was and not decrease it by any, but then I had a strange urge to come up with SOME number, so I figured if I just took 3$, that's 1/4 of the total, a nice conservative amount. 1$ didn't feel right and neither did 2$, so 3 felt instinctually right. I have a fascination with and gravitate towards the number 3 in most situations.",No clear justification,0,0.4168472469056266,1.010196629154664,2,0.32927218170675615,0.38369175307525444,0.28703606521798947
market_control::kw::6658b3b6347b527af5f3bad3,6658b3b6347b527af5f3bad3,market_control,kw,1,1,kw_market,2,3.5,0.7083333333333333,It made sense to me that is why I chose it.,No clear justification,0,-0.4236297631347847,-0.7421646600853435,4,0.6042751173004051,0.30295375690012255,0.09277112579947239
market_control::kw::6658d40b7c86929c183cea9b,6658d40b7c86929c183cea9b,market_control,kw,1,1,kw_market,1,8.0,0.3333333333333333,It feels reasonable for the effort put in.,Moral,1,-0.8911131209805151,-0.46365925385732093,2,0.6587086387204919,0.20874951692272772,0.13254184435678032
market_control::kw::6658e5d739ded7679b0d3648,6658e5d739ded7679b0d3648,market_control,kw,1,1,kw_market,2,9.0,0.25,To not overly offend.,Moral,1,0.9909272381431924,-0.49705025404166203,4,0.31173264721138616,0.6261357443861264,0.062131608402487486
market_control::kw::6659f66a90c067aa84c591c0,6659f66a90c067aa84c591c0,market_control,kw,1,1,kw_market,1,8.0,0.3333333333333333,"I chose -$4 to keep most of my $12 value while giving a small and fair discount. I don't want to give my data away for free or reduce it too much, but i also want to make it likely that the broker will accept it. Giving that small discount will protect my earnings while still being cooperative.",Self-interest,3,-0.9326907606037295,0.2956698030486116,3,0.5778713308528006,0.17702579628935988,0.24510287285783944
market_control::kw::665dccea1d994deb86673695,665dccea1d994deb86673695,market_control,kw,1,1,kw_market,1,6.0,0.5,IT MAKES IT EQUAL FOR EVERYONE,Moral,1,-1.2755361907618286,-0.8263823412190779,4,0.7372595162722781,0.1594433700422292,0.1032971136854927
market_control::kw::665e26502758155528c8793e,665e26502758155528c8793e,market_control,kw,1,1,kw_market,2,12.0,0.0,"If I chose to loan out $12, is not important for me to get the $12 back. I would keep in mind that I may be in need of $12 myself later in time.",Self-interest,3,-1.1516879379888414,-0.6661516537129824,3,0.7097195890040701,0.17364584373225572,0.11663456726367419
market_control::kw::665e313a25cb5f40960dcc3e,665e313a25cb5f40960dcc3e,market_control,kw,1,1,kw_market,2,2.0,0.8333333333333334,I found it the best decision,No clear justification,0,0.2925872413999811,-0.6322539097403327,4,0.4575403134400639,0.46342750536518856,0.07903218119474753
market_control::kw::665ed3e9a6d856341025d5e1,665ed3e9a6d856341025d5e1,market_control,kw,1,1,kw_market,2,12.0,0.0,Feels like the most fair/advantageous for the broker,Moral,1,0.09761039138040997,-0.330612001942881,2,0.48291992406152123,0.4049007977763166,0.11217927816216215
market_control::kw::665fad6a33f0031a4058cc26,665fad6a33f0031a4058cc26,market_control,kw,1,1,kw_market,2,10.0,0.1666666666666666,"The broker is doing almost no work and still gets paid something just for passing the data along. Dropping from $12 to $10 feels like a small, polite “thank you for handling the transaction” without letting them keep a huge cut for basically zero effort. Fair compromise.",Moral,1,-0.9326907606037305,0.2956698030486112,3,0.5778713308528008,0.17702579628935974,0.24510287285783938
market_control::kw::666062305c022b9132277913,666062305c022b9132277913,market_control,kw,1,1,kw_market,1,10.0,0.1666666666666666,I think this is a reasonable starting discount. Sellers always have a profit margin so I feel there is always room for negotiation. Also the seller would be benefiting from survey data on a much larger scale than the data provider who in my opinion actually does a significant amount of the leg work in the process and requires to be paid fairly.,Moral,1,-0.4442862128923083,1.1527295511527758,1,0.4024307371082821,0.2021756861558619,0.39539357673585596
market_control::kw::66636514bc4749ad83a2adc8,66636514bc4749ad83a2adc8,market_control,kw,1,1,kw_market,1,8.0,0.3333333333333333,I chose -$4 because it felt like a fair reduction—enough to make it appealing to the broker but still close to the original value.,Moral,1,0.7493647984639132,-0.5076642495405138,3,0.3594673449360979,0.5698486685271613,0.07068398653674089
market_control::kw::66684184ca1b579ea53e2001,66684184ca1b579ea53e2001,market_control,kw,1,1,kw_market,1,9.0,0.25,I felt that this price change would be fair,Moral,1,-0.17909143414961723,-0.5522229036773982,3,0.5482281492503002,0.34988096947154096,0.10189088127815893
market_control::kw::66684b1580d4a4d68d9f6d16,66684b1580d4a4d68d9f6d16,market_control,kw,1,1,kw_market,2,12.0,0.0,"I am nit really sure if i am being hinest, I just think if it is worth 12 it should be 12",No clear justification,0,0.2529955523439606,-0.3493743213950902,2,0.45358499011593933,0.4427618924834531,0.10365311740060748
market_control::kw::6668a638ee51b4f1656862e8,6668a638ee51b4f1656862e8,market_control,kw,1,1,kw_market,1,10.5,0.125,"I want to maximize my profit, while providing an incentive for the broker.",Mutual Benefit / Cooperation,2,0.4168472469056266,1.010196629154664,2,0.32927218170675615,0.38369175307525444,0.28703606521798947
market_control::kw::667178d77f8b6ed980c256ff,667178d77f8b6ed980c256ff,market_control,kw,1,1,kw_market,1,6.0,0.5,I feel like this is fair to me and the broker.,Moral,1,-0.4178158982046769,-0.31898142671134205,1,0.5750410511935073,0.2907712343322917,0.13418771447420091
market_control::kw::66718b56365fa9f7aa5a330b,66718b56365fa9f7aa5a330b,market_control,kw,1,1,kw_market,2,12.0,0.0,It is what the data work is worth.,Moral,1,-0.8493891040106214,-0.43991043237701216,2,0.6508908282830704,0.21497696994855806,0.1341322017683715
market_control::kw::6673705315e1f2006697c6da,6673705315e1f2006697c6da,market_control,kw,1,1,kw_market,1,12.0,0.0,"I think it is good to start high, and then negotiate to a lower price.",Self-interest,3,0.2529955523439606,-0.3493743213950902,2,0.45358499011593933,0.4427618924834531,0.10365311740060748
market_control::kw::6679d2f916fe8e0bccf073b7,6679d2f916fe8e0bccf073b7,market_control,kw,1,1,kw_market,1,7.0,0.4166666666666666,I felt like it was a good middle number that didn't lean too strongly one way or the other,Moral,1,-0.8719469655654314,-0.5698017106665189,2,0.6649177193452025,0.21458716473507733,0.12049511591972022
market_control::kw::667c9f9c07cc857002729af5,667c9f9c07cc857002729af5,market_control,kw,1,1,kw_market,2,12.0,0.0,I chose this because I wanted to not invest in selling this data for this amount.,Self-interest,3,1.2349796847955923,-0.23321870766626215,2,0.26211962710161724,0.6697797971035736,0.06810057579480921
market_control::kw::667ca8ea11f10743686a4158,667ca8ea11f10743686a4158,market_control,kw,1,1,kw_market,1,12.0,0.0,This economy is terrible I need money to survive. I can barely afford food.,Self-interest,3,-0.6919747351146843,2.407123504028836,4,0.2143936338405451,0.08649807641495422,0.6991082897445007
market_control::kw::66951ddbfab86d4133dfb14a,66951ddbfab86d4133dfb14a,market_control,kw,1,1,kw_market,2,11.0,0.0833333333333333,"the broker is adding some value so they deserve some money, but the data controller is the one providing value so they should receive the majority",Moral,1,0.45989753638001807,0.47754277378184184,4,0.3671778601802319,0.44251233000443835,0.19030980981532963
market_control::kw::669644b94d5073adf1f9f941,669644b94d5073adf1f9f941,market_control,kw,1,1,kw_market,2,3.5,0.7083333333333333,Wanted to offer a lower price than what was set,No clear justification,0,1.3215539795542812,-0.28176313785670637,2,0.24821571059051908,0.690272738505324,0.06151155090415692
market_control::kw::66a795593c74c575b4b558c5,66a795593c74c575b4b558c5,market_control,kw,1,1,kw_market,1,6.0,0.5,It is half way between us so fairer I think,Moral,1,-0.3485814179775846,1.0927159215277933,1,0.4031918601278195,0.22230268106306786,0.3745054588091127
market_control::kw::66a9843c53827f826e9738ed,66a9843c53827f826e9738ed,market_control,kw,1,1,kw_market,2,11.0,0.0833333333333333,"Enough piece changes are happening daily, keeping things normal would just be nice to be able to account for things in life on a consistent basis",No clear justification,0,0.7232529740272283,-0.0881228841443154,1,0.3511572520887027,0.5442014433946121,0.10464130451668531
market_control::kw::66ad3561c1e5c019916365fb,66ad3561c1e5c019916365fb,market_control,kw,1,1,kw_market,2,6.0,0.5,this makes it so the broker pays a limited amount so he can have some left over,Self-interest,3,0.2186367539700153,-0.44697842608572913,2,0.46499623044831656,0.4385800593998661,0.09642371015181735
market_control::kw::66b0dbca7f5f04da0a408c1d,66b0dbca7f5f04da0a408c1d,market_control,kw,1,1,kw_market,2,0.0,1.0,Idk I dont really understand this part tbh.,No clear justification,0,0.09761039138041001,-0.3306120019428812,2,0.48291992406152123,0.4049007977763166,0.11217927816216214
market_control::kw::66b27d1addb6c513d4d783cb,66b27d1addb6c513d4d783cb,market_control,kw,1,1,kw_market,1,8.0,0.3333333333333333,"I feel that it would still give enough of a cut to me, while being attractive to the broker.",Mutual Benefit / Cooperation,2,-1.058648415099936,0.9368331813104114,4,0.48477278765605125,0.13232993724205053,0.3828972751018982
market_control::kw::66b4b315e01eaf4739f7ef6a,66b4b315e01eaf4739f7ef6a,market_control,kw,1,1,kw_market,2,7.0,0.4166666666666666,"I felt that in a provider/broker relationship, the broker would want to make a profit but ultimately the provider would have done most of the work to source the data. In that sense, it makes sense that the $12 starting price is lowered but that the provider ultimately gets slightly more than the broker.",Moral,1,0.09761039138041001,-0.3306120019428812,2,0.48291992406152123,0.4049007977763166,0.11217927816216214
market_control::kw::66ba5e1536b184eb208686a3,66ba5e1536b184eb208686a3,market_control,kw,1,1,kw_market,2,12.0,0.0,I’m kinda lost honestly. I don’t do well with these types of surveys.,No clear justification,0,0.9785446713276007,-0.21431840347950118,1,0.3075388735325705,0.6113055894527064,0.08115553701472313
market_control::kw::66c3a8ddd2149ba10569cead,66c3a8ddd2149ba10569cead,market_control,kw,1,1,kw_market,2,2.0,0.8333333333333334,I chose $10 because it seems fair to me.,Moral,1,-0.4178158982046769,-0.31898142671134205,1,0.5750410511935073,0.2907712343322917,0.13418771447420091
market_control::kw::66c3b7035a46fdbb0859d0ab,66c3b7035a46fdbb0859d0ab,market_control,kw,1,1,kw_market,1,12.0,0.0,If the system is willing to pay $12 why would I adjust it?,Self-interest,3,0.9785446713276007,-0.21431840347950118,1,0.3075388735325705,0.6113055894527064,0.08115553701472313
market_control::kw::66c68b403ed0615d73a557e0,66c68b403ed0615d73a557e0,market_control,kw,1,1,kw_market,2,6.0,0.5,I wanted to share the money with the broker.,Moral,1,0.37876968601663263,-0.4573736357501748,2,0.4331020509847362,0.4778139092824259,0.08908403973283792
market_control::kw::66c746f450506abe4d80b5e1,66c746f450506abe4d80b5e1,market_control,kw,1,1,kw_market,2,6.0,0.5,I felt this was the fairest way to do it,Moral,1,-1.2755361907618286,-0.8263823412190779,4,0.7372595162722781,0.1594433700422292,0.1032971136854927
market_control::kw::66cb2cff2ed7c15cf86a457e,66cb2cff2ed7c15cf86a457e,market_control,kw,1,1,kw_market,1,12.0,0.0,"I think it is a fair price and I don't want to devalue what I have,",Moral,1,0.2529955523439606,-0.3493743213950902,2,0.45358499011593933,0.4427618924834531,0.10365311740060748
market_control::kw::66ccca31c45aad520357f3fb,66ccca31c45aad520357f3fb,market_control,kw,1,1,kw_market,2,9.0,0.25,This time around I felt like I wanted to be a bit nice but also maybe think about myself a little more and keep some for myself,Moral,1,-0.4236297631347847,-0.7421646600853435,4,0.6042751173004051,0.30295375690012255,0.09277112579947239
market_control::kw::66cde12da4d4980e9b1e0556,66cde12da4d4980e9b1e0556,market_control,kw,1,1,kw_market,2,12.0,0.0,why would I reduce it?,Self-interest,3,0.4765509607480344,0.860509588472258,2,0.3348533313501628,0.412540465069228,0.2526062035806092
market_control::kw::66d6f727b4c2d9e52aa9a626,66d6f727b4c2d9e52aa9a626,market_control,kw,1,1,kw_market,2,12.0,0.0,i want to maximise my payoff from the transaction,Self-interest,3,1.7737481743571708,-0.337949527659812,4,0.17948103027042048,0.7782736516925519,0.0422453180370276
market_control::kw::66d88659f847e91642700180,66d88659f847e91642700180,market_control,kw,1,1,kw_market,2,12.0,0.0,"This situation felt like real life a bit were all those data brokers have my info without my consent and sell it to whoever. If I'm the product, I should be paid for it, especially when those brokers have a decent margin of error and rely on scraping data to make their profiles of people.",Self-interest,3,-0.6661400720783278,2.2134222382139606,3,0.24262286176229017,0.10004965295539625,0.6573274852823136
market_control::kw::66dc97e7cbba6864f17c410e,66dc97e7cbba6864f17c410e,market_control,kw,1,1,kw_market,1,7.0,0.4166666666666666,i have a value determine what it is,No clear justification,0,-0.5117884162409277,1.6903212380511465,2,0.32040686847565597,0.1522433741848221,0.5273497573395219
market_control::kw::66de746bcfef35f46e85ed0f,66de746bcfef35f46e85ed0f,market_control,kw,1,1,kw_market,2,6.0,0.5,I chose this because I thought it was the fairest choice but honestly this scenario got me kind of confused.,Moral,1,-0.08584621745820147,-0.6457239185364761,3,0.5351734142699984,0.3740550883671203,0.09077149736288127
market_control::kw::66dee58aac3312556cc5bef0,66dee58aac3312556cc5bef0,market_control,kw,1,1,kw_market,1,8.0,0.3333333333333333,I still want to earn a fair amount,Self-interest,3,-0.8719469655654314,-0.5698017106665189,2,0.6649177193452025,0.21458716473507733,0.12049511591972022
market_control::kw::66e76d0de95113d62f709ec5,66e76d0de95113d62f709ec5,market_control,kw,1,1,kw_market,2,12.0,0.0,I feel that I should be fair and have them owe nothing in return because I did nothing to gain more money or lose more money.,Moral,1,-1.2755361907618286,-0.8263823412190779,4,0.7372595162722781,0.1594433700422292,0.1032971136854927
market_control::kw::66eae2c28ad8563584cb7a55,66eae2c28ad8563584cb7a55,market_control,kw,1,1,kw_market,2,12.0,0.0,I chose this answer because I believe it gets as close as you can to operating as transparently as possible.,No clear justification,0,0.1460820662042363,1.888418765903418,4,0.254314847407439,0.23174546075685387,0.5139396918357072
market_control::kw::66eb8427a91699e7d2eefc29,66eb8427a91699e7d2eefc29,market_control,kw,1,1,kw_market,2,12.0,0.0,This price is the going rate and there is no need to adjust.,No clear justification,0,-0.8719469655654314,-0.5698017106665189,2,0.6649177193452025,0.21458716473507733,0.12049511591972022
market_control::kw::66f0a1d13629250f84bc2598,66f0a1d13629250f84bc2598,market_control,kw,1,1,kw_market,1,12.0,0.0,It'd be fairer if I made no price changes. Makes the decisions much harder.,Moral,1,-0.4178158982046769,-0.31898142671134205,1,0.5750410511935073,0.2907712343322917,0.13418771447420091
market_control::kw::66f305037af69346a9a55b42,66f305037af69346a9a55b42,market_control,kw,1,1,kw_market,2,10.0,0.1666666666666666,Two was not an option presented in earlier scenarios,No clear justification,0,-0.17909143414961723,-0.5522229036773982,3,0.5482281492503002,0.34988096947154096,0.10189088127815893
market_control::kw::66f5366c7e5543684f266590,66f5366c7e5543684f266590,market_control,kw,1,1,kw_market,1,10.0,0.1666666666666666,I think the item represents very good value and should not be discounted too heavily,Mutual Benefit / Cooperation,2,0.967196937978136,0.7122486111363192,3,0.274465432743123,0.5446431762971755,0.1808913909597015
market_control::kw::67002f5d9dbfa2b783bc13fd,67002f5d9dbfa2b783bc13fd,market_control,kw,1,1,kw_market,2,12.0,0.0,I don't understand why I would reduce the price at all.,Self-interest,3,-0.5117884162409277,1.6903212380511465,2,0.32040686847565597,0.1522433741848221,0.5273497573395219
market_control::kw::67055b370e3c0c4965a03128,67055b370e3c0c4965a03128,market_control,kw,1,1,kw_market,1,10.5,0.125,"I think it was the best price for me, and to save some for the other participant.",Self-interest,3,0.7680560391688322,-0.18368019534120023,1,0.3461139343447936,0.5600017925974536,0.09388427305775271
market_control::kw::670c812982889b44a1cd12fb,670c812982889b44a1cd12fb,market_control,kw,1,1,kw_market,1,5.0,0.5833333333333333,"In most cases, the broker has more than one client. They shouldn't be looking for returns as high as the producer since they have their other clients. They should retain more business this way.",Self-interest,3,-0.8493891040106214,-0.43991043237701216,2,0.6508908282830704,0.21497696994855806,0.1341322017683715
market_control::kw::670d9a104c440aaf6ee94ed7,670d9a104c440aaf6ee94ed7,market_control,kw,1,1,kw_market,2,0.0,1.0,Not reducing the price means a fair price is paid for the data and a small profit is still available,Moral,1,0.6540963484036276,-0.4296921894141962,3,0.37636991863339064,0.5437645816080163,0.07986549975859311
market_control::kw::6717cd1dc7ef68bb9dc8bf91,6717cd1dc7ef68bb9dc8bf91,market_control,kw,1,1,kw_market,2,6.0,0.5,I chosen it because its more affordable and exactly 50% off which keeps it fair and equal,Moral,1,-0.538679359556496,1.6638871549482426,2,0.326126093270736,0.15082253166427484,0.5230513750649891
market_control::kw::671846c76953b192c9269992,671846c76953b192c9269992,market_control,kw,1,1,kw_market,1,12.0,0.0,I value a square deal.,Moral,1,-0.4236297631347841,-0.7421646600853428,4,0.6042751173004048,0.30295375690012266,0.09277112579947244
market_control::kw::6718fa3043e1839e51351385,6718fa3043e1839e51351385,market_control,kw,1,1,kw_market,1,9.0,0.25,i feel its the best to choose,No clear justification,0,0.7232529740272283,-0.0881228841443154,1,0.3511572520887027,0.5442014433946121,0.10464130451668531
market_control::kw::671912820d4a64051a764936,671912820d4a64051a764936,market_control,kw,1,1,kw_market,1,12.0,0.0,"It is a best scenario in a bad group of options. At least you break even, and there's no undercutting the price/cost of your data. It feels like the most favorable price to seller / buyer",Mutual Benefit / Cooperation,2,-0.2949951866932476,0.2932161762430428,4,0.4997749796480756,0.28687535347996085,0.21334966687196352
market_control::kw::6726ae14a783520d944f2951,6726ae14a783520d944f2951,market_control,kw,1,1,kw_market,2,12.0,0.0,I wanted to not lose any money.,Self-interest,3,0.7232529740272283,-0.0881228841443154,1,0.3511572520887027,0.5442014433946121,0.10464130451668531
market_control::kw::672a6f5fc7bda7ce7ce814a7,672a6f5fc7bda7ce7ce814a7,market_control,kw,1,1,kw_market,2,6.0,0.5,"In all honestly, it just felt right. I don't have any statistical or a sound reasoning behind this number. Given the situation, lowering the price to half just seems like everything would work for all parties involved.",Moral,1,0.20832437869741965,1.5759801204284092,3,0.2889311031699527,0.2778228036118615,0.43324609321818575
market_control::kw::672bbb444ab4546a33718004,672bbb444ab4546a33718004,market_control,kw,1,1,kw_market,1,9.5,0.2083333333333333,I think if I lower too much I will lose money period I dont want that I think a 2.5 decrease probably would be suffice for someone to buy it,Self-interest,3,0.21863675397001547,-0.4469784260857285,2,0.4649962304483165,0.43858005939986616,0.09642371015181739
market_control::kw::67376ab89f1322d144ef3a0d,67376ab89f1322d144ef3a0d,market_control,kw,1,1,kw_market,1,10.0,0.1666666666666666,I feel that if I make a bonus on this then I can justify giving a little of it away.,Moral,1,0.25299555234396065,-0.3493743213950902,2,0.45358499011593933,0.4427618924834531,0.1036531174006075
market_control::kw::673a0e734bd93029881db411,673a0e734bd93029881db411,market_control,kw,1,1,kw_market,1,12.0,0.0,to maximize my own potential bonus,Self-interest,3,0.7151154949678459,1.3768356723316455,4,0.2614901401970167,0.4106137245118441,0.32789613529113915
market_control::kw::673c1f36a2a0f1b3cac7e5dd,673c1f36a2a0f1b3cac7e5dd,market_control,kw,1,1,kw_market,2,12.0,0.0,i would still like 12 dollars so i chose not to change the price. im stingey,Self-interest,3,-1.043722508072386,-0.7498131096581379,3,0.7024873897499742,0.19114082377167665,0.1063717864783492
market_control::kw::67407c617ee8b91996aed6ae,67407c617ee8b91996aed6ae,market_control,kw,1,1,kw_market,2,6.0,0.5,i still think it is fair.,Moral,1,-0.5231067994537322,1.4281733135443822,1,0.3640808381633569,0.1701590997179791,0.46576006211866405
market_control::kw::67420b3488f0786c8c142096,67420b3488f0786c8c142096,market_control,kw,1,1,kw_market,1,12.0,0.0,I think that the price is a decent enough ask for the task that is about to be undertaken. I think that it is fair to put that price forward and that is why I left the price as is.,Moral,1,-0.08584621745820147,-0.6457239185364761,3,0.5351734142699984,0.3740550883671203,0.09077149736288127
market_control::kw::67425ff05a1e573622ade37a,67425ff05a1e573622ade37a,market_control,kw,1,1,kw_market,1,10.0,0.1666666666666666,I am happy to provide a discounted price.,Moral,1,0.9671969379781357,0.7122486111363189,3,0.2744654327431231,0.5446431762971754,0.18089139095970147
market_control::kw::6742ecbc50ae979ed5099784,6742ecbc50ae979ed5099784,market_control,kw,1,1,kw_market,2,10.0,0.1666666666666666,just because I do not want to lose much money,Self-interest,3,0.1942209812016006,-0.3638165145149853,2,0.46586774672449294,0.4292701805864533,0.10486207268905372
market_control::kw::67464f1e7e327bb792ac9af4,67464f1e7e327bb792ac9af4,market_control,kw,1,1,kw_market,2,4.0,0.6666666666666667,It felt like a fair counter,Moral,1,0.2925872413999814,-0.6322539097403327,4,0.45754031344006385,0.4634275053651886,0.07903218119474753
market_control::kw::6749b08769e9ad43df3f085a,6749b08769e9ad43df3f085a,market_control,kw,1,1,kw_market,1,6.0,0.5,I absolutely have not understood what the aim is which is not like me,No clear justification,0,-0.4442862128923083,1.1527295511527758,1,0.4024307371082821,0.2021756861558619,0.39539357673585596
market_control::kw::674d54d63248254461466239,674d54d63248254461466239,market_control,kw,1,1,kw_market,2,6.0,0.5,to be fair to both parties,Moral,1,-0.4236297631347847,-0.7421646600853435,4,0.6042751173004051,0.30295375690012255,0.09277112579947239
market_control::kw::67506c9140f7ec4223d6c7be,67506c9140f7ec4223d6c7be,market_control,kw,1,1,kw_market,1,5.0,0.5833333333333333,I picked a random number,No clear justification,0,0.1942209812016006,-0.3638165145149853,2,0.46586774672449294,0.4292701805864533,0.10486207268905372
market_control::kw::675b73a2f8ca714cdf307be7,675b73a2f8ca714cdf307be7,market_control,kw,1,1,kw_market,2,9.5,0.2083333333333333,I hosestly just followed my intuition,No clear justification,0,-1.043722508072386,-0.7498131096581379,3,0.7024873897499742,0.19114082377167665,0.1063717864783492
market_control::kw::675ca2857e8537d362e26893,675ca2857e8537d362e26893,market_control,kw,1,1,kw_market,1,6.0,0.5,going to meet then half way and intrigue them,Moral,1,-0.10666945812341293,1.1183201022643972,4,0.3764504111613921,0.26333887891965513,0.3602107099189529
market_control::kw::6761f75300af0601c94fb5fa,6761f75300af0601c94fb5fa,market_control,kw,1,1,kw_market,1,0.0,1.0,I think it is a fair price and I am happy to keep it at $12,Moral,1,-0.9658776963730237,-0.43560286725327807,2,0.6661632234871446,0.19613146081627375,0.13770531569658162
market_control::kw::67621d161556ae02bd0c2a8b,67621d161556ae02bd0c2a8b,market_control,kw,1,1,kw_market,2,6.0,0.5,I chose to split down the middle again. I think it makes the most sense to always share.,Moral,1,0.29258724139998166,-0.6322539097403329,4,0.45754031344006374,0.46342750536518873,0.07903218119474749
market_control::kw::67628ff33a15445ebd5eda69,67628ff33a15445ebd5eda69,market_control,kw,1,1,kw_market,1,10.0,0.1666666666666666,"It is a small discount, but people like to think they are getting something for nothing and like to see discounts applied.",Self-interest,3,0.7680560391688322,-0.18368019534120023,1,0.3461139343447936,0.5600017925974536,0.09388427305775271
market_control::kw::6762e3d80af1b3f2a2c3895a,6762e3d80af1b3f2a2c3895a,market_control,kw,1,1,kw_market,2,0.0,1.0,I chose not to reduce the price because I need to make a living,Self-interest,3,0.7680560391688322,-0.18368019534120023,1,0.3461139343447936,0.5600017925974536,0.09388427305775271
market_control::kw::676302645c023570f5d43a0f,676302645c023570f5d43a0f,market_control,kw,1,1,kw_market,2,2.0,0.8333333333333334,I decide to keep 10 dollars for myself and just give 2 dollars to the broker.,Self-interest,3,0.2925872413999814,-0.6322539097403327,4,0.45754031344006385,0.4634275053651886,0.07903218119474753
market_control::kw::6764511bc51bb2dab8c64b16,6764511bc51bb2dab8c64b16,market_control,kw,1,1,kw_market,1,8.0,0.3333333333333333,Retain most of price of the data and gives broker 25% of the selling price,Self-interest,3,-0.7001343832496535,0.6500123014440286,2,0.5029637934775196,0.19474032552087514,0.30229588100160526
market_control::kw::67648c8aedf5d8073ca5f120,67648c8aedf5d8073ca5f120,market_control,kw,1,1,kw_market,2,8.0,0.3333333333333333,I think profit loss should be shared out to make it fair,Moral,1,-1.058648415099936,0.9368331813104114,4,0.48477278765605125,0.13232993724205053,0.3828972751018982
market_control::kw::6764d8c9aaf6f9510d1c68a9,6764d8c9aaf6f9510d1c68a9,market_control,kw,1,1,kw_market,1,10.0,0.1666666666666666,"I think this is the most fair price I can give, I also have to think about myself after all.",Moral,1,-0.4236297631347847,-0.7421646600853435,4,0.6042751173004051,0.30295375690012255,0.09277112579947239
market_control::kw::6765729d20a03e951aa84f2c,6765729d20a03e951aa84f2c,market_control,kw,1,1,kw_market,2,8.0,0.3333333333333333,I chose to decrease it in the middle fairly,Moral,1,0.9785446713276007,-0.21431840347950118,1,0.3075388735325705,0.6113055894527064,0.08115553701472313
market_control::kw::67657d4bd50d390b8e785097,67657d4bd50d390b8e785097,market_control,kw,1,1,kw_market,1,12.0,0.0,"This feels like the right choice to make, like the correct thing to do in this situation",Moral,1,-1.1852415740571156,0.15910548132209498,4,0.6217354182173863,0.1481556820870576,0.23010889969555606
market_control::kw::6769ca30dda9131a6c8a92cb,6769ca30dda9131a6c8a92cb,market_control,kw,1,1,kw_market,2,6.0,0.5,im not too sure of the instructions as i didnt understand them but i went with the middle because i think thats the fairest option,Moral,1,0.07969297832320968,0.4679265107057821,3,0.42724472697609317,0.35493561434901544,0.21781965867489145
market_control::kw::676c759c9461dbd7edccdca6,676c759c9461dbd7edccdca6,market_control,kw,1,1,kw_market,1,11.0,0.0833333333333333,less price drop less loss,Self-interest,3,0.7328598639392642,-0.45321444794166826,3,0.3612899001383408,0.5637365303675335,0.07497356949412562
market_control::kw::676fe0077976e8807cd2600f,676fe0077976e8807cd2600f,market_control,kw,1,1,kw_market,2,11.0,0.0833333333333333,I think this retains a lot for me and also gives the other person a small something,Self-interest,3,-0.4178158982046769,-0.31898142671134205,1,0.5750410511935073,0.2907712343322917,0.13418771447420091
market_control::kw::6772f2f973632e9abc06ff3b,6772f2f973632e9abc06ff3b,market_control,kw,1,1,kw_market,1,12.0,0.0,I'm so confused. Why would I decrease the value? Is that not just mean to the broker?,Moral,1,-0.17909143414961723,-0.5522229036773982,3,0.5482281492503002,0.34988096947154096,0.10189088127815893
market_control::kw::67740dc45be1bcdc911ee2fe,67740dc45be1bcdc911ee2fe,market_control,kw,1,1,kw_market,1,11.5,0.0416666666666666,the data holds a very high value,No clear justification,0,-1.043722508072386,-0.7498131096581379,3,0.7024873897499742,0.19114082377167665,0.1063717864783492
market_control::kw::6774958ebee5b6ba3bafe4c6,6774958ebee5b6ba3bafe4c6,market_control,kw,1,1,kw_market,2,9.0,0.25,I think $3 reduction is very reasonable.,Moral,1,-0.5231067994537322,1.4281733135443822,1,0.3640808381633569,0.1701590997179791,0.46576006211866405
market_control::kw::67755e6f391dd47ac7525c87,67755e6f391dd47ac7525c87,market_control,kw,1,1,kw_market,2,12.0,0.0,I don't want to put them in negative figure,Moral,1,1.407696333728675,-0.3049628785587404,2,0.23428421648079784,0.7089278853157123,0.056787898203489916
market_control::kw::6775aacf5a466dcc31d5b368,6775aacf5a466dcc31d5b368,market_control,kw,1,1,kw_market,1,12.0,0.0,I choose not to change the cost because $12 is a fair price for the data sets offered.,Moral,1,-0.6299919164681198,-0.1569794490908893,1,0.5938281912698029,0.24402972373917484,0.16214208499102228
market_control::kw::6776c640c441a770cf2f7db5,6776c640c441a770cf2f7db5,market_control,kw,1,1,kw_market,1,6.0,0.5,Because this is what I described correctly,No clear justification,0,-0.8493891040106214,-0.43991043237701216,2,0.6508908282830704,0.21497696994855806,0.1341322017683715
market_control::kw::677819172a941c8b9502932f,677819172a941c8b9502932f,market_control,kw,1,1,kw_market,1,10.0,0.1666666666666666,i believe its seems like the best price,No clear justification,0,-1.0567811251449928,-0.6654953703716517,3,0.6976857144305539,0.1874910611637122,0.1148232244057339
market_control::kw::677958490f7a301549a76602,677958490f7a301549a76602,market_control,kw,1,1,kw_market,2,12.0,0.0,I thought 0 would have been a good decision,No clear justification,0,0.9785446713276007,-0.21431840347950118,1,0.3075388735325705,0.6113055894527064,0.08115553701472313
market_control::kw::677af995d5aabfb59f938acf,677af995d5aabfb59f938acf,market_control,kw,1,1,kw_market,2,12.0,0.0,If I am selling something at a stated price then I will lose out on my profit to decrease that price.,Self-interest,3,-0.8957763248535505,1.6526372681652692,4,0.3446089391063898,0.11197024084336346,0.5434208200502466
market_control::kw::677d6b77fb855e239a363913,677d6b77fb855e239a363913,market_control,kw,1,1,kw_market,2,12.0,0.0,That was the rate set and should not be changed,Moral,1,1.3215539795542812,-0.28176313785670637,2,0.24821571059051908,0.690272738505324,0.06151155090415692
market_control::kw::677db392d5b39cac125c8dfb,677db392d5b39cac125c8dfb,market_control,kw,1,1,kw_market,2,6.0,0.5,"I chose this price because I wanted to balance fairness and personal gain. I reduced the price by an amount that felt reasonable, giving the other participant some benefit while keeping a portion for myself. I considered what felt fair in a real world situation where both sides have an interest in the outcome",Moral,1,-0.4178158982046769,-0.31898142671134205,1,0.5750410511935073,0.2907712343322917,0.13418771447420091
market_control::kw::677e66aeda5ddb35145c52eb,677e66aeda5ddb35145c52eb,market_control,kw,1,1,kw_market,1,12.0,0.0,I want to get the value for my products,Self-interest,3,-0.9658776963730237,-0.43560286725327807,2,0.6661632234871446,0.19613146081627375,0.13770531569658162
market_control::kw::678041088952b9da0a4734ae,678041088952b9da0a4734ae,market_control,kw,1,1,kw_market,1,8.0,0.3333333333333333,"I choose to reduce the price by 4$ because it felt like a fair compromise. I still value my data, but i also wanted to make the price more reasonable for the broker.",Moral,1,-1.0444283482932775,0.4282439908954608,3,0.5691854794033027,0.1563985252000079,0.2744159953966895
market_control::kw::6781faa83e147cbd160d2409,6781faa83e147cbd160d2409,market_control,kw,1,1,kw_market,2,12.0,0.0,I am barely surviving because of price increases so I do not desire to increase prices.,Moral,1,-1.119727452540171,-0.6454109161641152,3,0.7040554965238398,0.1778121198587273,0.11813238361743288
market_control::kw::678557116f825dad357b623c,678557116f825dad357b623c,market_control,kw,1,1,kw_market,2,10.0,0.1666666666666666,"I wanted to receive most of the money that the end user is paying for my work. So I will charge the distributer 10, he can charge 12 and profit the 2.",Self-interest,3,0.8979342125466696,-0.2215651947627225,1,0.3227361886628851,0.5927980305073176,0.08446578082979733
market_control::kw::67886304e14cde87368e3688,67886304e14cde87368e3688,market_control,kw,1,1,kw_market,1,9.0,0.25,I feel lower it a little,No clear justification,0,-0.4820952897411686,-0.3416584925829943,1,0.5873362586209776,0.2787482843859977,0.13391545699302473
market_control::kw::678989bea77beeb59f622658,678989bea77beeb59f622658,market_control,kw,1,1,kw_market,1,12.0,0.0,"greed, the more money you can get for the info the better in some eyes",Self-interest,3,0.8979342125466696,-0.2215651947627225,1,0.3227361886628851,0.5927980305073176,0.08446578082979733
market_control::kw::6789c87c592bb3021078ff42,6789c87c592bb3021078ff42,market_control,kw,1,1,kw_market,1,8.5,0.2916666666666666,I wanted the change in price to appear like it was significant and attractive to both parties involved.,Mutual Benefit / Cooperation,2,-0.5939620952741725,-0.3059176297759585,1,0.6020038852358618,0.25600077154148065,0.14199534322265756
market_control::kw::678c21297d5530210477d1ec,678c21297d5530210477d1ec,market_control,kw,1,1,kw_market,2,12.0,0.0,It shows i am trustworthy and truthful in my dealings with people,Moral,1,-0.10173882954887804,-0.5751415481058963,3,0.5346763577127431,0.36808589364354605,0.0972377486437109
market_control::kw::67916f3e5f32e828b221bb81,67916f3e5f32e828b221bb81,market_control,kw,1,1,kw_market,2,6.0,0.5,I know that the price change I pick has an affect on the payment someone else will receive so I think reducing the initial price by half is fair for everyone,Moral,1,0.21863675397001547,-0.4469784260857285,2,0.4649962304483165,0.43858005939986616,0.09642371015181739
market_control::kw::6798ae13687f9a946efe51eb,6798ae13687f9a946efe51eb,market_control,kw,1,1,kw_market,1,12.0,0.0,I don't want to undersell our data.,Self-interest,3,0.9785446713276007,-0.21431840347950118,1,0.3075388735325705,0.6113055894527064,0.08115553701472313
market_control::kw::67a92eb40002d1f843008b03,67a92eb40002d1f843008b03,market_control,kw,1,1,kw_market,1,12.0,0.0,If I choose a negative number then it decreases the price. I want the most money so if I choose 0 I can get the whole 12$.,Self-interest,3,0.4168472469056266,1.010196629154664,2,0.32927218170675615,0.38369175307525444,0.28703606521798947
market_control::kw::67aac3d6da39590556da57b4,67aac3d6da39590556da57b4,market_control,kw,1,1,kw_market,2,8.0,0.3333333333333333,I chose a moderate decrease to make the offer more attractive to the broker while still ensuring I receive a fair compensation for my data.,Mutual Benefit / Cooperation,2,-0.7001343832496535,0.650012301444029,2,0.5029637934775195,0.19474032552087506,0.3022958810016053
market_control::kw::67acb851f56c4346d17bea0a,67acb851f56c4346d17bea0a,market_control,kw,1,1,kw_market,1,8.0,0.3333333333333333,"It seemed like a good change, not too much but not too little.",No clear justification,0,-0.6299919164681198,-0.1569794490908893,1,0.5938281912698029,0.24402972373917484,0.16214208499102228
market_control::kw::67cb97aa66285604188d577a,67cb97aa66285604188d577a,market_control,kw,1,1,kw_market,1,12.0,0.0,"this way both of us will receive equal compensation for our time if chosen, which seems the most fair.",Moral,1,0.17749418727353317,1.557072269401394,3,0.29378709036675243,0.27397898881484883,0.43223392081839873
market_control::kw::67ccf5aaec16501a9fec7097,67ccf5aaec16501a9fec7097,market_control,kw,1,1,kw_market,1,4.0,0.6666666666666667,"I chose to decrease the price by $4 because I wanted to keep the price reasonable for the broker while still earning a decent bonus if my data is selected. It feels like a fair compromise . I’m not keeping the full $12, but I’m also not dropping the price too low, so both sides benefit.",Moral,1,0.07969297832320965,0.467926510705782,3,0.42724472697609317,0.35493561434901544,0.21781965867489142
market_control::kw::67cf5ec3ba426f48883865b2,67cf5ec3ba426f48883865b2,market_control,kw,1,1,kw_market,2,8.0,0.3333333333333333,i think its a reasonable price for sharing of thr task,Moral,1,-1.2755361907618286,-0.8263823412190779,4,0.7372595162722781,0.1594433700422292,0.1032971136854927
market_control::kw::67e1da8a432675c0e850e8d1,67e1da8a432675c0e850e8d1,market_control,kw,1,1,kw_market,1,7.0,0.4166666666666666,The fact i chose that was to stay safe and not expecting the outcome to be brutal just fair and that's all,Self-interest,3,1.7737481743571708,-0.337949527659812,4,0.17948103027042048,0.7782736516925519,0.0422453180370276
market_control::kw::67e80fd6ef19882569cf49d3,67e80fd6ef19882569cf49d3,market_control,kw,1,1,kw_market,1,6.0,0.5,I decide to adjust the price to half off in order to hopefully generate additional business and customers and still be able to make a profit,Mutual Benefit / Cooperation,2,-0.3039108704975144,1.1237345202669324,1,0.39456914367566154,0.22744480621626878,0.3779860501080696
market_control::kw::67eaa46b7bb6cbefdcbde74c,67eaa46b7bb6cbefdcbde74c,market_control,kw,1,1,kw_market,2,7.0,0.4166666666666666,"It demonstrates readiness to share value, but still having the majority of the initial amount.",Self-interest,3,-0.10666945812341293,1.1183201022643985,4,0.3764504111613919,0.26333887891965496,0.3602107099189531
market_control::kw::67ebd1d4bb59134cd76d76dd,67ebd1d4bb59134cd76d76dd,market_control,kw,1,1,kw_market,2,1.5,0.875,I'm working on the value of the data being $12 so didnt want to reduce the cost too much but just enough to encourage it to be sold at a competitive price.,Mutual Benefit / Cooperation,2,-0.3039108704975144,1.1237345202669324,1,0.39456914367566154,0.22744480621626878,0.3779860501080696
market_control::kw::67ef19849ce42ec68447928e,67ef19849ce42ec68447928e,market_control,kw,1,1,kw_market,2,6.5,0.4583333333333333,based on my preference,No clear justification,0,0.7328598639392634,-0.4532144479416682,3,0.36128990013834095,0.5637365303675332,0.07497356949412566
market_control::kw::67ef271a077b57be115e4a24,67ef271a077b57be115e4a24,market_control,kw,1,1,kw_market,1,10.0,0.1666666666666666,"I chose a -$2 reduction to set the final price at $10 because it strikes a fair balance. I value my data highly and want to keep the majority of the $12 sale price. However, providing a $2 margin incentivizes the broker to complete the transaction, which is necessary for me to secure my payment.",Mutual Benefit / Cooperation,2,0.1460820662042363,1.888418765903418,4,0.254314847407439,0.23174546075685387,0.5139396918357072
market_control::kw::680d2af1cec0860b4f0f3fad,680d2af1cec0860b4f0f3fad,market_control,kw,1,1,kw_market,2,12.0,0.0,i see it as a buisness transaction so its important for me to maintain my margins,Self-interest,3,0.1460820662042363,1.888418765903418,4,0.254314847407439,0.23174546075685387,0.5139396918357072
market_control::kw::68123a73ba06c472ccd5edb8,68123a73ba06c472ccd5edb8,market_control,kw,1,1,kw_market,2,8.0,0.3333333333333333,Because I don't get why it is in the negative.,No clear justification,0,0.2529955523439606,-0.3493743213950902,2,0.45358499011593933,0.4427618924834531,0.10365311740060748
market_control::kw::6813fb6e6bf8c3d60d489aa4,6813fb6e6bf8c3d60d489aa4,market_control,kw,1,1,kw_market,2,7.0,0.4166666666666666,as it was halfway and Im not really sure I understand the reasons,No clear justification,0,-0.7001343832496535,0.650012301444029,2,0.5029637934775195,0.19474032552087506,0.3022958810016053
market_control::kw::6818e359bac0edc6d7967947,6818e359bac0edc6d7967947,market_control,kw,1,1,kw_market,2,10.0,0.1666666666666666,I want to make more money,Self-interest,3,-0.3485814179775846,1.0927159215277933,1,0.4031918601278195,0.22230268106306786,0.3745054588091127
market_control::kw::6824fd5f12b792fdaec9b2be,6824fd5f12b792fdaec9b2be,market_control,kw,1,1,kw_market,1,4.0,0.6666666666666667,I chose $8 because it felt like a fair compromise between getting paid for my data and keeping the price attractive enough for the broker to want to buy and resell.,Mutual Benefit / Cooperation,2,-1.043722508072386,-0.7498131096581379,3,0.7024873897499742,0.19114082377167665,0.1063717864783492
market_control::kw::682873b45f6f878f3e09f079,682873b45f6f878f3e09f079,market_control,kw,1,1,kw_market,2,6.0,0.5,I want to be completely fair as I know the broker has a lot of work to do compared to my role,Moral,1,0.1460820662042363,1.888418765903418,4,0.254314847407439,0.23174546075685387,0.5139396918357072
market_control::kw::682ce81464477d02bf7e7fd0,682ce81464477d02bf7e7fd0,market_control,kw,1,1,kw_market,2,12.0,0.0,I want to make huge profits.,Mutual Benefit / Cooperation,2,0.809858880338501,0.8303976776362298,3,0.29047506864944994,0.4952287531901591,0.21429617816039098
market_control::kw::6848926c273c09f28311df5c,6848926c273c09f28311df5c,market_control,kw,1,1,kw_market,1,12.0,0.0,"I kept the price as it was because it already seemed fair and complete. There wasn’t a clear reason to lower it, and keeping the full amount felt like the most reasonable choice for the value of the data I provide.",Moral,1,-0.7741294111051656,1.1544989793370228,3,0.42706770271126715,0.15500884209912658,0.4179234551896063
market_control::kw::68729361bee62f6a3fb232ec,68729361bee62f6a3fb232ec,market_control,kw,1,1,kw_market,2,8.0,0.3333333333333333,I think this is a good fraction for this business. There can't be balance between the owner at least.,Mutual Benefit / Cooperation,2,0.8098588803385008,0.8303976776362304,3,0.29047506864944994,0.495228753190159,0.2142961781603911
market_control::kw::6877bdcaf946816818814ec3,6877bdcaf946816818814ec3,market_control,kw,1,1,kw_market,2,6.0,0.5,I wanted to make a good concesssion so as to help my colleague,Moral,1,-0.9326907606037305,0.2956698030486112,3,0.5778713308528008,0.17702579628935974,0.24510287285783938
market_control::kw::68a6dc664cd3d2a30d5b5a24,68a6dc664cd3d2a30d5b5a24,market_control,kw,1,1,kw_market,2,10.0,0.1666666666666666,TWO DOLLARS OFF TAKES IT DOWN TO $10 WHICH MAKES IT SEEM LIKE A GOOD DEAL AND MONEY OFF BUT STILL PROFITABLE,Mutual Benefit / Cooperation,2,-0.6299919164681198,-0.1569794490908893,1,0.5938281912698029,0.24402972373917484,0.16214208499102228
market_control::kw::68ff34118d155f3c126368d4,68ff34118d155f3c126368d4,market_control,kw,1,1,kw_market,2,12.0,0.0,I didn't see a reason for reducing the value. This way both participants are paid maximally.,Mutual Benefit / Cooperation,2,1.6057375498937188,-0.3045866207944419,3,0.2032957252914534,0.7473115277664466,0.049392746942099906
market_control::kw::691248ae869389d0f017a135,691248ae869389d0f017a135,market_control,kw,1,1,kw_market,1,9.5,0.2083333333333333,I feel like that is fair and it is giving them a little bit of a deal.,Moral,1,1.6213842349797534,-0.34161777036655344,3,0.20134688072051682,0.7514974283805849,0.04715569089889828
market_control::kw::6929d6581f54fd39c4c59891,6929d6581f54fd39c4c59891,market_control,kw,1,1,kw_market,2,0.0,1.0,"I chose this price because the original price didn't have that much meaning to me, so allowing it to be $0 seems like a kind gesture.",Moral,1,0.09761039138041001,-0.3306120019428812,2,0.48291992406152123,0.4049007977763166,0.11217927816216214
market_control::kw::692f63e0732ec758dc04cd49,692f63e0732ec758dc04cd49,market_control,kw,1,1,kw_market,2,6.0,0.5,I believe in equality and I want everyone to get fair pay.,Moral,1,-0.4236297631347846,-0.7421646600853435,4,0.6042751173004051,0.30295375690012255,0.09277112579947239
market_control::lt::55146e64fdf99b253d5b1c5d,55146e64fdf99b253d5b1c5d,market_control,lt,1,0,lt_market,2,10.5,0.125,to make the data worth more so i can make more money,Mutual Benefit / Cooperation,2,-0.3903311438018378,-0.14390683507284507,2,0.5463668062096525,0.3134894012607265,0.14014379252962103
market_control::lt::5589480afdf99b5ccca3c1ea,5589480afdf99b5ccca3c1ea,market_control,lt,1,0,lt_market,2,9.0,0.25,I think it is fair overall. I make decisions based on fairness for the most part and believe 1 is a fair number,Moral,1,0.2604088929240888,-0.080868427145936,1,0.42640757389984707,0.45738420142823466,0.1162082246719183
market_control::lt::5589b65afdf99b118adfa595,5589b65afdf99b118adfa595,market_control,lt,1,0,lt_market,1,6.0,0.5,I think it is fair to both parties.,Moral,1,0.4163404946962477,-0.10281387486093779,2,0.39805129076336454,0.49586100601943106,0.10608770321720444
market_control::lt::562cee16733ea00011163376,562cee16733ea00011163376,market_control,lt,1,0,lt_market,2,8.0,0.3333333333333333,"I think it is fair for the data controller to make a profit but it should be a reasonable one, fair to all parties.",Moral,1,0.16254424495575656,0.1938479478199508,4,0.4281976694711286,0.4187268731337166,0.15307545739515482
market_control::lt::5664b80b4ef50400127da023,5664b80b4ef50400127da023,market_control,lt,1,0,lt_market,2,12.0,0.0,they can give me more,Self-interest,3,-0.046215248498630936,0.6297723266947416,3,0.4253378666758919,0.34137682973293026,0.23328530359117777
market_control::lt::5698045b8d9be6000a879f95,5698045b8d9be6000a879f95,market_control,lt,1,0,lt_market,1,11.0,0.0833333333333333,"If it is my data, I should receive most compensation: a broker should only get a minimal handling fee",Self-interest,3,-0.33617933209989836,0.3506933293725338,2,0.49432810208075584,0.2995175034544114,0.20615439446483275
market_control::lt::56b4fd68a9d33a000a891ff9,56b4fd68a9d33a000a891ff9,market_control,lt,1,0,lt_market,2,8.0,0.3333333333333333,"I felt that the data would have more worth than the brokerage role, so allocated more potential payment to the data provider.",Moral,1,-0.5416148878518917,0.1326625249123156,4,0.545522495153978,0.2708071725366765,0.18367033230934557
market_control::lt::56c63573305eaa000bf21126,56c63573305eaa000bf21126,market_control,lt,1,0,lt_market,2,8.0,0.3333333333333333,The 2 to 1 split of the price seemed fair reward for the work each undertook.,Moral,1,-0.06716916080694475,-0.16037122510299504,3,0.49137359826586535,0.38470116707832575,0.12392523465580896
market_control::lt::56de005e6893b5000ce95d71,56de005e6893b5000ce95d71,market_control,lt,1,0,lt_market,1,12.0,0.0,I am willing to be generous as I don’t believe there is a real life prolific person playing the game with me,Moral,1,0.5113475364077094,-0.1298597868487042,2,0.3811086906595954,0.520044046815243,0.0988472625251617
market_control::lt::56e68157f6ed90000ba5855c,56e68157f6ed90000ba5855c,market_control,lt,1,0,lt_market,2,8.0,0.3333333333333333,I WAS UNSURE EITHER WAY.,No clear justification,0,-0.16893168199384156,0.36340560493519247,1,0.4685573923592175,0.3335451093663458,0.1978974982744367
market_control::lt::56fa7c2e51c6bf000ccb2954,56fa7c2e51c6bf000ccb2954,market_control,lt,1,0,lt_market,2,6.0,0.5,To even the amounts as I had done more work,Moral,1,0.1325920837816999,-0.2178274544650158,4,0.45738174397889575,0.43370366772409075,0.10891458829701349
market_control::lt::571cd566e1d2ec0013a68b64,571cd566e1d2ec0013a68b64,market_control,lt,1,0,lt_market,1,4.0,0.6666666666666667,it seem the most reasonable,No clear justification,0,-0.24241999018484217,-0.04504259453363697,1,0.5142658814601118,0.34036104726429617,0.14537307127559207
market_control::lt::572f897aad13160009008979,572f897aad13160009008979,market_control,lt,1,0,lt_market,1,11.5,0.0416666666666666,I wanted to get as much money as possible,Self-interest,3,0.2604088929240888,-0.080868427145936,1,0.42640757389984707,0.45738420142823466,0.1162082246719183
market_control::lt::574061ecd700ea000ef44a8f,574061ecd700ea000ef44a8f,market_control,lt,1,0,lt_market,1,4.0,0.6666666666666667,$8 seems high and the value of the data can't be determined beforehand. Reducing the fee seems to make more sense. Also less money spent to achieve the same outcome seems more reasonable.,Self-interest,3,-0.33617933209989836,0.35069332937253367,2,0.49432810208075584,0.2995175034544114,0.20615439446483272
market_control::lt::578901354a84da00014c41cf,578901354a84da00014c41cf,market_control,lt,1,0,lt_market,1,9.5,0.2083333333333333,I am wanting to get a higher price as I want to overperform and do better.,Self-interest,3,0.3502384522091585,-0.17651577956845124,3,0.4138087361209157,0.48363370359318547,0.10255756028589888
market_control::lt::57b6dfafe2d5a60001099543,57b6dfafe2d5a60001099543,market_control,lt,1,0,lt_market,1,9.0,0.25,I thought it was fair to increase it slightly,Moral,1,0.03731886017141742,0.3226591128731309,2,0.43983182557390177,0.3816693115022103,0.17849886292388792
market_control::lt::57e7b82b21d77800018e51fe,57e7b82b21d77800018e51fe,market_control,lt,1,0,lt_market,2,12.0,0.0,I think both my partner and I deserve the same amount,Moral,1,0.056834278311391595,-0.08754987291404444,2,0.4644432898183499,0.40973518842229545,0.12582152175935457
market_control::lt::582086da97b5100001b9b830,582086da97b5100001b9b830,market_control,lt,1,0,lt_market,1,12.0,0.0,I feel this is fair as this data belongs to me.,Moral,1,0.6322967281518345,-0.14495761439176233,3,0.3586812075600192,0.54972327990078,0.09159551253920085
market_control::lt::58635484a73baa00010db537,58635484a73baa00010db537,market_control,lt,1,0,lt_market,1,12.0,0.0,"Because, I find that if the prolific worker can get more money for the data, it's because I added a lot of information to the data and made sure that I tried my best to add value to the open-ended questions as I always try to give as much detail as I can if I know what exactly I am trying to give examples of. Though, this type of open-ended questions were a little different from what I'm used to, so I had to think about what kind of similar real life situations those were.. and I'm not sure if I did it right. I did feel like the 0 would be the easiest because that is truly like helping out a friend. So, I tried to put in as much thought as I could. But didn't know how much we were supposed to write for each box.",No clear justification,0,-0.40233666069201396,-0.221939782510233,3,0.55415909970848,0.31421786772975235,0.13162303256176772
market_control::lt::5884593bd920ed0001fdccb4,5884593bd920ed0001fdccb4,market_control,lt,1,0,lt_market,2,5.0,0.5833333333333333,because i wanted to test the others persons process,No clear justification,0,0.1325920837816999,-0.21782745446501575,4,0.45738174397889575,0.43370366772409075,0.1089145882970135
market_control::lt::58a477c660cd820001e9a5d6,58a477c660cd820001e9a5d6,market_control,lt,1,0,lt_market,1,10.0,0.1666666666666666,I would want to charge more so I can make more money.,Self-interest,3,-0.18586686805578373,-0.09650106266169477,1,0.5082945724316597,0.35513767390099116,0.13656775366734916
market_control::lt::58af7fe1b48dc6000173bffe,58af7fe1b48dc6000173bffe,market_control,lt,1,0,lt_market,2,12.0,0.0,I wanted to maximise the possibility of me receiving the most money. I do not care about the broker in this transaction and only wanted to maximise my price.,Self-interest,3,-0.1331162172467738,0.41716502263560573,1,0.45822877411177687,0.3377475886534488,0.2040236372347744
market_control::lt::5915e5c6405db80001f30ff1,5915e5c6405db80001f30ff1,market_control,lt,1,0,lt_market,1,10.0,0.1666666666666666,I think it is worth more than $8 a $2 peoce increase is not huge but makes a small difference,Mutual Benefit / Cooperation,2,0.05672922341367261,-0.11066860470094907,2,0.4658049394030017,0.41085257081427373,0.12334248978272463
market_control::lt::5928b6414a05920001393ecf,5928b6414a05920001393ecf,market_control,lt,1,0,lt_market,1,10.0,0.1666666666666666,I simply increased the price to get more money.,Self-interest,3,0.4163404946962477,-0.10281387486093779,2,0.39805129076336454,0.49586100601943106,0.10608770321720444
market_control::lt::5942d73df8bfc00001985c3c,5942d73df8bfc00001985c3c,market_control,lt,1,0,lt_market,2,12.0,0.0,Again I dont think the other participant is real.,No clear justification,0,0.05672922341367261,-0.11066860470094907,2,0.4658049394030017,0.41085257081427373,0.12334248978272463
market_control::lt::594b80f264c25300013deb95,594b80f264c25300013deb95,market_control,lt,1,0,lt_market,2,10.5,0.125,i thought i should increase it by a little to show willing,Moral,1,0.20271910893113304,-0.03572521979616134,1,0.43476479819840197,0.44132129716157764,0.12391390464002038
market_control::lt::595bee9282be5500017ad683,595bee9282be5500017ad683,market_control,lt,1,0,lt_market,1,10.0,0.1666666666666666,I think it's best to try for a small profit without pricing yourself out of the market of what your selling.,Mutual Benefit / Cooperation,2,0.8134369554369972,-0.1629987387226181,4,0.32521956770786953,0.5932805315422189,0.08149990074991156
market_control::lt::596141af7ab4ce00017b8638,596141af7ab4ce00017b8638,market_control,lt,1,0,lt_market,2,12.0,0.0,i wanted to increase the price by 4,No clear justification,0,0.3099571703530825,-0.07044642818123877,1,0.4166229042964789,0.46867968981410496,0.11469740588941615
market_control::lt::596df2ca780e5c0001852208,596df2ca780e5c0001852208,market_control,lt,1,0,lt_market,2,6.0,0.5,So I can split it equally with the broker as they will have little say in negotiations as there fee is set.,Moral,1,-0.08034450326116314,0.22525224571035157,3,0.46657136513362174,0.36136826196865124,0.17206037289772705
market_control::lt::598afb77600a7a00018fabd7,598afb77600a7a00018fabd7,market_control,lt,1,0,lt_market,1,10.0,0.1666666666666666,I would like to make as much money as possible and as long as the buyer it happy to pay the price I will also be happy,Self-interest,3,-0.280229608365742,0.25826308870077275,2,0.4950383029836831,0.3163942310473726,0.18856746596894425
market_control::lt::598f22af33481c000164d359,598f22af33481c000164d359,market_control,lt,1,0,lt_market,2,11.5,0.0416666666666666,To take a chance on making more money,Mutual Benefit / Cooperation,2,0.4725844341046694,-0.19088725063921586,4,0.3908490846577801,0.513706518128007,0.09544439721421275
market_control::lt::59d4fac0d1ab390001da2e46,59d4fac0d1ab390001da2e46,market_control,lt,1,0,lt_market,2,11.0,0.0833333333333333,This price is near enough to the price I expected for the data.,No clear justification,0,0.10780316037711343,-0.15234459016615892,2,0.4586607839133205,0.42480566993717295,0.11653354614950653
market_control::lt::59d8d3aeea41450001ec79b0,59d8d3aeea41450001ec79b0,market_control,lt,1,0,lt_market,2,11.0,0.0833333333333333,"Given the data producer has done most of the work and the broker is not, I feel that more the value that the broker receives should be shared with the data collector. That is not to say that the Broker shouldn't receive something commensurate to the work performed.",Moral,1,-0.18444609119845176,0.16154094341250583,4,0.48854766089229923,0.34222285843443095,0.1692294806732698
market_control::lt::59dc924bbe399f0001e495f2,59dc924bbe399f0001e495f2,market_control,lt,1,0,lt_market,1,5.5,0.5416666666666667,I think I clicked the button the wrong way I meant to put it up 2.5 to negotiate,Mutual Benefit / Cooperation,2,0.47258443410466955,-0.19088725063921583,4,0.3908490846577801,0.5137065181280072,0.09544439721421273
market_control::lt::59f474a3f4217300016cbfa0,59f474a3f4217300016cbfa0,market_control,lt,1,0,lt_market,1,10.5,0.125,I think my work should be worth the slight increase.,Self-interest,3,0.30931173943857937,-0.04788387181476837,1,0.4156469829398019,0.46734288377063804,0.11701013328956009
market_control::lt::59f4fa78da08940001d4e7b7,59f4fa78da08940001d4e7b7,market_control,lt,1,0,lt_market,2,10.0,0.1666666666666666,Its bad karma to give a low amount to someone,Moral,1,-0.4836946886838424,-0.2184511829604697,3,0.5673347960722825,0.2974304316552432,0.13523477227247432
market_control::lt::5a03241a6e1ea9000124dead,5a03241a6e1ea9000124dead,market_control,lt,1,0,lt_market,2,5.0,0.5833333333333333,I feel that I should profit more from the sale of my data.,Self-interest,3,0.2920031901621047,0.25737481908746435,3,0.4018884780533435,0.4451852328785681,0.1529262890680885
market_control::lt::5a23ff0d84da9c0001b6db6f,5a23ff0d84da9c0001b6db6f,market_control,lt,1,0,lt_market,2,10.0,0.1666666666666666,Because making a profit is key in business management.,Mutual Benefit / Cooperation,2,0.32880477878820624,0.29561373944889735,3,0.3932407982055123,0.45138365428723815,0.15537554750724966
market_control::lt::5a2ba3972a1bed0001f352a6,5a2ba3972a1bed0001f352a6,market_control,lt,1,0,lt_market,1,12.0,0.0,There is no benefit to me to sell the data for a lower price then the one originally put across to me. I am unsure why the computer set the price so low when more could be gained.,Self-interest,3,0.10780316037711343,-0.15234459016615892,2,0.4586607839133205,0.42480566993717295,0.11653354614950653
market_control::lt::5a3b25c1b10ade00010e2bbf,5a3b25c1b10ade00010e2bbf,market_control,lt,1,0,lt_market,1,7.0,0.4166666666666666,I don't think prices should be increased so much that it burdens the consumer,Moral,1,0.2920031901621047,0.25737481908746435,3,0.4018884780533435,0.4451852328785681,0.1529262890680885
market_control::lt::5a4996b835c9d50001fdcdbf,5a4996b835c9d50001fdcdbf,market_control,lt,1,0,lt_market,2,8.0,0.3333333333333333,I decided to leave it as it was selected,No clear justification,0,0.05672922341367261,-0.11066860470094907,2,0.4658049394030017,0.41085257081427373,0.12334248978272463
market_control::lt::5a4a5db666e7880001de6366,5a4a5db666e7880001de6366,market_control,lt,1,0,lt_market,2,8.0,0.3333333333333333,Happy with the original price,No clear justification,0,-0.08102363708334677,0.25263358682623477,3,0.4644736414610516,0.359566228111426,0.17596013042752243
market_control::lt::5a5bd24be0cf3d000126849e,5a5bd24be0cf3d000126849e,market_control,lt,1,0,lt_market,1,10.0,0.1666666666666666,I wanted to earn a good profit from the product. I didn't select the maximum as I wanted to be fair to the broker.,Moral,1,-0.18444609119845176,0.16154094341250583,4,0.48854766089229923,0.34222285843443095,0.1692294806732698
market_control::lt::5a9bff3b6475f900019ffc51,5a9bff3b6475f900019ffc51,market_control,lt,1,0,lt_market,1,10.5,0.125,It seemed reasonable since we are trying to consider something in real life.,No clear justification,0,0.20271910893113304,-0.03572521979616134,1,0.43476479819840197,0.44132129716157764,0.12391390464002038
market_control::lt::5a9d223b89de8200013f1893,5a9d223b89de8200013f1893,market_control,lt,1,0,lt_market,2,12.0,0.0,I would need to make this amount just to pay the broker his fee,Self-interest,3,0.716958379058894,-0.1511218480492619,3,0.34290331853451267,0.5701017103789227,0.08699497108656462
market_control::lt::5aa308f0b5e2110001c71eb5,5aa308f0b5e2110001c71eb5,market_control,lt,1,0,lt_market,2,5.0,0.5833333333333333,The decrease is not too big and not too small,No clear justification,0,-0.14115278125616826,-0.05520683654580309,1,0.4976799243953466,0.3630601105559182,0.1392599650487352
market_control::lt::5aa9528235237b0001132675,5aa9528235237b0001132675,market_control,lt,1,0,lt_market,2,7.5,0.375,I didn't want to take too much away,Moral,1,-0.10759915724631572,-0.1957836974420123,3,0.500866974854375,0.37713995756462937,0.12199306758099558
market_control::lt::5ad4a1eb754a0d0001622e5e,5ad4a1eb754a0d0001622e5e,market_control,lt,1,0,lt_market,2,10.0,0.1666666666666666,to earn more money and therefore benefit more,Self-interest,3,0.20271910893113304,-0.03572521979616134,1,0.43476479819840197,0.44132129716157764,0.12391390464002038
market_control::lt::5b15a1369663ee000146421e,5b15a1369663ee000146421e,market_control,lt,1,0,lt_market,1,9.5,0.2083333333333333,"I figure all data is valuable, so I increased the price. But you still have to be competitive so I didn't raise the price all the way to $12.",Self-interest,3,0.07351739077625542,0.36943815243022743,2,0.43035130615759115,0.38677815275269833,0.18287054108971054
market_control::lt::5b168549f6cef00001428386,5b168549f6cef00001428386,market_control,lt,1,0,lt_market,1,8.0,0.3333333333333333,"I believe in honesty, and fairness. By adjusting the price I would either devalue myself or the other participant. I would prefer to therefore stick to a pre-agreed price, so we are both treated fairly and so that we both know where we stand.",Moral,1,0.5113475364077094,-0.1298597868487042,2,0.3811086906595954,0.520044046815243,0.0988472625251617
market_control::lt::5b2509947f7816000145fa13,5b2509947f7816000145fa13,market_control,lt,1,0,lt_market,2,9.0,0.25,"To get a little bit more of the portion, since they might get more than me",Self-interest,3,-0.4836946886838424,-0.2184511829604697,3,0.5673347960722825,0.2974304316552432,0.13523477227247432
market_control::lt::5b44a4d396bc8a0001a9c4db,5b44a4d396bc8a0001a9c4db,market_control,lt,1,0,lt_market,2,8.0,0.3333333333333333,I think its a fair split as the creation of something is the most important thing and should invite a higher percentage of the selling price,Moral,1,-0.21182321370100246,-0.2430259849579455,4,0.5225738223093924,0.3559117922198606,0.12151438547074699
market_control::lt::5b490bd59afec90001009679,5b490bd59afec90001009679,market_control,lt,1,0,lt_market,2,0.0,1.0,It would give it to be for free,No clear justification,0,0.4725844341046694,-0.19088725063921583,4,0.3908490846577801,0.513706518128007,0.09544439721421275
market_control::lt::5b4e50fb369f840001136070,5b4e50fb369f840001136070,market_control,lt,1,0,lt_market,1,11.0,0.0833333333333333,increase opportunities for what couold be bought,Mutual Benefit / Cooperation,2,-0.18586686805578373,-0.09650106266169477,1,0.5082945724316597,0.35513767390099116,0.13656775366734916
market_control::lt::5b7aa7bd5eb62e000187fbf3,5b7aa7bd5eb62e000187fbf3,market_control,lt,1,0,lt_market,2,12.0,0.0,I believe my data is more valuable than the price set.,Self-interest,3,0.6322967281518345,-0.14495761439176233,3,0.3586812075600192,0.54972327990078,0.09159551253920085
market_control::lt::5b9dbc7be671c60001226570,5b9dbc7be671c60001226570,market_control,lt,1,0,lt_market,2,12.0,0.0,I know what I am worth. I want to get the most out of something.,Self-interest,3,-0.23117859315737332,0.43158189773254346,1,0.4711949593078301,0.3160524469855106,0.21275259370665936
market_control::lt::5ba064c10d4416000157a224,5ba064c10d4416000157a224,market_control,lt,1,0,lt_market,2,10.0,0.1666666666666666,Honestly I just want more money.,Self-interest,3,-0.3019827353755043,-0.17288326736705745,2,0.5336477657497863,0.33334434279431324,0.13300789145590042
market_control::lt::5ba937d53c7a050001992e80,5ba937d53c7a050001992e80,market_control,lt,1,0,lt_market,1,10.0,0.1666666666666666,I wanted to maximise my profit while still allowing the other participant to gain something if we are selected,Self-interest,3,0.05672922341367261,-0.11066860470094907,2,0.4658049394030017,0.41085257081427373,0.12334248978272463
market_control::lt::5bb356db42eb6700017d5196,5bb356db42eb6700017d5196,market_control,lt,1,0,lt_market,2,0.0,1.0,Because I don’t know the other person,Self-interest,3,-0.3019827353755043,-0.17288326736705745,2,0.5336477657497863,0.33334434279431324,0.13300789145590042
market_control::lt::5bbbe1058f3bd70001e714e4,5bbbe1058f3bd70001e714e4,market_control,lt,1,0,lt_market,2,6.0,0.5,I wanted to make the amount more equal,Moral,1,-0.2118232137010024,-0.2430259849579455,4,0.5225738223093924,0.3559117922198606,0.12151438547074699
market_control::lt::5bd1ebd75c90120001d0f088,5bd1ebd75c90120001d0f088,market_control,lt,1,0,lt_market,2,11.0,0.0833333333333333,knowing what my work is worth,Self-interest,3,-0.10759915724631572,-0.1957836974420123,3,0.500866974854375,0.37713995756462937,0.12199306758099558
market_control::lt::5be2012f7227be0001e965ac,5be2012f7227be0001e965ac,market_control,lt,1,0,lt_market,2,8.0,0.3333333333333333,"I'm happy to accept the price for the data without any changes. I feel we were given equal chance of being a broker, so they deserve their amount and I deserve my amount",Moral,1,0.2625674826681401,-0.17098184043680764,3,0.43034339915605024,0.46237575188907964,0.10728084895487006
market_control::lt::5beb23c7524a340001927005,5beb23c7524a340001927005,market_control,lt,1,0,lt_market,1,10.0,0.1666666666666666,To be able to make more profit.,Mutual Benefit / Cooperation,2,0.2604088929240888,-0.080868427145936,1,0.42640757389984707,0.45738420142823466,0.1162082246719183
market_control::lt::5bf003ccaf38d100016bb945,5bf003ccaf38d100016bb945,market_control,lt,1,0,lt_market,2,6.0,0.5,A fair payment for equal participants,Moral,1,-0.4836946886838424,-0.2184511829604697,3,0.5673347960722825,0.2974304316552432,0.13523477227247432
market_control::lt::5bf50c187ea49f0001ba734a,5bf50c187ea49f0001ba734a,market_control,lt,1,0,lt_market,1,10.0,0.1666666666666666,I’m all for gaining but don’t want to leave the other with nothing at all,Self-interest,3,0.6751246424532439,-0.12033338206202564,3,0.34979143869932894,0.5586954626091105,0.0915130986915605
market_control::lt::5c0676a61a20110001ea1a24,5c0676a61a20110001ea1a24,market_control,lt,1,0,lt_market,1,8.0,0.3333333333333333,"I think that if I understand this study correctly, the amount that I can sell data to the broker for is now $8.00 so if the broker earns $12, they would have enough to pay me $8.00 from it for the data.",Moral,1,-0.23117859315737332,0.43158189773254346,1,0.4711949593078301,0.3160524469855106,0.21275259370665936
market_control::lt::5c110067753adc00015913e3,5c110067753adc00015913e3,market_control,lt,1,0,lt_market,2,12.0,0.0,I chose a positive amount because I felt that was right,Moral,1,-0.2118232137010024,-0.2430259849579455,4,0.5225738223093924,0.3559117922198606,0.12151438547074699
market_control::lt::5c1b927f3c08ba000171621a,5c1b927f3c08ba000171621a,market_control,lt,1,0,lt_market,1,12.0,0.0,to receive the price i set,Self-interest,3,-0.1407053838268989,-0.08099356245251453,1,0.4993679926990161,0.36440738191823435,0.13622462538274951
market_control::lt::5c1c24b95a1e530001a333d4,5c1c24b95a1e530001a333d4,market_control,lt,1,0,lt_market,2,8.0,0.3333333333333333,"unsure to be honest, gut feeling",No clear justification,0,0.2625674826681401,-0.17098184043680764,3,0.43034339915605024,0.46237575188907964,0.10728084895487006
market_control::lt::5c3272172f0f3500010284c0,5c3272172f0f3500010284c0,market_control,lt,1,0,lt_market,2,8.0,0.3333333333333333,I think $8 is a fair price,Moral,1,-0.08102363708334683,0.25263358682623477,3,0.4644736414610516,0.359566228111426,0.17596013042752243
market_control::lt::5c336b366f160f0001348481,5c336b366f160f0001348481,market_control,lt,1,0,lt_market,2,12.0,0.0,I am participating in this study to make money and therefore I have chosen to keep the money for myself. I do not know the other participant and have no obligation to help them.,Self-interest,3,0.13259208378169993,-0.21782745446501575,4,0.45738174397889575,0.4337036677240908,0.1089145882970135
market_control::lt::5c3512d27ab36100015bd89a,5c3512d27ab36100015bd89a,market_control,lt,1,0,lt_market,1,10.5,0.125,Because I thought an increase would be interesting and beneficial,Mutual Benefit / Cooperation,2,0.2604088929240888,-0.080868427145936,1,0.42640757389984707,0.45738420142823466,0.1162082246719183
market_control::lt::5c41f99cdb1772000117f1b6,5c41f99cdb1772000117f1b6,market_control,lt,1,0,lt_market,2,6.0,0.5,"Again, equal input and output",Moral,1,0.2604088929240888,-0.080868427145936,1,0.42640757389984707,0.45738420142823466,0.1162082246719183
market_control::lt::5c5205c6818d2500010e98b3,5c5205c6818d2500010e98b3,market_control,lt,1,0,lt_market,1,8.0,0.3333333333333333,"Because it felt greedy to increase and not allow the broker to make a profit, but felt no need to decrease since it was over half",Moral,1,0.076054463168014,0.3390212987054172,2,0.43230613269592677,0.38940370325279294,0.1782901640512804
market_control::lt::5c546c0cb7cf140001d331b8,5c546c0cb7cf140001d331b8,market_control,lt,1,0,lt_market,2,8.0,0.3333333333333333,It seemed like a fair price that did not require change,Moral,1,-0.5657990988189505,-0.26582570081057627,4,0.5841850772178427,0.2828995618194684,0.13291536096268894
market_control::lt::5c62af7d23142b000132f411,5c62af7d23142b000132f411,market_control,lt,1,0,lt_market,2,7.0,0.4166666666666666,I think this is a fair figure to reduce that total,Moral,1,-0.10759915724631576,-0.19578369744201246,3,0.500866974854375,0.3771399575646294,0.12199306758099558
market_control::lt::5c635a08e30ff200016badb9,5c635a08e30ff200016badb9,market_control,lt,1,0,lt_market,1,10.0,0.1666666666666666,The selected price was too low,No clear justification,0,-0.16893168199384156,0.36340560493519247,1,0.4685573923592175,0.3335451093663458,0.1978974982744367
market_control::lt::5c747244f33ac60001b7a9e2,5c747244f33ac60001b7a9e2,market_control,lt,1,0,lt_market,2,10.0,0.1666666666666666,I want to gain more from the final price but without raising the price too much,Self-interest,3,-0.020980464798904128,-0.2004209396657265,3,0.4852760143412907,0.3970985641165791,0.11762542154213015
market_control::lt::5c7e21805a66930017244a7b,5c7e21805a66930017244a7b,market_control,lt,1,0,lt_market,2,10.0,0.1666666666666666,I chose this as this one feels more like a business decision than a transaction where I am sharing with a peer.,Mutual Benefit / Cooperation,2,0.2625674826681402,-0.17098184043680748,3,0.43034339915605024,0.46237575188907964,0.10728084895487006
market_control::lt::5c7fd0c8cfd4e30016991f5e,5c7fd0c8cfd4e30016991f5e,market_control,lt,1,0,lt_market,1,12.0,0.0,I wanted to get more for us all,Mutual Benefit / Cooperation,2,0.20271910893113304,-0.03572521979616134,1,0.43476479819840197,0.44132129716157764,0.12391390464002038
market_control::lt::5c929e7b18adb600131a667a,5c929e7b18adb600131a667a,market_control,lt,1,0,lt_market,1,10.5,0.125,It still allows for the other person to collect some profit if selected but also means I would maximise my chances of coming away with a decent bonus,Self-interest,3,0.5043319227339651,0.22884935549446977,4,0.36659356087258593,0.4978312458438847,0.13557519328352935
market_control::lt::5c95970cd676900016e1a940,5c95970cd676900016e1a940,market_control,lt,1,0,lt_market,2,12.0,0.0,It looked like that was the maximum amount I could charge so I chose that,Self-interest,3,-0.020980464798904114,-0.20042093966572652,3,0.4852760143412907,0.3970985641165792,0.11762542154213013
market_control::lt::5c98a9e305f102001640f1d0,5c98a9e305f102001640f1d0,market_control,lt,1,0,lt_market,2,9.0,0.25,I didn't want to increase too much in case i discourage the intermediary.,Self-interest,3,0.4622937336699125,-0.0937296912364682,2,0.3889766850691133,0.5064380191667516,0.10458529576413514
market_control::lt::5ca8b2b8614b7b0016be5501,5ca8b2b8614b7b0016be5501,market_control,lt,1,0,lt_market,2,8.0,0.3333333333333333,I feel that I've put in more work than the broker therefore deserve more of the share,Moral,1,-0.5657990988189505,-0.26582570081057627,4,0.5841850772178427,0.2828995618194684,0.13291536096268894
market_control::lt::5cab2d5596dfa40001dceefc,5cab2d5596dfa40001dceefc,market_control,lt,1,0,lt_market,2,5.5,0.5416666666666667,It's not changing much so still being fair while also being respectful,Moral,1,0.5113475364077094,-0.1298597868487042,2,0.3811086906595954,0.520044046815243,0.0988472625251617
market_control::lt::5cb0e65f1a9e59001571df9a,5cb0e65f1a9e59001571df9a,market_control,lt,1,0,lt_market,2,8.0,0.3333333333333333,I didn't want to lower it as that's unfair. So i kept it fair at the price generated.,Moral,1,0.13259208378169987,-0.2178274544650158,4,0.45738174397889575,0.43370366772409075,0.10891458829701349
market_control::lt::5cbde499f015c800186299f2,5cbde499f015c800186299f2,market_control,lt,1,0,lt_market,1,8.0,0.3333333333333333,"It was a proven price, so a sale is likely. I get paid for the data, while the intermediary gets paid for their services. I thought it was most likely to be a winning strategy.",Mutual Benefit / Cooperation,2,0.5113475364077094,-0.1298597868487042,2,0.3811086906595954,0.520044046815243,0.0988472625251617
market_control::lt::5cebd58ade266200191eaf7d,5cebd58ade266200191eaf7d,market_control,lt,1,0,lt_market,1,0.0,1.0,"Its random, its not real, I won't lose and I don;t know the other person",Self-interest,3,0.6751246424532439,-0.12033338206202564,3,0.34979143869932894,0.5586954626091105,0.0915130986915605
market_control::lt::5cefd79bc37f4f0018de98da,5cefd79bc37f4f0018de98da,market_control,lt,1,0,lt_market,2,12.0,0.0,I wanted the most money and think that increasing the price gave me that but it wasnt clear,Self-interest,3,-0.2118232137010024,-0.2430259849579455,4,0.5225738223093924,0.3559117922198606,0.12151438547074699
market_control::lt::5cf5497696cde00015bc3ce7,5cf5497696cde00015bc3ce7,market_control,lt,1,0,lt_market,2,8.0,0.3333333333333333,I wanted to go with the set price as a thought it was fair,Moral,1,-0.08102363708334683,0.25263358682623477,3,0.4644736414610516,0.359566228111426,0.17596013042752243
market_control::lt::5d092c1f7dad2200193be669,5d092c1f7dad2200193be669,market_control,lt,1,0,lt_market,2,9.5,0.2083333333333333,It seems fair and neither of us lose much,Moral,1,0.01335709894791895,-0.12389745927001816,2,0.4745210321848824,0.40144371394324485,0.12403525387187275
market_control::lt::5d20f6cbc1dc1c0001162dd5,5d20f6cbc1dc1c0001162dd5,market_control,lt,1,0,lt_market,2,10.0,0.1666666666666666,as its my data so i should earn considerably the most for it,Self-interest,3,0.013357098947918962,-0.12389745927001816,2,0.4745210321848824,0.40144371394324485,0.12403525387187275
market_control::lt::5d21c0dfb1e50a001c19e94c,5d21c0dfb1e50a001c19e94c,market_control,lt,1,0,lt_market,1,9.0,0.25,"I just feel as though in the current economy, a price change of £1 is fair.",Moral,1,0.30931173943857937,-0.04788387181476837,1,0.4156469829398019,0.46734288377063804,0.11701013328956009
market_control::lt::5d2a370ec0898e0018b08e66,5d2a370ec0898e0018b08e66,market_control,lt,1,0,lt_market,2,9.5,0.2083333333333333,I felt that the data was worth more,Self-interest,3,-0.3019827353755043,-0.17288326736705745,2,0.5336477657497863,0.33334434279431324,0.13300789145590042
market_control::lt::5d3df3d633b894001a2596a3,5d3df3d633b894001a2596a3,market_control,lt,1,0,lt_market,2,12.0,0.0,You need to to try and match the price for the broker,No clear justification,0,0.1325920837816999,-0.21782745446501575,4,0.45738174397889575,0.43370366772409075,0.1089145882970135
market_control::lt::5d4c1c8295f141001afe0bf0,5d4c1c8295f141001afe0bf0,market_control,lt,1,0,lt_market,1,10.0,0.1666666666666666,"I just wanted to round it up to 10 because that's a nice, even number.",No clear justification,0,0.20271910893113304,-0.03572521979616134,1,0.43476479819840197,0.44132129716157764,0.12391390464002038
market_control::lt::5d595e7b6c04b2001a1edb29,5d595e7b6c04b2001a1edb29,market_control,lt,1,0,lt_market,2,12.0,0.0,"Market value, this is the fair price to pay. Anything less tahn this will be very unfair.",Moral,1,-0.18444609119845182,0.16154094341250583,4,0.4885476608922993,0.34222285843443095,0.1692294806732698
market_control::lt::5d59d45948766d0018949d58,5d59d45948766d0018949d58,market_control,lt,1,0,lt_market,1,5.0,0.5833333333333333,There is a financial incentive in me reaching a price that the buyer will accept.,Mutual Benefit / Cooperation,2,0.3787516414286953,0.24929615883673395,3,0.3873970134472696,0.4663788211855702,0.14622416536716012
market_control::lt::5d5a2bd93296320016eee507,5d5a2bd93296320016eee507,market_control,lt,1,0,lt_market,2,6.0,0.5,"I picked $6 so we both get a fair cut, me paid, broker keeps some, felt balanced and honest.",Moral,1,-0.046215248498630936,0.6297723266947416,3,0.4253378666758919,0.34137682973293026,0.23328530359117777
market_control::lt::5d6ebbf926b44400175f445a,5d6ebbf926b44400175f445a,market_control,lt,1,0,lt_market,1,12.0,0.0,To higher the price and get a better chance of getting a bigger reward.,Mutual Benefit / Cooperation,2,-0.1407053838268989,-0.08099356245251453,1,0.4993679926990161,0.36440738191823435,0.13622462538274951
market_control::lt::5d75af57bcfd5b001b192708,5d75af57bcfd5b001b192708,market_control,lt,1,0,lt_market,1,10.0,0.1666666666666666,Ten dollars seemed like a good price,No clear justification,0,0.1530103088062803,-0.1190581207244899,2,0.44844326685874736,0.43382693436856645,0.11772979877268616
market_control::lt::5d79375d794d900017671c07,5d79375d794d900017671c07,market_control,lt,1,0,lt_market,1,8.0,0.3333333333333333,"I chose the price because I wanted to keep things status quo that way everyone knows what to expect. In fairness, I should have decreased the price by 2 thereby ensuring the broker and I received the same.",Moral,1,-0.04546422016057583,0.2695615189471854,3,0.4573872148741287,0.3664300293709853,0.17618275575488598
market_control::lt::5d864cfdb6dced0019221047,5d864cfdb6dced0019221047,market_control,lt,1,0,lt_market,1,7.0,0.4166666666666666,To make it a fairer amount between myself and the other participant. I did not want to vastly reduce it however I felgt a small amount was fair.,Moral,1,-0.046215248498630936,0.6297723266947416,3,0.4253378666758919,0.34137682973293026,0.23328530359117777
market_control::lt::5d963188ed650700146ba4b6,5d963188ed650700146ba4b6,market_control,lt,1,0,lt_market,1,12.0,0.0,"I am in this for myself and don't believe that the broker is actually a real person. I don't think I'm costing them anything, but I'm making myself more money for my time.",Self-interest,3,0.20271910893113304,-0.03572521979616134,1,0.43476479819840197,0.44132129716157764,0.12391390464002038
market_control::lt::5da0e89440b1c70014aaf74b,5da0e89440b1c70014aaf74b,market_control,lt,1,0,lt_market,1,12.0,0.0,The opposing side pay $12 & I would like to get the most amount of money from them,Self-interest,3,-0.10987382673890259,0.9156748175892406,4,0.4029051651046402,0.3049377699803293,0.2921570649150306
market_control::lt::5dbf261c3b89f23ccd3007af,5dbf261c3b89f23ccd3007af,market_control,lt,1,0,lt_market,2,5.5,0.5416666666666667,to receive a higher amount,Self-interest,3,-0.24241999018484217,-0.04504259453363697,1,0.5142658814601118,0.34036104726429617,0.14537307127559207
market_control::lt::5dc0257aff9c98465fc57ada,5dc0257aff9c98465fc57ada,market_control,lt,1,0,lt_market,2,0.0,1.0,more for me. i've never met these people before so I'm out for myself,Self-interest,3,0.4725844341046694,-0.19088725063921586,4,0.3908490846577801,0.513706518128007,0.09544439721421275
market_control::lt::5dce93c2e1022008013ad20b,5dce93c2e1022008013ad20b,market_control,lt,1,0,lt_market,2,12.0,0.0,My data is worth a lot,Self-interest,3,0.2604088929240888,-0.080868427145936,1,0.42640757389984707,0.45738420142823466,0.1162082246719183
market_control::lt::5dd45741e454cd4505d57477,5dd45741e454cd4505d57477,market_control,lt,1,0,lt_market,1,3.0,0.75,I considered what I would do based on $8 item. I could go -8 or +4. Choosing -5 seemed to be the right option in this situation,Moral,1,0.6322967281518345,-0.14495761439176233,3,0.3586812075600192,0.54972327990078,0.09159551253920085
market_control::lt::5de876142238367fa02c7e74,5de876142238367fa02c7e74,market_control,lt,1,0,lt_market,1,10.0,0.1666666666666666,"I wanted more money, but didn't want to ask for the full possible amount to not seem so greedy.",Self-interest,3,0.2625674826681402,-0.17098184043680748,3,0.43034339915605024,0.46237575188907964,0.10728084895487006
market_control::lt::5df519fc67f1703937a9e82f,5df519fc67f1703937a9e82f,market_control,lt,1,0,lt_market,1,12.0,0.0,"Because if the broker is receiving this amount for *my* information, why shouldn't I receive the same? I am the one providing it. I don't generally consider myself greedy, but fairness is really important to me. Someone else should not be profiting more than I am for my data - the same as, that's fine, but not more!",Moral,1,0.2604088929240888,-0.080868427145936,1,0.42640757389984707,0.45738420142823466,0.1162082246719183
market_control::lt::5e0b3d5dbf3d4e3868abc3ea,5e0b3d5dbf3d4e3868abc3ea,market_control,lt,1,0,lt_market,2,4.0,0.6666666666666667,To see what happens next!,No clear justification,0,0.5113475364077094,-0.1298597868487042,2,0.3811086906595954,0.520044046815243,0.0988472625251617
market_control::lt::5e16bce18dffa0c6f76cda9b,5e16bce18dffa0c6f76cda9b,market_control,lt,1,0,lt_market,2,12.0,0.0,My data is worth much more because the recipient of the data will receive great benefit from it,Mutual Benefit / Cooperation,2,-0.020980464798904128,-0.2004209396657265,3,0.4852760143412907,0.3970985641165791,0.11762542154213015
market_control::lt::5e1c6f19a411c946eb012481,5e1c6f19a411c946eb012481,market_control,lt,1,0,lt_market,2,9.5,0.2083333333333333,"to maximise profit, without seeming greedy",Mutual Benefit / Cooperation,2,0.20271910893113304,-0.03572521979616134,1,0.43476479819840197,0.44132129716157764,0.12391390464002038
market_control::lt::5e2c8f69cad44b2bc5ce9a34,5e2c8f69cad44b2bc5ce9a34,market_control,lt,1,0,lt_market,1,12.0,0.0,Always charge the most you can possibly get away with,Self-interest,3,-0.14115278125616826,-0.05520683654580309,1,0.4976799243953466,0.3630601105559182,0.1392599650487352
market_control::lt::5e38e49a8445881060c60eaf,5e38e49a8445881060c60eaf,market_control,lt,1,0,lt_market,2,8.0,0.3333333333333333,"I changed the price to $ 0 becasue this is the same similarity as the last scenerio. I did the hard work, Why would I just give money away. Nobody helped me do the work but I am to just give someone money becasue they are randomly picked? I don't think so.",Self-interest,3,0.10839475699220462,-0.13094230940769458,2,0.4573932505885087,0.4239117272338285,0.11869502217766283
market_control::lt::5e541a901e165b41eb523db0,5e541a901e165b41eb523db0,market_control,lt,1,0,lt_market,1,10.0,0.1666666666666666,"seems like a realistic increase, profit instead of loss yet reasonable to ask for.",Mutual Benefit / Cooperation,2,-0.1407053838268989,-0.08099356245251453,1,0.4993679926990161,0.36440738191823435,0.13622462538274951
market_control::lt::5e5f8b840ecec32bd217d7e9,5e5f8b840ecec32bd217d7e9,market_control,lt,1,0,lt_market,2,12.0,0.0,If the broker is going to sell it for 12 then I don't want to make less than them,Self-interest,3,0.26341269350326163,-0.15135861358946417,3,0.4292628250164426,0.46162853039604346,0.10910864458751393
market_control::lt::5e67ead79c4cc909387bedd8,5e67ead79c4cc909387bedd8,market_control,lt,1,0,lt_market,1,2.5,0.7916666666666666,To make ot cheaper so i get a bigger cut,Self-interest,3,0.30931173943857937,-0.04788387181476837,1,0.4156469829398019,0.46734288377063804,0.11701013328956009
market_control::lt::5e6e6497d33339419afd90f9,5e6e6497d33339419afd90f9,market_control,lt,1,0,lt_market,1,4.5,0.625,I wanted the price to be less for the data,Self-interest,3,-0.24241999018484217,-0.04504259453363697,1,0.5142658814601118,0.34036104726429617,0.14537307127559207
market_control::lt::5e787106a9d3b53ee4281eb1,5e787106a9d3b53ee4281eb1,market_control,lt,1,0,lt_market,2,10.0,0.1666666666666666,could earn more money,Mutual Benefit / Cooperation,2,-0.18586686805578373,-0.09650106266169477,1,0.5082945724316597,0.35513767390099116,0.13656775366734916
market_control::lt::5e7abb2c6c89e4000a180b4a,5e7abb2c6c89e4000a180b4a,market_control,lt,1,0,lt_market,2,8.0,0.3333333333333333,"I feel that as the provider, I am doing more than the broker is. Therefore, I should make more than the broker. I find $8 to be a fair amount so I think it is fair to just accept that amount.",Moral,1,-0.2118232137010024,-0.2430259849579455,4,0.5225738223093924,0.3559117922198606,0.12151438547074699
market_control::lt::5e814f98193c1983e819818f,5e814f98193c1983e819818f,market_control,lt,1,0,lt_market,1,12.0,0.0,Because I feel my time and work is worth more value.,Self-interest,3,0.1325920837816999,-0.21782745446501575,4,0.45738174397889575,0.43370366772409075,0.1089145882970135
market_control::lt::5e8a224936bc636c1b0152cc,5e8a224936bc636c1b0152cc,market_control,lt,1,0,lt_market,2,8.0,0.3333333333333333,I am assuming the computer had some system for setting the price in this case and will leave it at that set amount trusting in whatever basis the computer has used.,No clear justification,0,-0.4594860486347657,0.19629959745031667,3,0.5274446106807956,0.28351926149436757,0.1890361278248368
market_control::lt::5e8e2341b233860cae471c69,5e8e2341b233860cae471c69,market_control,lt,1,0,lt_market,2,12.0,0.0,"I would want to get the maximum amount for the data I sourced, so only think it would be fair to ask for the maximum available",Moral,1,0.01335709894791895,-0.12389745927001816,2,0.4745210321848824,0.40144371394324485,0.12403525387187275
market_control::lt::5e90540a9622ec3628270555,5e90540a9622ec3628270555,market_control,lt,1,0,lt_market,2,12.0,0.0,The other person gets £12 either way. I would like an equal share for the work i am also putting in :),Moral,1,-0.5657990988189505,-0.26582570081057627,4,0.5841850772178427,0.2828995618194684,0.13291536096268894
market_control::lt::5e9217ae73c54f553335fb28,5e9217ae73c54f553335fb28,market_control,lt,1,0,lt_market,2,8.0,0.3333333333333333,The split benefits me but not so substantially that I feel guilty about it,Moral,1,-0.08102363708334683,0.25263358682623477,3,0.4644736414610516,0.359566228111426,0.17596013042752243
market_control::lt::5e9430cc1ed15800084ffbb0,5e9430cc1ed15800084ffbb0,market_control,lt,1,0,lt_market,1,8.0,0.3333333333333333,"I think the broker needs a fair reward, and to be 100% honest I like the number 8",Moral,1,0.20271910893113304,-0.03572521979616134,1,0.43476479819840197,0.44132129716157764,0.12391390464002038
market_control::lt::5e99b08a24927e000a418025,5e99b08a24927e000a418025,market_control,lt,1,0,lt_market,2,5.0,0.5833333333333333,Basically just to see what happened,No clear justification,0,-0.1407053838268989,-0.08099356245251453,1,0.4993679926990161,0.36440738191823435,0.13622462538274951
market_control::lt::5e9fe0434aba1b192f795afb,5e9fe0434aba1b192f795afb,market_control,lt,1,0,lt_market,1,8.0,0.3333333333333333,I didn't think my data was worth more than this.,Moral,1,-0.2536320830627758,0.6761900018479107,2,0.44820103530802025,0.2947137212388678,0.257085243453112
market_control::lt::5ea00a03e32996000ac2da80,5ea00a03e32996000ac2da80,market_control,lt,1,0,lt_market,1,12.0,0.0,I want to get the best price possible!,Self-interest,3,-0.14115278125616826,-0.05520683654580309,1,0.4976799243953466,0.3630601105559182,0.1392599650487352
market_control::lt::5ea01b4b2d7b4d0243d93f78,5ea01b4b2d7b4d0243d93f78,market_control,lt,1,0,lt_market,1,4.0,0.6666666666666667,it seems reasonable to go somewhere in the middle,Moral,1,0.1530103088062803,-0.1190581207244899,2,0.44844326685874736,0.43382693436856645,0.11772979877268616
market_control::lt::5ea031f7e044e104a205f65b,5ea031f7e044e104a205f65b,market_control,lt,1,0,lt_market,1,9.0,0.25,Maximise my return while still giving the broker a profit,Mutual Benefit / Cooperation,2,0.03744207659853374,0.620162153158031,3,0.4143860771398694,0.3604185266683974,0.22519539619173315
market_control::lt::5ea083cc6d17e505304ab238,5ea083cc6d17e505304ab238,market_control,lt,1,0,lt_market,2,10.0,0.1666666666666666,the data was going to be be sold for 12 so increased my fee from 8-10,Self-interest,3,0.4725844341046694,-0.19088725063921586,4,0.3908490846577801,0.513706518128007,0.09544439721421275
market_control::lt::5ea433f82992293d5e604ad1,5ea433f82992293d5e604ad1,market_control,lt,1,0,lt_market,1,10.0,0.1666666666666666,just though i should increase,No clear justification,0,-0.3796541867346221,0.19113398425102238,3,0.5162237266482692,0.2996885236289857,0.18408774972274514
market_control::lt::5eac3b9d594017087b3788af,5eac3b9d594017087b3788af,market_control,lt,1,0,lt_market,2,10.0,0.1666666666666666,Intermediary is receiving a fixed fee for doing very little so I deserve more of the fee,Self-interest,3,-0.046215248498630936,0.6297723266947416,3,0.4253378666758919,0.34137682973293026,0.23328530359117777
market_control::lt::5eb9499bcbc2140180e31037,5eb9499bcbc2140180e31037,market_control,lt,1,0,lt_market,2,12.0,0.0,"To be honest I have no real reason, it just seemed the thing to do",No clear justification,0,-0.3518014860117642,-0.12644857064155243,2,0.5386653177326789,0.32077705316135285,0.1405576291059682
market_control::lt::5ec1c41a1f98090e8c119332,5ec1c41a1f98090e8c119332,market_control,lt,1,0,lt_market,1,8.0,0.3333333333333333,I chose to go with the computers decision. I feel that is a comfortable price since that is what it chose.,No clear justification,0,-0.12950331614554095,0.38278590666382545,1,0.46083994788418975,0.3407776002898869,0.19838245182592334
market_control::lt::5ecd4fd21c94a20976d923e4,5ecd4fd21c94a20976d923e4,market_control,lt,1,0,lt_market,1,10.0,0.1666666666666666,I feel like a price increase is a sensible approach but I don't want it to be greedy and maximise profit,Moral,1,-0.24241999018484217,-0.04504259453363697,1,0.5142658814601118,0.34036104726429617,0.14537307127559207
market_control::lt::5ede80a7316c240fc78b6f6a,5ede80a7316c240fc78b6f6a,market_control,lt,1,0,lt_market,2,12.0,0.0,I would like to make a profit,Self-interest,3,0.10839475699220462,-0.13094230940769458,2,0.4573932505885087,0.4239117272338285,0.11869502217766283
market_control::lt::5eea256b9e506b0d09822cdc,5eea256b9e506b0d09822cdc,market_control,lt,1,0,lt_market,1,11.0,0.0833333333333333,I want to make as mmuch moeny as possible,Self-interest,3,0.10780316037711345,-0.15234459016615892,2,0.4586607839133205,0.42480566993717295,0.11653354614950653
market_control::lt::5eea8ce1177f5a19a860bbe5,5eea8ce1177f5a19a860bbe5,market_control,lt,1,0,lt_market,2,12.0,0.0,There was an opportunity to increase my profit anonymously,Mutual Benefit / Cooperation,2,-0.10655180820280014,-0.1743332656597573,3,0.49935778845404133,0.37641405482537527,0.12422815672058343
market_control::lt::5efcaaee74e56207d16db007,5efcaaee74e56207d16db007,market_control,lt,1,0,lt_market,2,9.5,0.2083333333333333,I think that I would want to make a bit more than just eight dollars off of my data,Self-interest,3,0.2625674826681402,-0.17098184043680748,3,0.43034339915605024,0.46237575188907964,0.10728084895487006
market_control::lt::5f00b44e836b900755d6da5c,5f00b44e836b900755d6da5c,market_control,lt,1,0,lt_market,1,10.5,0.125,High quality means higher worth and price,No clear justification,0,-0.14115278125616826,-0.05520683654580309,1,0.4976799243953466,0.3630601105559182,0.1392599650487352
market_control::lt::5f020de061fa1138a77c5c00,5f020de061fa1138a77c5c00,market_control,lt,1,0,lt_market,2,8.0,0.3333333333333333,"Similar to the last one, the numbers were randomly selected, so it felt fair to stick with them.",Moral,1,0.3502384522091585,-0.17651577956845124,3,0.4138087361209157,0.48363370359318547,0.10255756028589888
market_control::lt::5f0572e194097c894899edb5,5f0572e194097c894899edb5,market_control,lt,1,0,lt_market,2,8.0,0.3333333333333333,The data came from me so I should have a larger share of the profit.,Self-interest,3,-0.3518014860117642,-0.12644857064155243,2,0.5386653177326789,0.32077705316135285,0.1405576291059682
market_control::lt::5f0c9a9c5360b60f4118e168,5f0c9a9c5360b60f4118e168,market_control,lt,1,0,lt_market,1,9.0,0.25,"Because I feel the broker is getting a good return, and I would like a little bit more for myself.",Self-interest,3,0.16254424495575653,0.19384794781995082,4,0.4281976694711286,0.4187268731337166,0.15307545739515482
market_control::lt::5f0db498f5e4e102c0f65b67,5f0db498f5e4e102c0f65b67,market_control,lt,1,0,lt_market,2,10.0,0.1666666666666666,i chose this to make the payments recieved equal,Moral,1,-0.14115278125616826,-0.05520683654580309,1,0.4976799243953466,0.3630601105559182,0.1392599650487352
market_control::lt::5f2e62c6a0330f1c512ee366,5f2e62c6a0330f1c512ee366,market_control,lt,1,0,lt_market,2,7.5,0.375,make it a little fairer for both,Moral,1,-0.020980464798904135,-0.2004209396657265,3,0.4852760143412907,0.3970985641165791,0.11762542154213015
market_control::lt::5f32de1ebd944907faf937f4,5f32de1ebd944907faf937f4,market_control,lt,1,0,lt_market,1,12.0,0.0,I thought that since I would be providing data and given 12 dollars was the upper limit I wanted to go for the largest amount,Self-interest,3,-0.1407053838268989,-0.08099356245251453,1,0.4993679926990161,0.36440738191823435,0.13622462538274951
market_control::lt::5f39b00fb05fd85622540c3a,5f39b00fb05fd85622540c3a,market_control,lt,1,0,lt_market,2,8.0,0.3333333333333333,because i didn't want to change it,No clear justification,0,0.2604088929240888,-0.080868427145936,1,0.42640757389984707,0.45738420142823466,0.1162082246719183
market_control::lt::5f3d4416c9088f09a5929418,5f3d4416c9088f09a5929418,market_control,lt,1,0,lt_market,1,8.5,0.2916666666666666,cos a little bit more would be nice,Moral,1,-0.14115278125616826,-0.05520683654580309,1,0.4976799243953466,0.3630601105559182,0.1392599650487352
market_control::lt::5f4dc39ffc6fe9aa6901cc6d,5f4dc39ffc6fe9aa6901cc6d,market_control,lt,1,0,lt_market,1,10.5,0.125,Because i wanted to adjust it to increase the price of the data,Mutual Benefit / Cooperation,2,-0.14115278125616826,-0.05520683654580309,1,0.4976799243953466,0.3630601105559182,0.1392599650487352
market_control::lt::5f51529b15e36638fe535eae,5f51529b15e36638fe535eae,market_control,lt,1,0,lt_market,1,10.5,0.125,I wanted to make more money on it.,Mutual Benefit / Cooperation,2,-0.2536320830627758,0.6761900018479107,2,0.44820103530802025,0.2947137212388678,0.257085243453112
market_control::lt::5f69c514b7dfb7020ee1bcb0,5f69c514b7dfb7020ee1bcb0,market_control,lt,1,0,lt_market,2,12.0,0.0,Half of what it was originally set at,No clear justification,0,-0.18586686805578373,-0.09650106266169477,1,0.5082945724316597,0.35513767390099116,0.13656775366734916
market_control::lt::5f77b243c99f31316e4cae58,5f77b243c99f31316e4cae58,market_control,lt,1,0,lt_market,2,8.0,0.3333333333333333,"I feel that the 8 dollars is justified. I do all the hard work and should get most of the money. The broker gets 50% of what I receive. I know that this does not happen in real life, but I wish it does.",Self-interest,3,-0.10655180820280014,-0.1743332656597573,3,0.49935778845404133,0.37641405482537527,0.12422815672058343
market_control::lt::5fb281433a31c686f0ec3ecb,5fb281433a31c686f0ec3ecb,market_control,lt,1,0,lt_market,1,10.5,0.125,Increased revenue and bonus payment,Mutual Benefit / Cooperation,2,0.4622937336699125,-0.0937296912364682,2,0.3889766850691133,0.5064380191667516,0.10458529576413514
market_control::lt::5fb7d0c98a2ddb3d22902d37,5fb7d0c98a2ddb3d22902d37,market_control,lt,1,0,lt_market,1,9.5,0.2083333333333333,I decided to raise the price because I would get more money if it is matched,Self-interest,3,-0.4836946886838424,-0.2184511829604697,3,0.5673347960722825,0.2974304316552432,0.13523477227247432
market_control::lt::5fb9858093585f5f4193c096,5fb9858093585f5f4193c096,market_control,lt,1,0,lt_market,1,5.0,0.5833333333333333,"I didn't want to lower it by 50%, but I wanted to make it more affordable.",Moral,1,-0.3515031428288437,-0.10107940409970467,2,0.5366901239753721,0.3197237424921915,0.14358613353243635
market_control::lt::5fbd54c50ecd620e6c887382,5fbd54c50ecd620e6c887382,market_control,lt,1,0,lt_market,1,11.0,0.0833333333333333,I felt that it would be in my interest to increase the price,Self-interest,3,0.1530103088062803,-0.1190581207244899,2,0.44844326685874736,0.43382693436856645,0.11772979877268616
market_control::lt::5fd12770613f3b08ca51bb2c,5fd12770613f3b08ca51bb2c,market_control,lt,1,0,lt_market,1,10.0,0.1666666666666666,"If it's getting sold for 12, I may as well be compensated for a fair amount that still allows for them to make a profit",Moral,1,-0.1407053838268989,-0.08099356245251453,1,0.4993679926990161,0.36440738191823435,0.13622462538274951
market_control::lt::5febcb7129db95d12bec9e2b,5febcb7129db95d12bec9e2b,market_control,lt,1,0,lt_market,2,12.0,0.0,the producer should make the money that it is being sold at,Moral,1,-0.2570643046044449,0.7130241313250688,2,0.44441035339988555,0.2913414626028945,0.26424818399721994
market_control::lt::5fec06ae197628d566cdc782,5fec06ae197628d566cdc782,market_control,lt,1,0,lt_market,2,8.5,0.2916666666666666,I wanted to change the price slightly but didn't want the other participant to be ripped off.,Moral,1,0.46213833657485764,-0.07333354409479056,2,0.3881591890202307,0.5053468946969324,0.10649391628283689
market_control::lt::5fef10fbbf9ae41f48f739ee,5fef10fbbf9ae41f48f739ee,market_control,lt,1,0,lt_market,2,9.0,0.25,a lil profit doesnt hurt while keeping it fair,Moral,1,-0.24241999018484217,-0.04504259453363697,1,0.5142658814601118,0.34036104726429617,0.14537307127559207
market_control::lt::5ff0379d6bfb633786fd9b27,5ff0379d6bfb633786fd9b27,market_control,lt,1,0,lt_market,2,11.5,0.0416666666666666,i wanted as much as possible but i knew the other person would recieve nothing as theyre selling price was set at 12 so i lowered it slightly,Self-interest,3,0.10780316037711345,-0.15234459016615892,2,0.4586607839133205,0.42480566993717295,0.11653354614950653
market_control::lt::5ff1fd761d6cb468718cdbeb,5ff1fd761d6cb468718cdbeb,market_control,lt,1,0,lt_market,2,8.0,0.3333333333333333,I decided to keep this exactly as it was and not interfere.,No clear justification,0,0.2604088929240888,-0.080868427145936,1,0.42640757389984707,0.45738420142823466,0.1162082246719183
market_control::lt::60029445bb11311e25e6f16c,60029445bb11311e25e6f16c,market_control,lt,1,0,lt_market,1,8.0,0.3333333333333333,This price allows the broker to makes some commission off my data which covers their role in the transaction.,Mutual Benefit / Cooperation,2,0.056834278311391595,-0.08754987291404444,2,0.4644432898183499,0.40973518842229545,0.12582152175935457
market_control::lt::600a878fa6fbbf1ba60bea36,600a878fa6fbbf1ba60bea36,market_control,lt,1,0,lt_market,1,8.0,0.3333333333333333,I didn't want to make a profit or a loss. I don't have enough information to make a decision.,Self-interest,3,-0.5416148878518917,0.1326625249123156,4,0.545522495153978,0.2708071725366765,0.18367033230934557
market_control::lt::6012e691ac1f2b0bbbf29d19,6012e691ac1f2b0bbbf29d19,market_control,lt,1,0,lt_market,2,12.0,0.0,I have worked hard andfeel I derserve full price for my product,Self-interest,3,0.30523796823764066,-0.14090309547488644,3,0.42082611877815157,0.47111558601976844,0.10805829520207995
market_control::lt::601573abb16bec6457789080,601573abb16bec6457789080,market_control,lt,1,0,lt_market,1,4.5,0.625,So that we get a bigger profit but dont look greedy.,Mutual Benefit / Cooperation,2,0.6322967281518345,-0.14495761439176233,3,0.3586812075600192,0.54972327990078,0.09159551253920085
market_control::lt::6015966a246e51095f2235e7,6015966a246e51095f2235e7,market_control,lt,1,0,lt_market,1,12.0,0.0,I was thinking about the potential bonus I may receive,Self-interest,3,0.20271910893113304,-0.03572521979616134,1,0.43476479819840197,0.44132129716157764,0.12391390464002038
market_control::lt::602471c97db8951797cef086,602471c97db8951797cef086,market_control,lt,1,0,lt_market,1,6.0,0.5,"Because if it is selected, then this is the fairest amount, I don't see the point in being selfish",Moral,1,-0.1331162172467738,0.41716502263560573,1,0.45822877411177687,0.3377475886534488,0.2040236372347744
market_control::lt::6026e312c1e1234396ed6e7d,6026e312c1e1234396ed6e7d,market_control,lt,1,0,lt_market,2,12.0,0.0,Data is valuable so should command a high price!,No clear justification,0,-0.10759915724631572,-0.1957836974420123,3,0.500866974854375,0.37713995756462937,0.12199306758099558
market_control::lt::602ac80c6cf22516282a7fd3,602ac80c6cf22516282a7fd3,market_control,lt,1,0,lt_market,2,9.5,0.2083333333333333,fair price for both parties,Moral,1,-0.21182321370100246,-0.2430259849579455,4,0.5225738223093924,0.3559117922198606,0.12151438547074699
market_control::lt::602f57ea338e8ec1f6ccddbd,602f57ea338e8ec1f6ccddbd,market_control,lt,1,0,lt_market,1,12.0,0.0,I just feel it is better to increase the price rather than reduce it,No clear justification,0,-0.24241999018484217,-0.04504259453363697,1,0.5142658814601118,0.34036104726429617,0.14537307127559207
market_control::lt::602fd11faa844cd2d0fd5818,602fd11faa844cd2d0fd5818,market_control,lt,1,0,lt_market,1,8.0,0.3333333333333333,"I chose $0 (no change) because it’s a neutral, truthful baseline: it keeps the data accessible, avoids risking loss of buyers or excluding customers, and provides a clear reference point for comparing the effects of price increases or decreases.",Self-interest,3,-0.10759915724631572,-0.1957836974420123,3,0.500866974854375,0.37713995756462937,0.12199306758099558
market_control::lt::602ff7a159d28fdae8d5db62,602ff7a159d28fdae8d5db62,market_control,lt,1,0,lt_market,1,8.0,0.3333333333333333,feels fair and the price should start around the default starting range not too high or low,Moral,1,-0.10759915724631572,-0.1957836974420123,3,0.500866974854375,0.37713995756462937,0.12199306758099558
market_control::lt::6034f019bf26dfcde618e658,6034f019bf26dfcde618e658,market_control,lt,1,0,lt_market,1,12.0,0.0,Because it was a good price for me.,Self-interest,3,-0.280229608365742,0.25826308870077275,2,0.4950383029836831,0.3163942310473726,0.18856746596894425
market_control::lt::604e3748363a7cd1b3e91b42,604e3748363a7cd1b3e91b42,market_control,lt,1,0,lt_market,1,12.0,0.0,Explained at the start that 12 dollars was the price. 8 dollars was advertised so seems fair to add the 4 dollars to total 12 dollars,Moral,1,-0.3515031428288437,-0.10107940409970467,2,0.5366901239753721,0.3197237424921915,0.14358613353243635
market_control::lt::6053b89a3eeea0ac65a9a419,6053b89a3eeea0ac65a9a419,market_control,lt,1,0,lt_market,1,6.5,0.4583333333333333,"It seems like a reasonable price, it was too high to start.",No clear justification,0,-0.14115278125616826,-0.05520683654580309,1,0.4976799243953466,0.3630601105559182,0.1392599650487352
market_control::lt::605f7f4e99fb0e6f9785a66e,605f7f4e99fb0e6f9785a66e,market_control,lt,1,0,lt_market,2,12.0,0.0,Because the initial instructions said that I could charge up to $12,No clear justification,0,-0.10759915724631572,-0.1957836974420123,3,0.500866974854375,0.37713995756462937,0.12199306758099558
market_control::lt::606160bf0555181b9aabd129,606160bf0555181b9aabd129,market_control,lt,1,0,lt_market,1,10.0,0.1666666666666666,I believe that I am not only following instructions but an critically thinking about my choices and answering completely truthfully and carefully.,No clear justification,0,-0.3903311438018378,-0.14390683507284507,2,0.5463668062096525,0.3134894012607265,0.14014379252962103
market_control::lt::60675b278929f00a78c91c3f,60675b278929f00a78c91c3f,market_control,lt,1,0,lt_market,1,8.5,0.2916666666666666,I figured going with a mild change was safe,Self-interest,3,-0.1407053838268989,-0.08099356245251453,1,0.4993679926990161,0.36440738191823435,0.13622462538274951
market_control::lt::6071e7e8f858a84483519a0c,6071e7e8f858a84483519a0c,market_control,lt,1,0,lt_market,2,6.0,0.5,"It makes it more accessible, and it enough for everyone to make a profit.",Mutual Benefit / Cooperation,2,0.4725844341046694,-0.19088725063921586,4,0.3908490846577801,0.513706518128007,0.09544439721421275
market_control::lt::6077a88e7cdfef8e4ccb3c63,6077a88e7cdfef8e4ccb3c63,market_control,lt,1,0,lt_market,1,12.0,0.0,I think that this price will maximize the money i get.,Self-interest,3,-0.3515031428288437,-0.10107940409970467,2,0.5366901239753721,0.3197237424921915,0.14358613353243635
market_control::lt::607ec88e68df02237867c4ac,607ec88e68df02237867c4ac,market_control,lt,1,0,lt_market,1,10.0,0.1666666666666666,I raised it because I want to make more money for myself.,Self-interest,3,0.5113475364077094,-0.1298597868487042,2,0.3811086906595954,0.520044046815243,0.0988472625251617
market_control::lt::608ee3228c29d0e808cc35e3,608ee3228c29d0e808cc35e3,market_control,lt,1,0,lt_market,2,6.0,0.5,Straight down the middle. 50/50 split.,Moral,1,-0.2118232137010024,-0.2430259849579455,4,0.5225738223093924,0.3559117922198606,0.12151438547074699
market_control::lt::6090052e423b205092dc1c95,6090052e423b205092dc1c95,market_control,lt,1,0,lt_market,2,12.0,0.0,"people should get money for their data, if someone is making money off it, the person from whom the data comes should be able to sell it",Moral,1,-0.4836946886838424,-0.2184511829604697,3,0.5673347960722825,0.2974304316552432,0.13523477227247432
market_control::lt::6095904b3fb937367c62813a,6095904b3fb937367c62813a,market_control,lt,1,0,lt_market,1,11.5,0.0416666666666666,"Data is worth a lot, I want the most I can get for it",Self-interest,3,-0.14115278125616826,-0.05520683654580309,1,0.4976799243953466,0.3630601105559182,0.1392599650487352
market_control::lt::609ec5e8e5a3da020adefde8,609ec5e8e5a3da020adefde8,market_control,lt,1,0,lt_market,2,10.0,0.1666666666666666,"If I an request more money without losing out on the original offer, why not?",Self-interest,3,-0.10987382673890259,0.9156748175892406,4,0.4029051651046402,0.3049377699803293,0.2921570649150306
market_control::lt::60c5165878a82f763c29536a,60c5165878a82f763c29536a,market_control,lt,1,0,lt_market,1,6.0,0.5,I wanted to decrease the price as I feel like it would sell for less then 8 dollars.,Self-interest,3,-0.1407053838268989,-0.08099356245251453,1,0.4993679926990161,0.36440738191823435,0.13622462538274951
market_control::lt::60cfce9352df6ebd5674e563,60cfce9352df6ebd5674e563,market_control,lt,1,0,lt_market,2,12.0,0.0,Increasing the price by 4 dollars - I'm unsure if it is worth more but it felt right to increase it,Moral,1,0.2920031901621045,0.25737481908746435,3,0.40188847805334355,0.44518523287856804,0.1529262890680885
market_control::lt::60d20bdca2934c2104798fff,60d20bdca2934c2104798fff,market_control,lt,1,0,lt_market,2,8.0,0.3333333333333333,I chose to leave it as it was.,No clear justification,0,-0.3019827353755043,-0.17288326736705745,2,0.5336477657497863,0.33334434279431324,0.13300789145590042
market_control::lt::60d88215cb2f2655d0e4c663,60d88215cb2f2655d0e4c663,market_control,lt,1,0,lt_market,2,8.0,0.3333333333333333,I didn't want to alter this at all it wasn't fair either way,Moral,1,-0.4836946886838424,-0.2184511829604697,3,0.5673347960722825,0.2974304316552432,0.13523477227247432
market_control::lt::60dcb3f3e2ea696019e59af9,60dcb3f3e2ea696019e59af9,market_control,lt,1,0,lt_market,2,8.0,0.3333333333333333,"Finders keepers, losers weepers.",Self-interest,3,-0.18586686805578373,-0.09650106266169477,1,0.5082945724316597,0.35513767390099116,0.13656775366734916
market_control::lt::60e0b7dcd624a58b03ec0aba,60e0b7dcd624a58b03ec0aba,market_control,lt,1,0,lt_market,2,12.0,0.0,i want to sell for as much money as possible,Self-interest,3,-0.1331162172467738,0.41716502263560573,1,0.45822877411177687,0.3377475886534488,0.2040236372347744
market_control::lt::60e49deb007ba3db7bb73016,60e49deb007ba3db7bb73016,market_control,lt,1,0,lt_market,2,12.0,0.0,My data is valuable and can't be mass produced so I think that it is worth more than suggested initially,Self-interest,3,0.13259208378169993,-0.21782745446501575,4,0.45738174397889575,0.4337036677240908,0.1089145882970135
market_control::lt::60fc2220e5b6f3a077f0d742,60fc2220e5b6f3a077f0d742,market_control,lt,1,0,lt_market,2,12.0,0.0,"Like previously mentioned, you need to look out for yourself the most - everyone only wants the best for themselves.",Self-interest,3,-0.020980464798904135,-0.2004209396657265,3,0.4852760143412907,0.3970985641165791,0.11762542154213015
market_control::lt::60fd1724be388fa301b32497,60fd1724be388fa301b32497,market_control,lt,1,0,lt_market,1,10.0,0.1666666666666666,To help maximise the amount to be shared hopefully,Mutual Benefit / Cooperation,2,-0.24241999018484217,-0.04504259453363697,1,0.5142658814601118,0.34036104726429617,0.14537307127559207
market_control::lt::60fd4d2218f36f098dcb48ec,60fd4d2218f36f098dcb48ec,market_control,lt,1,0,lt_market,2,6.0,0.5,Just selected a random number,No clear justification,0,-0.1407053838268989,-0.08099356245251453,1,0.4993679926990161,0.36440738191823435,0.13622462538274951
market_control::lt::60fd67e4e3e3aa482494a95c,60fd67e4e3e3aa482494a95c,market_control,lt,1,0,lt_market,1,9.0,0.25,"I didn't want to raise the price much because I know times are hard currently, but in the same respect I wanted to get myself just a little bit more money when it was sold.",Self-interest,3,-0.18586686805578373,-0.09650106266169477,1,0.5082945724316597,0.35513767390099116,0.13656775366734916
market_control::lt::60fe21d7301f49dfc4aa5f3a,60fe21d7301f49dfc4aa5f3a,market_control,lt,1,0,lt_market,2,12.0,0.0,Because it was my understanding that would give me more money.,Self-interest,3,0.35023845220915856,-0.17651577956845121,3,0.41380873612091573,0.48363370359318547,0.10255756028589888
market_control::lt::61011dd1dccad8267930b9bd,61011dd1dccad8267930b9bd,market_control,lt,1,0,lt_market,1,6.0,0.5,"I think that paying myself and the broker equally is fair. There is no additional information in this task that suggests one role is more valuable than the other - without the data there would be nothing to sell, and without the broker there would be no sale.",Moral,1,0.2625674826681402,-0.17098184043680748,3,0.43034339915605024,0.46237575188907964,0.10728084895487006
market_control::lt::6103e1d7b7c388fda60e0bf6,6103e1d7b7c388fda60e0bf6,market_control,lt,1,0,lt_market,1,10.0,0.1666666666666666,"I think with 12 as the given hypothetical maximum, I didn't want to push it too far; if the computer says 8, then 12 would probably be too high. 10 felt like a happy medium",Moral,1,-0.10759915724631572,-0.1957836974420123,3,0.500866974854375,0.37713995756462937,0.12199306758099558
market_control::lt::61048d3a2172f711357d04d1,61048d3a2172f711357d04d1,market_control,lt,1,0,lt_market,2,10.5,0.125,Ive heard many times that data is the new oil so an increase only makes sense when you consider that scenario.,Mutual Benefit / Cooperation,2,0.20271910893113304,-0.03572521979616134,1,0.43476479819840197,0.44132129716157764,0.12391390464002038
market_control::lt::610508c09d61c098f072605b,610508c09d61c098f072605b,market_control,lt,1,0,lt_market,2,12.0,0.0,I wanted to make my decision as fair as possible.,Moral,1,0.4725844341046694,-0.19088725063921583,4,0.3908490846577801,0.513706518128007,0.09544439721421275
market_control::lt::610aadf3dc6d9b1de02c4a39,610aadf3dc6d9b1de02c4a39,market_control,lt,1,0,lt_market,2,12.0,0.0,I feel the service or product I provide should be in line with the other services. I would feel I was valued and it would feel the right amount for my work. giving me satisfaction.,Moral,1,0.3502384522091585,-0.17651577956845124,3,0.4138087361209157,0.48363370359318547,0.10255756028589888
market_control::lt::610b94e651ce8595d755f9dd,610b94e651ce8595d755f9dd,market_control,lt,1,0,lt_market,2,12.0,0.0,I think the human cost of the work is worth more than the computers value,Moral,1,-0.3903311438018378,-0.14390683507284507,2,0.5463668062096525,0.3134894012607265,0.14014379252962103
market_control::lt::610fd7c2e424d1b89596bc94,610fd7c2e424d1b89596bc94,market_control,lt,1,0,lt_market,2,12.0,0.0,Because I don’t think I should be getting less when I am providing the data required,Moral,1,0.4725844341046694,-0.19088725063921583,4,0.3908490846577801,0.513706518128007,0.09544439721421275
market_control::lt::612198f856c9f4f2f02f7046,612198f856c9f4f2f02f7046,market_control,lt,1,0,lt_market,2,7.0,0.4166666666666666,I lowered the price by -$1 because I thought this would be competitive and allow more people to buy it,Mutual Benefit / Cooperation,2,-0.24241999018484217,-0.04504259453363697,1,0.5142658814601118,0.34036104726429617,0.14537307127559207
market_control::lt::6128188a420f8d3f27f8d8b1,6128188a420f8d3f27f8d8b1,market_control,lt,1,0,lt_market,2,10.0,0.1666666666666666,felt like a reasonable increase that better reflects the value of my data without pushing the price too high.,Mutual Benefit / Cooperation,2,0.05672922341367261,-0.11066860470094907,2,0.4658049394030017,0.41085257081427373,0.12334248978272463
market_control::lt::6134e3d48d0eaa5c8fe8c25e,6134e3d48d0eaa5c8fe8c25e,market_control,lt,1,0,lt_market,2,8.0,0.3333333333333333,I don't feel the need to change anything.,No clear justification,0,0.01335709894791895,-0.12389745927001816,2,0.4745210321848824,0.40144371394324485,0.12403525387187275
market_control::lt::6148534692faf0e96f0858b2,6148534692faf0e96f0858b2,market_control,lt,1,0,lt_market,1,10.0,0.1666666666666666,Because I'm hoping the value of the data is more than the original price and as I dont have any further information to go on I decided to cautiously go up a small amount,Mutual Benefit / Cooperation,2,0.037442076598533665,0.6201621531580317,3,0.41438607713986936,0.36041852666839735,0.22519539619173326
market_control::lt::614873a43b76bea1f97ee78f,614873a43b76bea1f97ee78f,market_control,lt,1,0,lt_market,2,4.0,0.6666666666666667,I reduced the price because I wanted the broker to keep a larger margin from selling the data.,Moral,1,-0.4594860486347657,0.19629959745031672,3,0.5274446106807956,0.28351926149436757,0.1890361278248368
market_control::lt::614ddeed68bcb4d625cd376d,614ddeed68bcb4d625cd376d,market_control,lt,1,0,lt_market,2,11.0,0.0833333333333333,"Producing data is hard, so I believe that the data producer - here that is me - should make the majority of the money",Self-interest,3,0.8134369554369972,-0.1629987387226181,4,0.32521956770786953,0.5932805315422189,0.08149990074991156
market_control::lt::6159ffae3dec28bbdc15a715,6159ffae3dec28bbdc15a715,market_control,lt,1,0,lt_market,2,12.0,0.0,"The broker will receive £12 for selling my data, so I think it is only fair that I receive the same amount. I do think that I should receive more as the producer of the data, but there was not an option to go higher.",Moral,1,0.1325920837816999,-0.21782745446501575,4,0.45738174397889575,0.43370366772409075,0.1089145882970135
market_control::lt::615a170c6eca532c6f57e09c,615a170c6eca532c6f57e09c,market_control,lt,1,0,lt_market,2,12.0,0.0,"It's my data, there is no reason the broker should benefit.",Self-interest,3,-0.10759915724631572,-0.1957836974420123,3,0.500866974854375,0.37713995756462937,0.12199306758099558
market_control::lt::615f5864ae2a546caed7137c,615f5864ae2a546caed7137c,market_control,lt,1,0,lt_market,1,12.0,0.0,Because I want the maximum amount.,Self-interest,3,0.20271910893113304,-0.03572521979616134,1,0.43476479819840197,0.44132129716157764,0.12391390464002038
market_control::lt::6164256a8457e9ee1af3a65e,6164256a8457e9ee1af3a65e,market_control,lt,1,0,lt_market,1,12.0,0.0,I'm imagining it to be something for which the value has increased.,Mutual Benefit / Cooperation,2,0.20271910893113304,-0.03572521979616134,1,0.43476479819840197,0.44132129716157764,0.12391390464002038
market_control::lt::61bb377a40db417c1a138a70,61bb377a40db417c1a138a70,market_control,lt,1,0,lt_market,2,12.0,0.0,I felt that I had worked for the money so I should get as much as possible,Self-interest,3,-0.3019827353755043,-0.17288326736705745,2,0.5336477657497863,0.33334434279431324,0.13300789145590042
market_control::lt::622a4ec80e7473d15d7c5009,622a4ec80e7473d15d7c5009,market_control,lt,1,0,lt_market,2,8.0,0.3333333333333333,It only seems fair to keep it the same so no one benefits above another,Moral,1,-0.10759915724631572,-0.1957836974420123,3,0.500866974854375,0.37713995756462937,0.12199306758099558
market_control::lt::623486db68625ae062c7303c,623486db68625ae062c7303c,market_control,lt,1,0,lt_market,1,8.0,0.3333333333333333,Because I thought the amount set was fair and it is very unlikely to make a material difference to me if the amount is increased or decreased,Moral,1,0.6751246424532439,-0.12033338206202564,3,0.34979143869932894,0.5586954626091105,0.0915130986915605
market_control::lt::6273fc660ec7abd0dd28b204,6273fc660ec7abd0dd28b204,market_control,lt,1,0,lt_market,2,8.0,0.3333333333333333,It seems fair to begin with,Moral,1,0.13259208378169987,-0.2178274544650158,4,0.45738174397889575,0.43370366772409075,0.10891458829701349
market_control::lt::627966f3451caac7a46ca880,627966f3451caac7a46ca880,market_control,lt,1,0,lt_market,2,12.0,0.0,I want as much money for myself as possible.,Self-interest,3,0.13259208378169987,-0.2178274544650158,4,0.45738174397889575,0.43370366772409075,0.10891458829701349
market_control::lt::628409abe8772d1f138b7f14,628409abe8772d1f138b7f14,market_control,lt,1,0,lt_market,2,6.0,0.5,I took the data price down by $2 so that I'd be paid $6 and the other person would be left with $6 after buying my data.,Moral,1,-0.10759915724631572,-0.1957836974420123,3,0.500866974854375,0.37713995756462937,0.12199306758099558
market_control::lt::62963cadf88b1be103222fb9,62963cadf88b1be103222fb9,market_control,lt,1,0,lt_market,2,7.5,0.375,I chose this for the fact of low risk high reward management,Mutual Benefit / Cooperation,2,-0.1407053838268989,-0.08099356245251453,1,0.4993679926990161,0.36440738191823435,0.13622462538274951
market_control::lt::62989d142aedce04d304cabf,62989d142aedce04d304cabf,market_control,lt,1,0,lt_market,1,9.0,0.25,I increased the price by a dollar - I'm thinking that this will still be acceptable as it's not a large increase,Self-interest,3,-0.046215248498630936,0.6297723266947416,3,0.4253378666758919,0.34137682973293026,0.23328530359117777
market_control::lt::629e212b5c3c5319f1127bb6,629e212b5c3c5319f1127bb6,market_control,lt,1,0,lt_market,1,6.0,0.5,Makes the buyer feel like they are getting money off without making them feel like they are getting a subpar product. I'm imagining selling enough of my product to make the discount worthwhile.,Mutual Benefit / Cooperation,2,-0.046215248498630936,0.6297723266947416,3,0.4253378666758919,0.34137682973293026,0.23328530359117777
market_control::lt::62a727c0b6efe57fb90a5b86,62a727c0b6efe57fb90a5b86,market_control,lt,1,0,lt_market,2,8.0,0.3333333333333333,No change is the fairest option,Moral,1,0.10839475699220462,-0.13094230940769458,2,0.4573932505885087,0.4239117272338285,0.11869502217766283
market_control::lt::62a89318448a8592fc88ee03,62a89318448a8592fc88ee03,market_control,lt,1,0,lt_market,2,8.0,0.3333333333333333,I see no need to change the price without further details about how equitable it will be,Moral,1,-0.04546422016057583,0.2695615189471854,3,0.4573872148741287,0.3664300293709853,0.17618275575488598
market_control::lt::62b35d7693a267af341a1822,62b35d7693a267af341a1822,market_control,lt,1,0,lt_market,1,9.0,0.25,"I didnt want to go too high. Like boiling a frog alive, bring up the cost slowly so its not noted as much,",Self-interest,3,0.2604088929240888,-0.080868427145936,1,0.42640757389984707,0.45738420142823466,0.1162082246719183
market_control::lt::62ca4ad19cb17ebe5531e04f,62ca4ad19cb17ebe5531e04f,market_control,lt,1,0,lt_market,1,8.0,0.3333333333333333,I want to make a great profit from the data because data is precious.,Mutual Benefit / Cooperation,2,-0.3518014860117642,-0.12644857064155243,2,0.5386653177326789,0.32077705316135285,0.1405576291059682
market_control::lt::62cc24abe2c56d04f1cf9a66,62cc24abe2c56d04f1cf9a66,market_control,lt,1,0,lt_market,1,6.0,0.5,I feel that the broker should make money on the deal and they get $2 for my $6,Moral,1,-0.3903311438018378,-0.14390683507284507,2,0.5463668062096525,0.3134894012607265,0.14014379252962103
market_control::lt::62cd6efa6212ae6777eb7db1,62cd6efa6212ae6777eb7db1,market_control,lt,1,0,lt_market,2,10.0,0.1666666666666666,This way both me as the seller and the broker get a bonus,Mutual Benefit / Cooperation,2,0.05672922341367261,-0.11066860470094907,2,0.4658049394030017,0.41085257081427373,0.12334248978272463
market_control::lt::62d13582584ecb519db9ec60,62d13582584ecb519db9ec60,market_control,lt,1,0,lt_market,1,8.0,0.3333333333333333,I am quite happy with the amount that was selected for me so I didn't feel the need to change or negotiate,Self-interest,3,0.05672922341367261,-0.11066860470094907,2,0.4658049394030017,0.41085257081427373,0.12334248978272463
market_control::lt::62d6f9a16cfbc3842bfc888a,62d6f9a16cfbc3842bfc888a,market_control,lt,1,0,lt_market,2,6.0,0.5,It is nice to reduce prices for customers - it may also increase sales if the price is lower than a competitor,Mutual Benefit / Cooperation,2,0.5113475364077094,-0.1298597868487042,2,0.3811086906595954,0.520044046815243,0.0988472625251617
market_control::lt::62e44bc8933fe0b9c7f8b12d,62e44bc8933fe0b9c7f8b12d,market_control,lt,1,0,lt_market,2,8.0,0.3333333333333333,"Though the set up is identical to before, it feels more reasonable for me to take all of the money (since it is supposed be relating to my data). However, recognising that in the set up the broker and I are equally just dependant on the scenario to get some amount of a bonus, I don't want to adjust and give them less for me to get more of a bonus",Moral,1,-0.10759915724631572,-0.1957836974420123,3,0.500866974854375,0.37713995756462937,0.12199306758099558
market_control::lt::62fbb64f898f825360508915,62fbb64f898f825360508915,market_control,lt,1,0,lt_market,2,11.0,0.0833333333333333,I'd like to try and maximise the amount of money I make.,Self-interest,3,-0.08034450326116314,0.22525224571035157,3,0.46657136513362174,0.36136826196865124,0.17206037289772705
market_control::lt::62fd10443b9a8510ba1298fc,62fd10443b9a8510ba1298fc,market_control,lt,1,0,lt_market,1,10.0,0.1666666666666666,the intermediary was making to much profit on the transaction so i thought it was fairer to increase the price,Moral,1,0.2920031901621045,0.25737481908746435,3,0.40188847805334355,0.44518523287856804,0.1529262890680885
market_control::lt::63039343fd5a2e6fb88d2c61,63039343fd5a2e6fb88d2c61,market_control,lt,1,0,lt_market,2,12.0,0.0,I wanted to get the most fro my data,Self-interest,3,0.2625674826681401,-0.17098184043680764,3,0.43034339915605024,0.46237575188907964,0.10728084895487006
market_control::lt::63106ea4e8fe9c6cd32bf358,63106ea4e8fe9c6cd32bf358,market_control,lt,1,0,lt_market,2,11.0,0.0833333333333333,I wanted to make the most money for myself but give them a little,Self-interest,3,-0.020980464798904135,-0.2004209396657265,3,0.4852760143412907,0.3970985641165791,0.11762542154213015
market_control::lt::6317f9069450471878597e48,6317f9069450471878597e48,market_control,lt,1,0,lt_market,1,10.0,0.1666666666666666,"Might as well make it an even 10 dollars,everything has gone up with inflation.",Moral,1,-0.10655180820280014,-0.1743332656597573,3,0.49935778845404133,0.37641405482537527,0.12422815672058343
market_control::lt::631f8164145b26de1567f040,631f8164145b26de1567f040,market_control,lt,1,0,lt_market,2,12.0,0.0,"Because you're extracting value from my data in the scenario versus the previous of here's a free X amount of money, do you want to share that money that isn't yours or keep it. In this case if I am the product then I choose to take the highest cut I can.",Self-interest,3,0.5113475364077094,-0.1298597868487042,2,0.3811086906595954,0.520044046815243,0.0988472625251617
market_control::lt::6329e23d509947bfd4c50ab3,6329e23d509947bfd4c50ab3,market_control,lt,1,0,lt_market,2,6.0,0.5,"From my understanding of the way the bonus would potentially be worked out, this leaves my match and I receiving and equal bonus. Not knowing anything about the individual and their situation, I wanted to be as fair as possible.",Moral,1,-0.10987382673890259,0.9156748175892406,4,0.4029051651046402,0.3049377699803293,0.2921570649150306
market_control::lt::63472425ec8036941642882c,63472425ec8036941642882c,market_control,lt,1,0,lt_market,1,9.0,0.25,I think this is a fair price and also a attractive number for buyers.,Moral,1,0.32880477878820624,0.2956137394488974,3,0.3932407982055123,0.45138365428723815,0.15537554750724966
market_control::lt::637f8a6ce46b21fb1a910c7d,637f8a6ce46b21fb1a910c7d,market_control,lt,1,0,lt_market,1,10.0,0.1666666666666666,Trying to get a fair price as much as possible while staying competitive,Moral,1,-0.3903311438018378,-0.14390683507284507,2,0.5463668062096525,0.3134894012607265,0.14014379252962103
market_control::lt::638070625c26e262f2163254,638070625c26e262f2163254,market_control,lt,1,0,lt_market,1,12.0,0.0,start high and i can always reduce,Self-interest,3,0.10780316037711343,-0.15234459016615892,2,0.4586607839133205,0.42480566993717295,0.11653354614950653
market_control::lt::63b060a1e4ed14783756754f,63b060a1e4ed14783756754f,market_control,lt,1,0,lt_market,2,7.0,0.4166666666666666,Happy to send across one dollar for us both to share a reasonable amount,Moral,1,-0.3019827353755043,-0.17288326736705745,2,0.5336477657497863,0.33334434279431324,0.13300789145590042
market_control::lt::63b6c0245a6de54b28e6ef89,63b6c0245a6de54b28e6ef89,market_control,lt,1,0,lt_market,2,12.0,0.0,I wanted to increase the price to make the most money.,Mutual Benefit / Cooperation,2,-0.08034450326116316,0.22525224571035163,3,0.46657136513362174,0.36136826196865124,0.17206037289772705
market_control::lt::63cee143ef1cb49bc4d101db,63cee143ef1cb49bc4d101db,market_control,lt,1,0,lt_market,2,7.5,0.375,It is nearly christmas so I would rather keep the money,Self-interest,3,-0.3019827353755043,-0.17288326736705745,2,0.5336477657497863,0.33334434279431324,0.13300789145590042
market_control::lt::63cff02ee037183a8c260ea8,63cff02ee037183a8c260ea8,market_control,lt,1,0,lt_market,2,9.0,0.25,Its the right to do and I went with my gut feeling,Moral,1,0.2625674826681401,-0.17098184043680764,3,0.43034339915605024,0.46237575188907964,0.10728084895487006
market_control::lt::63d13c066352266a8621cc2a,63d13c066352266a8621cc2a,market_control,lt,1,0,lt_market,2,12.0,0.0,I feel my data is worth the most.,Self-interest,3,-0.3343935196721881,0.31784608849243823,2,0.49734860932909436,0.30180960326757206,0.20084178740333353
market_control::lt::63d29a1e50cf0f82998d2564,63d29a1e50cf0f82998d2564,market_control,lt,1,0,lt_market,2,9.0,0.25,I think it's a fair offer,Moral,1,-0.4836946886838424,-0.2184511829604697,3,0.5673347960722825,0.2974304316552432,0.13523477227247432
market_control::lt::63d31b44050f25d498f32cd1,63d31b44050f25d498f32cd1,market_control,lt,1,0,lt_market,2,10.0,0.1666666666666666,So that is was 10 and 10 to make it equal.,Moral,1,-0.5657990988189505,-0.26582570081057627,4,0.5841850772178427,0.2828995618194684,0.13291536096268894
market_control::lt::63d3f989a1af047b64c7c83e,63d3f989a1af047b64c7c83e,market_control,lt,1,0,lt_market,1,12.0,0.0,"It was allowed, this was the threshold and why not change it to that? If the amount was being donated to charity I may have made a different decision in favour of the chosen charity however it's just arbitrary number.",No clear justification,0,-0.30123910198807946,-0.14938057892437945,2,0.5318470597167116,0.33248669940030967,0.1356662408829787
market_control::lt::63d4010ea4c8c8d2af56018c,63d4010ea4c8c8d2af56018c,market_control,lt,1,0,lt_market,1,8.0,0.3333333333333333,Because it felt like there would be reasoning behind the price set and i didnt want to interfere without any further information,No clear justification,0,-0.5416148878518917,0.13266252491231567,4,0.545522495153978,0.2708071725366765,0.18367033230934557
market_control::lt::63e8326b8d067b28655586fb,63e8326b8d067b28655586fb,market_control,lt,1,0,lt_market,1,12.0,0.0,I think a higher number could contribute to a higher bonus payout.,Mutual Benefit / Cooperation,2,-0.3515031428288437,-0.10107940409970467,2,0.5366901239753721,0.3197237424921915,0.14358613353243635
market_control::lt::63eec085b1d2e79ac4fbbd78,63eec085b1d2e79ac4fbbd78,market_control,lt,1,0,lt_market,2,9.0,0.25,I choose that to make and attract buyers and revenue,Mutual Benefit / Cooperation,2,-0.16893168199384156,0.36340560493519247,1,0.4685573923592175,0.3335451093663458,0.1978974982744367
market_control::lt::63fa812428f289c772131458,63fa812428f289c772131458,market_control,lt,1,0,lt_market,2,0.0,1.0,"If I understand it correctly, we will get $8 back?",Mutual Benefit / Cooperation,2,-0.18586686805578373,-0.09650106266169477,1,0.5082945724316597,0.35513767390099116,0.13656775366734916
market_control::lt::640132934d00561d78518c4c,640132934d00561d78518c4c,market_control,lt,1,0,lt_market,2,7.0,0.4166666666666666,reduce the price to sell a bit more without causing issues,Mutual Benefit / Cooperation,2,0.076054463168014,0.3390212987054172,2,0.43230613269592677,0.38940370325279294,0.1782901640512804
market_control::lt::641361951f32a46c07479b33,641361951f32a46c07479b33,market_control,lt,1,0,lt_market,2,8.0,0.3333333333333333,i just wanted to keep it,Self-interest,3,-0.10759915724631576,-0.19578369744201246,3,0.500866974854375,0.3771399575646294,0.12199306758099558
market_control::lt::643ead9be9be7fa2c20e1a53,643ead9be9be7fa2c20e1a53,market_control,lt,1,0,lt_market,1,10.0,0.1666666666666666,"I am doing most of the work to create this work. The middleman can get his cut, but I should get the lion's share of the profit for my work.",Self-interest,3,0.47258443410466955,-0.19088725063921583,4,0.3908490846577801,0.5137065181280072,0.09544439721421273
market_control::lt::644dd62589aee554eb07c017,644dd62589aee554eb07c017,market_control,lt,1,0,lt_market,2,8.0,0.3333333333333333,The amount will make little difference to me or the broker.,No clear justification,0,-0.10759915724631572,-0.1957836974420123,3,0.500866974854375,0.37713995756462937,0.12199306758099558
market_control::lt::645df5da6a7ba0101a3a2a95,645df5da6a7ba0101a3a2a95,market_control,lt,1,0,lt_market,2,12.0,0.0,Fairness-----------‐------------,Moral,1,-0.14115278125616826,-0.05520683654580309,1,0.4976799243953466,0.3630601105559182,0.1392599650487352
market_control::lt::646674fd07dbd1dc3889d32e,646674fd07dbd1dc3889d32e,market_control,lt,1,0,lt_market,2,12.0,0.0,I wanted the other person to get as much fixed price as possible.,Moral,1,0.3787516414286953,0.24929615883673395,3,0.3873970134472696,0.4663788211855702,0.14622416536716012
market_control::lt::646a2395c7c21c5772c607ab,646a2395c7c21c5772c607ab,market_control,lt,1,0,lt_market,1,12.0,0.0,To make some money on the deal.,Self-interest,3,-0.4594860486347657,0.19629959745031672,3,0.5274446106807956,0.28351926149436757,0.1890361278248368
market_control::lt::647869e6f69318bacc341d53,647869e6f69318bacc341d53,market_control,lt,1,0,lt_market,2,10.0,0.1666666666666666,I think my work is worth $ 10,Self-interest,3,-0.4597008227055501,0.22526054215941568,3,0.524596690150906,0.2819698200980099,0.19343348975108401
market_control::lt::64834ca600dfc800b8242f95,64834ca600dfc800b8242f95,market_control,lt,1,0,lt_market,2,6.0,0.5,I think this will mean that both the broker and data provider will receive the same amount.,Moral,1,-0.020980464798904135,-0.2004209396657265,3,0.4852760143412907,0.3970985641165791,0.11762542154213015
market_control::lt::64d547d9b24adf35e195b48e,64d547d9b24adf35e195b48e,market_control,lt,1,0,lt_market,1,9.0,0.25,Because I feel like my data is worth more than the intended price.,Self-interest,3,-0.15040884737107982,0.5468138847441859,4,0.44820507613639377,0.3252039295983582,0.22659099426524798
market_control::lt::64fb3be137d2bd2bdfab8ba6,64fb3be137d2bd2bdfab8ba6,market_control,lt,1,0,lt_market,2,12.0,0.0,Let the transaction continue with all sides happy.,Moral,1,0.2625674826681401,-0.17098184043680764,3,0.43034339915605024,0.46237575188907964,0.10728084895487006
market_control::lt::6509a48ff7809e6aba0cf5fa,6509a48ff7809e6aba0cf5fa,market_control,lt,1,0,lt_market,1,6.0,0.5,I wanted us to receive the same amount,Moral,1,-0.2605192966663232,-0.13326793596423045,2,0.5237444192708038,0.34052717276476874,0.13572840796442748
market_control::lt::651c4484ba17050f6b716614,651c4484ba17050f6b716614,market_control,lt,1,0,lt_market,1,10.0,0.1666666666666666,It's better value for me but also not too big of a price increase.,Self-interest,3,0.17080621129798945,0.3270907615180204,2,0.41769376267012187,0.4120540221557417,0.17025221517413638
market_control::lt::652ecb92078fe073ab29b920,652ecb92078fe073ab29b920,market_control,lt,1,0,lt_market,1,9.0,0.25,I want to get a good bonus but I feel it is necessary to charge a little more for the company's product.,Self-interest,3,0.20271910893113304,-0.03572521979616134,1,0.43476479819840197,0.44132129716157764,0.12391390464002038
market_control::lt::654a86d08714f739c9fcea21,654a86d08714f739c9fcea21,market_control,lt,1,0,lt_market,1,9.0,0.25,It still seemed reasonable that the other person gets a $3 (12-9)profit for selling the data and gathering data is tedious work.,Moral,1,-0.046215248498630936,0.6297723266947416,3,0.4253378666758919,0.34137682973293026,0.23328530359117777
market_control::lt::65537e584cf0bd314f9e05a7,65537e584cf0bd314f9e05a7,market_control,lt,1,0,lt_market,2,11.0,0.0833333333333333,i chose to make it $11 so the broker can make profit,Mutual Benefit / Cooperation,2,-0.3903311438018378,-0.14390683507284507,2,0.5463668062096525,0.3134894012607265,0.14014379252962103
market_control::lt::6554d79fe5a58662e355a9ab,6554d79fe5a58662e355a9ab,market_control,lt,1,0,lt_market,2,6.0,0.5,I would like to be fair,Moral,1,-0.10759915724631576,-0.19578369744201246,3,0.500866974854375,0.3771399575646294,0.12199306758099558
market_control::lt::656615b432984a1b0ea3273f,656615b432984a1b0ea3273f,market_control,lt,1,0,lt_market,2,12.0,0.0,I wanted to be fair and equal that is why I gave that amount,Moral,1,-0.5657990988189505,-0.26582570081057627,4,0.5841850772178427,0.2828995618194684,0.13291536096268894
market_control::lt::6568b70075a2e3f099a181f2,6568b70075a2e3f099a181f2,market_control,lt,1,0,lt_market,2,8.0,0.3333333333333333,I chose to not make any changes to the price as I believe that it is currently fairly set. Both the producer and the intermediary will receive something from the deal.,Moral,1,0.13259636996764854,0.284429724695161,2,0.427069100801436,0.40601099802714236,0.16691990117142158
market_control::lt::657b836bb82c37cf3d68df6d,657b836bb82c37cf3d68df6d,market_control,lt,1,0,lt_market,2,8.0,0.3333333333333333,I would not change it me at all. I feel this will give a better result.,Mutual Benefit / Cooperation,2,0.01335709894791895,-0.12389745927001816,2,0.4745210321848824,0.40144371394324485,0.12403525387187275
market_control::lt::658343a1d729f3d5c25c7f0b,658343a1d729f3d5c25c7f0b,market_control,lt,1,0,lt_market,1,11.0,0.0833333333333333,I chose this price because it was a positive amount and I didn't want to take all 4 dollars,Moral,1,-0.06716916080694474,-0.16037122510299504,3,0.49137359826586535,0.3847011670783257,0.12392523465580896
market_control::lt::659b1fc05dffc3c84fb56129,659b1fc05dffc3c84fb56129,market_control,lt,1,0,lt_market,2,10.0,0.1666666666666666,"i think this is a fair price point, because the broker will be receiving $12, minus the cost of my data. i view this as fair because it my information being sold, with me there would be no product for the broker to profit off of.",Moral,1,0.5113475364077094,-0.1298597868487042,2,0.3811086906595954,0.520044046815243,0.0988472625251617
market_control::lt::659ea4e7d463df336977cc41,659ea4e7d463df336977cc41,market_control,lt,1,0,lt_market,2,7.0,0.4166666666666666,I think this is a fair price for all involved. The broker's job isn't as intensive as the provider however they still need to be compensated fairly.,Moral,1,-0.4768547467727206,0.875054456377376,4,0.44910177128834006,0.2384279656393396,0.3124702630723204
market_control::lt::65a708e73e47380843931ad8,65a708e73e47380843931ad8,market_control,lt,1,0,lt_market,2,10.0,0.1666666666666666,I want to ensure my profit margins.,Self-interest,3,0.2907225221452825,0.28275351996224546,3,0.4005272004419861,0.4432045870888996,0.15626821246911415
market_control::lt::65dba581504a6a75a4d6f016,65dba581504a6a75a4d6f016,market_control,lt,1,0,lt_market,2,10.0,0.1666666666666666,"Honestly, I know this is basically the same scenario as the first in that we are each being allocated a bonus and I can change it. But my instinct was to raise the price so that I could get more money and it didn't make me feel as guilty thinking of it as another person just making less profit, instead of thinking of it as me taking their money.",Self-interest,3,-0.24241999018484217,-0.04504259453363697,1,0.5142658814601118,0.34036104726429617,0.14537307127559207
market_control::lt::65e729bda61d35956dfd5316,65e729bda61d35956dfd5316,market_control,lt,1,0,lt_market,1,12.0,0.0,It's a gamble I'm willing to try and take.,Mutual Benefit / Cooperation,2,-0.10759915724631572,-0.1957836974420123,3,0.500866974854375,0.37713995756462937,0.12199306758099558
market_control::lt::65ef444cc7c7a97ca2802263,65ef444cc7c7a97ca2802263,market_control,lt,1,0,lt_market,1,9.0,0.25,I feel the data should be worth more.,No clear justification,0,-0.3903311438018378,-0.14390683507284507,2,0.5463668062096525,0.3134894012607265,0.14014379252962103
market_control::lt::65f0c791adc0b9907c85fc9b,65f0c791adc0b9907c85fc9b,market_control,lt,1,0,lt_market,1,8.0,0.3333333333333333,A chance to sell that allows the broker to make money too,Mutual Benefit / Cooperation,2,-0.24241999018484217,-0.04504259453363697,1,0.5142658814601118,0.34036104726429617,0.14537307127559207
market_control::lt::66045b87ffe71e6e521f357d,66045b87ffe71e6e521f357d,market_control,lt,1,0,lt_market,2,12.0,0.0,twelve dollars is a good amount,No clear justification,0,-0.24241999018484217,-0.04504259453363697,1,0.5142658814601118,0.34036104726429617,0.14537307127559207
market_control::lt::66097284b44bdd99ae430bf1,66097284b44bdd99ae430bf1,market_control,lt,1,0,lt_market,2,8.0,0.3333333333333333,i think that is still reasonable for the broker,No clear justification,0,-0.10759915724631572,-0.1957836974420123,3,0.500866974854375,0.37713995756462937,0.12199306758099558
market_control::lt::660c77dde93bf0750a18a235,660c77dde93bf0750a18a235,market_control,lt,1,0,lt_market,2,10.0,0.1666666666666666,I feel my time and attention to this or any survey should be compensated fairly as I work hard at providing the best and most accurate responses I can.,Moral,1,-0.44727859306570944,-0.17806464928592,3,0.5583165383396334,0.3032026522168005,0.13848080944356614
market_control::lt::660ff598a3391e9b7d8feab4,660ff598a3391e9b7d8feab4,market_control,lt,1,0,lt_market,1,10.5,0.125,I chose this price because I wanted to make a little more but not be too greedy.,Moral,1,0.13259636996764854,0.284429724695161,2,0.427069100801436,0.40601099802714236,0.16691990117142158
market_control::lt::661149a91b7fad3a3d2caf0c,661149a91b7fad3a3d2caf0c,market_control,lt,1,0,lt_market,1,12.0,0.0,"I believe my data has full value, and raising the price to the highest allowed level reflects the time and effort I put into completing surveys.",Self-interest,3,-0.3019827353755043,-0.17288326736705745,2,0.5336477657497863,0.33334434279431324,0.13300789145590042
market_control::lt::662068c33032a9ac2bbea541,662068c33032a9ac2bbea541,market_control,lt,1,0,lt_market,1,10.0,0.1666666666666666,I believe it is worth more at the default set price,Mutual Benefit / Cooperation,2,0.2604088929240888,-0.080868427145936,1,0.42640757389984707,0.45738420142823466,0.1162082246719183
market_control::lt::662973533159df515afdd606,662973533159df515afdd606,market_control,lt,1,0,lt_market,1,12.0,0.0,"I'm worth way more than that, especially if that's what the broker is getting.",Self-interest,3,-0.10759915724631569,-0.19578369744201243,3,0.500866974854375,0.37713995756462937,0.12199306758099558
market_control::lt::66305c77f66c14d7ca20647d,66305c77f66c14d7ca20647d,market_control,lt,1,0,lt_market,2,12.0,0.0,I want us both to get the $12. That only seems fair.,Moral,1,0.2625674826681401,-0.17098184043680764,3,0.43034339915605024,0.46237575188907964,0.10728084895487006
market_control::lt::663299ea88551960f4132bb7,663299ea88551960f4132bb7,market_control,lt,1,0,lt_market,2,10.0,0.1666666666666666,"I feel that my information is worth at least $10 an hour. I want to be able to show that I have affordable information; however, it can't be underpriced because then it feels less valuable.",Self-interest,3,0.557444456065938,-0.10297683230355965,2,0.3713569916176767,0.5297468011382654,0.09889620724405782
market_control::lt::66343f7910c04370761ae595,66343f7910c04370761ae595,market_control,lt,1,0,lt_market,1,6.0,0.5,Selling the item is of more benefits because of the bonus possibilities so I need a price the broker also benefits we both earning 6 dollars is a win win,Mutual Benefit / Cooperation,2,-0.3409676900646118,0.7242460164348656,2,0.45338563414032307,0.27414250654221867,0.2724718593174582
market_control::lt::663804db4a6604d0e14fdb17,663804db4a6604d0e14fdb17,market_control,lt,1,0,lt_market,1,11.0,0.0833333333333333,I chose to raise my price because i believe this is what my data is worth in the scenario,Self-interest,3,0.3502384522091585,-0.17651577956845124,3,0.4138087361209157,0.48363370359318547,0.10255756028589888
market_control::lt::663b1d689aa0798a42c49d90,663b1d689aa0798a42c49d90,market_control,lt,1,0,lt_market,2,5.0,0.5833333333333333,I think it is good enough.,No clear justification,0,-0.08034450326116314,0.22525224571035157,3,0.46657136513362174,0.36136826196865124,0.17206037289772705
market_control::lt::664320ce44b1f781551bcb41,664320ce44b1f781551bcb41,market_control,lt,1,0,lt_market,2,8.0,0.3333333333333333,I m happy to have gained $8,Self-interest,3,-0.1331162172467738,0.41716502263560573,1,0.45822877411177687,0.3377475886534488,0.2040236372347744
market_control::lt::664f99fe99ad74bdbb1adc35,664f99fe99ad74bdbb1adc35,market_control,lt,1,0,lt_market,1,8.0,0.3333333333333333,"I look at it as though it would be 4 for cost 4 for me and 4 for the broker, favouring the broker in my mind but fair in reality.",Moral,1,0.2625674826681402,-0.17098184043680748,3,0.43034339915605024,0.46237575188907964,0.10728084895487006
market_control::lt::66535915cbec1d69819d3933,66535915cbec1d69819d3933,market_control,lt,1,0,lt_market,1,10.0,0.1666666666666666,It seemed fair to split the amount equally between us.,Moral,1,-0.1504088473710798,0.5468138847441855,4,0.4482050761363938,0.32520392959835825,0.2265909942652479
market_control::lt::6657861eb430a466525dc73c,6657861eb430a466525dc73c,market_control,lt,1,0,lt_market,2,12.0,0.0,I wanted to be greedy and make a profit. I usually don't do that but today I felt like doing the opposite.,Self-interest,3,0.2625674826681402,-0.17098184043680748,3,0.43034339915605024,0.46237575188907964,0.10728084895487006
market_control::lt::6658b1d8c5946493820c5cc4,6658b1d8c5946493820c5cc4,market_control,lt,1,0,lt_market,1,10.0,0.1666666666666666,I think the cost should be increased as the data is in demand.,Self-interest,3,0.05672922341367261,-0.11066860470094907,2,0.4658049394030017,0.41085257081427373,0.12334248978272463
market_control::lt::6658b3d15669d166e3c15634,6658b3d15669d166e3c15634,market_control,lt,1,0,lt_market,1,9.5,0.2083333333333333,I feel this is a subtle increase where by the other person may not notice it so much!,Self-interest,3,0.5116762468293221,-0.11095235237339549,2,0.3803186462655338,0.5191745967439,0.10050675699056624
market_control::lt::6658cd07d45dca942abbf1c0,6658cd07d45dca942abbf1c0,market_control,lt,1,0,lt_market,1,10.0,0.1666666666666666,"I chose to change the price by +$2 because it feels like a small, reasonable adjustment. The original $8 seemed pretty close to fair, but maybe just a bit low, so adding $2 feels like a natural way to bring the price closer to what I think it’s actually worth.",Moral,1,-0.5416148878518917,0.13266252491231564,4,0.545522495153978,0.2708071725366765,0.18367033230934557
market_control::lt::665990d77206343f142e900b,665990d77206343f142e900b,market_control,lt,1,0,lt_market,1,9.0,0.25,Making it slightly more positive is only a good thing without being overly selfish.,Moral,1,0.2604088929240888,-0.080868427145936,1,0.42640757389984707,0.45738420142823466,0.1162082246719183
market_control::lt::665a0153581153685eceb902,665a0153581153685eceb902,market_control,lt,1,0,lt_market,1,12.0,0.0,personal data is expensive regardless of what the data is,No clear justification,0,0.3099571703530825,-0.07044642818123877,1,0.4166229042964789,0.46867968981410496,0.11469740588941615
market_control::lt::665a0b3961819c47de50263e,665a0b3961819c47de50263e,market_control,lt,1,0,lt_market,2,12.0,0.0,"The more money I can get for my time, the better",Self-interest,3,0.6322967281518345,-0.14495761439176233,3,0.3586812075600192,0.54972327990078,0.09159551253920085
market_control::lt::665b2cda9a7a5b542d4a1964,665b2cda9a7a5b542d4a1964,market_control,lt,1,0,lt_market,2,8.0,0.3333333333333333,It was a fair share of the labour,Moral,1,-0.3796541867346221,0.19113398425102235,3,0.5162237266482692,0.2996885236289857,0.18408774972274514
market_control::lt::665e336f3cdc13e3621fb189,665e336f3cdc13e3621fb189,market_control,lt,1,0,lt_market,2,12.0,0.0,"Selling someone's own data is a priceless item, so therefore the amount should be as high as possible",Moral,1,0.6322967281518345,-0.14495761439176233,3,0.3586812075600192,0.54972327990078,0.09159551253920085
market_control::lt::665f3e69f83003c1df913675,665f3e69f83003c1df913675,market_control,lt,1,0,lt_market,1,9.0,0.25,I'm honestly not entirely sure on why I would change it by this much,No clear justification,0,0.30931173943857937,-0.04788387181476837,1,0.4156469829398019,0.46734288377063804,0.11701013328956009
market_control::lt::6664c7aa5c1c7846d3618f74,6664c7aa5c1c7846d3618f74,market_control,lt,1,0,lt_market,1,12.0,0.0,"i choose +4 because if my pair is selected i will receive the final price, so setting it to maximum allowed to me maximise the bonus",Self-interest,3,-0.08034450326116316,0.22525224571035163,3,0.46657136513362174,0.36136826196865124,0.17206037289772705
market_control::lt::6669d44636c1a4ed40e35bf0,6669d44636c1a4ed40e35bf0,market_control,lt,1,0,lt_market,2,12.0,0.0,Because I want equal to what the broker is receiving,Moral,1,-0.2118232137010024,-0.2430259849579455,4,0.5225738223093924,0.3559117922198606,0.12151438547074699
market_control::lt::666b6cd0fd4835707cae439b,666b6cd0fd4835707cae439b,market_control,lt,1,0,lt_market,1,9.0,0.25,BECAUSE THE DATA IS THAT MUCH,No clear justification,0,0.2920031901621047,0.25737481908746435,3,0.4018884780533435,0.4451852328785681,0.1529262890680885
market_control::lt::666cd244c4e9f0b3a060c2c7,666cd244c4e9f0b3a060c2c7,market_control,lt,1,0,lt_market,1,12.0,0.0,the value of my data and time,Self-interest,3,-0.08102363708334683,0.2526335868262347,3,0.4644736414610516,0.359566228111426,0.1759601304275224
market_control::lt::66757a272d91a2571991681e,66757a272d91a2571991681e,market_control,lt,1,0,lt_market,1,10.0,0.1666666666666666,"i didnt want to decrease it, i wanted it to go up of course but then when it didnt have a plus infront i was scared that possible that could mean something different even if it was described different earlier so i thought best to change it by 2 rather than 4 in case",Mutual Benefit / Cooperation,2,-0.14115278125616826,-0.05520683654580309,1,0.4976799243953466,0.3630601105559182,0.1392599650487352
market_control::lt::6676e8090b3f8feb94a4f00f,6676e8090b3f8feb94a4f00f,market_control,lt,1,0,lt_market,2,6.0,0.5,I want to beat the competion and give the broker more,Self-interest,3,0.2625674826681402,-0.17098184043680748,3,0.43034339915605024,0.46237575188907964,0.10728084895487006
market_control::lt::66784c32524d51faa546901b,66784c32524d51faa546901b,market_control,lt,1,0,lt_market,2,5.0,0.5833333333333333,it was the first number that came up when clicked the slider,No clear justification,0,-0.33617933209989836,0.3506933293725338,2,0.49432810208075584,0.2995175034544114,0.20615439446483275
market_control::lt::6679f0648b065bdab20a6d7a,6679f0648b065bdab20a6d7a,market_control,lt,1,0,lt_market,2,9.0,0.25,I THINK THE PERCENTAGE THE BROOKER WILL GET IS BIG MORE THAN THAT OF THE OWNER WHEN THE COST OF PRODUCION IS REMOVED FROM THE GOODS,No clear justification,0,-0.08034450326116316,0.22525224571035163,3,0.46657136513362174,0.36136826196865124,0.17206037289772705
market_control::lt::668177e0951600598b5422df,668177e0951600598b5422df,market_control,lt,1,0,lt_market,1,11.0,0.0833333333333333,date is extremely sellable and $8 seems cheap for data,Mutual Benefit / Cooperation,2,0.01335709894791895,-0.12389745927001816,2,0.4745210321848824,0.40144371394324485,0.12403525387187275
market_control::lt::6687df696aeb66d7501f89f0,6687df696aeb66d7501f89f0,market_control,lt,1,0,lt_market,2,9.0,0.25,I think the data is worth more but I am unwilling to charge the full price as I do not know the quality and expanse of the data.,Self-interest,3,0.46213833657485764,-0.07333354409479056,2,0.3881591890202307,0.5053468946969324,0.10649391628283689
market_control::lt::6688583698ac0c14d67453cb,6688583698ac0c14d67453cb,market_control,lt,1,0,lt_market,1,12.0,0.0,I chose the increase because data is very expensive.,Self-interest,3,-0.2814977070055741,0.2885688209725178,2,0.492399157230631,0.31437673138300737,0.19322411138636167
market_control::lt::66894238a0fd4537fb53c120,66894238a0fd4537fb53c120,market_control,lt,1,0,lt_market,2,8.0,0.3333333333333333,I feel like it makes the most sense in this situation,No clear justification,0,0.2604088929240888,-0.080868427145936,1,0.42640757389984707,0.45738420142823466,0.1162082246719183
market_control::lt::668db0a372d0c41c15a558ba,668db0a372d0c41c15a558ba,market_control,lt,1,0,lt_market,1,9.0,0.25,"I'm doing the work, I should get the bulk of the payment",Self-interest,3,0.30523796823764066,-0.14090309547488644,3,0.42082611877815157,0.47111558601976844,0.10805829520207995
market_control::lt::668e99424b4544da8ad638de,668e99424b4544da8ad638de,market_control,lt,1,0,lt_market,2,10.0,0.1666666666666666,I chose this as I felt it would be fair to select 2 usd,Moral,1,-0.5657990988189505,-0.26582570081057627,4,0.5841850772178427,0.2828995618194684,0.13291536096268894
market_control::lt::669024a8eceed5533f99b9e9,669024a8eceed5533f99b9e9,market_control,lt,1,0,lt_market,2,8.0,0.3333333333333333,I wanted to keep all the money and not risk changing the amount.,Self-interest,3,0.6328428489787249,-0.1275081597824138,3,0.3579905740497745,0.5489955536951134,0.09301387225511203
market_control::lt::66903bb5296cadf03b1a6d6e,66903bb5296cadf03b1a6d6e,market_control,lt,1,0,lt_market,1,12.0,0.0,I chose this price because I wanted to make a positive change and hopefully have a positive outcome.,Moral,1,-0.24241999018484217,-0.04504259453363697,1,0.5142658814601118,0.34036104726429617,0.14537307127559207
market_control::lt::6692b332b77c02cc9bb9720e,6692b332b77c02cc9bb9720e,market_control,lt,1,0,lt_market,1,12.0,0.0,I feel that the data is worth more.,Self-interest,3,0.03731886017141742,0.3226591128731309,2,0.43983182557390177,0.3816693115022103,0.17849886292388792
market_control::lt::669672853f3d48a05239fa9c,669672853f3d48a05239fa9c,market_control,lt,1,0,lt_market,1,12.0,0.0,I wanted the higher bonus,Self-interest,3,0.07351739077625544,0.36943815243022743,2,0.43035130615759115,0.38677815275269833,0.18287054108971054
market_control::lt::6698a55a16b90d04fa1af2bd,6698a55a16b90d04fa1af2bd,market_control,lt,1,0,lt_market,2,12.0,0.0,I want to split the profit equally with my partner because that is what I would want my partner to do.,Moral,1,-0.5657990988189505,-0.26582570081057627,4,0.5841850772178427,0.2828995618194684,0.13291536096268894
market_control::lt::669a8a113c058df5b00aa6df,669a8a113c058df5b00aa6df,market_control,lt,1,0,lt_market,1,12.0,0.0,"Because it is a nice thing to do, and keeps it optimistic",Moral,1,0.17080621129798945,0.3270907615180204,2,0.41769376267012187,0.4120540221557417,0.17025221517413638
market_control::lt::66a891685b8284f18109357b,66a891685b8284f18109357b,market_control,lt,1,0,lt_market,2,6.0,0.5,"Once again, I chose this as it is the most equal price i could choose out of the options given",Moral,1,0.30931173943857937,-0.04788387181476837,1,0.4156469829398019,0.46734288377063804,0.11701013328956009
market_control::lt::66a8fd9eb9c846941a74493b,66a8fd9eb9c846941a74493b,market_control,lt,1,0,lt_market,1,12.0,0.0,I thought it was fair,Moral,1,0.5113475364077094,-0.1298597868487042,2,0.3811086906595954,0.520044046815243,0.0988472625251617
market_control::lt::66aafcc3d4f933f032778877,66aafcc3d4f933f032778877,market_control,lt,1,0,lt_market,2,12.0,0.0,i am currently behind on bills and every penny count for me so i will want any extra that is given,Self-interest,3,0.2625674826681401,-0.17098184043680764,3,0.43034339915605024,0.46237575188907964,0.10728084895487006
market_control::lt::66ae09b41fe460731834c749,66ae09b41fe460731834c749,market_control,lt,1,0,lt_market,1,10.0,0.1666666666666666,I need more pay for my effort and it will be worth it.,Self-interest,3,0.013357098947918962,-0.12389745927001816,2,0.4745210321848824,0.40144371394324485,0.12403525387187275
market_control::lt::66b00e249d75b352012b545a,66b00e249d75b352012b545a,market_control,lt,1,0,lt_market,1,10.0,0.1666666666666666,It's a compromise to not increases prices top much that it will hurt the American people even more.,Moral,1,0.10780316037711345,-0.15234459016615892,2,0.4586607839133205,0.42480566993717295,0.11653354614950653
market_control::lt::66b2267a22092a312db04ad6,66b2267a22092a312db04ad6,market_control,lt,1,0,lt_market,1,12.0,0.0,to get the best price possible,Self-interest,3,-0.21182321370100246,-0.2430259849579455,4,0.5225738223093924,0.3559117922198606,0.12151438547074699
market_control::lt::66b74c830fc65b3da0928177,66b74c830fc65b3da0928177,market_control,lt,1,0,lt_market,2,8.0,0.3333333333333333,"I thought receivng 2/3 of the payment was fair considering I did the work based on the role i was given. The broker is not gathering any data, but instead is simply selling the data I have mined for him/her. I feel that $8 is a reasonable price for that.",Moral,1,-0.16893168199384156,0.36340560493519247,1,0.4685573923592175,0.3335451093663458,0.1978974982744367
market_control::lt::66ba0acca647702e3117a90c,66ba0acca647702e3117a90c,market_control,lt,1,0,lt_market,2,6.0,0.5,I wanted to be fair and split it equally.,Moral,1,-0.2118232137010024,-0.2430259849579455,4,0.5225738223093924,0.3559117922198606,0.12151438547074699
market_control::lt::66bce38cdb7f3309e448dc8d,66bce38cdb7f3309e448dc8d,market_control,lt,1,0,lt_market,2,12.0,0.0,"Because companies want us to undervalue our data, but our data is fueling these companies and people should be fairly compensated for it.",Moral,1,-0.21182321370100246,-0.24302598495794547,4,0.5225738223093924,0.3559117922198606,0.12151438547074699
market_control::lt::66be213d651dff72ff117b7d,66be213d651dff72ff117b7d,market_control,lt,1,0,lt_market,1,11.5,0.0416666666666666,I wanted a noticeable increase but not the maximum. +£3.50 is substantial (near the +£4 cap) so it captures extra revenue while leaving a little room below the absolute maximum.,Mutual Benefit / Cooperation,2,0.6322967281518345,-0.14495761439176233,3,0.3586812075600192,0.54972327990078,0.09159551253920085
market_control::lt::66c0f464e0ff62798027b486,66c0f464e0ff62798027b486,market_control,lt,1,0,lt_market,1,12.0,0.0,I chose +4 because I think my data is valuable and I want to be paid as much as possible for it.,Self-interest,3,-0.4836946886838424,-0.2184511829604697,3,0.5673347960722825,0.2974304316552432,0.13523477227247432
market_control::lt::66c1175e2a6eac30bb107cf1,66c1175e2a6eac30bb107cf1,market_control,lt,1,0,lt_market,1,9.5,0.2083333333333333,I feel raising the price is fair for the amount of work and time spent.,Moral,1,0.6322967281518345,-0.14495761439176233,3,0.3586812075600192,0.54972327990078,0.09159551253920085
market_control::lt::66c376a5de57cc99a8123477,66c376a5de57cc99a8123477,market_control,lt,1,0,lt_market,2,8.0,0.3333333333333333,I feel that I should get the most for I am doing most of the important work of gathering the data.,Self-interest,3,0.1325920837816999,-0.2178274544650158,4,0.45738174397889575,0.43370366772409075,0.10891458829701349
market_control::lt::66c4f3cb14cbfc4db836bd4e,66c4f3cb14cbfc4db836bd4e,market_control,lt,1,0,lt_market,1,12.0,0.0,I changed it to +4 because its the highest amount you could select on the scale.,No clear justification,0,-0.1407053838268989,-0.08099356245251453,1,0.4993679926990161,0.36440738191823435,0.13622462538274951
market_control::lt::66ca41de318c12cd9f59b13a,66ca41de318c12cd9f59b13a,market_control,lt,1,0,lt_market,2,11.0,0.0833333333333333,I might as well get as much as a can and let the broker make a profit,Self-interest,3,-0.3903311438018378,-0.14390683507284507,2,0.5463668062096525,0.3134894012607265,0.14014379252962103
market_control::lt::66cf20fddbb839227888305e,66cf20fddbb839227888305e,market_control,lt,1,0,lt_market,1,8.5,0.2916666666666666,Just squeezing a little bit more out without going too crazy.,Self-interest,3,-0.1331162172467738,0.41716502263560573,1,0.45822877411177687,0.3377475886534488,0.2040236372347744
market_control::lt::66d06a724ded886289297dac,66d06a724ded886289297dac,market_control,lt,1,0,lt_market,2,12.0,0.0,I want both the provider and the broker to earn the same amount of money,Moral,1,-0.2118232137010024,-0.2430259849579455,4,0.5225738223093924,0.3559117922198606,0.12151438547074699
market_control::lt::66d5cabb005f0da220b543f4,66d5cabb005f0da220b543f4,market_control,lt,1,0,lt_market,2,9.5,0.2083333333333333,I chose this price as I thought it would mean that my final amount would be higher,Self-interest,3,-0.18586686805578373,-0.09650106266169477,1,0.5082945724316597,0.35513767390099116,0.13656775366734916
market_control::lt::66d921d24ea620ae6b29d74b,66d921d24ea620ae6b29d74b,market_control,lt,1,0,lt_market,2,12.0,0.0,I want to increase my money.,Self-interest,3,0.20271910893113304,-0.03572521979616134,1,0.43476479819840197,0.44132129716157764,0.12391390464002038
market_control::lt::66db5eed3a156e88aaf4ad43,66db5eed3a156e88aaf4ad43,market_control,lt,1,0,lt_market,1,1.0,0.9166666666666666,I thought it was the best price,No clear justification,0,0.3099571703530825,-0.07044642818123877,1,0.4166229042964789,0.46867968981410496,0.11469740588941615
market_control::lt::66df5574de7eab990c808f55,66df5574de7eab990c808f55,market_control,lt,1,0,lt_market,1,8.0,0.3333333333333333,"This seems fair to everyone involved and doesn't put anyone in a difficult or risky position. This is the price, the broker makes some income from their activity, and the trade is completed swiftly and smoothly",Moral,1,-0.020980464798904135,-0.2004209396657265,3,0.4852760143412907,0.3970985641165791,0.11762542154213015
market_control::lt::66e0c3776b5107cea9706045,66e0c3776b5107cea9706045,market_control,lt,1,0,lt_market,2,8.0,0.3333333333333333,I believe the broker should be paid fairly for their services,Moral,1,0.13259208378169993,-0.21782745446501575,4,0.45738174397889575,0.4337036677240908,0.1089145882970135
market_control::lt::66e2ca2c9b6fdfcc5532231b,66e2ca2c9b6fdfcc5532231b,market_control,lt,1,0,lt_market,1,12.0,0.0,"If selected i will recieve the full bonus. I was tempted to go halfs, however, i need the money, especially at this time of year. So decided to be greedy.",Self-interest,3,0.1325920837816999,-0.21782745446501575,4,0.45738174397889575,0.43370366772409075,0.1089145882970135
market_control::lt::66e3151584ce7d01596d194a,66e3151584ce7d01596d194a,market_control,lt,1,0,lt_market,1,8.0,0.3333333333333333,"I chose this price because it feels fair, given the fixed selling price of $12. Im okay with getting $8 and i hope the broker will still make a decent profit",Moral,1,-0.08034450326116313,0.22525224571035163,3,0.46657136513362174,0.36136826196865124,0.17206037289772705
market_control::lt::66e40dd900d072109722b51d,66e40dd900d072109722b51d,market_control,lt,1,0,lt_market,2,10.0,0.1666666666666666,the broker gets a fee of around 20% which feels fair and conventional,Moral,1,0.3502384522091585,-0.17651577956845124,3,0.4138087361209157,0.48363370359318547,0.10255756028589888
market_control::lt::66e89b61d7709ff7f27a76be,66e89b61d7709ff7f27a76be,market_control,lt,1,0,lt_market,1,12.0,0.0,"I'm not exactly sure, without more context. I suppose I would like a larger bonus.",Self-interest,3,-0.12950331614554095,0.38278590666382545,1,0.46083994788418975,0.3407776002898869,0.19838245182592334
market_control::lt::66eb5adf63cae551875a7667,66eb5adf63cae551875a7667,market_control,lt,1,0,lt_market,1,9.5,0.2083333333333333,I chose this because i estimated an increase,Mutual Benefit / Cooperation,2,0.30931173943857937,-0.04788387181476837,1,0.4156469829398019,0.46734288377063804,0.11701013328956009
market_control::lt::66edfd0393a07105ff1c86a2,66edfd0393a07105ff1c86a2,market_control,lt,1,0,lt_market,2,10.0,0.1666666666666666,This way I make a profit but am not greedy. I don't want to cut into the buyers profits too much.,Moral,1,-0.1407053838268989,-0.08099356245251453,1,0.4993679926990161,0.36440738191823435,0.13622462538274951
market_control::lt::66efa54508a57ab4d42cab20,66efa54508a57ab4d42cab20,market_control,lt,1,0,lt_market,1,10.0,0.1666666666666666,I thought that the data would be worth a little bit of money but not the whole $4,Self-interest,3,-0.24241999018484217,-0.04504259453363697,1,0.5142658814601118,0.34036104726429617,0.14537307127559207
market_control::lt::66fcb4019a3324429051348c,66fcb4019a3324429051348c,market_control,lt,1,0,lt_market,1,8.0,0.3333333333333333,I chose to not change the price because I felt like it was the best strategy for trying to also think what another person might choose.,Self-interest,3,-0.3942620903063773,0.9796850780953821,3,0.4262084538619313,0.24531130854286148,0.3284802375952073
market_control::lt::67004dc9e9dbdffbafacd780,67004dc9e9dbdffbafacd780,market_control,lt,1,0,lt_market,2,10.0,0.1666666666666666,seemed fair as a business man,Moral,1,-0.10759915724631572,-0.1957836974420123,3,0.500866974854375,0.37713995756462937,0.12199306758099558
market_control::lt::6702f8d747bfe6ce07af583c,6702f8d747bfe6ce07af583c,market_control,lt,1,0,lt_market,2,12.0,0.0,because my decision affect only me and I'm trying to maximise my payout,Self-interest,3,0.2625674826681402,-0.17098184043680748,3,0.43034339915605024,0.46237575188907964,0.10728084895487006
market_control::lt::670420d4f05d7af4f85651e4,670420d4f05d7af4f85651e4,market_control,lt,1,0,lt_market,1,12.0,0.0,This is a risk I am willing to take. It might benefit me or have consequences.,Mutual Benefit / Cooperation,2,-0.08102363708334677,0.25263358682623477,3,0.4644736414610516,0.359566228111426,0.17596013042752243
market_control::lt::670a8f1dcaf4a756dfd468a8,670a8f1dcaf4a756dfd468a8,market_control,lt,1,0,lt_market,2,8.0,0.3333333333333333,Seems like a fair price. In this case I trust the computer's judgment.,Moral,1,0.2604088929240888,-0.080868427145936,1,0.42640757389984707,0.45738420142823466,0.1162082246719183
market_control::lt::6712af54b9c073fb6f726116,6712af54b9c073fb6f726116,market_control,lt,1,0,lt_market,1,7.5,0.375,I feel that my information is worth a little bit more than the stated price and value. But also do not want to price myself out of the equation and get nothing in the end because the broker no longer wants to pay for my information. But also feel like I can get a little more than the request of $8.,Self-interest,3,0.4163404946962477,-0.10281387486093779,2,0.39805129076336454,0.49586100601943106,0.10608770321720444
market_control::lt::671401aff92e00cd4d9d1770,671401aff92e00cd4d9d1770,market_control,lt,1,0,lt_market,1,6.0,0.5,because its fair and makes the data cheaper noticeably so that it reduces buyer hesitation,Mutual Benefit / Cooperation,2,-0.12950331614554095,0.38278590666382545,1,0.46083994788418975,0.3407776002898869,0.19838245182592334
market_control::lt::671663a07ad59e771a6e6f91,671663a07ad59e771a6e6f91,market_control,lt,1,0,lt_market,1,11.0,0.0833333333333333,want to try by increasing price,Mutual Benefit / Cooperation,2,0.076054463168014,0.3390212987054172,2,0.43230613269592677,0.38940370325279294,0.1782901640512804
market_control::lt::6717caf5317ad8e02d9b3b38,6717caf5317ad8e02d9b3b38,market_control,lt,1,0,lt_market,1,9.0,0.25,I chose this price because I do not want to overprice the survey.,Moral,1,0.013357098947918962,-0.12389745927001816,2,0.4745210321848824,0.40144371394324485,0.12403525387187275
market_control::lt::671a35e007e5342c31f94fa7,671a35e007e5342c31f94fa7,market_control,lt,1,0,lt_market,1,12.0,0.0,felt this was what i was meant to do,Moral,1,-0.18586686805578373,-0.09650106266169477,1,0.5082945724316597,0.35513767390099116,0.13656775366734916
market_control::lt::671cd561220adccd5a527099,671cd561220adccd5a527099,market_control,lt,1,0,lt_market,1,12.0,0.0,I'm very greedy but I don't really understand what's going on...,Self-interest,3,-0.14115278125616826,-0.05520683654580309,1,0.4976799243953466,0.3630601105559182,0.1392599650487352
market_control::lt::671d2da02389ecce30564698,671d2da02389ecce30564698,market_control,lt,1,0,lt_market,1,8.0,0.3333333333333333,I want to ensure that the other person gets a profit as well and I would hypothetically get a majority of the profit anyways at $8. It seems greedy to ask for an increase on that number.,Moral,1,-0.046215248498630936,0.6297723266947416,3,0.4253378666758919,0.34137682973293026,0.23328530359117777
market_control::lt::671f7ddb45fe037913819cc0,671f7ddb45fe037913819cc0,market_control,lt,1,0,lt_market,1,12.0,0.0,I wanted to maximise my income,Self-interest,3,-0.24241999018484217,-0.04504259453363697,1,0.5142658814601118,0.34036104726429617,0.14537307127559207
market_control::lt::671fff4fced93c3e5a17f230,671fff4fced93c3e5a17f230,market_control,lt,1,0,lt_market,1,9.0,0.25,I feel the item will increase because of the quantity demanded,Mutual Benefit / Cooperation,2,0.20023661797828846,0.5863422495708223,4,0.39329376984843245,0.3998798485043641,0.20682638164720352
market_control::lt::67246794a85893f571f01fcc,67246794a85893f571f01fcc,market_control,lt,1,0,lt_market,1,8.0,0.3333333333333333,"I left the price at $8 because it feels like a fair middle ground. I’m not lowering my own earnings, but I’m also not trying to squeeze the broker for every dollar, so both sides share the $12 in a reasonable way.",Moral,1,-0.10759915724631576,-0.19578369744201246,3,0.500866974854375,0.3771399575646294,0.12199306758099558
market_control::lt::6724ad43bd6f666e18f6c2ef,6724ad43bd6f666e18f6c2ef,market_control,lt,1,0,lt_market,2,10.0,0.1666666666666666,To slightly increase value without making it unaffordable for others.,Mutual Benefit / Cooperation,2,-0.4836946886838424,-0.2184511829604697,3,0.5673347960722825,0.2974304316552432,0.13523477227247432
market_control::lt::672bd7268edc30919dbb118c,672bd7268edc30919dbb118c,market_control,lt,1,0,lt_market,1,9.0,0.25,"I already felt it was a fair price, I didn't see too much of an issue with the price at all.",Moral,1,0.13259636996764854,0.284429724695161,2,0.427069100801436,0.40601099802714236,0.16691990117142158
market_control::lt::6734297f7accf2cb9ccdb5f5,6734297f7accf2cb9ccdb5f5,market_control,lt,1,0,lt_market,1,10.0,0.1666666666666666,I chose this price just out of intuition. I don't really have a solid answer as to why I did it because I had no reasoning. I blanked on whatever reasoning I could have had feeling like maybe I should just go with my gut on this.,No clear justification,0,0.2625674826681401,-0.17098184043680764,3,0.43034339915605024,0.46237575188907964,0.10728084895487006
market_control::lt::6738e3c0b433f261dc46a599,6738e3c0b433f261dc46a599,market_control,lt,1,0,lt_market,1,12.0,0.0,If I can get the max for my work then that is the ultimate goal in a capitalist economy. As long as my client needs the product and is satisfied with the end result and quality.,Self-interest,3,-0.08034450326116314,0.22525224571035157,3,0.46657136513362174,0.36136826196865124,0.17206037289772705
market_control::lt::673b8d1448db4a031a4a90b2,673b8d1448db4a031a4a90b2,market_control,lt,1,0,lt_market,2,12.0,0.0,"if i'm gonna sell my data without my consent, I'm going to take the most for it",Self-interest,3,-0.14115278125616826,-0.05520683654580309,1,0.4976799243953466,0.3630601105559182,0.1392599650487352
market_control::lt::673bdc54bee6e22ce93d7e9f,673bdc54bee6e22ce93d7e9f,market_control,lt,1,0,lt_market,1,10.0,0.1666666666666666,I chose a positive 2 price change because I believe that it's fair as it balances fairness with potential earnings.,Moral,1,-0.4836946886838424,-0.2184511829604697,3,0.5673347960722825,0.2974304316552432,0.13523477227247432
market_control::lt::673be3c4a9dcb6065372c8c4,673be3c4a9dcb6065372c8c4,market_control,lt,1,0,lt_market,2,10.0,0.1666666666666666,I think this is the best overall price increase due to inflation.,No clear justification,0,-0.1407053838268989,-0.08099356245251453,1,0.4993679926990161,0.36440738191823435,0.13622462538274951
market_control::lt::673c9a2da185663eca00bcf9,673c9a2da185663eca00bcf9,market_control,lt,1,0,lt_market,2,8.0,0.3333333333333333,I didn't quite understand this one compared to the first task. The instructions were a bit hard to grasp,No clear justification,0,0.3502384522091585,-0.17651577956845124,3,0.4138087361209157,0.48363370359318547,0.10255756028589888
market_control::lt::673dcf7a9fd01c70b38f3ae2,673dcf7a9fd01c70b38f3ae2,market_control,lt,1,0,lt_market,2,12.0,0.0,it would be even for the participants involved,Moral,1,-0.3903311438018378,-0.14390683507284507,2,0.5463668062096525,0.3134894012607265,0.14014379252962103
market_control::lt::673e133e4feef35da36c80b5,673e133e4feef35da36c80b5,market_control,lt,1,0,lt_market,1,10.0,0.1666666666666666,"I fully believe that when doing business with others, giving a price that I generally feel comfortable with even if the work is marginally more than described will still ensure a job well done and maintain professional relationship afterwards. While it is important to not overcharge as this could hinder future business relationships, it is also important not to undercharge so you don't feel like you are doing more than being paid for.",Moral,1,-0.4836946886838424,-0.2184511829604697,3,0.5673347960722825,0.2974304316552432,0.13523477227247432
market_control::lt::673e7e6f2cbf961c153d11e3,673e7e6f2cbf961c153d11e3,market_control,lt,1,0,lt_market,1,11.5,0.0416666666666666,THIS HELPS MAKE ALLOWANCE FOR ANY EVENTUALITY,Mutual Benefit / Cooperation,2,-0.24241999018484217,-0.04504259453363697,1,0.5142658814601118,0.34036104726429617,0.14537307127559207
market_control::lt::674390af4c502222ee320e0d,674390af4c502222ee320e0d,market_control,lt,1,0,lt_market,2,8.0,0.3333333333333333,Seems a fair price for the data,Moral,1,0.16254424495575653,0.19384794781995082,4,0.4281976694711286,0.4187268731337166,0.15307545739515482
market_control::lt::67479f0a737baf4c314da42d,67479f0a737baf4c314da42d,market_control,lt,1,0,lt_market,2,10.0,0.1666666666666666,"I increased the price as this service may be good value at this price. If needed, I could always reduce the price later on.",Mutual Benefit / Cooperation,2,-0.42956005308666706,0.594591169732303,3,0.47986782452688126,0.266117425711605,0.2540147497615138
market_control::lt::6748f8e31516667cc3eb71e8,6748f8e31516667cc3eb71e8,market_control,lt,1,0,lt_market,2,12.0,0.0,I chose to increase the price by 4 dollars because I want to make as much as I possibly can when I sell something.,Self-interest,3,-0.046215248498630936,0.6297723266947416,3,0.4253378666758919,0.34137682973293026,0.23328530359117777
market_control::lt::674cf1b47d6743e2ea091d98,674cf1b47d6743e2ea091d98,market_control,lt,1,0,lt_market,2,8.5,0.2916666666666666,I feel like time is precious and I should be able to charge what my time and effort are worth.,Self-interest,3,0.10780316037711343,-0.15234459016615892,2,0.4586607839133205,0.42480566993717295,0.11653354614950653
market_control::lt::674eb1f770104c02bab8b987,674eb1f770104c02bab8b987,market_control,lt,1,0,lt_market,2,12.0,0.0,I MAXED OUT THIS DOLLAR AMOUNT IN HOPING THAT MY BONUS MATCHES THE EXACT AMOUNT.,Mutual Benefit / Cooperation,2,0.03731886017141748,0.32265911287313087,2,0.43983182557390177,0.3816693115022103,0.17849886292388792
market_control::lt::675338645dd419204d4d8a8c,675338645dd419204d4d8a8c,market_control,lt,1,0,lt_market,1,10.5,0.125,I think it is best to increase the price somewhat to increase revenues,Mutual Benefit / Cooperation,2,-0.046215248498630936,0.6297723266947416,3,0.4253378666758919,0.34137682973293026,0.23328530359117777
market_control::lt::6756d8d07b3444c59eeff05c,6756d8d07b3444c59eeff05c,market_control,lt,1,0,lt_market,1,12.0,0.0,I think as a producer I am more valuable than the average market,Self-interest,3,0.005041864578826736,0.21845101160899635,3,0.4530977427623801,0.3809300050776441,0.16597225215997588
market_control::lt::67570b014645d710f1e76680,67570b014645d710f1e76680,market_control,lt,1,0,lt_market,2,5.5,0.5416666666666667,"I chose to lower the price by $2.50 because it feels like a fair compromise high enough to earn something, but not too high to make it hard for the broker.",Moral,1,-0.10759915724631572,-0.1957836974420123,3,0.500866974854375,0.37713995756462937,0.12199306758099558
market_control::lt::6757418a14886dd3e93c2a69,6757418a14886dd3e93c2a69,market_control,lt,1,0,lt_market,2,8.0,0.3333333333333333,I just didn't want to bother changing it.,No clear justification,0,-0.08034450326116316,0.22525224571035163,3,0.46657136513362174,0.36136826196865124,0.17206037289772705
market_control::lt::675b5e7290000cc3ac23d411,675b5e7290000cc3ac23d411,market_control,lt,1,0,lt_market,2,8.0,0.3333333333333333,The broker gets an appropriate cut for their efforts,Moral,1,-0.10655180820280014,-0.1743332656597573,3,0.49935778845404133,0.37641405482537527,0.12422815672058343
market_control::lt::676054fd8c08c71e4bb7c969,676054fd8c08c71e4bb7c969,market_control,lt,1,0,lt_market,1,12.0,0.0,To get a bigger bonus amount.,Self-interest,3,-0.3019827353755043,-0.17288326736705745,2,0.5336477657497863,0.33334434279431324,0.13300789145590042
market_control::lt::676062bd3b691e331d55b3ce,676062bd3b691e331d55b3ce,market_control,lt,1,0,lt_market,1,8.0,0.3333333333333333,"I think this is a fair price as I am providing the data so I receive more, but the broker still gets a fair share. Also it was recommended by the computer.",Moral,1,0.2625674826681402,-0.17098184043680748,3,0.43034339915605024,0.46237575188907964,0.10728084895487006
market_control::lt::676083fbda0965892553cd66,676083fbda0965892553cd66,market_control,lt,1,0,lt_market,2,10.0,0.1666666666666666,More profit for me to take home,Self-interest,3,-0.21182321370100246,-0.2430259849579455,4,0.5225738223093924,0.3559117922198606,0.12151438547074699
market_control::lt::67629986c6e5e88e4bc23efb,67629986c6e5e88e4bc23efb,market_control,lt,1,0,lt_market,2,0.0,1.0,"I chose this, as it would be the best outcome for myself",Self-interest,3,0.2625674826681401,-0.17098184043680764,3,0.43034339915605024,0.46237575188907964,0.10728084895487006
market_control::lt::6765db00a847d25603e7ac52,6765db00a847d25603e7ac52,market_control,lt,1,0,lt_market,1,10.5,0.125,Because I wanted to maximise my personal earnings while still allowing the broker to receive a small profit.,Self-interest,3,0.2604088929240888,-0.080868427145936,1,0.42640757389984707,0.45738420142823466,0.1162082246719183
market_control::lt::6765ef2feed02bfb60182ecb,6765ef2feed02bfb60182ecb,market_control,lt,1,0,lt_market,1,8.0,0.3333333333333333,"My choice is based on fairness, i am the producer and I believe i do more of the work of producing data. The broker should also make a decent profit.",Moral,1,0.005041864578826745,0.2184510116089965,3,0.4530977427623801,0.3809300050776441,0.16597225215997588
market_control::lt::676b24007b0a13eef244f7bf,676b24007b0a13eef244f7bf,market_control,lt,1,0,lt_market,2,2.0,0.8333333333333334,I based it on the former decision and got a little greedy,Self-interest,3,0.05683427831139158,-0.08754987291404442,2,0.4644432898183499,0.40973518842229545,0.12582152175935457
market_control::lt::676c67883fa1ba4ea4eb05a7,676c67883fa1ba4ea4eb05a7,market_control,lt,1,0,lt_market,2,8.0,0.3333333333333333,i feel like 8 dollars was a fair price and i feel like its only fair the participant i was matched with gets some profit out of it,Moral,1,-0.14115278125616826,-0.05520683654580309,1,0.4976799243953466,0.3630601105559182,0.1392599650487352
market_control::lt::676d7c79e229d27ac9d21de3,676d7c79e229d27ac9d21de3,market_control,lt,1,0,lt_market,1,7.0,0.4166666666666666,More likely to have my offer accepted but still a good price,Mutual Benefit / Cooperation,2,0.05683427831139158,-0.08754987291404442,2,0.4644432898183499,0.40973518842229545,0.12582152175935457
market_control::lt::6773d379776c921aa20c5d65,6773d379776c921aa20c5d65,market_control,lt,1,0,lt_market,2,6.0,0.5,Again think its the fairest thing to do,Moral,1,0.2625674826681402,-0.17098184043680748,3,0.43034339915605024,0.46237575188907964,0.10728084895487006
market_control::lt::67769b7fcdc7d114bad028ff,67769b7fcdc7d114bad028ff,market_control,lt,1,0,lt_market,1,12.0,0.0,I increased the price because I think that would be the best way to get a bonus for me and the partner,Mutual Benefit / Cooperation,2,-0.18586686805578373,-0.09650106266169477,1,0.5082945724316597,0.35513767390099116,0.13656775366734916
market_control::lt::67785cef31ee995e28d95c29,67785cef31ee995e28d95c29,market_control,lt,1,0,lt_market,1,6.0,0.5,"it's more fair/equitable to lose $2 because then we both leave with $6. It wouldn't be right for me to have more, same way it wouldn't be fair if they had more.",Moral,1,-0.10655180820280016,-0.17433326565975732,3,0.49935778845404133,0.37641405482537527,0.12422815672058345
market_control::lt::6779ae6f3a8122e8a6d76bb6,6779ae6f3a8122e8a6d76bb6,market_control,lt,1,0,lt_market,2,6.0,0.5,I wanted to be fair in this game with the other particpants,Moral,1,-0.2118232137010024,-0.2430259849579455,4,0.5225738223093924,0.3559117922198606,0.12151438547074699
market_control::lt::677c06b353b58ae2ed40048a,677c06b353b58ae2ed40048a,market_control,lt,1,0,lt_market,2,12.0,0.0,i want to make the most money,Self-interest,3,0.6751246424532439,-0.12033338206202564,3,0.34979143869932894,0.5586954626091105,0.0915130986915605
market_control::lt::677c07fc44a7727a1886ec83,677c07fc44a7727a1886ec83,market_control,lt,1,0,lt_market,2,10.0,0.1666666666666666,seemed like a reasonable price,No clear justification,0,0.6322967281518345,-0.14495761439176233,3,0.3586812075600192,0.54972327990078,0.09159551253920085
market_control::lt::677c0ace1bbf48bb7c96aeaa,677c0ace1bbf48bb7c96aeaa,market_control,lt,1,0,lt_market,2,10.0,0.1666666666666666,"I think if I am selling my data to the broker for $8 and they are selling it on for $12, this is an unfair amount of profit on their part given the low amount of work involved on their part. As the person who created the data, I feel that I deserve more of the profits.",Moral,1,0.16254424495575653,0.19384794781995082,4,0.4281976694711286,0.4187268731337166,0.15307545739515482
market_control::lt::677fea44f0780e29406c0f6a,677fea44f0780e29406c0f6a,market_control,lt,1,0,lt_market,1,9.0,0.25,I changed the price by a $1 increase because I'm not sure what the data being sold for $8 is. I figured a $1 increase for data seemed reasonable.,Self-interest,3,0.05683427831139158,-0.08754987291404442,2,0.4644432898183499,0.40973518842229545,0.12582152175935457
market_control::lt::6784707867e6488ef06f833d,6784707867e6488ef06f833d,market_control,lt,1,0,lt_market,2,12.0,0.0,I think it is evenly distributed in this way and that it is fair.,Moral,1,0.05672922341367268,-0.11066860470094907,2,0.4658049394030017,0.41085257081427373,0.12334248978272462
market_control::lt::6785b4a9980c857d24078db8,6785b4a9980c857d24078db8,market_control,lt,1,0,lt_market,1,5.0,0.5833333333333333,I don't know because I don't have much context.,No clear justification,0,-0.30123910198807946,-0.14938057892437945,2,0.5318470597167116,0.33248669940030967,0.1356662408829787
market_control::lt::6785cd439bb160903ffcd312,6785cd439bb160903ffcd312,market_control,lt,1,0,lt_market,2,8.0,0.3333333333333333,I chose this because I didn't want to change it as I didn't know how the other person would feel and I want to be on good terms with them,Moral,1,-0.10759915724631576,-0.19578369744201246,3,0.500866974854375,0.3771399575646294,0.12199306758099558
market_control::lt::6785ddfbacf7592ed658583b,6785ddfbacf7592ed658583b,market_control,lt,1,0,lt_market,2,10.0,0.1666666666666666,Because i will get more money then i would if i put a negative amount,Self-interest,3,0.10780316037711343,-0.15234459016615892,2,0.4586607839133205,0.42480566993717295,0.11653354614950653
market_control::lt::6787803e99b64e61819668d3,6787803e99b64e61819668d3,market_control,lt,1,0,lt_market,2,10.0,0.1666666666666666,To increase the value of the work done but not remove the whole value from the broker,Mutual Benefit / Cooperation,2,0.30931173943857937,-0.04788387181476837,1,0.4156469829398019,0.46734288377063804,0.11701013328956009
market_control::lt::67895c8702d2c30bde3af96c,67895c8702d2c30bde3af96c,market_control,lt,1,0,lt_market,2,10.0,0.1666666666666666,I think my data is solid and useful data and we should charge more.,Self-interest,3,-0.3903311438018378,-0.14390683507284507,2,0.5463668062096525,0.3134894012607265,0.14014379252962103
market_control::lt::679092c04be0476c6a4ddccc,679092c04be0476c6a4ddccc,market_control,lt,1,0,lt_market,1,8.0,0.3333333333333333,It would be less controversial if I did not change the price for the sake of consistency and reliability.,Moral,1,-0.2536320830627758,0.6761900018479107,2,0.44820103530802025,0.2947137212388678,0.257085243453112
market_control::lt::67a55d7631e4970a61f5904d,67a55d7631e4970a61f5904d,market_control,lt,1,0,lt_market,2,12.0,0.0,Because I would receive $12 which is the price the date will be sold for.,Self-interest,3,-0.04546422016057586,0.2695615189471854,3,0.4573872148741287,0.3664300293709853,0.176182755754886
market_control::lt::67a8b66b9ff1fd33ed801572,67a8b66b9ff1fd33ed801572,market_control,lt,1,0,lt_market,1,5.0,0.5833333333333333,I really genuinely don't understand this task,No clear justification,0,-0.14115278125616826,-0.05520683654580309,1,0.4976799243953466,0.3630601105559182,0.1392599650487352
market_control::lt::67accd6f6cc4c127268bb6ad,67accd6f6cc4c127268bb6ad,market_control,lt,1,0,lt_market,2,5.5,0.5416666666666667,i feel bad for the other person but charity begins at home,Self-interest,3,-0.5657990988189505,-0.26582570081057627,4,0.5841850772178427,0.2828995618194684,0.13291536096268894
market_control::lt::67bcba4cce51e01aa4648b3b,67bcba4cce51e01aa4648b3b,market_control,lt,1,0,lt_market,1,10.0,0.1666666666666666,"It seems a sensible price, as it's neither high or low.",No clear justification,0,-0.23117859315737332,0.43158189773254346,1,0.4711949593078301,0.3160524469855106,0.21275259370665936
market_control::lt::67bfbba25ab51d63a9605752,67bfbba25ab51d63a9605752,market_control,lt,1,0,lt_market,2,12.0,0.0,I think I should be paid the optimal price for my work,Self-interest,3,-0.020980464798904114,-0.20042093966572652,3,0.4852760143412907,0.3970985641165792,0.11762542154213013
market_control::lt::67c4e22039c82d3cc0c9629f,67c4e22039c82d3cc0c9629f,market_control,lt,1,0,lt_market,1,11.5,0.0416666666666666,Because I believe that’s the fairest option,Moral,1,-0.14115278125616826,-0.05520683654580309,1,0.4976799243953466,0.3630601105559182,0.1392599650487352
market_control::lt::67ca05b811f9ce2ffe685f2f,67ca05b811f9ce2ffe685f2f,market_control,lt,1,0,lt_market,2,0.0,1.0,I gave away all the advice,Moral,1,-0.30123910198807946,-0.14938057892437945,2,0.5318470597167116,0.33248669940030967,0.1356662408829787
market_control::lt::67ca0d493f0094aaecca945e,67ca0d493f0094aaecca945e,market_control,lt,1,0,lt_market,1,9.0,0.25,I suspect the data is correct. (I'm really not sure what you are asking all these questions about. I'm doing the best I can but I fail to truly understand what you are asking. Perhaps clarify the requirements so people can understand what you are requesting.),No clear justification,0,-0.4280859471207682,0.24617811469123974,3,0.5179774517906659,0.28706536560303353,0.19495718260630068
market_control::lt::67d4ab2b6bcf2affcb4d66ec,67d4ab2b6bcf2affcb4d66ec,market_control,lt,1,0,lt_market,2,6.0,0.5,I would want to share equally with the other participant. I feel like this is the fairest solution. This money would be a bonus for both of us and I am the type who shares equally.,Moral,1,-0.2118232137010024,-0.2430259849579455,4,0.5225738223093924,0.3559117922198606,0.12151438547074699
market_control::lt::67d9a0498d900defba2a9dcc,67d9a0498d900defba2a9dcc,market_control,lt,1,0,lt_market,2,8.0,0.3333333333333333,"I chose to keep the price at $0 because the starting price of $8 seemed fair and reasonable to me. I felt there was no need to increase or decrease it, as it reflected the value of the data appropriately.",Moral,1,-0.10759915724631576,-0.19578369744201246,3,0.500866974854375,0.3771399575646294,0.12199306758099558
market_control::lt::67da8fce2d60b47024c47722,67da8fce2d60b47024c47722,market_control,lt,1,0,lt_market,2,8.0,0.3333333333333333,it feels like a fair middle ground,Moral,1,-0.08034450326116314,0.22525224571035157,3,0.46657136513362174,0.36136826196865124,0.17206037289772705
market_control::lt::67db7cc34107d18ba812849c,67db7cc34107d18ba812849c,market_control,lt,1,0,lt_market,2,12.0,0.0,i am the data provider so i should be paid by the middle man,Self-interest,3,0.10780316037711345,-0.15234459016615892,2,0.4586607839133205,0.42480566993717295,0.11653354614950653
market_control::lt::67df171707f571cd70116c94,67df171707f571cd70116c94,market_control,lt,1,0,lt_market,1,10.0,0.1666666666666666,A gain of $2 seems fair enough.,Moral,1,0.05683427831139158,-0.08754987291404442,2,0.4644432898183499,0.40973518842229545,0.12582152175935457
market_control::lt::67e051d5736da524dbe7a0c1,67e051d5736da524dbe7a0c1,market_control,lt,1,0,lt_market,2,10.0,0.1666666666666666,I wanted to gain more point,Self-interest,3,0.30931173943857937,-0.04788387181476837,1,0.4156469829398019,0.46734288377063804,0.11701013328956009
market_control::lt::67e70a61f963fecfc78db7ab,67e70a61f963fecfc78db7ab,market_control,lt,1,0,lt_market,1,8.0,0.3333333333333333,There might be something missing we don't know but the computer does. So let's do it this way and see.,No clear justification,0,-0.08034450326116314,0.22525224571035157,3,0.46657136513362174,0.36136826196865124,0.17206037289772705
market_control::lt::67e7fdcbbe5802df7311a05c,67e7fdcbbe5802df7311a05c,market_control,lt,1,0,lt_market,2,12.0,0.0,If i understood this correctly the other participant would receive $12 regardless. So in a hypothetical situation where my chosen price does not affect sales then I chose what i believed was the fair equivalent - ie matching the other participant.,Moral,1,0.20271910893113304,-0.03572521979616134,1,0.43476479819840197,0.44132129716157764,0.12391390464002038
market_control::lt::67e97d506e0dfa7ff0b407c5,67e97d506e0dfa7ff0b407c5,market_control,lt,1,0,lt_market,1,12.0,0.0,it directly maximizes my potential bonus,Self-interest,3,-0.046215248498630936,0.6297723266947416,3,0.4253378666758919,0.34137682973293026,0.23328530359117777
market_control::lt::67eb6e6dc32d33ebc7a6ff02,67eb6e6dc32d33ebc7a6ff02,market_control,lt,1,0,lt_market,2,8.5,0.2916666666666666,It feels like a reasonable amount,No clear justification,0,0.13259208378169987,-0.2178274544650158,4,0.45738174397889575,0.43370366772409075,0.10891458829701349
market_control::lt::67edb75b0744561f1cf6ff9d,67edb75b0744561f1cf6ff9d,market_control,lt,1,0,lt_market,1,6.0,0.5,"I chose this price because I felt the starting price of $8 was fair for the data I am providing. I wanted to keep the price reasonable to increase the likelihood that the broker would accept it, while still maximizing my potential bonus if selected.",Mutual Benefit / Cooperation,2,-0.046215248498630936,0.6297723266947416,3,0.4253378666758919,0.34137682973293026,0.23328530359117777
market_control::lt::67effc951ce344a94949e0e7,67effc951ce344a94949e0e7,market_control,lt,1,0,lt_market,1,12.0,0.0,"I just needed to get more of the money, so as to suit my wants",Self-interest,3,-0.18586686805578373,-0.09650106266169477,1,0.5082945724316597,0.35513767390099116,0.13656775366734916
market_control::lt::67f047191b866fcef1c7e1c0,67f047191b866fcef1c7e1c0,market_control,lt,1,0,lt_market,1,10.0,0.1666666666666666,The rate at which I can earn a higher bonus was vital and it also provides a flexible terms for the broker as well.,Mutual Benefit / Cooperation,2,-0.08034450326116314,0.22525224571035157,3,0.46657136513362174,0.36136826196865124,0.17206037289772705
market_control::lt::67f09ad02524e8b1d810e0a4,67f09ad02524e8b1d810e0a4,market_control,lt,1,0,lt_market,2,12.0,0.0,I chose the maximum price available because data is valuable,Self-interest,3,-0.14115278125616826,-0.05520683654580309,1,0.4976799243953466,0.3630601105559182,0.1392599650487352
market_control::lt::681c888ef89160c6b131dce8,681c888ef89160c6b131dce8,market_control,lt,1,0,lt_market,2,11.5,0.0416666666666666,"Again, it is just right to share the money",Moral,1,-0.44727859306570944,-0.17806464928592,3,0.5583165383396334,0.3032026522168005,0.13848080944356614
market_control::lt::681caa009bf4caacf0b36784,681caa009bf4caacf0b36784,market_control,lt,1,0,lt_market,1,12.0,0.0,I went for the higher increase hoping to have a better outcome in the sale.,Mutual Benefit / Cooperation,2,-0.1407053838268989,-0.08099356245251453,1,0.4993679926990161,0.36440738191823435,0.13622462538274951
market_control::lt::682ac1b6669fa157b2399b41,682ac1b6669fa157b2399b41,market_control,lt,1,0,lt_market,2,6.0,0.5,again to balance both sides,Moral,1,-0.40233666069201396,-0.221939782510233,3,0.55415909970848,0.31421786772975235,0.13162303256176772
market_control::lt::682fddb84f4282d76a7662da,682fddb84f4282d76a7662da,market_control,lt,1,0,lt_market,2,5.0,0.5833333333333333,I just needed the price to be decreased.,Self-interest,3,-0.08034450326116314,0.22525224571035157,3,0.46657136513362174,0.36136826196865124,0.17206037289772705
market_control::lt::683667d92d0bfb2cf3f5c7a6,683667d92d0bfb2cf3f5c7a6,market_control,lt,1,0,lt_market,1,12.0,0.0,"It leads to the maximum price, which is absolute ($12). My interest was to gain maximum bonus payment by asserting the entire amount of the data. Such a decision represents a tactical interest in complete self-benefit. It is the route most likely to reach the utmost payment.",Self-interest,3,0.5043319227339651,0.2288493554944698,4,0.36659356087258593,0.4978312458438847,0.13557519328352938
market_control::lt::68379f3fafa634a21d761586,68379f3fafa634a21d761586,market_control,lt,1,0,lt_market,2,10.0,0.1666666666666666,"I chose to increase the price a bit because I think my data has value and I should be compensated fairly for it. At the same time, I didn’t go all the way to the maximum, so the broker still keeps a share and has an incentive in the deal. It feels like a reasonable balance between valuing my own contribution and leaving room for the other person to benefit too.",Moral,1,0.20023661797828846,0.5863422495708223,4,0.39329376984843245,0.3998798485043641,0.20682638164720352
market_control::lt::6845fad63da7756677508375,6845fad63da7756677508375,market_control,lt,1,0,lt_market,2,8.0,0.3333333333333333,To be fair to the broker and allow him get what he worked for.,Moral,1,0.26341269350326163,-0.15135861358946417,3,0.4292628250164426,0.46162853039604346,0.10910864458751393
market_control::lt::6888f9158ab561d6bbcf7466,6888f9158ab561d6bbcf7466,market_control,lt,1,0,lt_market,2,12.0,0.0,I would like more money.,Self-interest,3,0.07351739077625542,0.36943815243022743,2,0.43035130615759115,0.38677815275269833,0.18287054108971054
market_control::lt::68a700bfe080729e6185e49b,68a700bfe080729e6185e49b,market_control,lt,1,0,lt_market,2,6.0,0.5,"The study positioned this as a trade and i feel that i need to honour that as fair. a shared amount feels right, even though by using my previous metric in the first part i should have given my fellow participant the whole amount, perhaps i am bound by my feelings. Interesting...",Moral,1,0.2625674826681402,-0.17098184043680748,3,0.43034339915605024,0.46237575188907964,0.10728084895487006
market_control::lt::68a76de48d7cea49ee79f6ba,68a76de48d7cea49ee79f6ba,market_control,lt,1,0,lt_market,1,5.0,0.5833333333333333,"5 is a nice, easy number that feels balanced. Not too expensive, and not too cheap. Also easy to compute.",Moral,1,-0.3019827353755043,-0.17288326736705745,2,0.5336477657497863,0.33334434279431324,0.13300789145590042
market_control::lt::691b86c3d915b1e27714d6cb,691b86c3d915b1e27714d6cb,market_control,lt,1,0,lt_market,1,6.0,0.5,"I did not want to change the price much, but it seemed fair to set it at $6. That way, both I and the other participant receive the same amount from the bonus",Moral,1,-0.046215248498630936,0.6297723266947416,3,0.4253378666758919,0.34137682973293026,0.23328530359117777
market_control::lt::691cd39723d5bbe2bd236a37,691cd39723d5bbe2bd236a37,market_control,lt,1,0,lt_market,2,10.5,0.125,"I think my valuation is accurate and beneficial for both parties, I would assert that this investment is something that was too hot to pass",Mutual Benefit / Cooperation,2,-0.15040884737107982,0.5468138847441859,4,0.44820507613639377,0.3252039295983582,0.22659099426524798
market_control::lt::69274004f8ad1f04a2725dd5,69274004f8ad1f04a2725dd5,market_control,lt,1,0,lt_market,2,10.0,0.1666666666666666,I chose this price because I do not believe the computer fairly came up with a number and to extract the most value I can from the participants research,Self-interest,3,-0.42956005308666706,0.5945911697323027,3,0.47986782452688126,0.266117425711605,0.2540147497615137
market_control::lt::692db6ccc16d2f8842a43fa4,692db6ccc16d2f8842a43fa4,market_control,lt,1,0,lt_market,2,8.0,0.3333333333333333,I'm happy with the amount I was initially offered.,Self-interest,3,-0.18444609119845182,0.16154094341250586,4,0.4885476608922993,0.34222285843443095,0.1692294806732698
market_control::lt::6931e1f1d5d91c96a53195e9,6931e1f1d5d91c96a53195e9,market_control,lt,1,0,lt_market,2,10.0,0.1666666666666666,I felt I did a good job and wanted to receive a little extra on the work.,Self-interest,3,0.05672922341367268,-0.11066860470094907,2,0.4658049394030017,0.41085257081427373,0.12334248978272462
